t,y,u,ref,a1_est,a2_est,b1_est,b2_est,Kp,Ki,Kd
0.0,0.1,29.002,0.0,0.0,0.0,0.0,0.0,40.0,1.0,5.0
0.02,0.09186955440269161,1.6460081678686191,0.0,-0.0011330230357571556,-0.0013807058845433408,-0.01651945822374353,0.024737827217718833,40.0,1.0,5.0
0.04,0.07538920677333245,-1.0991734611829695,0.0,-0.0017736820933584693,-0.0021966110560046755,-0.034633716266994255,0.012567086427288154,40.0,1.0,5.0
0.06,0.059223939109140686,-1.6658296976766107,0.0,-0.01720902961825036,-0.020082889089079823,-0.02986032274357954,0.014706942559462727,40.0,1.0,5.0
0.08,0.04423968200004739,-1.9690625496257246,0.0,-0.04816670600556261,-0.05597410181067004,-0.024729436997085342,0.015480496084404004,40.0,1.0,5.0
0.1,0.03059744059978259,-2.1786363296171953,0.0,-0.08539440789778877,-0.09914019626574036,-0.019952525229457164,0.01525597403927841,40.0,1.0,5.0
0.12,0.018362077701762902,-2.3159639784226704,0.0,-0.1215983294374641,-0.14112177400284007,-0.015931405352428256,0.01451505006346456,40.0,1.0,5.0
0.14,0.0075584815702782445,-2.390014962416894,0.0,-0.15353556728982337,-0.17815716504821155,-0.01271305685140172,0.013585485701298973,40.0,1.0,5.0
0.16,-0.0018193815658749488,-2.408732626661473,0.0,-0.18051257652342262,-0.20944138824992933,-0.010185829033971545,0.012639480080473987,40.0,1.0,5.0
0.18,-0.009803497767200398,-2.379856610962899,0.0,-0.2029275220453639,-0.2354357461359083,-0.008205432205127849,0.011752805545829302,40.0,1.0,5.0
0.2,-0.016447340242987215,-2.310870825414573,0.0,-0.22149629927372622,-0.2569701833537017,-0.0066437080263746,0.010951696252270918,40.0,1.0,5.0
0.22,-0.021821676254426253,-2.208904083310278,0.0,-0.23693412368059039,-0.2748739661901806,-0.0053997844215453675,0.010239608347137169,40.0,1.0,5.0
0.24,-0.026010675823226848,-2.0806501689191563,0.0,-0.24985307709332036,-0.2898568244564317,-0.0043979124959204466,0.009610642058609998,40.0,1.0,5.0
0.26,-0.029108354943834264,-1.9323093887940348,0.0,-0.2607460761749156,-0.30249033287662397,-0.003582138136002796,0.009055815883196731,40.0,1.0,5.0
0.28,-0.03121537120394552,-1.7695486314985236,0.0,-0.2700000816823463,-0.3132232136256541,-0.002911215324962072,0.008565825747122929,40.0,1.0,5.0
0.3,-0.03243617729901474,-1.5974770575867645,0.0,-0.27791602479786387,-0.3224044351722243,-0.0023545879897570766,0.008132150700539667,40.0,1.0,5.0
0.32,-0.03287652893125468,-1.4206350377476664,0.0,-0.2847275819022596,-0.3303049795115932,-0.001889427706588761,0.007747407203635386,40.0,1.0,5.0
0.34,-0.032641337270640586,-1.2429943748550074,0.0,-0.29061666304352596,-0.3371358005152737,-0.0014985075006543724,0.00740537718390483,40.0,1.0,5.0
0.36,-0.031832851779688934,-1.0679681546681454,0.0,-0.2957255340902575,-0.34306187966470963,-0.0011686872111284438,0.0071009061609175125,40.0,1.0,5.0
0.38,-0.03054915614406519,-0.8984287761980545,0.0,-0.3001661095446325,-0.34821300134711053,-0.0008898317536809707,0.006829759559905269,40.0,1.0,5.0
0.4,-0.02888295785655669,-0.7367328408836562,0.0,-0.3040270437454323,-0.3526919753707977,-0.0006540319899693882,0.006588474729869289,40.0,1.0,5.0
0.42,-0.026920650379701688,-0.5847516574804243,0.0,-0.3073791694819211,-0.3565809432135681,-0.0004550366320240227,0.0063742228588601355,40.0,1.0,5.0
0.44,-0.0247416255973576,-0.4439061723263371,0.0,-0.3102797174289155,-0.359946270526663,-0.0002878318586550096,0.006184684575419866,40.0,1.0,5.0
0.46,-0.022417813384149478,-0.3152051823496862,0.0,-0.3127756416607842,-0.3628424030454004,-0.00014832520065880182,0.006017938750411873,40.0,1.0,5.0
0.48,-0.02001342455671317,-0.19928574418632206,0.0,-0.3149062868673447,-0.36531495914478573,-3.3104093881227784e-05,0.005872362662301826,40.0,1.0,5.0
0.5,-0.017584873231265098,-0.09645476413008314,0.0,-0.31670556137496103,-0.36740324936444974,6.07508322620855e-05,0.0057465417502541956,40.0,1.0,5.0
0.52,-0.015180854712504152,-0.006730842145676874,0.0,-0.3182037233282229,-0.36914234743778745,0.00013581084888635071,0.005639187932003539,40.0,1.0,5.0
0.54,-0.012842555484468658,0.07011445318469023,0.0,-0.3194288423465034,-0.37056478514115,0.00019441089728684777,0.005549066535287632,40.0,1.0,5.0
0.56,-0.010603972654330435,0.13451658746281497,0.0,-0.32040796394674864,-0.37170190267041736,0.00023873296789117407,0.005474933040498162,40.0,1.0,5.0
0.58,-0.008492321287801658,0.18707992979584848,0.0,-0.3211679788748703,-0.37258485708448585,0.0002708638448766554,0.005415481840275749,40.0,1.0,5.0
0.6,-0.006528509427819892,0.22854195736980987,0.0,-0.32173618523751657,-0.37324527481365083,0.00029282883763986445,0.005369309859131957,40.0,1.0,5.0
0.62,-0.0047276621541672914,0.25974014849053945,0.0,-0.3221405293581702,-0.37371553192000057,0.0003066029407267824,0.0053348979158964905,40.0,1.0,5.0
0.64,-0.0030996777631589786,0.28158180991453663,0.0,-0.32240952221592933,-0.3740286584369392,0.00031410151907631145,0.005310611984900715,40.0,1.0,5.0
0.66,-0.0016498009654949883,0.2950169874657058,0.0,-0.32257185084700574,-0.3742178891864265,0.00031715388213270757,0.005294724983002786,40.0,1.0,5.0
0.68,-0.0003791998621343268,0.3010145240270573,0.0,-0.3226557341815348,-0.37431591832667954,0.0003174646355070299,0.0052854575416780925,40.0,1.0,5.0
0.7000000000000001,0.0007144646860331267,0.3005412564491742,0.0,-0.322688103852935,-0.37435395087809753,0.00031656903372565464,0.005281033792295156,40.0,1.0,5.0
0.72,0.0016364868699548338,0.2945442824820049,0.0,-0.3226937146321155,-0.374360672433774,0.0003157892540765516,0.005279746024424725,40.0,1.0,5.0
0.74,0.002394588771760186,0.28393617980056557,0.0,-0.3226942992293425,-0.37436126998312674,0.0003161982523721212,0.005280020710080476,40.0,1.0,5.0
0.76,0.002998424453613217,0.2695830205756786,0.0,-0.32270787436552967,-0.37437662772980823,0.0003185965720159948,0.005280478201804802,40.0,1.0,5.0
0.78,0.0034591200164577995,0.2522949957376791,0.0,-0.3227482799761372,-0.37442279281033025,0.00032350536569746886,0.005279979498031563,40.0,1.0,5.0
0.8,0.0037888529816148637,0.23281944198171434,0.0,-0.32282499644607204,-0.3745107630174123,0.0003311763853954104,0.005277655584613939,40.0,1.0,5.0
0.8200000000000001,0.004000473121114333,0.21183605060971666,0.0,-0.32294324398373275,-0.3746466013826568,0.0003416173183243571,0.005272917516793454,40.0,1.0,5.0
0.84,0.004107165777916644,0.18995402952307774,0.0,-0.32310433196431587,-0.3748318404359499,0.0003546290379246826,0.0052654480234871435,40.0,1.0,5.0
0.86,0.00412215777348799,0.16771098719366034,0.0,-0.32330620048237285,-0.3750641092920118,0.0003698503527835857,0.0052551775043908075,40.0,1.0,5.0
0.88,0.004058465193680529,0.1455733094605335,0.0,-0.32354408413156577,-0.37533790252819105,0.0003868056961323479,0.005242248565111726,40.0,1.0,5.0
0.9,0.003928681668748316,0.12393780581543212,0.0,-0.32381122837405696,-0.3756454101888375,0.0004049517394384127,0.005226973649922553,40.0,1.0,5.0
0.92,0.0037448052123795045,0.10313441080577757,0.0,-0.3240995985345611,-0.375977339432882,0.0004237198692360945,0.005209790031609988,40.0,1.0,5.0
0.9400000000000001,0.003518101249569133,0.08342973770796416,0.0,-0.3244005362303563,-0.3763236754408773,0.00044255256089545023,0.005191215653265399,40.0,1.0,5.0
0.96,0.0032589991349665976,0.065031295158521,0.0,-0.32470533399288165,-0.3766743476567642,0.00046093269773734555,0.005171808352474573,40.0,1.0,5.0
0.98,0.0029770192324725243,0.048092192470523085,0.0,-0.3250057130781985,-0.37701978393151064,0.00047840568669549804,0.005152130050285995,40.0,1.0,5.0
1.0,0.002680727483495748,0.03271617544044622,0.0,-0.32529420043596335,-0.37735134784437996,0.0004945947651314815,0.00513271669404338,40.0,1.0,5.0
1.02,0.002377714325456781,0.0189628511398489,0.0,-0.32556440809498755,-0.3776616629213523,0.0005092101936454746,0.005114054165393371,40.0,1.0,5.0
1.04,0.002074594823926595,0.006852977102315319,0.0,-0.32581122222101533,-0.3779448321038014,0.0005220531400321358,0.005096560002381839,40.0,1.0,5.0
1.06,0.0017770269414949034,-0.003626292881498794,0.0,-0.32603091063744366,-0.37819656260340684,0.0005330150465218108,0.005080570599096495,40.0,1.0,5.0
1.08,0.0014897449746690396,-0.012516297753583074,0.0,-0.32622115762923487,-0.3784142063202311,0.0005420731993346068,0.005066333481918855,40.0,1.0,5.0
1.1,0.0012166053378502499,-0.01988196861780913,0.0,-0.3263810342496212,-0.3785967253144187,0.0005492831364944175,0.005054004260562056,40.0,1.0,5.0
1.12,0.0009606420522938436,-0.025807199383423664,0.0,-0.32651091179159253,-0.3787445911882596,0.0005547684697641717,0.005043647865735489,40.0,1.0,5.0
1.1400000000000001,0.0007241295001262288,-0.030390535532927827,0.0,-0.32661232598970863,-0.37885962713866167,0.0005587086748984015,0.005035243678832757,40.0,1.0,5.0
1.16,0.0005086502218361441,-0.03374121519071199,0.0,-0.3266878000394213,-0.3789448020614883,0.0005613254210029286,0.005028694114433213,40.0,1.0,5.0
1.18,0.00031516576376801743,-0.035975585142672184,0.0,-0.32674063558375455,-0.3790039873381169,0.0005628680523068091,0.005023836131962869,40.0,1.0,5.0
1.2,0.00014408881434973357,-0.037213904180655843,0.0,-0.326774682162755,-0.3790416885100693,0.0005635988839904095,0.005020455040966648,40.0,1.0,5.0
1.22,-4.644900845722445e-06,-0.03757753713078403,0.0,-0.32679409688375166,-0.3790627655237366,0.0005637790050496993,0.005018299847453473,40.0,1.0,5.0
1.24,-0.0001315062687757615,-0.03718653515700687,0.0,-0.32680310686250685,-0.37907215615304435,0.000563655275069329,0.005017099293549126,40.0,1.0,5.0
1.26,-0.00023730506911655543,-0.036157591374709676,0.0,-0.32680578698364676,-0.3790746172076216,0.0005634491446195538,0.00501657769453531,40.0,1.0,5.0
1.28,-0.0003231257643061921,-0.034602355409791945,0.0,-0.3268058645456998,-0.37907449698983486,0.000563347816971664,0.005016469694435095,40.0,1.0,5.0
1.3,-0.000390267485914987,-0.03262608622865161,0.0,-0.32680656038055766,-0.3790755501636919,0.0005634981087611937,0.005016533150694603,40.0,1.0,5.0
1.32,-0.0004401887261376771,-0.03032661926555577,0.0,-0.3268104732363956,-0.3790808029374372,0.000564003175089398,0.0050165595147268335,40.0,1.0,5.0
1.34,-0.000474457081822943,-0.027793621500246814,0.0,-0.32681951089550626,-0.37909247259934803,0.0005649220620652568,0.005016381281426446,40.0,1.0,5.0
1.36,-0.0004947042540155498,-0.025108106599866616,0.0,-0.3268348680484505,-0.37911194143069993,0.0005662718599888205,0.005015876312997374,40.0,1.0,5.0
1.3800000000000001,-0.0005025863787169,-0.02234218144268082,0.0,-0.32685704774744606,-0.37913978129843623,0.000568032073254585,0.005014969073770962,40.0,1.0,5.0
1.4000000000000001,-0.0004997496543487445,-0.019558995193665142,0.0,-0.32688592063058314,-0.37917582217021095,0.0005701507122991034,0.005013629018786475,40.0,1.0,5.0
1.42,-0.0004878011378103415,-0.01681286251232334,0.0,-0.32692081424615566,-0.3792192556310363,0.0005725515543636729,0.005011866541701333,40.0,1.0,5.0
1.44,-0.00046828450338149563,-0.01414953335262644,0.0,-0.3269606237855599,-0.37926876329777554,0.0005751420117165679,0.0050097269973241555,40.0,1.0,5.0
1.46,-0.000442660496173166,-0.011606583079345777,0.0,-0.32700393530892313,-0.3793226597724314,0.0005778210805656425,0.005007283369275636,40.0,1.0,5.0
1.48,-0.0004122917633398083,-0.00921389819502124,0.0,-0.3270491529891436,-0.37937904029486064,0.0005804869099735201,0.0050046281593348505,40.0,1.0,5.0
1.5,-0.00037843171070649635,-0.006994234773914329,0.0,-0.32709462283078805,-0.3794359243440678,0.0005830436154591058,0.005001865041656641,40.0,1.0,5.0
1.52,-0.0003422170086167928,-0.004963828666400622,0.0,-0.3271387465559634,-0.3794913878794124,0.0005854070554948493,0.0049991007637735065,40.0,1.0,5.0
1.54,-0.00030466335741988524,-0.00313303860887172,0.0,-0.3271800807266999,-0.37954367851840387,0.0005875093820232573,0.004996437698244132,40.0,1.0,5.0
1.56,-0.00026666411882055204,-0.0015070054966683927,0.0,-0.32721741756722067,-0.37959130956987774,0.0005893022625209748,0.004993967363227337,40.0,1.0,5.0
1.58,-0.0002289914230585678,-8.631320398743564e-05,0.0,-0.3272498452768793,-0.37963313038342367,0.0005907587478349007,0.004991765143847599,40.0,1.0,5.0
1.6,-0.00019229937234484408,0.0011323615750494908,0.0,-0.3272767868404665,-0.3796683718853495,0.0005918738258942216,0.004989886363156509,40.0,1.0,5.0
1.62,-0.0001571289769914015,0.0021556209695770814,0.0,-0.3272980174295111,-0.37969666742786523,0.0005926637566542912,0.004988363773941658,40.0,1.0,5.0
1.6400000000000001,-0.00012391448112875102,0.002992747641762495,0.0,-0.3273136614439737,-0.3797180501793813,0.0005931643289703736,0.0049872064714629035,40.0,1.0,5.0
1.6600000000000001,-9.299075878198339e-05,0.003655143341486853,0.0,-0.32732417107055856,-0.3797329292330001,0.0005934282161812462,0.004986400162745402,40.0,1.0,5.0
1.68,-6.46014874353499e-05,0.00415580941556995,0.0,-0.3273302889303748,-0.3797420474067385,0.0005935216342418818,0.004985908670741324,40.0,1.0,5.0
1.7,-3.890783420401322e-05,0.004508872859315132,0.0,-0.3273329979461962,-0.37974642434374556,0.0005935205240261642,0.004985676502330569,40.0,1.0,5.0
1.72,-1.599741859353403e-05,0.004729160130148057,0.0,-0.3273334619624079,-0.3797472889767214,0.0005935064873250717,0.004985632269118932,40.0,1.0,5.0
1.74,4.106655101359611e-06,0.004831819732149444,0.0,-0.3273329608798959,-0.3797460056769526,0.0005935627034485061,0.004985692721002343,40.0,1.0,5.0
1.76,2.1436873998581488e-05,0.004831993526100349,0.0,-0.3273328241069682,-0.3797439984464441,0.0005937700398700896,0.004985767136178114,40.0,1.0,5.0
1.78,3.607265180667889e-05,0.00474453581917926,0.0,-0.32733436596768634,-0.37974267732263617,0.0005942035463425919,0.004985761808936901,40.0,1.0,5.0
1.8,4.813204673098067e-05,0.004583778536137045,0.0,-0.32733882635593425,-0.379743370755429,0.0005949294885125917,0.004985584388561614,40.0,1.0,5.0
1.82,5.776396079263246e-05,0.0043633401621564726,0.0,-0.32734731939846534,-0.37974726711022777,0.0005960030363217229,0.0049851478482822445,40.0,1.0,5.0
1.84,6.514089597538909e-05,0.004095975667662453,0.0,-0.3273607922301509,-0.3797553676909594,0.0005974666771996189,0.004984373900589757,40.0,1.0,5.0
1.86,7.04523213151413e-05,0.0037934642669277437,0.0,-0.3273799952394455,-0.37976845282033483,0.00059934937750504,0.004983195721339917,40.0,1.0,5.0
1.8800000000000001,7.389868582811785e-05,0.0034665316144694494,0.0,-0.3274054643686209,-0.3797870616260488,0.0006016664712307292,0.004981559896272506,40.0,1.0,5.0
1.9000000000000001,7.568609509159773e-05,0.00312480289453631,0.0,-0.3274375153091591,-0.37981148532683157,0.00060442021573679,0.004979427555806479,40.0,1.0,5.0
1.92,7.602165435395063e-05,0.002776783197835761,0.0,-0.3274762487695367,-0.37984177305032374,0.0006076009226710042,0.004976774713364363,40.0,1.0,5.0
1.94,7.510946822594223e-05,0.0024298615944896183,0.0,-0.3275215654510729,-0.37987774859201096,0.0006111885498706333,0.0049735918657044026,40.0,1.0,5.0
1.96,7.314727622499974e-05,0.002090335391742895,0.0,-0.3275731889737473,-0.3799190360709136,0.0006151546275692166,0.004969882948330984,40.0,1.0,5.0
1.98,7.032369461276154e-05,0.001763451198321696,0.0,-0.32763069475870094,-0.37996509216580177,0.0006194643893984586,0.004965663763560758,40.0,1.0,5.0
2.0,6.681602796556944e-05,0.0014534595942548485,0.0,-0.32769354279393736,-0.38001524252146424,0.0006240789844686569,0.0049609600128100685,40.0,1.0,5.0
2.02,6.278860861249362e-05,0.001163680415833136,0.0,-0.32776111226920834,-0.3800687199806881,0.0006289576596811969,0.004955805068604037,40.0,1.0,5.0
2.04,5.83916183189237e-05,0.0008965759013331914,0.0,-0.327832736241641,-0.3801247024973753,0.0006340598195229349,0.004950237616850413,40.0,1.0,5.0
2.06,5.3760344231130505e-05,0.0006538291961502678,0.0,-0.3279077347572036,-0.38018234888767316,0.0006393468919859225,0.004944299287691613,40.0,1.0,5.0
2.08,4.9014819970381526e-05,0.00043642597888077055,0.0,-0.32798544517524164,-0.3802408309456854,0.0006447839521189685,0.004938032375591413,40.0,1.0,5.0
2.1,4.425980271597867e-05,0.00024473723634550726,0.0,-0.3280652487960268,-0.38029936085628807,0.0006503410774466476,0.004931477728102357,40.0,1.0,5.0
2.12,3.958503798965725e-05,7.86014800728018e-05,0.0,-0.32814659324963236,-0.3803572132512748,0.0006559944307759487,0.004924672859752999,40.0,1.0,5.0
2.14,3.506576549916811e-05,-6.259504527870996e-05,0.0,-0.3282290104476382,-0.3804137416524975,0.0006617270847545664,0.004917650324239091,40.0,1.0,5.0
2.16,3.0763421673955285e-05,-0.00017984136353466637,0.0,-0.32831213021067984,-0.380468389407741,0.0006675296182544571,0.004910436355894097,40.0,1.0,5.0
2.18,2.6726497296988536e-05,-0.00027442894660587665,0.0,-0.328395689952473,-0.38052069553742357,0.0006734005268086217,0.004903049771282218,40.0,1.0,5.0
2.2,2.2991511780504976e-05,-0.00034788382190881174,0.0,-0.3284795410163188,-0.3805702961629145,0.0006793464977416046,0.004895501104477172,40.0,1.0,5.0
2.22,1.9584069037121073e-05,-0.00040190415698851097,0.0,-0.3285636524183907,-0.3806169223743435,0.0006853826053154804,0.00488779193570355,40.0,1.0,5.0
2.24,1.651996346043482e-05,-0.00043830368911233975,0.0,-0.3286481128515468,-0.38066039551485165,0.0006915324823378011,0.004879914362852504,40.0,1.0,5.0
2.2600000000000002,1.3806308161481867e-05,-0.00045896120547390414,0.0,-0.32873313184498293,-0.3807006209101443,0.0006978285225561148,0.004871850559073254,40.0,1.0,5.0
2.2800000000000002,1.1442661231532837e-05,-0.00046577613719625327,0.0,-0.32881904096212894,-0.38073758106071326,0.0007043121632148839,0.004863572357142561,40.0,1.0,5.0
2.3000000000000003,9.42212935143517e-06,-0.0004606302073502909,0.0,-0.32890629585732084,-0.3807713292455498,0.0007110342898786284,0.004855040802420742,40.0,1.0,5.0
2.32,7.732431487719435e-06,-0.0004453549691736824,0.0,-0.3289954799082083,-0.380801984369131,0.0007180557965904608,0.004846205620568066,40.0,1.0,5.0
2.34,6.356908661146659e-06,-0.00042170498477763125,0.0,-0.3290873100041858,-0.3808297277281769,0.0007254483242258985,0.004837004553354074,40.0,1.0,5.0
2.36,5.275468809163766e-06,-0.00039133632583329274,0.0,-0.32918264491078275,-0.380854802192498,0.0007332951891020513,0.004827362525290837,40.0,1.0,5.0
2.38,4.4654585637425095e-06,-0.000355790024838459,0.0,-0.3292824964556108,-0.3808775140969455,0.0007416925030620353,0.004817190614850987,40.0,1.0,5.0
2.4,3.90245631236901e-06,-0.0003164800672552123,0.0,-0.32938804360255397,-0.3808982379405328,0.0007507504758615596,0.004806384816067798,40.0,1.0,5.0
2.42,3.560983191907507e-06,-0.0002746854896818353,0.0,-0.3295006493060323,-0.3809174237947803,0.0007605948811440098,0.004794824588750966,40.0,1.0,5.0
2.44,3.4151306785312686e-06,-0.00023154613583199795,0.0,-0.3296218798737888,-0.3809356071453522,0.0007713686589098899,0.004782371207832996,40.0,1.0,5.0
2.46,3.4391051833402346e-06,-0.00018806161898967145,0.0,-0.32975352642069844,-0.38095342073639327,0.0007832336203729892,0.004768865934006899,40.0,1.0,5.0
2.48,3.607691548876411e-06,-0.00014509304535544423,0.0,-0.3298976278719244,-0.3809716078608991,0.0007963722155587048,0.004754128038436826,40.0,1.0,5.0
2.5,3.8966385766670455e-06,-0.00010336706590867105,0.0,-0.3300564948741237,-0.3809910364462387,0.0008109893199630556,0.0047379527236263465,40.0,1.0,5.0
2.52,4.282970713527871e-06,-6.348184375241966e-05,0.0,-0.33023273389964614,-0.38101271322299113,0.0008273139940069566,0.00472010899031557,40.0,1.0,5.0
2.54,4.745230800481373e-06,-2.591454813510097e-05,0.0,-0.33042927078086926,-0.3810377972373735,0.0008456011677886905,0.004700337506435085,40.0,1.0,5.0
2.56,5.263659360451879e-06,8.969985705179292e-06,0.0,-0.33064937288904883,-0.38106761197124694,0.0008661332036201643,0.00467834853863271,40.0,1.0,5.0
2.58,5.820316288287312e-06,4.0909761110594225e-05,0.0,-0.33089666917266325,-0.38110365536654917,0.0008892212898666333,0.00465382000973076,40.0,1.0,5.0
2.6,6.399151028726137e-06,6.973558689956987e-05,0.0,-0.3311751672919246,-0.3811476071098825,0.0009152066215155812,0.004626395746741195,40.0,1.0,5.0
2.62,6.986027404512631e-06,9.536077131603693e-05,0.0,-0.3314892671261954,-0.38120133261426437,0.000944461325485361,0.0045956839838826435,40.0,1.0,5.0
2.64,7.568709207631978e-06,0.00011777077445817688,0.0,-0.33184376998635245,-0.38126688323476965,0.0009773890917405216,0.0045612561835680675,40.0,1.0,5.0
2.66,8.136812510746862e-06,0.00013701301783187114,0.0,-0.33224388293114854,-0.3813464923687273,0.0010144254745831187,0.004522646235768728,40.0,1.0,5.0
2.68,8.681730411735439e-06,0.00015318701794807236,0.0,-0.33269521766138915,-0.3814425672148107,0.0010560378317905088,0.004479350092757659,40.0,1.0,5.0
2.7,9.196535609103567e-06,0.00016643498064986752,0.0,-0.3332037835438864,-0.3815576760940888,0.0011027248722995477,0.004430825892288465,40.0,1.0,5.0
2.72,9.675865836124314e-06,0.00017693296446057432,0.0,-0.33377597439391926,-0.381694531364998,0.0011550157856035676,0.00437649461811032,40.0,1.0,5.0
2.74,1.0115796771675616e-05,0.0001848826949506986,0.0,-0.33441854871528215,-0.38185596808824984,0.0012134689276300547,0.004315741342728645,40.0,1.0,5.0
2.7600000000000002,1.0513706609326797e-05,0.00019050408811390227,0.0,-0.3351386031558764,-0.3820449187119416,0.0012786700383086813,0.004247917093879778,40.0,1.0,5.0
2.7800000000000002,1.0868136015238115e-05,0.0001940285191356939,0.0,-0.33594353897941964,-0.3822643841468344,0.001351229965060461,0.004172341383670382,40.0,1.0,5.0
2.8000000000000003,1.1178646750392157e-05,0.00019569285378754465,0.0,-0.3368410213762189,-0.38251740168269815,0.0014317818638477223,0.004088305438059282,40.0,1.0,5.0
2.82,1.1445681782630877e-05,0.00019573424298391528,0.0,-0.3378389314354033,-0.3828070102553908,0.0015209778451421407,0.003995076164549736,40.0,1.0,5.0
2.84,1.1670429276580376e-05,0.0001943856667551218,0.0,-0.3389453105768358,-0.38313621360873246,0.0016194850262746553,0.0038919008976742706,40.0,1.0,5.0
2.86,1.1854692431114676e-05,0.00019187220193131623,0.0,-0.3401682971950333,-0.38350794190450826,0.0017279809444169531,0.0037780129649329316,40.0,1.0,5.0
2.88,1.2000766739580242e-05,0.00018840797808754704,0.0,-0.3415160552049559,-0.38392501231909615,0.001847148276455834,0.0036526381198520763,40.0,1.0,5.0
2.9,1.2111325881437068e-05,0.00018419377862726366,0.0,-0.34299669410937494,-0.3843900891291497,0.0019776688041037425,0.0035150018929959977,40.0,1.0,5.0
2.92,1.2189317118054062e-05,0.00017941523812434656,0.0,-0.34461818014265,-0.38490564373627517,0.002120216555910632,0.003364337914951172,40.0,1.0,5.0
2.94,1.2237866761935834e-05,0.00017424158303105066,0.0,-0.34638823800328766,-0.38547391501830697,0.0022754500539095353,0.0031998972659913086,40.0,1.0,5.0
2.96,1.2260196018597908e-05,0.00016882486041298135,0.0,-0.3483142426886561,-0.3860968703306718,0.002444003593265739,0.0030209589034296764,40.0,1.0,5.0
2.98,1.225954726383256e-05,0.0001632995983107885,0.0,-0.350403101014001,-0.3867761674245498,0.0026264774906025945,0.0028268412073679345,40.0,1.0,5.0
3.0,1.22391206157506e-05,0.00015778284147067187,0.0,-0.352661122560806,-0.3875131175086114,0.002823427252918762,0.0026169146662434867,40.0,1.0,5.0
3.02,1.2202020489729292e-05,0.0001523745073547773,0.0,-0.3550938800832003,-0.38830864966723955,0.0030353516464987585,0.0023906156928015045,40.0,1.0,5.0
3.04,1.2151211683777004e-05,0.00014715800936761632,0.0,-0.3577060598299874,-0.38916327686834645,0.0032626796860847377,0.002147461516604699,40.0,1.0,5.0
3.06,1.2089484430016885e-05,0.00014220109695385402,0.0,-0.36050130283300147,-0.39007706385402224,0.0035057566205113633,0.0018870660391708913,40.0,1.0,5.0
3.08,1.2019427762899161e-05,0.00013755686548500183,0.0,-0.36348203897969006,-0.39104959731000993,0.003764829062910424,0.0016091564613964033,40.0,1.0,5.0
3.1,1.1943410494084949e-05,0.000133264892518193,0.0,-0.36664931662514416,-0.3920799588539315,0.004040029501189632,0.0013135904004894419,40.0,1.0,5.0
3.12,1.186356904529186e-05,0.00012935246095265593,0.0,-0.3700026315839419,-0.39316670156076927,0.004331360525893823,0.0010003731073754854,40.0,1.0,5.0
3.14,1.1781801371280708e-05,0.0001258358337151201,0.0,-0.3735397605300328,-0.39430783094507327,0.004638679223860739,0.0006696742798173285,40.0,1.0,5.0
3.16,1.1699766203115978e-05,0.0001227215487741985,0.0,-0.37725660505224184,-0.3955007915243928,0.004961682301034612,0.00032184384821586326,40.0,1.0,5.0
3.18,1.1618886854414204e-05,0.00012000770742895479,0.0,-0.38114705376518215,-0.39674246027342264,0.00529989260764878,-4.257400021962491e-05,40.0,1.0,5.0
3.2,1.1540358858149042e-05,0.00011768523286466442,0.0,-0.3852028708363198,-0.3980291484144803,0.005652647832615977,-0.00042282938549242655,40.0,1.0,5.0
3.22,1.1465160736467388e-05,0.00011573907985800428,0.0,-0.38941361991631285,-0.3993566130456487,0.006019092198404026,-0.0008179587729198099,40.0,1.0,5.0
3.24,1.139406724878368e-05,0.0001141493801951184,0.0,-0.3937666326003735,-0.40072008005200915,0.006398172009090463,-0.001226781382961881,40.0,1.0,5.0
3.2600000000000002,1.1327664512213185e-05,0.00011289251180084604,0.0,-0.398247030060948,-0.40211427955098994,0.006788635869453411,-0.0016479008208313245,40.0,1.0,5.0
3.2800000000000002,1.1266366441404074e-05,0.00011194208273765593,0.0,-0.4028378052640768,-0.4035334947721134,0.007189040291138679,-0.0020797126521363263,40.0,1.0,5.0
3.3000000000000003,1.1210432010436248e-05,0.00011126982409947266,0.0,-0.4075199711543397,-0.4049716247602855,0.007597761227049981,-0.0025204184511496684,40.0,1.0,5.0
3.3200000000000003,1.1159982896258562e-05,0.00011084638838782542,0.0,-0.41227277738289686,-0.40642226063403736,0.00801301182774711,-0.0029680465725014818,40.0,1.0,5.0
3.34,1.1115021119904666e-05,0.00011064205221201508,0.0,-0.41707399466868383,-0.4078787743598702,0.008432866402715395,-0.00342047955587633,40.0,1.0,5.0
3.36,1.1075446357409357e-05,0.00011062732410399762,0.0,-0.4219002619318443,-0.40933441817520755,0.008855290212796567,-0.003875487686973474,40.0,1.0,5.0
3.38,1.1041072646063295e-05,0.0001107734598903882,0.0,-0.4267274872191701,-0.4107824319762442,0.00927817434417087,-0.004330767835692168,40.0,1.0,5.0
3.4,1.1011644262679007e-05,0.00011105288943071374,0.0,-0.4315312895182161,-0.4122161552638615,0.009699374551733116,-0.004783986309799046,40.0,1.0,5.0
3.42,1.0986850598334224e-05,0.0001114395596287656,0.0,-0.4362874652213024,-0.4136291396916852,0.010116752646073908,-0.0052328241373674105,40.0,1.0,5.0
3.44,1.0966339898189868e-05,0.00011190919947106169,0.0,-0.44097246062100837,-0.41501525795532024,0.010528218767522742,-0.005675022959889243,40.0,1.0,5.0
3.46,1.094973177515895e-05,0.00011243951346368753,0.0,-0.4455638306870815,-0.4163688047491186,0.010931772770369877,-0.006108429608526962,40.0,1.0,5.0
3.48,1.0936628442254336e-05,0.00011301031024792413,0.0,-0.45004066466064513,-0.41768458581465706,0.011325542947286025,-0.006531037464914216,40.0,1.0,5.0
3.5,1.0926624640295046e-05,0.00011360357339868944,0.0,-0.4543839607223594,-0.41895799169714576,0.011707820461307432,-0.006941022876764516,40.0,1.0,5.0
3.52,1.091931626531842e-05,0.00011420348147059659,0.0,-0.45857693500377994,-0.4201850536625358,0.012077088109232113,-0.007336775193225303,40.0,1.0,5.0
3.54,1.0914307723620873e-05,0.00011479638427693695,0.0,-0.46260525422978355,-0.4213624802322545,0.012432042391395974,-0.007716919377442301,40.0,1.0,5.0
3.56,1.0911218061987293e-05,0.00011537074218882543,0.0,-0.4664571859154368,-0.42248767387067754,0.012771608274306063,-0.00808033060615244,40.0,1.0,5.0
3.58,1.090968593657407e-05,0.00011591703494611693,0.0,-0.470123664854666,-0.4235587284150611,0.013094946465254833,-0.008426140735521117,40.0,1.0,5.0
3.6,1.090937349632809e-05,0.0001164276460980154,0.0,-0.47359827920159697,-0.42457440877981195,0.013401453432882647,-0.00875373695706819,40.0,1.0,5.0
3.62,1.09099692660286e-05,0.00011689672875797884,0.0,-0.4768771833918442,-0.4255341152268665,0.013690754770899214,-0.009062753351687488,40.0,1.0,5.0
3.64,1.0911190120324748e-05,0.00011732005788114028,0.0,-0.4799589482146336,-0.42643783502751037,0.013962692788791066,-0.009353056347629247,40.0,1.0,5.0
3.66,1.0912782443815328e-05,0.00011769487376824798,0.0,-0.4828443603823149,-0.42728608463202233,0.014217309409010651,-0.009624725285826925,40.0,1.0,5.0
3.68,1.091452257358893e-05,0.00011801972098141955,0.0,-0.48553618492712786,-0.4280798455217816,0.014454825551429622,-0.009878029390823825,40.0,1.0,5.0
3.7,1.0916216620020617e-05,0.00011829428633560856,0.0,-0.4880389037660204,-0.42882049677432804,0.014675618198870815,-0.01011340244567681,40.0,1.0,5.0
3.72,1.0917699759306083e-05,0.00011851923911565808,0.0,-0.49035844297006825,-0.42950974706937095,0.014880196275638828,-0.010331416389980762,40.0,1.0,5.0
3.74,1.0918835087494577e-05,0.00011869607617070462,0.0,-0.4925018998581587,-0.4301495684532062,0.015069176351852811,-0.0105327549213634,40.0,1.0,5.0
3.7600000000000002,1.0919512120930513e-05,0.00011882697406242129,0.0,-0.49447727922211665,-0.4307421337103572,0.015243259029348314,-0.010718188003633472,40.0,1.0,5.0
3.7800000000000002,1.0919645022285123e-05,0.0001189146499967197,0.0,-0.4962932459882932,-0.43128975870895114,0.015403206688508668,-0.010888547989308139,40.0,1.0,5.0
3.8000000000000003,1.091917062498745e-05,0.00011896223285424179,0.0,-0.4979588996054224,-0.43179485062615425,0.015549823095716977,-0.011044707867707221,40.0,1.0,5.0
3.8200000000000003,1.0918046322060485e-05,0.00011897314525628171,0.0,-0.4994835735574183,-0.4322598625476044,0.01568393520086446,-0.01118756196553044,40.0,1.0,5.0
3.84,1.0916247878322369e-05,0.00011895099726153544,0.0,-0.5008766617272933,-0.4326872545858952,0.01580637730241816,-0.011318009264020273,40.0,1.0,5.0
3.86,1.091376721779075e-05,0.00011889949198625085,0.0,-0.5021474719389475,-0.4330794613846739,0.015917977629244413,-0.011436939360730713,40.0,1.0,5.0
3.88,1.0910610231074114e-05,0.00011882234317595282,0.0,-0.5033051058974276,-0.4334388656666507,0.01601954728590146,-0.011545220996512454,40.0,1.0,5.0
3.9,1.0906794640668756e-05,0.00011872320453037107,0.0,-0.5043583639291548,-0.4337677773405422,0.01611187143121671,-0.011643692988951574,40.0,1.0,5.0
3.92,1.0902347955504357e-05,0.00011860561039314504,0.0,-0.5053156723669268,-0.4340684175952757,0.016195702506690522,-0.011733157359734736,40.0,1.0,5.0
3.94,1.0897305539875431e-05,0.0001184729272626539,0.0,-0.5061850310944922,-0.434342907369679,0.016271755298592868,-0.011814374411756616,40.0,1.0,5.0
3.96,1.0891708816121931e-05,0.00011832831545769272,0.0,0.0,0.0,0.0,0.0,40.0,1.0,5.0
3.98,1.0885603615125077e-05,0.00011817470017928238,0.0,0.0,0.0,0.0,0.0,40.0,1.0,5.0
4.0,1.0879038683893405e-05,0.00011801475114498898,0.0,0.0,0.0,0.0,0.0,40.0,1.0,5.0
4.0200000000000005,1.0872064355244978e-05,0.0008094949419096626,0.0,-0.5061850310944922,-0.434342907369679,-0.016271755298592868,0.011814374411756616,11.683172742971532,-2.1641810198477884,-0.3847432924173846
4.04,1.0662192384181255e-05,0.000809194308607268,0.0,-0.5069739786214836,-0.43459325958210304,-0.016340703602004614,0.01188805949825075,11.461355016453533,-2.167571951959434,-0.3853461247927883
4.0600000000000005,1.0045693417417244e-05,0.0008095275066675793,0.0,-0.5069739786214836,-0.43459325958210304,-0.016340703602004614,0.01188805949825075,11.461355016453533,-2.167571951959434,-0.3853461247927883
4.08,9.018661639908544e-06,0.0008052752202781131,0.0,-0.5069739786214836,-0.43459325958210304,-0.016340703602004614,0.01188805949825075,11.461355016453533,-2.167571951959434,-0.3853461247927883
4.1,7.575753856053179e-06,0.0007964219324518754,0.0,-0.5069739786214836,-0.43459325958210304,-0.016340703602004614,0.01188805949825075,11.461355016453533,-2.167571951959434,-0.3853461247927883
4.12,5.711688673477177e-06,0.0007829241782734629,0.0,-0.5069739786214836,-0.43459325958210304,-0.016340703602004614,0.01188805949825075,11.461355016453533,-2.167571951959434,-0.3853461247927883
4.14,3.421230396675532e-06,0.0007647395538765973,0.0,-0.5069739786214836,-0.43459325958210304,-0.016340703602004614,0.01188805949825075,11.461355016453533,-2.167571951959434,-0.3853461247927883
4.16,6.991810829306874e-07,0.0007418264664924482,0.0,-0.5069739786214836,-0.43459325958210304,-0.016340703602004614,0.01188805949825075,11.461355016453533,-2.167571951959434,-0.3853461247927883
4.18,-2.459627711403059e-06,0.0007141440445378556,0.0,-0.5069739786214836,-0.43459325958210304,-0.016340703602004614,0.01188805949825075,11.461355016453533,-2.167571951959434,-0.3853461247927883
4.2,-6.060343446891521e-06,0.0006816520441542365,0.0,-0.5069739786214836,-0.43459325958210304,-0.016340703602004614,0.01188805949825075,11.461355016453533,-2.167571951959434,-0.3853461247927883
4.22,-1.0108101379407875e-05,0.0006443107531219294,0.0,-0.5069739786214836,-0.43459325958210304,-0.016340703602004614,0.01188805949825075,11.461355016453533,-2.167571951959434,-0.3853461247927883
4.24,-1.4608033600893003e-05,-0.0037017812388605714,0.0,-1.3184354864763983,0.27716821030061206,0.00024924394716278447,0.0022246017914615457,23.921031436849027,9.442962795240213,1.6787489413760377
4.26,-1.8304948133656876e-05,-0.0037262690517597067,0.0,-1.3184354864763983,0.27716821030061206,0.00024924394716278447,0.0022246017914615457,23.921031436849027,9.442962795240213,1.6787489413760377
4.28,-1.9942341951885336e-05,-0.0035963325856586672,0.0,-1.3184354864763983,0.27716821030061206,0.00024924394716278447,0.0022246017914615457,23.921031436849027,9.442962795240213,1.6787489413760377
4.3,-1.9561442669350867e-05,-0.0034215050711392282,0.0,-1.3184354864763983,0.27716821030061206,0.00024924394716278447,0.0022246017914615457,23.921031436849027,9.442962795240213,1.6787489413760377
4.32,-1.7249089176566424e-05,-0.0032073275051534744,0.0,-1.3184354864763983,0.27716821030061206,0.00024924394716278447,0.0022246017914615457,23.921031436849027,9.442962795240213,1.6787489413760377
4.34,-1.3104582469633586e-05,-0.002956875288186344,0.0,-1.3184354864763983,0.27716821030061206,0.00024924394716278447,0.0022246017914615457,23.921031436849027,9.442962795240213,1.6787489413760377
4.36,-7.237790033279628e-06,-0.002673338218272295,0.0,-1.3184354864763983,0.27716821030061206,0.00024924394716278447,0.0022246017914615457,23.921031436849027,9.442962795240213,1.6787489413760377
4.38,2.3199447771112804e-07,-0.0023600583914374276,0.0,-1.3184354864763983,0.27716821030061206,0.00024924394716278447,0.0022246017914615457,23.921031436849027,9.442962795240213,1.6787489413760377
4.4,9.177210081924632e-06,-0.0020205024874012404,0.0,-1.3184354864763983,0.27716821030061206,0.00024924394716278447,0.0022246017914615457,23.921031436849027,9.442962795240213,1.6787489413760377
4.42,1.9463216146390523e-05,-0.0016582322761668216,0.0,-1.3184354864763983,0.27716821030061206,0.00024924394716278447,0.0022246017914615457,23.921031436849027,9.442962795240213,1.6787489413760377
4.44,3.0949499646906644e-05,-0.009601339170974449,0.0,-1.969182077140219,0.9549415843202222,0.00027486405333398885,0.0003777275318167763,63.31210365596214,54.11824754832661,9.621021786369175
4.46,4.5928603705753585e-05,-0.006923043936850401,0.0,-1.969182077140219,0.9549415843202222,0.00027486405333398885,0.0003777275318167763,63.31210365596214,54.11824754832661,9.621021786369175
4.48,6.60369280991626e-05,-0.003111050532767671,0.0,-1.969182077140219,0.9549415843202222,0.00027486405333398885,0.0003777275318167763,63.31210365596214,54.11824754832661,9.621021786369175
4.5,8.950096078824007e-05,8.564657113140431e-05,0.0,-1.969182077140219,0.9549415843202222,0.00027486405333398885,0.0003777275318167763,63.31210365596214,54.11824754832661,9.621021786369175
4.5200000000000005,0.00011441659059368975,0.002485240389577698,0.0,-1.969182077140219,0.9549415843202222,0.00027486405333398885,0.0003777275318167763,63.31210365596214,54.11824754832661,9.621021786369175
4.54,0.00013930248334167417,0.00419728969247408,0.0,-1.969182077140219,0.9549415843202222,0.00027486405333398885,0.0003777275318167763,63.31210365596214,54.11824754832661,9.621021786369175
4.5600000000000005,0.00016311187676978356,0.005363407885205651,0.0,-1.969182077140219,0.9549415843202222,0.00027486405333398885,0.0003777275318167763,63.31210365596214,54.11824754832661,9.621021786369175
4.58,0.0001851524124664001,0.006108332109119286,0.0,-1.969182077140219,0.9549415843202222,0.00027486405333398885,0.0003777275318167763,63.31210365596214,54.11824754832661,9.621021786369175
4.6000000000000005,0.000205003762855752,0.006533941773632462,0.0,-1.969182077140219,0.9549415843202222,0.00027486405333398885,0.0003777275318167763,63.31210365596214,54.11824754832661,9.621021786369175
4.62,0.0002224486130052357,0.00672153295483355,0.0,-1.969182077140219,0.9549415843202222,0.00027486405333398885,0.0003777275318167763,63.31210365596214,54.11824754832661,9.621021786369175
4.64,0.00023741764662710158,0.004884394917894427,0.0,-1.998957111431874,0.9909974777525627,0.0002942383069046809,0.0003038269352167046,59.34188754858399,60.0429330674455,10.674299211990311
4.66,0.0002504885165460069,0.004947767949509973,0.0,-1.998957111431874,0.9909974777525627,0.0002942383069046809,0.0003038269352167046,59.34188754858399,60.0429330674455,10.674299211990311
4.68,0.0002622632548185084,0.005269679394500915,0.0,-1.998957111431874,0.9909974777525627,0.0002942383069046809,0.0003038269352167046,59.34188754858399,60.0429330674455,10.674299211990311
4.7,0.0002727034523423018,0.005504434361552681,0.0,-1.998957111431874,0.9909974777525627,0.0002942383069046809,0.0003038269352167046,59.34188754858399,60.0429330674455,10.674299211990311
4.72,0.0002817120787343252,0.005613268715442026,0.0,-1.998957111431874,0.9909974777525627,0.0002942383069046809,0.0003038269352167046,59.34188754858399,60.0429330674455,10.674299211990311
4.74,0.0002892454529285061,0.005620292098493642,0.0,-1.998957111431874,0.9909974777525627,0.0002942383069046809,0.0003038269352167046,59.34188754858399,60.0429330674455,10.674299211990311
4.76,0.0002953172584877862,0.005555177742520618,0.0,-1.998957111431874,0.9909974777525627,0.0002942383069046809,0.0003038269352167046,59.34188754858399,60.0429330674455,10.674299211990311
4.78,0.00029998288046768353,0.00544178038399593,0.0,-1.998957111431874,0.9909974777525627,0.0002942383069046809,0.0003038269352167046,59.34188754858399,60.0429330674455,10.674299211990311
4.8,0.00030332408047990784,0.005297439030344927,0.0,-1.998957111431874,0.9909974777525627,0.0002942383069046809,0.0003038269352167046,59.34188754858399,60.0429330674455,10.674299211990311
4.82,0.00030543745037367486,0.0051343262934156406,0.0,-1.998957111431874,0.9909974777525627,0.0002942383069046809,0.0003038269352167046,59.34188754858399,60.0429330674455,10.674299211990311
4.84,0.00030642638060282134,0.004224240987697299,0.0,-2.005795996146965,0.9994478667526699,0.0002917097874357372,0.00029422524261528584,58.00013705502999,61.52080506768428,10.93703201203276
4.86,0.00030661139332515796,0.0041726077708048636,0.0,-2.005795996146965,0.9994478667526699,0.0002917097874357372,0.00029422524261528584,58.00013705502999,61.52080506768428,10.93703201203276
4.88,0.00030627528459265733,0.004244983358178316,0.0,-2.005795996146965,0.9994478667526699,0.0002917097874357372,0.00029422524261528584,58.00013705502999,61.52080506768428,10.93703201203276
4.9,0.0003054098560604473,0.004281110209406444,0.0,-2.005795996146965,0.9994478667526699,0.0002917097874357372,0.00029422524261528584,58.00013705502999,61.52080506768428,10.93703201203276
4.92,0.00030397786468287373,0.004262247973578036,0.0,-2.005795996146965,0.9994478667526699,0.0002917097874357372,0.00029422524261528584,58.00013705502999,61.52080506768428,10.93703201203276
4.94,0.00030196520454328293,0.004199516617426681,0.0,-2.005795996146965,0.9994478667526699,0.0002917097874357372,0.00029422524261528584,58.00013705502999,61.52080506768428,10.93703201203276
4.96,0.00029938304923485856,0.004106687635280086,0.0,-2.005795996146965,0.9994478667526699,0.0002917097874357372,0.00029422524261528584,58.00013705502999,61.52080506768428,10.93703201203276
4.98,0.00029626063333687227,0.003994668570565088,0.0,-2.005795996146965,0.9994478667526699,0.0002917097874357372,0.00029422524261528584,58.00013705502999,61.52080506768428,10.93703201203276
5.0,0.00029263821024197537,0.003871204564399906,0.0,-2.005795996146965,0.9994478667526699,0.0002917097874357372,0.00029422524261528584,58.00013705502999,61.52080506768428,10.93703201203276
5.0200000000000005,0.0002885618443617311,0.0037415865854495,0.0,-2.005795996146965,0.9994478667526699,0.0002917097874357372,0.00029422524261528584,58.00013705502999,61.52080506768428,10.93703201203276
5.04,0.0002840798847987782,0.0035978028946774526,0.0,-2.0060444788757272,0.9997289921522244,0.0002918323085203504,0.00029342041046699516,58.01822455835502,61.600672785650204,10.951230717448926
5.0600000000000005,0.00027924406765599983,0.0034675110186554703,0.0,-2.0060444788757272,0.9997289921522244,0.0002918323085203504,0.00029342041046699516,58.01822455835502,61.600672785650204,10.951230717448926
5.08,0.00027410408999526526,0.00334045196728632,0.0,-2.0060444788757272,0.9997289921522244,0.0002918323085203504,0.00029342041046699516,58.01822455835502,61.600672785650204,10.951230717448926
5.1000000000000005,0.0002687028289881446,0.00321505718373341,0.0,-2.0060444788757272,0.9997289921522244,0.0002918323085203504,0.00029342041046699516,58.01822455835502,61.600672785650204,10.951230717448926
5.12,0.0002630800764434608,0.00309167301157737,0.0,-2.0060444788757272,0.9997289921522244,0.0002918323085203504,0.00029342041046699516,58.01822455835502,61.600672785650204,10.951230717448926
5.14,0.0002572731482011439,0.00297088179733149,0.0,-2.0060444788757272,0.9997289921522244,0.0002918323085203504,0.00029342041046699516,58.01822455835502,61.600672785650204,10.951230717448926
5.16,0.00025131684801383864,0.0028531432423138064,0.0,-2.0060444788757272,0.9997289921522244,0.0002918323085203504,0.00029342041046699516,58.01822455835502,61.600672785650204,10.951230717448926
5.18,0.0002452433823567526,0.00273875939037724,0.0,-2.0060444788757272,0.9997289921522244,0.0002918323085203504,0.00029342041046699516,58.01822455835502,61.600672785650204,10.951230717448926
5.2,0.0002390823409056743,0.002627906228710721,0.0,-2.0060444788757272,0.9997289921522244,0.0002918323085203504,0.00029342041046699516,58.01822455835502,61.600672785650204,10.951230717448926
5.22,0.00023286074355879384,0.0025206696867879704,0.0,-2.0060444788757272,0.9997289921522244,0.0002918323085203504,0.00029342041046699516,58.01822455835502,61.600672785650204,10.951230717448926
5.24,0.00022660313450378896,0.0024157536996517416,0.0,-2.0061097518305173,0.9997994771255405,0.0002918800799163884,0.00029320332355372143,58.02770713271148,61.620587503891436,10.954771111802922
5.26,0.00022033209170976728,0.002316041146920653,0.0,-2.0061097518305173,0.9997994771255405,0.0002918800799163884,0.00029320332355372143,58.02770713271148,61.620587503891436,10.954771111802922
5.28,0.00021406790494211405,0.0022201198630880156,0.0,-2.0061097518305173,0.9997994771255405,0.0002918800799163884,0.00029320332355372143,58.02770713271148,61.620587503891436,10.954771111802922
5.3,0.00020782827331446803,0.002127628149333965,0.0,-2.0061097518305173,0.9997994771255405,0.0002918800799163884,0.00029320332355372143,58.02770713271148,61.620587503891436,10.954771111802922
5.32,0.00020162893660038517,0.00203845580244683,0.0,-2.0061097518305173,0.9997994771255405,0.0002918800799163884,0.00029320332355372143,58.02770713271148,61.620587503891436,10.954771111802922
5.34,0.00019548391289921308,0.0019525401692413189,0.0,-2.0061097518305173,0.9997994771255405,0.0002918800799163884,0.00029320332355372143,58.02770713271148,61.620587503891436,10.954771111802922
5.36,0.00018940563784933544,0.0018698183482390718,0.0,-2.0061097518305173,0.9997994771255405,0.0002918800799163884,0.00029320332355372143,58.02770713271148,61.620587503891436,10.954771111802922
5.38,0.00018340507998855604,0.0017902190105639386,0.0,-2.0061097518305173,0.9997994771255405,0.0002918800799163884,0.00029320332355372143,58.02770713271148,61.620587503891436,10.954771111802922
5.4,0.00017749184938295416,0.0017136633421110615,0.0,-2.0061097518305173,0.9997994771255405,0.0002918800799163884,0.00029320332355372143,58.02770713271148,61.620587503891436,10.954771111802922
5.42,0.0001716743023299979,0.0016400674237890948,0.0,-2.0061097518305173,0.9997994771255405,0.0002918800799163884,0.00029320332355372143,58.02770713271148,61.620587503891436,10.954771111802922
5.44,0.00016595964182470666,0.0015690960043968027,0.0,-2.0061333039922835,0.9998247686723386,0.00029189868698924215,0.00029309233440035854,58.03447365856327,61.63107011170706,10.9566346865257
5.46,0.00016035408583121388,0.0015012073048034568,0.0,-2.0061333039922835,0.9998247686723386,0.00029189868698924215,0.00029309233440035854,58.03447365856327,61.63107011170706,10.9566346865257
5.48,0.00015486287057026545,0.0014360542878786757,0.0,-2.0061333039922835,0.9998247686723386,0.00029189868698924215,0.00029309233440035854,58.03447365856327,61.63107011170706,10.9566346865257
5.5,0.00014949025105346275,0.0013734925371262328,0.0,-2.0061333039922835,0.9998247686723386,0.00029189868698924215,0.00029309233440035854,58.03447365856327,61.63107011170706,10.9566346865257
5.5200000000000005,0.0001442396718907762,0.001313428424494144,0.0,-2.0061333039922835,0.9998247686723386,0.00029189868698924215,0.00029309233440035854,58.03447365856327,61.63107011170706,10.9566346865257
5.54,0.00013911385876875983,0.0012557800739968917,0.0,-2.0061333039922835,0.9998247686723386,0.00029189868698924215,0.00029309233440035854,58.03447365856327,61.63107011170706,10.9566346865257
5.5600000000000005,0.000134114887070984,0.0012004680202704365,0.0,-2.0061333039922835,0.9998247686723386,0.00029189868698924215,0.00029309233440035854,58.03447365856327,61.63107011170706,10.9566346865257
5.58,0.00012924424224119272,0.0011474134609463543,0.0,-2.0061333039922835,0.9998247686723386,0.00029189868698924215,0.00029309233440035854,58.03447365856327,61.63107011170706,10.9566346865257
5.6000000000000005,0.00012450287551796436,0.0010965382970734906,0.0,-2.0061333039922835,0.9998247686723386,0.00029189868698924215,0.00029309233440035854,58.03447365856327,61.63107011170706,10.9566346865257
5.62,0.00011989125589305903,0.0010477654852812362,0.0,-2.0061333039922835,0.9998247686723386,0.00029189868698924215,0.00029309233440035854,58.03447365856327,61.63107011170706,10.9566346865257
5.64,0.00011540941850685942,0.001000964400892246,0.0,-2.0061429168174567,0.9998350793737001,0.0002919079582577511,0.0002930340107770201,58.03838229200058,61.636544946866756,10.95760799055409
5.66,0.00011105702568334754,0.0009561821281422848,0.0,-2.0061429168174567,0.9998350793737001,0.0002919079582577511,0.0002930340107770201,58.03838229200058,61.636544946866756,10.95760799055409
5.68,0.0001068333892597188,0.0009132890305136808,0.0,-2.0061429168174567,0.9998350793737001,0.0002919079582577511,0.0002930340107770201,58.03838229200058,61.636544946866756,10.95760799055409
5.7,0.00010273749041154765,0.0008722022801201539,0.0,-2.0061429168174567,0.9998350793737001,0.0002919079582577511,0.0002930340107770201,58.03838229200058,61.636544946866756,10.95760799055409
5.72,9.876803543124973e-05,0.0008328520604343934,0.0,-2.0061429168174567,0.9998350793737001,0.0002919079582577511,0.0002930340107770201,58.03838229200058,61.636544946866756,10.95760799055409
5.74,9.492349225176985e-05,0.0007951728429173421,0.0,-2.0061429168174567,0.9998350793737001,0.0002919079582577511,0.0002930340107770201,58.03838229200058,61.636544946866756,10.95760799055409
5.76,9.120212039794994e-05,0.0007591012675907498,0.0,-2.0061429168174567,0.9998350793737001,0.0002919079582577511,0.0002930340107770201,58.03838229200058,61.636544946866756,10.95760799055409
5.78,8.760199773003705e-05,0.0007245757137199285,0.0,-2.0061429168174567,0.9998350793737001,0.0002919079582577511,0.0002930340107770201,58.03838229200058,61.636544946866756,10.95760799055409
5.8,8.41210448947225e-05,0.0006915362691117702,0.0,-2.0061429168174567,0.9998350793737001,0.0002919079582577511,0.0002930340107770201,58.03838229200058,61.636544946866756,10.95760799055409
5.82,8.075704777294874e-05,0.0006599247692875142,0.0,-2.0061429168174567,0.9998350793737001,0.0002919079582577511,0.0002930340107770201,58.03838229200058,61.636544946866756,10.95760799055409
5.84,7.75076780638783e-05,0.0006296705458306679,0.0,-2.0061475618548963,0.9998400585742544,0.0002919131508870583,0.0002930004948507238,58.04073491700065,61.639677662821,10.958164917834845
5.86,7.437051629705141e-05,0.0006007505211836658,0.0,-2.0061475618548963,0.9998400585742544,0.0002919131508870583,0.0002930004948507238,58.04073491700065,61.639677662821,10.958164917834845
5.88,7.134306399360332e-05,0.0005730969535638415,0.0,-2.0061475618548963,0.9998400585742544,0.0002919131508870583,0.0002930004948507238,58.04073491700065,61.639677662821,10.958164917834845
5.9,6.842275447111945e-05,0.0005466555864798827,0.0,-2.0061475618548963,0.9998400585742544,0.0002919131508870583,0.0002930004948507238,58.04073491700065,61.639677662821,10.958164917834845
5.92,6.560697234779186e-05,0.0005213767991541663,0.0,-2.0061475618548963,0.9998400585742544,0.0002919131508870583,0.0002930004948507238,58.04073491700065,61.639677662821,10.958164917834845
5.94,6.289306743229177e-05,0.0004972132936758447,0.0,-2.0061475618548963,0.9998400585742544,0.0002919131508870583,0.0002930004948507238,58.04073491700065,61.639677662821,10.958164917834845
5.96,6.027836635591798e-05,0.00047411950454065714,0.0,-2.0061475618548963,0.9998400585742544,0.0002919131508870583,0.0002930004948507238,58.04073491700065,61.639677662821,10.958164917834845
5.98,5.776018287072791e-05,0.00045205144956548485,0.0,-2.0061475618548963,0.9998400585742544,0.0002919131508870583,0.0002930004948507238,58.04073491700065,61.639677662821,10.958164917834845
6.0,5.5335827095305965e-05,0.00043096668544202136,0.0,-2.0061475618548963,0.9998400585742544,0.0002919131508870583,0.0002930004948507238,58.04073491700065,61.639677662821,10.958164917834845
6.0200000000000005,0.010053002613823272,6.072228567902193,0.0,-2.0061475618548963,0.9998400585742544,0.0002919131508870583,0.0002930004948507238,58.04073491700065,61.639677662821,10.958164917834845
6.04,0.01830440068437499,5.617088995604977,0.0,-2.0061501249314,0.9998428048339708,0.00029191635556270317,0.00029297945758188597,58.042253936288965,61.64163866048332,10.95851353964148
6.0600000000000005,0.023217154321539576,4.101530147121896,0.0,-2.0061501249314,0.9998428048339708,0.00029191635556270317,0.00029297945758188597,58.042253936288965,61.64163866048332,10.95851353964148
6.08,0.025399518866889532,2.7634625719705084,0.0,-2.0061501249314,0.9998428048339708,0.00029191635556270317,0.00029297945758188597,58.042253936288965,61.64163866048332,10.95851353964148
6.1000000000000005,0.025700817580198473,1.7819511691412941,0.0,-2.0061501249314,0.9998428048339708,0.00029191635556270317,0.00029297945758188597,58.042253936288965,61.64163866048332,10.95851353964148
6.12,0.02480202403761088,1.102798552428575,0.0,-2.0061501249314,0.9998428048339708,0.00029191635556270317,0.00029297945758188597,58.042253936288965,61.64163866048332,10.95851353964148
6.140000000000001,0.023183608692991506,0.6431443275704574,0.0,-2.0061501249314,0.9998428048339708,0.00029191635556270317,0.00029297945758188597,58.042253936288965,61.64163866048332,10.95851353964148
6.16,0.021168737581364484,0.3350658857871769,0.0,-2.0061501249314,0.9998428048339708,0.00029191635556270317,0.00029297945758188597,58.042253936288965,61.64163866048332,10.95851353964148
6.18,0.01896945893428946,0.12975934304029435,0.0,-2.0061501249314,0.9998428048339708,0.00029191635556270317,0.00029297945758188597,58.042253936288965,61.64163866048332,10.95851353964148
6.2,0.016722206764127057,-0.006346478654811305,0.0,-2.0061501249314,0.9998428048339708,0.00029191635556270317,0.00029297945758188597,58.042253936288965,61.64163866048332,10.95851353964148
6.22,0.014512770314798267,-0.09597512679037523,0.0,-2.0061501249314,0.9998428048339708,0.00029191635556270317,0.00029297945758188597,58.042253936288965,61.64163866048332,10.95851353964148
6.24,0.012393311287295226,0.427415654366202,0.0,-2.6341365330086286,1.5598481983318548,0.001329809888209096,0.0003131561780744254,67.02927807397505,28.452116900871868,5.058154115710554
6.26,0.010223444472429068,0.27504010313849925,0.0,-2.6341365330086286,1.5598481983318548,0.001329809888209096,0.0003131561780744254,67.02927807397505,28.452116900871868,5.058154115710554
6.28,0.007880831196018444,0.0788120417517102,0.0,-2.6341365330086286,1.5598481983318548,0.001329809888209096,0.0003131561780744254,67.02927807397505,28.452116900871868,5.058154115710554
6.3,0.005452772253945303,-0.10244600525647485,0.0,-2.6341365330086286,1.5598481983318548,0.001329809888209096,0.0003131561780744254,67.02927807397505,28.452116900871868,5.058154115710554
6.32,0.0030344905172241723,-0.26034220009518694,0.0,-2.6341365330086286,1.5598481983318548,0.001329809888209096,0.0003131561780744254,67.02927807397505,28.452116900871868,5.058154115710554
6.34,0.0007100458411687209,-0.392011886777906,0.0,-2.6341365330086286,1.5598481983318548,0.001329809888209096,0.0003131561780744254,67.02927807397505,28.452116900871868,5.058154115710554
6.36,-0.0014504336350647847,-0.4961845619946802,0.0,-2.6341365330086286,1.5598481983318548,0.001329809888209096,0.0003131561780744254,67.02927807397505,28.452116900871868,5.058154115710554
6.38,-0.0033915214291005188,-0.5727383477774858,0.0,-2.6341365330086286,1.5598481983318548,0.001329809888209096,0.0003131561780744254,67.02927807397505,28.452116900871868,5.058154115710554
6.4,-0.005072550826690189,-0.6225322584857453,0.0,-2.6341365330086286,1.5598481983318548,0.001329809888209096,0.0003131561780744254,67.02927807397505,28.452116900871868,5.058154115710554
6.42,-0.006467141385497808,-0.6472481445414554,0.0,-2.6341365330086286,1.5598481983318548,0.001329809888209096,0.0003131561780744254,67.02927807397505,28.452116900871868,5.058154115710554
6.44,-0.007562286728807604,-0.7223054221859442,0.0,-2.02742883224767,1.0198399786889434,0.0003316918194451579,0.00029241075065992474,56.9057236027875,58.36447571798403,10.375906794308271
6.46,-0.00833569430725869,-0.6091308556182014,0.0,-2.02742883224767,1.0198399786889434,0.0003316918194451579,0.00029241075065992474,56.9057236027875,58.36447571798403,10.375906794308271
6.48,-0.008803418138259399,-0.4874358527468796,0.0,-2.02742883224767,1.0198399786889434,0.0003316918194451579,0.00029241075065992474,56.9057236027875,58.36447571798403,10.375906794308271
6.5,-0.009037189292456628,-0.3899142272947079,0.0,-2.02742883224767,1.0198399786889434,0.0003316918194451579,0.00029241075065992474,56.9057236027875,58.36447571798403,10.375906794308271
6.5200000000000005,-0.009102675598551978,-0.31696083576797435,0.0,-2.02742883224767,1.0198399786889434,0.0003316918194451579,0.00029241075065992474,56.9057236027875,58.36447571798403,10.375906794308271
6.54,-0.009050208879724532,-0.26334591346081865,0.0,-2.02742883224767,1.0198399786889434,0.0003316918194451579,0.00029241075065992474,56.9057236027875,58.36447571798403,10.375906794308271
6.5600000000000005,-0.008916519181621943,-0.2240082606716014,0.0,-2.02742883224767,1.0198399786889434,0.0003316918194451579,0.00029241075065992474,56.9057236027875,58.36447571798403,10.375906794308271
6.58,-0.008727980337835733,-0.19501192010057317,0.0,-2.02742883224767,1.0198399786889434,0.0003316918194451579,0.00029241075065992474,56.9057236027875,58.36447571798403,10.375906794308271
6.6000000000000005,-0.008503411121076195,-0.17346619937311109,0.0,-2.02742883224767,1.0198399786889434,0.0003316918194451579,0.00029241075065992474,56.9057236027875,58.36447571798403,10.375906794308271
6.62,-0.008256193057323053,-0.15728532788169172,0.0,-2.02742883224767,1.0198399786889434,0.0003316918194451579,0.00029241075065992474,56.9057236027875,58.36447571798403,10.375906794308271
6.640000000000001,-0.007995812114928115,-0.18039021423788357,0.0,-2.0438931730499634,1.0328234670630645,0.00035737658619200446,0.0002996819108074064,59.658388077605174,55.84046158534063,9.927193170727222
6.66,-0.007718596866736193,-0.1641163293397261,0.0,-2.0438931730499634,1.0328234670630645,0.00035737658619200446,0.0002996819108074064,59.658388077605174,55.84046158534063,9.927193170727222
6.68,-0.007420797545868095,-0.14442061380714905,0.0,-2.0438931730499634,1.0328234670630645,0.00035737658619200446,0.0002996819108074064,59.658388077605174,55.84046158534063,9.927193170727222
6.7,-0.00711106646365701,-0.12796181639285326,0.0,-2.0438931730499634,1.0328234670630645,0.00035737658619200446,0.0002996819108074064,59.658388077605174,55.84046158534063,9.927193170727222
6.72,-0.006798034614662699,-0.11524058120658837,0.0,-2.0438931730499634,1.0328234670630645,0.00035737658619200446,0.0002996819108074064,59.658388077605174,55.84046158534063,9.927193170727222
6.74,-0.0064882698944073395,-0.10562834793398304,0.0,-2.0438931730499634,1.0328234670630645,0.00035737658619200446,0.0002996819108074064,59.658388077605174,55.84046158534063,9.927193170727222
6.76,-0.006186356044810699,-0.09842248934958767,0.0,-2.0438931730499634,1.0328234670630645,0.00035737658619200446,0.0002996819108074064,59.658388077605174,55.84046158534063,9.927193170727222
6.78,-0.005895311391675926,-0.09303820331534876,0.0,-2.0438931730499634,1.0328234670630645,0.00035737658619200446,0.0002996819108074064,59.658388077605174,55.84046158534063,9.927193170727222
6.8,-0.0056169848821363885,-0.08901956637982833,0.0,-2.0438931730499634,1.0328234670630645,0.00035737658619200446,0.0002996819108074064,59.658388077605174,55.84046158534063,9.927193170727222
6.82,-0.005352372499707051,-0.0860179366474692,0.0,-2.0438931730499634,1.0328234670630645,0.00035737658619200446,0.0002996819108074064,59.658388077605174,55.84046158534063,9.927193170727222
6.84,-0.005101859142480415,-0.09620625505367765,0.0,-2.0498233262168912,1.0368105439680466,0.0003660302677146572,0.0003090895474245316,61.04184032077971,54.47878140575922,9.685116694357195
6.86,-0.004861758624155974,-0.09188980925420517,0.0,-2.0498233262168912,1.0368105439680466,0.0003660302677146572,0.0003090895474245316,61.04184032077971,54.47878140575922,9.685116694357195
6.88,-0.004628835726617191,-0.08619103827470742,0.0,-2.0498233262168912,1.0368105439680466,0.0003660302677146572,0.0003090895474245316,61.04184032077971,54.47878140575922,9.685116694357195
6.9,-0.004404552521228284,-0.08148329307835178,0.0,-2.0498233262168912,1.0368105439680466,0.0003660302677146572,0.0003090895474245316,61.04184032077971,54.47878140575922,9.685116694357195
6.92,-0.004190540186002855,-0.07795922554444439,0.0,-2.0498233262168912,1.0368105439680466,0.0003660302677146572,0.0003090895474245316,61.04184032077971,54.47878140575922,9.685116694357195
6.94,-0.003987857940701774,-0.07541886326523642,0.0,-2.0498233262168912,1.0368105439680466,0.0003660302677146572,0.0003090895474245316,61.04184032077971,54.47878140575922,9.685116694357195
6.96,-0.003797001882483206,-0.07363267904343779,0.0,-2.0498233262168912,1.0368105439680466,0.0003660302677146572,0.0003090895474245316,61.04184032077971,54.47878140575922,9.685116694357195
6.98,-0.003618033886746261,-0.07240712839004367,0.0,-2.0498233262168912,1.0368105439680466,0.0003660302677146572,0.0003090895474245316,61.04184032077971,54.47878140575922,9.685116694357195
7.0,-0.003450705883469128,-0.07158965842796315,0.0,-2.0498233262168912,1.0368105439680466,0.0003660302677146572,0.0003090895474245316,61.04184032077971,54.47878140575922,9.685116694357195
7.0200000000000005,-0.0032945596365469773,-0.07106270679929975,0.0,-2.0498233262168912,1.0368105439680466,0.0003660302677146572,0.0003090895474245316,61.04184032077971,54.47878140575922,9.685116694357195
7.04,-0.003149002946722929,-0.07785854396682494,0.0,-2.0526252808844605,1.0377685054962285,0.00036740635122922927,0.0003206207098112313,62.61453212190645,53.505953707337284,9.512169547971073
7.0600000000000005,-0.0030112810924538425,-0.07618389804242055,0.0,-2.0526252808844605,1.0377685054962285,0.00036740635122922927,0.0003206207098112313,62.61453212190645,53.505953707337284,9.512169547971073
7.08,-0.0028790249974588976,-0.07358320554496912,0.0,-2.0526252808844605,1.0377685054962285,0.00036740635122922927,0.0003206207098112313,62.61453212190645,53.505953707337284,9.512169547971073
7.1000000000000005,-0.002752651599461196,-0.0714139198996075,0.0,-2.0526252808844605,1.0377685054962285,0.00036740635122922927,0.0003206207098112313,62.61453212190645,53.505953707337284,9.512169547971073
7.12,-0.0026327598084326005,-0.06980702520941771,0.0,-2.0526252808844605,1.0377685054962285,0.00036740635122922927,0.0003206207098112313,62.61453212190645,53.505953707337284,9.512169547971073
7.140000000000001,-0.002519698441850706,-0.06867272577463265,0.0,-2.0526252808844605,1.0377685054962285,0.00036740635122922927,0.0003206207098112313,62.61453212190645,53.505953707337284,9.512169547971073
7.16,-0.002413556368531704,-0.06790035675524675,0.0,-2.0526252808844605,1.0377685054962285,0.00036740635122922927,0.0003206207098112313,62.61453212190645,53.505953707337284,9.512169547971073
7.18,-0.0023142217711974097,-0.06739475356681991,0.0,-2.0526252808844605,1.0377685054962285,0.00036740635122922927,0.0003206207098112313,62.61453212190645,53.505953707337284,9.512169547971073
7.2,-0.002221441713663669,-0.06707997551858755,0.0,-2.0526252808844605,1.0377685054962285,0.00036740635122922927,0.0003206207098112313,62.61453212190645,53.505953707337284,9.512169547971073
7.22,-0.0021348706486333593,-0.06689698405909386,0.0,-2.0526252808844605,1.0377685054962285,0.00036740635122922927,0.0003206207098112313,62.61453212190645,53.505953707337284,9.512169547971073
7.24,-0.0020541077619269203,-0.0723213234940964,0.0,-2.0465106589993356,1.0300793862983524,0.0003451939268975423,0.0003343110661405165,65.57677201798204,53.994173381481296,9.598964156707787
7.26,-0.0019771083257248082,-0.07121325694024934,0.0,-2.0465106589993356,1.0300793862983524,0.0003451939268975423,0.0003343110661405165,65.57677201798204,53.994173381481296,9.598964156707787
7.28,-0.0019021223305831416,-0.06931633531905163,0.0,-2.0465106589993356,1.0300793862983524,0.0003451939268975423,0.0003343110661405165,65.57677201798204,53.994173381481296,9.598964156707787
7.3,-0.0018295563236780613,-0.06769486747215137,0.0,-2.0465106589993356,1.0300793862983524,0.0003451939268975423,0.0003343110661405165,65.57677201798204,53.994173381481296,9.598964156707787
7.32,-0.0017599824591615874,-0.06646908735831128,0.0,-2.0465106589993356,1.0300793862983524,0.0003451939268975423,0.0003343110661405165,65.57677201798204,53.994173381481296,9.598964156707787
7.34,-0.0016937952476332088,-0.06558326319507421,0.0,-2.0465106589993356,1.0300793862983524,0.0003451939268975423,0.0003343110661405165,65.57677201798204,53.994173381481296,9.598964156707787
7.36,-0.0016311951608829686,-0.06496128637321232,0.0,-2.0465106589993356,1.0300793862983524,0.0003451939268975423,0.0003343110661405165,65.57677201798204,53.994173381481296,9.598964156707787
7.38,-0.0015722285054141152,-0.06453612585299578,0.0,-2.0465106589993356,1.0300793862983524,0.0003451939268975423,0.0003343110661405165,65.57677201798204,53.994173381481296,9.598964156707787
7.4,-0.0015168296310148904,-0.06425359586852597,0.0,-2.0465106589993356,1.0300793862983524,0.0003451939268975423,0.0003343110661405165,65.57677201798204,53.994173381481296,9.598964156707787
7.42,-0.0014648560126083992,-0.06407115300889746,0.0,-2.0465106589993356,1.0300793862983524,0.0003451939268975423,0.0003343110661405165,65.57677201798204,53.994173381481296,9.598964156707787
7.44,-0.001416115675906035,-0.07075248736022428,0.0,-2.0068673580096394,0.9915967888945258,0.00024265605746511736,0.0003428750180286331,73.19845781474635,61.45903920093749,10.926051413499998
7.46,-0.0013683978235908296,-0.06950020831935019,0.0,-2.0068673580096394,0.9915967888945258,0.00024265605746511736,0.0003428750180286331,73.19845781474635,61.45903920093749,10.926051413499998
7.48,-0.0013198114701486463,-0.06709158467587233,0.0,-2.0068673580096394,0.9915967888945258,0.00024265605746511736,0.0003428750180286331,73.19845781474635,61.45903920093749,10.926051413499998
7.5,-0.0012711219246968955,-0.06503364962098565,0.0,-2.0068673580096394,0.9915967888945258,0.00024265605746511736,0.0003428750180286331,73.19845781474635,61.45903920093749,10.926051413499998
7.5200000000000005,-0.0012233297507518153,-0.06352926597567893,0.0,-2.0068673580096394,0.9915967888945258,0.00024265605746511736,0.0003428750180286331,73.19845781474635,61.45903920093749,10.926051413499998
7.54,-0.0011771763813726056,-0.06249315624871936,0.0,-2.0068673580096394,0.9915967888945258,0.00024265605746511736,0.0003428750180286331,73.19845781474635,61.45903920093749,10.926051413499998
7.5600000000000005,-0.001133114370778461,-0.061803202116152145,0.0,-2.0068673580096394,0.9915967888945258,0.00024265605746511736,0.0003428750180286331,73.19845781474635,61.45903920093749,10.926051413499998
7.58,-0.0010913709849807302,-0.06135581358147778,0.0,-2.0068673580096394,0.9915967888945258,0.00024265605746511736,0.0003428750180286331,73.19845781474635,61.45903920093749,10.926051413499998
7.6000000000000005,-0.001052015731878679,-0.061072830300372236,0.0,-2.0068673580096394,0.9915967888945258,0.00024265605746511736,0.0003428750180286331,73.19845781474635,61.45903920093749,10.926051413499998
7.62,-0.001015014022755967,-0.0608977451144707,0.0,-2.0068673580096394,0.9915967888945258,0.00024265605746511736,0.0003428750180286331,73.19845781474635,61.45903920093749,10.926051413499998
7.640000000000001,-0.000980266389058973,-0.07819875080178045,0.0,-1.9066735481590584,0.8993927899806307,1.0683584017831545e-05,0.000331651618135469,97.9817900718576,100.06156780779358,17.788723165829968
7.66,-0.0009425384394271628,-0.07373753548492085,0.0,-1.9066735481590584,0.8993927899806307,1.0683584017831545e-05,0.000331651618135469,97.9817900718576,100.06156780779358,17.788723165829968
7.68,-0.0008978322602267216,-0.06494722439212311,0.0,-1.9066735481590584,0.8993927899806307,1.0683584017831545e-05,0.000331651618135469,97.9817900718576,100.06156780779358,17.788723165829968
7.7,-0.0008497461281209862,-0.05892994535984809,0.0,-1.9066735481590584,0.8993927899806307,1.0683584017831545e-05,0.000331651618135469,97.9817900718576,100.06156780779358,17.788723165829968
7.72,-0.0008023125868383395,-0.0564683730563707,0.0,-1.9066735481590584,0.8993927899806307,1.0683584017831545e-05,0.000331651618135469,97.9817900718576,100.06156780779358,17.788723165829968
7.74,-0.0007577150300059378,-0.05613741479657933,0.0,-1.9066735481590584,0.8993927899806307,1.0683584017831545e-05,0.000331651618135469,97.9817900718576,100.06156780779358,17.788723165829968
7.76,-0.0007164896252843805,-0.05653125136864791,0.0,-1.9066735481590584,0.8993927899806307,1.0683584017831545e-05,0.000331651618135469,97.9817900718576,100.06156780779358,17.788723165829968
7.78,-0.000678357683669523,-0.05690400407899678,0.0,-1.9066735481590584,0.8993927899806307,1.0683584017831545e-05,0.000331651618135469,97.9817900718576,100.06156780779358,17.788723165829968
7.8,-0.0006428539829167433,-0.05704943992853781,0.0,-1.9066735481590584,0.8993927899806307,1.0683584017831545e-05,0.000331651618135469,97.9817900718576,100.06156780779358,17.788723165829968
7.82,-0.0006096026358480538,-0.05701469413799225,0.0,-1.9066735481590584,0.8993927899806307,1.0683584017831545e-05,0.000331651618135469,97.9817900718576,100.06156780779358,17.788723165829968
7.84,-0.0005783613042336464,-0.09758842485156592,0.0,-1.8174888692087954,0.8191593115338173,-0.00016897798406828487,0.0003085626100310168,167.8009305147671,234.48021872711212,41.68537221815326
7.86,-0.0005370616173170327,-0.07221259123321294,0.0,-1.8174888692087954,0.8191593115338173,-0.00016897798406828487,0.0003085626100310168,167.8009305147671,234.48021872711212,41.68537221815326
7.88,-0.00048099278499828986,-0.034276988694313726,0.0,-1.8174888692087954,0.8191593115338173,-0.00016897798406828487,0.0003085626100310168,167.8009305147671,234.48021872711212,41.68537221815326
7.9,-0.00042834045311937116,-0.034571530299878514,0.0,-1.8174888692087954,0.8191593115338173,-0.00016897798406828487,0.0003085626100310168,167.8009305147671,234.48021872711212,41.68537221815326
7.92,-0.00038979448676271754,-0.059332918079983185,0.0,-1.8174888692087954,0.8191593115338173,-0.00016897798406828487,0.0003085626100310168,167.8009305147671,234.48021872711212,41.68537221815326
7.94,-0.00035777424957605247,-0.06923908464295933,0.0,-1.8174888692087954,0.8191593115338173,-0.00016897798406828487,0.0003085626100310168,167.8009305147671,234.48021872711212,41.68537221815326
7.96,-0.00032192592485740315,-0.056754644940542526,0.0,-1.8174888692087954,0.8191593115338173,-0.00016897798406828487,0.0003085626100310168,167.8009305147671,234.48021872711212,41.68537221815326
7.98,-0.000282778310568459,-0.04463515154803144,0.0,-1.8174888692087954,0.8191593115338173,-0.00016897798406828487,0.0003085626100310168,167.8009305147671,234.48021872711212,41.68537221815326
8.0,-0.010247289061444991,-22.615056184037535,0.0,-1.8174888692087954,0.8191593115338173,-0.00016897798406828487,0.0003085626100310168,167.8009305147671,234.48021872711212,41.68537221815326
8.02,-0.013641518115477506,-9.554352395161068,0.0,-1.8174888692087954,0.8191593115338173,-0.00016897798406828487,0.0003085626100310168,167.8009305147671,234.48021872711212,41.68537221815326
8.040000000000001,-0.007702490498022056,-0.1836753569412884,0.0,10.492034335962217,-9.881954048389138,0.006100256510436682,-0.030028561027461476,72.87439886033007,7.28701422765254,1.295469196027118
8.06,0.0010393742478981372,0.6350837181049624,0.0,10.492034335962217,-9.881954048389138,0.006100256510436682,-0.030028561027461476,72.87439886033007,7.28701422765254,1.295469196027118
8.08,0.009655615069814829,1.2562572043342577,0.0,10.492034335962217,-9.881954048389138,0.006100256510436682,-0.030028561027461476,72.87439886033007,7.28701422765254,1.295469196027118
8.1,0.017779012832681587,1.818912901322082,0.0,10.492034335962217,-9.881954048389138,0.006100256510436682,-0.030028561027461476,72.87439886033007,7.28701422765254,1.295469196027118
8.120000000000001,0.025114340053737347,2.3060845785055024,0.0,10.492034335962217,-9.881954048389138,0.006100256510436682,-0.030028561027461476,72.87439886033007,7.28701422765254,1.295469196027118
8.14,0.03140077719065853,2.70084102433411,0.0,10.492034335962217,-9.881954048389138,0.006100256510436682,-0.030028561027461476,72.87439886033007,7.28701422765254,1.295469196027118
8.16,0.03642016915316404,2.9898631823904083,0.0,10.492034335962217,-9.881954048389138,0.006100256510436682,-0.030028561027461476,72.87439886033007,7.28701422765254,1.295469196027118
8.18,0.04000443171899388,3.163936123209636,0.0,10.492034335962217,-9.881954048389138,0.006100256510436682,-0.030028561027461476,72.87439886033007,7.28701422765254,1.295469196027118
8.2,0.042040987469614585,3.2182256395791473,0.0,10.492034335962217,-9.881954048389138,0.006100256510436682,-0.030028561027461476,72.87439886033007,7.28701422765254,1.295469196027118
8.22,0.04247607316829595,3.1523899672811537,0.0,10.492034335962217,-9.881954048389138,0.006100256510436682,-0.030028561027461476,72.87439886033007,7.28701422765254,1.295469196027118
8.24,0.04131585582100146,2.1032453125187667,0.0,-2.0040439844676166,0.9970684469192937,0.0002913983546960507,0.0002931682280399956,59.16043500643981,61.60121523529179,10.951327152940763
8.26,0.03887910041696817,1.3079965053443736,0.0,-2.0040439844676166,0.9970684469192937,0.0002913983546960507,0.0002931682280399956,59.16043500643981,61.60121523529179,10.951327152940763
8.28,0.03568988442502518,0.7512698015806436,0.0,-2.0040439844676166,0.9970684469192937,0.0002913983546960507,0.0002931682280399956,59.16043500643981,61.60121523529179,10.951327152940763
8.3,0.03212354784005338,0.3733622200081821,0.0,-2.0040439844676166,0.9970684469192937,0.0002913983546960507,0.0002931682280399956,59.16043500643981,61.60121523529179,10.951327152940763
8.32,0.02843101676014708,0.12083831875573159,0.0,-2.0040439844676166,0.9970684469192937,0.0002913983546960507,0.0002931682280399956,59.16043500643981,61.60121523529179,10.951327152940763
8.34,0.024773456542571837,-0.04587416649585219,0.0,-2.0040439844676166,0.9970684469192937,0.0002913983546960507,0.0002931682280399956,59.16043500643981,61.60121523529179,10.951327152940763
8.36,0.021250475101470826,-0.15442336880885388,0.0,-2.0040439844676166,0.9970684469192937,0.0002913983546960507,0.0002931682280399956,59.16043500643981,61.60121523529179,10.951327152940763
8.38,0.0179204038559463,-0.22372232605105702,0.0,-2.0040439844676166,0.9970684469192937,0.0002913983546960507,0.0002931682280399956,59.16043500643981,61.60121523529179,10.951327152940763
8.4,0.014814282122483107,-0.2666030647377742,0.0,-2.0040439844676166,0.9970684469192937,0.0002913983546960507,0.0002931682280399956,59.16043500643981,61.60121523529179,10.951327152940763
8.42,0.011945339385691908,-0.2917427772857113,0.0,-2.0040439844676166,0.9970684469192937,0.0002913983546960507,0.0002931682280399956,59.16043500643981,61.60121523529179,10.951327152940763
8.44,0.009315372852462716,-0.31606907634688675,0.0,-2.0057321798426315,0.9994205455064014,0.00029207299570733304,0.00029236680099965415,58.08500436214843,61.67679670556964,10.964763858767936
8.46,0.0069222548066642554,-0.31668511167791336,0.0,-2.0057321798426315,0.9994205455064014,0.00029207299570733304,0.00029236680099965415,58.08500436214843,61.67679670556964,10.964763858767936
8.48,0.004758170913400013,-0.3109512893493631,0.0,-2.0057321798426315,0.9994205455064014,0.00029207299570733304,0.00029236680099965415,58.08500436214843,61.67679670556964,10.964763858767936
8.5,0.0028079497110617586,-0.3035184943143554,0.0,-2.0057321798426315,0.9994205455064014,0.00029207299570733304,0.00029236680099965415,58.08500436214843,61.67679670556964,10.964763858767936
8.52,0.0010554126250203967,-0.2956347465123854,0.0,-2.0057321798426315,0.9994205455064014,0.00029207299570733304,0.00029236680099965415,58.08500436214843,61.67679670556964,10.964763858767936
8.540000000000001,-0.000515000387948639,-0.2876400919939296,0.0,-2.0057321798426315,0.9994205455064014,0.00029207299570733304,0.00029236680099965415,58.08500436214843,61.67679670556964,10.964763858767936
8.56,-0.0019178637267048524,-0.27963403835084716,0.0,-2.0057321798426315,0.9994205455064014,0.00029207299570733304,0.00029236680099965415,58.08500436214843,61.67679670556964,10.964763858767936
8.58,-0.003166729232044604,-0.2716531770689022,0.0,-2.0057321798426315,0.9994205455064014,0.00029207299570733304,0.00029236680099965415,58.08500436214843,61.67679670556964,10.964763858767936
8.6,-0.004274171758079295,-0.2637178468624398,0.0,-2.0057321798426315,0.9994205455064014,0.00029207299570733304,0.00029236680099965415,58.08500436214843,61.67679670556964,10.964763858767936
8.620000000000001,-0.0052518518177413764,-0.2558440052551608,0.0,-2.0057321798426315,0.9994205455064014,0.00029207299570733304,0.00029236680099965415,58.08500436214843,61.67679670556964,10.964763858767936
8.64,-0.006110578540889829,-0.24802503726521224,0.0,-2.0058641682214744,0.9995548919910043,0.00029213822615480403,0.0002923214127886664,58.08214200607874,61.6788040438135,10.96512071890018
8.66,-0.0068603751808053596,-0.2403160512809041,0.0,-2.0058641682214744,0.9995548919910043,0.00029213822615480403,0.0002923214127886664,58.08214200607874,61.6788040438135,10.96512071890018
8.68,-0.0075105282159200785,-0.23271293237866142,0.0,-2.0058641682214744,0.9995548919910043,0.00029213822615480403,0.0002923214127886664,58.08214200607874,61.6788040438135,10.96512071890018
8.700000000000001,-0.008069631082322087,-0.22522252377512214,0.0,-2.0058641682214744,0.9995548919910043,0.00029213822615480403,0.0002923214127886664,58.08214200607874,61.6788040438135,10.96512071890018
8.72,-0.008545637673315662,-0.21785366586145483,0.0,-2.0058641682214744,0.9995548919910043,0.00029213822615480403,0.0002923214127886664,58.08214200607874,61.6788040438135,10.96512071890018
8.74,-0.008945908012684148,-0.21061482560633824,0.0,-2.0058641682214744,0.9995548919910043,0.00029213822615480403,0.0002923214127886664,58.08214200607874,61.6788040438135,10.96512071890018
8.76,-0.009277249705438537,-0.20351350763467954,0.0,-2.0058641682214744,0.9995548919910043,0.00029213822615480403,0.0002923214127886664,58.08214200607874,61.6788040438135,10.96512071890018
8.78,-0.009545956292348869,-0.19655615028384704,0.0,-2.0058641682214744,0.9995548919910043,0.00029213822615480403,0.0002923214127886664,58.08214200607874,61.6788040438135,10.96512071890018
8.8,-0.0097578429518689,-0.18974815484396682,0.0,-2.0058641682214744,0.9995548919910043,0.00029213822615480403,0.0002923214127886664,58.08214200607874,61.6788040438135,10.96512071890018
8.82,-0.009918279795766599,-0.1830939511505337,0.0,-2.0058641682214744,0.9995548919910043,0.00029213822615480403,0.0002923214127886664,58.08214200607874,61.6788040438135,10.96512071890018
8.84,-0.010032222940286216,-0.17663523655775698,0.0,-2.005882464305048,0.9995707537438964,0.000292151036895475,0.0002923225093201679,58.08532821631515,61.67786240429795,10.964953316319635
8.86,-0.010104232332306331,-0.17029199283100693,0.0,-2.005882464305048,0.9995707537438964,0.000292151036895475,0.0002923225093201679,58.08532821631515,61.67786240429795,10.964953316319635
8.88,-0.010138511799105701,-0.16410421819203513,0.0,-2.005882464305048,0.9995707537438964,0.000292151036895475,0.0002923225093201679,58.08532821631515,61.67786240429795,10.964953316319635
8.9,-0.010138947344065539,-0.15808163779763215,0.0,-2.005882464305048,0.9995707537438964,0.000292151036895475,0.0002923225093201679,58.08532821631515,61.67786240429795,10.964953316319635
8.92,-0.01010911715408514,-0.15222599762384736,0.0,-2.005882464305048,0.9995707537438964,0.000292151036895475,0.0002923225093201679,58.08532821631515,61.67786240429795,10.964953316319635
8.94,-0.010052310861606656,-0.14653690117644327,0.0,-2.005882464305048,0.9995707537438964,0.000292151036895475,0.0002923225093201679,58.08532821631515,61.67786240429795,10.964953316319635
8.96,-0.009971549945787693,-0.1410132882524072,0.0,-2.005882464305048,0.9995707537438964,0.000292151036895475,0.0002923225093201679,58.08532821631515,61.67786240429795,10.964953316319635
8.98,-0.009869607259699764,-0.135653783334891,0.0,-2.005882464305048,0.9995707537438964,0.000292151036895475,0.0002923225093201679,58.08532821631515,61.67786240429795,10.964953316319635
9.0,-0.00974902527201683,-0.13045676619752003,0.0,-2.005882464305048,0.9995707537438964,0.000292151036895475,0.0002923225093201679,58.08532821631515,61.67786240429795,10.964953316319635
9.02,-0.00961213301587979,-0.12542038431203717,0.0,-2.005882464305048,0.9995707537438964,0.000292151036895475,0.0002923225093201679,58.08532821631515,61.67786240429795,10.964953316319635
9.040000000000001,-0.00946106182783846,-0.12044192941435641,0.0,-2.005867185931547,0.9995620771919538,0.0002921340970805671,0.0002923086571938295,58.07680975921415,61.680743074430396,10.965465435454293
9.06,-0.009297789437574816,-0.11573988803327742,0.0,-2.005867185931547,0.9995620771919538,0.0002921340970805671,0.0002923086571938295,58.07680975921415,61.680743074430396,10.965465435454293
9.08,-0.009124118566226894,-0.11120807689302589,0.0,-2.005867185931547,0.9995620771919538,0.0002921340970805671,0.0002923086571938295,58.07680975921415,61.680743074430396,10.965465435454293
9.1,-0.008941655435638482,-0.10682119866142827,0.0,-2.005867185931547,0.9995620771919538,0.0002921340970805671,0.0002923086571938295,58.07680975921415,61.680743074430396,10.965465435454293
9.120000000000001,-0.008751858420700741,-0.10257384337843414,0.0,-2.005867185931547,0.9995620771919538,0.0002921340970805671,0.0002923086571938295,58.07680975921415,61.680743074430396,10.965465435454293
9.14,-0.008556056258432126,-0.0984646948314756,0.0,-2.005867185931547,0.9995620771919538,0.0002921340970805671,0.0002923086571938295,58.07680975921415,61.680743074430396,10.965465435454293
9.16,-0.008355458415308511,-0.09449268610120316,0.0,-2.005867185931547,0.9995620771919538,0.0002921340970805671,0.0002923086571938295,58.07680975921415,61.680743074430396,10.965465435454293
9.18,-0.00815116342886951,-0.09065623652156064,0.0,-2.005867185931547,0.9995620771919538,0.0002921340970805671,0.0002923086571938295,58.07680975921415,61.680743074430396,10.965465435454293
9.200000000000001,-0.007944166625540483,-0.08695323057923797,0.0,-2.005867185931547,0.9995620771919538,0.0002921340970805671,0.0002923086571938295,58.07680975921415,61.680743074430396,10.965465435454293
9.22,-0.007735367493099417,-0.08338113850606409,0.0,-2.005867185931547,0.9995620771919538,0.0002921340970805671,0.0002923086571938295,58.07680975921415,61.680743074430396,10.965465435454293
9.24,-0.00752557672528093,-0.0798727964072548,0.0,-2.005865707096092,0.9995658313658053,0.00029212617757707227,0.00029229430435132964,58.07009575313167,61.683128776060705,10.96588956018857
9.26,-0.007315541753113419,-0.07656705964638436,0.0,-2.005865707096092,0.9995658313658053,0.00029212617757707227,0.00029229430435132964,58.07009575313167,61.683128776060705,10.96588956018857
9.28,-0.0071059304749581725,-0.07339354223147476,0.0,-2.005865707096092,0.9995658313658053,0.00029212617757707227,0.00029229430435132964,58.07009575313167,61.683128776060705,10.96588956018857
9.3,-0.006897315427307371,-0.07033443403749462,0.0,-2.005865707096092,0.9995658313658053,0.00029212617757707227,0.00029229430435132964,58.07009575313167,61.683128776060705,10.96588956018857
9.32,-0.0066902032289018485,-0.06738486613303862,0.0,-2.005865707096092,0.9995658313658053,0.00029212617757707227,0.00029229430435132964,58.07009575313167,61.683128776060705,10.96588956018857
9.34,-0.006485044423100702,-0.06454266561930358,0.0,-2.005865707096092,0.9995658313658053,0.00029212617757707227,0.00029229430435132964,58.07009575313167,61.683128776060705,10.96588956018857
9.36,-0.006282238386854435,-0.06180587261850405,0.0,-2.005865707096092,0.9995658313658053,0.00029212617757707227,0.00029229430435132964,58.07009575313167,61.683128776060705,10.96588956018857
9.38,-0.0060821370644687164,-0.05917225421719713,0.0,-2.005865707096092,0.9995658313658053,0.00029212617757707227,0.00029229430435132964,58.07009575313167,61.683128776060705,10.96588956018857
9.4,-0.0058850484191885506,-0.05663929592480588,0.0,-2.005865707096092,0.9995658313658053,0.00029212617757707227,0.00029229430435132964,58.07009575313167,61.683128776060705,10.96588956018857
9.42,-0.005691239769253686,-0.054204281912674596,0.0,-2.005865707096092,0.9995658313658053,0.00029212617757707227,0.00029229430435132964,58.07009575313167,61.683128776060705,10.96588956018857
9.44,-0.005500941008517457,-0.051838621000575485,0.0,-2.0058722648691636,0.9995752214204552,0.00029212570773672183,0.0002922842074428512,58.06648761884815,61.68448967114067,10.966131497091673
9.46,-0.0053143552266635245,-0.04959635654391806,0.0,-2.0058722648691636,0.9995752214204552,0.00029212570773672183,0.0002922842074428512,58.06648761884815,61.68448967114067,10.966131497091673
9.48,-0.005131652539151241,-0.04744744672080549,0.0,-2.0058722648691636,0.9995752214204552,0.00029212570773672183,0.0002922842074428512,58.06648761884815,61.68448967114067,10.966131497091673
9.5,-0.004952964133563658,-0.04538311710152294,0.0,-2.0058722648691636,0.9995752214204552,0.00029212570773672183,0.0002922842074428512,58.06648761884815,61.68448967114067,10.966131497091673
9.52,-0.004778394465027395,-0.04339985669062352,0.0,-2.0058722648691636,0.9995752214204552,0.00029212570773672183,0.0002922842074428512,58.06648761884815,61.68448967114067,10.966131497091673
9.540000000000001,-0.00460802551364928,-0.04149528496572821,0.0,-2.0058722648691636,0.9995752214204552,0.00029212570773672183,0.0002922842074428512,58.06648761884815,61.68448967114067,10.966131497091673
9.56,-0.004441919027595957,-0.0396671526801311,0.0,-2.0058722648691636,0.9995752214204552,0.00029212570773672183,0.0002922842074428512,58.06648761884815,61.68448967114067,10.966131497091673
9.58,-0.004280118268850441,-0.03791314774103985,0.0,-2.0058722648691636,0.9995752214204552,0.00029212570773672183,0.0002922842074428512,58.06648761884815,61.68448967114067,10.966131497091673
9.6,-0.004122649622120384,-0.03623089277708259,0.0,-2.0058722648691636,0.9995752214204552,0.00029212570773672183,0.0002922842074428512,58.06648761884815,61.68448967114067,10.966131497091673
9.620000000000001,-0.003969524134622424,-0.03461797772538086,0.0,-2.0058722648691636,0.9995752214204552,0.00029212570773672183,0.0002922842074428512,58.06648761884815,61.68448967114067,10.966131497091673
9.64,-0.0038207389876427178,-0.03306240589551038,0.0,-2.0058811146495796,0.999585570277088,0.0002921282511176595,0.0002922771645253011,58.06459623778868,61.68526026521984,10.966268491594638
9.66,-0.0036762816973532815,-0.031583021450371326,0.0,-2.0058811146495796,0.999585570277088,0.0002921282511176595,0.0002922771645253011,58.06459623778868,61.68526026521984,10.966268491594638
9.68,-0.0035361280305906346,-0.030167329490590908,0.0,-2.0058811146495796,0.999585570277088,0.0002921282511176595,0.0002922771645253011,58.06459623778868,61.68526026521984,10.966268491594638
9.700000000000001,-0.003400239992282663,-0.02881084053642441,0.0,-2.0058811146495796,0.999585570277088,0.0002921282511176595,0.0002922771645253011,58.06459623778868,61.68526026521984,10.966268491594638
9.72,-0.00326857055881461,-0.027511078224282406,0.0,-2.0058811146495796,0.999585570277088,0.0002921282511176595,0.0002922771645253011,58.06459623778868,61.68526026521984,10.966268491594638
9.74,-0.003141065420576387,-0.02626603159223205,0.0,-2.0058811146495796,0.999585570277088,0.0002921282511176595,0.0002922771645253011,58.06459623778868,61.68526026521984,10.966268491594638
9.76,-0.00301766395267843,-0.02507378044748336,0.0,-2.0058811146495796,0.999585570277088,0.0002921282511176595,0.0002922771645253011,58.06459623778868,61.68526026521984,10.966268491594638
9.78,-0.002898299982899278,-0.02393242193260997,0.0,-2.0058811146495796,0.999585570277088,0.0002921282511176595,0.0002922771645253011,58.06459623778868,61.68526026521984,10.966268491594638
9.8,-0.002782902492926753,-0.02284006868817734,0.0,-2.0058811146495796,0.999585570277088,0.0002921282511176595,0.0002922771645253011,58.06459623778868,61.68526026521984,10.966268491594638
9.82,-0.002671396279365778,-0.021794860010242174,0.0,-2.0058811146495796,0.999585570277088,0.0002921282511176595,0.0002922771645253011,58.06459623778868,61.68526026521984,10.966268491594638
9.84,-0.00256370257596014,-0.02079146180668004,0.0,-2.005890158338503,0.9995954193977972,0.00029213184392602406,0.00029227202622637176,58.0635946477182,61.68571435063572,10.966349217890794
9.86,-0.0024597406626314126,-0.019835882269757056,0.0,-2.005890158338503,0.9995954193977972,0.00029213184392602406,0.00029227202622637176,58.0635946477182,61.68571435063572,10.966349217890794
9.88,-0.0023594271578805575,-0.0189226647137793,0.0,-2.005890158338503,0.9995954193977972,0.00029213184392602406,0.00029227202622637176,58.0635946477182,61.68571435063572,10.966349217890794
9.9,-0.0022626753302741197,-0.01804933046439662,0.0,-2.005890158338503,0.9995954193977972,0.00029213184392602406,0.00029227202622637176,58.0635946477182,61.68571435063572,10.966349217890794
9.92,-0.0021693968740235906,-0.017214174071600245,0.0,-2.005890158338503,0.9995954193977972,0.00029213184392602406,0.00029227202622637176,58.0635946477182,61.68571435063572,10.966349217890794
9.94,-0.0020795025761232598,-0.01641569314906304,0.0,-2.005890158338503,0.9995954193977972,0.00029213184392602406,0.00029227202622637176,58.0635946477182,61.68571435063572,10.966349217890794
9.96,-0.001992902691866117,-0.015652449620567402,0.0,-2.005890158338503,0.9995954193977972,0.00029213184392602406,0.00029227202622637176,58.0635946477182,61.68571435063572,10.966349217890794
9.98,-0.001909507238706236,-0.014923041717237594,0.0,-2.005890158338503,0.9995954193977972,0.00029213184392602406,0.00029227202622637176,58.0635946477182,61.68571435063572,10.966349217890794
10.0,-0.001829226259156611,-0.01422610229484541,0.0,-2.005890158338503,0.9995954193977972,0.00029213184392602406,0.00029227202622637176,58.0635946477182,61.68571435063572,10.966349217890794
10.02,-0.0017519700630767327,-0.0135603019307622,0.0,-2.005890158338503,0.9995954193977972,0.00029213184392602406,0.00029227202622637176,58.0635946477182,61.68571435063572,10.966349217890794
10.040000000000001,-0.0016776494504665799,-0.012923096599149732,0.0,-2.0058987167565983,0.9996044077144478,0.0002921356982441671,0.0002922681051392101,58.063072835172164,61.68599162348436,10.966398510841666
10.06,-0.001606176281994502,-0.012316026703708453,0.0,-2.0058987167565983,0.9996044077144478,0.0002921356982441671,0.0002922681051392101,58.063072835172164,61.68599162348436,10.966398510841666
10.08,-0.0015374632158403209,-0.011736552897382804,0.0,-2.0058987167565983,0.9996044077144478,0.0002921356982441671,0.0002922681051392101,58.063072835172164,61.68599162348436,10.966398510841666
10.1,-0.0014714234482102629,-0.01118322819717777,0.0,-2.0058987167565983,0.9996044077144478,0.0002921356982441671,0.0002922681051392101,58.063072835172164,61.68599162348436,10.966398510841666
10.120000000000001,-0.0014079713320697324,-0.010654906384154152,0.0,-2.0058987167565983,0.9996044077144478,0.0002921356982441671,0.0002922681051392101,58.063072835172164,61.68599162348436,10.966398510841666
10.14,-0.0013470225952293851,-0.010150536679780595,0.0,-2.0058987167565983,0.9996044077144478,0.0002921356982441671,0.0002922681051392101,58.063072835172164,61.68599162348436,10.966398510841666
10.16,-0.0012884944510981604,-0.009669113156562603,0.0,-2.0058987167565983,0.9996044077144478,0.0002921356982441671,0.0002922681051392101,58.063072835172164,61.68599162348436,10.966398510841666
10.18,-0.0012323056777438863,-0.009209663881304946,0.0,-2.0058987167565983,0.9996044077144478,0.0002921356982441671,0.0002922681051392101,58.063072835172164,61.68599162348436,10.966398510841666
10.200000000000001,-0.001178376683754577,-0.008771249513382918,0.0,-2.0058987167565983,0.9996044077144478,0.0002921356982441671,0.0002922681051392101,58.063072835172164,61.68599162348436,10.966398510841666
10.22,-0.0011266295649063494,-0.008352963635659835,0.0,-2.0058987167565983,0.9996044077144478,0.0002921356982441671,0.0002922681051392101,58.063072835172164,61.68599162348436,10.966398510841666
10.24,-0.0010769881523095015,-0.007953509966666508,0.0,-2.0059066072885092,0.9996125147856277,0.0002921394973841576,0.0002922649991952562,58.062822315368756,61.686164821917146,10.96642930167416
10.26,-0.0010293781760479888,-0.007572988358806303,0.0,-2.0059066072885092,0.9996125147856277,0.0002921394973841576,0.0002922649991952562,58.062822315368756,61.686164821917146,10.96642930167416
10.28,-0.0009837271461481379,-0.007210140157806237,0.0,-2.0059066072885092,0.9996125147856277,0.0002921394973841576,0.0002922649991952562,58.062822315368756,61.686164821917146,10.96642930167416
10.3,-0.000939964233778433,-0.006864093096292177,0.0,-2.0059066072885092,0.9996125147856277,0.0002921394973841576,0.0002922649991952562,58.062822315368756,61.686164821917146,10.96642930167416
10.32,-0.0008980204476206233,-0.0065340931899635635,0.0,-2.0059066072885092,0.9996125147856277,0.0002921394973841576,0.0002922649991952562,58.062822315368756,61.686164821917146,10.96642930167416
10.34,-0.0008578286740682912,-0.006219434721886432,0.0,-2.0059066072885092,0.9996125147856277,0.0002921394973841576,0.0002922649991952562,58.062822315368756,61.686164821917146,10.96642930167416
10.36,-0.0008193236805208085,-0.005919442518799525,0.0,-2.0059066072885092,0.9996125147856277,0.0002921394973841576,0.0002922649991952562,58.062822315368756,61.686164821917146,10.96642930167416
10.38,-0.0007824421074867252,-0.005633467667485081,0.0,-2.0059066072885092,0.9996125147856277,0.0002921394973841576,0.0002922649991952562,58.062822315368756,61.686164821917146,10.96642930167416
10.4,-0.0007471224558912477,-0.005360886443343399,0.0,-2.0059066072885092,0.9996125147856277,0.0002921394973841576,0.0002922649991952562,58.062822315368756,61.686164821917146,10.96642930167416
10.42,-0.000713305071075665,-0.005101099842977894,0.0,-2.0059066072885092,0.9996125147856277,0.0002921394973841576,0.0002922649991952562,58.062822315368756,61.686164821917146,10.96642930167416
10.44,-0.0006809321238382673,-0.004853409926294731,0.0,-2.005913821091274,0.9996198188609814,0.00029214311765084737,0.00029226246437770095,58.06273141365327,61.68627382790684,10.966448680516772
10.46,-0.0006499476247453404,-0.004617539486647199,0.0,-2.005913821091274,0.9996198188609814,0.00029214311765084737,0.00029226246437770095,58.06273141365327,61.68627382790684,10.966448680516772
10.48,-0.0006202973558356768,-0.004392828879176584,0.0,-2.005913821091274,0.9996198188609814,0.00029214311765084737,0.00029226246437770095,58.06273141365327,61.68627382790684,10.966448680516772
10.5,-0.0005919288023066372,-0.00417874411597245,0.0,-2.005913821091274,0.9996198188609814,0.00029214311765084737,0.00029226246437770095,58.06273141365327,61.68627382790684,10.966448680516772
10.52,-0.0005647911701593544,-0.0039747981331023086,0.0,-2.005913821091274,0.9996198188609814,0.00029214311765084737,0.00029226246437770095,58.06273141365327,61.68627382790684,10.966448680516772
10.540000000000001,-0.0005388353641814309,-0.003780529860220828,0.0,-2.005913821091274,0.9996198188609814,0.00029214311765084737,0.00029226246437770095,58.06273141365327,61.68627382790684,10.966448680516772
10.56,-0.0005140139553131112,-0.003595498560057168,0.0,-2.005913821091274,0.9996198188609814,0.00029214311765084737,0.00029226246437770095,58.06273141365327,61.68627382790684,10.966448680516772
10.58,-0.0004902811449774358,-0.003419282104176937,0.0,-2.005913821091274,0.9996198188609814,0.00029214311765084737,0.00029226246437770095,58.06273141365327,61.68627382790684,10.966448680516772
10.6,-0.0004675927283115079,-0.0032514762017504303,0.0,-2.005913821091274,0.9996198188609814,0.00029214311765084737,0.00029226246437770095,58.06273141365327,61.68627382790684,10.966448680516772
10.620000000000001,-0.00044590605679721486,-0.003091693820600233,0.0,-2.005913821091274,0.9996198188609814,0.00029214311765084737,0.00029226246437770095,58.06273141365327,61.68627382790684,10.966448680516772
10.64,-0.00042518000045063453,-0.002939543167232902,0.0,-2.005920407197243,0.9996264181832155,0.00029214651723632833,0.00029226034580288895,58.06273720450091,61.686341671187655,10.966460741544472
10.66,-0.000405374915948925,-0.0027947177409424727,0.0,-2.005920407197243,0.9996264181832155,0.00029214651723632833,0.00029226034580288895,58.06273720450091,61.686341671187655,10.966460741544472
10.68,-0.0003864526005703816,-0.0026568559056399255,0.0,-2.005920407197243,0.9996264181832155,0.00029214651723632833,0.00029226034580288895,58.06273720450091,61.686341671187655,10.966460741544472
10.700000000000001,-0.0003683762464079179,-0.0025256289875290605,0.0,-2.005920407197243,0.9996264181832155,0.00029214651723632833,0.00029226034580288895,58.06273720450091,61.686341671187655,10.966460741544472
10.72,-0.00035111040989092173,-0.0024007270903711117,0.0,-2.005920407197243,0.9996264181832155,0.00029214651723632833,0.00029226034580288895,58.06273720450091,61.686341671187655,10.966460741544472
10.74,-0.00033462097477839043,-0.002281855004479246,0.0,-2.005920407197243,0.9996264181832155,0.00029214651723632833,0.00029226034580288895,58.06273720450091,61.686341671187655,10.966460741544472
10.76,-0.0003188751137413056,-0.0021687307926987875,0.0,-2.005920407197243,0.9996264181832155,0.00029214651723632833,0.00029226034580288895,58.06273720450091,61.686341671187655,10.966460741544472
10.78,-0.0003038412499034946,-0.0020610850773189957,0.0,-2.005920407197243,0.9996264181832155,0.00029214651723632833,0.00029226034580288895,58.06273720450091,61.686341671187655,10.966460741544472
10.8,-0.00028948901872082045,-0.001958660507874164,0.0,-2.005920407197243,0.9996264181832155,0.00029214651723632833,0.00029226034580288895,58.06273720450091,61.686341671187655,10.966460741544472
10.82,-0.00027578923032244484,-0.0018612112771658005,0.0,-2.005920407197243,0.9996264181832155,0.00029214651723632833,0.00029226034580288895,58.06273720450091,61.686341671187655,10.966460741544472
10.84,-0.00026271383237371583,-0.0017685109666780658,0.0,-2.005926429779399,0.9996324059922038,0.00029214968974743913,0.00029225854090154577,58.062802634277055,61.68638227752353,10.966467960448627
10.86,-0.0002502358710702951,-0.001680316965745804,0.0,-2.005926429779399,0.9996324059922038,0.00029214968974743913,0.00029225854090154577,58.062802634277055,61.68638227752353,10.966467960448627
10.88,-0.00023832945813894298,-0.0015964242483923969,0.0,-2.005926429779399,0.9996324059922038,0.00029214968974743913,0.00029225854090154577,58.062802634277055,61.68638227752353,10.966467960448627
10.9,-0.00022696973830795423,-0.0015166305371855726,0.0,-2.005926429779399,0.9996324059922038,0.00029214968974743913,0.00029225854090154577,58.062802634277055,61.68638227752353,10.966467960448627
10.92,-0.00021613285149510428,-0.0014407411681064183,0.0,-2.005926429779399,0.9996324059922038,0.00029214968974743913,0.00029225854090154577,58.062802634277055,61.68638227752353,10.966467960448627
10.94,-0.00020579589825085165,-0.001368570054177354,0.0,-2.005926429779399,0.9996324059922038,0.00029214968974743913,0.00029225854090154577,58.062802634277055,61.68638227752353,10.966467960448627
10.96,-0.00019593690653158053,-0.0012999396296818422,0.0,-2.005926429779399,0.9996324059922038,0.00029214968974743913,0.00029225854090154577,58.062802634277055,61.68638227752353,10.966467960448627
10.98,-0.00018653479932705002,-0.0012346805431322659,0.0,-2.005926429779399,0.9996324059922038,0.00029214968974743913,0.00029225854090154577,58.062802634277055,61.68638227752353,10.966467960448627
11.0,-0.000177569363043685,-0.0011726313011818758,0.0,-2.005926429779399,0.9996324059922038,0.00029214968974743913,0.00029225854090154577,58.062802634277055,61.68638227752353,10.966467960448627
11.02,-0.00016902121663809428,-0.0011136379149377321,0.0,-2.005926429779399,0.9996324059922038,0.00029214968974743913,0.00029225854090154577,58.062802634277055,61.68638227752353,10.966467960448627
11.040000000000001,-0.00016087178151357397,-0.0010575670669774719,0.0,-2.005931952517272,0.9996378637882967,0.0002921526439115346,0.0002922569791255915,58.062905065011535,61.68640440826543,10.966471894802742
11.06,-0.000153103248237133,-0.0010042487051746176,0.0,-2.005931952517272,0.9996378637882967,0.0002921526439115346,0.0002922569791255915,58.062905065011535,61.68640440826543,10.966471894802742
11.08,-0.0001456985528215444,-0.0009535638590100733,0.0,-2.005931952517272,0.9996378637882967,0.0002921526439115346,0.0002922569791255915,58.062905065011535,61.68640440826543,10.966471894802742
11.1,-0.00013864135351732382,-0.0009053884147433703,0.0,-2.005931952517272,0.9996378637882967,0.0002921526439115346,0.0002922569791255915,58.062905065011535,61.68640440826543,10.966471894802742
11.120000000000001,-0.0001319159987167941,-0.0008596014214855134,0.0,-2.005931952517272,0.9996378637882967,0.0002921526439115346,0.0002922569791255915,58.062905065011535,61.68640440826543,10.966471894802742
11.14,-0.00012550749979978228,-0.0008160870421013069,0.0,-2.005931952517272,0.9996378637882967,0.0002921526439115346,0.0002922569791255915,58.062905065011535,61.68640440826543,10.966471894802742
11.16,-0.00011940150574570171,-0.0007747348342882453,0.0,-2.005931952517272,0.9996378637882967,0.0002921526439115346,0.0002922569791255915,58.062905065011535,61.68640440826543,10.966471894802742
11.18,-0.00011358427869797281,-0.0007354396104431254,0.0,-2.005931952517272,0.9996378637882967,0.0002921526439115346,0.0002922569791255915,58.062905065011535,61.68640440826543,10.966471894802742
11.200000000000001,-0.00010804267028506548,-0.0006981012049308206,0.0,-2.005931952517272,0.9996378637882967,0.0002921526439115346,0.0002922569791255915,58.062905065011535,61.68640440826543,10.966471894802742
11.22,-0.00010276409865770697,-0.0006626242324226615,0.0,-2.005931952517272,0.9996378637882967,0.0002921526439115346,0.0002922569791255915,58.062905065011535,61.68640440826543,10.966471894802742
11.24,-9.773652623604212e-05,-0.0006289293257922012,0.0,-2.0059370333189914,0.9996428607453463,0.00029215539441834694,0.0002922556103165507,58.06303024372676,61.686413764457185,10.966473558125722
11.26,-9.294843480601281e-05,-0.0005969044385669806,0.0,-2.0059370333189914,0.9996428607453463,0.00029215539441834694,0.0002922556103165507,58.06303024372676,61.686413764457185,10.966473558125722
11.28,-8.838880877713185e-05,-0.0005664794961914451,0.0,-2.0059370333189914,0.9996428607453463,0.00029215539441834694,0.0002922556103165507,58.06303024372676,61.686413764457185,10.966473558125722
11.3,-8.404711889563306e-05,-0.0005375786822125507,0.0,-2.0059370333189914,0.9996428607453463,0.00029215539441834694,0.0002922556103165507,58.06303024372676,61.686413764457185,10.966473558125722
11.32,-7.991329842178532e-05,-0.0005101275529793923,0.0,-2.0059370333189914,0.9996428607453463,0.00029215539441834694,0.0002922556103165507,58.06303024372676,61.686413764457185,10.966473558125722
11.34,-7.59777235097284e-05,-0.00048405474918997117,0.0,-2.0059370333189914,0.9996428607453463,0.00029215539441834694,0.0002922556103165507,58.06303024372676,61.686413764457185,10.966473558125722
11.36,-7.223119508118708e-05,-0.00045929228660070414,0.0,-2.0059370333189914,0.9996428607453463,0.00029215539441834694,0.0002922556103165507,58.06303024372676,61.686413764457185,10.966473558125722
11.38,-6.86649214921644e-05,-0.0004357754870745389,0.0,-2.0059370333189914,0.9996428607453463,0.00029215539441834694,0.0002922556103165507,58.06303024372676,61.686413764457185,10.966473558125722
11.4,-6.527050181813275e-05,-0.00041344282924715334,0.0,-2.0059370333189914,0.9996428607453463,0.00029215539441834694,0.0002922556103165507,58.06303024372676,61.686413764457185,10.966473558125722
11.42,-6.203990971600193e-05,-0.0003922357898961282,0.0,-2.0059370333189914,0.9996428607453463,0.00029215539441834694,0.0002922556103165507,58.06303024372676,61.686413764457185,10.966473558125722
11.44,-5.896547785106162e-05,-0.0003721068532975746,0.0,-2.005941723032767,0.9996474550114332,0.00029215795770991596,0.0002922543977745186,58.06316897888135,61.68641416301813,10.966473628981001
11.46,-5.6039880491487944e-05,-0.0003529848689066413,0.0,-2.005941723032767,0.9996474550114332,0.00029215795770991596,0.0002922543977745186,58.06316897888135,61.68641416301813,10.966473628981001
11.48,-5.325612195953276e-05,-0.00033482819891975015,0.0,-2.005941723032767,0.9996474550114332,0.00029215795770991596,0.0002922543977745186,58.06316897888135,61.68641416301813,10.966473628981001
11.5,-5.060752544738191e-05,-0.0003175907638593204,0.0,-2.005941723032767,0.9996474550114332,0.00029215795770991596,0.0002922543977745186,58.06316897888135,61.68641416301813,10.966473628981001
11.52,-4.808771650654045e-05,-0.0003012271226895127,0.0,-2.005941723032767,0.9996474550114332,0.00029215795770991596,0.0002922543977745186,58.06316897888135,61.68641416301813,10.966473628981001
11.540000000000001,-4.5690609561857036e-05,-0.00028569370465030886,0.0,-2.005941723032767,0.9996474550114332,0.00029215795770991596,0.0002922543977745186,58.06316897888135,61.68641416301813,10.966473628981001
11.56,-4.3410395516586326e-05,-0.00027094902890929546,0.0,-2.005941723032767,0.9996474550114332,0.00029215795770991596,0.0002922543977745186,58.06316897888135,61.68641416301813,10.966473628981001
11.58,-4.1241529945101034e-05,-0.00025695366774761987,0.0,-2.005941723032767,0.9996474550114332,0.00029215795770991596,0.0002922543977745186,58.06316897888135,61.68641416301813,10.966473628981001
11.6,-3.917872174509405e-05,-0.00024367015215230018,0.0,-2.005941723032767,0.9996474550114332,0.00029215795770991596,0.0002922543977745186,58.06316897888135,61.68641416301813,10.966473628981001
11.620000000000001,-3.721692221597567e-05,-0.00023106287042407025,0.0,-2.005941723032767,0.9996474550114332,0.00029215795770991596,0.0002922543977745186,58.06316897888135,61.68641416301813,10.966473628981001
11.64,-3.5351314551781e-05,-0.00021910331831605928,0.0,-2.00594606565266,0.9996516954036894,0.000292160350051767,0.0002922533139745071,58.06331523202351,61.686408221773526,10.966472572759738
11.66,-3.357730217443629e-05,-0.00020774740185485266,0.0,-2.00594606565266,0.9996516954036894,0.000292160350051767,0.0002922533139745071,58.06331523202351,61.686408221773526,10.966472572759738
11.68,-3.1890500942793236e-05,-0.0001969702712680824,0.0,-2.00594606565266,0.9996516954036894,0.000292160350051767,0.0002922533139745071,58.06331523202351,61.686408221773526,10.966472572759738
11.700000000000001,-3.0286731634099812e-05,-0.00018674406744819089,0.0,-2.00594606565266,0.9996516954036894,0.000292160350051767,0.0002922533139745071,58.06331523202351,61.686408221773526,10.966472572759738
11.72,-2.876200896638839e-05,-0.00017704125609392467,0.0,-2.00594606565266,0.9996516954036894,0.000292160350051767,0.0002922533139745071,58.06331523202351,61.686408221773526,10.966472572759738
11.74,-2.7312532632699297e-05,-0.000167835438473432,0.0,-2.00594606565266,0.9996516954036894,0.000292160350051767,0.0002922533139745071,58.06331523202351,61.686408221773526,10.966472572759738
11.76,-2.5934679076697394e-05,-0.00015910149847481658,0.0,-2.00594606565266,0.9996516954036894,0.000292160350051767,0.0002922533139745071,58.06331523202351,61.686408221773526,10.966472572759738
11.78,-2.4624993677218033e-05,-0.00015081558146070044,0.0,-2.00594606565266,0.9996516954036894,0.000292160350051767,0.0002922533139745071,58.06331523202351,61.686408221773526,10.966472572759738
11.8,-2.338018325547975e-05,-0.00014295503531394627,0.0,-2.00594606565266,0.9996516954036894,0.000292160350051767,0.0002922533139745071,58.06331523202351,61.686408221773526,10.966472572759738
11.82,-2.219710888106586e-05,-0.0001354983468517129,0.0,-2.00594606565266,0.9996516954036894,0.000292160350051767,0.0002922533139745071,58.06331523202351,61.686408221773526,10.966472572759738
11.84,-2.1072778967091393e-05,-0.00012842842239345982,0.0,-2.005950099025429,0.9996556230030645,0.0002921625866865032,0.0002922523378284083,58.06346498171153,61.68639777325982,10.96647071524619
11.86,-2.0004341668867474e-05,-0.00012171840298178503,0.0,-2.005950099025429,0.9996556230030645,0.0002921625866865032,0.0002922523378284083,58.06346498171153,61.68639777325982,10.96647071524619
11.88,-1.898907973117776e-05,-0.00011535343723193534,0.0,-2.005950099025429,0.9996556230030645,0.0002921625866865032,0.0002922523378284083,58.06346498171153,61.68639777325982,10.96647071524619
11.9,-1.802440552953471e-05,-0.00010931676978381919,0.0,-2.005950099025429,0.9996556230030645,0.0002921625866865032,0.0002922523378284083,58.06346498171153,61.68639777325982,10.96647071524619
11.92,-1.7107853971994987e-05,-0.0001035918265869136,0.0,-2.005950099025429,0.9996556230030645,0.0002921625866865032,0.0002922523378284083,58.06346498171153,61.68639777325982,10.96647071524619
11.94,-1.623707667984281e-05,-9.816272223634175e-05,0.0,-2.005950099025429,0.9996556230030645,0.0002921625866865032,0.0002922523378284083,58.06346498171153,61.68639777325982,10.96647071524619
11.96,-1.540983665114633e-05,-9.301435229976687e-05,0.0,-2.005950099025429,0.9996556230030645,0.0002921625866865032,0.0002922523378284083,58.06346498171153,61.68639777325982,10.96647071524619
11.98,-1.462400319785802e-05,-8.81323805009304e-05,0.0,-2.005950099025429,0.9996556230030645,0.0002921625866865032,0.0002922523378284083,58.06346498171153,61.68639777325982,10.96647071524619
12.0,-1.3877547101176838e-05,-8.350320228669788e-05,0.0,-2.005950099025429,0.9996556230030645,0.0002921625866865032,0.0002922523378284083,58.06346498171153,61.68639777325982,10.96647071524619
12.02,-1.3168535968977462e-05,-7.911390551923052e-05,0.0,-2.005950099025429,0.9996556230030645,0.0002921625866865032,0.0002922523378284083,58.06346498171153,61.68639777325982,10.96647071524619
12.040000000000001,-1.249512978814407e-05,-7.49542580945193e-05,0.0,-2.0059538556652727,0.9996592725155625,0.00029216468151028465,0.0002922514528803699,58.06361552550012,61.68638412287476,10.966468288511068
12.06,-1.1855576073162654e-05,-7.100810913555396e-05,0.0,-2.0059538556652727,0.9996592725155625,0.00029216468151028465,0.0002922514528803699,58.06361552550012,61.68638412287476,10.966468288511068
12.08,-1.124820651631073e-05,-6.726658793775758e-05,0.0,-2.0059538556652727,0.9996592725155625,0.00029216468151028465,0.0002922514528803699,58.06361552550012,61.68638412287476,10.966468288511068
12.1,-1.0671433771183789e-05,-6.371966854971879e-05,0.0,-2.0059538556652727,0.9996592725155625,0.00029216468151028465,0.0002922514528803699,58.06361552550012,61.68638412287476,10.966468288511068
12.120000000000001,-1.0123746954292679e-05,-6.035743413508143e-05,0.0,-2.0059538556652727,0.9996592725155625,0.00029216468151028465,0.0002922514528803699,58.06361552550012,61.68638412287476,10.966468288511068
12.14,-9.603707936253703e-06,-5.717038433655368e-05,0.0,-2.0059538556652727,0.9996592725155625,0.00029216468151028465,0.0002922514528803699,58.06361552550012,61.68638412287476,10.966468288511068
12.16,-9.109947938871372e-06,-5.414949097881812e-05,0.0,-2.0059538556652727,0.9996592725155625,0.00029216468151028465,0.0002922514528803699,58.06361552550012,61.68638412287476,10.966468288511068
12.18,-8.641164310288915e-06,-5.128619004272293e-05,0.0,-2.0059538556652727,0.9996592725155625,0.00029216468151028465,0.0002922514528803699,58.06361552550012,61.68638412287476,10.966468288511068
12.200000000000001,-8.196117443863055e-06,-4.857235935202205e-05,0.0,-2.0059538556652727,0.9996592725155625,0.00029216468151028465,0.0002922514528803699,58.06361552550012,61.68638412287476,10.966468288511068
12.22,-7.773627830175255e-06,-4.6000294547939756e-05,0.0,-2.0059538556652727,0.9996592725155625,0.00029216468151028465,0.0002922514528803699,58.06361552550012,61.68638412287476,10.966468288511068
12.24,-7.37257323711717e-06,-4.356388770883029e-05,0.0,-2.00595736352739,0.9996626733915367,0.00029216664700235567,0.0002922506460839125,58.06376503917863,61.68636821455038,10.966465460364512
12.26,-6.991885662121246e-06,-4.125352447575083e-05,0.0,-2.00595736352739,0.9996626733915367,0.00029216664700235567,0.0002922506460839125,58.06376503917863,61.68636821455038,10.966465460364512
12.280000000000001,-6.630549186441073e-06,-3.906391633667555e-05,0.0,-2.00595736352739,0.9996626733915367,0.00029216664700235567,0.0002922506460839125,58.06376503917863,61.68636821455038,10.966465460364512
12.3,-6.287597918648598e-06,-3.698909347568392e-05,0.0,-2.00595736352739,0.9996626733915367,0.00029216664700235567,0.0002922506460839125,58.06376503917863,61.68636821455038,10.966465460364512
12.32,-5.962113187047008e-06,-3.5023154976466955e-05,0.0,-2.00595736352739,0.9996626733915367,0.00029216664700235567,0.0002922506460839125,58.06376503917863,61.68636821455038,10.966465460364512
12.34,-5.6532212098476865e-06,-3.3160450895096557e-05,0.0,-2.00595736352739,0.9996626733915367,0.00029216664700235567,0.0002922506460839125,58.06376503917863,61.68636821455038,10.966465460364512
12.36,-5.360090955381253e-06,-3.1395614957928554e-05,0.0,-2.00595736352739,0.9996626733915367,0.00029216664700235567,0.0002922506460839125,58.06376503917863,61.68636821455038,10.966465460364512
12.38,-5.081932115926564e-06,-2.9723559456103e-05,0.0,-2.00595736352739,0.9996626733915367,0.00029216664700235567,0.0002922506460839125,58.06376503917863,61.68636821455038,10.966465460364512
12.4,-4.817993174272306e-06,-2.8139461687184356e-05,0.0,-2.00595736352739,0.9996626733915367,0.00029216664700235567,0.0002922506460839125,58.06376503917863,61.68636821455038,10.966465460364512
12.42,-4.567559556256914e-06,-2.663874940624363e-05,0.0,-2.00595736352739,0.9996626733915367,0.00029216664700235567,0.0002922506460839125,58.06376503917863,61.68636821455038,10.966465460364512
12.44,-4.329951865842216e-06,-2.521778867759807e-05,0.0,-2.0059606466912636,0.9996658507329709,0.0002921684942740449,0.0002922499069523217,58.06391229179698,61.68635073975774,10.966462353734709
12.46,-4.1045239943980545e-06,-2.3870902967486048e-05,0.0,-2.0059606466912636,0.9996658507329709,0.0002921684942740449,0.0002922499069523217,58.06391229179698,61.68635073975774,10.966462353734709
12.48,-3.890661763740408e-06,-2.2594947901516212e-05,0.0,-2.0059606466912636,0.9996658507329709,0.0002921684942740449,0.0002922499069523217,58.06391229179698,61.68635073975774,10.966462353734709
12.5,-3.6877816276083137e-06,-2.1386385599021546e-05,0.0,-2.0059606466912636,0.9996658507329709,0.0002921684942740449,0.0002922499069523217,58.06391229179698,61.68635073975774,10.966462353734709
12.52,-3.4953289404582183e-06,-2.0241722726785304e-05,0.0,-2.0059606466912636,0.9996658507329709,0.0002921684942740449,0.0002922499069523217,58.06391229179698,61.68635073975774,10.966462353734709
12.540000000000001,-3.312776511099056e-06,-1.9157616573369055e-05,0.0,-2.0059606466912636,0.9996658507329709,0.0002921684942740449,0.0002922499069523217,58.06391229179698,61.68635073975774,10.966462353734709
12.56,-3.1396232726863967e-06,-1.8130893856447875e-05,0.0,-2.0059606466912636,0.9996658507329709,0.0002921684942740449,0.0002922499069523217,58.06391229179698,61.68635073975774,10.966462353734709
12.58,-2.975393024099778e-06,-1.715854746082109e-05,0.0,-2.0059606466912636,0.9996658507329709,0.0002921684942740449,0.0002922499069523217,58.06391229179698,61.68635073975774,10.966462353734709
12.6,-2.8196332301967883e-06,-1.6237728257309113e-05,0.0,-2.0059606466912636,0.9996658507329709,0.0002921684942740449,0.0002922499069523217,58.06391229179698,61.68635073975774,10.966462353734709
12.620000000000001,-2.6719138767121986e-06,-1.5365736361476297e-05,0.0,-2.0059606466912636,0.9996658507329709,0.0002921684942740449,0.0002922499069523217,58.06391229179698,61.68635073975774,10.966462353734709
12.64,-2.531826377520769e-06,-1.4540417626382484e-05,0.0,-2.0059637259453083,0.9996688260262665,0.0002921702331701669,0.00029224922695495674,58.064056457634784,61.686332210816104,10.96645905970064
12.66,-2.3989824138094233e-06,-1.3758443504805512e-05,0.0,-2.0059637259453083,0.9996688260262665,0.0002921702331701669,0.00029224922695495674,58.064056457634784,61.686332210816104,10.96645905970064
12.68,-2.2730130854348943e-06,-1.3017950464868432e-05,0.0,-2.0059637259453083,0.9996688260262665,0.0002921702331701669,0.00029224922695495674,58.064056457634784,61.686332210816104,10.96645905970064
12.700000000000001,-2.1535680999045867e-06,-1.2316851361072198e-05,0.0,-2.0059637259453083,0.9996688260262665,0.0002921702331701669,0.00029224922695495674,58.064056457634784,61.686332210816104,10.96645905970064
12.72,-2.0403147154296404e-06,-1.1653088052293774e-05,0.0,-2.0059637259453083,0.9996688260262665,0.0002921702331701669,0.00029224922695495674,58.064056457634784,61.686332210816104,10.96645905970064
12.74,-1.932936851887283e-06,-1.1024692405113512e-05,0.0,-2.0059637259453083,0.9996688260262665,0.0002921702331701669,0.00029224922695495674,58.064056457634784,61.686332210816104,10.96645905970064
12.76,-1.8311342722340152e-06,-1.042979693918182e-05,0.0,-2.0059637259453083,0.9996688260262665,0.0002921702331701669,0.00029224922695495674,58.064056457634784,61.686332210816104,10.96645905970064
12.780000000000001,-1.7346218082146015e-06,-9.866632747913185e-06,0.0,-2.0059637259453083,0.9996688260262665,0.0002921702331701669,0.00029224922695495674,58.064056457634784,61.686332210816104,10.96645905970064
12.8,-1.6431286229649908e-06,-9.333524593030826e-06,0.0,-2.0059637259453083,0.9996688260262665,0.0002921702331701669,0.00029224922695495674,58.064056457634784,61.686332210816104,10.96645905970064
12.82,-1.556397507894073e-06,-8.828885688103029e-06,0.0,-2.0059637259453083,0.9996688260262665,0.0002921702331701669,0.00029224922695495674,58.064056457634784,61.686332210816104,10.96645905970064
12.84,-1.474184212364799e-06,-8.351443961327847e-06,0.0,-2.0059666192797176,0.9996716177348314,0.0002921718723888686,0.00029224859907956894,58.064196989922365,61.68631301115864,10.966455646428201
12.86,-1.3962567372075702e-06,-7.899259246507339e-06,0.0,-2.0059666192797176,0.9996716177348314,0.0002921718723888686,0.00029224859907956894,58.064196989922365,61.68631301115864,10.966455646428201
12.88,-1.3223948091456917e-06,-7.4712310028739645e-06,0.0,-2.0059666192797176,0.9996716177348314,0.0002921718723888686,0.00029224859907956894,58.064196989922365,61.68631301115864,10.966455646428201
12.9,-1.252389379097959e-06,-7.06613330836927e-06,0.0,-2.0059666192797176,0.9996716177348314,0.0002921718723888686,0.00029224859907956894,58.064196989922365,61.68631301115864,10.966455646428201
12.92,-1.1860419822610668e-06,-6.682759075898331e-06,0.0,-2.0059666192797176,0.9996716177348314,0.0002921718723888686,0.00029224859907956894,58.064196989922365,61.68631301115864,10.966455646428201
12.94,-1.123164196285523e-06,-6.319954769291194e-06,0.0,-2.0059666192797176,0.9996716177348314,0.0002921718723888686,0.00029224859907956894,58.064196989922365,61.68631301115864,10.966455646428201
12.96,-1.0635771417226485e-06,-5.9766263486868564e-06,0.0,-2.0059666192797176,0.9996716177348314,0.0002921718723888686,0.00029224859907956894,58.064196989922365,61.68631301115864,10.966455646428201
12.98,-1.0071110096784112e-06,-5.651737952840075e-06,0.0,-2.0059666192797176,0.9996716177348314,0.0002921718723888686,0.00029224859907956894,58.064196989922365,61.68631301115864,10.966455646428201
13.0,-9.536046123336154e-07,-5.344308974627708e-06,0.0,-2.0059666192797176,0.9996716177348314,0.0002921718723888686,0.00029224859907956894,58.064196989922365,61.68631301115864,10.966455646428201
13.02,-9.02904954732108e-07,-5.053410966762727e-06,0.0,-2.0059666192797176,0.9996716177348314,0.0002921718723888686,0.00029224859907956894,58.064196989922365,61.68631301115864,10.966455646428201
13.040000000000001,-8.548668268931337e-07,-4.778295673877296e-06,0.0,-2.005969342299489,0.9996742417802764,0.0002921734196031108,0.0002922480175091411,58.06433353478309,61.686293430392226,10.966452165403062
13.06,-8.093523770836322e-07,-4.517838163468204e-06,0.0,-2.005969342299489,0.9996742417802764,0.0002921734196031108,0.0002922480175091411,58.06433353478309,61.686293430392226,10.966452165403062
13.08,-7.66230789132831e-07,-4.271390899613094e-06,0.0,-2.005969342299489,0.9996742417802764,0.0002921734196031108,0.0002922480175091411,58.06433353478309,61.686293430392226,10.966452165403062
13.1,-7.253779747173077e-07,-4.0382368519205305e-06,0.0,-2.005969342299489,0.9996742417802764,0.0002921734196031108,0.0002922480175091411,58.06433353478309,61.686293430392226,10.966452165403062
13.120000000000001,-6.866761887172436e-07,-3.817671129826298e-06,0.0,-2.005969342299489,0.9996742417802764,0.0002921734196031108,0.0002922480175091411,58.06433353478309,61.686293430392226,10.966452165403062
13.14,-6.50013701457362e-07,-3.609020564050163e-06,0.0,-2.005969342299489,0.9996742417802764,0.0002921734196031108,0.0002922480175091411,58.06433353478309,61.686293430392226,10.966452165403062
13.16,-6.152844961213375e-07,-3.411646988450433e-06,0.0,-2.005969342299489,0.9996742417802764,0.0002921734196031108,0.0002922480175091411,58.06433353478309,61.686293430392226,10.966452165403062
13.18,-5.823879827321754e-07,-3.2249464112129773e-06,0.0,-2.005969342299489,0.9996742417802764,0.0002921734196031108,0.0002922480175091411,58.06433353478309,61.686293430392226,10.966452165403062
13.200000000000001,-5.512287261725198e-07,-3.04834728062613e-06,0.0,-2.005969342299489,0.9996742417802764,0.0002921734196031108,0.0002922480175091411,58.06433353478309,61.686293430392226,10.966452165403062
13.22,-5.217161872765646e-07,-2.8813086594724606e-06,0.0,-2.005969342299489,0.9996742417802764,0.0002921734196031108,0.0002922480175091411,58.06433353478309,61.686293430392226,10.966452165403062
13.24,-4.93764476399673e-07,-2.723392141258346e-06,0.0,-2.0059719085700984,0.9996767119353006,0.0002921748815757961,0.0002922474773793103,58.064465871833285,61.686273689124725,10.966448655844395
13.26,-4.6729209738318837e-07,-2.573948602153773e-06,0.0,-2.0059719085700984,0.9996767119353006,0.0002921748815757961,0.0002922474773793103,58.064465871833285,61.686273689124725,10.966448655844395
13.280000000000001,-4.4222175096714724e-07,-2.43259849384254e-06,0.0,-2.0059719085700984,0.9996767119353006,0.0002921748815757961,0.0002922474773793103,58.064465871833285,61.686273689124725,10.966448655844395
13.3,-4.1848014749158375e-07,-2.298924149003895e-06,0.0,-2.0059719085700984,0.9996767119353006,0.0002921748815757961,0.0002922474773793103,58.064465871833285,61.686273689124725,10.966448655844395
13.32,-3.9599777715948676e-07,-2.1725156500589753e-06,0.0,-2.0059719085700984,0.9996767119353006,0.0002921748815757961,0.0002922474773793103,58.064465871833285,61.686273689124725,10.966448655844395
13.34,-3.747087130817892e-07,-2.05298178853198e-06,0.0,-2.0059719085700984,0.9996767119353006,0.0002921748815757961,0.0002922474773793103,58.064465871833285,61.686273689124725,10.966448655844395
13.36,-3.545504292182264e-07,-1.939951857336113e-06,0.0,-2.0059719085700984,0.9996767119353006,0.0002921748815757961,0.0002922474773793103,58.064465871833285,61.686273689124725,10.966448655844395
13.38,-3.354636283293046e-07,-1.833075133666784e-06,0.0,-2.0059719085700984,0.9996767119353006,0.0002921748815757961,0.0002922474773793103,58.064465871833285,61.686273689124725,10.966448655844395
13.4,-3.173920784786235e-07,-1.7320198556896257e-06,0.0,-2.0059719085700984,0.9996767119353006,0.0002921748815757961,0.0002922474773793103,58.064465871833285,61.686273689124725,10.966448655844395
13.42,-3.0028245750331217e-07,-1.6364721507563186e-06,0.0,-2.0059719085700984,0.9996767119353006,0.0002921748815757961,0.0002922474773793103,58.064465871833285,61.686273689124725,10.966448655844395
13.44,-2.8408420508318546e-07,-1.5461761647675e-06,0.0,-2.0059743299072688,0.9996790401465003,0.0002921762642651954,0.0002922469745935158,58.06459387276918,61.686253956782686,10.966445147872479
13.46,-2.6874937003616514e-07,-1.4607589965664545e-06,0.0,-2.0059743299072688,0.9996790401465003,0.0002921762642651954,0.0002922469745935158,58.06459387276918,61.686253956782686,10.966445147872479
13.48,-2.5423249138921826e-07,-1.379999033927057e-06,0.0,-2.0059743299072688,0.9996790401465003,0.0002921762642651954,0.0002922469745935158,58.06459387276918,61.686253956782686,10.966445147872479
13.5,-2.404904851601352e-07,-1.303653959428986e-06,0.0,-2.0059743299072688,0.9996790401465003,0.0002921762642651954,0.0002922469745935158,58.06459387276918,61.686253956782686,10.966445147872479
13.52,-2.2748250792217185e-07,-1.2314863524918047e-06,0.0,-2.0059743299072688,0.9996790401465003,0.0002921762642651954,0.0002922469745935158,58.06459387276918,61.686253956782686,10.966445147872479
13.540000000000001,-2.151698391582854e-07,-1.1632697801607326e-06,0.0,-2.0059743299072688,0.9996790401465003,0.0002921762642651954,0.0002922469745935158,58.06459387276918,61.686253956782686,10.966445147872479
13.56,-2.0351577238062458e-07,-1.0987897659465216e-06,0.0,-2.0059743299072688,0.9996790401465003,0.0002921762642651954,0.0002922469745935158,58.06459387276918,61.686253956782686,10.966445147872479
13.58,-1.9248551225981176e-07,-1.0378434698257958e-06,0.0,-2.0059743299072688,0.9996790401465003,0.0002921762642651954,0.0002922469745935158,58.06459387276918,61.686253956782686,10.966445147872479
13.6,-1.8204607692389033e-07,-9.802390872194912e-07,0.0,-2.0059743299072688,0.9996790401465003,0.0002921762642651954,0.0002922469745935158,58.06459387276918,61.686253956782686,10.966445147872479
13.620000000000001,-1.7216620507915738e-07,-9.257952226693588e-07,0.0,-2.0059743299072688,0.9996790401465003,0.0002921762642651954,0.0002922469745935158,58.06459387276918,61.686253956782686,10.966445147872479
13.64,-1.6281626772530884e-07,-8.743631455396583e-07,0.0,-2.0059766166207944,0.9996812368015069,0.00029217757291977756,0.0002922465056801459,58.06471747227876,61.686234364549385,10.966441664808778
13.66,-1.5396817757303862e-07,-8.257295354457042e-07,0.0,-2.0059766166207944,0.9996812368015069,0.00029217757291977756,0.0002922465056801459,58.06471747227876,61.686234364549385,10.966441664808778
13.68,-1.4559531755407455e-07,-7.797654983431073e-07,0.0,-2.0059766166207944,0.9996812368015069,0.00029217757291977756,0.0002922465056801459,58.06471747227876,61.686234364549385,10.966441664808778
13.700000000000001,-1.376724728141296e-07,-7.363310006944542e-07,0.0,-2.0059766166207944,0.9996812368015069,0.00029217757291977756,0.0002922465056801459,58.06471747227876,61.686234364549385,10.966441664808778
13.72,-1.3017575010676015e-07,-6.952890719328168e-07,0.0,-2.0059766166207944,0.9996812368015069,0.00029217757291977756,0.0002922465056801459,58.06471747227876,61.686234364549385,10.966441664808778
13.74,-1.2308250790489507e-07,-6.565091674200939e-07,0.0,-2.0059766166207944,0.9996812368015069,0.00029217757291977756,0.0002922465056801459,58.06471747227876,61.686234364549385,10.966441664808778
13.76,-1.1637129164454815e-07,-6.198676868666317e-07,0.0,-2.0059766166207944,0.9996812368015069,0.00029217757291977756,0.0002922465056801459,58.06471747227876,61.686234364549385,10.966441664808778
13.780000000000001,-1.1002177255483105e-07,-5.852477778796928e-07,0.0,-2.0059766166207944,0.9996812368015069,0.00029217757291977756,0.0002922465056801459,58.06471747227876,61.686234364549385,10.966441664808778
13.8,-1.0401468959339557e-07,-5.525389845198493e-07,0.0,-2.0059766166207944,0.9996812368015069,0.00029217757291977756,0.0002922465056801459,58.06471747227876,61.686234364549385,10.966441664808778
13.82,-9.833179428077147e-08,-5.21636882874678e-07,0.0,-2.0059766166207944,0.9996812368015069,0.00029217757291977756,0.0002922465056801459,58.06471747227876,61.686234364549385,10.966441664808778
13.84,-9.295579829459693e-08,-4.92455352638367e-07,0.0,-2.005978777720602,0.9996833109516087,0.0002921788121626518,0.0002922460676807211,58.06483664748507,61.68621501485637,10.966438224863355
13.86,-8.78703200056728e-08,-4.648728545898483e-07,0.0,-2.005978777720602,0.9996833109516087,0.0002921788121626518,0.0002922460676807211,58.06483664748507,61.68621501485637,10.966438224863355
13.88,-8.305984175632203e-08,-4.3881471328942803e-07,0.0,-2.005978777720602,0.9996833109516087,0.0002921788121626518,0.0002922460676807211,58.06483664748507,61.68621501485637,10.966438224863355
13.9,-7.850966924757756e-08,-4.142003178071512e-07,0.0,-2.005978777720602,0.9996833109516087,0.0002921788121626518,0.0002922460676807211,58.06483664748507,61.68621501485637,10.966438224863355
13.92,-7.420588414468164e-08,-3.9095095461706806e-07,0.0,-2.005978777720602,0.9996833109516087,0.0002921788121626518,0.0002922460676807211,58.06483664748507,61.68621501485637,10.966438224863355
13.94,-7.013530276919095e-08,-3.6899165284381505e-07,0.0,-2.005978777720602,0.9996833109516087,0.0002921788121626518,0.0002922460676807211,58.06483664748507,61.68621501485637,10.966438224863355
13.96,-6.62854377824967e-08,-3.4825145877219886e-07,0.0,-2.005978777720602,0.9996833109516087,0.0002921788121626518,0.0002922460676807211,58.06483664748507,61.68621501485637,10.966438224863355
13.98,-6.264446199786079e-08,-3.286633161563562e-07,0.0,-2.005978777720602,0.9996833109516087,0.0002921788121626518,0.0002922460676807211,58.06483664748507,61.68621501485637,10.966438224863355
14.0,-5.9201174046917484e-08,-3.101638615822315e-07,0.0,-2.005978777720602,0.9996833109516087,0.0002921788121626518,0.0002922460676807211,58.06483664748507,61.68621501485637,10.966438224863355
14.02,-5.5944965778634886e-08,-2.9269321330588987e-07,0.0,-2.005978777720602,0.9996833109516087,0.0002921788121626518,0.0002922460676807211,58.06483664748507,61.68621501485637,10.966438224863355
14.040000000000001,-5.2865791306453305e-08,-2.7620169966377453e-07,0.0,-2.005980821092022,0.9996852704988094,0.0002921799860665209,0.0002922456580612737,58.06495140341407,61.68619598840587,10.966434842383267
14.06,-4.9954135599490115e-08,-2.60620345698113e-07,0.0,-2.005980821092022,0.9996852704988094,0.0002921799860665209,0.0002922456580612737,58.06495140341407,61.68619598840587,10.966434842383267
14.08,-4.720098909158426e-08,-2.459060569581135e-07,0.0,-2.005980821092022,0.9996852704988094,0.0002921799860665209,0.0002922456580612737,58.06495140341407,61.68619598840587,10.966434842383267
14.1,-4.459782355883321e-08,-2.3201260807962518e-07,0.0,-2.005980821092022,0.9996852704988094,0.0002921799860665209,0.0002922456580612737,58.06495140341407,61.68619598840587,10.966434842383267
14.120000000000001,-4.213656437729242e-08,-2.188949383947506e-07,0.0,-2.005980821092022,0.9996852704988094,0.0002921799860665209,0.0002922456580612737,58.06495140341407,61.68619598840587,10.966434842383267
14.14,-3.980956622321298e-08,-2.0651015822378108e-07,0.0,-2.005980821092022,0.9996852704988094,0.0002921799860665209,0.0002922456580612737,58.06495140341407,61.68619598840587,10.966434842383267
14.16,-3.76095905096461e-08,-1.9481769262133767e-07,0.0,-2.005980821092022,0.9996852704988094,0.0002921799860665209,0.0002922456580612737,58.06495140341407,61.68619598840587,10.966434842383267
14.18,-3.552978408004426e-08,-1.837792089746715e-07,0.0,-2.005980821092022,0.9996852704988094,0.0002921799860665209,0.0002922456580612737,58.06495140341407,61.68619598840587,10.966434842383267
14.200000000000001,-3.356365900330666e-08,-1.7335849833716963e-07,0.0,-2.005980821092022,0.9996852704988094,0.0002921799860665209,0.0002922456580612737,58.06495140341407,61.68619598840587,10.966434842383267
14.22,-3.1705073398527584e-08,-1.635213535572281e-07,0.0,-2.005980821092022,0.9996852704988094,0.0002921799860665209,0.0002922456580612737,58.06495140341407,61.68619598840587,10.966434842383267
14.24,-2.994821323869554e-08,-1.5423923786900717e-07,0.0,-2.005982753645841,0.9996871223542662,0.0002921810982201692,0.00029224527464129766,58.06506176274107,61.68617734940335,10.966431528782817
14.26,-2.8287573979734993e-08,-1.454731588900481e-07,0.0,-2.005982753645841,0.9996871223542662,0.0002921810982201692,0.00029224527464129766,58.06506176274107,61.68617734940335,10.966431528782817
14.280000000000001,-2.671794554677474e-08,-1.371983451193683e-07,0.0,-2.005982753645841,0.9996871223542662,0.0002921810982201692,0.00029224527464129766,58.06506176274107,61.68617734940335,10.966431528782817
14.3,-2.5234398078856005e-08,-1.293883913236317e-07,0.0,-2.005982753645841,0.9996871223542662,0.0002921810982201692,0.00029224527464129766,58.06506176274107,61.68617734940335,10.966431528782817
14.32,-2.383226575861026e-08,-1.2201760111158162e-07,0.0,-2.005982753645841,0.9996871223542662,0.0002921810982201692,0.00029224527464129766,58.06506176274107,61.68617734940335,10.966431528782817
14.34,-2.2507132581538358e-08,-1.1506153235161415e-07,0.0,-2.005982753645841,0.9996871223542662,0.0002921810982201692,0.00029224527464129766,58.06506176274107,61.68617734940335,10.966431528782817
14.36,-2.1254819129239555e-08,-1.0849707152773855e-07,0.0,-2.005982753645841,0.9996871223542662,0.0002921810982201692,0.00029224527464129766,58.06506176274107,61.68617734940335,10.966431528782817
14.38,-2.0071370081505286e-08,-1.0230239023922375e-07,0.0,-2.005982753645841,0.9996871223542662,0.0002921810982201692,0.00029224527464129766,58.06506176274107,61.68617734940335,10.966431528782817
14.4,-1.8953042379318762e-08,-9.645687666178536e-08,0.0,-2.005982753645841,0.9996871223542662,0.0002921810982201692,0.00029224527464129766,58.06506176274107,61.68617734940335,10.966431528782817
14.42,-1.7896293996758168e-08,-9.094106548168873e-08,0.0,-2.005982753645841,0.9996871223542662,0.0002921810982201692,0.00029224527464129766,58.06506176274107,61.68617734940335,10.966431528782817
14.44,-1.6897773291432443e-08,-8.573862691419685e-08,0.0,-2.0059845814477684,0.9996888725736901,0.0002921821517876081,0.00029224491553612943,58.0651677586118,61.686159149475195,10.966428293240035
14.46,-1.5954308304202262e-08,-8.082760341113741e-08,0.0,-2.0059845814477684,0.9996888725736901,0.0002921821517876081,0.00029224491553612943,58.0651677586118,61.686159149475195,10.966428293240035
14.48,-1.5062897924319844e-08,-7.619381247433518e-08,0.0,-2.0059845814477684,0.9996888725736901,0.0002921821517876081,0.00029224491553612943,58.0651677586118,61.686159149475195,10.966428293240035
14.5,-1.4220703505526131e-08,-7.182222926300807e-08,0.0,-2.0059845814477684,0.9996888725736901,0.0002921821517876081,0.00029224491553612943,58.0651677586118,61.686159149475195,10.966428293240035
14.52,-1.3425039478772427e-08,-6.769825689572774e-08,0.0,-2.0059845814477684,0.9996888725736901,0.0002921821517876081,0.00029224491553612943,58.0651677586118,61.686159149475195,10.966428293240035
14.540000000000001,-1.2673365053737607e-08,-6.380802022442509e-08,0.0,-2.0059845814477684,0.9996888725736901,0.0002921821517876081,0.00029224491553612943,58.0651677586118,61.686159149475195,10.966428293240035
14.56,-1.1963276498675958e-08,-6.013840376586875e-08,0.0,-2.0059845814477684,0.9996888725736901,0.0002921821517876081,0.00029224491553612943,58.0651677586118,61.686159149475195,10.966428293240035
14.58,-1.129249985266748e-08,-5.667702573406735e-08,0.0,-2.0059845814477684,0.9996888725736901,0.0002921821517876081,0.00029224491553612943,58.0651677586118,61.686159149475195,10.966428293240035
14.6,-1.0658884020709917e-08,-5.341219860847494e-08,0.0,-2.0059845814477684,0.9996888725736901,0.0002921821517876081,0.00029224491553612943,58.0651677586118,61.686159149475195,10.966428293240035
14.620000000000001,-1.0060394227163693e-08,-5.0332889005639915e-08,0.0,-2.0059845814477684,0.9996888725736901,0.0002921821517876081,0.00029224491553612943,58.0651677586118,61.686159149475195,10.966428293240035
14.64,-9.495105809474402e-09,-4.742978986217157e-08,0.0,-2.005986309831084,0.9996905264741343,0.0002921831495609276,0.0002922445791097019,58.065269429713666,61.6861414306106,10.966425143219661
14.66,-8.961198010724377e-09,-4.4690584661939797e-08,0.0,-2.005986309831084,0.9996905264741343,0.0002921831495609276,0.0002922445791097019,58.065269429713666,61.6861414306106,10.966425143219661
14.68,-8.456948804618154e-09,-4.210718625439958e-08,0.0,-2.005986309831084,0.9996905264741343,0.0002921831495609276,0.0002922445791097019,58.065269429713666,61.6861414306106,10.966425143219661
14.700000000000001,-7.980729987210276e-09,-3.967107905811078e-08,0.0,-2.005986309831084,0.9996905264741343,0.0002921831495609276,0.0002922445791097019,58.065269429713666,61.6861414306106,10.966425143219661
14.72,-7.531001748537081e-09,-3.737400392361292e-08,0.0,-2.005986309831084,0.9996905264741343,0.0002921831495609276,0.0002922445791097019,58.065269429713666,61.6861414306106,10.966425143219661
14.74,-7.106307853266419e-09,-3.520811534196536e-08,0.0,-2.005986309831084,0.9996905264741343,0.0002921831495609276,0.0002922445791097019,58.065269429713666,61.6861414306106,10.966425143219661
14.76,-6.705271153318167e-09,-3.3166000482236736e-08,0.0,-2.005986309831084,0.9996905264741343,0.0002921831495609276,0.0002922445791097019,58.065269429713666,61.6861414306106,10.966425143219661
14.780000000000001,-6.32658935248321e-09,-3.124066378554839e-08,0.0,-2.005986309831084,0.9996905264741343,0.0002921831495609276,0.0002922445791097019,58.065269429713666,61.6861414306106,10.966425143219661
14.8,-5.9690309952102565e-09,-2.942550436661991e-08,0.0,-2.005986309831084,0.9996905264741343,0.0002921831495609276,0.0002922445791097019,58.065269429713666,61.6861414306106,10.966425143219661
14.82,-5.63143166533814e-09,-2.7714293117739654e-08,0.0,-2.005986309831084,0.9996905264741343,0.0002921831495609276,0.0002922445791097019,58.065269429713666,61.6861414306106,10.966425143219661
14.84,-5.312690384072707e-09,-2.6101747210520576e-08,0.0,-2.005987943495498,0.9996920887356678,0.0002921840940077881,0.0002922442639353846,58.065366816996274,61.68612422737014,10.966422084865803
14.86,-5.01176602291238e-09,-2.4580985531580036e-08,0.0,-2.005987943495498,0.9996920887356678,0.0002921840940077881,0.0002922442639353846,58.065366816996274,61.68612422737014,10.966422084865803
14.88,-4.727674285759515e-09,-2.3147415653163052e-08,0.0,-2.005987943495498,0.9996920887356678,0.0002921840940077881,0.0002922442639353846,58.065366816996274,61.68612422737014,10.966422084865803
14.9,-4.459484848038279e-09,-2.1796230686316895e-08,0.0,-2.005987943495498,0.9996920887356678,0.0002921840940077881,0.0002922442639353846,58.065366816996274,61.68612422737014,10.966422084865803
14.92,-4.2063182295030594e-09,-2.052277629707453e-08,0.0,-2.005987943495498,0.9996920887356678,0.0002921840940077881,0.0002922442639353846,58.065366816996274,61.68612422737014,10.966422084865803
14.94,-3.967343006512172e-09,-1.9322634260602567e-08,0.0,-2.005987943495498,0.9996920887356678,0.0002921840940077881,0.0002922442639353846,58.065366816996274,61.68612422737014,10.966422084865803
14.96,-3.741773214204324e-09,-1.8191631828835602e-08,0.0,-2.005987943495498,0.9996920887356678,0.0002921840940077881,0.0002922442639353846,58.065366816996274,61.68612422737014,10.966422084865803
14.98,-3.528865894948905e-09,-1.712583264435615e-08,0.0,-2.005987943495498,0.9996920887356678,0.0002921840940077881,0.0002922442639353846,58.065366816996274,61.68612422737014,10.966422084865803
15.0,-3.3279187774935296e-09,-1.6121523839005464e-08,0.0,-2.005987943495498,0.9996920887356678,0.0002921840940077881,0.0002922442639353846,58.065366816996274,61.68612422737014,10.966422084865803
15.02,-3.138268078580182e-09,-1.5175203019543085e-08,0.0,-2.005987943495498,0.9996920887356678,0.0002921840940077881,0.0002922442639353846,58.065366816996274,61.68612422737014,10.966422084865803
15.040000000000001,-2.9592864207249198e-09,-1.4283884161167672e-08,0.0,-2.005989486594747,0.9996935634908029,0.00029218498731440804,0.0002922439687631694,58.06545996162117,61.68610756853823,10.966419123295687
15.06,-2.790380767235837e-09,-1.3443738612887696e-08,0.0,-2.005989486594747,0.9996935634908029,0.00029218498731440804,0.0002922439687631694,58.06545996162117,61.68610756853823,10.966419123295687
15.08,-2.6309906698053306e-09,-1.2652169558124637e-08,0.0,-2.005989486594747,0.9996935634908029,0.00029218498731440804,0.0002922439687631694,58.06545996162117,61.68610756853823,10.966419123295687
15.1,-2.4805866080868057e-09,-1.1906474874857344e-08,0.0,-2.005989486594747,0.9996935634908029,0.00029218498731440804,0.0002922439687631694,58.06545996162117,61.68610756853823,10.966419123295687
15.120000000000001,-2.3386681948468856e-09,-1.1204042577213691e-08,0.0,-2.005989486594747,0.9996935634908029,0.00029218498731440804,0.0002922439687631694,58.06545996162117,61.68610756853823,10.966419123295687
15.14,-2.204762569681359e-09,-1.0542394899755205e-08,0.0,-2.005989486594747,0.9996935634908029,0.00029218498731440804,0.0002922439687631694,58.06545996162117,61.68610756853823,10.966419123295687
15.16,-2.0784229010008828e-09,-9.919192793489512e-09,0.0,-2.005989486594747,0.9996935634908029,0.00029218498731440804,0.0002922439687631694,58.06545996162117,61.68610756853823,10.966419123295687
15.18,-1.959226972593127e-09,-9.332230597522817e-09,0.0,-2.005989486594747,0.9996935634908029,0.00029218498731440804,0.0002922439687631694,58.06545996162117,61.68610756853823,10.966419123295687
15.200000000000001,-1.8467758460719538e-09,-8.779428702377064e-09,0.0,-2.005989486594747,0.9996935634908029,0.00029218498731440804,0.0002922439687631694,58.06545996162117,61.68610756853823,10.966419123295687
15.22,-1.7406925944692282e-09,-8.258826180384996e-09,0.0,-2.005989486594747,0.9996935634908029,0.00029218498731440804,0.0002922439687631694,58.06545996162117,61.68610756853823,10.966419123295687
15.24,-1.64062110327193e-09,-7.76874256844197e-09,0.0,-2.0059909428149245,0.9996949544039024,0.0002921858314247537,0.0002922436924918842,58.065548903844316,61.6860914783486,10.96641626281753
15.26,-1.546224886109427e-09,-7.307056673423776e-09,0.0,-2.0059909428149245,0.9996949544039024,0.0002921858314247537,0.0002922436924918842,58.065548903844316,61.6860914783486,10.96641626281753
15.280000000000001,-1.4571860714223822e-09,-6.872306572593765e-09,0.0,-2.0059909428149245,0.9996949544039024,0.0002921858314247537,0.0002922436924918842,58.065548903844316,61.6860914783486,10.96641626281753
15.3,-1.3732044427807625e-09,-6.462979869828483e-09,0.0,-2.0059909428149245,0.9996949544039024,0.0002921858314247537,0.0002922436924918842,58.065548903844316,61.6860914783486,10.96641626281753
15.32,-1.2939964125040385e-09,-6.077617072753285e-09,0.0,-2.0059909428149245,0.9996949544039024,0.0002921858314247537,0.0002922436924918842,58.065548903844316,61.6860914783486,10.96641626281753
15.34,-1.219294099663606e-09,-5.714834669154508e-09,0.0,-2.0059909428149245,0.9996949544039024,0.0002921858314247537,0.0002922436924918842,58.065548903844316,61.6860914783486,10.96641626281753
15.36,-1.1488444696099949e-09,-5.37332721465403e-09,0.0,-2.0059909428149245,0.9996949544039024,0.0002921858314247537,0.0002922436924918842,58.065548903844316,61.6860914783486,10.96641626281753
15.38,-1.0824085222177339e-09,-5.051864225305775e-09,0.0,-2.0059909428149245,0.9996949544039024,0.0002921858314247537,0.0002922436924918842,58.065548903844316,61.6860914783486,10.96641626281753
15.4,-1.019760524016217e-09,-4.749286021822299e-09,0.0,-2.0059909428149245,0.9996949544039024,0.0002921858314247537,0.0002922436924918842,58.065548903844316,61.6860914783486,10.96641626281753
15.42,-9.60687281480469e-10,-4.464499572438223e-09,0.0,-2.0059909428149245,0.9996949544039024,0.0002921858314247537,0.0002922436924918842,58.065548903844316,61.6860914783486,10.96641626281753
15.44,-9.049874533234469e-10,-4.196563442506526e-09,0.0,-2.0059923154451402,0.9996962647423625,0.0002921866280765206,0.00029224343414542737,58.06563368258756,61.686075977379176,10.966413507089632
15.46,-8.52470873784442e-10,-3.944307666560025e-09,0.0,-2.0059923154451402,0.9996962647423625,0.0002921866280765206,0.00029224343414542737,58.06563368258756,61.686075977379176,10.966413507089632
15.48,-8.029579690759736e-10,-3.7069130165635606e-09,0.0,-2.0059923154451402,0.9996962647423625,0.0002921866280765206,0.00029224343414542737,58.06563368258756,61.686075977379176,10.966413507089632
15.5,-7.562792049853734e-10,-3.4835368277386163e-09,0.0,-2.0059923154451402,0.9996962647423625,0.0002921866280765206,0.00029224343414542737,58.06563368258756,61.686075977379176,10.966413507089632
15.52,-7.122745020808592e-10,-3.273367285110162e-09,0.0,-2.0059923154451402,0.9996962647423625,0.0002921866280765206,0.00029224343414542737,58.06563368258756,61.686075977379176,10.966413507089632
15.540000000000001,-6.707927085010608e-10,-3.0756353990284997e-09,0.0,-2.0059923154451402,0.9996962647423625,0.0002921866280765206,0.00029224343414542737,58.06563368258756,61.686075977379176,10.966413507089632
15.56,-6.316911075920838e-10,-2.8896159301268275e-09,0.0,-2.0059923154451402,0.9996962647423625,0.0002921866280765206,0.00029224343414542737,58.06563368258756,61.686075977379176,10.966413507089632
15.58,-5.948349535025786e-10,-2.714625587057242e-09,0.0,-2.0059923154451402,0.9996962647423625,0.0002921866280765206,0.00029224343414542737,58.06563368258756,61.686075977379176,10.966413507089632
15.6,-5.600970320587518e-10,-2.5500206819274086e-09,0.0,-2.0059923154451402,0.9996962647423625,0.0002921866280765206,0.00029224343414542737,58.06563368258756,61.686075977379176,10.966413507089632
15.620000000000001,-5.273572453583317e-10,-2.3951947945766682e-09,0.0,-2.0059923154451402,0.9996962647423625,0.0002921866280765206,0.00029224343414542737,58.06563368258756,61.686075977379176,10.966413507089632
15.64,-4.965022188287203e-10,-2.2496230306476894e-09,0.0,-2.0059936074418188,0.9996974974409822,0.00029218737883439713,0.0002922431928522415,58.06571433556593,61.68606108318925,10.966410859233646
15.66,-4.674249159894722e-10,-2.1126631278616803e-09,0.0,-2.0059936074418188,0.9996974974409822,0.00029218737883439713,0.0002922431928522415,58.06571433556593,61.68606108318925,10.966410859233646
15.68,-4.4002430376750093e-10,-1.9838582372108498e-09,0.0,-2.0059936074418188,0.9996974974409822,0.00029218737883439713,0.0002922431928522415,58.06571433556593,61.68606108318925,10.966410859233646
15.700000000000001,-4.1420503582765445e-10,-1.8627410988668917e-09,0.0,-2.0059936074418188,0.9996974974409822,0.00029218737883439713,0.0002922431928522415,58.06571433556593,61.68606108318925,10.966410859233646
15.72,-3.8987712059634304e-10,-1.7488623270779e-09,0.0,-2.0059936074418188,0.9996974974409822,0.00029218737883439713,0.0002922431928522415,58.06571433556593,61.68606108318925,10.966410859233646
15.74,-3.669556209417651e-10,-1.6417965656213452e-09,0.0,-2.0059936074418188,0.9996974974409822,0.00029218737883439713,0.0002922431928522415,58.06571433556593,61.68606108318925,10.966410859233646
15.76,-3.453603735273456e-10,-1.541142868620023e-09,0.0,-2.0059936074418188,0.9996974974409822,0.00029218737883439713,0.0002922431928522415,58.06571433556593,61.68606108318925,10.966410859233646
15.780000000000001,-3.2501572415059864e-10,-1.4465236609550336e-09,0.0,-2.0059936074418188,0.9996974974409822,0.00029218737883439713,0.0002922431928522415,58.06571433556593,61.68606108318925,10.966410859233646
15.8,-3.058502775876919e-10,-1.3575834209782276e-09,0.0,-2.0059936074418188,0.9996974974409822,0.00029218737883439713,0.0002922431928522415,58.06571433556593,61.68606108318925,10.966410859233646
15.82,-2.8779666105287895e-10,-1.2739873734943618e-09,0.0,-2.0059936074418188,0.9996974974409822,0.00029218737883439713,0.0002922431928522415,58.06571433556593,61.68606108318925,10.966410859233646
15.84,-2.707913005463912e-10,-1.1954443512586036e-09,0.0,-2.0059948214875627,0.9996986551605791,0.0002921880851209671,0.00029224296782743875,58.06579089980633,61.686046810753425,10.96640832191172
15.860000000000001,-2.547742023653269e-10,-1.1216035544086032e-09,0.0,-2.0059948214875627,0.9996986551605791,0.0002921880851209671,0.00029224296782743875,58.06579089980633,61.686046810753425,10.96640832191172
15.88,-2.396887619346729e-10,-1.0522115338687395e-09,0.0,-2.0059948214875627,0.9996986551605791,0.0002921880851209671,0.00029224296782743875,58.06579089980633,61.686046810753425,10.96640832191172
15.9,-2.2548158301235303e-10,-9.8701051867291e-10,0.0,-2.0059948214875627,0.9996986551605791,0.0002921880851209671,0.00029224296782743875,58.06579089980633,61.686046810753425,10.96640832191172
15.92,-2.1210228992867704e-10,-9.257530273179807e-10,0.0,-2.0059948214875627,0.9996986551605791,0.0002921880851209671,0.00029224296782743875,58.06579089980633,61.686046810753425,10.96640832191172
15.94,-1.9950335716830057e-10,-8.682049978530534e-10,0.0,-2.0059948214875627,0.9996986551605791,0.0002921880851209671,0.00029224296782743875,58.06579089980633,61.686046810753425,10.96640832191172
15.96,-1.8763995002230792e-10,-8.141459248953365e-10,0.0,-2.0059948214875627,0.9996986551605791,0.0002921880851209671,0.00029224296782743875,58.06579089980633,61.686046810753425,10.96640832191172
15.98,-1.7646977434661305e-10,-7.633682632611369e-10,0.0,-2.0059948214875627,0.9996986551605791,0.0002921880851209671,0.00029224296782743875,58.06579089980633,61.686046810753425,10.96640832191172
16.0,-1.659529346116507e-10,-7.156766910134171e-10,0.0,-2.0059948214875627,0.9996986551605791,0.0002921880851209671,0.00029224296782743875,58.06579089980633,61.686046810753425,10.96640832191172
16.02,-1.5605179973669724e-10,-6.708873811949474e-10,0.0,-2.0059948214875627,0.9996986551605791,0.0002921880851209671,0.00029224296782743875,58.06579089980633,61.686046810753425,10.96640832191172
16.04,-1.4673087628994775e-10,-6.288396996476967e-10,0.0,-2.0059959600453685,0.9996997403416897,0.0002921887482455385,0.00029224275835711757,58.06586341249668,61.68603317273601,10.96640589737529
16.06,-1.3795668504068754e-10,-5.893430817510115e-10,0.0,-2.0059959600453685,0.9996997403416897,0.0002921887482455385,0.00029224275835711757,58.06586341249668,61.68603317273601,10.96640589737529
16.080000000000002,-1.296976522142685e-10,-5.522577015875341e-10,0.0,-2.0059959600453685,0.9996997403416897,0.0002921887482455385,0.00029224275835711757,58.06586341249668,61.68603317273601,10.96640589737529
16.1,-1.2192400669616738e-10,-5.174421411710134e-10,0.0,-2.0059959600453685,0.9996997403416897,0.0002921887482455385,0.00029224275835711757,58.06586341249668,61.68603317273601,10.96640589737529
16.12,-1.1460767423690362e-10,-4.847608670765711e-10,0.0,-2.0059959600453685,0.9996997403416897,0.0002921887482455385,0.00029224275835711757,58.06586341249668,61.68603317273601,10.96640589737529
16.14,-1.0772218112417244e-10,-4.540858027621533e-10,0.0,-2.0059959600453685,0.9996997403416897,0.0002921887482455385,0.00029224275835711757,58.06586341249668,61.68603317273601,10.96640589737529
16.16,-1.0124256406351094e-10,-4.2529636340980567e-10,0.0,-2.0059959600453685,0.9996997403416897,0.0002921887482455385,0.00029224275835711757,58.06586341249668,61.68603317273601,10.96640589737529
16.18,-9.514528522731358e-11,-3.9827911571226897e-10,0.0,-2.0059959600453685,0.9996997403416897,0.0002921887482455385,0.00029224275835711757,58.06586341249668,61.68603317273601,10.96640589737529
16.2,-8.940815202472945e-11,-3.729273674444391e-10,0.0,-2.0059959600453685,0.9996997403416897,0.0002921887482455385,0.00029224275835711757,58.06586341249668,61.68603317273601,10.96640589737529
16.22,-8.401024130520188e-11,-3.4914076346722305e-10,0.0,-2.0059959600453685,0.9996997403416897,0.0002921887482455385,0.00029224275835711757,58.06586341249668,61.68603317273601,10.96640589737529
16.240000000000002,-7.893182775510886e-11,-3.268312083108248e-10,0.0,-2.00599702540865,0.9997007552539012,0.0002921893694310611,0.0002922425637845331,58.06593191204321,61.686020179639655,10.966403587491493
16.26,-7.415431441892939e-11,-3.0589579420333525e-10,0.0,-2.00599702540865,0.9997007552539012,0.0002921893694310611,0.0002922425637845331,58.06593191204321,61.686020179639655,10.966403587491493
16.28,-6.966017109913914e-11,-2.8625784681212444e-10,0.0,-2.00599702540865,0.9997007552539012,0.0002921893694310611,0.0002922425637845331,58.06593191204321,61.686020179639655,10.966403587491493
16.3,-6.543287615350309e-11,-2.6784024908507357e-10,0.0,-2.00599702540865,0.9997007552539012,0.0002921893694310611,0.0002922425637845331,58.06593191204321,61.686020179639655,10.966403587491493
16.32,-6.145685711396409e-11,-2.5056922672004025e-10,0.0,-2.00599702540865,0.9997007552539012,0.0002921893694310611,0.0002922425637845331,58.06593191204321,61.686020179639655,10.966403587491493
16.34,-5.7717436455085145e-11,-2.3437512687205724e-10,0.0,-2.00599702540865,0.9997007552539012,0.0002921893694310611,0.0002922425637845331,58.06593191204321,61.686020179639655,10.966403587491493
16.36,-5.420078083274063e-11,-2.1919241494185132e-10,0.0,-2.00599702540865,0.9997007552539012,0.0002921893694310611,0.0002922425637845331,58.06593191204321,61.686020179639655,10.966403587491493
16.38,-5.089385324515051e-11,-2.0495948160519014e-10,0.0,-2.00599702540865,0.9997007552539012,0.0002921893694310611,0.0002922425637845331,58.06593191204321,61.686020179639655,10.966403587491493
16.4,-4.778436787136445e-11,-1.916184153142768e-10,0.0,-2.00599702540865,0.9997007552539012,0.0002921893694310611,0.0002922425637845331,58.06593191204321,61.686020179639655,10.966403587491493
16.42,-4.486074742490309e-11,-1.791147792420449e-10,0.0,-2.00599702540865,0.9997007552539012,0.0002921893694310611,0.0002922425637845331,58.06593191204321,61.686020179639655,10.966403587491493
16.44,-4.2112082884973134e-11,-1.6740057421114684e-10,0.0,-2.0059980197474214,0.999701702041194,0.0002921899498392279,0.00029224238349786835,58.06599643930896,61.68600783985615,10.966401393752205
16.46,-3.952809454841301e-11,-1.5642059097302673e-10,0.0,-2.0059980197474214,0.999701702041194,0.0002921899498392279,0.00029224238349786835,58.06599643930896,61.68600783985615,10.966401393752205
16.48,-3.709909728513048e-11,-1.461330647523445e-10,0.0,-2.0059980197474214,0.999701702041194,0.0002921899498392279,0.00029224238349786835,58.06599643930896,61.68600783985615,10.966401393752205
16.5,-3.481596772558057e-11,-1.3649622251432922e-10,0.0,-2.0059980197474214,0.999701702041194,0.0002921899498392279,0.00029224238349786835,58.06599643930896,61.68600783985615,10.966401393752205
16.52,-3.267011106395484e-11,-1.2747017674150804e-10,0.0,-2.0059980197474214,0.999701702041194,0.0002921899498392279,0.00029224238349786835,58.06599643930896,61.68600783985615,10.966401393752205
16.54,-3.06534306521674e-11,-1.190173047153119e-10,0.0,-2.0059980197474214,0.999701702041194,0.0002921899498392279,0.00029224238349786835,58.06599643930896,61.68600783985615,10.966401393752205
16.56,-2.875829952683579e-11,-1.1110223456118967e-10,0.0,-2.0059980197474214,0.999701702041194,0.0002921899498392279,0.00029224238349786835,58.06599643930896,61.68600783985615,10.966401393752205
16.580000000000002,-2.6977533582325527e-11,-1.0369173644699641e-10,0.0,-2.0059980197474214,0.999701702041194,0.0002921899498392279,0.00029224238349786835,58.06599643930896,61.68600783985615,10.966401393752205
16.6,-2.530436625626119e-11,-9.675459711926465e-11,0.0,-2.0059980197474214,0.999701702041194,0.0002921899498392279,0.00029224238349786835,58.06599643930896,61.68600783985615,10.966401393752205
16.62,-2.3732424636113186e-11,-9.026149736641194e-11,0.0,-2.0059980197474214,0.999701702041194,0.0002921899498392279,0.00029224238349786835,58.06599643930896,61.68600783985615,10.966401393752205
16.64,-2.2255706908483606e-11,-8.418647409376885e-11,0.0,-2.005998945150758,0.9997025827634882,0.0002921904905937708,0.00029224221691942026,58.06605703893151,61.68599615964258,10.966399317269792
16.66,-2.086856061629933e-11,-7.850012379685352e-11,0.0,-2.005998945150758,0.9997025827634882,0.0002921904905937708,0.00029224221691942026,58.06605703893151,61.68599615964258,10.966399317269792
16.68,-1.956566314862457e-11,-7.317986613900616e-11,0.0,-2.005998945150758,0.9997025827634882,0.0002921904905937708,0.00029224221691942026,58.06605703893151,61.68599615964258,10.966399317269792
16.7,-1.8342003324506997e-11,-6.820324193864158e-11,0.0,-2.005998945150758,0.9997025827634882,0.0002921904905937708,0.00029224221691942026,58.06605703893151,61.68599615964258,10.966399317269792
16.72,-1.7192862911509264e-11,-6.354884764382348e-11,0.0,-2.005998945150758,0.9997025827634882,0.0002921904905937708,0.00029224221691942026,58.06605703893151,61.68599615964258,10.966399317269792
16.740000000000002,-1.6113799651071326e-11,-5.919651638188074e-11,0.0,-2.005998945150758,0.9997025827634882,0.0002921904905937708,0.00029224221691942026,58.06605703893151,61.68599615964258,10.966399317269792
16.76,-1.5100631356758084e-11,-5.512730374794363e-11,0.0,-2.005998945150758,0.9997025827634882,0.0002921904905937708,0.00029224221691942026,58.06605703893151,61.68599615964258,10.966399317269792
16.78,-1.4149420936033913e-11,-5.132342684390836e-11,0.0,-2.005998945150758,0.9997025827634882,0.0002921904905937708,0.00029224221691942026,58.06605703893151,61.68599615964258,10.966399317269792
16.8,-1.325646226291863e-11,-4.7768195462599263e-11,0.0,-2.005998945150758,0.9997025827634882,0.0002921904905937708,0.00029224221691942026,58.06605703893151,61.68599615964258,10.966399317269792
16.82,-1.2418266850240602e-11,-4.4445945138461935e-11,0.0,-2.005998945150758,0.9997025827634882,0.0002921904905937708,0.00029224221691942026,58.06605703893151,61.68599615964258,10.966399317269792
16.84,-1.1631551277013706e-11,-4.1342747147921244e-11,0.0,-2.005999803665565,0.9997033994344436,0.00029219099280189035,0.00029224206349607814,58.06611376069973,61.685985143043645,10.966397358763315
16.86,-1.0893225103169707e-11,-3.8443071061710046e-11,0.0,-2.005999803665565,0.9997033994344436,0.00029219099280189035,0.00029224206349607814,58.06611376069973,61.685985143043645,10.966397358763315
16.88,-1.0200379964680965e-11,-3.5734811470454586e-11,0.0,-2.005999803665565,0.9997033994344436,0.00029219099280189035,0.00029224206349607814,58.06611376069973,61.685985143043645,10.966397358763315
16.9,-9.550279285471325e-12,-3.3205995464874964e-11,0.0,-2.005999803665565,0.9997033994344436,0.00029219099280189035,0.00029224206349607814,58.06611376069973,61.685985143043645,10.966397358763315
16.92,-8.940348033254721e-12,-3.084523641049269e-11,0.0,-2.005999803665565,0.9997033994344436,0.00029219099280189035,0.00029224206349607814,58.06611376069973,61.685985143043645,10.966397358763315
16.94,-8.368163285848544e-12,-2.8641818230757458e-11,0.0,-2.005999803665565,0.9997033994344436,0.00029219099280189035,0.00029224206349607814,58.06611376069973,61.685985143043645,10.966397358763315
16.96,-7.831445390775961e-12,-2.6585684146287484e-11,0.0,-2.005999803665565,0.9997033994344436,0.00029219099280189035,0.00029224206349607814,58.06611376069973,61.685985143043645,10.966397358763315
16.98,-7.328049640904276e-12,-2.4667402749083922e-11,0.0,-2.005999803665565,0.9997033994344436,0.00029219099280189035,0.00029224206349607814,58.06611376069973,61.685985143043645,10.966397358763315
17.0,-6.8559584267399786e-12,-2.2878130479998042e-11,0.0,-2.005999803665565,0.9997033994344436,0.00029219099280189035,0.00029224206349607814,58.06611376069973,61.685985143043645,10.966397358763315
17.02,-6.413273836706287e-12,-2.1209575266980392e-11,0.0,-2.005999803665565,0.9997033994344436,0.00029219099280189035,0.00029224206349607814,58.06611376069973,61.685985143043645,10.966397358763315
17.04,-5.998210680272795e-12,-1.9654334783798413e-11,0.0,-2.006000597331521,0.9997041540554442,0.00029219145757370947,0.0002922419226910099,58.06616666090415,61.685974791777326,10.96639551853819
17.06,-5.60908980143676e-12,-1.8204284263264283e-11,0.0,-2.006000597331521,0.9997041540554442,0.00029219145757370947,0.0002922419226910099,58.06616666090415,61.685974791777326,10.96639551853819
17.080000000000002,-5.24433201335041e-12,-1.685299685763807e-11,0.0,-2.006000597331521,0.9997041540554442,0.00029219145757370947,0.0002922419226910099,58.06616666090415,61.685974791777326,10.96639551853819
17.1,-4.902452379098256e-12,-1.5594152298670272e-11,0.0,-2.006000597331521,0.9997041540554442,0.00029219145757370947,0.0002922419226910099,58.06616666090415,61.685974791777326,10.96639551853819
17.12,-4.58205455971006e-12,-1.4421753074290058e-11,0.0,-2.006000597331521,0.9997041540554442,0.00029219145757370947,0.0002922419226910099,58.06616666090415,61.685974791777326,10.96639551853819
17.14,-4.2818255963888574e-12,-1.3330162409039621e-11,0.0,-2.006000597331521,0.9997041540554442,0.00029219145757370947,0.0002922419226910099,58.06616666090415,61.685974791777326,10.96639551853819
17.16,-4.000531019550068e-12,-1.2314096295374041e-11,0.0,-2.006000597331521,0.9997041540554442,0.00029219145757370947,0.0002922419226910099,58.06616666090415,61.685974791777326,10.96639551853819
17.18,-3.737010244972632e-12,-1.1368604748824253e-11,0.0,-2.006000597331521,0.9997041540554442,0.00029219145757370947,0.0002922419226910099,58.06616666090415,61.685974791777326,10.96639551853819
17.2,-3.490172235788456e-12,-1.048905148267949e-11,0.0,-2.006000597331521,0.9997041540554442,0.00029219145757370947,0.0002922419226910099,58.06616666090415,61.685974791777326,10.96639551853819
17.22,-3.258991414335087e-12,-9.671094288191304e-12,0.0,-2.006000597331521,0.9997041540554442,0.00029219145757370947,0.0002922419226910099,58.06616666090415,61.685974791777326,10.96639551853819
17.240000000000002,-3.0425038097318685e-12,-8.910842456387888e-12,0.0,-2.006001328212011,0.999704848645607,0.00029219188603959144,0.00029224179397650796,58.06621580362465,61.68596510510048,10.966393796462306
17.26,-2.8398033764789044e-12,-8.204093113679094e-12,0.0,-2.006001328212011,0.999704848645607,0.00029219188603959144,0.00029224179397650796,58.06621580362465,61.68596510510048,10.966393796462306
17.28,-2.6500386383420633e-12,-7.547473030264598e-12,0.0,-2.006001328212011,0.999704848645607,0.00029219188603959144,0.00029224179397650796,58.06621580362465,61.68596510510048,10.966393796462306
17.3,-2.4724095255795342e-12,-6.93768433104988e-12,0.0,-2.006001328212011,0.999704848645607,0.00029219188603959144,0.00029224179397650796,58.06621580362465,61.68596510510048,10.966393796462306
17.32,-2.3061642720406006e-12,-6.371605097436243e-12,0.0,-2.006001328212011,0.999704848645607,0.00029219188603959144,0.00029224179397650796,58.06621580362465,61.68596510510048,10.966393796462306
17.34,-2.150596543950343e-12,-5.846305735469525e-12,0.0,-2.006001328212011,0.999704848645607,0.00029219188603959144,0.00029224179397650796,58.06621580362465,61.68596510510048,10.966393796462306
17.36,-2.0050427479809948e-12,-5.359043701847322e-12,0.0,-2.006001328212011,0.999704848645607,0.00029219188603959144,0.00029224179397650796,58.06621580362465,61.68596510510048,10.966393796462306
17.38,-1.8688794983481645e-12,-4.907253229068461e-12,0.0,-2.006001328212011,0.999704848645607,0.00029219188603959144,0.00029224179397650796,58.06621580362465,61.68596510510048,10.966393796462306
17.400000000000002,-1.741521231477197e-12,-4.4885343957395895e-12,0.0,-2.006001328212011,0.999704848645607,0.00029219188603959144,0.00029224179397650796,58.06621580362465,61.68596510510048,10.966393796462306
17.42,-1.6224179593739648e-12,-4.1006426179682306e-12,0.0,-2.006001328212011,0.999704848645607,0.00029219188603959144,0.00029224179397650796,58.06621580362465,61.68596510510048,10.966393796462306
17.44,-1.5110531537789551e-12,-3.741559761268179e-12,0.0,-2.0060019984207926,0.9997054852676003,0.00029219227936513935,0.0002922416768279682,58.066261261912764,61.68595607966953,10.96639219194125
17.46,-1.4069417299860547e-12,-3.4091410202023544e-12,0.0,-2.0060019984207926,0.9997054852676003,0.00029219227936513935,0.0002922416768279682,58.066261261912764,61.68595607966953,10.96639219194125
17.48,-1.3096282001659274e-12,-3.1016400953036895e-12,0.0,-2.0060019984207926,0.9997054852676003,0.00029219227936513935,0.0002922416768279682,58.066261261912764,61.68595607966953,10.96639219194125
17.5,-1.2186849341385682e-12,-2.8173601124729346e-12,0.0,-2.0060019984207926,0.9997054852676003,0.00029219227936513935,0.0002922416768279682,58.066261261912764,61.68595607966953,10.96639219194125
17.52,-1.1337104650355684e-12,-2.554699067339538e-12,0.0,-2.0060019984207926,0.9997054852676003,0.00029219227936513935,0.0002922416768279682,58.066261261912764,61.68595607966953,10.96639219194125
17.54,-1.054327918059784e-12,-2.3121564256396914e-12,0.0,-2.0060019984207926,0.9997054852676003,0.00029219227936513935,0.0002922416768279682,58.066261261912764,61.68595607966953,10.96639219194125
17.56,-9.801835371715392e-13,-2.088329790483896e-12,0.0,-2.0060019984207926,0.9997054852676003,0.00029219227936513935,0.0002922416768279682,58.066261261912764,61.68595607966953,10.96639219194125
17.580000000000002,-9.109452994331012e-13,-1.8819093198149157e-12,0.0,-2.0060019984207926,0.9997054852676003,0.00029219227936513935,0.0002922416768279682,58.066261261912764,61.68595607966953,10.96639219194125
17.6,-8.463016108648711e-13,-1.6916718977205698e-12,0.0,-2.0060019984207926,0.9997054852676003,0.00029219227936513935,0.0002922416768279682,58.066261261912764,61.68595607966953,10.96639219194125
17.62,-7.859600789125362e-13,-1.5164755526487303e-12,0.0,-2.0060019984207926,0.9997054852676003,0.00029219227936513935,0.0002922416768279682,58.066261261912764,61.68595607966953,10.96639219194125
17.64,-7.29646357108821e-13,-1.3552903265379002e-12,0.0,-2.0060026101440998,0.9997060660490138,0.0002921926387636767,0.00029224157071899235,58.06630311880261,61.68594770940954,10.96639070389503
17.66,-6.771030472228317e-13,-1.2070399413504571e-12,0.0,-2.0060026101440998,0.9997060660490138,0.0002921926387636767,0.00029224157071899235,58.06630311880261,61.68594770940954,10.96639070389503
17.68,-6.280886892849211e-13,-1.0708355889313898e-12,0.0,-2.0060026101440998,0.9997060660490138,0.0002921926387636767,0.00029224157071899235,58.06630311880261,61.68594770940954,10.96639070389503
17.7,-5.82376811007583e-13,-9.458192314446062e-13,0.0,-2.0060026101440998,0.9997060660490138,0.0002921926387636767,0.00029224157071899235,58.06630311880261,61.68594770940954,10.96639070389503
17.72,-5.397550080198169e-13,-8.311833301940924e-13,0.0,-2.0060026101440998,0.9997060660490138,0.0002921926387636767,0.00029224157071899235,58.06630311880261,61.68594770940954,10.96639070389503
17.740000000000002,-5.000240892121336e-13,-7.261732218551439e-13,0.0,-2.0060026101440998,0.9997060660490138,0.0002921926387636767,0.00029224157071899235,58.06630311880261,61.68594770940954,10.96639070389503
17.76,-4.629972753176375e-13,-6.30085086147406e-13,0.0,-2.0060026101440998,0.9997060660490138,0.0002921926387636767,0.00029224157071899235,58.06630311880261,61.68594770940954,10.96639070389503
17.78,-4.2849944556340025e-13,-5.422629428492803e-13,0.0,-2.0060026101440998,0.9997060660490138,0.0002921926387636767,0.00029224157071899235,58.06630311880261,61.68594770940954,10.96639070389503
17.8,-3.9636642910562056e-13,-4.620955730178681e-13,0.0,-2.0060026101440998,0.9997060660490138,0.0002921926387636767,0.00029224157071899235,58.06630311880261,61.68594770940954,10.96639070389503
17.82,-3.6644433855129625e-13,-3.890135828005925e-13,0.0,-2.0060026101440998,0.9997060660490138,0.0002921926387636767,0.00029224157071899235,58.06630311880261,61.68594770940954,10.96639070389503
17.84,-3.3858894311570617e-13,-3.2250205771408955e-13,0.0,-2.0060031656579187,0.9997065931990519,0.00029219296550602895,0.0002922414751176051,58.06634146811708,61.68593998540415,10.966389330738515
17.86,-3.126650746082286e-13,-2.6203245216499303e-13,0.0,-2.0060031656579187,0.9997065931990519,0.00029219296550602895,0.0002922414751176051,58.06634146811708,61.68593998540415,10.966389330738515
17.88,-2.885460787319508e-13,-2.071621219651528e-13,0.0,-2.0060031656579187,0.9997065931990519,0.00029219296550602895,0.0002922414751176051,58.06634146811708,61.68593998540415,10.966389330738515
17.900000000000002,-2.661132990277378e-13,-1.5746680737662132e-13,0.0,-2.0060031656579187,0.9997065931990519,0.00029219296550602895,0.0002922414751176051,58.06634146811708,61.68593998540415,10.966389330738515
17.92,-2.452555808259652e-13,-1.1254872360604116e-13,0.0,-2.0060031656579187,0.9997065931990519,0.00029219296550602895,0.0002922414751176051,58.06634146811708,61.68593998540415,10.966389330738515
17.94,-2.2586880947309574e-13,-7.203722627538828e-14,0.0,-2.0060031656579187,0.9997065931990519,0.00029219296550602895,0.0002922414751176051,58.06634146811708,61.68593998540415,10.966389330738515
17.96,-2.078554773506957e-13,-3.5587608479239113e-14,0.0,-2.0060031656579187,0.9997065931990519,0.00029219296550602895,0.0002922414751176051,58.06634146811708,61.68593998540415,10.966389330738515
17.98,-1.9112427710777966e-13,-2.8795039397592716e-15,0.0,-2.0060031656579187,0.9997065931990519,0.00029219296550602895,0.0002922414751176051,58.06634146811708,61.68593998540415,10.966389330738515
18.0,-1.755897193556137e-13,2.6384721085702214e-14,0.0,-2.0060031656579187,0.9997065931990519,0.00029219296550602895,0.0002922414751176051,58.06634146811708,61.68593998540415,10.966389330738515
18.02,-1.6117177334732567e-13,5.2481494778921854e-14,0.0,-2.0060031656579187,0.9997065931990519,0.00029219296550602895,0.0002922414751176051,58.06634146811708,61.68593998540415,10.966389330738515
18.04,-1.4779552928947805e-13,7.566130902874994e-14,0.0,-2.006003667340185,0.9997070690203167,0.00029219326092742783,0.0002922413894835848,58.06637641503605,61.68593289581791,10.966388070367628
18.06,-1.353908792132304e-13,9.617630340294146e-14,0.0,-2.006003667340185,0.9997070690203167,0.00029219326092742783,0.0002922413894835848,58.06637641503605,61.68593289581791,10.966388070367628
18.080000000000002,-1.2389222108046774e-13,1.1424060804594186e-13,0.0,-2.006003667340185,0.9997070690203167,0.00029219326092742783,0.0002922413894835848,58.06637641503605,61.68593289581791,10.966388070367628
18.1,-1.1323818071939471e-13,1.3005775687708254e-13,0.0,-2.006003667340185,0.9997070690203167,0.00029219326092742783,0.0002922413894835848,58.06637641503605,61.68593289581791,10.966388070367628
18.12,-1.0337134624672809e-13,1.438176596561219e-13,0.0,-2.006003667340185,0.9997070690203167,0.00029219326092742783,0.0002922413894835848,58.06637641503605,61.68593289581791,10.966388070367628
18.14,-9.423802043898186e-14,1.5569655620448857e-13,0.0,-2.006003667340185,0.9997070690203167,0.00029219326092742783,0.0002922413894835848,58.06637641503605,61.68593289581791,10.966388070367628
18.16,-8.578798858770178e-14,1.658577096169627e-13,0.0,-2.006003667340185,0.9997070690203167,0.00029219326092742783,0.0002922413894835848,58.06637641503605,61.68593289581791,10.966388070367628
18.18,-7.79743005610971e-14,1.7445224394062657e-13,0.0,-2.006003667340185,0.9997070690203167,0.00029219326092742783,0.0002922413894835848,58.06637641503605,61.68593289581791,10.966388070367628
18.2,-7.07530661429962e-14,1.816199728107754e-13,0.0,-2.006003667340185,0.9997070690203167,0.00029219326092742783,0.0002922413894835848,58.06637641503605,61.68593289581791,10.966388070367628
18.22,-6.408326284362578e-14,1.8749018267215849e-13,0.0,-2.006003667340185,0.9997070690203167,0.00029219326092742783,0.0002922413894835848,58.06637641503605,61.68593289581791,10.966388070367628
18.240000000000002,-5.7926555439586e-14,1.9218015778079909e-13,0.0,-2.006004117677747,0.9997074959155587,0.0002921935264314334,0.00029224131326688677,58.06640807638971,61.685926425859805,10.966386920152855
18.26,-5.224712589994131e-14,1.9580529731733237e-13,0.0,-2.006004117677747,0.9997074959155587,0.0002921935264314334,0.00029224131326688677,58.06640807638971,61.685926425859805,10.966386920152855
18.28,-4.7011515154273676e-14,1.984649992455091e-13,0.0,-2.006004117677747,0.9997074959155587,0.0002921935264314334,0.00029224131326688677,58.06640807638971,61.685926425859805,10.966386920152855
18.3,-4.218847453162884e-14,2.002527614513079e-13,0.0,-2.006004117677747,0.9997074959155587,0.0002921935264314334,0.00029224131326688677,58.06640807638971,61.685926425859805,10.966386920152855
18.32,-3.774882475569099e-14,2.012552341946347e-13,0.0,-2.006004117677747,0.9997074959155587,0.0002921935264314334,0.00029224131326688677,58.06640807638971,61.685926425859805,10.966386920152855
18.34,-3.366532428555079e-14,2.01552350098255e-13,0.0,-2.006004117677747,0.9997074959155587,0.0002921935264314334,0.00029224131326688677,58.06640807638971,61.685926425859805,10.966386920152855
18.36,-2.991254593056676e-14,2.0121771343664484e-13,0.0,-2.006004117677747,0.9997074959155587,0.0002921935264314334,0.00029224131326688677,58.06640807638971,61.685926425859805,10.966386920152855
18.38,-2.6466761111588442e-14,2.003190324144362e-13,0.0,-2.006004117677747,0.9997074959155587,0.0002921935264314334,0.00029224131326688677,58.06640807638971,61.685926425859805,10.966386920152855
18.400000000000002,-2.3305831277656077e-14,1.989185390752343e-13,0.0,-2.006004117677747,0.9997074959155587,0.0002921935264314334,0.00029224131326688677,58.06640807638971,61.685926425859805,10.966386920152855
18.42,-2.0409106041484777e-14,1.9707338419352183e-13,0.0,-2.006004117677747,0.9997074959155587,0.0002921935264314334,0.00029224131326688677,58.06640807638971,61.685926425859805,10.966386920152855
18.44,-1.7757327628543985e-14,1.9483538283405467e-13,0.0,-2.0060045192680116,0.9997078763893325,0.0002921937634908026,0.00029224124590713374,58.06643658064653,61.685920557796415,10.966385876941585
18.46,-1.5332541076990142e-14,1.922540419902476e-13,0.0,-2.0060045192680116,0.9997078763893325,0.0002921937634908026,0.00029224124590713374,58.06643658064653,61.685920557796415,10.966385876941585
18.48,-1.3118010433001867e-14,1.8937264343283191e-13,0.0,-2.0060045192680116,0.9997078763893325,0.0002921937634908026,0.00029224124590713374,58.06643658064653,61.685920557796415,10.966385876941585
18.5,-1.1098140151392513e-14,1.8623130076704568e-13,0.0,-2.0060045192680116,0.9997078763893325,0.0002921937634908026,0.00029224124590713374,58.06643658064653,61.685920557796415,10.966385876941585
18.52,-9.258400952883347e-15,1.828667922633674e-13,0.0,-2.0060045192680116,0.9997078763893325,0.0002921937634908026,0.00029224124590713374,58.06643658064653,61.685920557796415,10.966385876941585
18.54,-7.585260515720834e-15,1.7931270461932613e-13,0.0,-2.0060045192680116,0.9997078763893325,0.0002921937634908026,0.00029224124590713374,58.06643658064653,61.685920557796415,10.966385876941585
18.56,-6.066118556753851e-15,1.7559964587126174e-13,0.0,-2.0060045192680116,0.9997078763893325,0.0002921937634908026,0.00029224124590713374,58.06643658064653,61.685920557796415,10.966385876941585
18.580000000000002,-4.6892459961297476e-15,1.717554639370926e-13,0.0,-2.0060045192680116,0.9997078763893325,0.0002921937634908026,0.00029224124590713374,58.06643658064653,61.685920557796415,10.966385876941585
18.6,-3.4437279474767846e-15,1.6780545489979271e-13,0.0,-2.0060045192680116,0.9997078763893325,0.0002921937634908026,0.00029224124590713374,58.06643658064653,61.685920557796415,10.966385876941585
18.62,-2.319410298257419e-15,1.6377255775529169e-13,0.0,-2.0060045192680116,0.9997078763893325,0.0002921937634908026,0.00029224124590713374,58.06643658064653,61.685920557796415,10.966385876941585
18.64,-1.3068496607071499e-15,1.5967748209541362e-13,0.0,-2.0060048748153374,0.9997082130446229,0.0002921939736453226,0.00029224118683412434,58.06646206759441,61.68591527101915,10.966384937070071
18.66,-3.9726647146440085e-16,1.5553912803404882e-13,0.0,-2.0060048748153374,0.9997082130446229,0.0002921939736453226,0.00029224118683412434,58.06646206759441,61.68591527101915,10.966384937070071
18.68,4.1749889615755396e-16,1.5137430983833727e-13,0.0,-2.0060048748153374,0.9997082130446229,0.0002921939736453226,0.00029224118683412434,58.06646206759441,61.68591527101915,10.966384937070071
18.7,1.145027242588814e-15,1.471982102818497e-13,0.0,-2.0060048748153374,0.9997082130446229,0.0002921939736453226,0.00029224118683412434,58.06646206759441,61.68591527101915,10.966384937070071
18.72,1.7923590828089917e-15,1.4302445835154567e-13,0.0,-2.0060048748153374,0.9997082130446229,0.0002921939736453226,0.00029224118683412434,58.06646206759441,61.68591527101915,10.966384937070071
18.740000000000002,2.3660307053127066e-15,1.38865240149888e-13,0.0,-2.0060048748153374,0.9997082130446229,0.0002921939736453226,0.00029224118683412434,58.06646206759441,61.68591527101915,10.966384937070071
18.76,2.8721079218950754e-15,1.3473141202192427e-13,0.0,-2.0060048748153374,0.9997082130446229,0.0002921939736453226,0.00029224118683412434,58.06646206759441,61.68591527101915,10.966384937070071
18.78,3.31621765595361e-15,1.3063260812851532e-13,0.0,-2.0060048748153374,0.9997082130446229,0.0002921939736453226,0.00029224118683412434,58.06646206759441,61.68591527101915,10.966384937070071
18.8,3.7035775043135985e-15,1.2657734084718547e-13,0.0,-2.0060048748153374,0.9997082130446229,0.0002921939736453226,0.00029224118683412434,58.06646206759441,61.68591527101915,10.966384937070071
18.82,4.039023398507004e-15,1.225730939910485e-13,0.0,-2.0060048748153374,0.9997082130446229,0.0002921939736453226,0.00029224118683412434,58.06646206759441,61.68591527101915,10.966384937070071
18.84,4.327035483624738e-15,1.1862651726856093e-13,0.0,-2.0060051871223705,0.9997085085746443,0.00029219415849670417,0.0002922411354692897,58.0664846877133,61.68591054217002,10.966384096385783
18.86,4.571762294054009e-15,1.147430618592846e-13,0.0,-2.0060051871223705,0.9997085085746443,0.00029219415849670417,0.0002922411354692897,58.0664846877133,61.68591054217002,10.966384096385783
18.88,4.777043428663525e-15,1.1092771959164832e-13,0.0,-2.0060051871223705,0.9997085085746443,0.00029219415849670417,0.0002922411354692897,58.0664846877133,61.68591054217002,10.966384096385783
18.900000000000002,4.946430759002209e-15,1.0718468590538812e-13,0.0,-2.0060051871223705,0.9997085085746443,0.00029219415849670417,0.0002922411354692897,58.0664846877133,61.68591054217002,10.966384096385783
18.92,5.0832081867857535e-15,1.0351748099268281e-13,0.0,-2.0060051871223705,0.9997085085746443,0.00029219415849670417,0.0002922411354692897,58.0664846877133,61.68591054217002,10.966384096385783
18.94,5.190410138761371e-15,9.992902362834947e-14,0.0,-2.0060051871223705,0.9997085085746443,0.00029219415849670417,0.0002922411354692897,58.0664846877133,61.68591054217002,10.966384096385783
18.96,5.27083885874304e-15,9.642168927470578e-14,0.0,-2.0060051871223705,0.9997085085746443,0.00029219415849670417,0.0002922411354692897,58.0664846877133,61.68591054217002,10.966384096385783
18.98,5.327080567468049e-15,9.299736112070564e-14,0.0,-2.0060051871223705,0.9997085085746443,0.00029219415849670417,0.0002922411354692897,58.0664846877133,61.68591054217002,10.966384096385783
19.0,5.361520560443674e-15,8.965747655530193e-14,0.0,-2.0060051871223705,0.9997085085746443,0.00029219415849670417,0.0002922411354692897,58.0664846877133,61.68591054217002,10.966384096385783
19.02,5.376357310647275e-15,8.640306991732562e-14,0.0,-2.0060051871223705,0.9997085085746443,0.00029219415849670417,0.0002922411354692897,58.0664846877133,61.68591054217002,10.966384096385783
19.04,5.373615639081131e-15,8.323493448618983e-14,0.0,-2.0060054590766527,0.9997087657501414,0.00029219431970071915,0.00029224109122800643,58.06650460123269,61.68590634532542,10.966383350280074
19.06,5.355158976464413e-15,8.015314649282244e-14,0.0,-2.0060054590766527,0.9997087657501414,0.00029219431970071915,0.00029224109122800643,58.06650460123269,61.68590634532542,10.966383350280074
19.080000000000002,5.322700885506631e-15,7.715787963944653e-14,0.0,-2.0060054590766527,0.9997087657501414,0.00029219431970071915,0.00029224109122800643,58.06650460123269,61.68590634532542,10.966383350280074
19.1,5.2778158174491285e-15,7.424894793498554e-14,0.0,-2.0060054590766527,0.9997087657501414,0.00029219431970071915,0.00029224109122800643,58.06650460123269,61.68590634532542,10.966383350280074
19.12,5.2219490662091555e-15,7.142590680730369e-14,0.0,-2.0060054590766527,0.9997087657501414,0.00029219431970071915,0.00029224109122800643,58.06650460123269,61.68590634532542,10.966383350280074
19.14,5.156426087302208e-15,6.8688098069394e-14,0.0,-2.0060054590766527,0.9997087657501414,0.00029219431970071915,0.00029224109122800643,58.06650460123269,61.68590634532542,10.966383350280074
19.16,5.082461197661059e-15,6.603467850756535e-14,0.0,-2.0060054590766527,0.9997087657501414,0.00029219431970071915,0.00029224109122800643,58.06650460123269,61.68590634532542,10.966383350280074
19.18,5.001165689794997e-15,6.346464281071681e-14,0.0,-2.0060054590766527,0.9997087657501414,0.00029219431970071915,0.00029224109122800643,58.06650460123269,61.68590634532542,10.966383350280074
19.2,4.913555396484601e-15,6.097684377342869e-14,0.0,-2.0060054590766527,0.9997087657501414,0.00029219431970071915,0.00029224109122800643,58.06650460123269,61.68590634532542,10.966383350280074
19.22,4.820557741190237e-15,5.857001062333495e-14,0.0,-2.0060054590766527,0.9997087657501414,0.00029219431970071915,0.00029224109122800643,58.06650460123269,61.68590634532542,10.966383350280074
19.240000000000002,4.723018307449759e-15,5.6242860885775684e-14,0.0,-2.0060056936330075,0.9997089874026747,0.000292194458956857,0.00029224105352265066,58.066521976911815,61.68590265223697,10.966382693731017
19.26,4.6217069306591135e-15,5.3993716325732077e-14,0.0,-2.0060056936330075,0.9997089874026747,0.000292194458956857,0.00029224105352265066,58.066521976911815,61.68590265223697,10.966382693731017
19.28,4.5173234304440174e-15,5.182112892630091e-14,0.0,-2.0060056936330075,0.9997089874026747,0.000292194458956857,0.00029224105352265066,58.066521976911815,61.68590265223697,10.966382693731017
19.3,4.410502949008425e-15,4.972350877056566e-14,0.0,-2.0060056936330075,0.9997089874026747,0.000292194458956857,0.00029224105352265066,58.066521976911815,61.68590265223697,10.966382693731017
19.32,4.301820854858235e-15,4.7699193738910247e-14,0.0,-2.0060056936330075,0.9997089874026747,0.000292194458956857,0.00029224105352265066,58.066521976911815,61.68590265223697,10.966382693731017
19.34,4.191797331451933e-15,4.5746475112622975e-14,0.0,-2.0060056936330075,0.9997089874026747,0.000292194458956857,0.00029224105352265066,58.066521976911815,61.68590265223697,10.966382693731017
19.36,4.080901651870809e-15,4.386361081860464e-14,0.0,-2.0060056936330075,0.9997089874026747,0.000292194458956857,0.00029224105352265066,58.066521976911815,61.68590265223697,10.966382693731017
19.38,3.969556155148505e-15,4.20488348317113e-14,0.0,-2.0060056936330075,0.9997089874026747,0.000292194458956857,0.00029224105352265066,58.066521976911815,61.68590265223697,10.966382693731017
19.400000000000002,3.8581399427583894e-15,4.0300365031147125e-14,0.0,-2.0060056936330075,0.9997089874026747,0.000292194458956857,0.00029224105352265066,58.066521976911815,61.68590265223697,10.966382693731017
19.42,3.7469923135667274e-15,3.861641014684244e-14,0.0,-2.0060056936330075,0.9997089874026747,0.000292194458956857,0.00029224105352265066,58.066521976911815,61.68590265223697,10.966382693731017
19.44,3.636415954625482e-15,3.69952396770911e-14,0.0,-2.0060058937923175,0.9997091764044888,0.00029219457799585497,0.0002922410217662587,58.06653699055973,61.685899432624375,10.966382121355444
19.46,3.526679885462346e-15,3.543492151271584e-14,0.0,-2.0060058937923175,0.9997091764044888,0.00029219457799585497,0.0002922410217662587,58.06653699055973,61.685899432624375,10.966382121355444
19.48,3.4180222308345398e-15,3.393373859674024e-14,0.0,-2.0060058937923175,0.9997091764044888,0.00029219457799585497,0.0002922410217662587,58.06653699055973,61.685899432624375,10.966382121355444
19.5,3.310652794290295e-15,3.2489933732485574e-14,0.0,-2.0060058937923175,0.9997091764044888,0.00029219457799585497,0.0002922410217662587,58.06653699055973,61.685899432624375,10.966382121355444
19.52,3.2047554015191947e-15,3.1101752971807166e-14,0.0,-2.0060058937923175,0.9997091764044888,0.00029219457799585497,0.0002922410217662587,58.06653699055973,61.685899432624375,10.966382121355444
19.54,3.100490090325326e-15,2.976745933206657e-14,0.0,-2.0060058937923175,0.9997091764044888,0.00029219457799585497,0.0002922410217662587,58.06653699055973,61.685899432624375,10.966382121355444
19.56,2.997995144341367e-15,2.848533836852167e-14,0.0,-2.0060058937923175,0.9997091764044888,0.00029219457799585497,0.0002922410217662587,58.06653699055973,61.685899432624375,10.966382121355444
19.580000000000002,2.897388977688051e-15,2.7253701367103225e-14,0.0,-2.0060058937923175,0.9997091764044888,0.00029219457799585497,0.0002922410217662587,58.06653699055973,61.685899432624375,10.966382121355444
19.6,2.7987718799234024e-15,2.6070887701187927e-14,0.0,-2.0060058937923175,0.9997091764044888,0.00029219457799585497,0.0002922410217662587,58.06653699055973,61.685899432624375,10.966382121355444
19.62,2.7022276306844648e-15,2.4935266769570422e-14,0.0,-2.0060058937923175,0.9997091764044888,0.00029219457799585497,0.0002922410217662587,58.06653699055973,61.685899432624375,10.966382121355444
19.64,2.6078249929687697e-15,2.384527884720839e-14,0.0,-2.006006062577449,0.9997093356456822,0.0002921946785655281,0.000292240995376643,58.06654982335063,61.6858966545143,10.96638162746921
19.66,2.5156190819627007e-15,2.2799271267459314e-14,0.0,-2.006006062577449,0.9997093356456822,0.0002921946785655281,0.000292240995376643,58.06654982335063,61.6858966545143,10.96638162746921
19.68,2.4256526540771714e-15,2.1795753706404046e-14,0.0,-2.006006062577449,0.9997093356456822,0.0002921946785655281,0.000292240995376643,58.06654982335063,61.6858966545143,10.96638162746921
19.7,2.3379572975525144e-15,2.0833238524605504e-14,0.0,-2.006006062577449,0.9997093356456822,0.0002921946785655281,0.000292240995376643,58.06654982335063,61.6858966545143,10.96638162746921
19.72,2.2525545041543607e-15,1.9910265961251755e-14,0.0,-2.006006062577449,0.9997093356456822,0.0002921946785655281,0.000292240995376643,58.06654982335063,61.6858966545143,10.96638162746921
19.740000000000002,2.1694566681096895e-15,1.9025411019526966e-14,0.0,-2.006006062577449,0.9997093356456822,0.0002921946785655281,0.000292240995376643,58.06654982335063,61.6858966545143,10.96638162746921
19.76,2.0886680092023457e-15,1.8177285397814932e-14,0.0,-2.006006062577449,0.9997093356456822,0.0002921946785655281,0.000292240995376643,58.06654982335063,61.6858966545143,10.96638162746921
19.78,2.0101854232799642e-15,1.7364538038319415e-14,0.0,-2.006006062577449,0.9997093356456822,0.0002921946785655281,0.000292240995376643,58.06654982335063,61.6858966545143,10.96638162746921
19.8,1.933999264821618e-15,1.6585855245462688e-14,0.0,-2.006006062577449,0.9997093356456822,0.0002921946785655281,0.000292240995376643,58.06654982335063,61.6858966545143,10.96638162746921
19.82,1.8600940663164754e-15,1.5839960627298884e-14,0.0,-2.006006062577449,0.9997093356456822,0.0002921946785655281,0.000292240995376643,58.06654982335063,61.6858966545143,10.96638162746921
19.84,1.78844919898252e-15,1.512563771864577e-14,0.0,-2.0060062030071455,0.9997094680094708,0.0002921947624153801,0.00029224097378080185,58.06656065996918,61.68589428461624,10.966381206153999
19.86,1.7190394723933339e-15,1.4441633635393092e-14,0.0,-2.0060062030071455,0.9997094680094708,0.0002921947624153801,0.00029224097378080185,58.06656065996918,61.68589428461624,10.966381206153999
19.88,1.6518356983912825e-15,1.3786806710715515e-14,0.0,-2.0060062030071455,0.9997094680094708,0.0002921947624153801,0.00029224097378080185,58.06656065996918,61.68589428461624,10.966381206153999
19.900000000000002,1.5868052078312645e-15,1.3160032486593885e-14,0.0,-2.0060062030071455,0.9997094680094708,0.0002921947624153801,0.00029224097378080185,58.06656065996918,61.68589428461624,10.966381206153999
19.92,1.5239123077167341e-15,1.2560217541661418e-14,0.0,-2.0060062030071455,0.9997094680094708,0.0002921947624153801,0.00029224097378080185,58.06656065996918,61.68589428461624,10.966381206153999
19.94,1.463118705096784e-15,1.1986302672295458e-14,0.0,-2.0060062030071455,0.9997094680094708,0.0002921947624153801,0.00029224097378080185,58.06656065996918,61.68589428461624,10.966381206153999
19.96,1.4043838954227062e-15,1.1437263227113989e-14,0.0,-2.0060062030071455,0.9997094680094708,0.0002921947624153801,0.00029224097378080185,58.06656065996918,61.68589428461624,10.966381206153999
19.98,1.3476655167887814e-15,1.091210867873716e-14,0.0,-2.0060062030071455,0.9997094680094708,0.0002921947624153801,0.00029224097378080185,58.06656065996918,61.68589428461624,10.966381206153999
