t,y,u,ref,a1_est,a2_est,b1_est,b2_est,r1,r2,r3,s0,s1,s2,t0
0.0,0.1,36.67736036488241,0.0,-2.006320008667282,1.0,-0.0002928370247095777,-0.0002928370247095777,-1.2033447024137292,0.23239066389667679,-0.029045961482947642,-366.77360364882406,697.1883841780135,-331.08655460390986,-0.6717740747203834
0.02,0.0896339147052405,7.292022781391559,0.0,-2.006320008667282,1.0,-0.0002928370247095777,-0.0002928370247095777,-1.2033447024137292,0.23239066389667679,-0.029045961482947642,-366.77360364882406,697.1883841780135,-331.08655460390986,-0.6717740747203834
0.04,0.06701884541867664,-4.550984395218931,0.0,-2.006320008667282,1.0,-0.0002928370247095777,-0.0002928370247095777,-1.2033447024137292,0.23239066389667679,-0.029045961482947642,-366.77360364882406,697.1883841780135,-331.08655460390986,-0.6717740747203834
0.06,0.04402570757196836,-7.006380913761225,0.0,-2.006320012538188,0.9999999956814274,-0.0002925221134139021,-0.00029125308628525737,-1.2033447024137292,0.23239066389667679,-0.029045961482947642,-366.77360364882406,697.1883841780135,-331.08655460390986,-0.6717740747203834
0.08,0.02468987994566542,-6.6112583177019495,0.0,-2.0063199989316813,1.000000014750812,-0.0002910116945331555,-0.00029155330741330695,-1.2033447024137292,0.23239066389667679,-0.029045961482947642,-366.77360364882406,697.1883841780135,-331.08655460390986,-0.6717740747203834
0.1,0.009495667376673287,-5.6140104063587,0.0,-2.0063232095039787,0.9999946881582928,-0.0002920388175531997,-0.0002914267731015258,-1.2033447024137292,0.23239066389667679,-0.029045961482947642,-366.77360364882406,697.1883841780135,-331.08655460390986,-0.6717740747203834
0.12,-0.0020589414649475647,-4.623649133341075,0.0,-2.0063201548308833,0.9999960519109321,-0.00029273216654940624,-0.0002913297538583262,-1.2033447024137292,0.23239066389667679,-0.029045961482947642,-366.77360364882406,697.1883841780135,-331.08655460390986,-0.6717740747203834
0.14,-0.010628623514640877,-3.770171119239104,0.0,-2.0063112039352053,1.0000045233223687,-0.00029325742397253026,-0.000291213102548245,-1.2033447024137292,0.23239066389667679,-0.029045961482947642,-366.77360364882406,697.1883841780135,-331.08655460390986,-0.6717740747203834
0.16,-0.016807575266764643,-3.0614968125769693,0.0,-2.0063010401913934,1.000014937139094,-0.0002936390021417991,-0.0002911011092399417,-1.2033447024137292,0.23239066389667679,-0.029045961482947642,-366.77360364882406,697.1883841780135,-331.08655460390986,-0.6717740747203834
0.18,-0.02109246231385858,-2.479288246244136,0.0,-2.0062929905453344,1.0000234299765256,-0.0002938823185263343,-0.0002910174868793788,-1.2033447024137292,0.23239066389667679,-0.029045961482947642,-366.77360364882406,697.1883841780135,-331.08655460390986,-0.6717740747203834
0.2,-0.023888479748595405,-2.0024896156643037,0.0,-2.0062880274825345,1.0000287472931262,-0.00029401412703783706,-0.00029096741906785875,-1.2033447024137292,0.23239066389667679,-0.029045961482947642,-366.77360364882406,697.1883841780135,-331.08655460390986,-0.6717740747203834
0.22,-0.025523436599622373,-1.6124288459721257,0.0,-2.0062856811858123,1.000031285798314,-0.0002940711480968263,-0.00029094417132341066,-1.2033447024137292,0.23239066389667679,-0.029045961482947642,-366.77360364882406,697.1883841780135,-331.08655460390986,-0.6717740747203834
0.24,-0.02626148383215023,-1.293491124904847,0.0,-2.0062850727747614,1.0000319487480003,-0.00029408497997648463,-0.00029093821784386797,-1.2033447024137292,0.23239066389667679,-0.029045961482947642,-366.77360364882406,697.1883841780135,-331.08655460390986,-0.6717740747203834
0.26,-0.02631484976120315,-1.0328240017787325,0.0,-2.0062854452462378,1.0000315405840026,-0.0002940769509709857,-0.00029094182870092165,-1.2033447024137292,0.23239066389667679,-0.029045961482947642,-366.77360364882406,697.1883841780135,-331.08655460390986,-0.6717740747203834
0.28,-0.025853536555172512,-0.8198939612389089,0.0,-2.0062862915855963,1.0000306086612814,-0.00029405949534234803,-0.00029094997370943625,-1.2033447024137292,0.23239066389667679,-0.029045961482947642,-366.77360364882406,697.1883841780135,-331.08655460390986,-0.6717740747203834
0.3,-0.025013254293603886,-0.6460760751464457,0.0,-2.006287314785107,1.0000294771093006,-0.00029403917045874945,-0.0002909597633457046,-1.2033447024137292,0.23239066389667679,-0.029045961482947642,-366.77360364882406,697.1883841780135,-331.08655460390986,-0.6717740747203834
0.32,-0.02390189442644766,-0.5043078377896775,0.0,-2.006288356093653,1.0000283208597578,-0.00029401914818924995,-0.00029096967905949697,-1.2033447024137292,0.23239066389667679,-0.029045961482947642,-366.77360364882406,697.1883841780135,-331.08655460390986,-0.6717740747203834
0.34,-0.02260480715347276,-0.38880433437530987,0.0,-2.006289337753252,1.0000272265624204,-0.00029400080353146423,-0.00029097899073741946,-1.2033447024137292,0.23239066389667679,-0.029045961482947642,-366.77360364882406,697.1883841780135,-331.08655460390986,-0.6717740747203834
0.36,-0.021189102537173883,-0.29482549942492486,0.0,-2.006290226320492,1.0000262321629514,-0.00029398461193070745,-0.00029098739308153573,-1.2033447024137292,0.23239066389667679,-0.029045961482947642,-366.77360364882406,697.1883841780135,-331.08655460390986,-0.6717740747203834
0.38,-0.01970715524641277,-0.21848621675831553,0.0,-2.0062910114462804,1.0000253500161815,-0.000293970622841259,-0.00029099479882916697,-1.2033447024137292,0.23239066389667679,-0.029045961482947642,-366.77360364882406,697.1883841780135,-331.08655460390986,-0.6717740747203834
0.4,-0.018199459543900114,-0.1566013262294919,0.0,-2.006291694270346,1.000024579622114,-0.0002939586988444516,-0.0002910012272263526,-1.2033447024137292,0.23239066389667679,-0.029045961482947642,-366.77360364882406,697.1883841780135,-331.08655460390986,-0.6717740747203834
0.42,-0.016696953934383217,-0.10655901317144018,0.0,-2.0062922812940216,1.0000239143967005,-0.00029394863213712513,-0.00029100674591416546,-1.2033447024137292,0.23239066389667679,-0.029045961482947642,-366.77360364882406,697.1883841780135,-331.08655460390986,-0.6717740747203834
0.44,-0.015222912798919073,-0.06621728718836128,0.0,-2.006292781227614,1.0000233451807532,-0.00029394019909503204,-0.0002910114414524739,-1.2033447024137292,0.23239066389667679,-0.029045961482947642,-366.77360364882406,697.1883841780135,-331.08655460390986,-0.6717740747203834
0.46,-0.013794484410775227,-0.03381926959258191,0.0,-2.0062932034058125,1.0000228620184501,-0.0002939331843901174,-0.00029101540476825325,-1.2033447024137292,0.23239066389667679,-0.029045961482947642,-366.77360364882406,697.1883841780135,-331.08655460390986,-0.6717740747203834
0.48,-0.012423940161400191,-0.00792382579163474,0.0,-2.0062935570130964,1.000022455036309,-0.0002939273905274911,-0.00029101872422367635,-1.2033447024137292,0.23239066389667679,-0.029045961482947642,-366.77360364882406,697.1883841780135,-331.08655460390986,-0.6717740747203834
0.5,-0.011119687970588932,0.01265126567735938,0.0,-2.0062938507211365,1.0000221148615076,-0.0002939226406310044,-0.0002910214825073457,-1.2033447024137292,0.23239066389667679,-0.029045961482947642,-366.77360364882406,697.1883841780135,-331.08655460390986,-0.6717740747203834
0.52,-0.009887093192094312,0.02887588992530308,0.0,-2.0062940925330968,1.000021832807063,-0.00029391877826277476,-0.0002910237554112649,-1.2033447024137292,0.23239066389667679,-0.029045961482947642,-366.77360364882406,697.1883841780135,-331.08655460390986,-0.6717740747203834
0.54,-0.008729142437778031,0.04154577769357008,0.0,-2.0062942897307514,1.0000216009400584,-0.00029391566606157705,-0.00029102561152082333,-1.2033447024137292,0.23239066389667679,-0.029045961482947642,-366.77360364882406,697.1883841780135,-331.08655460390986,-0.6717740747203834
0.56,-0.007646979296403855,0.05131381030636427,0.0,-2.0062944488723438,1.0000214120914779,-0.0002939131840111897,-0.00029102711233744535,-1.2033447024137292,0.23239066389667679,-0.029045961482947642,-366.77360364882406,697.1883841780135,-331.08655460390986,-0.6717740747203834
0.58,-0.006640335649442833,0.058715688466991725,0.0,-2.006294575815464,1.0000212598368186,-0.00029391122768508335,-0.0002910283126009779,-1.2033447024137292,0.23239066389667679,-0.029045961482947642,-366.77360364882406,697.1883841780135,-331.08655460390986,-0.6717740747203834
0.6,-0.005707877969705128,0.06419098060427395,0.0,-2.0062946757523674,1.000021138461898,-0.0002939097065985701,-0.000291029260701012,-1.2033447024137292,0.23239066389667679,-0.029045961482947642,-366.77360364882406,697.1883841780135,-331.08655460390986,-0.6717740747203834
0.62,-0.0048474844542491,0.06810038286646174,0.0,-2.006294753251561,1.000021042921002,-0.00029390854270461313,-0.00029102999912523355,-1.2033447024137292,0.23239066389667679,-0.029045961482947642,-366.77360364882406,697.1883841780135,-331.08655460390986,-0.6717740747203834
0.64,-0.004056465948631355,0.07073987282002568,0.0,-2.00629481230256,1.0000209687910155,-0.0002939076690313468,-0.0002910305649204104,-1.2033447024137292,0.23239066389667679,-0.029045961482947642,-366.77360364882406,697.1883841780135,-331.08655460390986,-0.6717740747203834
0.66,-0.0033317412492374675,0.07235231610944581,0.0,-2.006294856362104,1.000020912223537,-0.0002939070284469861,-0.00029103099015390674,-1.2033447024137292,0.23239066389667679,-0.029045961482947642,-366.77360364882406,697.1883841780135,-331.08655460390986,-0.6717740747203834
0.68,-0.002669975429479757,0.07313698471732889,0.0,-2.0062948884007716,1.0000208698962245,-0.00029390657253632513,-0.0002910313023687806,-1.2033447024137292,0.23239066389667679,-0.029045961482947642,-366.77360364882406,697.1883841780135,-331.08655460390986,-0.6717740747203834
0.7000000000000001,-0.0020676882465857334,0.07325736296587648,0.0,-2.006294910949202,1.0000208389642806,-0.0002939062605754889,-0.0002910315250275489,-1.2033447024137292,0.23239066389667679,-0.029045961482947642,-366.77360364882406,697.1883841780135,-331.08655460390986,-0.6717740747203834
0.72,-0.0015213383850593944,0.07284754973075665,0.0,-2.006294926143273,1.0000208170128133,-0.0002939060585949018,-0.0002910316779405151,-1.2033447024137292,0.23239066389667679,-0.029045961482947642,-366.77360364882406,697.1883841780135,-331.08655460390986,-0.6717740747203834
0.74,-0.0010273882286485536,0.07201750982111094,0.0,-2.00629493576768,1.0000208020106989,-0.00029390593852332515,-0.00029103177767500574,-1.2033447024137292,0.23239066389667679,-0.029045961482947642,-366.77360364882406,697.1883841780135,-331.08655460390986,-0.6717740747203834
0.76,-0.0005823529821272139,0.0708573819307027,0.0,-2.006294941297431,1.0000207922664794,-0.0002939058774079019,-0.0002910318379423141,-1.2033447024137292,0.23239066389667679,-0.029045961482947642,-366.77360364882406,697.1883841780135,-331.08655460390986,-0.6717740747203834
0.78,-0.00018283725240580078,0.06944101319784182,0.0,-2.0062949439368873,1.0000207863867325,-0.0002939058567064327,-0.000291031869959703,-1.2033447024137292,0.23239066389667679,-0.029045961482947642,-366.77360364882406,697.1883841780135,-331.08655460390986,-0.6717740747203834
0.8,0.0001744383832907635,0.06782885976013465,0.0,-2.006294944656036,1.0000207832372459,-0.0002939058616487348,-0.00029103188278547636,-1.2033447024137292,0.23239066389667679,-0.029045961482947642,-366.77360364882406,697.1883841780135,-331.08655460390986,-0.6717740747203834
0.8200000000000001,0.0004926187697286428,0.0660703675517893,0.0,-2.0062949442238156,1.0000207819072306,-0.0002939058806640936,-0.00029103188362584044,-1.2033447024137292,0.23239066389667679,-0.029045961482947642,-366.77360364882406,697.1883841780135,-331.08655460390986,-0.6717740747203834
0.84,0.0007747018621192367,0.06420592697811126,0.0,-2.006294943238377,1.0000207816767042,-0.0002939059048716821,-0.0002910318781129932,-1.2033447024137292,0.23239066389667679,-0.029045961482947642,-366.77360364882406,697.1883841780135,-331.08655460390986,-0.6717740747203834
0.86,0.0010235313631470806,0.06226847820255248,0.0,-2.0062949421542706,1.0000207819870837,-0.00029390592763053826,-0.000291031870554549,-1.2033447024137292,0.23239066389667679,-0.029045961482947642,-366.77360364882406,697.1883841780135,-331.08655460390986,-0.6717740747203834
0.88,0.0012417932193733913,0.060284829929447115,0.0,-2.0062949413066047,1.0000207824149516,-0.00029390594414536525,-0.0002910318641549979,-1.2033447024137292,0.23239066389667679,-0.029045961482947642,-366.77360364882406,697.1883841780135,-331.08655460390986,-0.6717740747203834
0.9,0.0014320150984373488,0.058276743212823,0.0,-2.0062949409322965,1.0000207826488892,-0.0002939059511241283,-0.0002910318612103879,-1.2033447024137292,0.23239066389667679,-0.029045961482947642,-366.77360364882406,697.1883841780135,-331.08655460390986,-0.6717740747203834
0.92,0.0015965681400456784,0.056261822518579474,0.0,-2.0062949411885738,1.00002078246922,-0.00029390594648320823,-0.00029103186327779763,-1.2033447024137292,0.23239066389667679,-0.029045961482947642,-366.77360364882406,697.1883841780135,-331.08655460390986,-0.6717740747203834
0.9400000000000001,0.001737670413386898,0.054254248644758946,0.0,-2.0062949421689207,1.000020781730471,-0.0002939059290957568,-0.0002910318713214365,-1.2033447024137292,0.23239066389667679,-0.029045961482947642,-366.77360364882406,697.1883841780135,-331.08655460390986,-0.6717740747203834
0.96,0.0018573916271662153,0.05226538185953939,0.0,-2.0062949439166844,1.000020780346331,-0.0002939058985788879,-0.00029103188583737776,-1.2033447024137292,0.23239066389667679,-0.029045961482947642,-366.77360364882406,697.1883841780135,-331.08655460390986,-0.6717740747203834
0.98,0.0019576587307080276,0.05030425850037253,0.0,-2.006294946436569,1.0000207782768762,-0.00029390585511542385,-0.0002910319069590069,-1.2033447024137292,0.23239066389667679,-0.029045961482947642,-366.77360364882406,697.1883841780135,-331.08655460390986,-0.6717740747203834
1.0,0.002040262119424792,0.04837800008646425,0.0,-2.006294949704243,1.000020775517824,-0.00029390579930608195,-0.0002910319345452731,-1.2033447024137292,0.23239066389667679,-0.029045961482947642,-366.77360364882406,697.1883841780135,-331.08655460390986,-0.6717740747203834
1.02,0.0021068622186023647,0.04649215056342009,0.0,-2.0062949536742822,1.0000207720915877,-0.0002939057320482183,-0.0002910319682537753,-1.2033447024137292,0.23239066389667679,-0.029045961482947642,-366.77360364882406,697.1883841780135,-331.08655460390986,-0.6717740747203834
1.04,0.0021589962685189383,0.04465095448624945,0.0,-2.006294958286665,1.0000207680399043,-0.00029390565443752263,-0.00029103200760061435,-1.2033447024137292,0.23239066389667679,-0.029045961482947642,-366.77360364882406,697.1883841780135,-331.08655460390986,-0.6717740747203834
1.06,0.0021980851735370014,0.042857586642805076,0.0,-2.006294963472011,1.000020763417831,-0.0002939055676893645,-0.00029103205200881364,-1.2033447024137292,0.23239066389667679,-0.029045961482947642,-366.77360364882406,697.1883841780135,-331.08655460390986,-0.6717740747203834
1.08,0.0022254403097344,0.04111434173206543,0.0,-2.006294969155749,1.0000207582889153,-0.0002939054730768108,-0.0002910321008469592,-1.2033447024137292,0.23239066389667679,-0.029045961482947642,-366.77360364882406,697.1883841780135,-331.08655460390986,-0.6717740747203834
1.1,0.00224227021130122,0.039422791165079886,0.0,-2.0062949752613783,1.000020752721364,-0.00029390537188265776,-0.0002910321534595523,-1.2033447024137292,0.23239066389667679,-0.029045961482947642,-366.77360364882406,697.1883841780135,-331.08655460390986,-0.6717740747203834
1.12,0.0022496870764920434,0.03778391278915556,0.0,-2.00629498171297,1.0000207467850553,-0.00029390526536313176,-0.0002910322091904051,-1.2033447024137292,0.23239066389667679,-0.029045961482947642,-366.77360364882406,697.1883841780135,-331.08655460390986,-0.6717740747203834
1.1400000000000001,0.0022487130503423248,0.0361981982973751,0.0,-2.006294988437036,1.000020740549254,-0.00029390515472121307,-0.0002910322674002528,-1.2033447024137292,0.23239066389667679,-0.029045961482947642,-366.77360364882406,697.1883841780135,-331.08655460390986,-0.6717740747203834
1.16,0.002240286254412462,0.034665742234413974,0.0,-2.006294995363878,1.0000207340809106,-0.00029390504108781247,-0.0002910323274796047,-1.2033447024137292,0.23239066389667679,-0.029045961482947642,-366.77360364882406,697.1883841780135,-331.08655460390986,-0.6717740747203834
1.18,0.0022252665441495826,0.03318631581193772,0.0,-2.0062950024285184,1.0000207274434352,-0.000293904925509285,-0.00029103238885771804,-1.2033447024137292,0.23239066389667679,-0.029045961482947642,-366.77360364882406,697.1883841780135,-331.08655460390986,-0.6717740747203834
1.2,0.002204440982574129,0.03175942817484384,0.0,-2.0062950095712875,1.00002072069586,-0.0002939048089399937,-0.0002910324510084499,-1.2033447024137292,0.23239066389667679,-0.029045961482947642,-366.77360364882406,697.1883841780135,-331.08655460390986,-0.6717740747203834
1.22,0.0021785290253292632,0.030384377290544454,0.0,-2.006295016738147,1.0000207138923112,-0.00029390469223884014,-0.0002910325134536275,-1.2033447024137292,0.23239066389667679,-0.029045961482947642,-366.77360364882406,697.1883841780135,-331.08655460390986,-0.6717740747203834
1.24,0.0021481874170208386,0.029060292248727058,0.0,-2.0062950238808015,1.0000207070817244,-0.0002939045761688566,-0.00029103257576447504,-1.2033447024137292,0.23239066389667679,-0.029045961482947642,-366.77360364882406,697.1883841780135,-331.08655460390986,-0.6717740747203834
1.26,0.0021140148025052797,0.02778616844334997,0.0,-2.00629503095665,1.000020700307753,-0.000293904461399113,-0.0002910326375615467,-1.2033447024137292,0.23239066389667679,-0.029045961482947642,-366.77360364882406,697.1883841780135,-331.08655460390986,-0.6717740747203834
1.28,0.00207655605958087,0.026560896849553636,0.0,-2.0062950379286195,1.0000206936088194,-0.0002939043485083236,-0.000291032698513535,-1.2033447024137292,0.23239066389667679,-0.029045961482947642,-366.77360364882406,697.1883841780135,-331.08655460390986,-0.6717740747203834
1.3,0.002036306361590729,0.025383288395458267,0.0,-2.0062950447649097,1.0000206870182762,-0.0002939042379896566,-0.0002910327583352592,-1.2033447024137292,0.23239066389667679,-0.029045961482947642,-366.77360364882406,697.1883841780135,-331.08655460390986,-0.6717740747203834
1.32,0.0019937149799043015,0.02425209425411504,0.0,-2.0062950514386806,1.000020680564645,-0.0002939041302563444,-0.00029103281678507885,-1.2033447024137292,0.23239066389667679,-0.029045961482947642,-366.77360364882406,697.1883841780135,-331.08655460390986,-0.6717740747203834
1.34,0.001949188837231215,0.02316602273734221,0.0,-2.0062950579276984,1.0000206742719087,-0.0002939040256477772,-0.00029103287366192995,-1.2033447024137292,0.23239066389667679,-0.029045961482947642,-366.77360364882406,697.1883841780135,-331.08655460390986,-0.6717740747203834
1.36,0.0019030958233362805,0.022123753355163367,0.0,-2.0062950642139645,1.0000206681598376,-0.0002939039244358302,-0.0002910329288021409,-1.2033447024137292,0.23239066389667679,-0.029045961482947642,-366.77360364882406,697.1883841780135,-331.08655460390986,-0.6717740747203834
1.3800000000000001,0.0018557678850477455,0.02112394850750798,0.0,-2.006295070283332,1.0000206622443355,-0.00029390382683123134,-0.00029103298207615015,-1.2033447024137292,0.23239066389667679,-0.029045961482947642,-366.77360364882406,697.1883841780135,-331.08655460390986,-0.6717740747203834
1.4000000000000001,0.0018075039025476725,0.020165263194955076,0.0,-2.0062950761251286,1.0000206565377905,-0.00029390373298982333,-0.00029103303338521945,-1.2033447024137292,0.23239066389667679,-0.029045961482947642,-366.77360364882406,697.1883841780135,-331.08655460390986,-0.6717740747203834
1.42,0.0017585723638559349,0.019246353069510978,0.0,-2.006295081731784,1.0000206510494252,-0.0002939036430186138,-0.0002910330826582147,-1.2033447024137292,0.23239066389667679,-0.029045961482947642,-366.77360364882406,697.1883841780135,-331.08655460390986,-0.6717740747203834
1.44,0.0017092138492099777,0.01836588109219261,0.0,-2.006295087098478,1.0000206457856367,-0.0002939035569815354,-0.0002910331298485053,-1.2033447024137292,0.23239066389667679,-0.029045961482947642,-366.77360364882406,697.1883841780135,-331.08655460390986,-0.6717740747203834
1.46,0.0016596433367350037,0.017522523019474788,0.0,-2.0062950922228024,1.0000206407503225,-0.00029390347490486525,-0.00029103317493101987,-1.2033447024137292,0.23239066389667679,-0.029045961482947642,-366.77360364882406,697.1883841780135,-331.08655460390986,-0.6717740747203834
1.48,0.00161005234042062,0.016714971903718113,0.0,-2.0062950971044486,1.0000206359451893,-0.0002939033967822709,-0.00029103321789948183,-1.2033447024137292,0.23239066389667679,-0.029045961482947642,-366.77360364882406,697.1883841780135,-331.08655460390986,-0.6717740747203834
1.5,0.0015606108909917813,0.01594194176220292,0.0,-2.0062951017449158,1.0000206313700404,-0.0002939033225794673,-0.0002910332587638408,-1.2033447024137292,0.23239066389667679,-0.029045961482947642,-366.77360364882406,697.1883841780135,-331.08655460390986,-0.6717740747203834
1.52,0.0015114693698010852,0.01520217054413912,0.0,-2.0062951061472423,1.0000206270230432,-0.0002939032522384786,-0.0002910332975479062,-1.2033447024137292,0.23239066389667679,-0.029045961482947642,-366.77360364882406,697.1883841780135,-331.08655460390986,-0.6717740747203834
1.54,0.0014627602053895467,0.014494422504109417,0.0,-2.0062951103157625,1.0000206229009752,-0.0002939031856815112,-0.00029103333428718436,-1.2033447024137292,0.23239066389667679,-0.029045961482947642,-366.77360364882406,697.1883841780135,-331.08655460390986,-0.6717740747203834
1.56,0.0014145994418743955,0.013817490073066147,0.0,-2.0062951142558854,1.0000206189994465,-0.0002939031228144474,-0.0002910333690269172,-1.2033447024137292,0.23239066389667679,-0.029045961482947642,-366.77360364882406,697.1883841780135,-331.08655460390986,-0.6717740747203834
1.58,0.0013670881878332958,0.013170195303593177,0.0,-2.0062951179738953,1.0000206153131033,-0.00029390306352997727,-0.0002910334018203148,-1.2033447024137292,0.23239066389667679,-0.029045961482947642,-366.77360364882406,697.1883841780135,-331.08655460390986,-0.6717740747203834
1.6,0.0013203139538708968,0.012551390954158761,0.0,-2.0062951214767746,1.0000206118358088,-0.00029390300771038727,-0.0002910334327269737,-1.2033447024137292,0.23239066389667679,-0.029045961482947642,-366.77360364882406,697.1883841780135,-331.08655460390986,-0.6717740747203834
1.62,0.0012743518865804529,0.011959961267096947,0.0,-2.006295124772046,1.000020608560806,-0.00029390295523002737,-0.00029103346181147107,-1.2033447024137292,0.23239066389667679,-0.029045961482947642,-366.77360364882406,697.1883841780135,-331.08655460390986,-0.6717740747203834
1.6400000000000001,0.0012292659061538555,0.011394822486720375,0.0,-2.0062951278676344,1.0000206054808618,-0.0002939029059574797,-0.00029103348914212253,-1.2033447024137292,0.23239066389667679,-0.029045961482947642,-366.77360364882406,697.1883841780135,-331.08655460390986,-0.6717740747203834
1.6600000000000001,0.001185109754450244,0.010854923156988097,0.0,-2.0062951307717434,1.0000206025883935,-0.0002939028597574516,-0.00029103351478989274,-1.2033447024137292,0.23239066389667679,-0.029045961482947642,-366.77360364882406,697.1883841780135,-331.08655460390986,-0.6717740747203834
1.68,0.0011419279599080999,0.01033924423230663,0.0,-2.0062951334927503,1.00002059987558,-0.0002939028164924166,-0.000291033538827446,-1.2033447024137292,0.23239066389667679,-0.029045961482947642,-366.77360364882406,697.1883841780135,-331.08655460390986,-0.6717740747203834
1.7,0.0010997567252794488,0.00984679903012885,0.0,-2.0062951360391152,1.0000205973344582,-0.0002939027760240253,-0.0002910335613283252,-1.2033447024137292,0.23239066389667679,-0.029045961482947642,-366.77360364882406,697.1883841780135,-331.08655460390986,-0.6717740747203834
1.72,0.0010586247437780719,0.009376633049879363,0.0,-2.006295138419302,1.0000205949570065,-0.0002939027382143084,-0.00029103358236624784,-1.2033447024137292,0.23239066389667679,-0.029045961482947642,-366.77360364882406,697.1883841780135,-331.08655460390986,-0.6717740747203834
1.74,0.0010185539488666662,0.008927823679236443,0.0,-2.0062951406417118,1.0000205927352148,-0.0002939027029266928,-0.0002910336020145072,-1.2033447024137292,0.23239066389667679,-0.029045961482947642,-366.77360364882406,697.1883841780135,-331.08655460390986,-0.6717740747203834
1.76,0.0009795602025606267,0.00849947980585121,0.0,-2.0062951427146283,1.000020590661146,-0.00029390267002684934,-0.0002910336203454687,-1.2033447024137292,0.23239066389667679,-0.029045961482947642,-366.77360364882406,697.1883841780135,-331.08655460390986,-0.6717740747203834
1.78,0.0009416539267982175,0.008090741350068553,0.0,-2.006295144646171,1.0000205887269853,-0.00029390263938339174,-0.00029103363743015115,-1.2033447024137292,0.23239066389667679,-0.029045961482947642,-366.77360364882406,697.1883841780135,-331.08655460390986,-0.6717740747203834
1.8,0.000904840682117908,0.007700778732080641,0.0,-2.0062951464442578,1.0000205869250827,-0.0002939026108684425,-0.0002910336533378837,-1.2033447024137292,0.23239066389667679,-0.029045961482947642,-366.77360364882406,697.1883841780135,-331.08655460390986,-0.6717740747203834
1.82,0.0008691216975929598,0.007328792285118343,0.0,-2.0062951481165734,1.000020585247986,-0.0002939025843580823,-0.0002910336681360296,-1.2033447024137292,0.23239066389667679,-0.029045961482947642,-366.77360364882406,697.1883841780135,-331.08655460390986,-0.6717740747203834
1.84,0.0008344943557003032,0.006974011624726534,0.0,-2.0062951496705486,1.0000205836884686,-0.00029390255973269646,-0.0002910336818897689,-1.2033447024137292,0.23239066389667679,-0.029045961482947642,-366.77360364882406,697.1883841780135,-331.08655460390986,-0.6717740747203834
1.86,0.0008009526355445899,0.006635694982827498,0.0,-2.0062951511133393,1.0000205822395496,-0.00029390253687723236,-0.0002910336946619332,-1.2033447024137292,0.23239066389667679,-0.029045961482947642,-366.77360364882406,697.1883841780135,-331.08655460390986,-0.6717740747203834
1.8800000000000001,0.0007684875176182823,0.006313128514121195,0.0,-2.0062951524518167,1.0000205808945106,-0.0002939025156813788,-0.00029103370651288493,-1.2033447024137292,0.23239066389667679,-0.029045961482947642,-366.77360364882406,697.1883841780135,-331.08655460390986,-0.6717740747203834
1.9000000000000001,0.0007370873530539659,0.006005625581375546,0.0,-2.0062951536925557,1.000020579646906,-0.00029390249603967864,-0.000291033717500436,-1.2033447024137292,0.23239066389667679,-0.029045961482947642,-366.77360364882406,697.1883841780135,-331.08655460390986,-0.6717740747203834
1.92,0.000706738200114943,0.005712526025297304,0.0,-2.0062951548418333,1.00002057849057,-0.00029390247785158433,-0.00029103372767979983,-1.2033447024137292,0.23239066389667679,-0.029045961482947642,-366.77360364882406,697.1883841780135,-331.08655460390986,-0.6717740747203834
1.94,0.0006774241304738094,0.005433195423918296,0.0,-2.0062951559056246,1.0000205774196216,-0.00029390246102146435,-0.00029103373710357176,-1.2033447024137292,0.23239066389667679,-0.029045961482947642,-366.77360364882406,697.1883841780135,-331.08655460390986,-0.6717740747203834
1.96,0.0006491275076453713,0.005167024345788896,0.0,-2.006295156889605,1.0000205764284638,-0.00029390244545856914,-0.0002910337458217344,-1.2033447024137292,0.23239066389667679,-0.029045961482947642,-366.77360364882406,697.1883841780135,-331.08655460390986,-0.6717740747203834
1.98,0.0006218292397691451,0.004913427600687758,0.0,-2.0062951577991543,1.000020575511783,-0.00029390243107696283,-0.0002910337538816826,-1.2033447024137292,0.23239066389667679,-0.029045961482947642,-366.77360364882406,697.1883841780135,-331.08655460390986,-0.6717740747203834
2.0,0.000595509008777132,0.004673243451312364,0.0,-2.00629515863936,1.0000205746645459,-0.00029390241779542664,-0.0002910337613282659,-1.2033447024137292,0.23239066389667679,-0.029045961482947642,-366.77360364882406,697.1883841780135,-331.08655460390986,-0.6717740747203834
2.02,0.0005701450678736917,0.004444619789047545,0.0,-2.006295159415026,1.0000205738819925,-0.0002939024055373398,-0.0002910337682038443,-1.203846500999825,0.23289186490688318,-0.029045363907058187,-367.0668838900158,697.8002375552431,-331.4059751584746,-0.6726214932475323
2.04,0.0005457144009864974,0.004226556521722315,0.0,-2.0062951601307266,1.0000205731595657,-0.00029390239422926823,-0.0002910337745489603,-1.203846500999825,0.23289186490688318,-0.029045363907058187,-367.0668838900158,697.8002375552431,-331.4059751584746,-0.6726214932475323
2.06,0.0005221934125339929,0.00401849782667643,0.0,-2.0062951607906414,1.000020572493117,-0.00029390238380474267,-0.00029103378040042446,-1.203846500999825,0.23289186490688318,-0.029045363907058187,-367.0668838900158,697.8002375552431,-331.4059751584746,-0.6726214932475323
2.08,0.0004995582339300006,0.003820029667877472,0.0,-2.0062951613987536,1.0000205718786874,-0.00029390237420049364,-0.0002910337857933565,-1.203846500999825,0.23289186490688318,-0.029045363907058187,-367.0668838900158,697.8002375552431,-331.4059751584746,-0.6726214932475323
2.1,0.0004777848567441068,0.0036307770966823734,0.0,-2.0062951619588225,1.0000205713125354,-0.00029390236535682424,-0.0002910337907609307,-1.203846500999825,0.23289186490688318,-0.029045363907058187,-367.0668838900158,697.8002375552431,-331.4059751584746,-0.6726214932475323
2.12,0.00045684921201168864,0.003450376990556746,0.0,-2.0062951624743732,1.0000205707911478,-0.00029390235721776006,-0.000291033795334275,-1.203846500999825,0.23289186490688318,-0.029045363907058187,-367.0668838900158,697.8002375552431,-331.4059751584746,-0.6726214932475323
2.14,0.0004367272342520593,0.003278472653302974,0.0,-2.0062951629487027,1.0000205703112361,-0.0002939023497309635,-0.00029103379954251233,-1.203846500999825,0.23289186490688318,-0.029045363907058187,-367.0668838900158,697.8002375552431,-331.4059751584746,-0.6726214932475323
2.16,0.0004173949201636848,0.00311471383756715,0.0,-2.00629516338489,1.000020569869726,-0.00029390234284756974,-0.0002910338034128489,-1.203846500999825,0.23289186490688318,-0.029045363907058187,-367.0668838900158,697.8002375552431,-331.4059751584746,-0.6726214932475323
2.18,0.00039882838394208304,0.0029587578015117526,0.0,-2.006295163785807,1.0000205694637465,-0.00029390233652200516,-0.00029103380697067285,-1.203846500999825,0.23289186490688318,-0.029045363907058187,-367.0668838900158,697.8002375552431,-331.4059751584746,-0.6726214932475323
2.2,0.0003810039092539868,0.002810270347903712,0.0,-2.006295164154131,1.00002056909062,-0.00029390233071180594,-0.00029103381023965326,-1.203846500999825,0.23289186490688318,-0.029045363907058187,-367.0668838900158,697.8002375552431,-331.4059751584746,-0.6726214932475323
2.22,0.0003638979975825275,0.0026689266405952004,0.0,-2.0062951644923546,1.000020568747851,-0.00029390232537744175,-0.00029103381324183634,-1.203846500999825,0.23289186490688318,-0.029045363907058187,-367.0668838900158,697.8002375552431,-331.4059751584746,-0.6726214932475323
2.24,0.0003474874127055983,0.002534411791939027,0.0,-2.006295164802797,1.0000205684331152,-0.00029390232048214545,-0.0002910338159977387,-1.203846500999825,0.23289186490688318,-0.029045363907058187,-367.0668838900158,697.8002375552431,-331.4059751584746,-0.6726214932475323
2.2600000000000002,0.00033174922117738456,0.0024064212542753,0.0,-2.006295165087614,1.0000205681442507,-0.00029390231599174917,-0.0002910338185264367,-1.203846500999825,0.23289186490688318,-0.029045363907058187,-367.0668838900158,697.8002375552431,-331.4059751584746,-0.6726214932475323
2.2800000000000002,0.00031666082878224365,0.002284661051517834,0.0,-2.006295165348808,1.000020567879248,-0.0002939023118745271,-0.0002910338208456528,-1.203846500999825,0.23289186490688318,-0.029045363907058187,-367.0668838900158,697.8002375552431,-331.4059751584746,-0.6726214932475323
2.3000000000000003,0.00030220001300886083,0.002168847882318383,0.0,-2.006295165588238,1.0000205676362408,-0.00029390230810104475,-0.0002910338229718381,-1.203846500999825,0.23289186490688318,-0.029045363907058187,-367.0668838900158,697.8002375552431,-331.4059751584746,-0.6726214932475323
2.32,0.00028834495165188984,0.002058709120971853,0.0,-2.0062951658076265,1.000020567413497,-0.000293902304644015,-0.00029103382492025114,-1.203846500999825,0.23289186490688318,-0.029045363907058187,-367.0668838900158,697.8002375552431,-331.4059751584746,-0.6726214932475323
2.34,0.0002750742476913603,0.001953982737510937,0.0,-2.00629516600857,1.000020567209411,-0.00029390230147816087,-0.00029103382670503353,-1.203846500999825,0.23289186490688318,-0.029045363907058187,-367.0668838900158,697.8002375552431,-331.4059751584746,-0.6726214932475323
2.36,0.00026236695063022817,0.0018544171545038675,0.0,-2.006295166192548,1.0000205670224944,-0.0002939022985800847,-0.00029103382833928177,-1.203846500999825,0.23289186490688318,-0.029045363907058187,-367.0668838900158,697.8002375552431,-331.4059751584746,-0.6726214932475323
2.38,0.0002502025744902481,0.0017597710548221848,0.0,-2.006295166360928,1.0000205668513702,-0.0002939022959281442,-0.0002910338298351155,-1.203846500999825,0.23289186490688318,-0.029045363907058187,-367.0668838900158,697.8002375552431,-331.4059751584746,-0.6726214932475323
2.4,0.00023856111267813362,0.001669813151994881,0.0,-2.0062951665149744,1.0000205666947637,-0.0002939022935023344,-0.0002910338312037426,-1.203846500999825,0.23289186490688318,-0.029045363907058187,-367.0668838900158,697.8002375552431,-331.4059751584746,-0.6726214932475323
2.42,0.00022742304993949704,0.0015843219325852812,0.0,-2.0062951666558564,1.0000205665514967,-0.0002939022912841766,-0.0002910338324555205,-1.203846500999825,0.23289186490688318,-0.029045363907058187,-367.0668838900158,697.8002375552431,-331.4059751584746,-0.6726214932475323
2.44,0.0002167693716188083,0.001503085378247808,0.0,-2.0062951667846525,1.0000205664204809,-0.00029390228925661293,-0.0002910338336000142,-1.203846500999825,0.23289186490688318,-0.029045363907058187,-367.0668838900158,697.8002375552431,-331.4059751584746,-0.6726214932475323
2.46,0.0002065815704407283,0.0014259006736636341,0.0,-2.0062951669023588,1.000020566300711,-0.00029390228740390717,-0.00029103383464605155,-1.203846500999825,0.23289186490688318,-0.029045363907058187,-367.0668838900158,697.8002375552431,-331.4059751584746,-0.6726214932475323
2.48,0.0001968416510225933,0.0013525739053614908,0.0,-2.006295167009893,1.0000205661912598,-0.0002939022857115512,-0.0002910338356017746,-1.203846500999825,0.23289186490688318,-0.029045363907058187,-367.0668838900158,697.8002375552431,-331.4059751584746,-0.6726214932475323
2.5,0.00018753213232029225,0.0012829195466077968,0.0,-2.006295167108102,1.0000205660912724,-0.0002939022841661773,-0.0002910338364746885,-1.203846500999825,0.23289186490688318,-0.029045363907058187,-367.0668838900158,697.8002375552431,-331.4059751584746,-0.6726214932475323
2.52,0.00017863604826203437,0.0012167607650090033,0.0,-2.0062951671977656,1.0000205659999608,-0.00029390228275547547,-0.0002910338372717071,-1.203846467445403,0.2328918315813929,-0.02904536413598995,-367.06694954950615,697.8003429661284,-331.4060149716358,-0.6726215550135795
2.54,0.00017013694663477728,0.0011539285822381817,0.0,-2.0062951672796006,1.000020565916599,-0.0002939022814681162,-0.000291033837999196,-1.203846467445403,0.2328918315813929,-0.02904536413598995,-367.06694954950615,697.8003429661284,-331.4060149716358,-0.6726215550135795
2.56,0.00016201888637226372,0.0010942616315598376,0.0,-2.0062951673542675,1.0000205658405195,-0.0002939022802936779,-0.00029103383866301285,-1.203846467445403,0.2328918315813929,-0.02904536413598995,-367.06694954950615,697.8003429661284,-331.4060149716358,-0.6726215550135795
2.58,0.00015426643354459553,0.0010376059032827381,0.0,-2.006295167422373,1.0000205657711072,-0.00029390227922257927,-0.00029103383926854475,-1.203846467445403,0.2328918315813929,-0.02904536413598995,-367.06694954950615,697.8003429661284,-331.4060149716358,-0.6726215550135795
2.6,0.00014686465616954488,0.0009838144655081138,0.0,-2.006295167484476,1.0000205657077974,-0.0002939022782460162,-0.00029103383982074366,-1.203846467445403,0.2328918315813929,-0.02904536413598995,-367.06694954950615,697.8003429661284,-331.4060149716358,-0.6726215550135795
2.62,0.00013979911796912662,0.000932747180026151,0.0,-2.006295167541088,1.0000205656500707,-0.0002939022773559026,-0.00029103384032415916,-1.203846467445403,0.2328918315813929,-0.02904536413598995,-367.06694954950615,697.8003429661284,-331.4060149716358,-0.6726215550135795
2.64,0.00013305587119694364,0.0008842704221998354,0.0,-2.0062951675926803,1.00002056559745,-0.00029390227654481544,-0.0002910338407829692,-1.203846467445403,0.2328918315813929,-0.02904536413598995,-367.06694954950615,697.8003429661284,-331.4060149716358,-0.6726215550135795
2.66,0.00012662144865619867,0.0008382568078498399,0.0,-2.006295167639685,1.0000205655494971,-0.0002939022758059437,-0.0002910338412010083,-1.203846467445403,0.2328918315813929,-0.02904536413598995,-367.06694954950615,697.8003429661284,-331.4060149716358,-0.6726215550135795
2.68,0.00012048285501993245,0.0007945849281703181,0.0,-2.006295167682498,1.0000205655058105,-0.00029390227513304056,-0.0002910338415817946,-1.203846467445403,0.2328918315813929,-0.02904536413598995,-367.06694954950615,697.8003429661284,-331.4060149716358,-0.6726215550135795
2.7,0.00011462755755623658,0.0007531390930723568,0.0,-2.0062951677214826,1.0000205654660212,-0.0002939022745203794,-0.00029103384192855417,-1.203846467445403,0.2328918315813929,-0.02904536413598995,-367.06694954950615,697.8003429661284,-331.4060149716358,-0.6726215550135795
2.72,0.00010904347635260942,0.0007138090831208166,0.0,-2.006295167756972,1.0000205654297916,-0.00029390227396271256,-0.0002910338422442441,-1.203846467445403,0.2328918315813929,-0.02904536413598995,-367.06694954950615,697.8003429661284,-331.4060149716358,-0.6726215550135795
2.74,0.00010371897412547317,0.0006764899101159678,0.0,-2.006295167789271,1.0000205653968115,-0.0002939022734552335,-0.00029103384253157365,-1.203846467445403,0.2328918315813929,-0.02904536413598995,-367.06694954950615,697.8003429661284,-331.4060149716358,-0.6726215550135795
2.7600000000000002,9.864284569320082e-05,0.0006410815862992443,0.0,-2.006295167818659,1.0000205653667973,-0.00029390227299354137,-0.0002910338427930242,-1.203846467445403,0.2328918315813929,-0.02904536413598995,-367.06694954950615,697.8003429661284,-331.4060149716358,-0.6726215550135795
2.7800000000000002,9.380430718381795e-05,0.0006074889021079629,0.0,-2.006295167845392,1.0000205653394891,-0.0002939022725736084,-0.00029103384303086723,-1.203846467445403,0.2328918315813929,-0.02904536413598995,-367.06694954950615,697.8003429661284,-331.4060149716358,-0.6726215550135795
2.8000000000000003,8.919298504183867e-05,0.0005756212123621641,0.0,-2.0062951678697036,1.0000205653146492,-0.00029390227219174974,-0.00029103384324718156,-1.203846467445403,0.2328918315813929,-0.02904536413598995,-367.06694954950615,697.8003429661284,-331.4060149716358,-0.6726215550135795
2.82,8.479890489245289e-05,0.0005453922307343595,0.0,-2.006295167891808,1.00002056529206,-0.00029390227184459546,-0.0002910338434438687,-1.203846467445403,0.2328918315813929,-0.02904536413598995,-367.06694954950615,697.8003429661284,-331.4060149716358,-0.6726215550135795
2.84,8.061248031548502e-05,0.0005167198323273426,0.0,-2.006295167911901,1.0000205652715224,-0.00029390227152906493,-0.0002910338436226674,-1.203846467445403,0.2328918315813929,-0.02904536413598995,-367.06694954950615,697.8003429661284,-331.4060149716358,-0.6726215550135795
2.86,7.66245015761765e-05,0.0004895258641669977,0.0,-2.0062951679301615,1.0000205652528544,-0.0002939022712423428,-0.0002910338437851671,-1.203846467445403,0.2328918315813929,-0.02904536413598995,-367.06694954950615,697.8003429661284,-331.4060149716358,-0.6726215550135795
2.88,7.282612435487547e-05,0.0004637359634009273,0.0,-2.0062951679467527,1.0000205652358898,-0.00029390227098185714,-0.0002910338439328201,-1.203846467445403,0.2328918315813929,-0.02904536413598995,-367.06694954950615,697.8003429661284,-331.4060149716358,-0.6726215550135795
2.9,6.920885851313983e-05,0.00043927938298557814,0.0,-2.0062951679618237,1.0000205652204763,-0.00029390227074525924,-0.000291033844066953,-1.203846467445403,0.2328918315813929,-0.02904536413598995,-367.06694954950615,697.8003429661284,-331.4060149716358,-0.6726215550135795
2.92,6.57645569295379e-05,0.0004160888246360572,0.0,-2.006295167975511,1.0000205652064755,-0.0002939022705304049,-0.0002910338441887771,-1.203846467445403,0.2328918315813929,-0.02904536413598995,-367.06694954950615,697.8003429661284,-331.4060149716358,-0.6726215550135795
2.94,6.248540443455289e-05,0.00039410027880904197,0.0,-2.006295167987939,1.0000205651937606,-0.0002939022703353373,-0.00029103384429939825,-1.203846467445403,0.2328918315813929,-0.02904536413598995,-367.06694954950615,697.8003429661284,-331.4060149716358,-0.6726215550135795
2.96,5.936390687043682e-05,0.0003732528714871261,0.0,-2.006295167999221,1.000020565182216,-0.0002939022701582711,-0.0002910338443998254,-1.203846467445403,0.2328918315813929,-0.02904536413598995,-367.06694954950615,697.8003429661284,-331.4060149716358,-0.6726215550135795
2.98,5.6392880298598445e-05,0.0003534887175325321,0.0,-2.0062951680094607,1.0000205651717362,-0.000293902269997578,-0.0002910338444909791,-1.203846467445403,0.2328918315813929,-0.02904536413598995,-367.06694954950615,697.8003429661284,-331.4060149716358,-0.6726215550135795
3.0,5.356544037412626e-05,0.0003347527736186408,0.0,-2.0062951680187524,1.000020565162225,-0.0002939022698517735,-0.0002910338445736988,-1.203846467445403,0.2328918315813929,-0.02904536413598995,-367.06694954950615,697.8003429661284,-331.4060149716358,-0.6726215550135795
3.02,5.087499190630409e-05,0.00031699272399043064,0.0,-2.0062951680271826,1.0000205651535943,-0.0002939022697195042,-0.00029103384464874976,-1.203846463876875,0.23289182803744746,-0.029045364160572473,-367.06695651087904,697.8003541229906,-331.4060191736327,-0.6726215615208155
3.04,4.831521861566236e-05,0.00030015883484676135,0.0,-2.0062951680348293,1.0000205651457643,-0.000293902269599537,-0.0002910338447168296,-1.203846463876875,0.23289182803744746,-0.029045364160572473,-367.06695651087904,697.8003541229906,-331.4060191736327,-0.6726215615208155
3.06,4.5880073098925175e-05,0.00028420383371973443,0.0,-2.006295168041764,1.0000205651386622,-0.00029390226949074864,-0.0002910338447785738,-1.203846463876875,0.23289182803744746,-0.029045364160572473,-367.06695651087904,697.8003541229906,-331.4060191736327,-0.6726215615208155
3.08,4.356376701639621e-05,0.00026908279375860813,0.0,-2.006295168048052,1.0000205651322216,-0.00029390226939211595,-0.00029103384483456136,-1.203846463876875,0.23289182803744746,-0.029045364160572473,-367.06695651087904,697.8003541229906,-331.4060191736327,-0.6726215615208155
3.1,4.1360761508975564e-05,0.0002547530222596202,0.0,-2.0062951680537524,1.0000205651263818,-0.0002939022693027075,-0.0002910338448853194,-1.203846463876875,0.23289182803744746,-0.029045364160572473,-367.06695651087904,697.8003541229906,-331.4060191736327,-0.6726215615208155
3.12,3.9265757850771766e-05,0.00024117395385125413,0.0,-2.006295168058919,1.000020565121088,-0.0002939022692216754,-0.000291033844931328,-1.203846463876875,0.23289182803744746,-0.029045364160572473,-367.06695651087904,697.8003541229906,-331.4060191736327,-0.6726215615208155
3.14,3.7273688342155126e-05,0.00022830704839837623,0.0,-2.006295168063601,1.00002056511629,-0.00029390226914824814,-0.00029103384497302385,-1.203846463876875,0.23289182803744746,-0.029045364160572473,-367.06695651087904,697.8003541229906,-331.4060191736327,-0.6726215615208155
3.16,3.537970744687322e-05,0.0002161156935109452,0.0,-2.0062951680678434,1.0000205651119418,-0.0002939022690817237,-0.00029103384501080455,-1.203846463876875,0.23289182803744746,-0.029045364160572473,-367.06695651087904,697.8003541229906,-331.4060191736327,-0.6726215615208155
3.18,3.3579183175661574e-05,0.00020456511148951386,0.0,-2.0062951680716865,1.0000205651080023,-0.00029390226902146376,-0.0002910338450450317,-1.203846463876875,0.23289182803744746,-0.029045364160572473,-367.06695651087904,697.8003541229906,-331.4060191736327,-0.6726215615208155
3.2,3.18676887176927e-05,0.00019362227052914483,0.0,-2.0062951680751673,1.0000205651044336,-0.0002939022689668877,-0.0002910338450760341,-1.203846463876875,0.23289182803744746,-0.029045364160572473,-367.06695651087904,697.8003541229906,-331.4060191736327,-0.6726215615208155
3.22,3.0240994320226716e-05,0.00018325580000511744,0.0,-2.0062951680783194,1.0000205651012013,-0.00029390226891746774,-0.0002910338451041109,-1.203846463876875,0.23289182803744746,-0.029045364160572473,-367.06695651087904,697.8003541229906,-331.4060191736327,-0.6726215615208155
3.24,2.8695059415953246e-05,0.00017343590966883407,0.0,-2.0062951680811736,1.0000205650982743,-0.00029390226887272423,-0.0002910338451295338,-1.203846463876875,0.23289182803744746,-0.029045364160572473,-367.06695651087904,697.8003541229906,-331.4060191736327,-0.6726215615208155
3.2600000000000002,2.7226024996739087e-05,0.00016413431258802976,0.0,-2.0062951680837573,1.0000205650956242,-0.00029390226883222126,-0.0002910338451525499,-1.203846463876875,0.23289182803744746,-0.029045364160572473,-367.06695651087904,697.8003541229906,-331.4060191736327,-0.6726215615208155
3.2800000000000002,2.5830206231812208e-05,0.00015532415167118208,0.0,-2.006295168086096,1.000020565093225,-0.00029390226879556287,-0.0002910338451733836,-1.203846463876875,0.23289182803744746,-0.029045364160572473,-367.06695651087904,697.8003541229906,-331.4060191736327,-0.6726215615208155
3.3000000000000003,2.450408532781115e-05,0.0001469799296217897,0.0,-2.0062951680882124,1.0000205650910534,-0.0002939022687623894,-0.00029103384519223885,-1.203846463876875,0.23289182803744746,-0.029045364160572473,-367.06695651087904,697.8003541229906,-331.4060191736327,-0.6726215615208155
3.3200000000000003,2.324430462760369e-05,0.00013907744217383524,0.0,-2.0062951680901278,1.0000205650890883,-0.00029390226873237437,-0.0002910338452093008,-1.203846463876875,0.23289182803744746,-0.029045364160572473,-367.06695651087904,697.8003541229906,-331.4060191736327,-0.6726215615208155
3.34,2.204765994432238e-05,0.0001315937144654226,0.0,-2.0062951680918606,1.0000205650873102,-0.0002939022687052212,-0.00029103384522473764,-1.203846463876875,0.23289182803744746,-0.029045364160572473,-367.06695651087904,697.8003541229906,-331.4060191736327,-0.6726215615208155
3.36,2.091109412667109e-05,0.00012450694041277882,0.0,-2.006295168093428,1.0000205650857015,-0.0002939022686806607,-0.00029103384523870195,-1.203846463876875,0.23289182803744746,-0.029045364160572473,-367.06695651087904,697.8003541229906,-331.4060191736327,-0.6726215615208155
3.38,1.9831690851221384e-05,0.00011779642495245914,0.0,-2.0062951680948453,1.0000205650842464,-0.00029390226865844875,-0.0002910338452513323,-1.203846463876875,0.23289182803744746,-0.029045364160572473,-367.06695651087904,697.8003541229906,-331.4060191736327,-0.6726215615208155
3.4,1.8806668637132535e-05,0.00011144252902424903,0.0,-2.0062951680961274,1.0000205650829304,-0.00029390226863836374,-0.00029103384526275443,-1.203846463876875,0.23289182803744746,-0.029045364160572473,-367.06695651087904,697.8003541229906,-331.4060191736327,-0.6726215615208155
3.42,1.783337507849332e-05,0.0001054266171727998,0.0,-2.0062951680972865,1.0000205650817402,-0.00029390226862020466,-0.0002910338452730823,-1.203846463876875,0.23289182803744746,-0.029045364160572473,-367.06695651087904,697.8003541229906,-331.4060191736327,-0.6726215615208155
3.44,1.690928128928893e-05,9.973100765054842e-05,0.0,-2.0062951680983345,1.0000205650806642,-0.0002939022686037892,-0.0002910338452824195,-1.203846463876875,0.23289182803744746,-0.029045364160572473,-367.06695651087904,697.8003541229906,-331.4060191736327,-0.6726215615208155
3.46,1.6031976555841065e-05,9.433892490930781e-05,0.0,-2.0062951680992818,1.0000205650796914,-0.00029390226858895204,-0.0002910338452908597,-1.203846463876875,0.23289182803744746,-0.029045364160572473,-367.06695651087904,697.8003541229906,-331.4060191736327,-0.6726215615208155
3.48,1.5199163191448583e-05,8.923445437253319e-05,0.0,-2.006295168100138,1.000020565078812,-0.00029390226857554334,-0.00029103384529848816,-1.203846463876875,0.23289182803744746,-0.029045364160572473,-367.06695651087904,697.8003541229906,-331.4060191736327,-0.6726215615208155
3.5,1.4408651587866499e-05,8.440249921495694e-05,0.0,-2.0062951681009116,1.0000205650780174,-0.00029390226856342727,-0.00029103384530538185,-1.203846463876875,0.23289182803744746,-0.029045364160572473,-367.06695651087904,697.8003541229906,-331.4060191736327,-0.6726215615208155
3.52,1.3658355458249534e-05,7.982873989081493e-05,0.0,-2.0062951681016106,1.0000205650772993,-0.0002939022685524807,-0.00029103384531161075,-1.2038464635570736,0.23289182771986205,-0.029045364162788447,-367.066957133543,697.8003551198652,-331.40601954842276,-0.6726215621005549
3.54,1.2946287266003751e-05,7.549959470835236e-05,0.0,-2.006295168102242,1.0000205650766505,-0.00029390226854259205,-0.0002910338453172382,-1.2038464635570736,0.23289182771986205,-0.029045364162788447,-367.066957133543,697.8003551198652,-331.40601954842276,-0.6726215621005549
3.56,1.2270553834053443e-05,7.140218278191709e-05,0.0,-2.0062951681028123,1.0000205650760643,-0.00029390226853366033,-0.00029103384532232153,-1.2038464635570736,0.23289182771986205,-0.029045364162788447,-367.066957133543,697.8003551198652,-331.40601954842276,-0.6726215621005549
3.58,1.1629352129168038e-05,6.752428877433424e-05,0.0,-2.0062951681033274,1.000020565075535,-0.000293902268525594,-0.0002910338453269128,-1.2038464635570736,0.23289182771986205,-0.029045364162788447,-367.066957133543,697.8003551198652,-331.40601954842276,-0.6726215621005549
3.6,1.1020965215879695e-05,6.385432933482023e-05,0.0,-2.006295168103793,1.0000205650750569,-0.00029390226851831015,-0.00029103384533105906,-1.2038464635570736,0.23289182771986205,-0.029045364162788447,-367.066957133543,697.8003551198652,-331.40601954842276,-0.6726215621005549
3.62,1.044375837457324e-05,6.0381321167889636e-05,0.0,-2.006295168103793,1.0000205650750569,-0.00029390226851831015,-0.00029103384533105906,-1.2038464635570736,0.23289182771986205,-0.029045364162788447,-367.066957133543,697.8003551198652,-331.40601954842276,-0.6726215621005549
3.64,9.89617537839358e-06,5.7094850663399305e-05,0.0,-2.006295168103793,1.0000205650750569,-0.00029390226851831015,-0.00029103384533105906,-1.2038464635570736,0.23289182771986205,-0.029045364162788447,-367.066957133543,697.8003551198652,-331.40601954842276,-0.6726215621005549
3.66,9.376734923684692e-06,5.398504501650285e-05,0.0,-2.006295168103793,1.0000205650750569,-0.00029390226851831015,-0.00029103384533105906,-1.2038464635570736,0.23289182771986205,-0.029045364162788447,-367.066957133543,697.8003551198652,-331.40601954842276,-0.6726215621005549
3.68,8.884027208751082e-06,5.104254476801181e-05,0.0,-2.006295168103793,1.0000205650750569,-0.00029390226851831015,-0.00029103384533105906,-1.2038464635570736,0.23289182771986205,-0.029045364162788447,-367.066957133543,697.8003551198652,-331.40601954842276,-0.6726215621005549
3.7,8.416710655817844e-06,4.825847769833111e-05,0.0,-2.006295168103793,1.0000205650750569,-0.00029390226851831015,-0.00029103384533105906,-1.2038464635570736,0.23289182771986205,-0.029045364162788447,-367.066957133543,697.8003551198652,-331.40601954842276,-0.6726215621005549
3.72,7.973508771158056e-06,4.562443401097696e-05,0.0,-2.006295168103793,1.0000205650750569,-0.00029390226851831015,-0.00029103384533105906,-1.2038464635570736,0.23289182771986205,-0.029045364162788447,-367.066957133543,697.8003551198652,-331.40601954842276,-0.6726215621005549
3.74,7.553207138455555e-06,4.313244274451769e-05,0.0,-2.006295168103793,1.0000205650750569,-0.00029390226851831015,-0.00029103384533105906,-1.2038464635570736,0.23289182771986205,-0.029045364162788447,-367.066957133543,697.8003551198652,-331.40601954842276,-0.6726215621005549
3.7600000000000002,7.154650540575697e-06,4.077494935447407e-05,0.0,-2.006295168103793,1.0000205650750569,-0.00029390226851831015,-0.00029103384533105906,-1.2038464635570736,0.23289182771986205,-0.029045364162788447,-367.066957133543,697.8003551198652,-331.40601954842276,-0.6726215621005549
3.7800000000000002,6.776740205026021e-06,3.854479440935304e-05,0.0,-2.006295168103793,1.0000205650750569,-0.00029390226851831015,-0.00029103384533105906,-1.2038464635570736,0.23289182771986205,-0.029045364162788447,-367.066957133543,697.8003551198652,-331.40601954842276,-0.6726215621005549
3.8000000000000003,6.418431168501522e-06,3.643519334751264e-05,0.0,-2.006295168103793,1.0000205650750569,-0.00029390226851831015,-0.00029103384533105906,-1.2038464635570736,0.23289182771986205,-0.029045364162788447,-367.066957133543,697.8003551198652,-331.40601954842276,-0.6726215621005549
3.8200000000000003,6.078729756024979e-06,3.4439717243936444e-05,0.0,-2.006295168103793,1.0000205650750569,-0.00029390226851831015,-0.00029103384533105906,-1.2038464635570736,0.23289182771986205,-0.029045364162788447,-367.066957133543,697.8003551198652,-331.40601954842276,-0.6726215621005549
3.84,5.7566911703106115e-06,3.2552274538338714e-05,0.0,-2.006295168103793,1.0000205650750569,-0.00029390226851831015,-0.00029103384533105906,-1.2038464635570736,0.23289182771986205,-0.029045364162788447,-367.066957133543,697.8003551198652,-331.40601954842276,-0.6726215621005549
3.86,5.451417187098688e-06,3.076709367821133e-05,0.0,-2.006295168103793,1.0000205650750569,-0.00029390226851831015,-0.00029103384533105906,-1.2038464635570736,0.23289182771986205,-0.029045364162788447,-367.066957133543,697.8003551198652,-331.40601954842276,-0.6726215621005549
3.88,5.162053952329119e-06,2.9078706632603985e-05,0.0,-2.006295168103793,1.0000205650750569,-0.00029390226851831015,-0.00029103384533105906,-1.2038464635570736,0.23289182771986205,-0.029045364162788447,-367.066957133543,697.8003551198652,-331.40601954842276,-0.6726215621005549
3.9,4.887789877142554e-06,2.7481933234344234e-05,0.0,-2.006295168103793,1.0000205650750569,-0.00029390226851831015,-0.00029103384533105906,-1.2038464635570736,0.23289182771986205,-0.029045364162788447,-367.066957133543,697.8003551198652,-331.40601954842276,-0.6726215621005549
3.92,4.627853626818423e-06,2.5971866310503598e-05,0.0,-2.006295168103793,1.0000205650750569,-0.00029390226851831015,-0.00029103384533105906,-1.2038464635570736,0.23289182771986205,-0.029045364162788447,-367.066957133543,697.8003551198652,-331.40601954842276,-0.6726215621005549
3.94,4.381512199879481e-06,2.454385756267564e-05,0.0,-2.006295168103793,1.0000205650750569,-0.00029390226851831015,-0.00029103384533105906,-1.2038464635570736,0.23289182771986205,-0.029045364162788447,-367.066957133543,697.8003551198652,-331.40601954842276,-0.6726215621005549
3.96,4.148069093711924e-06,2.3193504160446487e-05,0.0,-2.006295168103793,1.0000205650750569,-0.00029390226851831015,-0.00029103384533105906,-1.2038464635570736,0.23289182771986205,-0.029045364162788447,-367.066957133543,697.8003551198652,-331.40601954842276,-0.6726215621005549
3.98,3.926862553168464e-06,2.191663601315558e-05,0.0,-2.006295168103793,1.0000205650750569,-0.00029390226851831015,-0.00029103384533105906,-1.2038464635570736,0.23289182771986205,-0.029045364162788447,-367.066957133543,697.8003551198652,-331.40601954842276,-0.6726215621005549
4.0,3.7172638987387725e-06,2.0709303685358298e-05,0.0,-2.006295168103793,1.0000205650750569,-0.00029390226851831015,-0.00029103384533105906,-1.2038464635570736,0.23289182771986205,-0.029045364162788447,-367.066957133543,697.8003551198652,-331.40601954842276,-0.6726215621005549
4.0200000000000005,3.518675930987387e-06,1.956776693079979e-05,0.0,-2.006295168103793,1.0000205650750569,-0.00029390226851831015,-0.00029103384533105906,-1.2038464635477044,0.2328918277105579,-0.029045364162853585,-367.066957151766,697.8003551490228,-331.40601955937433,-0.672621562117484
4.04,3.3305314080716413e-06,1.8488483802204173e-05,0.0,-2.006295168103793,1.0000205650750569,-0.00029390226851831015,-0.00029103384533105906,-1.2038464635477044,0.2328918277105579,-0.029045364162853585,-367.066957151766,697.8003551490228,-331.40601955937433,-0.672621562117484
4.0600000000000005,3.152291593264144e-06,1.7468100319115593e-05,0.0,-2.006295168103793,1.0000205650750569,-0.00029390226851831015,-0.00029103384533105906,-1.2038464635477044,0.2328918277105579,-0.029045364162853585,-367.066957151766,697.8003551490228,-331.40601955937433,-0.672621562117484
4.08,2.9834448695150178e-06,1.650344066255756e-05,0.0,-2.006295168103793,1.0000205650750569,-0.00029390226851831015,-0.00029103384533105906,-1.2038464635477044,0.2328918277105579,-0.029045364162853585,-367.066957151766,697.8003551490228,-331.40601955937433,-0.672621562117484
4.1,2.823505418194695e-06,1.5591497870183252e-05,0.0,-2.006295168103793,1.0000205650750569,-0.00029390226851831015,-0.00029103384533105906,-1.2038464635477044,0.2328918277105579,-0.029045364162853585,-367.066957151766,697.8003551490228,-331.40601955937433,-0.672621562117484
4.12,2.6720119592632814e-06,1.4729425007279818e-05,0.0,-2.006295168103793,1.0000205650750569,-0.00029390226851831015,-0.00029103384533105906,-1.2038464635477044,0.2328918277105579,-0.029045364162853585,-367.066957151766,697.8003551490228,-331.40601955937433,-0.672621562117484
4.14,2.528526550214526e-06,1.3914526789931154e-05,0.0,-2.006295168103793,1.0000205650750569,-0.00029390226851831015,-0.00029103384533105906,-1.2038464635477044,0.2328918277105579,-0.029045364162853585,-367.066957151766,697.8003551490228,-331.40601955937433,-0.672621562117484
4.16,2.3926334412421555e-06,1.3144251637787698e-05,0.0,-2.006295168103793,1.0000205650750569,-0.00029390226851831015,-0.00029103384533105906,-1.2038464635477044,0.2328918277105579,-0.029045364162853585,-367.066957151766,697.8003551490228,-331.40601955937433,-0.672621562117484
4.18,2.26393798417367e-06,1.2416184135062703e-05,0.0,-2.006295168103793,1.0000205650750569,-0.00029390226851831015,-0.00029103384533105906,-1.2038464635477044,0.2328918277105579,-0.029045364162853585,-367.066957151766,697.8003551490228,-331.40601955937433,-0.672621562117484
4.2,2.1420655928107947e-06,1.1728037879221403e-05,0.0,-2.006295168103793,1.0000205650750569,-0.00029390226851831015,-0.00029103384533105906,-1.2038464635477044,0.2328918277105579,-0.029045364162853585,-367.066957151766,697.8003551490228,-331.40601955937433,-0.672621562117484
4.22,2.026660752407997e-06,1.1077648698023425e-05,0.0,-2.006295168103793,1.0000205650750569,-0.00029390226851831015,-0.00029103384533105906,-1.2038464635477044,0.2328918277105579,-0.029045364162853585,-367.066957151766,697.8003551490228,-331.40601955937433,-0.672621562117484
4.24,1.9173860761092486e-06,1.0462968216321736e-05,0.0,-2.006295168103793,1.0000205650750569,-0.00029390226851831015,-0.00029103384533105906,-1.2038464635477044,0.2328918277105579,-0.029045364162853585,-367.066957151766,697.8003551490228,-331.40601955937433,-0.672621562117484
4.26,1.8139214062500554e-06,9.882057755106771e-06,0.0,-2.006295168103793,1.0000205650750569,-0.00029390226851831015,-0.00029103384533105906,-1.2038464635477044,0.2328918277105579,-0.029045364162853585,-367.066957151766,697.8003551490228,-331.40601955937433,-0.672621562117484
4.28,1.7159629585152847e-06,9.333082545962846e-06,0.0,-2.006295168103793,1.0000205650750569,-0.00029390226851831015,-0.00029103384533105906,-1.2038464635477044,0.2328918277105579,-0.029045364162853585,-367.066957151766,697.8003551490228,-331.40601955937433,-0.672621562117484
4.3,1.623222507024814e-06,8.81430624509504e-06,0.0,-2.006295168103793,1.0000205650750569,-0.00029390226851831015,-0.00029103384533105906,-1.2038464635477044,0.2328918277105579,-0.029045364162853585,-367.066957151766,697.8003551490228,-331.40601955937433,-0.672621562117484
4.32,1.535426608497314e-06,8.324085731697644e-06,0.0,-2.006295168103793,1.0000205650750569,-0.00029390226851831015,-0.00029103384533105906,-1.2038464635477044,0.2328918277105579,-0.029045364162853585,-367.066957151766,697.8003551490228,-331.40601955937433,-0.672621562117484
4.34,1.452315863718732e-06,7.860866176331407e-06,0.0,-2.006295168103793,1.0000205650750569,-0.00029390226851831015,-0.00029103384533105906,-1.2038464635477044,0.2328918277105579,-0.029045364162853585,-367.066957151766,697.8003551490228,-331.40601955937433,-0.672621562117484
4.36,1.3736442146152175e-06,7.423176365544534e-06,0.0,-2.006295168103793,1.0000205650750569,-0.00029390226851831015,-0.00029103384533105906,-1.2038464635477044,0.2328918277105579,-0.029045364162853585,-367.066957151766,697.8003551490228,-331.40601955937433,-0.672621562117484
4.38,1.2991782753013903e-06,7.009624269778764e-06,0.0,-2.006295168103793,1.0000205650750569,-0.00029390226851831015,-0.00029103384533105906,-1.2038464635477044,0.2328918277105579,-0.029045364162853585,-367.066957151766,697.8003551490228,-331.40601955937433,-0.672621562117484
4.4,1.2286966955430586e-06,6.6188928421163225e-06,0.0,-2.006295168103793,1.0000205650750569,-0.00029390226851831015,-0.00029103384533105906,-1.2038464635477044,0.2328918277105579,-0.029045364162853585,-367.066957151766,697.8003551490228,-331.40601955937433,-0.672621562117484
4.42,1.1619895551397445e-06,6.2497360361621885e-06,0.0,-2.006295168103793,1.0000205650750569,-0.00029390226851831015,-0.00029103384533105906,-1.2038464635477044,0.2328918277105579,-0.029045364162853585,-367.066957151766,697.8003551490228,-331.40601955937433,-0.672621562117484
4.44,1.0988577877957926e-06,5.9009750318154535e-06,0.0,-2.006295168103793,1.0000205650750569,-0.00029390226851831015,-0.00029103384533105906,-1.2038464635477044,0.2328918277105579,-0.029045364162853585,-367.066957151766,697.8003551490228,-331.40601955937433,-0.672621562117484
4.46,1.0391126331103715e-06,5.571494658358904e-06,0.0,-2.006295168103793,1.0000205650750569,-0.00029390226851831015,-0.00029103384533105906,-1.2038464635477044,0.2328918277105579,-0.029045364162853585,-367.066957151766,697.8003551490228,-331.40601955937433,-0.672621562117484
4.48,9.825751153755286e-07,5.2602400047089605e-06,0.0,-2.006295168103793,1.0000205650750569,-0.00029390226851831015,-0.00029103384533105906,-1.2038464635477044,0.2328918277105579,-0.029045364162853585,-367.066957151766,697.8003551490228,-331.40601955937433,-0.672621562117484
4.5,9.290755479284856e-07,4.9662132072829845e-06,0.0,-2.006295168103793,1.0000205650750569,-0.00029390226851831015,-0.00029103384533105906,-1.2038464635477044,0.2328918277105579,-0.029045364162853585,-367.066957151766,697.8003551490228,-331.40601955937433,-0.672621562117484
4.5200000000000005,8.784530618588643e-07,4.688470406314202e-06,0.0,-2.006295168103793,1.0000205650750569,-0.00029390226851831015,-0.00029103384533105906,-1.2038464635477044,0.2328918277105579,-0.029045364162853585,-367.066957151766,697.8003551490228,-331.40601955937433,-0.672621562117484
4.54,8.305551579242887e-07,4.426118862000911e-06,0.0,-2.006295168103793,1.0000205650750569,-0.00029390226851831015,-0.00029103384533105906,-1.2038464635477044,0.2328918277105579,-0.029045364162853585,-367.066957151766,697.8003551490228,-331.40601955937433,-0.672621562117484
4.5600000000000005,7.852372805781863e-07,4.178314222216121e-06,0.0,-2.006295168103793,1.0000205650750569,-0.00029390226851831015,-0.00029103384533105906,-1.2038464635477044,0.2328918277105579,-0.029045364162853585,-367.066957151766,697.8003551490228,-331.40601955937433,-0.672621562117484
4.58,7.423624130623314e-07,3.944257934005667e-06,0.0,-2.006295168103793,1.0000205650750569,-0.00029390226851831015,-0.00029103384533105906,-1.2038464635477044,0.2328918277105579,-0.029045364162853585,-367.066957151766,697.8003551490228,-331.40601955937433,-0.672621562117484
4.6000000000000005,7.018006925631662e-07,3.7231947914139895e-06,0.0,-2.006295168103793,1.0000205650750569,-0.00029390226851831015,-0.00029103384533105906,-1.2038464635477044,0.2328918277105579,-0.029045364162853585,-367.066957151766,697.8003551490228,-331.40601955937433,-0.672621562117484
4.62,6.634290444758456e-07,3.5144106126256504e-06,0.0,-2.006295168103793,1.0000205650750569,-0.00029390226851831015,-0.00029103384533105906,-1.2038464635477044,0.2328918277105579,-0.029045364162853585,-367.066957151766,697.8003551490228,-331.40601955937433,-0.672621562117484
4.64,6.271308348627986e-07,3.317230039697774e-06,0.0,-2.006295168103793,1.0000205650750569,-0.00029390226851831015,-0.00029103384533105906,-1.2038464635477044,0.2328918277105579,-0.029045364162853585,-367.066957151766,697.8003551490228,-331.40601955937433,-0.672621562117484
4.66,5.927955402349274e-07,3.1310144545575885e-06,0.0,-2.006295168103793,1.0000205650750569,-0.00029390226851831015,-0.00029103384533105906,-1.2038464635477044,0.2328918277105579,-0.029045364162853585,-367.066957151766,697.8003551490228,-331.40601955937433,-0.672621562117484
4.68,5.6031843382303e-07,2.955160005216806e-06,0.0,-2.006295168103793,1.0000205650750569,-0.00029390226851831015,-0.00029103384533105906,-1.2038464635477044,0.2328918277105579,-0.029045364162853585,-367.066957151766,697.8003551490228,-331.40601955937433,-0.672621562117484
4.7,5.296002875449369e-07,2.789095736474727e-06,0.0,-2.006295168103793,1.0000205650750569,-0.00029390226851831015,-0.00029103384533105906,-1.2038464635477044,0.2328918277105579,-0.029045364162853585,-367.066957151766,697.8003551490228,-331.40601955937433,-0.672621562117484
4.72,5.005470889102266e-07,2.6322818196935764e-06,0.0,-2.006295168103793,1.0000205650750569,-0.00029390226851831015,-0.00029103384533105906,-1.2038464635477044,0.2328918277105579,-0.029045364162853585,-367.066957151766,697.8003551490228,-331.40601955937433,-0.672621562117484
4.74,4.730697721390947e-07,2.484207876461478e-06,0.0,-2.006295168103793,1.0000205650750569,-0.00029390226851831015,-0.00029103384533105906,-1.2038464635477044,0.2328918277105579,-0.029045364162853585,-367.066957151766,697.8003551490228,-331.40601955937433,-0.672621562117484
4.76,4.470839628053721e-07,2.344391391272873e-06,0.0,-2.006295168103793,1.0000205650750569,-0.00029390226851831015,-0.00029103384533105906,-1.2038464635477044,0.2328918277105579,-0.029045364162853585,-367.066957151766,697.8003551490228,-331.40601955937433,-0.672621562117484
4.78,4.225097353455121e-07,2.212376208557226e-06,0.0,-2.006295168103793,1.0000205650750569,-0.00029390226851831015,-0.00029103384533105906,-1.2038464635477044,0.2328918277105579,-0.029045364162853585,-367.066957151766,697.8003551490228,-331.40601955937433,-0.672621562117484
4.8,3.9927138280599064e-07,2.0877311096690108e-06,0.0,-2.006295168103793,1.0000205650750569,-0.00029390226851831015,-0.00029103384533105906,-1.2038464635477044,0.2328918277105579,-0.029045364162853585,-367.066957151766,697.8003551490228,-331.40601955937433,-0.672621562117484
4.82,3.77297198230721e-07,1.970048465635702e-06,0.0,-2.006295168103793,1.0000205650750569,-0.00029390226851831015,-0.00029103384533105906,-1.2038464635477044,0.2328918277105579,-0.029045364162853585,-367.066957151766,697.8003551490228,-331.40601955937433,-0.672621562117484
4.84,3.56519267118119e-07,1.8589429617147264e-06,0.0,-2.006295168103793,1.0000205650750569,-0.00029390226851831015,-0.00029103384533105906,-1.2038464635477044,0.2328918277105579,-0.029045364162853585,-367.066957151766,697.8003551490228,-331.40601955937433,-0.672621562117484
4.86,3.3687327040413544e-07,1.7540503899760672e-06,0.0,-2.006295168103793,1.0000205650750569,-0.00029390226851831015,-0.00029103384533105906,-1.2038464635477044,0.2328918277105579,-0.029045364162853585,-367.066957151766,697.8003551490228,-331.40601955937433,-0.672621562117484
4.88,3.1829829745321075e-07,1.6550265063570316e-06,0.0,-2.006295168103793,1.0000205650750569,-0.00029390226851831015,-0.00029103384533105906,-1.2038464635477044,0.2328918277105579,-0.029045364162853585,-367.066957151766,697.8003551490228,-331.40601955937433,-0.672621562117484
4.9,3.007366685634977e-07,1.5615459487844478e-06,0.0,-2.006295168103793,1.0000205650750569,-0.00029390226851831015,-0.00029103384533105906,-1.2038464635477044,0.2328918277105579,-0.029045364162853585,-367.066957151766,697.8003551490228,-331.40601955937433,-0.672621562117484
4.92,2.841337665161211e-07,1.4733012131679086e-06,0.0,-2.006295168103793,1.0000205650750569,-0.00029390226851831015,-0.00029103384533105906,-1.2038464635477044,0.2328918277105579,-0.029045364162853585,-367.066957151766,697.8003551490228,-331.40601955937433,-0.672621562117484
4.94,2.6843787672051985e-07,1.3900016842014806e-06,0.0,-2.006295168103793,1.0000205650750569,-0.00029390226851831015,-0.00029103384533105906,-1.2038464635477044,0.2328918277105579,-0.029045364162853585,-367.066957151766,697.8003551490228,-331.40601955937433,-0.672621562117484
4.96,2.536000355292968e-07,1.3113727180986207e-06,0.0,-2.006295168103793,1.0000205650750569,-0.00029390226851831015,-0.00029103384533105906,-1.2038464635477044,0.2328918277105579,-0.029045364162853585,-367.066957151766,697.8003551490228,-331.40601955937433,-0.672621562117484
4.98,2.3957388631632857e-07,1.2371547745067843e-06,0.0,-2.006295168103793,1.0000205650750569,-0.00029390226851831015,-0.00029103384533105906,-1.2038464635477044,0.2328918277105579,-0.029045364162853585,-367.066957151766,697.8003551490228,-331.40601955937433,-0.672621562117484
5.0,2.263155429313859e-07,1.167102595016172e-06,0.0,-2.006295168103793,1.0000205650750569,-0.00029390226851831015,-0.00029103384533105906,-1.2038464635477044,0.2328918277105579,-0.029045364162853585,-367.066957151766,697.8003551490228,-331.40601955937433,-0.672621562117484
5.0200000000000005,2.1378346016304707e-07,1.1009844257872365e-06,0.0,-2.006295168103793,1.0000205650750569,-0.00029390226851831015,-0.00029103384533105906,-1.2038464635477044,0.2328918277105579,-0.029045364162853585,-367.066957151766,697.8003551490228,-331.40601955937433,-0.672621562117484
5.04,2.0193831085945432e-07,1.0385812819727558e-06,0.0,-2.006295168103793,1.0000205650750569,-0.00029390226851831015,-0.00029103384533105906,-1.2038464635477044,0.2328918277105579,-0.029045364162853585,-367.066957151766,697.8003551490228,-331.40601955937433,-0.672621562117484
5.0600000000000005,1.9074286937334494e-07,9.796862517099653e-07,0.0,-2.006295168103793,1.0000205650750569,-0.00029390226851831015,-0.00029103384533105906,-1.2038464635477044,0.2328918277105579,-0.029045364162853585,-367.066957151766,697.8003551490228,-331.40601955937433,-0.672621562117484
5.08,1.8016190101396785e-07,9.241038375937877e-07,0.0,-2.006295168103793,1.0000205650750569,-0.00029390226851831015,-0.00029103384533105906,-1.2038464635477044,0.2328918277105579,-0.029045364162853585,-367.066957151766,697.8003551490228,-331.40601955937433,-0.672621562117484
5.1000000000000005,1.701620572038616e-07,8.716493336324207e-07,0.0,-2.006295168103793,1.0000205650750569,-0.00029390226851831015,-0.00029103384533105906,-1.2038464635477044,0.2328918277105579,-0.029045364162853585,-367.066957151766,697.8003551490228,-331.40601955937433,-0.672621562117484
5.12,1.607117760531912e-07,8.221482358088882e-07,0.0,-2.006295168103793,1.0000205650750569,-0.00029390226851831015,-0.00029103384533105906,-1.2038464635477044,0.2328918277105579,-0.029045364162853585,-367.066957151766,697.8003551490228,-331.40601955937433,-0.672621562117484
5.14,1.517811880783182e-07,7.754356844528209e-07,0.0,-2.006295168103793,1.0000205650750569,-0.00029390226851831015,-0.00029103384533105906,-1.2038464635477044,0.2328918277105579,-0.029045364162853585,-367.066957151766,697.8003551490228,-331.40601955937433,-0.672621562117484
5.16,1.4334202680465912e-07,7.313559367360544e-07,0.0,-2.006295168103793,1.0000205650750569,-0.00029390226851831015,-0.00029103384533105906,-1.2038464635477044,0.2328918277105579,-0.029045364162853585,-367.066957151766,697.8003551490228,-331.40601955937433,-0.672621562117484
5.18,1.353675440066043e-07,6.897618676833662e-07,0.0,-2.006295168103793,1.0000205650750569,-0.00029390226851831015,-0.00029103384533105906,-1.2038464635477044,0.2328918277105579,-0.029045364162853585,-367.066957151766,697.8003551490228,-331.40601955937433,-0.672621562117484
5.2,1.2783242934940413e-07,6.505144981766885e-07,0.0,-2.006295168103793,1.0000205650750569,-0.00029390226851831015,-0.00029103384533105906,-1.2038464635477044,0.2328918277105579,-0.029045364162853585,-367.066957151766,697.8003551490228,-331.40601955937433,-0.672621562117484
5.22,1.2071273420950846e-07,6.134825485166072e-07,0.0,-2.006295168103793,1.0000205650750569,-0.00029390226851831015,-0.00029103384533105906,-1.2038464635477044,0.2328918277105579,-0.029045364162853585,-367.066957151766,697.8003551490228,-331.40601955937433,-0.672621562117484
5.24,1.1398579946084372e-07,5.785420161695654e-07,0.0,-2.006295168103793,1.0000205650750569,-0.00029390226851831015,-0.00029103384533105906,-1.2038464635477044,0.2328918277105579,-0.029045364162853585,-367.066957151766,697.8003551490228,-331.40601955937433,-0.672621562117484
5.26,1.07630187025032e-07,5.455757764135485e-07,0.0,-2.006295168103793,1.0000205650750569,-0.00029390226851831015,-0.00029103384533105906,-1.2038464635477044,0.2328918277105579,-0.029045364162853585,-367.066957151766,697.8003551490228,-331.40601955937433,-0.672621562117484
5.28,1.0162561499353574e-07,5.144732046511431e-07,0.0,-2.006295168103793,1.0000205650750569,-0.00029390226851831015,-0.00029103384533105906,-1.2038464635477044,0.2328918277105579,-0.029045364162853585,-367.066957151766,697.8003551490228,-331.40601955937433,-0.672621562117484
5.3,9.595289613925541e-08,4.851298192346193e-07,0.0,-2.006295168103793,1.0000205650750569,-0.00029390226851831015,-0.00029103384533105906,-1.2038464635477044,0.2328918277105579,-0.029045364162853585,-367.066957151766,697.8003551490228,-331.40601955937433,-0.672621562117484
5.32,9.059387964415881e-08,4.574469436982989e-07,0.0,-2.006295168103793,1.0000205650750569,-0.00029390226851831015,-0.00029103384533105906,-1.2038464635477044,0.2328918277105579,-0.029045364162853585,-367.066957151766,697.8003551490228,-331.40601955937433,-0.672621562117484
5.34,8.55313958781733e-08,4.313313873615958e-07,0.0,-2.006295168103793,1.0000205650750569,-0.00029390226851831015,-0.00029103384533105906,-1.2038464635477044,0.2328918277105579,-0.029045364162853585,-367.066957151766,697.8003551490228,-331.40601955937433,-0.672621562117484
5.36,8.074920407277752e-08,4.066951433119412e-07,0.0,-2.006295168103793,1.0000205650750569,-0.00029390226851831015,-0.00029103384533105906,-1.2038464635477044,0.2328918277105579,-0.029045364162853585,-367.066957151766,697.8003551490228,-331.40601955937433,-0.672621562117484
5.38,7.623194274056947e-08,3.834551028373403e-07,0.0,-2.006295168103793,1.0000205650750569,-0.00029390226851831015,-0.00029103384533105906,-1.2038464635477044,0.2328918277105579,-0.029045364162853585,-367.066957151766,697.8003551490228,-331.40601955937433,-0.672621562117484
5.4,7.196508269952176e-08,3.615327854200344e-07,0.0,-2.006295168103793,1.0000205650750569,-0.00029390226851831015,-0.00029103384533105906,-1.2038464635477044,0.2328918277105579,-0.029045364162853585,-367.066957151766,697.8003551490228,-331.40601955937433,-0.672621562117484
5.42,6.793488256773622e-08,3.408540834571666e-07,0.0,-2.006295168103793,1.0000205650750569,-0.00029390226851831015,-0.00029103384533105906,-1.2038464635477044,0.2328918277105579,-0.029045364162853585,-367.066957151766,697.8003551490228,-331.40601955937433,-0.672621562117484
5.44,6.412834660124109e-08,3.2134902091152656e-07,0.0,-2.006295168103793,1.0000205650750569,-0.00029390226851831015,-0.00029103384533105906,-1.2038464635477044,0.2328918277105579,-0.029045364162853585,-367.066957151766,697.8003551490228,-331.40601955937433,-0.672621562117484
5.46,6.053318475380237e-08,3.0295152514448394e-07,0.0,-2.006295168103793,1.0000205650750569,-0.00029390226851831015,-0.00029103384533105906,-1.2038464635477044,0.2328918277105579,-0.029045364162853585,-367.066957151766,697.8003551490228,-331.40601955937433,-0.672621562117484
5.48,5.713777484381338e-08,2.8559921121672647e-07,0.0,-2.006295168103793,1.0000205650750569,-0.00029390226851831015,-0.00029103384533105906,-1.2038464635477044,0.2328918277105579,-0.029045364162853585,-367.066957151766,697.8003551490228,-331.40601955937433,-0.672621562117484
5.5,5.393112671914248e-08,2.692331779863341e-07,0.0,-2.006295168103793,1.0000205650750569,-0.00029390226851831015,-0.00029103384533105906,-1.2038464635477044,0.2328918277105579,-0.029045364162853585,-367.066957151766,697.8003551490228,-331.40601955937433,-0.672621562117484
5.5200000000000005,5.09028483163304e-08,2.537978153637762e-07,0.0,-2.006295168103793,1.0000205650750569,-0.00029390226851831015,-0.00029103384533105906,-1.2038464635477044,0.2328918277105579,-0.029045364162853585,-367.066957151766,697.8003551490228,-331.40601955937433,-0.672621562117484
5.54,4.804311351578862e-08,2.392406221231215e-07,0.0,-2.006295168103793,1.0000205650750569,-0.00029390226851831015,-0.00029103384533105906,-1.2038464635477044,0.2328918277105579,-0.029045364162853585,-367.066957151766,697.8003551490228,-331.40601955937433,-0.672621562117484
5.5600000000000005,4.534263169963336e-08,2.2551203369535516e-07,0.0,-2.006295168103793,1.0000205650750569,-0.00029390226851831015,-0.00029103384533105906,-1.2038464635477044,0.2328918277105579,-0.029045364162853585,-367.066957151766,697.8003551490228,-331.40601955937433,-0.672621562117484
5.58,4.279261892354483e-08,2.1256525940558297e-07,0.0,-2.006295168103793,1.0000205650750569,-0.00029390226851831015,-0.00029103384533105906,-1.2038464635477044,0.2328918277105579,-0.029045364162853585,-367.066957151766,697.8003551490228,-331.40601955937433,-0.672621562117484
5.6000000000000005,4.038477061854502e-08,2.0035612863977273e-07,0.0,-2.006295168103793,1.0000205650750569,-0.00029390226851831015,-0.00029103384533105906,-1.2038464635477044,0.2328918277105579,-0.029045364162853585,-367.066957151766,697.8003551490228,-331.40601955937433,-0.672621562117484
5.62,3.8111235742883955e-08,1.88842945458804e-07,0.0,-2.006295168103793,1.0000205650750569,-0.00029390226851831015,-0.00029103384533105906,-1.2038464635477044,0.2328918277105579,-0.029045364162853585,-367.066957151766,697.8003551490228,-331.40601955937433,-0.672621562117484
5.64,3.596459230829304e-08,1.7798635119914639e-07,0.0,-2.006295168103793,1.0000205650750569,-0.00029390226851831015,-0.00029103384533105906,-1.2038464635477044,0.2328918277105579,-0.029045364162853585,-367.066957151766,697.8003551490228,-331.40601955937433,-0.672621562117484
5.66,3.393782420874393e-08,1.6774919462790816e-07,0.0,-2.006295168103793,1.0000205650750569,-0.00029390226851831015,-0.00029103384533105906,-1.2038464635477044,0.2328918277105579,-0.029045364162853585,-367.066957151766,697.8003551490228,-331.40601955937433,-0.672621562117484
5.68,3.202429928352836e-08,1.5809640924062122e-07,0.0,-2.006295168103793,1.0000205650750569,-0.00029390226851831015,-0.00029103384533105906,-1.2038464635477044,0.2328918277105579,-0.029045364162853585,-367.066957151766,697.8003551490228,-331.40601955937433,-0.672621562117484
5.7,3.021774854997173e-08,1.4899489731286543e-07,0.0,-2.006295168103793,1.0000205650750569,-0.00029390226851831015,-0.00029103384533105906,-1.2038464635477044,0.2328918277105579,-0.029045364162853585,-367.066957151766,697.8003551490228,-331.40601955937433,-0.672621562117484
5.72,2.851224654441898e-08,1.4041342033915976e-07,0.0,-2.006295168103793,1.0000205650750569,-0.00029390226851831015,-0.00029103384533105906,-1.2038464635477044,0.2328918277105579,-0.029045364162853585,-367.066957151766,697.8003551490228,-331.40601955937433,-0.672621562117484
5.74,2.6902192713282484e-08,1.3232249550956357e-07,0.0,-2.006295168103793,1.0000205650750569,-0.00029390226851831015,-0.00029103384533105906,-1.2038464635477044,0.2328918277105579,-0.029045364162853585,-367.066957151766,697.8003551490228,-331.40601955937433,-0.672621562117484
5.76,2.5382293798944808e-08,1.2469429789623186e-07,0.0,-2.006295168103793,1.0000205650750569,-0.00029390226851831015,-0.00029103384533105906,-1.2038464635477044,0.2328918277105579,-0.029045364162853585,-367.066957151766,697.8003551490228,-331.40601955937433,-0.672621562117484
5.78,2.3947547168151583e-08,1.1750256803701797e-07,0.0,-2.006295168103793,1.0000205650750569,-0.00029390226851831015,-0.00029103384533105906,-1.2038464635477044,0.2328918277105579,-0.029045364162853585,-367.066957151766,697.8003551490228,-331.40601955937433,-0.672621562117484
5.8,2.2593225033238398e-08,1.1072252462267319e-07,0.0,-2.006295168103793,1.0000205650750569,-0.00029390226851831015,-0.00029103384533105906,-1.2038464635477044,0.2328918277105579,-0.029045364162853585,-367.066957151766,697.8003551490228,-331.40601955937433,-0.672621562117484
5.82,2.131485951909895e-08,1.043307820076249e-07,0.0,-2.006295168103793,1.0000205650750569,-0.00029390226851831015,-0.00029103384533105906,-1.2038464635477044,0.2328918277105579,-0.029045364162853585,-367.066957151766,697.8003551490228,-331.40601955937433,-0.672621562117484
5.84,2.0108228531243888e-08,9.830527228164044e-08,0.0,-2.006295168103793,1.0000205650750569,-0.00029390226851831015,-0.00029103384533105906,-1.2038464635477044,0.2328918277105579,-0.029045364162853585,-367.066957151766,697.8003551490228,-331.40601955937433,-0.672621562117484
5.86,1.8969342382610664e-08,9.262517165186731e-08,0.0,-2.006295168103793,1.0000205650750569,-0.00029390226851831015,-0.00029103384533105906,-1.2038464635477044,0.2328918277105579,-0.029045364162853585,-367.066957151766,697.8003551490228,-331.40601955937433,-0.672621562117484
5.88,1.7894431138985897e-08,8.727083090016295e-08,0.0,-2.006295168103793,1.0000205650750569,-0.00029390226851831015,-0.00029103384533105906,-1.2038464635477044,0.2328918277105579,-0.029045364162853585,-367.066957151766,697.8003551490228,-331.40601955937433,-0.672621562117484
5.9,1.6879932644984207e-08,8.222370969153347e-08,0.0,-2.006295168103793,1.0000205650750569,-0.00029390226851831015,-0.00029103384533105906,-1.2038464635477044,0.2328918277105579,-0.029045364162853585,-367.066957151766,697.8003551490228,-331.40601955937433,-0.672621562117484
5.92,1.5922481194510826e-08,7.746631452342253e-08,0.0,-2.006295168103793,1.0000205650750569,-0.00029390226851831015,-0.00029103384533105906,-1.2038464635477044,0.2328918277105579,-0.029045364162853585,-367.066957151766,697.8003551490228,-331.40601955937433,-0.672621562117484
5.94,1.501889681151135e-08,7.298214011527996e-08,0.0,-2.006295168103793,1.0000205650750569,-0.00029390226851831015,-0.00029103384533105906,-1.2038464635477044,0.2328918277105579,-0.029045364162853585,-367.066957151766,697.8003551490228,-331.40601955937433,-0.672621562117484
5.96,1.4166175108598361e-08,6.875561405033925e-08,0.0,-2.006295168103793,1.0000205650750569,-0.00029390226851831015,-0.00029103384533105906,-1.2038464635477044,0.2328918277105579,-0.029045364162853585,-367.066957151766,697.8003551490228,-331.40601955937433,-0.672621562117484
5.98,1.3361477692834237e-08,6.477204449019604e-08,0.0,-2.006295168103793,1.0000205650750569,-0.00029390226851831015,-0.00029103384533105906,-1.2038464635477044,0.2328918277105579,-0.029045364162853585,-367.066957151766,697.8003551490228,-331.40601955937433,-0.672621562117484
6.0,1.2602123089557955e-08,6.101757079400985e-08,0.0,-2.006295168103793,1.0000205650750569,-0.00029390226851831015,-0.00029103384533105906,-1.2038464635477044,0.2328918277105579,-0.029045364162853585,-367.066957151766,697.8003551490228,-331.40601955937433,-0.672621562117484
6.0200000000000005,0.010000011885578157,3.670669628996777,0.0,-2.006295168103793,1.0000205650750569,-0.00029390226851831015,-0.00029103384533105906,-1.2038464635477044,0.2328918277105579,-0.029045364162853585,-367.066957151766,697.8003551490228,-331.40601955937433,-0.672621562117484
6.04,0.018956761830528447,4.399315853141952,0.0,-2.006295168103793,1.0000205650750569,-0.00029390226851831015,-0.00029103384533105906,-1.2038464635477044,0.2328918277105579,-0.029045364162853585,-367.066957151766,697.8003551490228,-331.40601955937433,-0.672621562117484
6.0600000000000005,0.025638813027256048,3.938421954413509,0.0,-2.0062530394465306,1.0000701556900833,-0.0002957816117889141,-0.0002903121783498718,-1.2038464635477044,0.2328918277105579,-0.029045364162853585,-367.066957151766,697.8003551490228,-331.40601955937433,-0.672621562117484
6.08,0.030010248805453346,3.2306894265178467,0.0,-2.006222826245729,1.000106484889043,-0.00029710663890574764,-0.0002899126383486032,-1.2038464635477044,0.2328918277105579,-0.029045364162853585,-367.066957151766,697.8003551490228,-331.40601955937433,-0.672621562117484
6.1000000000000005,0.03244100035575105,2.5635214692766217,0.0,-2.006196495498514,1.0001366253773007,-0.0002979774230980167,-0.00028965255991460817,-1.2038464635477044,0.2328918277105579,-0.029045364162853585,-367.066957151766,697.8003551490228,-331.40601955937433,-0.672621562117484
6.12,0.03334896714362927,1.997617416138597,0.0,-2.0061722604989534,1.0001642034533376,-0.00029857205937784535,-0.00028944196153195295,-1.2038464635477044,0.2328918277105579,-0.029045364162853585,-367.066957151766,697.8003551490228,-331.40601955937433,-0.672621562117484
6.140000000000001,0.03310080696354151,1.5320721855962303,0.0,-2.006150164270643,1.0001896377179316,-0.00029899628767844465,-0.00028925768622492103,-1.2038464635477044,0.2328918277105579,-0.029045364162853585,-367.066957151766,697.8003551490228,-331.40601955937433,-0.672621562117484
6.16,0.031996815117756,1.1528764924636392,0.0,-2.0061302077852625,1.0002129613267907,-0.00029931000514472195,-0.0002890933586766351,-1.2038464635477044,0.2328918277105579,-0.029045364162853585,-367.066957151766,697.8003551490228,-331.40601955937433,-0.672621562117484
6.18,0.03027722981452534,0.84528906836672,0.0,-2.0061121767306784,1.0002343822043382,-0.0002995491849045151,-0.0002889453735461026,-1.2038464635477044,0.2328918277105579,-0.029045364162853585,-367.066957151766,697.8003551490228,-331.40601955937433,-0.672621562117484
6.2,0.028132185154739336,0.596473358757452,0.0,-2.0060957798961954,1.0002542102148146,-0.00029973627970910575,-0.0002888106814250027,-1.2038464635477044,0.2328918277105579,-0.029045364162853585,-367.066957151766,697.8003551490228,-331.40601955937433,-0.672621562117484
6.22,0.02571098928350605,0.3957491707026095,0.0,-2.006080752438154,1.0002727482794707,-0.00029988554459399995,-0.0002886867807651386,-1.2038464635477044,0.2328918277105579,-0.029045364162853585,-367.066957151766,697.8003551490228,-331.40601955937433,-0.672621562117484
6.24,0.02312994804224986,0.2343368950375334,0.0,-2.0060668985166084,1.0002902383669428,-0.0003000061002810074,-0.00028857183457919026,-1.2038464635477044,0.2328918277105579,-0.029045364162853585,-367.066957151766,697.8003551490228,-331.40601955937433,-0.672621562117484
6.26,0.020478789560570365,0.10504130967835157,0.0,-2.0060540990359375,1.0003068466069314,-0.0003001038023089225,-0.0002884646633179722,-1.2038464635477044,0.2328918277105579,-0.029045364162853585,-367.066957151766,697.8003551490228,-331.40601955937433,-0.672621562117484
6.28,0.01782590053714855,0.0019695937478159814,0.0,-2.0060423043191236,1.0003226668459997,-0.0003001824089327497,-0.00028836466253747735,-1.2038464635477044,0.2328918277105579,-0.029045364162853585,-367.066957151766,697.8003551490228,-331.40601955937433,-0.672621562117484
6.3,0.015222583692597585,-0.07970388965584244,0.0,-2.006031521647419,1.0003377310474402,-0.00030024432277575596,-0.00028827169589805917,-1.2038464635477044,0.2328918277105579,-0.029045364162853585,-367.066957151766,697.8003551490228,-331.40601955937433,-0.672621562117484
6.32,0.01270651512185587,-0.14393070800927615,0.0,-2.0060218017624543,1.0003520214385726,-0.0003002910711161776,-0.00028818598728089185,-1.2038464635477044,0.2328918277105579,-0.029045364162853585,-367.066957151766,697.8003551490228,-331.40601955937433,-0.672621562117484
6.34,0.0103045487414133,-0.19394642615924293,0.0,-2.0060132257623433,1.0003654825307393,-0.0003003236248959586,-0.0002881080198822318,-1.2038464635477044,0.2328918277105579,-0.029045364162853585,-367.066957151766,697.8003551490228,-331.40601955937433,-0.672621562117484
6.36,0.00803498811207319,-0.23239999745186157,0.0,-2.0060058928094757,1.0003780324649678,-0.00030034261685798536,-0.0002880384437229045,-1.2038464635477044,0.2328918277105579,-0.029045364162853585,-367.066957151766,697.8003551490228,-331.40601955937433,-0.672621562117484
6.38,0.005909423841296942,-0.26145974575364656,0.0,-2.005999908785382,1.00038957357157,-0.0003003484948822598,-0.00028797799137607864,-1.2038464635477044,0.2328918277105579,-0.029045364162853585,-367.066957151766,697.8003551490228,-331.40601955937433,-0.672621562117484
6.4,0.003934216794998724,-0.28290021473348137,0.0,-2.005995376024838,1.0004000020968464,-0.0003003416317663833,-0.00028792740197925674,-1.2038464635477044,0.2328918277105579,-0.029045364162853585,-367.066957151766,697.8003551490228,-331.40601955937433,-0.672621562117484
6.42,0.002111692706296516,-0.2981733550499511,0.0,-2.0059923843309204,1.0004092169901497,-0.0003003224037819498,-0.000287887354344064,-1.2038464635477044,0.2328918277105579,-0.029045364162853585,-367.066957151766,697.8003551490228,-331.40601955937433,-0.672621562117484
6.44,0.0004411018156493824,-0.30846687550199553,0.0,-2.005991003524778,1.0004171275710183,-0.00030029124513405813,-0.00028785841057815957,-1.2038464635477044,0.2328918277105579,-0.029045364162853585,-367.066957151766,697.8003551490228,-331.40601955937433,-0.672621562117484
6.46,-0.0010806125987536247,-0.31475206709628034,0.0,-2.005991277782418,1.0004236598577683,-0.00030024868260318315,-0.00028784097183165647,-1.2038464635477044,0.2328918277105579,-0.029045364162853585,-367.066957151766,697.8003551490228,-331.40601955937433,-0.672621562117484
6.48,-0.002458200946137792,-0.3178229913582767,0.0,-2.005993221948724,1.0004287613528775,-0.0003001953532940001,-0.00028783524751970147,-1.2038464635477044,0.2328918277105579,-0.029045364162853585,-367.066957151766,697.8003551490228,-331.40601955937433,-0.672621562117484
6.5,-0.003697620008194503,-0.3171263160923298,0.0,-2.0059968199064433,1.0004324041454087,-0.00030013200796776636,-0.00028784123871728585,-1.2038464635477044,0.2328918277105579,-0.029045364162853585,-367.066957151766,697.8003551490228,-331.40601955937433,-0.672621562117484
6.5200000000000005,-0.004805999717436933,-0.31441027658923315,0.0,-2.006002024936201,1.0004345862931414,-0.0003000595024704841,-0.00028785873551413603,-1.2054314696036497,0.2344648135932553,-0.029033343989605703,-363.8400830318984,692.543901893653,-329.3730286552542,-0.6692097934995268
6.54,-0.005791337952334866,-0.3105239289602796,0.0,-2.006008774878444,1.0004353499401315,-0.00029997931171289017,-0.0002878871399949939,-1.2054314696036497,0.2344648135932553,-0.029033343989605703,-363.8400830318984,692.543901893653,-329.3730286552542,-0.6692097934995268
6.5600000000000005,-0.006661790237900469,-0.3058416198171642,0.0,-2.0060169747735594,1.000434737327942,-0.0002998922689675035,-0.00028792601319728575,-1.2054314696036497,0.2344648135932553,-0.029033343989605703,-363.8400830318984,692.543901893653,-329.3730286552542,-0.6692097934995268
6.58,-0.007425362813328529,-0.3005654987537681,0.0,-2.0060265052490336,1.0004328137441247,-0.0002997992377836898,-0.0002879746866076711,-1.2054314696036497,0.2344648135932553,-0.029033343989605703,-363.8400830318984,692.543901893653,-329.3730286552542,-0.6692097934995268
6.6000000000000005,-0.008089794231511635,-0.2948332566508036,0.0,-2.0060372310568404,1.0004296630019092,-0.0002997011315139854,-0.0002880323311441773,-1.2054314696036497,0.2344648135932553,-0.029033343989605703,-363.8400830318984,692.543901893653,-329.3730286552542,-0.6692097934995268
6.62,-0.008662504601651988,-0.28875182678077604,0.0,-2.006049007477716,1.0004253820776996,-0.0002995988759903048,-0.00028809802425424746,-1.2054314696036497,0.2344648135932553,-0.029033343989605703,-363.8400830318984,692.543901893653,-329.3730286552542,-0.6692097934995268
6.640000000000001,-0.009150570730979477,-0.28240864064192456,0.0,-2.006061685537347,1.0004200766864173,-0.0002994933790794865,-0.00028817079484227503,-1.2054314696036497,0.2344648135932553,-0.029033343989605703,-363.8400830318984,692.543901893653,-329.3730286552542,-0.6692097934995268
6.66,-0.00956071383860359,-0.2758764495183742,0.0,-2.006075116454984,1.0004138574486447,-0.0002993855082002983,-0.0002882496569583356,-1.2054314696036497,0.2344648135932553,-0.029033343989605703,-363.8400830318984,692.543901893653,-329.3730286552542,-0.6692097934995268
6.68,-0.009899295051337286,-0.26921615814876837,0.0,-2.0060891553844464,1.0004068365176508,-0.00029927607369817816,-0.00028833363708064393,-1.2054314696036497,0.2344648135932553,-0.029033343989605703,-363.8400830318984,692.543901893653,-329.3730286552542,-0.6692097934995268
6.7,-0.01017231640738553,-0.2624788746239238,0.0,-2.0061036644202237,1.0003991246865664,-0.0002991658171226379,-0.0002884217961973252,-1.2054314696036497,0.2344648135932553,-0.029033343989605703,-363.8400830318984,692.543901893653,-329.3730286552542,-0.6692097934995268
6.72,-0.01038542594088475,-0.2557075282951534,0.0,-2.0061185148600202,1.0003908290161438,-0.00029905540387817586,-0.00028851324692291826,-1.2054314696036497,0.2344648135932553,-0.029033343989605703,-363.8400830318984,692.543901893653,-329.3730286552542,-0.6692097934995268
6.74,-0.010543925802671219,-0.24893818567606146,0.0,-2.0061335887567786,1.0003820509965728,-0.00029894541972184973,-0.0002886071658573801,-1.2054314696036497,0.2344648135932553,-0.029033343989605703,-363.8400830318984,692.543901893653,-329.3730286552542,-0.6692097934995268
6.76,-0.010652782607283558,-0.24220113222057896,0.0,-2.0061487798293016,1.0003728852234541,-0.00029883637049912695,-0.00028870280157598777,-1.2054314696036497,0.2344648135932553,-0.029033343989605703,-363.8400830318984,692.543901893653,-329.3730286552542,-0.6692097934995268
6.78,-0.010716639367735951,-0.23552176613032744,0.0,-2.006163993823883,1.0003634185415795,-0.0002987286844612246,-0.00028879947880051384,-1.2054314696036497,0.2344648135932553,-0.029033343989605703,-363.8400830318984,692.543901893653,-329.3730286552542,-0.6692097934995268
6.8,-0.010739828513575857,-0.22892133950464005,0.0,-2.0061791484298386,1.0003537295934692,-0.00029862271651245073,-0.0002888965993936971,-1.2054314696036497,0.2344648135932553,-0.029033343989605703,-363.8400830318984,692.543901893653,-329.3730286552542,-0.6692097934995268
6.82,-0.010726385594665178,-0.22241757498816622,0.0,-2.006194172851943,1.0003438887019802,-0.000298518753786035,-0.00028899364084157336,-1.2054314696036497,0.2344648135932553,-0.029033343989605703,-363.8400830318984,692.543901893653,-329.3730286552542,-0.6692097934995268
6.84,-0.010680063358836587,-0.21602518061657533,0.0,-2.006209007135606,1.0003339580157553,-0.0002984170220249758,-0.0002890901528583171,-1.2054314696036497,0.2344648135932553,-0.029033343989605703,-363.8400830318984,692.543901893653,-329.3730286552542,-0.6692097934995268
6.86,-0.010604345960435234,-0.20975628126153473,0.0,-2.006223601328915,1.0003239918507816,-0.0002983176923362207,-0.0002891857526834709,-1.2054314696036497,0.2344648135932553,-0.029033343989605703,-363.8400830318984,692.543901893653,-329.3730286552542,-0.6692097934995268
6.88,-0.010502463111945784,-0.20362078158874225,0.0,-2.006237914551875,1.000314037168868,-0.00029822088797982766,-0.00028928011955835925,-1.2054314696036497,0.2344648135932553,-0.029033343989605703,-363.8400830318984,692.543901893653,-329.3730286552542,-0.6692097934995268
6.9,-0.010377404035174275,-0.19762667265455758,0.0,-2.0062519140289923,1.0003041341429306,-0.0002981266909423521,-0.0002893729887789094,-1.2054314696036497,0.2344648135932553,-0.029033343989605703,-363.8400830318984,692.543901893653,-329.3730286552542,-0.6692097934995268
6.92,-0.01023193110381559,-0.19178029198385804,0.0,-2.0062655741279753,1.0002943167683698,-0.00029803514812033613,-0.00028946414563533557,-1.2054314696036497,0.2344648135932553,-0.029033343989605703,-363.8400830318984,692.543901893653,-329.3730286552542,-0.6692097934995268
6.94,-0.010068593097515554,-0.18608654515299544,0.0,-2.006278875435471,1.000284613488782,-0.0002979462770039355,-0.00028955341947006194,-1.2054314696036497,0.2344648135932553,-0.029033343989605703,-363.8400830318984,692.543901893653,-329.3730286552542,-0.6692097934995268
6.96,-0.009889738010004237,-0.18054909540146574,0.0,-2.006291803890746,1.0002750478122766,-0.000297860070801568,-0.00028964067801730693,-1.2054314696036497,0.2344648135932553,-0.029033343989605703,-363.8400830318984,692.543901893653,-329.3730286552542,-0.6692097934995268
6.98,-0.009697525371763669,-0.17517052660969634,0.0,-2.006304349990103,1.0002656389015476,-0.0002977765029854368,-0.0002897258221313225,-1.2054314696036497,0.2344648135932553,-0.029033343989605703,-363.8400830318984,692.543901893653,-329.3730286552542,-0.6692097934995268
7.0,-0.00949393806178961,-0.16980116710745702,0.0,-2.0063165080685104,1.0002564021264988,-0.00029769553126584555,-0.0002898087809656544,-1.2054314696036497,0.2344648135932553,-0.029033343989605703,-363.8400830318984,692.543901893653,-329.3730286552542,-0.6692097934995268
7.0200000000000005,-0.009280837900744762,-0.1645719871429447,0.0,-2.006328275660193,1.0002473495727384,-0.000297617101021686,-0.0002898895076313458,-1.2046133189978325,0.23365209775126267,-0.02903877875343013,-365.1731504622997,694.4545125986747,-329.9510408035451,-0.6696786671699388
7.04,-0.009059982883380066,-0.15953542351867347,0.0,-2.0063396548964865,1.0002384932188615,-0.00029754122073740884,-0.00028996794922373615,-1.2046133189978325,0.23365209775126267,-0.02903877875343013,-365.1731504622997,694.4545125986747,-329.9510408035451,-0.6696786671699388
7.0600000000000005,-0.008832984581023355,-0.154701659406117,0.0,-2.0063506488819476,1.000229839278666,-0.0002974678040171153,-0.00029004411401431946,-1.2046133189978325,0.23365209775126267,-0.02903877875343013,-365.1731504622997,694.4545125986747,-329.9510408035451,-0.6696786671699388
7.08,-0.008601299985428247,-0.15006745632209634,0.0,-2.0063612619359166,1.0002213922447813,-0.0002973967574649961,-0.0002901180144595575,-1.2046133189978325,0.23365209775126267,-0.02903877875343013,-365.1731504622997,694.4545125986747,-329.9510408035451,-0.6696786671699388
7.1000000000000005,-0.008366238677692156,-0.1456262055219257,0.0,-2.0063714996605126,1.0002131550464355,-0.00029732798822046147,-0.0002901896691976969,-1.2046133189978325,0.23365209775126267,-0.02903877875343013,-365.1731504622997,694.4545125986747,-329.9510408035451,-0.6696786671699388
7.12,-0.008128973982555842,-0.14137075654392156,0.0,-2.0063813687540337,1.0002051291485516,-0.00029726140418505364,-0.00029025910462812606,-1.2046133189978325,0.23365209775126267,-0.02903877875343013,-365.1731504622997,694.4545125986747,-329.9510408035451,-0.6696786671699388
7.140000000000001,-0.007890554407362053,-0.13729410966694258,0.0,-2.0063908767677647,1.0001973147505892,-0.00029719691434590173,-0.0002903263542415011,-1.2046133189978325,0.23365209775126267,-0.02903877875343013,-365.1731504622997,694.4545125986747,-329.9510408035451,-0.6696786671699388
7.16,-0.007651914407001243,-0.1333895486442342,0.0,-2.0064000318809985,1.0001897110016642,-0.0002971344292975702,-0.0002903914572789567,-1.2046133189978325,0.23365209775126267,-0.02903877875343013,-365.1731504622997,694.4545125986747,-329.9510408035451,-0.6696786671699388
7.18,-0.007413884301268459,-0.12965064102333732,0.0,-2.006408842711236,1.0001823161959669,-0.0002970738617342202,-0.00029045445739124255,-1.2046133189978325,0.23365209775126267,-0.02903877875343013,-365.1731504622997,694.4545125986747,-329.9510408035451,-0.6696786671699388
7.2,-0.0071771993683319695,-0.12607121306842822,0.0,-2.006417318159245,1.0001751279405149,-0.00029701512683643825,-0.0002905154014760613,-1.2046133189978325,0.23365209775126267,-0.02903877875343013,-365.1731504622997,694.4545125986747,-329.9510408035451,-0.6696786671699388
7.22,-0.0069425081790277735,-0.12264532403359621,0.0,-2.0064254672846284,1.0001681432962475,-0.000296958142548007,-0.0002905743387144608,-1.2046133189978325,0.23365209775126267,-0.02903877875343013,-365.1731504622997,694.4545125986747,-329.9510408035451,-0.6696786671699388
7.24,-0.006710380239522055,-0.11936724454697213,0.0,-2.0064332992071234,1.000161358895605,-0.00029690282975746075,-0.000290631319786988,-1.2046133189978325,0.23365209775126267,-0.02903877875343013,-365.1731504622997,694.4545125986747,-329.9510408035451,-0.6696786671699388
7.26,-0.006481313004482807,-0.11623143930452265,0.0,-2.006440823029297,1.0001547710399386,-0.00029684911240208305,-0.0002906863962432694,-1.2046133189978325,0.23365209775126267,-0.02903877875343013,-365.1731504622997,694.4545125986747,-329.9510408035451,-0.6696786671699388
7.28,-0.006255738316480847,-0.11323255339840038,0.0,-2.006448047776859,1.0001483757798157,-0.00029679691751041356,-0.000290739619999983,-1.2046133189978325,0.23365209775126267,-0.02903877875343013,-365.1731504622997,694.4545125986747,-329.9510408035451,-0.6696786671699388
7.3,-0.0060340283213609226,-0.11036540153070637,0.0,-2.0064549823533993,1.0001421689809118,-0.0002967461751968408,-0.0002907910429453146,-1.2046133189978325,0.23365209775126267,-0.02903877875343013,-365.1731504622997,694.4545125986747,-329.9510408035451,-0.6696786671699388
7.32,-0.0058165009041290915,-0.1076249594831307,0.0,-2.006461635506828,1.0001361463778145,-0.0002966968186196046,-0.00029084071663106054,-1.2046133189978325,0.23365209775126267,-0.02903877875343013,-365.1731504622997,694.4545125986747,-329.9510408035451,-0.6696786671699388
7.34,-0.005603424685339533,-0.10500635731703589,0.0,-2.0064680158052597,1.0001303036177394,-0.00029664878391140887,-0.00029088869203649267,-1.2046133189978325,0.23365209775126267,-0.02903877875343013,-365.1731504622997,694.4545125986747,-329.9510408035451,-0.6696786671699388
7.36,-0.005395023614045976,-0.10250487389798107,0.0,-2.006474131620435,1.0001246362958618,-0.0002966020100901893,-0.0002909350193905338,-1.2046133189978325,0.23365209775126267,-0.02903877875343013,-365.1731504622997,694.4545125986747,-329.9510408035451,-0.6696786671699388
7.38,-0.005191481189911426,-0.10011593240927617,0.0,-2.0064799911171085,1.0001191399837077,-0.00029655643895604237,-0.0002909797480410511,-1.2046133189978325,0.23365209775126267,-0.02903877875343013,-365.1731504622997,694.4545125986747,-329.9510408035451,-0.6696786671699388
7.4,-0.004992944344076308,-0.097835096604254,0.0,-2.00648560224711,1.0001138102518334,-0.00029651201497918247,-0.00029102292636186644,-1.2046133189978325,0.23365209775126267,-0.02903877875343013,-365.1731504622997,694.4545125986747,-329.9510408035451,-0.6696786671699388
7.42,-0.004799527005695123,-0.09565806758750035,0.0,-2.006490972747004,1.0001086426878167,-0.00029646868518270596,-0.00029106460168975824,-1.2046133189978325,0.23365209775126267,-0.02903877875343013,-365.1731504622997,694.4545125986747,-329.9510408035451,-0.6696786671699388
7.44,-0.004611313378721987,-0.09358068097597126,0.0,-2.0064961101384866,1.000103632910428,-0.0002964263990231849,-0.0002911048202850101,-1.2046133189978325,0.23365209775126267,-0.02903877875343013,-365.1731504622997,694.4545125986747,-329.9510408035451,-0.6696786671699388
7.46,-0.004428360951400617,-0.09159890431139518,0.0,-2.006501021730806,1.000098776580698,-0.000296385108271353,-0.00029114362731028466,-1.2046133189978325,0.23365209775126267,-0.02903877875343013,-365.1731504622997,694.4545125986747,-329.9510408035451,-0.6696786671699388
7.48,-0.004250703259068426,-0.08970883463983628,0.0,-2.0065057146246508,1.0000940694104838,-0.0002963447668946628,-0.00029118106682349677,-1.2046133189978325,0.23365209775126267,-0.02903877875343013,-365.1731504622997,694.4545125986747,-329.9510408035451,-0.6696786671699388
7.5,-0.0040783524191754916,-0.08782314066301142,0.0,-2.0065101957170426,1.0000895071690268,-0.0002963053309429666,-0.0002912171817812419,-1.2046133189978325,0.23365209775126267,-0.02903877875343013,-365.1731504622997,694.4545125986747,-329.9510408035451,-0.6696786671699388
7.5200000000000005,-0.003911325923128692,-0.08601620419672718,0.0,-2.006514471706885,1.0000850856879109,-0.00029626675843827914,-0.0002912520140499475,-1.2041318520531412,0.2331753423507376,-0.02904349029759634,-365.8409201386201,695.294958171223,-330.1237028349207,-0.6696648023177464
7.54,-0.0037496505370970285,-0.08431332870207639,0.0,-2.0065185503571965,1.000080802338286,-0.00029622905027670534,-0.0002912855902162305,-1.2041318520531412,0.2331753423507376,-0.02904349029759634,-365.8409201386201,695.294958171223,-330.1237028349207,-0.6696648023177464
7.5600000000000005,-0.0035933332808456304,-0.08271483453443176,0.0,-2.006522438285547,1.00007665269726,-0.00029619215740132036,-0.00029131796088610373,-1.2041318520531412,0.2331753423507376,-0.02904349029759634,-365.8409201386201,695.294958171223,-330.1237028349207,-0.6696648023177464
7.58,-0.003442353968704206,-0.0812139382035729,0.0,-2.006526141665966,1.000072632596844,-0.00029615603168099084,-0.00029134916971337247,-1.2041318520531412,0.2331753423507376,-0.02904349029759634,-365.8409201386201,695.294958171223,-330.1237028349207,-0.6696648023177464
7.6000000000000005,-0.0032966669744976824,-0.0798027921584761,0.0,-2.0065296664749974,1.0000687380348359,-0.00029612062934593477,-0.00029137925627381893,-1.2041318520531412,0.2331753423507376,-0.02904349029759634,-365.8409201386201,695.294958171223,-330.1237028349207,-0.6696648023177464
7.62,-0.0031562052275742377,-0.07847406065217662,0.0,-2.006533018551623,1.0000649650736437,-0.0002960859101088277,-0.00029140825837816836,-1.2041318520531412,0.2331753423507376,-0.02904349029759634,-365.8409201386201,695.294958171223,-330.1237028349207,-0.6696648023177464
7.640000000000001,-0.0030208842351565277,-0.07722120400604425,0.0,-2.0065362036041,1.0000613098162663,-0.00029605183648924384,-0.0002914362128221216,-1.2041318520531412,0.2331753423507376,-0.02904349029759634,-365.8409201386201,695.294958171223,-330.1237028349207,-0.6696648023177464
7.66,-0.002890605611716864,-0.07603844251795536,0.0,-2.0065392272053,1.000057768410736,-0.0002960183734183058,-0.0002914631555490322,-1.2041318520531412,0.2331753423507376,-0.02904349029759634,-365.8409201386201,695.294958171223,-330.1237028349207,-0.6696648023177464
7.68,-0.0027652600650058274,-0.07492065881634424,0.0,-2.0065420947873407,1.0000543370605228,-0.000295985487969128,-0.00029148912165338135,-1.2041318520531412,0.2331753423507376,-0.02904349029759634,-365.8409201386201,695.294958171223,-330.1237028349207,-0.6696648023177464
7.7,-0.0026447298967402326,-0.07386330076709956,0.0,-2.006544811637757,1.0000510120343078,-0.0002959531491447026,-0.00029151414535475985,-1.2041318520531412,0.2331753423507376,-0.02904349029759634,-365.8409201386201,695.294958171223,-330.1237028349207,-0.6696648023177464
7.72,-0.002528891090768764,-0.07286229726059403,0.0,-2.006547382897358,1.0000477896737694,-0.0002959213276993042,-0.0002915382599747885,-1.2041318520531412,0.2331753423507376,-0.02904349029759634,-365.8409201386201,695.294958171223,-330.1237028349207,-0.6696648023177464
7.74,-0.0024176150549950898,-0.07191398752398459,0.0,-2.006549813559497,1.0000446663994154,-0.0002958899959842349,-0.0002915614979228987,-1.2041318520531412,0.2331753423507376,-0.02904349029759634,-365.8409201386201,695.294958171223,-330.1237028349207,-0.6696648023177464
7.76,-0.0023107700734047235,-0.07101506223382638,0.0,-2.0065521084704354,1.0000416387147697,-0.0002958591278132548,-0.0002915838906905386,-1.2041318520531412,0.2331753423507376,-0.02904349029759634,-365.8409201386201,695.294958171223,-330.1237028349207,-0.6696648023177464
7.78,-0.0022082225153194288,-0.0701625145025796,0.0,-2.0065542723305443,1.0000387032092377,-0.0002958286983445717,-0.00029160546885220187,-1.2041318520531412,0.2331753423507376,-0.02904349029759634,-365.8409201386201,695.294958171223,-330.1237028349207,-0.6696648023177464
7.8,-0.002109837841095972,-0.0693535990237235,0.0,-2.0065563096961245,1.0000358565599201,-0.00029579868397690805,-0.00029162626207174784,-1.2041318520531412,0.2331753423507376,-0.02904349029759634,-365.8409201386201,695.294958171223,-330.1237028349207,-0.6696648023177464
7.82,-0.002015481436948097,-0.06858579795383575,0.0,-2.006558224981686,1.000033095532598,-0.00029576906225763425,-0.00029164629911271545,-1.2041318520531412,0.2331753423507376,-0.02904349029759634,-365.8409201386201,695.294958171223,-330.1237028349207,-0.6696648023177464
7.84,-0.001925019306101946,-0.06785679234337057,0.0,-2.006560022462555,1.000030416982065,-0.00029573981180122986,-0.0002916656078516325,-1.2041318520531412,0.2331753423507376,-0.02904349029759634,-365.8409201386201,695.294958171223,-330.1237028349207,-0.6696648023177464
7.86,-0.0018383186390184686,-0.06716443815276857,0.0,-2.006561706277715,1.0000278178519482,-0.0002957109122166465,-0.00029168421529351,-1.2041318520531412,0.2331753423507376,-0.02904349029759634,-365.8409201386201,695.294958171223,-330.1237028349207,-0.6696648023177464
7.88,-0.0017552482816571239,-0.06650674604747117,0.0,-2.0065632804328017,1.0000252951741275,-0.000295682344042318,-0.0002917021475889217,-1.2041318520531412,0.2331753423507376,-0.02904349029759634,-365.8409201386201,695.294958171223,-330.1237028349207,-0.6696648023177464
7.9,-0.0016756791176903273,-0.06588186432338154,0.0,-2.0065647488031977,1.0000228460678462,-0.0002956540886877966,-0.00029171943005217645,-1.2041318520531412,0.2331753423507376,-0.02904349029759634,-365.8409201386201,695.294958171223,-330.1237028349207,-0.6696648023177464
7.92,-0.0015994843779835316,-0.06528806441524516,0.0,-2.006566115137183,1.000020467738577,-0.00029562612838110274,-0.00029173608718023397,-1.2041318520531412,0.2331753423507376,-0.02904349029759634,-365.8409201386201,695.294958171223,-330.1237028349207,-0.6696648023177464
7.94,-0.0015265398885513839,-0.0647237285519833,0.0,-2.00656738305911,1.000018157476706,-0.00029559844612105476,-0.00029175214267206795,-1.2041318520531412,0.2331753423507376,-0.02904349029759634,-365.8409201386201,695.294958171223,-330.1237028349207,-0.6696648023177464
7.96,-0.0014567242663992858,-0.06418733918617286,0.0,-2.006568556072578,1.000015912656074,-0.00029557102563391074,-0.0002917676194482796,-1.2041318520531412,0.2331753423507376,-0.02904349029759634,-365.8409201386201,695.294958171223,-330.1237028349207,-0.6696648023177464
7.98,-0.0013899190712101661,-0.06367746990511411,0.0,-2.0065696375635866,1.0000137307324106,-0.00029554385133379426,-0.00029178253967078693,-1.2041318520531412,0.2331753423507376,-0.02904349029759634,-365.8409201386201,695.294958171223,-330.1237028349207,-0.6696648023177464
8.0,-0.011326008919576308,-3.7685622034100925,0.0,-2.0065706308036666,1.000011609241692,-0.0002955169082864114,-0.0002917969247624835,-1.2041318520531412,0.2331753423507376,-0.02904349029759634,-365.8409201386201,695.294958171223,-330.1237028349207,-0.6696648023177464
8.02,-0.02021151704195668,-4.507421167042251,0.0,-2.0068614347699647,0.999350861625952,-0.00028695877909511495,-0.0002962385338717922,-1.2017301044998225,0.23079493307833557,-0.029064828578513092,-370.54701500546486,702.868771242972,-332.99638321861363,-0.6746269811065104
8.040000000000001,-0.02680173189730766,-4.045567033112223,0.0,-2.00685423627989,0.9993638642358318,-0.0002883812136645056,-0.0002957027204128568,-1.2017301044998225,0.23079493307833557,-0.029064828578513092,-370.54701500546486,702.868771242972,-332.99638321861363,-0.6746269811065104
8.06,-0.031057632231282113,-3.331496966217019,0.0,-2.006851562917238,0.9993723680707934,-0.000289361595981329,-0.00029553199683744747,-1.2017301044998225,0.23079493307833557,-0.029064828578513092,-370.54701500546486,702.868771242972,-332.99638321861363,-0.6746269811065104
8.08,-0.03335064592066101,-2.654293524319148,0.0,-2.0068435625150043,0.9993841427470856,-0.0002900725245353799,-0.0002954566006594717,-1.2017301044998225,0.23079493307833557,-0.029064828578513092,-370.54701500546486,702.868771242972,-332.99638321861363,-0.6746269811065104
8.1,-0.03410261838745475,-2.0760106605829893,0.0,-2.0068289207932914,0.9994034251734885,-0.00029062871040734116,-0.00029536750023765544,-1.2017301044998225,0.23079493307833557,-0.029064828578513092,-370.54701500546486,702.868771242972,-332.99638321861363,-0.6746269811065104
8.120000000000001,-0.03368576893384796,-1.5971765140301857,0.0,-2.0068091708852505,0.9994296225818288,-0.0002910575546308515,-0.000295241569324779,-1.2017301044998225,0.23079493307833557,-0.029064828578513092,-370.54701500546486,702.868771242972,-332.99638321861363,-0.6746269811065104
8.14,-0.03240680703451394,-1.205008118808253,0.0,-2.0067870026345673,0.9994597801241739,-0.00029137087122269826,-0.0002950888198251096,-1.2017301044998225,0.23079493307833557,-0.029064828578513092,-370.54701500546486,702.868771242972,-332.99638321861363,-0.6746269811065104
8.16,-0.030512510202999145,-0.885639336543212,0.0,-2.006764964098958,0.9994906748681802,-0.000291585274041052,-0.0002949272787839588,-1.2017301044998225,0.23079493307833557,-0.029064828578513092,-370.54701500546486,702.868771242972,-332.99638321861363,-0.6746269811065104
8.18,-0.028199109157476695,-0.6267660502562136,0.0,-2.006744827619299,0.9995198834349931,-0.00029172181626615893,-0.000294772057960148,-1.2017301044998225,0.23079493307833557,-0.029064828578513092,-370.54701500546486,702.868771242972,-332.99638321861363,-0.6746269811065104
8.2,-0.025621195747146237,-0.41796585590461444,0.0,-2.006727524803051,0.9995459980108852,-0.00029180146962546634,-0.00029463251399501763,-1.2017301044998225,0.23079493307833557,-0.029064828578513092,-370.54701500546486,702.868771242972,-332.99638321861363,-0.6746269811065104
8.22,-0.022899350301541773,-0.250517565223055,0.0,-2.006713345818773,0.9995684334658256,-0.0002918420886226714,-0.0002945129356605194,-1.2017301044998225,0.23079493307833557,-0.029064828578513092,-370.54701500546486,702.868771242972,-332.99638321861363,-0.6746269811065104
8.24,-0.0201265013652811,-0.1171492581386388,0.0,-2.0067021812421717,0.9995871419868049,-0.00029185743513358603,-0.00029441415589217287,-1.2017301044998225,0.23079493307833557,-0.029064828578513092,-370.54701500546486,702.868771242972,-332.99638321861363,-0.6746269811065104
8.26,-0.01737318777640287,-0.011806127587829479,0.0,-2.006693712923845,0.9996023742439514,-0.00029185744214552247,-0.00029433500432127685,-1.2017301044998225,0.23079493307833557,-0.029064828578513092,-370.54701500546486,702.868771242972,-332.99638321861363,-0.6746269811065104
8.28,-0.014691899609605994,0.07054786455446417,0.0,-2.0066875381200915,0.9996145182339029,-0.0002918489509618748,-0.0002942733243766575,-1.2017301044998225,0.23079493307833557,-0.029064828578513092,-370.54701500546486,702.868771242972,-332.99638321861363,-0.6746269811065104
8.3,-0.012120651995189654,0.1340966785352447,0.0,-2.0066832406181723,0.9996240038292348,-0.00029183649665381954,-0.0002942265960765248,-1.2017301044998225,0.23079493307833557,-0.029064828578513092,-370.54701500546486,702.868771242972,-332.99638321861363,-0.6746269811065104
8.32,-0.009685921270794177,0.1823119101982065,0.0,-2.006680427202882,0.9996312519762851,-0.00029182297212983986,-0.00029419228203910564,-1.2017301044998225,0.23079493307833557,-0.029064828578513092,-370.54701500546486,702.868771242972,-332.99638321861363,-0.6746269811065104
8.34,-0.0074050514830661645,0.218069920833023,0.0,-2.006678743927374,0.9996366507935809,-0.00029181013436778907,-0.0002941680023163591,-1.2017301044998225,0.23079493307833557,-0.029064828578513092,-370.54701500546486,702.868771242972,-332.99638321861363,-0.6746269811065104
8.36,-0.005288221326341808,0.24375007902670004,0.0,-2.0066778816101545,0.9996405465179081,-0.00029179897006424347,-0.0002941516118764599,-1.2017301044998225,0.23079493307833557,-0.029064828578513092,-370.54701500546486,702.868771242972,-332.99638321861363,-0.6746269811065104
8.38,-0.0033400467019148667,0.2613171684979539,0.0,-2.006677576055086,0.9996432419844585,-0.00029178995231050485,-0.00029414122642520523,-1.2017301044998225,0.23079493307833557,-0.029064828578513092,-370.54701500546486,702.868771242972,-332.99638321861363,-0.6746269811065104
8.4,-0.0015608816666741955,0.272390493471783,0.0,-2.0066776059329565,0.9996449985415581,-0.0002917832183489317,-0.0002941352226277208,-1.2017301044998225,0.23079493307833557,-0.029064828578513092,-370.54701500546486,702.868771242972,-332.99638321861363,-0.6746269811065104
8.42,5.21298341471211e-05,0.27830179405981903,0.0,-2.0066777897542667,0.9996460392693972,-0.0002917786921554353,-0.0002941322265552851,-1.2017301044998225,0.23079493307833557,-0.029064828578513092,-370.54701500546486,702.868771242972,-332.99638321861363,-0.6746269811065104
8.44,0.0015042077440311624,0.28014374444503093,0.0,-2.0066779825422416,0.999646552498621,-0.000291776169050131,-0.0002941310971071239,-1.2017301044998225,0.23079493307833557,-0.029064828578513092,-370.54701500546486,702.868771242972,-332.99638321861363,-0.6746269811065104
8.46,0.002802258761861041,0.27881052731840605,0.0,-2.006678072411011,0.9996466952283655,-0.00029177537421201763,-0.00029413090735345076,-1.2017301044998225,0.23079493307833557,-0.029064828578513092,-370.54701500546486,702.868771242972,-332.99638321861363,-0.6746269811065104
8.48,0.003954337989311438,0.2750317452956852,0.0,-2.0066779770872256,0.9996465963390443,-0.00029177600307807246,-0.0002941309248963333,-1.2017301044998225,0.23079493307833557,-0.029064828578513092,-370.54701500546486,702.868771242972,-332.99638321861363,-0.6746269811065104
8.5,0.004969224173872331,0.2687476426513693,0.0,-2.006677640372157,0.9996463596173751,-0.0002917777489324124,-0.00029413059159807796,-1.2017301044998225,0.23079493307833557,-0.029064828578513092,-370.54701500546486,702.868771242972,-332.99638321861363,-0.6746269811065104
8.52,0.005856278900893704,0.26111927992166223,0.0,-2.0066770285573896,0.9996460666416519,-0.00029178032123488917,-0.0002941295028511715,-1.2029237447912782,0.23197999024876165,-0.0290562454574834,-367.8827710103743,698.4129084811202,-331.20164121835774,-0.6715037476116856
8.540000000000001,0.006625183156540238,0.2527590564167828,0.0,-2.0066761255994257,0.9996457784268834,-0.00029178342977701844,-0.0002941273970023662,-1.2029237447912782,0.23197999024876165,-0.0290562454574834,-367.8827710103743,698.4129084811202,-331.20164121835774,-0.6715037476116856
8.56,0.007285479114774965,0.24398221084645538,0.0,-2.0066749311499494,0.9996455402098026,-0.000291786847941863,-0.00029412410499676426,-1.2029237447912782,0.23197999024876165,-0.0290562454574834,-367.8827710103743,698.4129084811202,-331.20164121835774,-0.6715037476116856
8.58,0.007846358761439997,0.23498317727208767,0.0,-2.0066734574504905,0.9996453832383521,-0.0002917903913051274,-0.00029411955230114034,-1.2029237447912782,0.23197999024876165,-0.0290562454574834,-367.8827710103743,698.4129084811202,-331.20164121835774,-0.6715037476116856
8.6,0.00831657271976883,0.22590029562865857,0.0,-2.0066717259095936,0.9996453270957328,-0.0002917939125841817,-0.0002941137402248517,-1.2029237447912782,0.23197999024876165,-0.0290562454574834,-367.8827710103743,698.4129084811202,-331.20164121835774,-0.6715037476116856
8.620000000000001,0.008704388102452085,0.21683821404877984,0.0,-2.0066697641761135,0.9996453820122747,-0.0002917972984816913,-0.00029410672649960037,-1.2029237447912782,0.23197999024876165,-0.0290562454574834,-367.8827710103743,698.4129084811202,-331.20164121835774,-0.6715037476116856
8.64,0.009017569609646317,0.20787723565034422,0.0,-2.0066676037065276,0.9996455509270324,-0.00029180046589562583,-0.0002940986088605463,-1.2029237447912782,0.23197999024876165,-0.0290562454574834,-367.8827710103743,698.4129084811202,-331.20164121835774,-0.6715037476116856
8.66,0.009263374452687085,0.19907861981434719,0.0,-2.0066652777765173,0.9996458312722075,-0.00029180335769300785,-0.00029408951151804405,-1.2029237447912782,0.23197999024876165,-0.0290562454574834,-367.8827710103743,698.4129084811202,-331.20164121835774,-0.6715037476116856
8.68,0.009448556779300229,0.19048835481039067,0.0,-2.0066628199002325,0.9996462164909097,-0.00029180593843691874,-0.0002940795741330281,-1.2029237447912782,0.23197999024876165,-0.0290562454574834,-367.8827710103743,698.4129084811202,-331.20164121835774,-0.6715037476116856
8.700000000000001,0.009579378969208777,0.18214012132957372,0.0,-2.006660262621099,0.9996466973031525,-0.00029180819032012306,-0.00029406894301990634,-1.2029237447912782,0.23197999024876165,-0.0290562454574834,-367.8827710103743,698.4129084811202,-331.20164121835774,-0.6715037476116856
8.72,0.009661627897631938,0.17405769595082726,0.0,-2.0066576366324784,0.9996472627380986,-0.00029181010945061436,-0.0002940577643398485,-1.2029237447912782,0.23197999024876165,-0.0290562454574834,-367.8827710103743,698.4129084811202,-331.20164121835774,-0.6715037476116856
8.74,0.009700634696979911,0.16625691693859712,0.0,-2.006654970181788,0.9996479009543326,-0.0002918117025654101,-0.00029404617904085995,-1.2029237447912782,0.23197999024876165,-0.0290562454574834,-367.8827710103743,698.4129084811202,-331.20164121835774,-0.6715037476116856
8.76,0.009701296861681875,0.15874729416077799,0.0,-2.0066522887100096,0.9996485998728721,-0.0002918129842023177,-0.00029403431929031834,-1.2029237447912782,0.23197999024876165,-0.0290562454574834,-367.8827710103743,698.4129084811202,-331.20164121835774,-0.6715037476116856
8.78,0.009668101788527221,0.15153332640171263,0.0,-2.0066496146798722,0.9996493476490326,-0.00029181397432672236,-0.0002940223061457536,-1.2029237447912782,0.23197999024876165,-0.0290562454574834,-367.8827710103743,698.4129084811202,-331.20164121835774,-0.6715037476116856
8.8,0.00960515104404741,0.14461557746804038,0.0,-2.0066469675496474,0.9996501330091332,-0.00029181469638815677,-0.0002940102482221155,-1.2029237447912782,0.23197999024876165,-0.0290562454574834,-367.8827710103743,698.4129084811202,-331.20164121835774,-0.6715037476116856
8.82,0.009516184811495146,0.1379915534192292,0.0,-2.00664436385458,0.9996509454766656,-0.00029181517576743805,-0.0002939982411356014,-1.2029237447912782,0.23197999024876165,-0.0290562454574834,-367.8827710103743,698.4129084811202,-331.20164121835774,-0.6715037476116856
8.84,0.009404606100054023,0.13165641591216964,0.0,-2.0066418173637226,0.9996517755103334,-0.0002918154385677535,-0.0002939863675314956,-1.2029237447912782,0.23197999024876165,-0.0290562454574834,-367.8827710103743,698.4129084811202,-331.20164121835774,-0.6715037476116856
8.86,0.009273504403675765,0.12560356060168273,0.0,-2.0066393392857615,0.9996526145736748,-0.0002918155107006227,-0.00029397469753301525,-1.2029237447912782,0.23197999024876165,-0.0290562454574834,-367.8827710103743,698.4129084811202,-331.20164121835774,-0.6715037476116856
8.88,0.009125678580985855,0.11982508453531235,0.0,-2.006636938502891,0.999653455153107,-0.00029181541721870675,-0.00029396328947733664,-1.2029237447912782,0.23197999024876165,-0.0290562454574834,-367.8827710103743,698.4129084811202,-331.20164121835774,-0.6715037476116856
8.9,0.008963658794797562,0.11431216233688503,0.0,-2.0066346218166995,0.9996542907383987,-0.00029181518185075083,-0.0002939521908320753,-1.2029237447912782,0.23197999024876165,-0.0290562454574834,-367.8827710103743,698.4129084811202,-331.20164121835774,-0.6715037476116856
8.92,0.008789727403036436,0.10905534754024843,0.0,-2.0066323941942272,0.999655115776948,-0.000291814826698561,-0.0002939414392095429,-1.2029237447912782,0.23197999024876165,-0.0290562454574834,-367.8827710103743,698.4129084811202,-331.20164121835774,-0.6715037476116856
8.94,0.00860593873486326,0.10404481259107451,0.0,-2.00663025900582,0.9996559256108831,-0.0002918143720611113,-0.0002939310634166731,-1.2029237447912782,0.23197999024876165,-0.0290562454574834,-367.8827710103743,698.4129084811202,-331.20164121835774,-0.6715037476116856
8.96,0.008414137718597569,0.0992705386788793,0.0,-2.0066282182492077,0.9996567164039781,-0.00029181383635614166,-0.0002939210844955649,-1.2029237447912782,0.23197999024876165,-0.0290562454574834,-367.8827710103743,698.4129084811202,-331.20164121835774,-0.6715037476116856
8.98,0.008215977353420004,0.09472246461086971,0.0,-2.006626272756398,0.9996574850636629,-0.00029181323611461335,-0.00029391151672335025,-1.2029237447912782,0.23197999024876165,-0.0290562454574834,-367.8827710103743,698.4129084811202,-331.20164121835774,-0.6715037476116856
9.0,0.008012935036190752,0.09040878846102365,0.0,-2.0066244223816154,0.9996582291620095,-0.000291812586027942,-0.00029390236855090856,-1.2029237447912782,0.23197999024876165,-0.0290562454574834,-367.8827710103743,698.4129084811202,-331.20164121835774,-0.6715037476116856
9.02,0.007806322443850267,0.08630357221458712,0.0,-2.0066226661697297,0.9996589468584512,-0.00029181189903193565,-0.0002938936434682424,-1.2029834991737134,0.23203937025277294,-0.029055871079059593,-367.8614390060063,698.4529295603879,-331.2632285081607,-0.6717379537793493
9.040000000000001,0.0075972990174383945,0.08239091770239185,0.0,-2.006621002576117,0.9996596368921363,-0.0002918111878246892,-0.000293885340237194,-1.2029834991737134,0.23203937025277294,-0.029055871079059593,-367.8614390060063,698.4529295603879,-331.2632285081607,-0.6717379537793493
9.06,0.007386891539905471,0.07866036573282861,0.0,-2.006619429469983,0.9996602983660582,-0.0002918104617680023,-0.00029387745520892167,-1.2029834991737134,0.23203937025277294,-0.029055871079059593,-367.8614390060063,698.4529295603879,-331.2632285081607,-0.6717379537793493
9.08,0.007176008342883059,0.07510333022404755,0.0,-2.0066179442907277,0.9996609307719867,-0.0002918097288557116,-0.0002938699815817459,-1.2029834991737134,0.23203937025277294,-0.029055871079059593,-367.8614390060063,698.4529295603879,-331.2632285081607,-0.6717379537793493
9.1,0.006965450623644364,0.0717118853982184,0.0,-2.0066165441595283,0.999661533928587,-0.00029180899593406385,-0.0002938629101213691,-1.2029834991737134,0.23203937025277294,-0.029055871079059593,-367.8614390060063,698.4529295603879,-331.2632285081607,-0.6717379537793493
9.120000000000001,0.006755922343116636,0.0684784434494003,0.0,-2.0066152259655254,0.9996621079255362,-0.00029180826878765317,-0.0002938562297516212,-1.2029834991737134,0.23203937025277294,-0.029055871079059593,-367.8614390060063,698.4529295603879,-331.2632285081607,-0.6717379537793493
9.14,0.006548039217047626,0.06539568769310658,0.0,-2.0066139864363906,0.9996626530766989,-0.0002918075522366405,-0.0002938499280005686,-1.2029834991737134,0.23203937025277294,-0.029055871079059593,-367.8614390060063,698.4529295603879,-331.2632285081607,-0.6717379537793493
9.16,0.006342336971126408,0.06245656738257009,0.0,-2.0066128221971624,0.9996631698798205,-0.00029180685023940203,-0.00029384399136056575,-1.2029834991737134,0.23203937025277294,-0.029055871079059593,-367.8614390060063,698.4529295603879,-331.2632285081607,-0.6717379537793493
9.18,0.006139278933334248,0.05965430318171217,0.0,-2.0066117298193062,0.9996636589814047,-0.0002918061659921553,-0.0002938384055892643,-1.2029834991737134,0.23203937025277294,-0.029055871079059593,-367.8614390060063,698.4529295603879,-331.2632285081607,-0.6717379537793493
9.200000000000001,0.005939263011430326,0.05698239147567161,0.0,-2.006610705861351,0.9996641211461069,-0.00029180550202218756,-0.00029383315596333406,-1.2029834991737134,0.23203937025277294,-0.029055871079059593,-367.8614390060063,698.4529295603879,-331.2632285081607,-0.6717379537793493
9.22,0.005742628096808894,0.054434605489166586,0.0,-2.0066097469022335,0.9996645572301835,-0.00029180486027360295,-0.0002938282274916973,-1.2029834991737134,0.23203937025277294,-0.029055871079059593,-367.8614390060063,698.4529295603879,-331.2632285081607,-0.6717379537793493
9.24,0.0055496599336118295,0.05200499340251359,0.0,-2.0066088495683467,0.9996649681585954,-0.00029180424218536557,-0.00029382360509348446,-1.2029834991737134,0.23203937025277294,-0.029055871079059593,-367.8614390060063,698.4529295603879,-331.2632285081607,-0.6717379537793493
9.26,0.005360596490413985,0.049687874050424935,0.0,-2.006608010555177,0.9996653549053863,-0.00029180364876177194,-0.0002938192737452208,-1.2029834991737134,0.23203937025277294,-0.029055871079059593,-367.8614390060063,698.4529295603879,-331.2632285081607,-0.6717379537793493
9.28,0.005175632870240337,0.04747783077515118,0.0,-2.006607226644319,0.9996657184769818,-0.0002918030806356651,-0.00029381521860127803,-1.2029834991737134,0.23203937025277294,-0.029055871079059593,-367.8614390060063,698.4529295603879,-331.2632285081607,-0.6717379537793493
9.3,0.004994925793004043,0.04536970391731421,0.0,-2.0066064947165523,0.999666059898073,-0.00029180253812480483,-0.00029381142509120296,-1.2029834991737134,0.23203937025277294,-0.029055871079059593,-367.8614390060063,698.4529295603879,-331.2632285081607,-0.6717379537793493
9.32,0.004818597682691087,0.043358582337598636,0.0,-2.0066058117615926,0.9996663801997793,-0.0002918020212818644,-0.00029380787899714535,-1.2029834991737134,0.23203937025277294,-0.029055871079059593,-367.8614390060063,698.4529295603879,-331.2632285081607,-0.6717379537793493
9.34,0.004646740389801258,0.04143979428462323,0.0,-2.006605174885041,0.9996666804098076,-0.0002918015299385528,-0.0002938045665142402,-1.2029834991737134,0.23203937025277294,-0.029055871079059593,-367.8614390060063,698.4529295603879,-331.2632285081607,-0.6717379537793493
9.36,0.004479418577725695,0.03960889786013774,0.0,-2.0066045813129887,0.9996669615443547,-0.00029180106374436526,-0.0002938014742964602,-1.2029834991737134,0.23203937025277294,-0.029055871079059593,-367.8614390060063,698.4529295603879,-331.2632285081607,-0.6717379537793493
9.38,0.0043166727999260105,0.037861671279530634,0.0,-2.0066040283946713,0.9996672246015229,-0.00029180062220045884,-0.0002937985894901474,-1.2029834991737134,0.23203937025277294,-0.029055871079059593,-367.8614390060063,698.4529295603879,-331.2632285081607,-0.6717379537793493
9.4,0.004158522293004233,0.03619410308279576,0.0,-2.006603513603518,0.9996674705560434,-0.0002918002046891286,-0.0002937958997571513,-1.2029834991737134,0.23203937025277294,-0.029055871079059593,-367.8614390060063,698.4529295603879,-331.2632285081607,-0.6717379537793493
9.42,0.004004967509031335,0.03460238241581484,0.0,-2.0066030345368793,0.999667700355128,-0.0002917998104993364,-0.0002937933932892508,-1.2029834991737134,0.23203937025277294,-0.029055871079059593,-367.8614390060063,698.4529295603879,-331.2632285081607,-0.6717379537793493
9.44,0.003855992408848788,0.03308288947365226,0.0,-2.0066025889146877,0.9996679149152855,-0.0002917994388487138,-0.00029379105881531536,-1.2029834991737134,0.23203937025277294,-0.029055871079059593,-367.8614390060063,698.4529295603879,-331.2632285081607,-0.6717379537793493
9.46,0.003711566536478562,0.0316321861742716,0.0,-2.0066021745772633,0.9996681151199629,-0.00029179908890242945,-0.00029378888560246095,-1.2029834991737134,0.23203937025277294,-0.029055871079059593,-367.8614390060063,698.4529295603879,-331.2632285081607,-0.6717379537793493
9.48,0.003571646893279221,0.030247007112814674,0.0,-2.006601789482442,0.9996683018178848,-0.0002917987597892794,-0.0002937868634522838,-1.2029834991737134,0.23203937025277294,-0.029055871079059593,-367.8614390060063,698.4529295603879,-331.2632285081607,-0.6717379537793493
9.5,0.00343617962907034,0.02892992185042967,0.0,-2.0066014317021796,0.9996684758219843,-0.0002917984506153274,-0.00029378498269310105,-1.2029834991737134,0.23203937025277294,-0.029055871079059593,-367.8614390060063,698.4529295603879,-331.2632285081607,-0.6717379537793493
9.52,0.0033050999054433433,0.027672671751544108,0.0,-2.006601099418763,0.9996686379088285,-0.0002917981604753902,-0.00029378323416899376,-1.2030042620823198,0.23205985148613256,-0.029055589403812712,-367.8760040149614,698.5185573909446,-331.3144337434858,-0.6718803675024967
9.540000000000001,0.003178333151832855,0.026470502699217902,0.0,-2.006600790931059,0.999668788828163,-0.0002917978886682039,-0.0002937816091452932,-1.2030042620823198,0.23205985148613256,-0.029055589403812712,-367.8760040149614,698.5185573909446,-331.3144337434858,-0.6718803675024967
9.56,0.00305579840472535,0.02532050911766889,0.0,-2.00660050463068,0.9996689292808901,-0.00029179763422159814,-0.00029378009953298927,-1.2030042620823198,0.23205985148613256,-0.029055589403812712,-367.8760040149614,698.5185573909446,-331.3144337434858,-0.6718803675024967
9.58,0.0029374100389147634,0.024220407620370577,0.0,-2.006600239004966,0.9996690599332914,-0.00029179739618694913,-0.0002937786976632432,-1.2030042620823198,0.23205985148613256,-0.029055589403812712,-367.8760040149614,698.5185573909446,-331.3144337434858,-0.6718803675024967
9.6,0.002823078745790198,0.023168119337292875,0.0,-2.0065999926344706,0.9996691814170164,-0.0002917971736556756,-0.0002937773962976403,-1.2030042620823198,0.23205985148613256,-0.029055589403812712,-367.8760040149614,698.5185573909446,-331.3144337434858,-0.6718803675024967
9.620000000000001,0.00271271224626472,0.02216165643168106,0.0,-2.0065997641887763,0.9996692943293264,-0.00029179696575519807,-0.00029377618862687496,-1.2030042620823198,0.23205985148613256,-0.029055589403812712,-367.8760040149614,698.5185573909446,-331.3144337434858,-0.6718803675024967
9.64,0.0026062158983911543,0.0211990965260707,0.0,-2.0065995524219664,0.9996693992339996,-0.0002917967716471983,-0.0002937750682563824,-1.2030042620823198,0.23205985148613256,-0.029055589403812712,-367.8760040149614,698.5185573909446,-331.3144337434858,-0.6718803675024967
9.66,0.002503493244224856,0.020278579086231034,0.0,-2.00659935616812,0.9996694966625082,-0.0002917965905273762,-0.00029377402918762216,-1.2030042620823198,0.23205985148613256,-0.029055589403812712,-367.8760040149614,698.5185573909446,-331.3144337434858,-0.6718803675024967
9.68,0.0024044465079369245,0.019398306270393597,0.0,-2.0065991743369294,0.9996695871152901,-0.0002917964216255459,-0.0002937730657984702,-1.2030042620823198,0.23205985148613256,-0.029055589403812712,-367.8760040149614,698.5185573909446,-331.3144337434858,-0.6718803675024967
9.700000000000001,0.002308977049135324,0.018556544055119938,0.0,-2.0065990059094676,0.9996696710630562,-0.00029179626420566314,-0.0002937721728237659,-1.2030042620823198,0.23205985148613256,-0.029055589403812712,-367.8760040149614,698.5185573909446,-331.3144337434858,-0.6718803675024967
9.72,0.0022169857736799975,0.017751622795492125,0.0,-2.006598849934113,0.9996697489481076,-0.000291796117565682,-0.000293771345336321,-1.2030042620823198,0.23205985148613256,-0.029055589403812712,-367.8760040149614,698.5185573909446,-331.3144337434858,-0.6718803675024967
9.74,0.0021283735040938945,0.01698193715760811,0.0,-2.006598705522641,0.9996698211856527,-0.00029179598103722934,-0.0002937705787284955,-1.2030042620823198,0.23205985148613256,-0.029055589403812712,-367.8760040149614,698.5185573909446,-331.3144337434858,-0.6718803675024967
9.76,0.002043041311766296,0.01624594551972125,0.0,-2.0065985718464763,0.9996698881651124,-0.0002917958539851117,-0.00029376986869439033,-1.2030042620823198,0.23205985148613256,-0.029055589403812712,-367.8760040149614,698.5185573909446,-331.3144337434858,-0.6718803675024967
9.78,0.0019608908132425196,0.01554216895395491,0.0,-2.006598448133114,0.9996699502514059,-0.00029179573580667494,-0.00029376921121268806,-1.2030042620823198,0.23205985148613256,-0.029055589403812712,-367.8760040149614,698.5185573909446,-331.3144337434858,-0.6718803675024967
9.8,0.0018818244329457555,0.014869189887268753,0.0,-2.0065983336627053,0.9996700077862137,-0.0002917956259310374,-0.00029376860253016175,-1.2030042620823198,0.23205985148613256,-0.029055589403812712,-367.8760040149614,698.5185573909446,-331.3144337434858,-0.6718803675024967
9.82,0.0018057456346814178,0.014225650523373993,0.0,-2.0065982277648056,0.9996700610892082,-0.0002917955238182182,-0.0002937680391458648,-1.2030042620823198,0.23205985148613256,-0.029055589403812712,-367.8760040149614,698.5185573909446,-331.3144337434858,-0.6718803675024967
9.84,0.0017325591242409325,0.01361025109195942,0.0,-2.0065981298152855,0.9996701104592511,-0.00029179542895818003,-0.00029376751779600866,-1.2030042620823198,0.23205985148613256,-0.029055589403812712,-367.8760040149614,698.5185573909446,-331.3144337434858,-0.6718803675024967
9.86,0.0016621710253600882,0.013021747978892849,0.0,-2.0065980392333986,0.9996701561755531,-0.00029179534086980446,-0.0002937670354395292,-1.2030042620823198,0.23205985148613256,-0.029055589403812712,-367.8760040149614,698.5185573909446,-331.3144337434858,-0.6718803675024967
9.88,0.0015944890312038775,0.012458951780297899,0.0,-2.0065979554790037,0.9996701984987922,-0.0002917952590998171,-0.00029376658924433767,-1.2030042620823198,0.23205985148613256,-0.029055589403812712,-367.8760040149614,698.5185573909446,-331.3144337434858,-0.6718803675024967
9.9,0.001529422533452452,0.011920725314831744,0.0,-2.006597878049938,0.999670237672191,-0.0002917951832216768,-0.00029376617657424827,-1.2030042620823198,0.23205985148613256,-0.029055589403812712,-367.8760040149614,698.5185573909446,-331.3144337434858,-0.6718803675024967
9.92,0.0014668827309556392,0.01140598162125676,0.0,-2.006597806479533,0.9996702739225488,-0.00029179511283444255,-0.0002937657949765703,-1.2030042620823198,0.23205985148613256,-0.029055589403812712,-367.8760040149614,698.5185573909446,-331.3144337434858,-0.6718803675024967
9.94,0.0014067827198111233,0.010913681962687388,0.0,-2.0065977403342745,0.999670307461231,-0.00029179504756163,-0.0002937654421703504,-1.2030042620823198,0.23205985148613256,-0.029055589403812712,-367.8760040149614,698.5185573909446,-331.3144337434858,-0.6718803675024967
9.96,0.0013490375666061524,0.010442833854013827,0.0,-2.006597679211594,0.9996703384851122,-0.0002917949870500669,-0.0002937651160352478,-1.2030042620823198,0.23205985148613256,-0.029055589403812712,-367.8760040149614,698.5185573909446,-331.3144337434858,-0.6718803675024967
9.98,0.0012935643664476635,0.009992489125237664,0.0,-2.006597622737791,0.9996703671774756,-0.0002917949309687567,-0.0002937648146010232,-1.2030042620823198,0.23205985148613256,-0.029055589403812712,-367.8760040149614,698.5185573909446,-331.3144337434858,-0.6718803675024967
10.0,0.0012402822872921437,0.009562125651735684,0.0,-2.0065975705660803,0.9996703937088678,-0.0002917948790077577,-0.0002937645360376208,-1.2030042620823198,0.23205985148613256,-0.029055589403812712,-367.8760040149614,698.5185573909446,-331.3144337434858,-0.6718803675024967
10.02,0.0011891124896378552,0.009150516025711696,0.0,-2.006597522374756,0.99967041823791,-0.00029179483087708345,-0.00029376427864582155,-1.203007585845096,0.23206312350334335,-0.029055537658247515,-367.8793337452596,698.5314063545567,-331.32397854712246,-0.6719059378255702
10.040000000000001,0.0011399781405816388,0.00875670167932531,0.0,-2.0065974778657547,0.9996704409123343,-0.00029179478631128237,-0.00029376404084621456,-1.203007585845096,0.23206312350334335,-0.029055537658247515,-367.8793337452596,698.5314063545567,-331.32397854712246,-0.6719059378255702
10.06,0.0010928045683646565,0.008379877695292984,0.0,-2.0065974367624966,0.9996704618690953,-0.00029179474505505737,-0.0002937638211775433,-1.203007585845096,0.23206312350334335,-0.029055537658247515,-367.8793337452596,698.5314063545567,-331.32397854712246,-0.6719059378255702
10.08,0.001047519306856299,0.008019307730980882,0.0,-2.0065973988085837,0.9996704812354407,-0.0002917947068702704,-0.00029376361828315525,-1.203007585845096,0.23206312350334335,-0.029055537658247515,-367.8793337452596,698.5314063545567,-331.32397854712246,-0.6719059378255702
10.1,0.0010040520889024439,0.007674294390591214,0.0,-2.006597363766435,0.9996704991295388,-0.00029179467153526745,-0.00029376343090450256,-1.203007585845096,0.23206312350334335,-0.029055537658247515,-367.8793337452596,698.5314063545567,-331.32397854712246,-0.6719059378255702
10.120000000000001,0.0009623348220853616,0.007344170446375163,0.0,-2.006597331415971,0.9996705156610717,-0.0002917946388437063,-0.0002937632578747873,-1.203007585845096,0.23206312350334335,-0.029055537658247515,-367.8793337452596,698.5314063545567,-331.32397854712246,-0.6719059378255702
10.14,0.0009223015579889423,0.007028296103178514,0.0,-2.0065973015533727,0.9996705309318064,-0.00029179460860351606,-0.00029376309811268746,-1.203007585845096,0.23206312350334335,-0.029055537658247515,-367.8793337452596,698.5314063545567,-331.32397854712246,-0.6719059378255702
10.16,0.0008838884581466891,0.00672605779490238,0.0,-2.0065972739899225,0.999670545036136,-0.00029179458063596173,-0.00029376295061637775,-1.203007585845096,0.23206312350334335,-0.029055537658247515,-367.8793337452596,698.5314063545567,-331.32397854712246,-0.6719059378255702
10.18,0.0008470337576107917,0.006436867317403665,0.0,-2.0065972485509214,0.9996705580615883,-0.0002917945547747777,-0.00029376281445791326,-1.203007585845096,0.23206312350334335,-0.029055537658247515,-367.8793337452596,698.5314063545567,-331.32397854712246,-0.6719059378255702
10.200000000000001,0.0008116777265183041,0.006160161012077656,0.0,-2.006597225074681,0.9996705700893027,-0.0002917945308653559,-0.0002937626887779796,-1.203007585845096,0.23206312350334335,-0.029055537658247515,-367.8793337452596,698.5314063545567,-331.32397854712246,-0.6719059378255702
10.22,0.000777762629904535,0.00589539894292211,0.0,-2.0065972034115833,0.9996705811944756,-0.00029179450876398207,-0.0002937625727809934,-1.203007585845096,0.23206312350334335,-0.029055537658247515,-367.8793337452596,698.5314063545567,-331.32397854712246,-0.6719059378255702
10.24,0.0007452326859896583,0.005642064062874224,0.0,-2.006597183423208,0.9996705914467782,-0.00029179448833711733,-0.000293762465730533,-1.203007585845096,0.23206312350334335,-0.029055537658247515,-367.8793337452596,698.5314063545567,-331.32397854712246,-0.6719059378255702
10.26,0.0007140340231600701,0.005399661375814079,0.0,-2.0065971649815153,0.9996706009107458,-0.0002917944694607224,-0.0002937623669450797,-1.203007585845096,0.23206312350334335,-0.029055537658247515,-367.8793337452596,698.5314063545567,-331.32397854712246,-0.6719059378255702
10.28,0.0006841146358620711,0.00516771710142474,0.0,-2.006597147968091,0.9996706096461423,-0.00029179445201962204,-0.00029376227579404996,-1.203007585845096,0.23206312350334335,-0.029055537658247515,-367.8793337452596,698.5314063545567,-331.32397854712246,-0.6719059378255702
10.3,0.0006554243396190779,0.004945777849060485,0.0,-2.00659713227344,0.9996706177083001,-0.00029179443590690763,-0.0002937621916941004,-1.203007585845096,0.23206312350334335,-0.029055537658247515,-367.8793337452596,698.5314063545567,-331.32397854712246,-0.6719059378255702
10.32,0.0006279147253745521,0.004733409805477073,0.0,-2.006597117796332,0.9996706251484373,-0.00029179442102337676,-0.0002937621141056886,-1.203007585845096,0.23206312350334335,-0.029055537658247515,-367.8793337452596,698.5314063545567,-331.32397854712246,-0.6719059378255702
10.34,0.0006015391133518263,0.004530197940119635,0.0,-2.006597104443192,0.9996706320139532,-0.00029179440727700667,-0.00029376204252987257,-1.203007585845096,0.23206312350334335,-0.029055537658247515,-367.8793337452596,698.5314063545567,-331.32397854712246,-0.6719059378255702
10.36,0.0005762525066098451,0.004335745230767822,0.0,-2.006597092127535,0.9996706383487044,-0.00029179439458246084,-0.0002937619765053346,-1.203007585845096,0.23206312350334335,-0.029055537658247515,-367.8793337452596,698.5314063545567,-331.32397854712246,-0.6719059378255702
10.38,0.0005520115444607227,0.004149671911512189,0.0,-2.0065970807694407,0.9996706441932612,-0.0002917943828606264,-0.0002937619156056142,-1.203007585845096,0.23206312350334335,-0.029055537658247515,-367.8793337452596,698.5314063545567,-331.32397854712246,-0.6719059378255702
10.4,0.0005287744559017163,0.003971614744461115,0.0,-2.0065970702950646,0.9996706495851471,-0.00029179437203818114,-0.00029376185943653607,-1.203007585845096,0.23206312350334335,-0.029055537658247515,-367.8793337452596,698.5314063545567,-331.32397854712246,-0.6719059378255702
10.42,0.0005065010132007536,0.0038012263160396723,0.0,-2.0065970606361865,0.9996706545590608,-0.000291794362047188,-0.00029376180763382155,-1.203007585845096,0.23206312350334335,-0.029055537658247515,-367.8793337452596,698.5314063545567,-331.32397854712246,-0.6719059378255702
10.44,0.0004851524857615513,0.0036381743583848904,0.0,-2.0065970517297895,0.9996706591470839,-0.0002917943528247163,-0.0002937617598608697,-1.203007585845096,0.23206312350334335,-0.029055537658247515,-367.8793337452596,698.5314063545567,-331.32397854712246,-0.6719059378255702
10.46,0.0004646915943815033,0.0034821410959792257,0.0,-2.0065970435176714,0.9996706633788728,-0.00029179434431248706,-0.00029376171580669795,-1.203007585845096,0.23206312350334335,-0.029055537658247515,-367.8793337452596,698.5314063545567,-331.32397854712246,-0.6719059378255702
10.48,0.0004450824660033161,0.003332822617450384,0.0,-2.0065970359460827,0.9996706672818381,-0.0002917943364565425,-0.00029376167518403056,-1.203007585845096,0.23206312350334335,-0.029055537658247515,-367.8793337452596,698.5314063545567,-331.32397854712246,-0.6719059378255702
10.5,0.00042629058904967824,0.0031899473822011664,0.0,-2.0065970289653907,0.9996706708813103,-0.0002917943292069369,-0.0002937616377275257,-1.203007585845096,0.23206312350334335,-0.029055537658247515,-367.8793337452596,698.5314063545567,-331.32397854712246,-0.6719059378255702
10.52,0.00040828276382324515,0.0030532193356256083,0.0,-2.006597022529771,0.9996706742006948,-0.0002917943225174487,-0.00029376160319213065,-1.20300804539997,0.23206357561863133,-0.029055530218661137,-367.87983658195606,698.5332825986363,-331.32535560782554,-0.6719095911454062
10.540000000000001,0.000391027058896978,0.0029223660512563056,0.0,-2.0065970165969245,0.9996706772616196,-0.0002917943163454213,-0.0002937615713515141,-1.20300804539997,0.23206357561863133,-0.029055530218661137,-367.87983658195606,698.5332825986363,-331.32535560782554,-0.6719095911454062
10.56,0.0003744927757794079,0.0027971325185892184,0.0,-2.0065970111278,0.9996706800840574,-0.00029179431065125397,-0.00029376154199678114,-1.20300804539997,0.23206357561863133,-0.029055530218661137,-367.87983658195606,698.5332825986363,-331.32535560782554,-0.6719095911454062
10.58,0.0003586504093528343,0.0026772764648929585,0.0,-2.0065970060863525,0.9996706826864553,-0.00029179430539832436,-0.0002937615149350516,-1.20300804539997,0.23206357561863133,-0.029055530218661137,-367.87983658195606,698.5332825986363,-331.32535560782554,-0.6719095911454062
10.6,0.0003434716070235582,0.0025625664678579547,0.0,-2.006597001439315,0.9996706850858499,-0.0002917943005527776,-0.000293761489988262,-1.20300804539997,0.23206357561863133,-0.029055530218661137,-367.87983658195606,698.5332825986363,-331.32535560782554,-0.6719095911454062
10.620000000000001,0.0003289291282485858,0.0024527811280222085,0.0,-2.006596997155988,0.9996706872979723,-0.00029179429608331954,-0.0002937614669920517,-1.20300804539997,0.23206357561863133,-0.029055530218661137,-367.87983658195606,698.5332825986363,-331.32535560782554,-0.6719095911454062
10.64,0.00031499680497805644,0.0023477085601987793,0.0,-2.006596993208043,0.9996706893373468,-0.00029179429196102616,-0.0002937614457947247,-1.20300804539997,0.23206357561863133,-0.029055530218661137,-367.87983658195606,698.5332825986363,-331.32535560782554,-0.6719095911454062
10.66,0.00030164950315464205,0.002247145977727403,0.0,-2.006596989569342,0.9996706912173822,-0.0002917942881591676,-0.00029376142625628707,-1.20300804539997,0.23206357561863133,-0.029055530218661137,-367.87983658195606,698.5332825986363,-331.32535560782554,-0.6719095911454062
10.68,0.0002888630852972934,0.0021508993091405968,0.0,-2.00659698621577,0.9996706929504556,-0.0002917942846530449,-0.00029376140824755514,-1.20300804539997,0.23206357561863133,-0.029055530218661137,-367.87983658195606,698.5332825986363,-331.32535560782554,-0.6719095911454062
10.700000000000001,0.00027661437416684123,0.002058782832293386,0.0,-2.0065969831250796,0.9996706945479915,-0.00029179428141983877,-0.00029376139164933066,-1.20300804539997,0.23206357561863133,-0.029055530218661137,-367.87983658195606,698.5332825986363,-331.32535560782554,-0.6719095911454062
10.72,0.0002648811175032269,0.0019706188224684227,0.0,-2.0065969802767483,0.9996706960205335,-0.0002917942784384693,-0.00029376137635163754,-1.20300804539997,0.23206357561863133,-0.029055530218661137,-367.87983658195606,698.5332825986363,-331.32535560782554,-0.6719095911454062
10.74,0.0002536419538216708,0.0018862372136208031,0.0,-2.006596977651846,0.9996706973778116,-0.00029179427568946573,-0.0002937613622530159,-1.20300804539997,0.23206357561863133,-0.029055530218661137,-367.87983658195606,698.5332825986363,-331.32535560782554,-0.6719095911454062
10.76,0.00024287637925387938,0.0018054752724983478,0.0,-2.0065969752329127,0.9996706986288043,-0.0002917942731548458,-0.0002937613492598696,-1.20300804539997,0.23206357561863133,-0.029055530218661137,-367.87983658195606,698.5332825986363,-331.32535560782554,-0.6719095911454062
10.78,0.00023256471541933891,0.0017281772854147027,0.0,-2.006596973003844,0.9996706997817958,-0.00029179427081800404,-0.00029376133728586256,-1.20300804539997,0.23206357561863133,-0.029055530218661137,-367.87983658195606,698.5332825986363,-331.32535560782554,-0.6719095911454062
10.8,0.0002226880783108022,0.0016541942574362287,0.0,-2.006596970949789,0.9996707008444292,-0.00029179426866360775,-0.000293761326251361,-1.20300804539997,0.23206357561863133,-0.029055530218661137,-367.87983658195606,698.5332825986363,-331.32535560782554,-0.6719095911454062
10.82,0.0002132283481771409,0.0015833836236985145,0.0,-2.006596969057052,0.9996707018237555,-0.0002917942666775013,-0.00029376131608291795,-1.20300804539997,0.23206357561863133,-0.029055530218661137,-367.87983658195606,698.5332825986363,-331.32535560782554,-0.6719095911454062
10.84,0.00020416814038583595,0.0015156089725248234,0.0,-2.0065969673130035,0.999670702726279,-0.00029179426484661703,-0.0002937613067127966,-1.20300804539997,0.23206357561863133,-0.029055530218661137,-367.87983658195606,698.5332825986363,-331.32535560782554,-0.6719095911454062
10.86,0.00019549077724659197,0.0014507397800098483,0.0,-2.0065969657059983,0.9996707035579995,-0.0002917942631588927,-0.0002937612980785302,-1.20300804539997,0.23206357561863133,-0.029055530218661137,-367.87983658195606,698.5332825986363,-331.32535560782554,-0.6719095911454062
10.88,0.00018718026077679193,0.0013886511556949316,0.0,-2.006596964225299,0.9996707043244506,-0.00029179426160319533,-0.00029376129012251517,-1.20300804539997,0.23206357561863133,-0.029055530218661137,-367.87983658195606,698.5332825986363,-331.32535560782554,-0.6719095911454062
10.9,0.00017922124638887745,0.0013292235989653509,0.0,-2.006596962861006,0.9996707050307361,-0.0002917942601692506,-0.00029376128279163556,-1.20300804539997,0.23206357561863133,-0.029055530218661137,-367.87983658195606,698.5332825986363,-331.32535560782554,-0.6719095911454062
10.92,0.0001715990174791586,0.0012723427657824135,0.0,-2.006596961603992,0.9996707056815627,-0.0002917942588475774,-0.0002937612760369158,-1.20300804539997,0.23206357561863133,-0.029055530218661137,-367.87983658195606,698.5332825986363,-331.32535560782554,-0.6719095911454062
10.94,0.00016429946089711422,0.0012178992453765825,0.0,-2.006596960445843,0.9996707062812709,-0.0002917942576294272,-0.0002937612698132003,-1.20300804539997,0.23206357561863133,-0.029055530218661137,-367.87983658195606,698.5332825986363,-331.32535560782554,-0.6719095911454062
10.96,0.00015730904327383849,0.0011657883465134712,0.0,-2.006596959378802,0.9996707068338632,-0.00029179425650672835,-0.0002937612640788575,-1.20300804539997,0.23206357561863133,-0.029055530218661137,-367.87983658195606,698.5332825986363,-331.32535560782554,-0.6719095911454062
10.98,0.00015061478818801868,0.0011159098929628987,0.0,-2.0065969583957184,0.9996707073430301,-0.0002917942554720342,-0.0002937612587955067,-1.20300804539997,0.23206357561863133,-0.029055530218661137,-367.87983658195606,698.5332825986363,-331.32535560782554,-0.6719095911454062
11.0,0.00014420425414760695,0.001068168889960007,0.0,-2.006596957490001,0.9996707078121744,-0.0002917942545184751,-0.00029376125392776556,-1.20300804539997,0.23206357561863133,-0.029055530218661137,-367.87983658195606,698.5332825986363,-331.32535560782554,-0.6719095911454062
11.02,0.0001380655131127713,0.0010224727960928455,0.0,-2.0065969566555744,0.9996707082444334,-0.00029179425363971427,-0.00029376124944301737,-1.20300810574925,0.23206363497842655,-0.029055529229176428,-367.87990448532486,698.5335333802333,-331.32553897100695,-0.6719100760986358
11.040000000000001,0.00013218713002810908,0.0009787335424237679,0.0,-2.0065969558868386,0.9996707086426996,-0.0002917942528299088,-0.00029376124531119537,-1.20300810574925,0.23206363497842655,-0.029055529229176428,-367.87990448532486,698.5335333802333,-331.32553897100695,-0.6719100760986358
11.06,0.0001265581434423914,0.0009368671044777386,0.0,-2.0065969551786322,0.9996707090096395,-0.0002917942520836672,-0.00029376124150458653,-1.20300810574925,0.23206363497842655,-0.029055529229176428,-367.87990448532486,698.5335333802333,-331.32553897100695,-0.6719100760986358
11.08,0.0001211680466274115,0.0008967931500825727,0.0,-2.006596954526198,0.9996707093477112,-0.0002917942513960172,-0.00029376123799764646,-1.20300810574925,0.23206363497842655,-0.029055529229176428,-367.87990448532486,698.5335333802333,-331.32553897100695,-0.6719100760986358
11.1,0.00011600676930508058,0.0008584348194202633,0.0,-2.006596953925152,0.9996707096591806,-0.00029179425076237354,-0.00029376123476683083,-1.20300810574925,0.23206363497842655,-0.029055529229176428,-367.87990448532486,698.5335333802333,-331.32553897100695,-0.6719100760986358
11.120000000000001,0.00011106466003481309,0.000821718558815869,0.0,-2.006596953371453,0.9996707099461363,-0.0002917942501785081,-0.0002937612317904396,-1.20300810574925,0.23206363497842655,-0.029055529229176428,-367.87990448532486,698.5335333802333,-331.32553897100695,-0.6719100760986358
11.14,0.00010633246926297674,0.0007865739745494545,0.0,-2.006596952861378,0.9996707102105036,-0.0002917942496405223,-0.0002937612290484733,-1.20300810574925,0.23206363497842655,-0.029055529229176428,-367.87990448532486,698.5335333802333,-331.32553897100695,-0.6719100760986358
11.16,0.00010180133301875465,0.0007529336962254726,0.0,-2.006596952391495,0.9996707104540571,-0.00029179424914482126,-0.00029376122652250016,-1.20300810574925,0.23206363497842655,-0.029055529229176428,-367.87990448532486,698.5335333802333,-331.32553897100695,-0.6719100760986358
11.18,9.746275723620593e-05,0.0007207332467385904,0.0,-2.006596951958642,0.9996707106784323,-0.0002917942486880908,-0.0002937612241955339,-1.20300810574925,0.23206363497842655,-0.029055529229176428,-367.87990448532486,698.5335333802333,-331.32553897100695,-0.6719100760986358
11.200000000000001,9.330860268152213e-05,0.0006899109179306118,0.0,-2.006596951559905,0.9996707108851365,-0.0002917942482672753,-0.00029376122205192087,-1.20300810574925,0.23206363497842655,-0.029055529229176428,-367.87990448532486,698.5335333802333,-331.32553897100695,-0.6719100760986358
11.22,8.933107046471569e-05,0.0006604076515676022,0.0,-2.006596951192599,0.9996707110755589,-0.00029179424787955776,-0.00029376122007723565,-1.20300810574925,0.23206363497842655,-0.029055529229176428,-367.87990448532486,698.5335333802333,-331.32553897100695,-0.6719100760986358
11.24,8.552268811543464e-05,0.0006321669253901589,0.0,-2.006596950854249,0.99967071125098,-0.00029179424752234133,-0.0002937612182581852,-1.20300810574925,0.23206363497842655,-0.029055529229176428,-367.87990448532486,698.5335333802333,-331.32553897100695,-0.6719100760986358
11.26,8.187629620313305e-05,0.0006051346440314976,0.0,-2.0065969505425763,0.9996707114125795,-0.00029179424719323214,-0.0002937612165825202,-1.20300810574925,0.23206363497842655,-0.029055529229176428,-367.87990448532486,698.5335333802333,-331.32553897100695,-0.6719100760986358
11.28,7.838503548234275e-05,0.0005792590346013519,0.0,-2.006596950255479,0.9996707115614448,-0.0002917942468900235,-0.0002937612150389535,-1.20300810574925,0.23206363497842655,-0.029055529229176428,-367.87990448532486,698.5335333802333,-331.32553897100695,-0.6719100760986358
11.3,7.504233454432646e-05,0.0005544905467466195,0.0,-2.006596949991022,0.9996707116985779,-0.0002917942466106815,-0.0002937612136170846,-1.20300810574925,0.23206363497842655,-0.029055529229176428,-367.87990448532486,698.5335333802333,-331.32553897100695,-0.6719100760986358
11.32,7.184189795691495e-05,0.0005307817570042152,0.0,-2.0065969497474216,0.9996707118249021,-0.0002917942463533313,-0.0002937612123073303,-1.20300810574925,0.23206363497842655,-0.029055529229176428,-367.87990448532486,698.5335333802333,-331.32553897100695,-0.6719100760986358
11.34,6.877769487484234e-05,0.0005080872772652609,0.0,-2.0065969495230354,0.9996707119412682,-0.00029179424611624496,-0.0002937612111008607,-1.20300810574925,0.23206363497842655,-0.029055529229176428,-367.87990448532486,698.5335333802333,-331.32553897100695,-0.6719100760986358
11.36,6.584394810341674e-05,0.0004863636671812256,0.0,-2.0065969493163487,0.9996707120484601,-0.0002917942458978299,-0.00029376120998954005,-1.20300810574925,0.23206363497842655,-0.029055529229176428,-367.87990448532486,698.5335333802333,-331.32553897100695,-0.6719100760986358
11.38,6.303512359885969e-05,0.00046556935034277035,0.0,-2.0065969491259668,0.9996707121472004,-0.0002917942456966183,-0.00029376120896587235,-1.20300810574925,0.23206363497842655,-0.029055529229176428,-367.87990448532486,698.5335333802333,-331.32553897100695,-0.6719100760986358
11.4,6.0345920389156354e-05,0.00044566453407304384,0.0,-2.006596948950605,0.9996707122381544,-0.0002917942455112575,-0.0002937612080229513,-1.20300810574925,0.23206363497842655,-0.029055529229176428,-367.87990448532486,698.5335333802333,-331.32553897100695,-0.6719100760986358
11.42,5.777126089974556e-05,0.0004266111326792923,0.0,-2.006596948789079,0.9996707123219356,-0.00029179424534050085,-0.00029376120715441387,-1.20300810574925,0.23206363497842655,-0.029055529229176428,-367.87990448532486,698.5335333802333,-331.32553897100695,-0.6719100760986358
11.44,5.530628166887513e-05,0.0004083726940175723,0.0,-2.0065969486402984,0.999670712399109,-0.00029179424518319954,-0.0002937612063543977,-1.20300810574925,0.23206363497842655,-0.029055529229176428,-367.87990448532486,698.5335333802333,-331.32553897100695,-0.6719100760986358
11.46,5.294632443791897e-05,0.0003909143292258861,0.0,-2.006596948503258,0.9996707124701951,-0.0002917942450382949,-0.0002937612056175017,-1.20300810574925,0.23206363497842655,-0.029055529229176428,-367.87990448532486,698.5335333802333,-331.32553897100695,-0.6719100760986358
11.48,5.068692760243055e-05,0.00037420264549104334,0.0,-2.0065969483770325,0.9996707125356737,-0.0002917942449048114,-0.0002937612049387502,-1.20300810574925,0.23206363497842655,-0.029055529229176428,-367.87990448532486,698.5335333802333,-331.32553897100695,-0.6719100760986358
11.5,4.852381801016522e-05,0.00035820571930766476,0.0,-2.006596948260769,0.9996707125959867,-0.00029179424478185007,-0.000293761204313559,-1.20300810574925,0.23206363497842655,-0.029055529229176428,-367.87990448532486,698.5335333802333,-331.32553897100695,-0.6719100760986358
11.52,4.645290308175797e-05,0.00034289292413205313,0.0,-2.006596948153682,0.9996707126515413,-0.00029179424466858255,-0.000293761203737705,-1.2030081135287063,0.23206364262978976,-0.0290555291010834,-367.8799133198475,698.5335658985898,-331.3255627175807,-0.6719101388384735
11.540000000000001,4.447026326255599e-05,0.0003282349673462291,0.0,-2.006596948055047,0.9996707127027125,-0.00029179424456424565,-0.0002937612032072977,-1.2030081135287063,0.23206364262978976,-0.0290555291010834,-367.8799133198475,698.5335658985898,-331.3255627175807,-0.6719101388384735
11.56,4.257214479754884e-05,0.0003142038227054716,0.0,-2.006596947964198,0.9996707127498458,-0.00029179424446813606,-0.00029376120271875294,-1.2030081135287063,0.23206364262978976,-0.0290555291010834,-367.8799133198475,698.5335658985898,-331.3255627175807,-0.6719101388384735
11.58,4.0754952792688276e-05,0.0003007726682023256,0.0,-2.0065969478805203,0.9996707127932597,-0.00029179424437960575,-0.00029376120226876903,-1.2030081135287063,0.23206364262978976,-0.0290555291010834,-367.8799133198475,698.5335658985898,-331.3255627175807,-0.6719101388384735
11.6,3.9015244556726193e-05,0.0002879158317136073,0.0,-2.0065969478034487,0.9996707128332474,-0.00029179424429805765,-0.00029376120185430434,-1.2030081135287063,0.23206364262978976,-0.0290555291010834,-367.8799133198475,698.5335658985898,-331.3255627175807,-0.6719101388384735
11.620000000000001,3.7349723215600706e-05,0.0002756087409184825,0.0,-2.0065969477324614,0.9996707128700791,-0.00029179424422294173,-0.000293761201472557,-1.2030081135287063,0.23206364262978976,-0.0290555291010834,-367.8799133198475,698.5335658985898,-331.3255627175807,-0.6719101388384735
11.64,3.5755231589597453e-05,0.0002638278759344947,0.0,-2.0065969476670786,0.9996707129040038,-0.0002917942441537511,-0.0002937612011209458,-1.2030081135287063,0.23206364262978976,-0.0290555291010834,-367.8799133198475,698.5335658985898,-331.3255627175807,-0.6719101388384735
11.66,3.422874632312321e-05,0.0002525507241340981,0.0,-2.0065969476068584,0.9996707129352507,-0.0002917942440900188,-0.0002937612007970932,-1.2030081135287063,0.23206364262978976,-0.0290555291010834,-367.8799133198475,698.5335658985898,-331.3255627175807,-0.6719101388384735
11.68,3.276737225709607e-05,0.00024175573693747477,0.0,-2.006596947551393,0.9996707129640311,-0.0002917942440313147,-0.00029376120049880893,-1.2030081135287063,0.23206364262978976,-0.0290555291010834,-367.8799133198475,698.5335658985898,-331.3255627175807,-0.6719101388384735
11.700000000000001,3.1368337034267535e-05,0.00023142228846781174,0.0,-2.006596947500307,0.9996707129905396,-0.0002917942439772424,-0.00029376120022407535,-1.2030081135287063,0.23206364262978976,-0.0290555291010834,-367.8799133198475,698.5335658985898,-331.3255627175807,-0.6719101388384735
11.72,3.002898592814345e-05,0.00022153063598381433,0.0,-2.006596947453255,0.9996707130149552,-0.00029179424392743674,-0.00029376119997103406,-1.2030081135287063,0.23206364262978976,-0.0290555291010834,-367.8799133198475,698.5335658985898,-331.3255627175807,-0.6719101388384735
11.74,2.874677688651481e-05,0.0002120618820109412,0.0,-2.0065969474099186,0.9996707130374434,-0.0002917942438815614,-0.0002937611997379731,-1.2030081135287063,0.23206364262978976,-0.0290555291010834,-367.8799133198475,698.5335658985898,-331.3255627175807,-0.6719101388384735
11.76,2.7519275780952045e-05,0.00020299793809975294,0.0,-2.0065969473700043,0.999670713058156,-0.0002917942438393064,-0.00029376119952331553,-1.2030081135287063,0.23206364262978976,-0.0290555291010834,-367.8799133198475,698.5335658985898,-331.3255627175807,-0.6719101388384735
11.78,2.6344151853940013e-05,0.000194321490140302,0.0,-2.006596947333242,0.9996707130772332,-0.00029179424380038624,-0.0002937611993256088,-1.2030081135287063,0.23206364262978976,-0.0290555291010834,-367.8799133198475,698.5335658985898,-331.3255627175807,-0.6719101388384735
11.8,2.5219173355650337e-05,0.00018601596516642127,0.0,-2.0065969472993834,0.9996707130948042,-0.00029179424376453797,-0.0002937611991435149,-1.2030081135287063,0.23206364262978976,-0.0290555291010834,-367.8799133198475,698.5335658985898,-331.3255627175807,-0.6719101388384735
11.82,2.414220336265406e-05,0.0001780654995860298,0.0,-2.006596947268199,0.9996707131109877,-0.00029179424373151924,-0.0002937611989758014,-1.2030081135287063,0.23206364262978976,-0.0290555291010834,-367.8799133198475,698.5335658985898,-331.3255627175807,-0.6719101388384735
11.84,2.311119577117163e-05,0.00017045490877550377,0.0,-2.0065969472394776,0.9996707131258932,-0.0002917942437011069,-0.0002937611988213331,-1.2030081135287063,0.23206364262978976,-0.0290555291010834,-367.8799133198475,698.5335658985898,-331.3255627175807,-0.6719101388384735
11.86,2.212419145774678e-05,0.00016316965798055227,0.0,-2.0065969472130245,0.9996707131396216,-0.0002917942436730953,-0.0002937611986790644,-1.2030081135287063,0.23206364262978976,-0.0290555291010834,-367.8799133198475,698.5335658985898,-331.3255627175807,-0.6719101388384735
11.88,2.1179314600503294e-05,0.00015619583446642375,0.0,-2.006596947188661,0.999670713152266,-0.0002917942436472951,-0.00029376119854803204,-1.2030081135287063,0.23206364262978976,-0.0290555291010834,-367.8799133198475,698.5335658985898,-331.3255627175807,-0.6719101388384735
11.9,2.0274769154412883e-05,0.00014952012086436075,0.0,-2.0065969471662215,0.9996707131639117,-0.0002917942436235318,-0.00029376119842734896,-1.2030081135287063,0.23206364262978976,-0.0290555291010834,-367.8799133198475,698.5335658985898,-331.3255627175807,-0.6719101388384735
11.92,1.940883547425699e-05,0.00014312976966210966,0.0,-2.0065969471455545,0.9996707131746376,-0.0002917942436016446,-0.00029376119831619796,-1.2030081135287063,0.23206364262978976,-0.0290555291010834,-367.8799133198475,698.5335658985898,-331.3255627175807,-0.6719101388384735
11.94,1.8579867079216664e-05,0.0001370125787902159,0.0,-2.00659694712652,0.9996707131845165,-0.00029179424358148555,-0.0002937611982138264,-1.2030081135287063,0.23206364262978976,-0.0290555291010834,-367.8799133198475,698.5335658985898,-331.3255627175807,-0.6719101388384735
11.96,1.778628755326061e-05,0.00013115686825604373,0.0,-2.006596947108989,0.9996707131936151,-0.0002917942435629182,-0.00029376119811954103,-1.2030081135287063,0.23206364262978976,-0.0290555291010834,-367.8799133198475,698.5335658985898,-331.3255627175807,-0.6719101388384735
11.98,1.7026587575734486e-05,0.0001255514577809966,0.0,-2.0065969470928433,0.9996707132019951,-0.000291794243545817,-0.0002937611980327033,-1.2030081135287063,0.23206364262978976,-0.0290555291010834,-367.8799133198475,698.5335658985898,-331.3255627175807,-0.6719101388384735
12.0,1.6299322076774682e-05,0.00012018564701730364,0.0,-2.006596947077973,0.9996707132097131,-0.0002917942435300662,-0.00029376119795272514,-1.2030081135287063,0.23206364262978976,-0.0290555291010834,-367.8799133198475,698.5335658985898,-331.3255627175807,-0.6719101388384735
12.02,1.5603107511912055e-05,0.00011504919028854937,0.0,-2.0065969470642773,0.9996707132168215,-0.0002917942435155592,-0.00029376119787906477,-1.2030081145251383,0.23206364360979176,-0.02905552908465348,-367.87991445489877,698.5335700718739,-331.3255657638593,-0.671910146884181
12.040000000000001,1.4936619251830157e-05,0.00011013228111561689,0.0,-2.0065969470516634,0.9996707132233685,-0.0002917942435021978,-0.00029376119781122326,-1.2030081145251383,0.23206364360979176,-0.02905552908465348,-367.87991445489877,698.5335700718739,-331.3255657638593,-0.671910146884181
12.06,1.4298589082710278e-05,0.00010542553296959207,0.0,-2.006596947040046,0.9996707132293983,-0.0002917942434898916,-0.00029376119774874107,-1.2030081145251383,0.23206364360979176,-0.02905552908465348,-367.87991445489877,698.5335700718739,-331.3255657638593,-0.671910146884181
12.08,1.3687802811532128e-05,0.00010091996095801367,0.0,-2.0065969470293465,0.9996707132349517,-0.0002917942434785573,-0.0002937611976911949,-1.2030081145251383,0.23206364360979176,-0.02905552908465348,-367.87991445489877,698.5335700718739,-331.3255657638593,-0.671910146884181
12.1,1.310309797219604e-05,9.660696451692659e-05,0.0,-2.006596947019492,0.9996707132400665,-0.0002917942434681182,-0.00029376119763819495,-1.2030081145251383,0.23206364360979176,-0.02905552908465348,-367.87991445489877,698.5335700718739,-331.3255657638593,-0.671910146884181
12.120000000000001,1.2543361628399768e-05,9.247831092805539e-05,0.0,-2.0065969470104164,0.9996707132447772,-0.0002917942434585036,-0.0002937611975893821,-1.2030081145251383,0.23206364360979176,-0.02905552908465348,-367.87991445489877,698.5335700718739,-331.3255657638593,-0.671910146884181
12.14,1.2007528269279897e-05,8.852611956694184e-05,0.0,-2.0065969470020577,0.9996707132491157,-0.00029179424344964836,-0.0002937611975444256,-1.2030081145251383,0.23206364360979176,-0.02905552908465348,-367.87991445489877,698.5335700718739,-331.3255657638593,-0.671910146884181
12.16,1.1494577793956987e-05,8.474284683218807e-05,0.0,-2.0065969469943594,0.9996707132531115,-0.00029179424344149256,-0.0002937611975030209,-1.2030081145251383,0.23206364360979176,-0.02905552908465348,-367.87991445489877,698.5335700718739,-331.3255657638593,-0.671910146884181
12.18,1.10035335812738e-05,8.112127172226011e-05,0.0,-2.0065969469872695,0.9996707132567917,-0.000291794243433981,-0.0002937611974648874,-1.2030081145251383,0.23206364360979176,-0.02905552908465348,-367.87991445489877,698.5335700718739,-331.3255657638593,-0.671910146884181
12.200000000000001,1.0533460641163408e-05,7.7654482030354e-05,0.0,-2.0065969469807396,0.9996707132601811,-0.00029179424342706275,-0.00029376119742976673,-1.2030081145251383,0.23206364360979176,-0.02905552908465348,-367.87991445489877,698.5335700718739,-331.3255657638593,-0.671910146884181
12.22,1.0083463844230723e-05,7.433586113086746e-05,0.0,-2.006596946974726,0.9996707132633027,-0.000291794243420691,-0.00029376119739742086,-1.2030081145251383,0.23206364360979176,-0.02905552908465348,-367.87991445489877,698.5335700718739,-331.3255657638593,-0.671910146884181
12.24,9.652686226269737e-06,7.115907533171431e-05,0.0,-2.006596946969187,0.9996707132661777,-0.00029179424341482254,-0.0002937611973676306,-1.2030081145251383,0.23206364360979176,-0.02905552908465348,-367.87991445489877,698.5335700718739,-331.3255657638593,-0.671910146884181
12.26,9.240307364574987e-06,6.811806176862108e-05,0.0,-2.006596946964086,0.9996707132688256,-0.0002917942434094177,-0.0002937611973401941,-1.2030081145251383,0.23206364360979176,-0.02905552908465348,-367.87991445489877,698.5335700718739,-331.3255657638593,-0.671910146884181
12.280000000000001,8.845541823033552e-06,6.520701681776514e-05,0.0,-2.006596946959388,0.9996707132712643,-0.0002917942434044398,-0.00029376119731492543,-1.2030081145251383,0.23206364360979176,-0.02905552908465348,-367.87991445489877,698.5335700718739,-331.3255657638593,-0.671910146884181
12.3,8.467637663109214e-06,6.242038500478447e-05,0.0,-2.006596946959388,0.9996707132712643,-0.0002917942434044398,-0.00029376119731492543,-1.2030081145251383,0.23206364360979176,-0.02905552908465348,-367.87991445489877,698.5335700718739,-331.3255657638593,-0.671910146884181
12.32,8.105875017948702e-06,5.9752848388593406e-05,0.0,-2.006596946959388,0.9996707132712643,-0.0002917942434044398,-0.00029376119731492543,-1.2030081145251383,0.23206364360979176,-0.02905552908465348,-367.87991445489877,698.5335700718739,-331.3255657638593,-0.671910146884181
12.34,7.759564726955721e-06,5.7199316400026234e-05,0.0,-2.006596946959388,0.9996707132712643,-0.0002917942434044398,-0.00029376119731492543,-1.2030081145251383,0.23206364360979176,-0.02905552908465348,-367.87991445489877,698.5335700718739,-331.3255657638593,-0.671910146884181
12.36,7.4280470282871355e-06,5.4754916115441094e-05,0.0,-2.006596946959388,0.9996707132712643,-0.0002917942434044398,-0.00029376119731492543,-1.2030081145251383,0.23206364360979176,-0.02905552908465348,-367.87991445489877,698.5335700718739,-331.3255657638593,-0.671910146884181
12.38,7.110690306831974e-06,5.241498294681386e-05,0.0,-2.006596946959388,0.9996707132712643,-0.0002917942434044398,-0.00029376119731492543,-1.2030081145251383,0.23206364360979176,-0.02905552908465348,-367.87991445489877,698.5335700718739,-331.3255657638593,-0.671910146884181
12.4,6.8068898953351086e-06,5.01750517304759e-05,0.0,-2.006596946959388,0.9996707132712643,-0.0002917942434044398,-0.00029376119731492543,-1.2030081145251383,0.23206364360979176,-0.02905552908465348,-367.87991445489877,698.5335700718739,-331.3255657638593,-0.671910146884181
12.42,6.516066926424109e-06,4.8030848197211244e-05,0.0,-2.006596946959388,0.9996707132712643,-0.0002917942434044398,-0.00029376119731492543,-1.2030081145251383,0.23206364360979176,-0.02905552908465348,-367.87991445489877,698.5335700718739,-331.3255657638593,-0.671910146884181
12.44,6.2376672333920785e-06,4.5978280807677904e-05,0.0,-2.006596946959388,0.9996707132712643,-0.0002917942434044398,-0.00029376119731492543,-1.2030081145251383,0.23206364360979176,-0.02905552908465348,-367.87991445489877,698.5335700718739,-331.3255657638593,-0.671910146884181
12.46,5.971160297677696e-06,4.401343293719816e-05,0.0,-2.006596946959388,0.9996707132712643,-0.0002917942434044398,-0.00029376119731492543,-1.2030081145251383,0.23206364360979176,-0.02905552908465348,-367.87991445489877,698.5335700718739,-331.3255657638593,-0.671910146884181
12.48,5.716038241070332e-06,4.2132555395135165e-05,0.0,-2.006596946959388,0.9996707132712643,-0.0002917942434044398,-0.00029376119731492543,-1.2030081145251383,0.23206364360979176,-0.02905552908465348,-367.87991445489877,698.5335700718739,-331.3255657638593,-0.671910146884181
12.5,5.471814860749765e-06,4.033205931671259e-05,0.0,-2.006596946959388,0.9996707132712643,-0.0002917942434044398,-0.00029376119731492543,-1.2030081145251383,0.23206364360979176,-0.02905552908465348,-367.87991445489877,698.5335700718739,-331.3255657638593,-0.671910146884181
12.52,5.238024705334554e-06,3.8608509154636476e-05,0.0,-2.006596946959388,0.9996707132712643,-0.0002917942434044398,-0.00029376119731492543,-1.2030081146210638,0.23206364370413496,-0.029055529083071102,-367.87991456427284,698.533570473876,-331.32556605726194,-0.6719101476590235
12.540000000000001,5.014222190233164e-06,3.695861625194202e-05,0.0,-2.006596946959388,0.9996707132712643,-0.0002917942434044398,-0.00029376119731492543,-1.2030081146210638,0.23206364370413496,-0.029055529083071102,-367.87991456427284,698.533570473876,-331.32556605726194,-0.6719101476590235
12.56,4.799980750641533e-06,3.537923254644422e-05,0.0,-2.006596946959388,0.9996707132712643,-0.0002917942434044398,-0.00029376119731492543,-1.2030081146210638,0.23206364370413496,-0.029055529083071102,-367.87991456427284,698.533570473876,-331.32556605726194,-0.6719101476590235
12.58,4.594892030559381e-06,3.386734454797087e-05,0.0,-2.006596946959388,0.9996707132712643,-0.0002917942434044398,-0.00029376119731492543,-1.2030081146210638,0.23206364370413496,-0.029055529083071102,-367.87991456427284,698.533570473876,-331.32556605726194,-0.6719101476590235
12.6,4.398565106307492e-06,3.242006758052725e-05,0.0,-2.006596946959388,0.9996707132712643,-0.0002917942434044398,-0.00029376119731492543,-1.2030081146210638,0.23206364370413496,-0.029055529083071102,-367.87991456427284,698.533570473876,-331.32556605726194,-0.6719101476590235
12.620000000000001,4.210625743088067e-06,3.103464027341965e-05,0.0,-2.006596946959388,0.9996707132712643,-0.0002917942434044398,-0.00029376119731492543,-1.2030081146210638,0.23206364370413496,-0.029055529083071102,-367.87991456427284,698.533570473876,-331.32556605726194,-0.6719101476590235
12.64,4.03071568318914e-06,2.9708419288899323e-05,0.0,-2.006596946959388,0.9996707132712643,-0.0002917942434044398,-0.00029376119731492543,-1.2030081146210638,0.23206364370413496,-0.029055529083071102,-367.87991456427284,698.533570473876,-331.32556605726194,-0.6719101476590235
12.66,3.858491964491378e-06,2.8438874275470502e-05,0.0,-2.006596946959388,0.9996707132712643,-0.0002917942434044398,-0.00029376119731492543,-1.2030081146210638,0.23206364370413496,-0.029055529083071102,-367.87991456427284,698.533570473876,-331.32556605726194,-0.6719101476590235
12.68,3.6936262679923425e-06,2.7223583037233944e-05,0.0,-2.006596946959388,0.9996707132712643,-0.0002917942434044398,-0.00029376119731492543,-1.2030081146210638,0.23206364370413496,-0.029055529083071102,-367.87991456427284,698.533570473876,-331.32556605726194,-0.6719101476590235
12.700000000000001,3.535804293116768e-06,2.606022690980331e-05,0.0,-2.006596946959388,0.9996707132712643,-0.0002917942434044398,-0.00029376119731492543,-1.2030081146210638,0.23206364370413496,-0.029055529083071102,-367.87991456427284,698.533570473876,-331.32556605726194,-0.6719101476590235
12.72,3.384725159633676e-06,2.494658633405841e-05,0.0,-2.006596946959388,0.9996707132712643,-0.0002917942434044398,-0.00029376119731492543,-1.2030081146210638,0.23206364370413496,-0.029055529083071102,-367.87991456427284,698.533570473876,-331.32556605726194,-0.6719101476590235
12.74,3.2401008350504945e-06,2.3880536619148797e-05,0.0,-2.006596946959388,0.9996707132712643,-0.0002917942434044398,-0.00029376119731492543,-1.2030081146210638,0.23206364370413496,-0.029055529083071102,-367.87991456427284,698.533570473876,-331.32556605726194,-0.6719101476590235
12.76,3.1016555864025045e-06,2.2860043886796955e-05,0.0,-2.006596946959388,0.9996707132712643,-0.0002917942434044398,-0.00029376119731492543,-1.2030081146210638,0.23206364370413496,-0.029055529083071102,-367.87991456427284,698.533570473876,-331.32556605726194,-0.6719101476590235
12.780000000000001,2.969125455401096e-06,2.188316118900315e-05,0.0,-2.006596946959388,0.9996707132712643,-0.0002917942434044398,-0.00029376119731492543,-1.2030081146210638,0.23206364370413496,-0.029055529083071102,-367.87991456427284,698.533570473876,-331.32556605726194,-0.6719101476590235
12.8,2.8422577559484686e-06,2.0948024791823786e-05,0.0,-2.006596946959388,0.9996707132712643,-0.0002917942434044398,-0.00029376119731492543,-1.2030081146210638,0.23206364370413496,-0.029055529083071102,-367.87991456427284,698.533570473876,-331.32556605726194,-0.6719101476590235
12.82,2.7208105930679948e-06,2.0052850618021102e-05,0.0,-2.006596946959388,0.9996707132712643,-0.0002917942434044398,-0.00029376119731492543,-1.2030081146210638,0.23206364370413496,-0.029055529083071102,-367.87991456427284,698.533570473876,-331.32556605726194,-0.6719101476590235
12.84,2.604552402340095e-06,1.919593084190946e-05,0.0,-2.006596946959388,0.9996707132712643,-0.0002917942434044398,-0.00029376119731492543,-1.2030081146210638,0.23206364370413496,-0.029055529083071102,-367.87991456427284,698.533570473876,-331.32556605726194,-0.6719101476590235
12.86,2.493261508971548e-06,1.8375630629773993e-05,0.0,-2.006596946959388,0.9996707132712643,-0.0002917942434044398,-0.00029376119731492543,-1.2030081146210638,0.23206364370413496,-0.029055529083071102,-367.87991456427284,698.533570473876,-331.32556605726194,-0.6719101476590235
12.88,2.386725705663303e-06,1.7590385019685458e-05,0.0,-2.006596946959388,0.9996707132712643,-0.0002917942434044398,-0.00029376119731492543,-1.2030081146210638,0.23206364370413496,-0.029055529083071102,-367.87991456427284,698.533570473876,-331.32556605726194,-0.6719101476590235
12.9,2.2847418484771837e-06,1.68386959347555e-05,0.0,-2.006596946959388,0.9996707132712643,-0.0002917942434044398,-0.00029376119731492543,-1.2030081146210638,0.23206364370413496,-0.029055529083071102,-367.87991456427284,698.533570473876,-331.32556605726194,-0.6719101476590235
12.92,2.1871154699355584e-06,1.611912932405773e-05,0.0,-2.006596946959388,0.9996707132712643,-0.0002917942434044398,-0.00029376119731492543,-1.2030081146210638,0.23206364370413496,-0.029055529083071102,-367.87991456427284,698.533570473876,-331.32556605726194,-0.6719101476590235
12.94,2.093660408620818e-06,1.5430312425854356e-05,0.0,-2.006596946959388,0.9996707132712643,-0.0002917942434044398,-0.00029376119731492543,-1.2030081146210638,0.23206364370413496,-0.029055529083071102,-367.87991456427284,698.533570473876,-331.32556605726194,-0.6719101476590235
12.96,2.004198454572257e-06,1.477093114780407e-05,0.0,-2.006596946959388,0.9996707132712643,-0.0002917942434044398,-0.00029376119731492543,-1.2030081146210638,0.23206364370413496,-0.029055529083071102,-367.87991456427284,698.533570473876,-331.32556605726194,-0.6719101476590235
12.98,1.918559009807965e-06,1.4139727559206834e-05,0.0,-2.006596946959388,0.9996707132712643,-0.0002917942434044398,-0.00029376119731492543,-1.2030081146210638,0.23206364370413496,-0.029055529083071102,-367.87991456427284,698.533570473876,-331.32556605726194,-0.6719101476590235
13.0,1.8365787633276275e-06,1.3535497490431312e-05,0.0,-2.006596946959388,0.9996707132712643,-0.0002917942434044398,-0.00029376119731492543,-1.2030081146210638,0.23206364370413496,-0.029055529083071102,-367.87991456427284,698.533570473876,-331.32556605726194,-0.6719101476590235
13.02,1.75810137997976e-06,1.2957088235022414e-05,0.0,-2.006596946959388,0.9996707132712643,-0.0002917942434044398,-0.00029376119731492543,-1.2030081146210638,0.23206364370413496,-0.029055529083071102,-367.87991456427284,698.533570473876,-331.32556605726194,-0.6719101476590235
13.040000000000001,1.6829772026027606e-06,1.2403396350023006e-05,0.0,-2.006596946959388,0.9996707132712643,-0.0002917942434044398,-0.00029376119731492543,-1.2030081146210638,0.23206364370413496,-0.029055529083071102,-367.87991456427284,698.533570473876,-331.32556605726194,-0.6719101476590235
13.06,1.6110629668744601e-06,1.1873365550356362e-05,0.0,-2.006596946959388,0.9996707132712643,-0.0002917942434044398,-0.00029376119731492543,-1.2030081146210638,0.23206364370413496,-0.029055529083071102,-367.87991456427284,698.533570473876,-331.32556605726194,-0.6719101476590235
13.08,1.5422215283286568e-06,1.1365984693195512e-05,0.0,-2.006596946959388,0.9996707132712643,-0.0002917942434044398,-0.00029376119731492543,-1.2030081146210638,0.23206364370413496,-0.029055529083071102,-367.87991456427284,698.533570473876,-331.32556605726194,-0.6719101476590235
13.1,1.4763216010203644e-06,1.0880285848543113e-05,0.0,-2.006596946959388,0.9996707132712643,-0.0002917942434044398,-0.00029376119731492543,-1.2030081146210638,0.23206364370413496,-0.029055529083071102,-367.87991456427284,698.533570473876,-331.32556605726194,-0.6719101476590235
13.120000000000001,1.4132375073432886e-06,1.0415342452266737e-05,0.0,-2.006596946959388,0.9996707132712643,-0.0002917942434044398,-0.00029376119731492543,-1.2030081146210638,0.23206364370413496,-0.029055529083071102,-367.87991456427284,698.533570473876,-331.32556605726194,-0.6719101476590235
13.14,1.352848938524312e-06,9.970267538108239e-06,0.0,-2.006596946959388,0.9996707132712643,-0.0002917942434044398,-0.00029376119731492543,-1.2030081146210638,0.23206364370413496,-0.029055529083071102,-367.87991456427284,698.533570473876,-331.32556605726194,-0.6719101476590235
13.16,1.2950407253398168e-06,9.544212045246234e-06,0.0,-2.006596946959388,0.9996707132712643,-0.0002917942434044398,-0.00029376119731492543,-1.2030081146210638,0.23206364370413496,-0.029055529083071102,-367.87991456427284,698.533570473876,-331.32556605726194,-0.6719101476590235
13.18,1.239702618618221e-06,9.136363198238486e-06,0.0,-2.006596946959388,0.9996707132712643,-0.0002917942434044398,-0.00029376119731492543,-1.2030081146210638,0.23206364370413496,-0.029055529083071102,-367.87991456427284,698.533570473876,-331.32556605726194,-0.6719101476590235
13.200000000000001,1.1867290791114352e-06,8.74594295619615e-06,0.0,-2.006596946959388,0.9996707132712643,-0.0002917942434044398,-0.00029376119731492543,-1.2030081146210638,0.23206364370413496,-0.029055529083071102,-367.87991456427284,698.533570473876,-331.32556605726194,-0.6719101476590235
13.22,1.1360190763358413e-06,8.372206528264651e-06,0.0,-2.006596946959388,0.9996707132712643,-0.0002917942434044398,-0.00029376119731492543,-1.2030081146210638,0.23206364370413496,-0.029055529083071102,-367.87991456427284,698.533570473876,-331.32556605726194,-0.6719101476590235
13.24,1.0874758960002482e-06,8.01444095253914e-06,0.0,-2.006596946959388,0.9996707132712643,-0.0002917942434044398,-0.00029376119731492543,-1.2030081146210638,0.23206364370413496,-0.029055529083071102,-367.87991456427284,698.533570473876,-331.32556605726194,-0.6719101476590235
13.26,1.0410069556547342e-06,7.671963735752973e-06,0.0,-2.006596946959388,0.9996707132712643,-0.0002917942434044398,-0.00029376119731492543,-1.2030081146210638,0.23206364370413496,-0.029055529083071102,-367.87991456427284,698.533570473876,-331.32556605726194,-0.6719101476590235
13.280000000000001,9.965236282096939e-07,7.3441215510932215e-06,0.0,-2.006596946959388,0.9996707132712643,-0.0002917942434044398,-0.00029376119731492543,-1.2030081146210638,0.23206364370413496,-0.029055529083071102,-367.87991456427284,698.533570473876,-331.32556605726194,-0.6719101476590235
13.3,9.539410729894556e-07,7.0302889916895516e-06,0.0,-2.006596946959388,0.9996707132712643,-0.0002917942434044398,-0.00029376119731492543,-1.2030081146210638,0.23206364370413496,-0.029055529083071102,-367.87991456427284,698.533570473876,-331.32556605726194,-0.6719101476590235
13.32,9.131780739990215e-07,6.729867377365039e-06,0.0,-2.006596946959388,0.9996707132712643,-0.0002917942434044398,-0.00029376119731492543,-1.2030081146210638,0.23206364370413496,-0.029055529083071102,-367.87991456427284,698.533570473876,-331.32556605726194,-0.6719101476590235
13.34,8.741568850962999e-07,6.442283612413531e-06,0.0,-2.006596946959388,0.9996707132712643,-0.0002917942434044398,-0.00029376119731492543,-1.2030081146210638,0.23206364370413496,-0.029055529083071102,-367.87991456427284,698.533570473876,-331.32556605726194,-0.6719101476590235
13.36,8.368030817751726e-07,6.1669890921839165e-06,0.0,-2.006596946959388,0.9996707132712643,-0.0002917942434044398,-0.00029376119731492543,-1.2030081146210638,0.23206364370413496,-0.029055529083071102,-367.87991456427284,698.533570473876,-331.32556605726194,-0.6719101476590235
13.38,8.010454192773641e-07,5.903458656402012e-06,0.0,-2.006596946959388,0.9996707132712643,-0.0002917942434044398,-0.00029376119731492543,-1.2030081146210638,0.23206364370413496,-0.029055529083071102,-367.87991456427284,698.533570473876,-331.32556605726194,-0.6719101476590235
13.4,7.668156967630901e-07,5.651189587236586e-06,0.0,-2.006596946959388,0.9996707132712643,-0.0002917942434044398,-0.00029376119731492543,-1.2030081146210638,0.23206364370413496,-0.029055529083071102,-367.87991456427284,698.533570473876,-331.32556605726194,-0.6719101476590235
13.42,7.340486272819068e-07,5.409700650173952e-06,0.0,-2.006596946959388,0.9996707132712643,-0.0002917942434044398,-0.00029376119731492543,-1.2030081146210638,0.23206364370413496,-0.029055529083071102,-367.87991456427284,698.533570473876,-331.32556605726194,-0.6719101476590235
13.44,7.026817132963088e-07,5.1785311759046496e-06,0.0,-2.006596946959388,0.9996707132712643,-0.0002917942434044398,-0.00029376119731492543,-1.2030081146210638,0.23206364370413496,-0.029055529083071102,-367.87991456427284,698.533570473876,-331.32556605726194,-0.6719101476590235
13.46,6.726551275210568e-07,4.95724018143857e-06,0.0,-2.006596946959388,0.9996707132712643,-0.0002917942434044398,-0.00029376119731492543,-1.2030081146210638,0.23206364370413496,-0.029055529083071102,-367.87991456427284,698.533570473876,-331.32556605726194,-0.6719101476590235
13.48,6.43911598851405e-07,4.745405528793349e-06,0.0,-2.006596946959388,0.9996707132712643,-0.0002917942434044398,-0.00029376119731492543,-1.2030081146210638,0.23206364370413496,-0.029055529083071102,-367.87991456427284,698.533570473876,-331.32556605726194,-0.6719101476590235
13.5,6.163963031629844e-07,4.542623119625978e-06,0.0,-2.006596946959388,0.9996707132712643,-0.0002917942434044398,-0.00029376119731492543,-1.2030081146210638,0.23206364370413496,-0.029055529083071102,-367.87991456427284,698.533570473876,-331.32556605726194,-0.6719101476590235
13.52,5.900567587754591e-07,4.348506124302135e-06,0.0,-2.006596946959388,0.9996707132712643,-0.0002917942434044398,-0.00029376119731492543,-1.2030081146210638,0.23206364370413496,-0.029055529083071102,-367.87991456427284,698.533570473876,-331.32556605726194,-0.6719101476590235
13.540000000000001,5.648427263808435e-07,4.1626842439036915e-06,0.0,-2.006596946959388,0.9996707132712643,-0.0002917942434044398,-0.00029376119731492543,-1.2030081146210638,0.23206364370413496,-0.029055529083071102,-367.87991456427284,698.533570473876,-331.32556605726194,-0.6719101476590235
13.56,5.407061132459217e-07,3.984803003784556e-06,0.0,-2.006596946959388,0.9996707132712643,-0.0002917942434044398,-0.00029376119731492543,-1.2030081146210638,0.23206364370413496,-0.029055529083071102,-367.87991456427284,698.533570473876,-331.32556605726194,-0.6719101476590235
13.58,5.176008815062776e-07,3.8145230773078476e-06,0.0,-2.006596946959388,0.9996707132712643,-0.0002917942434044398,-0.00029376119731492543,-1.2030081146210638,0.23206364370413496,-0.029055529083071102,-367.87991456427284,698.533570473876,-331.32556605726194,-0.6719101476590235
13.6,4.954829603773057e-07,3.6515196384991684e-06,0.0,-2.006596946959388,0.9996707132712643,-0.0002917942434044398,-0.00029376119731492543,-1.2030081146210638,0.23206364370413496,-0.029055529083071102,-367.87991456427284,698.533570473876,-331.32556605726194,-0.6719101476590235
13.620000000000001,4.7431016211494107e-07,3.4954817423566092e-06,0.0,-2.006596946959388,0.9996707132712643,-0.0002917942434044398,-0.00029376119731492543,-1.2030081146210638,0.23206364370413496,-0.029055529083071102,-367.87991456427284,698.533570473876,-331.32556605726194,-0.6719101476590235
13.64,4.540421015660397e-07,3.3461117316517956e-06,0.0,-2.006596946959388,0.9996707132712643,-0.0002917942434044398,-0.00029376119731492543,-1.2030081146210638,0.23206364370413496,-0.029055529083071102,-367.87991456427284,698.533570473876,-331.32556605726194,-0.6719101476590235
13.66,4.346401191551163e-07,3.2031246690732505e-06,0.0,-2.006596946959388,0.9996707132712643,-0.0002917942434044398,-0.00029376119731492543,-1.2030081146210638,0.23206364370413496,-0.029055529083071102,-367.87991456427284,698.533570473876,-331.32556605726194,-0.6719101476590235
13.68,4.1606720716075105e-07,3.0662477936495053e-06,0.0,-2.006596946959388,0.9996707132712643,-0.0002917942434044398,-0.00029376119731492543,-1.2030081146210638,0.23206364370413496,-0.029055529083071102,-367.87991456427284,698.533570473876,-331.32556605726194,-0.6719101476590235
13.700000000000001,3.982879391411726e-07,2.9352200003960726e-06,0.0,-2.006596946959388,0.9996707132712643,-0.0002917942434044398,-0.00029376119731492543,-1.2030081146210638,0.23206364370413496,-0.029055529083071102,-367.87991456427284,698.533570473876,-331.32556605726194,-0.6719101476590235
13.72,3.81268402374563e-07,2.809791342205224e-06,0.0,-2.006596946959388,0.9996707132712643,-0.0002917942434044398,-0.00029376119731492543,-1.2030081146210638,0.23206364370413496,-0.029055529083071102,-367.87991456427284,698.533570473876,-331.32556605726194,-0.6719101476590235
13.74,3.649761331853272e-07,2.6897225530162734e-06,0.0,-2.006596946959388,0.9996707132712643,-0.0002917942434044398,-0.00029376119731492543,-1.2030081146210638,0.23206364370413496,-0.029055529083071102,-367.87991456427284,698.533570473876,-331.32556605726194,-0.6719101476590235
13.76,3.493800550331168e-07,2.5747845913725187e-06,0.0,-2.006596946959388,0.9996707132712643,-0.0002917942434044398,-0.00029376119731492543,-1.2030081146210638,0.23206364370413496,-0.029055529083071102,-367.87991456427284,698.533570473876,-331.32556605726194,-0.6719101476590235
13.780000000000001,3.344504192466031e-07,2.4647582034794704e-06,0.0,-2.006596946959388,0.9996707132712643,-0.0002917942434044398,-0.00029376119731492543,-1.2030081146210638,0.23206364370413496,-0.029055529083071102,-367.87991456427284,698.533570473876,-331.32556605726194,-0.6719101476590235
13.8,3.2015874828906957e-07,2.3594335049397845e-06,0.0,-2.006596946959388,0.9996707132712643,-0.0002917942434044398,-0.00029376119731492543,-1.2030081146210638,0.23206364370413496,-0.029055529083071102,-367.87991456427284,698.533570473876,-331.32556605726194,-0.6719101476590235
13.82,3.06477781447676e-07,2.2586095803571187e-06,0.0,-2.006596946959388,0.9996707132712643,-0.0002917942434044398,-0.00029376119731492543,-1.2030081146210638,0.23206364370413496,-0.029055529083071102,-367.87991456427284,698.533570473876,-331.32556605726194,-0.6719101476590235
13.84,2.933814228429123e-07,2.162094100058935e-06,0.0,-2.006596946959388,0.9996707132712643,-0.0002917942434044398,-0.00029376119731492543,-1.2030081146210638,0.23206364370413496,-0.029055529083071102,-367.87991456427284,698.533570473876,-331.32556605726194,-0.6719101476590235
13.86,2.808446916591283e-07,2.0697029531940594e-06,0.0,-2.006596946959388,0.9996707132712643,-0.0002917942434044398,-0.00029376119731492543,-1.2030081146210638,0.23206364370413496,-0.029055529083071102,-367.87991456427284,698.533570473876,-331.32556605726194,-0.6719101476590235
13.88,2.688436745012845e-07,1.981259896510987e-06,0.0,-2.006596946959388,0.9996707132712643,-0.0002917942434044398,-0.00029376119731492543,-1.2030081146210638,0.23206364370413496,-0.029055529083071102,-367.87991456427284,698.533570473876,-331.32556605726194,-0.6719101476590235
13.9,2.573554797871155e-07,1.896596218147782e-06,0.0,-2.006596946959388,0.9996707132712643,-0.0002917942434044398,-0.00029376119731492543,-1.2030081146210638,0.23206364370413496,-0.029055529083071102,-367.87991456427284,698.533570473876,-331.32556605726194,-0.6719101476590235
13.92,2.4635819408775484e-07,1.815550415784964e-06,0.0,-2.006596946959388,0.9996707132712643,-0.0002917942434044398,-0.00029376119731492543,-1.2030081146210638,0.23206364370413496,-0.029055529083071102,-367.87991456427284,698.533570473876,-331.32556605726194,-0.6719101476590235
13.94,2.3583084033361702e-07,1.7379678885587674e-06,0.0,-2.006596946959388,0.9996707132712643,-0.0002917942434044398,-0.00029376119731492543,-1.2030081146210638,0.23206364370413496,-0.029055529083071102,-367.87991456427284,698.533570473876,-331.32556605726194,-0.6719101476590235
13.96,2.2575333780585007e-07,1.6637006421363037e-06,0.0,-2.006596946959388,0.9996707132712643,-0.0002917942434044398,-0.00029376119731492543,-1.2030081146210638,0.23206364370413496,-0.029055529083071102,-367.87991456427284,698.533570473876,-331.32556605726194,-0.6719101476590235
13.98,2.1610646383709887e-07,1.5926070063970857e-06,0.0,-2.006596946959388,0.9996707132712643,-0.0002917942434044398,-0.00029376119731492543,-1.2030081146210638,0.23206364370413496,-0.029055529083071102,-367.87991456427284,698.533570473876,-331.32556605726194,-0.6719101476590235
14.0,2.068718171485523e-07,1.5245513651750422e-06,0.0,-2.006596946959388,0.9996707132712643,-0.0002917942434044398,-0.00029376119731492543,-1.2030081146210638,0.23206364370413496,-0.029055529083071102,-367.87991456427284,698.533570473876,-331.32556605726194,-0.6719101476590235
14.02,1.980317827533966e-07,1.4594038975551924e-06,0.0,-2.006596946959388,0.9996707132712643,-0.0002917942434044398,-0.00029376119731492543,-1.2030081146210638,0.23206364370413496,-0.029055529083071102,-367.87991456427284,698.533570473876,-331.32556605726194,-0.6719101476590235
14.040000000000001,1.8956949835974937e-07,1.3970403302222258e-06,0.0,-2.006596946959388,0.9996707132712643,-0.0002917942434044398,-0.00029376119731492543,-1.2030081146210638,0.23206364370413496,-0.029055529083071102,-367.87991456427284,698.533570473876,-331.32556605726194,-0.6719101476590235
14.06,1.8146882220903035e-07,1.337341700394879e-06,0.0,-2.006596946959388,0.9996707132712643,-0.0002917942434044398,-0.00029376119731492543,-1.2030081146210638,0.23206364370413496,-0.029055529083071102,-367.87991456427284,698.533570473876,-331.32556605726194,-0.6719101476590235
14.08,1.7371430228843748e-07,1.2801941288873614e-06,0.0,-2.006596946959388,0.9996707132712643,-0.0002917942434044398,-0.00029376119731492543,-1.2030081146210638,0.23206364370413496,-0.029055529083071102,-367.87991456427284,698.533570473876,-331.32556605726194,-0.6719101476590235
14.1,1.662911468588442e-07,1.2254886028733226e-06,0.0,-2.006596946959388,0.9996707132712643,-0.0002917942434044398,-0.00029376119731492543,-1.2030081146210638,0.23206364370413496,-0.029055529083071102,-367.87991456427284,698.533570473876,-331.32556605726194,-0.6719101476590235
14.120000000000001,1.5918519624191224e-07,1.173120767930246e-06,0.0,-2.006596946959388,0.9996707132712643,-0.0002917942434044398,-0.00029376119731492543,-1.2030081146210638,0.23206364370413496,-0.029055529083071102,-367.87991456427284,698.533570473876,-331.32556605726194,-0.6719101476590235
14.14,1.5238289581263466e-07,1.122990728972552e-06,0.0,-2.006596946959388,0.9996707132712643,-0.0002917942434044398,-0.00029376119731492543,-1.2030081146210638,0.23206364370413496,-0.029055529083071102,-367.87991456427284,698.533570473876,-331.32556605726194,-0.6719101476590235
14.16,1.4587127014580287e-07,1.0750028596885581e-06,0.0,-2.006596946959388,0.9996707132712643,-0.0002917942434044398,-0.00029376119731492543,-1.2030081146210638,0.23206364370413496,-0.029055529083071102,-367.87991456427284,698.533570473876,-331.32556605726194,-0.6719101476590235
14.18,1.3963789826711377e-07,1.029065620124792e-06,0.0,-2.006596946959388,0.9996707132712643,-0.0002917942434044398,-0.00029376119731492543,-1.2030081146210638,0.23206364370413496,-0.029055529083071102,-367.87991456427284,698.533570473876,-331.32556605726194,-0.6719101476590235
14.200000000000001,1.3367088996171544e-07,9.85091382062945e-07,0.0,-2.006596946959388,0.9996707132712643,-0.0002917942434044398,-0.00029376119731492543,-1.2030081146210638,0.23206364370413496,-0.029055529083071102,-367.87991456427284,698.533570473876,-331.32556605726194,-0.6719101476590235
14.22,1.279588630950229e-07,9.429962618609167e-07,0.0,-2.006596946959388,0.9996707132712643,-0.0002917942434044398,-0.00029376119731492543,-1.2030081146210638,0.23206364370413496,-0.029055529083071102,-367.87991456427284,698.533570473876,-331.32556605726194,-0.6719101476590235
14.24,1.2249092190254856e-07,9.026999604345538e-07,0.0,-2.006596946959388,0.9996707132712643,-0.0002917942434044398,-0.00029376119731492543,-1.2030081146210638,0.23206364370413496,-0.029055529083071102,-367.87991456427284,698.533570473876,-331.32556605726194,-0.6719101476590235
14.26,1.1725663620735948e-07,8.641256100807007e-07,0.0,-2.006596946959388,0.9996707132712643,-0.0002917942434044398,-0.00029376119731492543,-1.2030081146210638,0.23206364370413496,-0.029055529083071102,-367.87991456427284,698.533570473876,-331.32556605726194,-0.6719101476590235
14.280000000000001,1.1224602152552222e-07,8.271996278438895e-07,0.0,-2.006596946959388,0.9996707132712643,-0.0002917942434044398,-0.00029376119731492543,-1.2030081146210638,0.23206364370413496,-0.029055529083071102,-367.87991456427284,698.533570473876,-331.32556605726194,-0.6719101476590235
14.3,1.0744952002160288e-07,7.918515751506424e-07,0.0,-2.006596946959388,0.9996707132712643,-0.0002917942434044398,-0.00029376119731492543,-1.2030081146210638,0.23206364370413496,-0.029055529083071102,-367.87991456427284,698.533570473876,-331.32556605726194,-0.6719101476590235
14.32,1.028579822778977e-07,7.580140234399391e-07,0.0,-2.006596946959388,0.9996707132712643,-0.0002917942434044398,-0.00029376119731492543,-1.2030081146210638,0.23206364370413496,-0.029055529083071102,-367.87991456427284,698.533570473876,-331.32556605726194,-0.6719101476590235
14.34,9.846264984263723e-08,7.256224255382395e-07,0.0,-2.006596946959388,0.9996707132712643,-0.0002917942434044398,-0.00029376119731492543,-1.2030081146210638,0.23206364370413496,-0.029055529083071102,-367.87991456427284,698.533570473876,-331.32556605726194,-0.6719101476590235
14.36,9.425513852387622e-08,6.946149925296417e-07,0.0,-2.006596946959388,0.9996707132712643,-0.0002917942434044398,-0.00029376119731492543,-1.2030081146210638,0.23206364370413496,-0.029055529083071102,-367.87991456427284,698.533570473876,-331.32556605726194,-0.6719101476590235
14.38,9.022742239721213e-08,6.649325758878732e-07,0.0,-2.006596946959388,0.9996707132712643,-0.0002917942434044398,-0.00029376119731492543,-1.2030081146210638,0.23206364370413496,-0.029055529083071102,-367.87991456427284,698.533570473876,-331.32556605726194,-0.6719101476590235
14.4,8.637181849683548e-08,6.365185546460777e-07,0.0,-2.006596946959388,0.9996707132712643,-0.0002917942434044398,-0.00029376119731492543,-1.2030081146210638,0.23206364370413496,-0.029055529083071102,-367.87991456427284,698.533570473876,-331.32556605726194,-0.6719101476590235
14.42,8.26809721607112e-08,6.093187273863617e-07,0.0,-2.006596946959388,0.9996707132712643,-0.0002917942434044398,-0.00029376119731492543,-1.2030081146210638,0.23206364370413496,-0.029055529083071102,-367.87991456427284,698.533570473876,-331.32556605726194,-0.6719101476590235
14.44,7.914784300194971e-08,5.832812088470089e-07,0.0,-2.006596946959388,0.9996707132712643,-0.0002917942434044398,-0.00029376119731492543,-1.2030081146210638,0.23206364370413496,-0.029055529083071102,-367.87991456427284,698.533570473876,-331.32556605726194,-0.6719101476590235
14.46,7.576569147960775e-08,5.583563309467144e-07,0.0,-2.006596946959388,0.9996707132712643,-0.0002917942434044398,-0.00029376119731492543,-1.2030081146210638,0.23206364370413496,-0.029055529083071102,-367.87991456427284,698.533570473876,-331.32556605726194,-0.6719101476590235
14.48,7.25280660433112e-08,5.344965480392154e-07,0.0,-2.006596946959388,0.9996707132712643,-0.0002917942434044398,-0.00029376119731492543,-1.2030081146210638,0.23206364370413496,-0.029055529083071102,-367.87991456427284,698.533570473876,-331.32556605726194,-0.6719101476590235
14.5,6.942879082717787e-08,5.116563462152267e-07,0.0,-2.006596946959388,0.9996707132712643,-0.0002917942434044398,-0.00029376119731492543,-1.2030081146210638,0.23206364370413496,-0.029055529083071102,-367.87991456427284,698.533570473876,-331.32556605726194,-0.6719101476590235
14.52,6.64619538695761e-08,4.897921564819767e-07,0.0,-2.006596946959388,0.9996707132712643,-0.0002917942434044398,-0.00029376119731492543,-1.2030081146210638,0.23206364370413496,-0.029055529083071102,-367.87991456427284,698.533570473876,-331.32556605726194,-0.6719101476590235
14.540000000000001,6.362189583624752e-08,4.6886227165158646e-07,0.0,-2.006596946959388,0.9996707132712643,-0.0002917942434044398,-0.00029376119731492543,-1.2030081146210638,0.23206364370413496,-0.029055529083071102,-367.87991456427284,698.533570473876,-331.32556605726194,-0.6719101476590235
14.56,6.090319922528953e-08,4.4882676678193005e-07,0.0,-2.006596946959388,0.9996707132712643,-0.0002917942434044398,-0.00029376119731492543,-1.2030081146210638,0.23206364370413496,-0.029055529083071102,-367.87991456427284,698.533570473876,-331.32556605726194,-0.6719101476590235
14.58,5.830067803340489e-08,4.296474230159926e-07,0.0,-2.006596946959388,0.9996707132712643,-0.0002917942434044398,-0.00029376119731492543,-1.2030081146210638,0.23206364370413496,-0.029055529083071102,-367.87991456427284,698.533570473876,-331.32556605726194,-0.6719101476590235
14.6,5.5809367863714614e-08,4.112876546772991e-07,0.0,-2.006596946959388,0.9996707132712643,-0.0002917942434044398,-0.00029376119731492543,-1.2030081146210638,0.23206364370413496,-0.029055529083071102,-367.87991456427284,698.533570473876,-331.32556605726194,-0.6719101476590235
14.620000000000001,5.3424516456263265e-08,3.9371243947977757e-07,0.0,-2.006596946959388,0.9996707132712643,-0.0002917942434044398,-0.00029376119731492543,-1.2030081146210638,0.23206364370413496,-0.029055529083071102,-367.87991456427284,698.533570473876,-331.32556605726194,-0.6719101476590235
14.64,5.114157462315838e-08,3.768882517205675e-07,0.0,-2.006596946959388,0.9996707132712643,-0.0002917942434044398,-0.00029376119731492543,-1.2030081146210638,0.23206364370413496,-0.029055529083071102,-367.87991456427284,698.533570473876,-331.32556605726194,-0.6719101476590235
14.66,4.895618757105146e-08,3.607829983267186e-07,0.0,-2.006596946959388,0.9996707132712643,-0.0002917942434044398,-0.00029376119731492543,-1.2030081146210638,0.23206364370413496,-0.029055529083071102,-367.87991456427284,698.533570473876,-331.32556605726194,-0.6719101476590235
14.68,4.686418659441422e-08,3.453659576360008e-07,0.0,-2.006596946959388,0.9996707132712643,-0.0002917942434044398,-0.00029376119731492543,-1.2030081146210638,0.23206364370413496,-0.029055529083071102,-367.87991456427284,698.533570473876,-331.32556605726194,-0.6719101476590235
14.700000000000001,4.486158112376325e-08,3.306077207929341e-07,0.0,-2.006596946959388,0.9996707132712643,-0.0002917942434044398,-0.00029376119731492543,-1.2030081146210638,0.23206364370413496,-0.029055529083071102,-367.87991456427284,698.533570473876,-331.32556605726194,-0.6719101476590235
14.72,4.294455111366898e-08,3.1648013564970646e-07,0.0,-2.006596946959388,0.9996707132712643,-0.0002917942434044398,-0.00029376119731492543,-1.2030081146210638,0.23206364370413496,-0.029055529083071102,-367.87991456427284,698.533570473876,-331.32556605726194,-0.6719101476590235
14.74,4.1109439756027316e-08,3.029562530634636e-07,0.0,-2.006596946959388,0.9996707132712643,-0.0002917942434044398,-0.00029376119731492543,-1.2030081146210638,0.23206364370413496,-0.029055529083071102,-367.87991456427284,698.533570473876,-331.32556605726194,-0.6719101476590235
14.76,3.935274650469949e-08,2.9001027548953664e-07,0.0,-2.006596946959388,0.9996707132712643,-0.0002917942434044398,-0.00029376119731492543,-1.2030081146210638,0.23206364370413496,-0.029055529083071102,-367.87991456427284,698.533570473876,-331.32556605726194,-0.6719101476590235
14.780000000000001,3.767112039821286e-08,2.7761750777068476e-07,0.0,-2.006596946959388,0.9996707132712643,-0.0002917942434044398,-0.00029376119731492543,-1.2030081146210638,0.23206364370413496,-0.029055529083071102,-367.87991456427284,698.533570473876,-331.32556605726194,-0.6719101476590235
14.8,3.6061353667788505e-08,2.657543100297182e-07,0.0,-2.006596946959388,0.9996707132712643,-0.0002917942434044398,-0.00029376119731492543,-1.2030081146210638,0.23206364370413496,-0.029055529083071102,-367.87991456427284,698.533570473876,-331.32556605726194,-0.6719101476590235
14.82,3.452037561850161e-08,2.543980525744333e-07,0.0,-2.006596946959388,0.9996707132712643,-0.0002917942434044398,-0.00029376119731492543,-1.2030081146210638,0.23206364370413496,-0.029055529083071102,-367.87991456427284,698.533570473876,-331.32556605726194,-0.6719101476590235
14.84,3.304524677190652e-08,2.435270727304248e-07,0.0,-2.006596946959388,0.9996707132712643,-0.0002917942434044398,-0.00029376119731492543,-1.2030081146210638,0.23206364370413496,-0.029055529083071102,-367.87991456427284,698.533570473876,-331.32556605726194,-0.6719101476590235
14.86,3.163315325895223e-08,2.3312063351803495e-07,0.0,-2.006596946959388,0.9996707132712643,-0.0002917942434044398,-0.00029376119731492543,-1.2030081146210638,0.23206364370413496,-0.029055529083071102,-367.87991456427284,698.533570473876,-331.32556605726194,-0.6719101476590235
14.88,3.028140145249402e-08,2.2315888409518456e-07,0.0,-2.006596946959388,0.9996707132712643,-0.0002917942434044398,-0.00029376119731492543,-1.2030081146210638,0.23206364370413496,-0.029055529083071102,-367.87991456427284,698.533570473876,-331.32556605726194,-0.6719101476590235
14.9,2.8987412829164012e-08,2.136228218908824e-07,0.0,-2.006596946959388,0.9996707132712643,-0.0002917942434044398,-0.00029376119731492543,-1.2030081146210638,0.23206364370413496,-0.029055529083071102,-367.87991456427284,698.533570473876,-331.32556605726194,-0.6719101476590235
14.92,2.7748719050798305e-08,2.0449425635623769e-07,0.0,-2.006596946959388,0.9996707132712643,-0.0002917942434044398,-0.00029376119731492543,-1.2030081146210638,0.23206364370413496,-0.029055529083071102,-367.87991456427284,698.533570473876,-331.32556605726194,-0.6719101476590235
14.94,2.6562957256041437e-08,1.9575577426522322e-07,0.0,-2.006596946959388,0.9996707132712643,-0.0002917942434044398,-0.00029376119731492543,-1.2030081146210638,0.23206364370413496,-0.029055529083071102,-367.87991456427284,698.533570473876,-331.32556605726194,-0.6719101476590235
14.96,2.542786555314546e-08,1.8739070649772257e-07,0.0,-2.006596946959388,0.9996707132712643,-0.0002917942434044398,-0.00029376119731492543,-1.2030081146210638,0.23206364370413496,-0.029055529083071102,-367.87991456427284,698.533570473876,-331.32556605726194,-0.6719101476590235
14.98,2.4341278705367724e-08,1.7938309624233823e-07,0.0,-2.006596946959388,0.9996707132712643,-0.0002917942434044398,-0.00029376119731492543,-1.2030081146210638,0.23206364370413496,-0.029055529083071102,-367.87991456427284,698.533570473876,-331.32556605726194,-0.6719101476590235
15.0,2.3301124000736023e-08,1.7171766855749754e-07,0.0,-2.006596946959388,0.9996707132712643,-0.0002917942434044398,-0.00029376119731492543,-1.2030081146210638,0.23206364370413496,-0.029055529083071102,-367.87991456427284,698.533570473876,-331.32556605726194,-0.6719101476590235
15.02,2.2305417298304994e-08,1.6437980123386668e-07,0.0,-2.006596946959388,0.9996707132712643,-0.0002917942434044398,-0.00029376119731492543,-1.2030081146210638,0.23206364370413496,-0.029055529083071102,-367.87991456427284,698.533570473876,-331.32556605726194,-0.6719101476590235
15.040000000000001,2.135225924336069e-08,1.5735549690149192e-07,0.0,-2.006596946959388,0.9996707132712643,-0.0002917942434044398,-0.00029376119731492543,-1.2030081146210638,0.23206364370413496,-0.029055529083071102,-367.87991456427284,698.533570473876,-331.32556605726194,-0.6719101476590235
15.06,2.0439831644355117e-08,1.5063135632914243e-07,0.0,-2.006596946959388,0.9996707132712643,-0.0002917942434044398,-0.00029376119731492543,-1.2030081146210638,0.23206364370413496,-0.029055529083071102,-367.87991456427284,698.533570473876,-331.32556605726194,-0.6719101476590235
15.08,1.956639400465857e-08,1.4419455286420246e-07,0.0,-2.006596946959388,0.9996707132712643,-0.0002917942434044398,-0.00029376119731492543,-1.2030081146210638,0.23206364370413496,-0.029055529083071102,-367.87991456427284,698.533570473876,-331.32556605726194,-0.6719101476590235
15.1,1.873028020251599e-08,1.3803280796533353e-07,0.0,-2.006596946959388,0.9996707132712643,-0.0002917942434044398,-0.00029376119731492543,-1.2030081146210638,0.23206364370413496,-0.029055529083071102,-367.87991456427284,698.533570473876,-331.32556605726194,-0.6719101476590235
15.120000000000001,1.792989531287318e-08,1.3213436778032804e-07,0.0,-2.006596946959388,0.9996707132712643,-0.0002917942434044398,-0.00029376119731492543,-1.2030081146210638,0.23206364370413496,-0.029055529083071102,-367.87991456427284,698.533570473876,-331.32556605726194,-0.6719101476590235
15.14,1.7163712565011572e-08,1.2648798072508926e-07,0.0,-2.006596946959388,0.9996707132712643,-0.0002917942434044398,-0.00029376119731492543,-1.2030081146210638,0.23206364370413496,-0.029055529083071102,-367.87991456427284,698.533570473876,-331.32556605726194,-0.6719101476590235
15.16,1.6430270430187125e-08,1.2108287602035412e-07,0.0,-2.006596946959388,0.9996707132712643,-0.0002917942434044398,-0.00029376119731492543,-1.2030081146210638,0.23206364370413496,-0.029055529083071102,-367.87991456427284,698.533570473876,-331.32556605726194,-0.6719101476590235
15.18,1.5728169833719672e-08,1.159087431460203e-07,0.0,-2.006596946959388,0.9996707132712643,-0.0002917942434044398,-0.00029376119731492543,-1.2030081146210638,0.23206364370413496,-0.029055529083071102,-367.87991456427284,698.533570473876,-331.32556605726194,-0.6719101476590235
15.200000000000001,1.5056071486213663e-08,1.1095571217314634e-07,0.0,-2.006596946959388,0.9996707132712643,-0.0002917942434044398,-0.00029376119731492543,-1.2030081146210638,0.23206364370413496,-0.029055529083071102,-367.87991456427284,698.533570473876,-331.32556605726194,-0.6719101476590235
15.22,1.4412693328820483e-08,1.0621433493661062e-07,0.0,-2.006596946959388,0.9996707132712643,-0.0002917942434044398,-0.00029376119731492543,-1.2030081146210638,0.23206364370413496,-0.029055529083071102,-367.87991456427284,698.533570473876,-331.32556605726194,-0.6719101476590235
15.24,1.3796808087668244e-08,1.016755670120147e-07,0.0,-2.006596946959388,0.9996707132712643,-0.0002917942434044398,-0.00029376119731492543,-1.2030081146210638,0.23206364370413496,-0.029055529083071102,-367.87991456427284,698.533570473876,-331.32556605726194,-0.6719101476590235
15.26,1.3207240932795426e-08,9.733075046310026e-08,0.0,-2.006596946959388,0.9996707132712643,-0.0002917942434044398,-0.00029376119731492543,-1.2030081146210638,0.23206364370413496,-0.029055529083071102,-367.87991456427284,698.533570473876,-331.32556605726194,-0.6719101476590235
15.280000000000001,1.2642867237121851e-08,9.317159732617045e-08,0.0,-2.006596946959388,0.9996707132712643,-0.0002917942434044398,-0.00029376119731492543,-1.2030081146210638,0.23206364370413496,-0.029055529083071102,-367.87991456427284,698.533570473876,-331.32556605726194,-0.6719101476590235
15.3,1.2102610431182923e-08,8.919017380044084e-08,0.0,-2.006596946959388,0.9996707132712643,-0.0002917942434044398,-0.00029376119731492543,-1.2030081146210638,0.23206364370413496,-0.029055529083071102,-367.87991456427284,698.533570473876,-331.32556605726194,-0.6719101476590235
15.32,1.1585439949534227e-08,8.537888511369672e-08,0.0,-2.006596946959388,0.9996707132712643,-0.0002917942434044398,-0.00029376119731492543,-1.2030081146210638,0.23206364370413496,-0.029055529083071102,-367.87991456427284,698.533570473876,-331.32556605726194,-0.6719101476590235
15.34,1.1090369264910312e-08,8.173046103498944e-08,0.0,-2.006596946959388,0.9996707132712643,-0.0002917942434044398,-0.00029376119731492543,-1.2030081146210638,0.23206364370413496,-0.029055529083071102,-367.87991456427284,698.533570473876,-331.32556605726194,-0.6719101476590235
15.36,1.0616454006387075e-08,7.82379420062318e-08,0.0,-2.006596946959388,0.9996707132712643,-0.0002917942434044398,-0.00029376119731492543,-1.2030081146210638,0.23206364370413496,-0.029055529083071102,-367.87991456427284,698.533570473876,-331.32556605726194,-0.6719101476590235
15.38,1.0162790157958377e-08,7.489466586643266e-08,0.0,-2.006596946959388,0.9996707132712643,-0.0002917942434044398,-0.00029376119731492543,-1.2030081146210638,0.23206364370413496,-0.029055529083071102,-367.87991456427284,698.533570473876,-331.32556605726194,-0.6719101476590235
15.4,9.728512334090911e-09,7.169425514333863e-08,0.0,-2.006596946959388,0.9996707132712643,-0.0002917942434044398,-0.00029376119731492543,-1.2030081146210638,0.23206364370413496,-0.029055529083071102,-367.87991456427284,698.533570473876,-331.32556605726194,-0.6719101476590235
15.42,9.312792128967286e-09,6.863060488792457e-08,0.0,-2.006596946959388,0.9996707132712643,-0.0002917942434044398,-0.00029376119731492543,-1.2030081146210638,0.23206364370413496,-0.029055529083071102,-367.87991456427284,698.533570473876,-331.32556605726194,-0.6719101476590235
15.44,8.914836536269362e-09,6.569787102898535e-08,0.0,-2.006596946959388,0.9996707132712643,-0.0002917942434044398,-0.00029376119731492543,-1.2030081146210638,0.23206364370413496,-0.029055529083071102,-367.87991456427284,698.533570473876,-331.32556605726194,-0.6719101476590235
15.46,8.533886436486901e-09,6.289045922520191e-08,0.0,-2.006596946959388,0.9996707132712643,-0.0002917942434044398,-0.00029376119731492543,-1.2030081146210638,0.23206364370413496,-0.029055529083071102,-367.87991456427284,698.533570473876,-331.32556605726194,-0.6719101476590235
15.48,8.16921514886652e-09,6.020301419368947e-08,0.0,-2.006596946959388,0.9996707132712643,-0.0002917942434044398,-0.00029376119731492543,-1.2030081146210638,0.23206364370413496,-0.029055529083071102,-367.87991456427284,698.533570473876,-331.32556605726194,-0.6719101476590235
15.5,7.820127045238196e-09,5.7630409494399826e-08,0.0,-2.006596946959388,0.9996707132712643,-0.0002917942434044398,-0.00029376119731492543,-1.2030081146210638,0.23206364370413496,-0.029055529083071102,-367.87991456427284,698.533570473876,-331.32556605726194,-0.6719101476590235
15.52,7.485956223075906e-09,5.516773775125535e-08,0.0,-2.006596946959388,0.9996707132712643,-0.0002917942434044398,-0.00029376119731492543,-1.2030081146210638,0.23206364370413496,-0.029055529083071102,-367.87991456427284,698.533570473876,-331.32556605726194,-0.6719101476590235
15.540000000000001,7.1660652352606916e-09,5.281030129102125e-08,0.0,-2.006596946959388,0.9996707132712643,-0.0002917942434044398,-0.00029376119731492543,-1.2030081146210638,0.23206364370413496,-0.029055529083071102,-367.87991456427284,698.533570473876,-331.32556605726194,-0.6719101476590235
15.56,6.859843874123516e-09,5.0553603182295135e-08,0.0,-2.006596946959388,0.9996707132712643,-0.0002917942434044398,-0.00029376119731492543,-1.2030081146210638,0.23206364370413496,-0.029055529083071102,-367.87991456427284,698.533570473876,-331.32556605726194,-0.6719101476590235
15.58,6.56670800744801e-09,4.8393338657274555e-08,0.0,-2.006596946959388,0.9996707132712643,-0.0002917942434044398,-0.00029376119731492543,-1.2030081146210638,0.23206364370413496,-0.029055529083071102,-367.87991456427284,698.533570473876,-331.32556605726194,-0.6719101476590235
15.6,6.286098464213323e-09,4.63253869002653e-08,0.0,-2.006596946959388,0.9996707132712643,-0.0002917942434044398,-0.00029376119731492543,-1.2030081146210638,0.23206364370413496,-0.029055529083071102,-367.87991456427284,698.533570473876,-331.32556605726194,-0.6719101476590235
15.620000000000001,6.0174799679511785e-09,4.434580318697011e-08,0.0,-2.006596946959388,0.9996707132712643,-0.0002917942434044398,-0.00029376119731492543,-1.2030081146210638,0.23206364370413496,-0.029055529083071102,-367.87991456427284,698.533570473876,-331.32556605726194,-0.6719101476590235
15.64,5.760340115682786e-09,4.245081135975736e-08,0.0,-2.006596946959388,0.9996707132712643,-0.0002917942434044398,-0.00029376119731492543,-1.2030081146210638,0.23206364370413496,-0.029055529083071102,-367.87991456427284,698.533570473876,-331.32556605726194,-0.6719101476590235
15.66,5.514188400487526e-09,4.0636796624363156e-08,0.0,-2.006596946959388,0.9996707132712643,-0.0002917942434044398,-0.00029376119731492543,-1.2030081146210638,0.23206364370413496,-0.029055529083071102,-367.87991456427284,698.533570473876,-331.32556605726194,-0.6719101476590235
15.68,5.27855527583942e-09,3.890029865455231e-08,0.0,-2.006596946959388,0.9996707132712643,-0.0002917942434044398,-0.00029376119731492543,-1.2030081146210638,0.23206364370413496,-0.029055529083071102,-367.87991456427284,698.533570473876,-331.32556605726194,-0.6719101476590235
15.700000000000001,5.052991259926213e-09,3.723800499132361e-08,0.0,-2.006596946959388,0.9996707132712643,-0.0002917942434044398,-0.00029376119731492543,-1.2030081146210638,0.23206364370413496,-0.029055529083071102,-367.87991456427284,698.533570473876,-331.32556605726194,-0.6719101476590235
15.72,4.837066078242782e-09,3.5646744724261675e-08,0.0,-2.006596946959388,0.9996707132712643,-0.0002917942434044398,-0.00029376119731492543,-1.2030081146210638,0.23206364370413496,-0.029055529083071102,-367.87991456427284,698.533570473876,-331.32556605726194,-0.6719101476590235
15.74,4.630367842823027e-09,3.412348244279282e-08,0.0,-2.006596946959388,0.9996707132712643,-0.0002917942434044398,-0.00029376119731492543,-1.2030081146210638,0.23206364370413496,-0.029055529083071102,-367.87991456427284,698.533570473876,-331.32556605726194,-0.6719101476590235
15.76,4.4325022665450086e-09,3.266531244603225e-08,0.0,-2.006596946959388,0.9996707132712643,-0.0002917942434044398,-0.00029376119731492543,-1.2030081146210638,0.23206364370413496,-0.029055529083071102,-367.87991456427284,698.533570473876,-331.32556605726194,-0.6719101476590235
15.780000000000001,4.243091911010292e-09,3.1269453199985864e-08,0.0,-2.006596946959388,0.9996707132712643,-0.0002917942434044398,-0.00029376119731492543,-1.2030081146210638,0.23206364370413496,-0.029055529083071102,-367.87991456427284,698.533570473876,-331.32556605726194,-0.6719101476590235
15.8,4.061775466563001e-09,2.993324203165557e-08,0.0,-2.006596946959388,0.9996707132712643,-0.0002917942434044398,-0.00029376119731492543,-1.2030081146210638,0.23206364370413496,-0.029055529083071102,-367.87991456427284,698.533570473876,-331.32556605726194,-0.6719101476590235
15.82,3.888207063074946e-09,2.865413004979691e-08,0.0,-2.006596946959388,0.9996707132712643,-0.0002917942434044398,-0.00029376119731492543,-1.2030081146210638,0.23206364370413496,-0.029055529083071102,-367.87991456427284,698.533570473876,-331.32556605726194,-0.6719101476590235
15.84,3.7220556101824466e-09,2.7429677282824296e-08,0.0,-2.006596946959388,0.9996707132712643,-0.0002917942434044398,-0.00029376119731492543,-1.2030081146210638,0.23206364370413496,-0.029055529083071102,-367.87991456427284,698.533570473876,-331.32556605726194,-0.6719101476590235
15.860000000000001,3.563004165716086e-09,2.6257548024414617e-08,0.0,-2.006596946959388,0.9996707132712643,-0.0002917942434044398,-0.00029376119731492543,-1.2030081146210638,0.23206364370413496,-0.029055529083071102,-367.87991456427284,698.533570473876,-331.32556605726194,-0.6719101476590235
15.88,3.410749331118817e-09,2.513550637805071e-08,0.0,-2.006596946959388,0.9996707132712643,-0.0002917942434044398,-0.00029376119731492543,-1.2030081146210638,0.23206364370413496,-0.029055529083071102,-367.87991456427284,698.533570473876,-331.32556605726194,-0.6719101476590235
15.9,3.265000672698944e-09,2.406141199188699e-08,0.0,-2.006596946959388,0.9996707132712643,-0.0002917942434044398,-0.00029376119731492543,-1.2030081146210638,0.23206364370413496,-0.029055529083071102,-367.87991456427284,698.533570473876,-331.32556605726194,-0.6719101476590235
15.92,3.125480167614284e-09,2.3033215975956084e-08,0.0,-2.006596946959388,0.9996707132712643,-0.0002917942434044398,-0.00029376119731492543,-1.2030081146210638,0.23206364370413496,-0.029055529083071102,-367.87991456427284,698.533570473876,-331.32556605726194,-0.6719101476590235
15.94,2.9919216735304866e-09,2.2048956993792268e-08,0.0,-2.006596946959388,0.9996707132712643,-0.0002917942434044398,-0.00029376119731492543,-1.2030081146210638,0.23206364370413496,-0.029055529083071102,-367.87991456427284,698.533570473876,-331.32556605726194,-0.6719101476590235
15.96,2.8640704209419426e-09,2.110675752107431e-08,0.0,-2.006596946959388,0.9996707132712643,-0.0002917942434044398,-0.00029376119731492543,-1.2030081146210638,0.23206364370413496,-0.029055529083071102,-367.87991456427284,698.533570473876,-331.32556605726194,-0.6719101476590235
15.98,2.7416825271869183e-09,2.020482026417198e-08,0.0,-2.006596946959388,0.9996707132712643,-0.0002917942434044398,-0.00029376119731492543,-1.2030081146210638,0.23206364370413496,-0.029055529083071102,-367.87991456427284,698.533570473876,-331.32556605726194,-0.6719101476590235
16.0,2.6245245312297062e-09,1.934142473167805e-08,0.0,-2.006596946959388,0.9996707132712643,-0.0002917942434044398,-0.00029376119731492543,-1.2030081146210638,0.23206364370413496,-0.029055529083071102,-367.87991456427284,698.533570473876,-331.32556605726194,-0.6719101476590235
16.02,2.512372948322608e-09,1.8514923952512216e-08,0.0,-2.006596946959388,0.9996707132712643,-0.0002917942434044398,-0.00029376119731492543,-1.2030081146210638,0.23206364370413496,-0.029055529083071102,-367.87991456427284,698.533570473876,-331.32556605726194,-0.6719101476590235
16.04,2.405013843698078e-09,1.7723741334230195e-08,0.0,-2.006596946959388,0.9996707132712643,-0.0002917942434044398,-0.00029376119731492543,-1.2030081146210638,0.23206364370413496,-0.029055529083071102,-367.87991456427284,698.533570473876,-331.32556605726194,-0.6719101476590235
16.06,2.302242424477887e-09,1.6966367655589097e-08,0.0,-2.006596946959388,0.9996707132712643,-0.0002917942434044398,-0.00029376119731492543,-1.2030081146210638,0.23206364370413496,-0.029055529083071102,-367.87991456427284,698.533570473876,-331.32556605726194,-0.6719101476590235
16.080000000000002,2.2038626490208435e-09,1.6241358187625492e-08,0.0,-2.006596946959388,0.9996707132712643,-0.0002917942434044398,-0.00029376119731492543,-1.2030081146210638,0.23206364370413496,-0.029055529083071102,-367.87991456427284,698.533570473876,-331.32556605726194,-0.6719101476590235
16.1,2.1096868529639794e-09,1.554732993779126e-08,0.0,-2.006596946959388,0.9996707132712643,-0.0002917942434044398,-0.00029376119731492543,-1.2030081146210638,0.23206364370413496,-0.029055529083071102,-367.87991456427284,698.533570473876,-331.32556605726194,-0.6719101476590235
16.12,2.019535391243601e-09,1.4882959011765928e-08,0.0,-2.006596946959388,0.9996707132712643,-0.0002917942434044398,-0.00029376119731492543,-1.2030081146210638,0.23206364370413496,-0.029055529083071102,-367.87991456427284,698.533570473876,-331.32556605726194,-0.6719101476590235
16.14,1.933236295413697e-09,1.4246978088109498e-08,0.0,-2.006596946959388,0.9996707132712643,-0.0002917942434044398,-0.00029376119731492543,-1.2030081146210638,0.23206364370413496,-0.029055529083071102,-367.87991456427284,698.533570473876,-331.32556605726194,-0.6719101476590235
16.16,1.8506249456077662e-09,1.3638174000764644e-08,0.0,-2.006596946959388,0.9996707132712643,-0.0002917942434044398,-0.00029376119731492543,-1.2030081146210638,0.23206364370413496,-0.029055529083071102,-367.87991456427284,698.533570473876,-331.32556605726194,-0.6719101476590235
16.18,1.7715437565184128e-09,1.3055385424879125e-08,0.0,-2.006596946959388,0.9996707132712643,-0.0002917942434044398,-0.00029376119731492543,-1.2030081146210638,0.23206364370413496,-0.029055529083071102,-367.87991456427284,698.533570473876,-331.32556605726194,-0.6719101476590235
16.2,1.6958418767956929e-09,1.2497500661520106e-08,0.0,-2.006596946959388,0.9996707132712643,-0.0002917942434044398,-0.00029376119731492543,-1.2030081146210638,0.23206364370413496,-0.029055529083071102,-367.87991456427284,698.533570473876,-331.32556605726194,-0.6719101476590235
16.22,1.6233749012907976e-09,1.1963455517051171e-08,0.0,-2.006596946959388,0.9996707132712643,-0.0002917942434044398,-0.00029376119731492543,-1.2030081146210638,0.23206364370413496,-0.029055529083071102,-367.87991456427284,698.533570473876,-331.32556605726194,-0.6719101476590235
16.240000000000002,1.554004595596156e-09,1.1452231273123436e-08,0.0,-2.006596946959388,0.9996707132712643,-0.0002917942434044398,-0.00029376119731492543,-1.2030081146210638,0.23206364370413496,-0.029055529083071102,-367.87991456427284,698.533570473876,-331.32556605726194,-0.6719101476590235
16.26,1.4875986323565786e-09,1.0962852743439717e-08,0.0,-2.006596946959388,0.9996707132712643,-0.0002917942434044398,-0.00029376119731492543,-1.2030081146210638,0.23206364370413496,-0.029055529083071102,-367.87991456427284,698.533570473876,-331.32556605726194,-0.6719101476590235
16.28,1.4240303388482568e-09,1.0494386413496191e-08,0.0,-2.006596946959388,0.9996707132712643,-0.0002917942434044398,-0.00029376119731492543,-1.2030081146210638,0.23206364370413496,-0.029055529083071102,-367.87991456427284,698.533570473876,-331.32556605726194,-0.6719101476590235
16.3,1.3631784553443645e-09,1.0045938659890665e-08,0.0,-2.006596946959388,0.9996707132712643,-0.0002917942434044398,-0.00029376119731492543,-1.2030081146210638,0.23206364370413496,-0.029055529083071102,-367.87991456427284,698.533570473876,-331.32556605726194,-0.6719101476590235
16.32,1.3049269038061494e-09,9.616654045677726e-09,0.0,-2.006596946959388,0.9996707132712643,-0.0002917942434044398,-0.00029376119731492543,-1.2030081146210638,0.23206364370413496,-0.029055529083071102,-367.87991456427284,698.533570473876,-331.32556605726194,-0.6719101476590235
16.34,1.249164566458351e-09,9.205713688578622e-09,0.0,-2.006596946959388,0.9996707132712643,-0.0002917942434044398,-0.00029376119731492543,-1.2030081146210638,0.23206364370413496,-0.029055529083071102,-367.87991456427284,698.533570473876,-331.32556605726194,-0.6719101476590235
16.36,1.1957850738265582e-09,8.812333698921716e-09,0.0,-2.006596946959388,0.9996707132712643,-0.0002917942434044398,-0.00029376119731492543,-1.2030081146210638,0.23206364370413496,-0.029055529083071102,-367.87991456427284,698.533570473876,-331.32556605726194,-0.6719101476590235
16.38,1.1446866018321793e-09,8.435763684333195e-09,0.0,-2.006596946959388,0.9996707132712643,-0.0002917942434044398,-0.00029376119731492543,-1.2030081146210638,0.23206364370413496,-0.029055529083071102,-367.87991456427284,698.533570473876,-331.32556605726194,-0.6719101476590235
16.4,1.0957716775579714e-09,8.075285318324315e-09,0.0,-2.006596946959388,0.9996707132712643,-0.0002917942434044398,-0.00029376119731492543,-1.2030081146210638,0.23206364370413496,-0.029055529083071102,-367.87991456427284,698.533570473876,-331.32556605726194,-0.6719101476590235
16.42,1.0489469933136138e-09,7.73021097004476e-09,0.0,-2.006596946959388,0.9996707132712643,-0.0002917942434044398,-0.00029376119731492543,-1.2030081146210638,0.23206364370413496,-0.029055529083071102,-367.87991456427284,698.533570473876,-331.32556605726194,-0.6719101476590235
16.44,1.0041232286466932e-09,7.399882392605878e-09,0.0,-2.006596946959388,0.9996707132712643,-0.0002917942434044398,-0.00029376119731492543,-1.2030081146210638,0.23206364370413496,-0.029055529083071102,-367.87991456427284,698.533570473876,-331.32556605726194,-0.6719101476590235
16.46,9.61214879959454e-10,7.083669467413758e-09,0.0,-2.006596946959388,0.9996707132712643,-0.0002917942434044398,-0.00029376119731492543,-1.2030081146210638,0.23206364370413496,-0.029055529083071102,-367.87991456427284,698.533570473876,-331.32556605726194,-0.6719101476590235
16.48,9.201400974064674e-10,6.780969002208963e-09,0.0,-2.006596946959388,0.9996707132712643,-0.0002917942434044398,-0.00029376119731492543,-1.2030081146210638,0.23206364370413496,-0.029055529083071102,-367.87991456427284,698.533570473876,-331.32556605726194,-0.6719101476590235
16.5,8.808205287619725e-10,6.491203580438641e-09,0.0,-2.006596946959388,0.9996707132712643,-0.0002917942434044398,-0.00029376119731492543,-1.2030081146210638,0.23206364370413496,-0.029055529083071102,-367.87991456427284,698.533570473876,-331.32556605726194,-0.6719101476590235
16.52,8.431811699591014e-10,6.213820459804641e-09,0.0,-2.006596946959388,0.9996707132712643,-0.0002917942434044398,-0.00029376119731492543,-1.2030081146210638,0.23206364370413496,-0.029055529083071102,-367.87991456427284,698.533570473876,-331.32556605726194,-0.6719101476590235
16.54,8.071502220158836e-10,5.948290517879682e-09,0.0,-2.006596946959388,0.9996707132712643,-0.0002917942434044398,-0.00029376119731492543,-1.2030081146210638,0.23206364370413496,-0.029055529083071102,-367.87991456427284,698.533570473876,-331.32556605726194,-0.6719101476590235
16.56,7.726589540751042e-10,5.694107242779366e-09,0.0,-2.006596946959388,0.9996707132712643,-0.0002917942434044398,-0.00029376119731492543,-1.2030081146210638,0.23206364370413496,-0.029055529083071102,-367.87991456427284,698.533570473876,-331.32556605726194,-0.6719101476590235
16.580000000000002,7.396415722967563e-10,5.4507857669623086e-09,0.0,-2.006596946959388,0.9996707132712643,-0.0002917942434044398,-0.00029376119731492543,-1.2030081146210638,0.23206364370413496,-0.029055529083071102,-367.87991456427284,698.533570473876,-331.32556605726194,-0.6719101476590235
16.6,7.080350943530266e-10,5.217861942331473e-09,0.0,-2.006596946959388,0.9996707132712643,-0.0002917942434044398,-0.00029376119731492543,-1.2030081146210638,0.23206364370413496,-0.029055529083071102,-367.87991456427284,698.533570473876,-331.32556605726194,-0.6719101476590235
16.62,6.777792292863189e-10,4.994891454828285e-09,0.0,-2.006596946959388,0.9996707132712643,-0.0002917942434044398,-0.00029376119731492543,-1.2030081146210638,0.23206364370413496,-0.029055529083071102,-367.87991456427284,698.533570473876,-331.32556605726194,-0.6719101476590235
16.64,6.488162625012581e-10,4.781448976897683e-09,0.0,-2.006596946959388,0.9996707132712643,-0.0002917942434044398,-0.00029376119731492543,-1.2030081146210638,0.23206364370413496,-0.029055529083071102,-367.87991456427284,698.533570473876,-331.32556605726194,-0.6719101476590235
16.66,6.210909456712041e-10,4.577127356148156e-09,0.0,-2.006596946959388,0.9996707132712643,-0.0002917942434044398,-0.00029376119731492543,-1.2030081146210638,0.23206364370413496,-0.029055529083071102,-367.87991456427284,698.533570473876,-331.32556605726194,-0.6719101476590235
16.68,5.945503913492997e-10,4.381536838687986e-09,0.0,-2.006596946959388,0.9996707132712643,-0.0002917942434044398,-0.00029376119731492543,-1.2030081146210638,0.23206364370413496,-0.029055529083071102,-367.87991456427284,698.533570473876,-331.32556605726194,-0.6719101476590235
16.7,5.691439720830132e-10,4.194304325649634e-09,0.0,-2.006596946959388,0.9996707132712643,-0.0002917942434044398,-0.00029376119731492543,-1.2030081146210638,0.23206364370413496,-0.029055529083071102,-367.87991456427284,698.533570473876,-331.32556605726194,-0.6719101476590235
16.72,5.448232238397322e-10,4.015072661484848e-09,0.0,-2.006596946959388,0.9996707132712643,-0.0002917942434044398,-0.00029376119731492543,-1.2030081146210638,0.23206364370413496,-0.029055529083071102,-367.87991456427284,698.533570473876,-331.32556605726194,-0.6719101476590235
16.740000000000002,5.215417535591839e-10,3.843499952670729e-09,0.0,-2.006596946959388,0.9996707132712643,-0.0002917942434044398,-0.00029376119731492543,-1.2030081146210638,0.23206364370413496,-0.029055529083071102,-367.87991456427284,698.533570473876,-331.32556605726194,-0.6719101476590235
16.76,4.992551506563586e-10,3.679258915537587e-09,0.0,-2.006596946959388,0.9996707132712643,-0.0002917942434044398,-0.00029376119731492543,-1.2030081146210638,0.23206364370413496,-0.029055529083071102,-367.87991456427284,698.533570473876,-331.32556605726194,-0.6719101476590235
16.78,4.779209023060614e-10,3.5220362519451793e-09,0.0,-2.006596946959388,0.9996707132712643,-0.0002917942434044398,-0.00029376119731492543,-1.2030081146210638,0.23206364370413496,-0.029055529083071102,-367.87991456427284,698.533570473876,-331.32556605726194,-0.6719101476590235
16.8,4.5749831234757646e-10,3.371532051662146e-09,0.0,-2.006596946959388,0.9996707132712643,-0.0002917942434044398,-0.00029376119731492543,-1.2030081146210638,0.23206364370413496,-0.029055529083071102,-367.87991456427284,698.533570473876,-331.32556605726194,-0.6719101476590235
16.82,4.379484236546896e-10,3.2274592202678653e-09,0.0,-2.006596946959388,0.9996707132712643,-0.0002917942434044398,-0.00029376119731492543,-1.2030081146210638,0.23206364370413496,-0.029055529083071102,-367.87991456427284,698.533570473876,-331.32556605726194,-0.6719101476590235
16.84,4.192339438230089e-10,3.0895429315053034e-09,0.0,-2.006596946959388,0.9996707132712643,-0.0002917942434044398,-0.00029376119731492543,-1.2030081146210638,0.23206364370413496,-0.029055529083071102,-367.87991456427284,698.533570473876,-331.32556605726194,-0.6719101476590235
16.86,4.0131917403282523e-10,2.9575201030358413e-09,0.0,-2.006596946959388,0.9996707132712643,-0.0002917942434044398,-0.00029376119731492543,-1.2030081146210638,0.23206364370413496,-0.029055529083071102,-367.87991456427284,698.533570473876,-331.32556605726194,-0.6719101476590235
16.88,3.841699409518154e-10,2.8311388945966477e-09,0.0,-2.006596946959388,0.9996707132712643,-0.0002917942434044398,-0.00029376119731492543,-1.2030081146210638,0.23206364370413496,-0.029055529083071102,-367.87991456427284,698.533570473876,-331.32556605726194,-0.6719101476590235
16.9,3.6775353154768807e-10,2.7101582276020835e-09,0.0,-2.006596946959388,0.9996707132712643,-0.0002917942434044398,-0.00029376119731492543,-1.2030081146210638,0.23206364370413496,-0.029055529083071102,-367.87991456427284,698.533570473876,-331.32556605726194,-0.6719101476590235
16.92,3.520386306864228e-10,2.594347325273496e-09,0.0,-2.006596946959388,0.9996707132712643,-0.0002917942434044398,-0.00029376119731492543,-1.2030081146210638,0.23206364370413496,-0.029055529083071102,-367.87991456427284,698.533570473876,-331.32556605726194,-0.6719101476590235
16.94,3.369952613970836e-10,2.483485272425265e-09,0.0,-2.006596946959388,0.9996707132712643,-0.0002917942434044398,-0.00029376119731492543,-1.2030081146210638,0.23206364370413496,-0.029055529083071102,-367.87991456427284,698.533570473876,-331.32556605726194,-0.6719101476590235
16.96,3.2259472768921724e-10,2.3773605940488238e-09,0.0,-2.006596946959388,0.9996707132712643,-0.0002917942434044398,-0.00029376119731492543,-1.2030081146210638,0.23206364370413496,-0.029055529083071102,-367.87991456427284,698.533570473876,-331.32556605726194,-0.6719101476590235
16.98,3.0880955981381415e-10,2.27577085192126e-09,0.0,-2.006596946959388,0.9996707132712643,-0.0002917942434044398,-0.00029376119731492543,-1.2030081146210638,0.23206364370413496,-0.029055529083071102,-367.87991456427284,698.533570473876,-331.32556605726194,-0.6719101476590235
17.0,2.9561346186337315e-10,2.1785222584413495e-09,0.0,-2.006596946959388,0.9996707132712643,-0.0002917942434044398,-0.00029376119731492543,-1.2030081146210638,0.23206364370413496,-0.029055529083071102,-367.87991456427284,698.533570473876,-331.32556605726194,-0.6719101476590235
17.02,2.8298126161112963e-10,2.085429306969715e-09,0.0,-2.006596946959388,0.9996707132712643,-0.0002917942434044398,-0.00029376119731492543,-1.2030081146210638,0.23206364370413496,-0.029055529083071102,-367.87991456427284,698.533570473876,-331.32556605726194,-0.6719101476590235
17.04,2.708888624937613e-10,1.996314417965589e-09,0.0,-2.006596946959388,0.9996707132712643,-0.0002917942434044398,-0.00029376119731492543,-1.2030081146210638,0.23206364370413496,-0.029055529083071102,-367.87991456427284,698.533570473876,-331.32556605726194,-0.6719101476590235
17.06,2.593131976459758e-10,1.911007600244826e-09,0.0,-2.006596946959388,0.9996707132712643,-0.0002917942434044398,-0.00029376119731492543,-1.2030081146210638,0.23206364370413496,-0.029055529083071102,-367.87991456427284,698.533570473876,-331.32556605726194,-0.6719101476590235
17.080000000000002,2.4823218589929757e-10,1.82934612671235e-09,0.0,-2.006596946959388,0.9996707132712643,-0.0002917942434044398,-0.00029376119731492543,-1.2030081146210638,0.23206364370413496,-0.029055529083071102,-367.87991456427284,698.533570473876,-331.32556605726194,-0.6719101476590235
17.1,2.376246896611302e-10,1.7511742239553461e-09,0.0,-2.006596946959388,0.9996707132712643,-0.0002917942434044398,-0.00029376119731492543,-1.2030081146210638,0.23206364370413496,-0.029055529083071102,-367.87991456427284,698.533570473876,-331.32556605726194,-0.6719101476590235
17.12,2.2747047459371761e-10,1.6763427750911603e-09,0.0,-2.006596946959388,0.9996707132712643,-0.0002917942434044398,-0.00029376119731492543,-1.2030081146210638,0.23206364370413496,-0.029055529083071102,-367.87991456427284,698.533570473876,-331.32556605726194,-0.6719101476590235
17.14,2.1775017101612904e-10,1.6047090353247772e-09,0.0,-2.006596946959388,0.9996707132712643,-0.0002917942434044398,-0.00029376119731492543,-1.2030081146210638,0.23206364370413496,-0.029055529083071102,-367.87991456427284,698.533570473876,-331.32556605726194,-0.6719101476590235
17.16,2.0844523695561108e-10,1.5361363596539585e-09,0.0,-2.006596946959388,0.9996707132712643,-0.0002917942434044398,-0.00029376119731492543,-1.2030081146210638,0.23206364370413496,-0.029055529083071102,-367.87991456427284,698.533570473876,-331.32556605726194,-0.6719101476590235
17.18,1.9953792277783618e-10,1.4704939422118612e-09,0.0,-2.006596946959388,0.9996707132712643,-0.0002917942434044398,-0.00029376119731492543,-1.2030081146210638,0.23206364370413496,-0.029055529083071102,-367.87991456427284,698.533570473876,-331.32556605726194,-0.6719101476590235
17.2,1.910112373285767e-10,1.4076565667483384e-09,0.0,-2.006596946959388,0.9996707132712643,-0.0002917942434044398,-0.00029376119731492543,-1.2030081146210638,0.23206364370413496,-0.029055529083071102,-367.87991456427284,698.533570473876,-331.32556605726194,-0.6719101476590235
17.22,1.8284891552221806e-10,1.3475043677735298e-09,0.0,-2.006596946959388,0.9996707132712643,-0.0002917942434044398,-0.00029376119731492543,-1.2030081146210638,0.23206364370413496,-0.029055529083071102,-367.87991456427284,698.533570473876,-331.32556605726194,-0.6719101476590235
17.240000000000002,1.7503538731528287e-10,1.2899226019078549e-09,0.0,-2.006596946959388,0.9996707132712643,-0.0002917942434044398,-0.00029376119731492543,-1.2030081146210638,0.23206364370413496,-0.029055529083071102,-367.87991456427284,698.533570473876,-331.32556605726194,-0.6719101476590235
17.26,1.6755574800579007e-10,1.2348014290055596e-09,0.0,-2.006596946959388,0.9996707132712643,-0.0002917942434044398,-0.00029376119731492543,-1.2030081146210638,0.23206364370413496,-0.029055529083071102,-367.87991456427284,698.533570473876,-331.32556605726194,-0.6719101476590235
17.28,1.603957298017724e-10,1.1820357026245738e-09,0.0,-2.006596946959388,0.9996707132712643,-0.0002917942434044398,-0.00029376119731492543,-1.2030081146210638,0.23206364370413496,-0.029055529083071102,-367.87991456427284,698.533570473876,-331.32556605726194,-0.6719101476590235
17.3,1.5354167460474584e-10,1.1315247694581783e-09,0.0,-2.006596946959388,0.9996707132712643,-0.0002917942434044398,-0.00029376119731492543,-1.2030081146210638,0.23206364370413496,-0.029055529083071102,-367.87991456427284,698.533570473876,-331.32556605726194,-0.6719101476590235
17.32,1.4698050795619355e-10,1.0831722773323883e-09,0.0,-2.006596946959388,0.9996707132712643,-0.0002917942434044398,-0.00029376119731492543,-1.2030081146210638,0.23206364370413496,-0.029055529083071102,-367.87991456427284,698.533570473876,-331.32556605726194,-0.6719101476590235
17.34,1.406997140973737e-10,1.0368859914092979e-09,0.0,-2.006596946959388,0.9996707132712643,-0.0002917942434044398,-0.00029376119731492543,-1.2030081146210638,0.23206364370413496,-0.029055529083071102,-367.87991456427284,698.533570473876,-331.32556605726194,-0.6719101476590235
17.36,1.3468731209487521e-10,9.925776182444047e-10,0.0,-2.006596946959388,0.9996707132712643,-0.0002917942434044398,-0.00029376119731492543,-1.2030081146210638,0.23206364370413496,-0.029055529083071102,-367.87991456427284,698.533570473876,-331.32556605726194,-0.6719101476590235
17.38,1.2893183298637988e-10,9.501626373624001e-10,0.0,-2.006596946959388,0.9996707132712643,-0.0002917942434044398,-0.00029376119731492543,-1.2030081146210638,0.23206364370413496,-0.029055529083071102,-367.87991456427284,698.533570473876,-331.32556605726194,-0.6719101476590235
17.400000000000002,1.2342229790303437e-10,9.095601400297226e-10,0.0,-2.006596946959388,0.9996707132712643,-0.0002917942434044398,-0.00029376119731492543,-1.2030081146210638,0.23206364370413496,-0.029055529083071102,-367.87991456427284,698.533570473876,-331.32556605726194,-0.6719101476590235
17.42,1.1814819712670506e-10,8.706926749187086e-10,0.0,-2.006596946959388,0.9996707132712643,-0.0002917942434044398,-0.00029376119731492543,-1.2030081146210638,0.23206364370413496,-0.029055529083071102,-367.87991456427284,698.533570473876,-331.32556605726194,-0.6719101476590235
17.44,1.1309947004215184e-10,8.334861003621323e-10,0.0,-2.006596946959388,0.9996707132712643,-0.0002917942434044398,-0.00029376119731492543,-1.2030081146210638,0.23206364370413496,-0.029055529083071102,-367.87991456427284,698.533570473876,-331.32556605726194,-0.6719101476590235
17.46,1.0826648594589804e-10,7.978694429268532e-10,0.0,-2.006596946959388,0.9996707132712643,-0.0002917942434044398,-0.00029376119731492543,-1.2030081146210638,0.23206364370413496,-0.029055529083071102,-367.87991456427284,698.533570473876,-331.32556605726194,-0.6719101476590235
17.48,1.0364002567517433e-10,7.637747620275191e-10,0.0,-2.006596946959388,0.9996707132712643,-0.0002917942434044398,-0.00029376119731492543,-1.2030081146210638,0.23206364370413496,-0.029055529083071102,-367.87991456427284,698.533570473876,-331.32556605726194,-0.6719101476590235
17.5,9.921126402189802e-11,7.311370203263998e-10,0.0,-2.006596946959388,0.9996707132712643,-0.0002917942434044398,-0.00029376119731492543,-1.2030081146210638,0.23206364370413496,-0.029055529083071102,-367.87991456427284,698.533570473876,-331.32556605726194,-0.6719101476590235
17.52,9.497175289814084e-11,6.998939596713663e-10,0.0,-2.006596946959388,0.9996707132712643,-0.0002917942434044398,-0.00029376119731492543,-1.2030081146210638,0.23206364370413496,-0.029055529083071102,-367.87991456427284,698.533570473876,-331.32556605726194,-0.6719101476590235
17.54,9.09134052209726e-11,6.699859823353333e-10,0.0,-2.006596946959388,0.9996707132712643,-0.0002917942434044398,-0.00029376119731492543,-1.2030081146210638,0.23206364370413496,-0.029055529083071102,-367.87991456427284,698.533570473876,-331.32556605726194,-0.6719101476590235
17.56,8.702847948594009e-11,6.413560373305531e-10,0.0,-2.006596946959388,0.9996707132712643,-0.0002917942434044398,-0.00029376119731492543,-1.2030081146210638,0.23206364370413496,-0.029055529083071102,-367.87991456427284,698.533570473876,-331.32556605726194,-0.6719101476590235
17.580000000000002,8.330956499975384e-11,6.139495115806816e-10,0.0,-2.006596946959388,0.9996707132712643,-0.0002917942434044398,-0.00029376119731492543,-1.2030081146210638,0.23206364370413496,-0.029055529083071102,-367.87991456427284,698.533570473876,-331.32556605726194,-0.6719101476590235
17.6,7.974956774401724e-11,5.877141257447743e-10,0.0,-2.006596946959388,0.9996707132712643,-0.0002917942434044398,-0.00029376119731492543,-1.2030081146210638,0.23206364370413496,-0.029055529083071102,-367.87991456427284,698.533570473876,-331.32556605726194,-0.6719101476590235
17.62,7.63416968430223e-11,5.625998344896049e-10,0.0,-2.006596946959388,0.9996707132712643,-0.0002917942434044398,-0.00029376119731492543,-1.2030081146210638,0.23206364370413496,-0.029055529083071102,-367.87991456427284,698.533570473876,-331.32556605726194,-0.6719101476590235
17.64,7.307945160981211e-11,5.385587310274687e-10,0.0,-2.006596946959388,0.9996707132712643,-0.0002917942434044398,-0.00029376119731492543,-1.2030081146210638,0.23206364370413496,-0.029055529083071102,-367.87991456427284,698.533570473876,-331.32556605726194,-0.6719101476590235
17.66,6.995660914579001e-11,5.155449557309861e-10,0.0,-2.006596946959388,0.9996707132712643,-0.0002917942434044398,-0.00029376119731492543,-1.2030081146210638,0.23206364370413496,-0.029055529083071102,-367.87991456427284,698.533570473876,-331.32556605726194,-0.6719101476590235
17.68,6.696721247022453e-11,4.935146086534465e-10,0.0,-2.006596946959388,0.9996707132712643,-0.0002917942434044398,-0.00029376119731492543,-1.2030081146210638,0.23206364370413496,-0.029055529083071102,-367.87991456427284,698.533570473876,-331.32556605726194,-0.6719101476590235
17.7,6.410555915700618e-11,4.724256657874911e-10,0.0,-2.006596946959388,0.9996707132712643,-0.0002917942434044398,-0.00029376119731492543,-1.2030081146210638,0.23206364370413496,-0.029055529083071102,-367.87991456427284,698.533570473876,-331.32556605726194,-0.6719101476590235
17.72,6.13661904569801e-11,4.522378989021433e-10,0.0,-2.006596946959388,0.9996707132712643,-0.0002917942434044398,-0.00029376119731492543,-1.2030081146210638,0.23206364370413496,-0.029055529083071102,-367.87991456427284,698.533570473876,-331.32556605726194,-0.6719101476590235
17.740000000000002,5.874388088510441e-11,4.329127988052955e-10,0.0,-2.006596946959388,0.9996707132712643,-0.0002917942434044398,-0.00029376119731492543,-1.2030081146210638,0.23206364370413496,-0.029055529083071102,-367.87991456427284,698.533570473876,-331.32556605726194,-0.6719101476590235
17.76,5.6233628252574e-11,4.144135018862496e-10,0.0,-2.006596946959388,0.9996707132712643,-0.0002917942434044398,-0.00029376119731492543,-1.2030081146210638,0.23206364370413496,-0.029055529083071102,-367.87991456427284,698.533570473876,-331.32556605726194,-0.6719101476590235
17.78,5.3830644124888537e-11,3.9670471979500636e-10,0.0,-2.006596946959388,0.9996707132712643,-0.0002917942434044398,-0.00029376119731492543,-1.2030081146210638,0.23206364370413496,-0.029055529083071102,-367.87991456427284,698.533570473876,-331.32556605726194,-0.6719101476590235
17.8,5.1530344687672266e-11,3.7975267212922686e-10,0.0,-2.006596946959388,0.9996707132712643,-0.0002917942434044398,-0.00029376119731492543,-1.2030081146210638,0.23206364370413496,-0.029055529083071102,-367.87991456427284,698.533570473876,-331.32556605726194,-0.6719101476590235
17.82,4.932834200281493e-11,3.635250219959757e-10,0.0,-2.006596946959388,0.9996707132712643,-0.0002917942434044398,-0.00029376119731492543,-1.2030081146210638,0.23206364370413496,-0.029055529083071102,-367.87991456427284,698.533570473876,-331.32556605726194,-0.6719101476590235
17.84,4.7220435638256934e-11,3.479908143274193e-10,0.0,-2.006596946959388,0.9996707132712643,-0.0002917942434044398,-0.00029376119731492543,-1.2030081146210638,0.23206364370413496,-0.029055529083071102,-367.87991456427284,698.533570473876,-331.32556605726194,-0.6719101476590235
17.86,4.5202604655451804e-11,3.3312041683249433e-10,0.0,-2.006596946959388,0.9996707132712643,-0.0002917942434044398,-0.00029376119731492543,-1.2030081146210638,0.23206364370413496,-0.029055529083071102,-367.87991456427284,698.533570473876,-331.32556605726194,-0.6719101476590235
17.88,4.3270999939221656e-11,3.1888546347177905e-10,0.0,-2.006596946959388,0.9996707132712643,-0.0002917942434044398,-0.00029376119731492543,-1.2030081146210638,0.23206364370413496,-0.029055529083071102,-367.87991456427284,698.533570473876,-331.32556605726194,-0.6719101476590235
17.900000000000002,4.142193685537416e-11,3.0525880034776004e-10,0.0,-2.006596946959388,0.9996707132712643,-0.0002917942434044398,-0.00029376119731492543,-1.2030081146210638,0.23206364370413496,-0.029055529083071102,-367.87991456427284,698.533570473876,-331.32556605726194,-0.6719101476590235
17.92,3.9651888222076964e-11,2.922144339079296e-10,0.0,-2.006596946959388,0.9996707132712643,-0.0002917942434044398,-0.00029376119731492543,-1.2030081146210638,0.23206364370413496,-0.029055529083071102,-367.87991456427284,698.533570473876,-331.32556605726194,-0.6719101476590235
17.94,3.795747758157711e-11,2.7972748135970105e-10,0.0,-2.006596946959388,0.9996707132712643,-0.0002917942434044398,-0.00029376119731492543,-1.2030081146210638,0.23206364370413496,-0.029055529083071102,-367.87991456427284,698.533570473876,-331.32556605726194,-0.6719101476590235
17.96,3.633547275943766e-11,2.677741232061355e-10,0.0,-2.006596946959388,0.9996707132712643,-0.0002917942434044398,-0.00029376119731492543,-1.2030081146210638,0.23206364370413496,-0.029055529083071102,-367.87991456427284,698.533570473876,-331.32556605726194,-0.6719101476590235
17.98,3.478277969900045e-11,2.563315578087451e-10,0.0,-2.006596946959388,0.9996707132712643,-0.0002917942434044398,-0.00029376119731492543,-1.2030081146210638,0.23206364370413496,-0.029055529083071102,-367.87991456427284,698.533570473876,-331.32556605726194,-0.6719101476590235
18.0,3.329643655931583e-11,2.453779578921695e-10,0.0,-2.006596946959388,0.9996707132712643,-0.0002917942434044398,-0.00029376119731492543,-1.2030081146210638,0.23206364370413496,-0.029055529083071102,-367.87991456427284,698.533570473876,-331.32556605726194,-0.6719101476590235
18.02,3.187360806528052e-11,2.348924289075733e-10,0.0,-2.006596946959388,0.9996707132712643,-0.0002917942434044398,-0.00029376119731492543,-1.2030081146210638,0.23206364370413496,-0.029055529083071102,-367.87991456427284,698.533570473876,-331.32556605726194,-0.6719101476590235
18.04,3.051158009920632e-11,2.2485496917522557e-10,0.0,-2.006596946959388,0.9996707132712643,-0.0002917942434044398,-0.00029376119731492543,-1.2030081146210638,0.23206364370413496,-0.029055529083071102,-367.87991456427284,698.533570473876,-331.32556605726194,-0.6719101476590235
18.06,2.920775452350265e-11,2.1524643173027867e-10,0.0,-2.006596946959388,0.9996707132712643,-0.0002917942434044398,-0.00029376119731492543,-1.2030081146210638,0.23206364370413496,-0.029055529083071102,-367.87991456427284,698.533570473876,-331.32556605726194,-0.6719101476590235
18.080000000000002,2.7959644224596914e-11,2.060484877988756e-10,0.0,-2.006596946959388,0.9996707132712643,-0.0002917942434044398,-0.00029376119731492543,-1.2030081146210638,0.23206364370413496,-0.029055529083071102,-367.87991456427284,698.533570473876,-331.32556605726194,-0.6719101476590235
18.1,2.676486836863982e-11,1.9724359183547418e-10,0.0,-2.006596946959388,0.9996707132712643,-0.0002917942434044398,-0.00029376119731492543,-1.2030081146210638,0.23206364370413496,-0.029055529083071102,-367.87991456427284,698.533570473876,-331.32556605726194,-0.6719101476590235
18.12,2.5621147859942504e-11,1.8881494805311162e-10,0.0,-2.006596946959388,0.9996707132712643,-0.0002917942434044398,-0.00029376119731492543,-1.2030081146210638,0.23206364370413496,-0.029055529083071102,-367.87991456427284,698.533570473876,-331.32556605726194,-0.6719101476590235
18.14,2.452630099348652e-11,1.8074647838519125e-10,0.0,-2.006596946959388,0.9996707132712643,-0.0002917942434044398,-0.00029376119731492543,-1.2030081146210638,0.23206364370413496,-0.029055529083071102,-367.87991456427284,698.533570473876,-331.32556605726194,-0.6719101476590235
18.16,2.347823929321049e-11,1.730227918155537e-10,0.0,-2.006596946959388,0.9996707132712643,-0.0002917942434044398,-0.00029376119731492543,-1.2030081146210638,0.23206364370413496,-0.029055529083071102,-367.87991456427284,698.533570473876,-331.32556605726194,-0.6719101476590235
18.18,2.2474963528135864e-11,1.6562915501932055e-10,0.0,-2.006596946959388,0.9996707132712643,-0.0002917942434044398,-0.00029376119731492543,-1.2030081146210638,0.23206364370413496,-0.029055529083071102,-367.87991456427284,698.533570473876,-331.32556605726194,-0.6719101476590235
18.2,2.1514559898732217e-11,1.5855146425834073e-10,0.0,-2.006596946959388,0.9996707132712643,-0.0002917942434044398,-0.00029376119731492543,-1.2030081146210638,0.23206364370413496,-0.029055529083071102,-367.87991456427284,698.533570473876,-331.32556605726194,-0.6719101476590235
18.22,2.059519638624737e-11,1.5177621847759505e-10,0.0,-2.006596946959388,0.9996707132712643,-0.0002917942434044398,-0.00029376119731492543,-1.2030081146210638,0.23206364370413496,-0.029055529083071102,-367.87991456427284,698.533570473876,-331.32556605726194,-0.6719101476590235
18.240000000000002,1.9715119258038366e-11,1.4529049355117768e-10,0.0,-2.006596946959388,0.9996707132712643,-0.0002917942434044398,-0.00029376119731492543,-1.2030081146210638,0.23206364370413496,-0.029055529083071102,-367.87991456427284,698.533570473876,-331.32556605726194,-0.6719101476590235
18.26,1.8872649722237936e-11,1.390819176291532e-10,0.0,-2.006596946959388,0.9996707132712643,-0.0002917942434044398,-0.00029376119731492543,-1.2030081146210638,0.23206364370413496,-0.029055529083071102,-367.87991456427284,698.533570473876,-331.32556605726194,-0.6719101476590235
18.28,1.8066180725372735e-11,1.331386475371174e-10,0.0,-2.006596946959388,0.9996707132712643,-0.0002917942434044398,-0.00029376119731492543,-1.2030081146210638,0.23206364370413496,-0.029055529083071102,-367.87991456427284,698.533570473876,-331.32556605726194,-0.6719101476590235
18.3,1.729417388682777e-11,1.2744934618516894e-10,0.0,-2.006596946959388,0.9996707132712643,-0.0002917942434044398,-0.00029376119731492543,-1.2030081146210638,0.23206364370413496,-0.029055529083071102,-367.87991456427284,698.533570473876,-331.32556605726194,-0.6719101476590235
18.32,1.6555156564307067e-11,1.2200316094169473e-10,0.0,-2.006596946959388,0.9996707132712643,-0.0002917942434044398,-0.00029376119731492543,-1.2030081146210638,0.23206364370413496,-0.029055529083071102,-367.87991456427284,698.533570473876,-331.32556605726194,-0.6719101476590235
18.34,1.5847719044693622e-11,1.167897029314105e-10,0.0,-2.006596946959388,0.9996707132712643,-0.0002917942434044398,-0.00029376119731492543,-1.2030081146210638,0.23206364370413496,-0.029055529083071102,-367.87991456427284,698.533570473876,-331.32556605726194,-0.6719101476590235
18.36,1.5170511854949976e-11,1.11799027218061e-10,0.0,-2.006596946959388,0.9996707132712643,-0.0002917942434044398,-0.00029376119731492543,-1.2030081146210638,0.23206364370413496,-0.029055529083071102,-367.87991456427284,698.533570473876,-331.32556605726194,-0.6719101476590235
18.38,1.4522243187929796e-11,1.0702161383395268e-10,0.0,-2.006596946959388,0.9996707132712643,-0.0002917942434044398,-0.00029376119731492543,-1.2030081146210638,0.23206364370413496,-0.029055529083071102,-367.87991456427284,698.533570473876,-331.32556605726194,-0.6719101476590235
18.400000000000002,1.3901676438189977e-11,1.0244834962008742e-10,0.0,-2.006596946959388,0.9996707132712643,-0.0002917942434044398,-0.00029376119731492543,-1.2030081146210638,0.23206364370413496,-0.029055529083071102,-367.87991456427284,698.533570473876,-331.32556605726194,-0.6719101476590235
18.42,1.3307627843103339e-11,9.807051084254186e-11,0.0,-2.006596946959388,0.9996707132712643,-0.0002917942434044398,-0.00029376119731492543,-1.2030081146210638,0.23206364370413496,-0.029055529083071102,-367.87991456427284,698.533570473876,-331.32556605726194,-0.6719101476590235
18.44,1.2738964224770564e-11,9.387974655114548e-11,0.0,-2.006596946959388,0.9996707132712643,-0.0002917942434044398,-0.00029376119731492543,-1.2030081146210638,0.23206364370413496,-0.029055529083071102,-367.87991456427284,698.533570473876,-331.32556605726194,-0.6719101476590235
18.46,1.219460082842619e-11,8.986806264992628e-11,0.0,-2.006596946959388,0.9996707132712643,-0.0002917942434044398,-0.00029376119731492543,-1.2030081146210638,0.23206364370413496,-0.029055529083071102,-367.87991456427284,698.533570473876,-331.32556605726194,-0.6719101476590235
18.48,1.167349925321366e-11,8.602780664786211e-11,0.0,-2.006596946959388,0.9996707132712643,-0.0002917942434044398,-0.00029376119731492543,-1.2030081146210638,0.23206364370413496,-0.029055529083071102,-367.87991456427284,698.533570473876,-331.32556605726194,-0.6719101476590235
18.5,1.1174665471382905e-11,8.235165306135631e-11,0.0,-2.006596946959388,0.9996707132712643,-0.0002917942434044398,-0.00029376119731492543,-1.2030081146210638,0.23206364370413496,-0.029055529083071102,-367.87991456427284,698.533570473876,-331.32556605726194,-0.6719101476590235
18.52,1.0697147932131864e-11,7.88325894405158e-11,0.0,-2.006596946959388,0.9996707132712643,-0.0002917942434044398,-0.00029376119731492543,-1.2030081146210638,0.23206364370413496,-0.029055529083071102,-367.87991456427284,698.533570473876,-331.32556605726194,-0.6719101476590235
18.54,1.0240035746474966e-11,7.546390299254458e-11,0.0,-2.006596946959388,0.9996707132712643,-0.0002917942434044398,-0.00029376119731492543,-1.2030081146210638,0.23206364370413496,-0.029055529083071102,-367.87991456427284,698.533570473876,-331.32556605726194,-0.6719101476590235
18.56,9.802456949676074e-12,7.223916777674756e-11,0.0,-2.006596946959388,0.9996707132712643,-0.0002917942434044398,-0.00029376119731492543,-1.2030081146210638,0.23206364370413496,-0.029055529083071102,-367.87991456427284,698.533570473876,-331.32556605726194,-0.6719101476590235
18.580000000000002,9.38357683793136e-12,6.915223244670212e-11,0.0,-2.006596946959388,0.9996707132712643,-0.0002917942434044398,-0.00029376119731492543,-1.2030081146210638,0.23206364370413496,-0.029055529083071102,-367.87991456427284,698.533570473876,-331.32556605726194,-0.6719101476590235
18.6,8.982596376129655e-12,6.619720851637484e-11,0.0,-2.006596946959388,0.9996707132712643,-0.0002917942434044398,-0.00029376119731492543,-1.2030081146210638,0.23206364370413496,-0.029055529083071102,-367.87991456427284,698.533570473876,-331.32556605726194,-0.6719101476590235
18.62,8.598750673651904e-12,6.336845912729642e-11,0.0,-2.006596946959388,0.9996707132712643,-0.0002917942434044398,-0.00029376119731492543,-1.2030081146210638,0.23206364370413496,-0.029055529083071102,-367.87991456427284,698.533570473876,-331.32556605726194,-0.6719101476590235
18.64,8.231307525303712e-12,6.066058829617554e-11,0.0,-2.006596946959388,0.9996707132712643,-0.0002917942434044398,-0.00029376119731492543,-1.2030081146210638,0.23206364370413496,-0.029055529083071102,-367.87991456427284,698.533570473876,-331.32556605726194,-0.6719101476590235
18.66,7.879566014596661e-12,5.806843062171599e-11,0.0,-2.006596946959388,0.9996707132712643,-0.0002917942434044398,-0.00029376119731492543,-1.2030081146210638,0.23206364370413496,-0.029055529083071102,-367.87991456427284,698.533570473876,-331.32556605726194,-0.6719101476590235
18.68,7.542855176714458e-12,5.558704143134553e-11,0.0,-2.006596946959388,0.9996707132712643,-0.0002917942434044398,-0.00029376119731492543,-1.2030081146210638,0.23206364370413496,-0.029055529083071102,-367.87991456427284,698.533570473876,-331.32556605726194,-0.6719101476590235
18.7,7.220532718613447e-12,5.321168734900942e-11,0.0,-2.006596946959388,0.9996707132712643,-0.0002917942434044398,-0.00029376119731492543,-1.2030081146210638,0.23206364370413496,-0.029055529083071102,-367.87991456427284,698.533570473876,-331.32556605726194,-0.6719101476590235
18.72,6.911983793815968e-12,5.0937837266013626e-11,0.0,-2.006596946959388,0.9996707132712643,-0.0002917942434044398,-0.00029376119731492543,-1.2030081146210638,0.23206364370413496,-0.029055529083071102,-367.87991456427284,698.533570473876,-331.32556605726194,-0.6719101476590235
18.740000000000002,6.616619829559392e-12,4.876115369768305e-11,0.0,-2.006596946959388,0.9996707132712643,-0.0002917942434044398,-0.00029376119731492543,-1.2030081146210638,0.23206364370413496,-0.029055529083071102,-367.87991456427284,698.533570473876,-331.32556605726194,-0.6719101476590235
18.76,6.333877404063865e-12,4.6677484509484905e-11,0.0,-2.006596946959388,0.9996707132712643,-0.0002917942434044398,-0.00029376119731492543,-1.2030081146210638,0.23206364370413496,-0.029055529083071102,-367.87991456427284,698.533570473876,-331.32556605726194,-0.6719101476590235
18.78,6.063217171776291e-12,4.468285499644641e-11,0.0,-2.006596946959388,0.9996707132712643,-0.0002917942434044398,-0.00029376119731492543,-1.2030081146210638,0.23206364370413496,-0.029055529083071102,-367.87991456427284,698.533570473876,-331.32556605726194,-0.6719101476590235
18.8,5.804122834541482e-12,4.2773460301351983e-11,0.0,-2.006596946959388,0.9996707132712643,-0.0002917942434044398,-0.00029376119731492543,-1.2030081146210638,0.23206364370413496,-0.029055529083071102,-367.87991456427284,698.533570473876,-331.32556605726194,-0.6719101476590235
18.82,5.556100156737131e-12,4.0945658156733755e-11,0.0,-2.006596946959388,0.9996707132712643,-0.0002917942434044398,-0.00029376119731492543,-1.2030081146210638,0.23206364370413496,-0.029055529083071102,-367.87991456427284,698.533570473876,-331.32556605726194,-0.6719101476590235
18.84,5.318676022494236e-12,3.9195961937061307e-11,0.0,-2.006596946959388,0.9996707132712643,-0.0002917942434044398,-0.00029376119731492543,-1.2030081146210638,0.23206364370413496,-0.029055529083071102,-367.87991456427284,698.533570473876,-331.32556605726194,-0.6719101476590235
18.86,5.091397533204525e-12,3.7521034007826957e-11,0.0,-2.006596946959388,0.9996707132712643,-0.0002917942434044398,-0.00029376119731492543,-1.2030081146210638,0.23206364370413496,-0.029055529083071102,-367.87991456427284,698.533570473876,-331.32556605726194,-0.6719101476590235
18.88,4.873831143593329e-12,3.591767935883789e-11,0.0,-2.006596946959388,0.9996707132712643,-0.0002917942434044398,-0.00029376119731492543,-1.2030081146210638,0.23206364370413496,-0.029055529083071102,-367.87991456427284,698.533570473876,-331.32556605726194,-0.6719101476590235
18.900000000000002,4.665561834709898e-12,3.438283950956044e-11,0.0,-2.006596946959388,0.9996707132712643,-0.0002917942434044398,-0.00029376119731492543,-1.2030081146210638,0.23206364370413496,-0.029055529083071102,-367.87991456427284,698.533570473876,-331.32556605726194,-0.6719101476590235
18.92,4.466192322257796e-12,3.2913586674976525e-11,0.0,-2.006596946959388,0.9996707132712643,-0.0002917942434044398,-0.00029376119731492543,-1.2030081146210638,0.23206364370413496,-0.029055529083071102,-367.87991456427284,698.533570473876,-331.32556605726194,-0.6719101476590235
18.94,4.275342298754681e-12,3.1507118180562755e-11,0.0,-2.006596946959388,0.9996707132712643,-0.0002917942434044398,-0.00029376119731492543,-1.2030081146210638,0.23206364370413496,-0.029055529083071102,-367.87991456427284,698.533570473876,-331.32556605726194,-0.6719101476590235
18.96,4.092647708076594e-12,3.0160751116153015e-11,0.0,-2.006596946959388,0.9996707132712643,-0.0002917942434044398,-0.00029376119731492543,-1.2030081146210638,0.23206364370413496,-0.029055529083071102,-367.87991456427284,698.533570473876,-331.32556605726194,-0.6719101476590235
18.98,3.917760051002359e-12,2.8871917218114003e-11,0.0,-2.006596946959388,0.9996707132712643,-0.0002917942434044398,-0.00029376119731492543,-1.2030081146210638,0.23206364370413496,-0.029055529083071102,-367.87991456427284,698.533570473876,-331.32556605726194,-0.6719101476590235
19.0,3.750345720433605e-12,2.7638157970251326e-11,0.0,-2.006596946959388,0.9996707132712643,-0.0002917942434044398,-0.00029376119731492543,-1.2030081146210638,0.23206364370413496,-0.029055529083071102,-367.87991456427284,698.533570473876,-331.32556605726194,-0.6719101476590235
19.02,3.590085365022257e-12,2.645711991406508e-11,0.0,-2.006596946959388,0.9996707132712643,-0.0002917942434044398,-0.00029376119731492543,-1.2030081146210638,0.23206364370413496,-0.029055529083071102,-367.87991456427284,698.533570473876,-331.32556605726194,-0.6719101476590235
19.04,3.4366732799916036e-12,2.532655015941005e-11,0.0,-2.006596946959388,0.9996707132712643,-0.0002917942434044398,-0.00029376119731492543,-1.2030081146210638,0.23206364370413496,-0.029055529083071102,-367.87991456427284,698.533570473876,-331.32556605726194,-0.6719101476590235
19.06,3.2898168239888937e-12,2.4244292086991096e-11,0.0,-2.006596946959388,0.9996707132712643,-0.0002917942434044398,-0.00029376119731492543,-1.2030081146210638,0.23206364370413496,-0.029055529083071102,-367.87991456427284,698.533570473876,-331.32556605726194,-0.6719101476590235
19.080000000000002,3.1492358608570505e-12,2.3208281234495228e-11,0.0,-2.006596946959388,0.9996707132712643,-0.0002917942434044398,-0.00029376119731492543,-1.2030081146210638,0.23206364370413496,-0.029055529083071102,-367.87991456427284,698.533570473876,-331.32556605726194,-0.6719101476590235
19.1,3.0146622252608116e-12,2.2216541358567424e-11,0.0,-2.006596946959388,0.9996707132712643,-0.0002917942434044398,-0.00029376119731492543,-1.2030081146210638,0.23206364370413496,-0.029055529083071102,-367.87991456427284,698.533570473876,-331.32556605726194,-0.6719101476590235
19.12,2.885839211147561e-12,2.1267180664944802e-11,0.0,-2.006596946959388,0.9996707132712643,-0.0002917942434044398,-0.00029376119731492543,-1.2030081146210638,0.23206364370413496,-0.029055529083071102,-367.87991456427284,698.533570473876,-331.32556605726194,-0.6719101476590235
19.14,2.7625210820675827e-12,2.0358388199833528e-11,0.0,-2.006596946959388,0.9996707132712643,-0.0002917942434044398,-0.00029376119731492543,-1.2030081146210638,0.23206364370413496,-0.029055529083071102,-367.87991456427284,698.533570473876,-331.32556605726194,-0.6719101476590235
19.16,2.6444726024192672e-12,1.9488430395397535e-11,0.0,-2.006596946959388,0.9996707132712643,-0.0002917942434044398,-0.00029376119731492543,-1.2030081146210638,0.23206364370413496,-0.029055529083071102,-367.87991456427284,698.533570473876,-331.32556605726194,-0.6719101476590235
19.18,2.5314685887252414e-12,1.8655647762889768e-11,0.0,-2.006596946959388,0.9996707132712643,-0.0002917942434044398,-0.00029376119731492543,-1.2030081146210638,0.23206364370413496,-0.029055529083071102,-367.87991456427284,698.533570473876,-331.32556605726194,-0.6719101476590235
19.2,2.423293480083434e-12,1.7858451727093446e-11,0.0,-2.006596946959388,0.9996707132712643,-0.0002917942434044398,-0.00029376119731492543,-1.2030081146210638,0.23206364370413496,-0.029055529083071102,-367.87991456427284,698.533570473876,-331.32556605726194,-0.6719101476590235
19.22,2.3197409269736942e-12,1.709532159603443e-11,0.0,-2.006596946959388,0.9996707132712643,-0.0002917942434044398,-0.00029376119731492543,-1.2030081146210638,0.23206364370413496,-0.029055529083071102,-367.87991456427284,698.533570473876,-331.32556605726194,-0.6719101476590235
19.240000000000002,2.220613397635573e-12,1.6364801660177178e-11,0.0,-2.006596946959388,0.9996707132712643,-0.0002917942434044398,-0.00029376119731492543,-1.2030081146210638,0.23206364370413496,-0.029055529083071102,-367.87991456427284,698.533570473876,-331.32556605726194,-0.6719101476590235
19.26,2.1257218012665187e-12,1.5665498415617013e-11,0.0,-2.006596946959388,0.9996707132712643,-0.0002917942434044398,-0.00029376119731492543,-1.2030081146210638,0.23206364370413496,-0.029055529083071102,-367.87991456427284,698.533570473876,-331.32556605726194,-0.6719101476590235
19.28,2.0348851273214473e-12,1.4996077905841576e-11,0.0,-2.006596946959388,0.9996707132712643,-0.0002917942434044398,-0.00029376119731492543,-1.2030081146210638,0.23206364370413496,-0.029055529083071102,-367.87991456427284,698.533570473876,-331.32556605726194,-0.6719101476590235
19.3,1.9479301002259934e-12,1.4355263177190955e-11,0.0,-2.006596946959388,0.9996707132712643,-0.0002917942434044398,-0.00029376119731492543,-1.2030081146210638,0.23206364370413496,-0.029055529083071102,-367.87991456427284,698.533570473876,-331.32556605726194,-0.6719101476590235
19.32,1.8646908488445295e-12,1.3741831842987418e-11,0.0,-2.006596946959388,0.9996707132712643,-0.0002917942434044398,-0.00029376119731492543,-1.2030081146210638,0.23206364370413496,-0.029055529083071102,-367.87991456427284,698.533570473876,-331.32556605726194,-0.6719101476590235
19.34,1.7850085900725384e-12,1.3154613751769443e-11,0.0,-2.006596946959388,0.9996707132712643,-0.0002917942434044398,-0.00029376119731492543,-1.2030081146210638,0.23206364370413496,-0.029055529083071102,-367.87991456427284,698.533570473876,-331.32556605726194,-0.6719101476590235
19.36,1.7087313259497684e-12,1.2592488755169224e-11,0.0,-2.006596946959388,0.9996707132712643,-0.0002917942434044398,-0.00029376119731492543,-1.2030081146210638,0.23206364370413496,-0.029055529083071102,-367.87991456427284,698.533570473876,-331.32556605726194,-0.6719101476590235
19.38,1.6357135537163952e-12,1.2054384571172721e-11,0.0,-2.006596946959388,0.9996707132712643,-0.0002917942434044398,-0.00029376119731492543,-1.2030081146210638,0.23206364370413496,-0.029055529083071102,-367.87991456427284,698.533570473876,-331.32556605726194,-0.6719101476590235
19.400000000000002,1.565815988259097e-12,1.1539274738682983e-11,0.0,-2.006596946959388,0.9996707132712643,-0.0002917942434044398,-0.00029376119731492543,-1.2030081146210638,0.23206364370413496,-0.029055529083071102,-367.87991456427284,698.533570473876,-331.32556605726194,-0.6719101476590235
19.42,1.4989052964176692e-12,1.104617665951491e-11,0.0,-2.006596946959388,0.9996707132712643,-0.0002917942434044398,-0.00029376119731492543,-1.2030081146210638,0.23206364370413496,-0.029055529083071102,-367.87991456427284,698.533570473876,-331.32556605726194,-0.6719101476590235
19.44,1.4348538426451655e-12,1.0574149723999146e-11,0.0,-2.006596946959388,0.9996707132712643,-0.0002917942434044398,-0.00029376119731492543,-1.2030081146210638,0.23206364370413496,-0.029055529083071102,-367.87991456427284,698.533570473876,-331.32556605726194,-0.6719101476590235
19.46,1.3735394455366502e-12,1.0122293516755184e-11,0.0,-2.006596946959388,0.9996707132712643,-0.0002917942434044398,-0.00029376119731492543,-1.2030081146210638,0.23206364370413496,-0.029055529083071102,-367.87991456427284,698.533570473876,-331.32556605726194,-0.6719101476590235
19.48,1.3148451447619477e-12,9.689746099092334e-12,0.0,-2.006596946959388,0.9996707132712643,-0.0002917942434044398,-0.00029376119731492543,-1.2030081146210638,0.23206364370413496,-0.029055529083071102,-367.87991456427284,698.533570473876,-331.32556605726194,-0.6719101476590235
19.5,1.2586589779578642e-12,9.27568236481802e-12,0.0,-2.006596946959388,0.9996707132712643,-0.0002917942434044398,-0.00029376119731492543,-1.2030081146210638,0.23206364370413496,-0.029055529083071102,-367.87991456427284,698.533570473876,-331.32556605726194,-0.6719101476590235
19.52,1.204873767154287e-12,8.879312466304827e-12,0.0,-2.006596946959388,0.9996707132712643,-0.0002917942434044398,-0.00029376119731492543,-1.2030081146210638,0.23206364370413496,-0.029055529083071102,-367.87991456427284,698.533570473876,-331.32556605726194,-0.6719101476590235
19.54,1.1533869143267565e-12,8.499880307816548e-12,0.0,-2.006596946959388,0.9996707132712643,-0.0002917942434044398,-0.00029376119731492543,-1.2030081146210638,0.23206364370413496,-0.029055529083071102,-367.87991456427284,698.533570473876,-331.32556605726194,-0.6719101476590235
19.56,1.1041002056855173e-12,8.136662103217359e-12,0.0,-2.006596946959388,0.9996707132712643,-0.0002917942434044398,-0.00029376119731492543,-1.2030081146210638,0.23206364370413496,-0.029055529083071102,-367.87991456427284,698.533570473876,-331.32556605726194,-0.6719101476590235
19.580000000000002,1.0569196243277133e-12,7.788964995310059e-12,0.0,-2.006596946959388,0.9996707132712643,-0.0002917942434044398,-0.00029376119731492543,-1.2030081146210638,0.23206364370413496,-0.029055529083071102,-367.87991456427284,698.533570473876,-331.32556605726194,-0.6719101476590235
19.6,1.0117551708953983e-12,7.456125734190324e-12,0.0,-2.006596946959388,0.9996707132712643,-0.0002917942434044398,-0.00029376119731492543,-1.2030081146210638,0.23206364370413496,-0.029055529083071102,-367.87991456427284,698.533570473876,-331.32556605726194,-0.6719101476590235
19.62,9.685206918971328e-13,7.137509412036201e-12,0.0,-2.006596946959388,0.9996707132712643,-0.0002917942434044398,-0.00029376119731492543,-1.2030081146210638,0.23206364370413496,-0.029055529083071102,-367.87991456427284,698.533570473876,-331.32556605726194,-0.6719101476590235
19.64,9.271337153658519e-13,6.832508252012858e-12,0.0,-2.006596946959388,0.9996707132712643,-0.0002917942434044398,-0.00029376119731492543,-1.2030081146210638,0.23206364370413496,-0.029055529083071102,-367.87991456427284,698.533570473876,-331.32556605726194,-0.6719101476590235
19.66,8.875152935393883e-13,6.540540448899341e-12,0.0,-2.006596946959388,0.9996707132712643,-0.0002917942434044398,-0.00029376119731492543,-1.2030081146210638,0.23206364370413496,-0.029055529083071102,-367.87991456427284,698.533570473876,-331.32556605726194,-0.6719101476590235
19.68,8.495898522636005e-13,6.261049059265419e-12,0.0,-2.006596946959388,0.9996707132712643,-0.0002917942434044398,-0.00029376119731492543,-1.2030081146210638,0.23206364370413496,-0.029055529083071102,-367.87991456427284,698.533570473876,-331.32556605726194,-0.6719101476590235
19.7,8.132850468308317e-13,5.993500939073885e-12,0.0,-2.006596946959388,0.9996707132712643,-0.0002917942434044398,-0.00029376119731492543,-1.2030081146210638,0.23206364370413496,-0.029055529083071102,-367.87991456427284,698.533570473876,-331.32556605726194,-0.6719101476590235
19.72,7.78531623978701e-13,5.737385726681233e-12,0.0,-2.006596946959388,0.9996707132712643,-0.0002917942434044398,-0.00029376119731492543,-1.2030081146210638,0.23206364370413496,-0.029055529083071102,-367.87991456427284,698.533570473876,-331.32556605726194,-0.6719101476590235
19.740000000000002,7.452632897859782e-13,5.492214869294562e-12,0.0,-2.006596946959388,0.9996707132712643,-0.0002917942434044398,-0.00029376119731492543,-1.2030081146210638,0.23206364370413496,-0.029055529083071102,-367.87991456427284,698.533570473876,-331.32556605726194,-0.6719101476590235
19.76,7.134165832135822e-13,5.257520691042981e-12,0.0,-2.006596946959388,0.9996707132712643,-0.0002917942434044398,-0.00029376119731492543,-1.2030081146210638,0.23206364370413496,-0.029055529083071102,-367.87991456427284,698.533570473876,-331.32556605726194,-0.6719101476590235
19.78,6.82930755049386e-13,5.032855500843031e-12,0.0,-2.006596946959388,0.9996707132712643,-0.0002917942434044398,-0.00029376119731492543,-1.2030081146210638,0.23206364370413496,-0.029055529083071102,-367.87991456427284,698.533570473876,-331.32556605726194,-0.6719101476590235
19.8,6.537476520260287e-13,4.817790738420976e-12,0.0,-2.006596946959388,0.9996707132712643,-0.0002917942434044398,-0.00029376119731492543,-1.2030081146210638,0.23206364370413496,-0.029055529083071102,-367.87991456427284,698.533570473876,-331.32556605726194,-0.6719101476590235
19.82,6.258116058905964e-13,4.61191615680733e-12,0.0,-2.006596946959388,0.9996707132712643,-0.0002917942434044398,-0.00029376119731492543,-1.2030081146210638,0.23206364370413496,-0.029055529083071102,-367.87991456427284,698.533570473876,-331.32556605726194,-0.6719101476590235
19.84,5.990693272145991e-13,4.4148390397693915e-12,0.0,-2.006596946959388,0.9996707132712643,-0.0002917942434044398,-0.00029376119731492543,-1.2030081146210638,0.23206364370413496,-0.029055529083071102,-367.87991456427284,698.533570473876,-331.32556605726194,-0.6719101476590235
19.86,5.734698037416758e-13,4.226183452685446e-12,0.0,-2.006596946959388,0.9996707132712643,-0.0002917942434044398,-0.00029376119731492543,-1.2030081146210638,0.23206364370413496,-0.029055529083071102,-367.87991456427284,698.533570473876,-331.32556605726194,-0.6719101476590235
19.88,5.489642030791222e-13,4.045589525430454e-12,0.0,-2.006596946959388,0.9996707132712643,-0.0002917942434044398,-0.00029376119731492543,-1.2030081146210638,0.23206364370413496,-0.029055529083071102,-367.87991456427284,698.533570473876,-331.32556605726194,-0.6719101476590235
19.900000000000002,5.255057795476139e-13,3.872712765903891e-12,0.0,-2.006596946959388,0.9996707132712643,-0.0002917942434044398,-0.00029376119731492543,-1.2030081146210638,0.23206364370413496,-0.029055529083071102,-367.87991456427284,698.533570473876,-331.32556605726194,-0.6719101476590235
19.92,5.030497850114632e-13,3.7072234029006275e-12,0.0,-2.006596946959388,0.9996707132712643,-0.0002917942434044398,-0.00029376119731492543,-1.2030081146210638,0.23206364370413496,-0.029055529083071102,-367.87991456427284,698.533570473876,-331.32556605726194,-0.6719101476590235
19.94,4.815533835192496e-13,3.548805757042534e-12,0.0,-2.006596946959388,0.9996707132712643,-0.0002917942434044398,-0.00029376119731492543,-1.2030081146210638,0.23206364370413496,-0.029055529083071102,-367.87991456427284,698.533570473876,-331.32556605726194,-0.6719101476590235
19.96,4.609755695920805e-13,3.3971576386152853e-12,0.0,-2.006596946959388,0.9996707132712643,-0.0002917942434044398,-0.00029376119731492543,-1.2030081146210638,0.23206364370413496,-0.029055529083071102,-367.87991456427284,698.533570473876,-331.32556605726194,-0.6719101476590235
19.98,4.4127709000355204e-13,3.2519897711221765e-12,0.0,-2.006596946959388,0.9996707132712643,-0.0002917942434044398,-0.00029376119731492543,-1.2030081146210638,0.23206364370413496,-0.029055529083071102,-367.87991456427284,698.533570473876,-331.32556605726194,-0.6719101476590235
