t,y,u,ref,a1_est,a2_est,b1_est,b2_est,Kp,Ki,Kd
0.0,0.1,29.002,0.0,0.0,0.0,0.0,0.0,40.0,1.0,5.0
0.02,0.09218350700033817,1.7370607002380754,0.0,-0.001201285946933424,-0.0014512784918553916,-0.01436216033667527,0.027347178636776496,40.0,1.0,5.0
0.04,0.07630427386612121,-0.9122675732920635,0.0,-0.0024647930097023863,-0.0030275394520804895,-0.04187811081510708,0.012749479188804912,40.0,1.0,5.0
0.06,0.06097297989747228,-1.3873150810480621,0.0,-0.015740962912873017,-0.018405817293491618,-0.03642276157700754,0.014759337950105172,40.0,1.0,5.0
0.08,0.047001184798545856,-1.6053721438785222,0.0,-0.04282936090336624,-0.049804465291110434,-0.030653231664984515,0.015561908376772536,40.0,1.0,5.0
0.1,0.034498535960947256,-1.737501561331291,0.0,-0.0759617869190832,-0.08821496644092316,-0.025289486789679922,0.0154628900634248,40.0,1.0,5.0
0.12,0.023482325784683174,-1.8060706565325313,0.0,-0.10874457821599007,-0.12622221456465438,-0.020746090191982723,0.0148790189969526,40.0,1.0,5.0
0.14,0.013934082867132096,-1.820729876898981,0.0,-0.1381088487596063,-0.1602665042228239,-0.017081808177217057,0.014103398206894114,40.0,1.0,5.0
0.16,0.0058088749202663565,-1.7898632746038705,0.0,-0.16321374497592187,-0.18937198940146163,-0.014187383900625258,0.013297011321837172,40.0,1.0,5.0
0.18,-0.0009596079278153978,-1.7214405059897004,0.0,-0.18425194322028085,-0.21376154303496034,-0.011913115809697575,0.012535202855435678,40.0,1.0,5.0
0.2,-0.006454584887191157,-1.6229922038859759,0.0,-0.20176767157593917,-0.23406586942326058,-0.01012186065159264,0.011847216966150825,40.0,1.0,5.0
0.22,-0.010772075025232681,-1.501535545574583,0.0,-0.2163524561757865,-0.25097063041807005,-0.008703190308333447,0.011239928234669136,40.0,1.0,5.0
0.24,-0.014017156133836396,-1.363516875681956,0.0,-0.22853376571616196,-0.26508727668568755,-0.007572660344207998,0.010710304900235636,40.0,1.0,5.0
0.26,-0.016300608364021953,-1.214773757452119,0.0,-0.23874725602392116,-0.27692083949354784,-0.006666926459007561,0.010251511923112305,40.0,1.0,5.0
0.28,-0.017735947805603686,-1.0605138569205448,0.0,-0.24734078673457363,-0.2868745781859638,-0.005938621934356249,0.009855738466903314,40.0,1.0,5.0
0.3,-0.018436845699271565,-0.9053081226027815,0.0,-0.254588215869422,-0.29526597480732075,-0.005352111162091149,0.009515410757504308,40.0,1.0,5.0
0.32,-0.018514922075542773,-0.7530960967459732,0.0,-0.26070448140159097,-0.3023442270231053,-0.004880244598597013,0.009223630657493875,40.0,1.0,5.0
0.34,-0.01807789771805662,-0.6072014969615479,0.0,-0.26585914400097066,-0.30830596035906804,-0.004501955397143322,0.008974253919234164,40.0,1.0,5.0
0.36,-0.01722808482419944,-0.4703564088109875,0.0,-0.27018777123122184,-0.3133084388897003,-0.004200499550773687,0.008761810385210836,40.0,1.0,5.0
0.38,-0.016061194159775867,-0.34473256347564246,0.0,-0.27380128587245345,-0.31748041380173864,-0.00396217638920574,0.008581366005884413,40.0,1.0,5.0
0.4,-0.014665434603666106,-0.23197826700177826,0.0,-0.27679354355940056,-0.3209309136728692,-0.0037754134026976036,0.008428377862431766,40.0,1.0,5.0
0.42,-0.013120879603843602,-0.133259623672769,0.0,-0.27924732089217547,-0.3237561822107695,-0.003630137838289604,0.008298569631070658,40.0,1.0,5.0
0.44,-0.011499074150360321,-0.04930477360125085,0.0,-0.28123876263294906,-0.3260448156752405,-0.0035173799495132785,0.008187840619769795,40.0,1.0,5.0
0.46,-0.009862855391532725,0.019550045980101183,0.0,-0.2828402629080062,-0.32788106839687886,-0.003429056497897283,0.008092207968851557,40.0,1.0,5.0
0.48,-0.008266359970602214,0.07331370114363822,0.0,-0.2841218139900064,-0.32934636623648944,-0.003357869150581031,0.008007764673484833,40.0,1.0,5.0
0.5,-0.0067551915329378725,0.11229358900301084,0.0,-0.28515107567566583,-0.33051932701018466,-0.00329722704157375,0.007930615826999988,40.0,1.0,5.0
0.52,-0.00536672262676792,0.1370501279236764,0.0,-0.2859927559459626,-0.33147498317463864,-0.0032410775435576422,0.007856735981015394,40.0,1.0,5.0
0.54,-0.004130506355662861,0.14835300987454192,0.0,-0.28670823260387046,-0.3322842983022899,-0.0031835178298862303,0.007781678479001496,40.0,1.0,5.0
0.56,-0.0030687745862621896,0.14713977973274672,0.0,-0.2873565352702021,-0.3330152897440981,-0.003118072815590566,0.007700070533777962,40.0,1.0,5.0
0.58,-0.0021970012077597266,0.13447717712413793,0.0,-0.2879977220029312,-0.33373697117883355,-0.003036570400472992,0.007604854896569365,40.0,1.0,5.0
0.6,-0.0015245108136547935,0.11152555657267973,0.0,-0.2886992311734377,-0.33452680469315793,-0.002927639400540425,0.0074863085930639145,40.0,1.0,5.0
0.62,-0.0010551151651637357,0.0795065938055499,0.0,-0.28954480397949267,-0.3354812153641852,-0.002775047538219261,0.007331021834162438,40.0,1.0,5.0
0.64,-0.0007877618382781176,0.039674391242849154,0.0,-0.2906436755739229,-0.336726526311798,-0.0025564786726325183,0.007121321028658898,40.0,1.0,5.0
0.66,-0.0007171814992266634,-0.0067099857836181755,0.0,-0.292134436269985,-0.3384238354988406,-0.0022439955391528326,0.006836103737941631,40.0,1.0,5.0
0.68,-0.0008345222516212246,-0.058400579185936906,0.0,-0.2941737099358489,-0.3407563515734542,-0.0018081515039318073,0.00645452674028676,40.0,1.0,5.0
0.7000000000000001,-0.001127961417758225,-0.11418530849538189,0.0,-0.29689843674111227,-0.3438859699597849,-0.001227553159277139,0.005963686715452304,40.0,1.0,5.0
0.72,-0.00158328693009389,-0.17290158127707655,0.0,-0.3003608877417037,-0.347877679903094,-0.0005028646713564744,0.005369074942093066,40.0,1.0,5.0
0.74,-0.0021844421981747817,-0.23344891978058233,0.0,-0.3044631150393078,-0.3526224383834003,0.0003316640393800155,0.0047021361808947705,40.0,1.0,5.0
0.76,-0.0029140298690138273,-0.29479880790106294,0.0,-0.3089431526770932,-0.3578194424028618,0.001209996041620392,0.00401692268236809,40.0,1.0,5.0
0.78,-0.003753771307853897,-0.35600198288107876,0.0,-0.31344577766288173,-0.3630568827250025,0.0020536943570314734,0.003373754111579733,40.0,1.0,5.0
0.8,-0.0046849198881662064,-0.4161934098593945,0.0,-0.3176425569178411,-0.367951239997089,0.0027982427899260537,0.0028191399119670913,40.0,1.0,5.0
0.8200000000000001,-0.0056886272942930525,-0.47459518510398835,0.0,-0.3213231736544873,-0.3722545163527461,0.003409406117709254,0.0023747388091861494,40.0,1.0,5.0
0.84,-0.006746263009357801,-0.5305176162012408,0.0,-0.324414491251157,-0.3758778724095324,0.0038829799217660428,0.002039274729428359,40.0,1.0,5.0
0.86,-0.00783968798873782,-0.5833587252150343,0.0,-0.3269450994988266,-0.3788514265515741,0.004234255303667081,0.0017976342987780477,40.0,1.0,5.0
0.88,-0.008951484210823965,-0.6326024144592278,0.0,-0.32899578212592884,-0.38126701144028874,0.004486460345053085,0.0016299382491870697,40.0,1.0,5.0
0.9,-0.01006514235854789,-0.677815524624801,0.0,-0.3306615834250183,-0.38323397130563924,0.0046629808948523985,0.001517254905690651,40.0,1.0,5.0
0.92,-0.01116521032493355,-0.7186440021521598,0.0,-0.3320310131145134,-0.384854725119425,0.004783708241760975,0.001444031162294671,40.0,1.0,5.0
0.9400000000000001,-0.012237405562392346,-0.7548083775300433,0.0,-0.33317803643518606,-0.38621520195812103,0.004864096288465884,0.0013985014026082919,40.0,1.0,5.0
0.96,-0.013268694518126352,-0.7860987392185685,0.0,-0.3341610738506442,-0.3873834909197563,0.004915528541604334,0.001372192013444979,40.0,1.0,5.0
0.98,-0.01424734252698022,-0.8123693697032284,0.0,-0.335024946379054,-0.3884119817980154,0.00494612425001581,0.0013591761172422924,40.0,1.0,5.0
1.0,-0.01516293757899158,-0.8335331913246359,0.0,-0.33580358186414566,-0.3893404397924735,0.004961565684743745,0.0013553725739348533,40.0,1.0,5.0
1.02,-0.016006391352571314,-0.8495561504869701,0.0,-0.33652252989113773,-0.3901988897246903,0.004965792902621812,0.0013579842143315868,40.0,1.0,5.0
1.04,-0.01676992081654335,-0.8604516500602581,0.0,-0.3372009786090691,-0.39100994016276003,0.004961536768703507,0.0013650820008454785,40.0,1.0,5.0
1.06,-0.01744701356582192,-0.8662751216293507,0.0,-0.33785325355783064,-0.3917905158764376,0.004950708498294856,0.0013753113870044068,40.0,1.0,5.0
1.08,-0.018032379876513578,-0.8671188120078188,0.0,-0.3384898829731765,-0.3925530917660299,0.004934676022439158,0.0013876919001346326,40.0,1.0,5.0
1.1,-0.018521894256315362,-0.8631068423625483,0.0,-0.33911833706215977,-0.3933065503725124,0.004914455770760494,0.00140148464362669,40.0,1.0,5.0
1.12,-0.018912529034111093,-0.8543905835535466,0.0,-0.33974354025310843,-0.3940567765496761,0.004890842817980944,0.001416108037666769,40.0,1.0,5.0
1.1400000000000001,-0.01920228228666712,-0.8411443779915954,0.0,-0.340368237363908,-0.3948070826633247,0.00486449661621907,0.0014310871784401853,40.0,1.0,5.0
1.16,-0.019390102147405254,-0.8235616265095947,0.0,-0.3409932755460497,-0.3955585359281987,0.004835994931860097,0.0014460260803795138,40.0,1.0,5.0
1.18,-0.019475809288543405,-0.8018512484408963,0.0,-0.3416178465385388,-0.3963102395813146,0.004805865252123876,0.0014605948615060496,40.0,1.0,5.0
1.2,-0.01946001911866082,-0.7762345142727821,0.0,-0.34223971885592486,-0.39705960236332777,0.004774600589494537,0.0014745259200009634,40.0,1.0,5.0
1.22,-0.019344064997260303,-0.7469422428372238,0.0,-0.34285547709378505,-0.3978026163558845,0.004742664987920031,0.0014876146095164208,40.0,1.0,5.0
1.24,-0.01912992353960033,-0.7142123489367526,0.0,-0.3434607755612668,-0.39853415163618,0.004710492857051164,0.0014997210623565855,40.0,1.0,5.0
1.26,-0.018820142871581368,-0.6782877224836786,0.0,-0.3440506059705922,-0.3992482675151864,0.004678485334963463,0.0015107707664568197,40.0,1.0,5.0
1.28,-0.01841777449770116,-0.6394144165531127,0.0,-0.3446195739011064,-0.3999385343080266,0.0046470060842608435,0.0015207523408524361,40.0,1.0,5.0
1.3,-0.017926309266299765,-0.5978401191020863,0.0,-0.3451621760297285,-0.40059835644216296,0.004616378201443188,0.0015297116958172036,40.0,1.0,5.0
1.32,-0.017349617756196135,-0.5538128813775062,0.0,-0.345673069298259,-0.4012212867986294,0.004586883249631551,0.001537742404188556,40.0,1.0,5.0
1.34,-0.016691895267586927,-0.5075800751120951,0.0,-0.3461473237141035,-0.4018013228508597,0.00455876282097283,0.001544972638986204,40.0,1.0,5.0
1.36,-0.01595761147754906,-0.45938755038296675,0.0,-0.3465806517119157,-0.4023331766559189,0.004532222518149471,0.0015515494436347684,40.0,1.0,5.0
1.3800000000000001,-0.015151464716136289,-0.40947896637705283,0.0,-0.346969608330273,-0.4028125123388981,0.004507437834170647,0.001557621398517298,40.0,1.0,5.0
1.4000000000000001,-0.014278340732102213,-0.35809526817500525,0.0,-0.34731175742024034,-0.40323614583812767,0.004484561119077908,0.0015633209419869528,40.0,1.0,5.0
1.42,-0.013343275746721586,-0.30547428393807696,0.0,-0.3476057994778488,-0.4036022020654306,0.004463728656907144,0.0015687477071807117,40.0,1.0,5.0
1.44,-0.012351423538870976,-0.25185041847733436,0.0,-0.34785165653203065,-0.40391022432438656,0.004445066836145114,0.001573954254029933,40.0,1.0,5.0
1.46,-0.011308026263214532,-0.19745442102488242,0.0,-0.34805050913774727,-0.40416123017674394,0.004428696478459053,0.0015789355044458445,40.0,1.0,5.0
1.48,-0.010218388674692599,-0.14251320704112647,0.0,-0.3482047804288994,-0.40435770754864614,0.004414734587045899,0.001583623013394387,40.0,1.0,5.0
1.5,-0.009087855415182077,-0.08724971602186204,0.0,-0.3483180629582222,-0.4045035454250857,0.004403293075348302,0.0015878849113212827,40.0,1.0,5.0
1.52,-0.007921791010820745,-0.03188278945492268,0.0,-0.3483949861841924,-0.40460389561296134,0.0043944744168656555,0.0015915319236022639,40.0,1.0,5.0
1.54,-0.006725562229731124,0.023372944726139655,0.0,-0.3484410261848777,-0.40466496609042746,0.004388364580367386,0.0015943293212879828,40.0,1.0,5.0
1.56,-0.005504522458444789,0.07830719267760283,0.0,-0.3484622642994401,-0.40469375226097837,0.004385024028815357,0.0015960140278979058,40.0,1.0,5.0
1.58,-0.00426399776997947,0.13271412955556178,0.0,-0.3484651072587914,-0.4046977192915006,0.00438447789976942,0.001596315478413969,40.0,1.0,5.0
1.6,-0.0030092743760936356,0.18639255617860234,0.0,-0.3484559869063603,-0.4046844554347705,0.004386706684726909,0.0015949783037235716,40.0,1.0,5.0
1.62,-0.00174558717965339,0.2391460829312218,0.0,-0.34844106159062455,-0.40466132136629424,0.0043916387356517554,0.0015917846044836636,40.0,1.0,5.0
1.6400000000000001,-0.00047810916930011646,0.2907833446402238,0.0,-0.3484259426503722,-0.404635122776823,0.004399145732355465,0.0015865735635835604,40.0,1.0,5.0
1.6600000000000001,0.0007880585731960769,0.3411182485472654,0.0,-0.34841546752076924,-0.40461183195755407,0.004409041870071725,0.0015792564522784946,40.0,1.0,5.0
1.68,0.002047896453177305,0.38997025604683677,0.0,-0.34841353598293767,-0.4045963789057156,0.00442108703815616,0.0015698256693426125,40.0,1.0,5.0
1.7,0.0032964757014499546,0.43716469756462706,0.0,-0.34842301879943693,-0.4045925244252398,0.004434993749044815,0.0015583572112280865,40.0,1.0,5.0
1.72,0.0045289676116831434,0.4825331188163231,0.0,-0.3484457397604916,-0.4046028182889644,0.004450437134034353,0.0015450067648220438,40.0,1.0,5.0
1.74,0.005740652788918412,0.5259136557120322,0.0,-0.34848252448261635,-0.4046286364700147,0.004467067020348609,0.0015300003048882476,40.0,1.0,5.0
1.76,0.006926930493521373,0.567151434347944,0.0,-0.3485333033776205,-0.40467028421595125,0.004484520976699911,0.0015136205628109034,40.0,1.0,5.0
1.78,0.008083328138669701,0.6060989918529927,0.0,-0.3485972527573043,-0.4047271472453092,0.004502437256278289,0.0014961909643946825,40.0,1.0,5.0
1.8,0.009205510975003873,0.6426167133223202,0.0,-0.34867295717224567,-0.4047978718245155,0.004520466738959389,0.0014780586219669079,40.0,1.0,5.0
1.82,0.010289291973577908,0.6765732796647191,0.0,-0.348758577411684,-0.40488055556511754,0.004538283223691357,0.0014595777631585332,40.0,1.0,5.0
1.84,0.011330641897880035,0.7078461209067846,0.0,-0.3488520114209829,-0.40497293371506804,0.0045555916916361966,0.0014410946606283968,40.0,1.0,5.0
1.86,0.012325699537539226,0.736321869323169,0.0,-0.3489510389474257,-0.4050725496239255,0.004572134405756279,0.0014229347692559977,40.0,1.0,5.0
1.8800000000000001,0.013270782060434227,0.7618968066891305,0.0,-0.34905344432463153,-0.40517690214471636,0.0045876949050890695,0.0014053924407440549,40.0,1.0,5.0
1.9000000000000001,0.014162395426279142,0.7844772999689309,0.0,-0.3491571149677616,-0.4052835664094429,0.004602100081027566,0.0013887233089511502,40.0,1.0,5.0
1.92,0.014997244793341535,0.8039802198516631,0.0,-0.34926011561367726,-0.4053902873440379,0.004615220591269632,0.0013731392394074717,40.0,1.0,5.0
1.94,0.01577224484069555,0.8203333367155429,0.0,-0.3493607400308491,-0.4054950473574385,0.004626969886098859,0.0013588056126125584,40.0,1.0,5.0
1.96,0.01648452992124152,0.8334756888337953,0.0,-0.34945754290615966,-0.4055961108960297,0.004637302106484161,0.0013458406508491852,40.0,1.0,5.0
1.98,0.017131463955538273,0.8433579179224726,0.0,-0.349549355027881,-0.40569204914176094,0.004646209079406178,0.0013343164850212236,40.0,1.0,5.0
2.0,0.01771064997318103,0.8499425674641472,0.0,-0.3496352848900443,-0.4057817482305879,0.004653716595959291,0.001324261673290088,40.0,1.0,5.0
2.02,0.01821993920690071,0.8532043396163026,0.0,-0.3497147095993337,-0.4058644041557978,0.004659880121973235,0.0013156649111187631,40.0,1.0,5.0
2.04,0.018657439644632616,0.8531303069215287,0.0,-0.3497872576014775,-0.40593950715073807,0.00466478006551434,0.0013084797004645826,40.0,1.0,5.0
2.06,0.01902152394637711,0.8497200754733829,0.0,-0.34985278535610254,-0.4060068179336671,0.004668516713712814,0.001302629766262362,40.0,1.0,5.0
2.08,0.01931083663562333,0.8429858966513752,0.0,-0.34991134973979826,-0.4060663378223021,0.004671204953076812,0.001298015017101759,40.0,1.0,5.0
2.1,0.019524300479300063,0.8329527250156592,0.0,-0.34996317767960144,-0.4061182744310166,0.004672968900528178,0.0012945178439184234,40.0,1.0,5.0
2.12,0.019661121975528204,0.8196582204421472,0.0,-0.3500086343218911,-0.40616300446420006,0.0046739365926244635,0.0012920095384780287,40.0,1.0,5.0
2.14,0.01972079587474972,0.8031526930768467,0.0,-0.3500481909150604,-0.4062010350067251,0.004674234902273539,0.0012903565976312766,40.0,1.0,5.0
2.16,0.019703108666974056,0.7834989901898646,0.0,-0.35008239350613624,-0.40623296466185826,0.004673984869501682,0.0012894266663451325,40.0,1.0,5.0
2.18,0.01960814097578995,0.7607723245099051,0.0,-0.3501118334928448,-0.4062594458633764,0.004673297639497388,0.0012890938692517858,40.0,1.0,5.0
2.2,0.019436268808316868,0.7350600441149051,0.0,-0.35013712100352834,-0.4062811496539624,0.004672271192308554,0.0012892432929130396,40.0,1.0,5.0
2.22,0.01918816361929335,0.706461344438741,0.0,-0.3501588619720717,-0.4062987341414664,0.0046709880213024755,0.0012897744131585567,40.0,1.0,5.0
2.24,0.018864791156899475,0.6750869234235344,0.0,-0.3501776396165886,-0.4063128176931806,0.0046695138715323855,0.0012906033147992216,40.0,1.0,5.0
2.2600000000000002,0.018467409067567303,0.6410585812970249,0.0,-0.35019400081379687,-0.40632395769480084,0.004667897587185793,0.0012916636224152194,40.0,1.0,5.0
2.2800000000000002,0.017997563246828958,0.6045087668808842,0.0,-0.35020844759339914,-0.4063326353904774,0.0046661720447477815,0.0012929061451823923,40.0,1.0,5.0
2.3000000000000003,0.017457082933069683,0.5655800727339422,0.0,-0.35022143367767355,-0.4063392469542252,0.00466435607287674,0.0012942973276707462,40.0,1.0,5.0
2.32,0.0168480745507794,0.5244246818005942,0.0,-0.35023336568852975,-0.40634410055403936,0.0046624571896308155,0.0012958166827669142,40.0,1.0,5.0
2.34,0.016172914319419425,0.4812037685651611,0.0,-0.3502446083684999,-0.40634741879778424,0.004660474930623681,0.001297453453011349,40.0,1.0,5.0
2.36,0.01543423965323901,0.4360868580058992,0.0,-0.35025549294293307,-0.40634934563329456,0.0046584045041999315,0.0012992027951267702,40.0,1.0,5.0
2.38,0.014634939386180046,0.3892511458916267,0.0,-0.3502663276106877,-0.40634995654652306,0.0046562404957473155,0.0013010618043242592,40.0,1.0,5.0
2.4,0.013778142864319087,0.3408807841739762,0.0,-0.35027740910252947,-0.40634927078121896,0.004653980353557648,0.0013030256886772502,40.0,1.0,5.0
2.42,0.012867207956016792,0.2911661353906706,0.0,-0.35028903429206565,-0.4063472642983663,0.004651627421344054,0.0013050843710910708,40.0,1.0,5.0
2.44,0.011905708037011423,0.2403030001154275,0.0,-0.3503015109743443,-0.4063438822959869,0.0046491933333170955,0.001307219741731236,40.0,1.0,5.0
2.46,0.01089741801404045,0.18849182156546856,0.0,-0.3503151671250502,-0.40633905030133727,0.004646699650895725,0.0013094037135732584,40.0,1.0,5.0
2.48,0.009846299456156053,0.1359368715108598,0.0,-0.35033035819601216,-0.40633268310159515,0.004644178689289075,0.001311597155316306,40.0,1.0,5.0
2.5,0.008756484907681333,0.0828454216224438,0.0,-0.35034747226590524,-0.40632469106603675,0.004641673551114857,0.001313749696533645,40.0,1.0,5.0
2.52,0.007632261460716316,0.029426904350483285,0.0,-0.3503669331246549,-0.40631498370292596,0.004639237447389686,0.001315800326205407,40.0,1.0,5.0
2.54,0.006478053668241695,-0.024107932652537967,0.0,-0.35038920160507053,-0.4063034705618236,0.004636932439205142,0.0013176786430794875,40.0,1.0,5.0
2.56,0.005298405881195525,-0.0775478746596478,0.0,-0.3504147756687677,-0.4062900598161261,0.004634827772986469,0.001319306568617371,40.0,1.0,5.0
2.58,0.004097964094439164,-0.13068208677556148,0.0,-0.3504441898936397,-0.40627465502732546,0.004632998006525432,0.0013206003030469407,40.0,1.0,5.0
2.6,0.0028814573873233223,-0.18330095600231866,0.0,-0.35047801509038917,-0.40625715069466645,0.004631521131366298,0.0013214722931869547,40.0,1.0,5.0
2.62,0.0016536790446656678,-0.2351969250131848,0.0,-0.35051685879447675,-0.40623742723096845,0.00463047689015235,0.0013218329867402893,40.0,1.0,5.0
2.64,0.0004194674434194858,-0.28616531436129555,0.0,-0.35056136734073706,-0.4062153459830563,0.0046299454669223375,0.0013215921697858114,40.0,1.0,5.0
2.66,-0.0008163132107783834,-0.3360051300313477,0.0,-0.35061223013812565,-0.40619074484353485,0.004630006696615766,0.0013206597193449316,40.0,1.0,5.0
2.68,-0.0020487922145661823,-0.38451985342463335,0.0,-0.35067018663203847,-0.4061634348930806,0.004630739900454712,0.0013189456474076077,40.0,1.0,5.0
2.7,-0.0032731116846826747,-0.4315182110451601,0.0,-0.3507360362832401,-0.4061331983837901,0.004632224409932642,0.0013163593626060613,40.0,1.0,5.0
2.72,-0.004484445784310704,-0.4768149213238518,0.0,-0.35081065171730313,-0.40609978823829007,0.004634540797198515,0.00131280812695003,40.0,1.0,5.0
2.74,-0.005678019782116203,-0.5202314161760814,0.0,-0.3508949950165873,-0.4060629291076586,0.004637772786472368,0.0013081947344567564,40.0,1.0,5.0
2.7600000000000002,-0.00684912887084173,-0.5615965350325263,0.0,-0.35099013694478626,-0.406022319910282,0.004642009781501665,0.0013024144841276152,40.0,1.0,5.0
2.7800000000000002,-0.007993156675079294,-0.6007471892135399,0.0,-0.351097278715062,-0.4059776376653708,0.004647349908614909,0.001295351560821264,40.0,1.0,5.0
2.8000000000000003,-0.009105593380631303,-0.6375289946318439,0.0,-0.35121777573585294,-0.4059285423348992,0.00465390344297968,0.001286874974955704,40.0,1.0,5.0
2.82,-0.010182053420616935,-0.6717968709080875,0.0,-0.35135316259069316,-0.40587468228813606,0.004661796455704528,0.001276834247428597,40.0,1.0,5.0
2.84,-0.01121829265615137,-0.7034156050697886,0.0,-0.35150517832677214,-0.4058156998952704,0.004671174489748369,0.0012650550616425881,40.0,1.0,5.0
2.86,-0.012210224991983012,-0.7322603780771955,0.0,-0.35167579094095397,-0.4057512366286857,0.004682206041208112,0.0012513351423539406,40.0,1.0,5.0
2.88,-0.013153938369908033,-0.7582172524849395,0.0,-0.35186721977009044,-0.4056809369040411,0.004695085590211567,0.001235440660257661,40.0,1.0,5.0
2.9,-0.014045710085077028,-0.7811836196043942,0.0,-0.3520819543272272,-0.4056044497251327,0.004710035892858129,0.0012171035010707495,40.0,1.0,5.0
2.92,-0.014882021372483168,-0.8010686045873756,0.0,-0.352322768008599,-0.40552142702607913,0.004727309218018397,0.0011960197716756689,40.0,1.0,5.0
2.94,-0.015659571212987368,-0.8177934279063184,0.0,-0.35259272506556194,-0.40543151745209277,0.004747187196694537,0.0011718499360034561,40.0,1.0,5.0
2.96,-0.016375289310227643,-0.8312917217661528,0.0,-0.3528951793413881,-0.40533435422292335,0.004769978956993562,0.0011442209679398342,40.0,1.0,5.0
2.98,-0.017026348191714637,-0.8415098000511466,0.0,-0.35323376356928576,-0.4052295357194398,0.004796017255207936,0.0011127308649870762,40.0,1.0,5.0
3.0,-0.017610174389380867,-0.8484068804903924,0.0,-0.3536123685627606,-0.4051165975661258,0.004825652393337368,0.0010769557724334099,40.0,1.0,5.0
3.02,-0.01812445865687887,-0.8519552578213934,0.0,-0.35403511243852187,-0.4049949752815068,0.004859243843319204,0.0010364598142470368,40.0,1.0,5.0
3.04,-0.01856716518306787,-0.8521404268453638,0.0,-0.35450630109415115,-0.4048639570508273,0.00489714967984117,0.0009908075118589689,40.0,1.0,5.0
3.06,-0.018936539763445285,-0.8489611544028333,0.0,-0.35503038248104934,-0.4047226268290379,0.004939714151030495,0.0009395784023986664,40.0,1.0,5.0
3.08,-0.019231116893820975,-0.8424294994553061,0.0,-0.35561189863736287,-0.4045697987717238,0.0049872539701967585,0.0008823831665282693,40.0,1.0,5.0
3.1,-0.019449725753348218,-0.832570780639351,0.0,-0.356255440882903,-0.4044039448252318,0.005040044170583691,0.0008188802687155463,40.0,1.0,5.0
3.12,-0.019591495047157768,-0.8194234908632527,0.0,-0.35696561477459116,-0.4042231180967215,0.005098304588991745,0.0007487918460423626,40.0,1.0,5.0
3.14,-0.019655856682324512,-0.8030391587428677,0.0,-0.35774702216682386,-0.40402487525640707,0.005162188196669089,0.0006719173996887908,40.0,1.0,5.0
3.16,-0.01964254825475401,-0.7834821569208307,0.0,-0.3586042679109925,-0.4038062015777207,0.00523177255064586,0.0005881437767303655,40.0,1.0,5.0
3.18,-0.019551614328820563,-0.7608294575793336,0.0,-0.35954199812046256,-0.4035634422680808,0.005307055567338737,0.0004974500131256172,40.0,1.0,5.0
3.2,-0.019383406496219818,-0.7351703357384033,0.0,-0.36056497556736433,-0.4032922434804573,0.005387956627857299,0.00039990583607100696,40.0,1.0,5.0
3.22,-0.019138582205503685,-0.7066060212250213,0.0,-0.3616781957447871,-0.4029875059199914,0.00547432373546267,0.00029566296656966835,40.0,1.0,5.0
3.24,-0.018818102359117517,-0.675249300499248,0.0,-0.3628870447402424,-0.40264335341470464,0.00556594711292921,0.00018493875893488022,40.0,1.0,5.0
3.2600000000000002,-0.01842322768042007,-0.6412240698271392,0.0,-0.36419749745025626,-0.40225311846465484,0.005662579299826594,6.799210519567824e-05,40.0,1.0,5.0
3.2800000000000002,-0.01795551385908426,-0.6046648415912974,0.0,-0.36561635201389003,-0.4018093468678122,0.005763961540509222,-5.490814289766443e-05,40.0,1.0,5.0
3.3000000000000003,-0.01741680548939014,-0.5657162058237426,0.0,-0.36715149469296937,-0.4013038239768766,0.005869856145671395,-0.0001835218472382192,40.0,1.0,5.0
3.3200000000000003,-0.016809228822159232,-0.5245322493267528,0.0,-0.36881218730913584,-0.400727626459198,0.005980084465303229,-0.0003176829036011507,40.0,1.0,5.0
3.34,-0.016135183357363837,-0.48127593501096255,0.0,-0.37060936758266594,-0.4000712053125035,0.006094570176902936,-0.0004573508266408024,40.0,1.0,5.0
3.36,-0.015397332310692229,-0.43611844432125857,0.0,-0.3725559516453095,-0.39932450783723195,0.006213387744644609,-0.0006026683874048018,40.0,1.0,5.0
3.38,-0.014598591993478613,-0.3892384858370818,0.0,-0.3746671253714249,-0.3984771485613011,0.006336815927845836,-0.0007540251057138141,40.0,1.0,5.0
3.4,-0.013742120151321587,-0.34082157331797475,0.0,-0.3769606076021021,-0.3975186408356037,0.006465396060406596,-0.0009121262004627353,40.0,1.0,5.0
3.42,-0.012831303312346356,-0.29105927662066094,0.0,-0.3794568626320322,-0.3964387018363508,0.00659999433923709,-0.0010780660149552813,40.0,1.0,5.0
3.44,-0.011869743201323345,-0.24014844903182223,0.0,-0.3821792313008945,-0.39522764325554727,0.006741866430308725,-0.0012534038185391739,40.0,1.0,5.0
3.46,-0.010861242280677424,-0.1882904346458712,0.0,-0.3851539385526948,-0.3938768579433096,0.006892721191416366,-0.0014402380837264374,40.0,1.0,5.0
3.48,-0.00980978848374277,-0.13569025946597657,0.0,-0.3884099207385723,-0.3923794085096166,0.007054778172390475,-0.0016412727894535412,40.0,1.0,5.0
3.5,-0.00871953920938999,-0.0825558099215219,0.0,-0.39197839939830814,-0.39073071654460995,0.007230810804040595,-0.0018598660343389546,40.0,1.0,5.0
3.52,-0.007594804650337525,-0.02909700247750885,0.0,-0.3958921117254199,-0.3889293397932151,0.0074241639228802255,-0.002100047377086,40.0,1.0,5.0
3.54,-0.006440030530034899,0.024475052036535994,0.0,-0.4001840967254734,-0.38697780759500006,0.007638730856472551,-0.002366486291126972,40.0,1.0,5.0
3.56,-0.00525978032496231,0.07794888582543094,0.0,-0.4048859383955305,-0.3848834605690072,0.007878872388575682,-0.0026643907456847396,40.0,1.0,5.0
3.58,-0.004058717050534303,0.131113509800395,0.0,-0.41002539526874326,-0.38265920791160496,0.008149258726362496,-0.0029993136426833093,40.0,1.0,5.0
3.6,-0.0028415846895435675,0.18375924418691575,0.0,-0.415623414187299,-0.38032407630306486,0.00845461789971998,-0.0033768477999822646,40.0,1.0,5.0
3.62,-0.0016131893422653846,0.23567854086305962,0.0,-0.4216906486987954,-0.37790338455614764,0.0087993821063713,-0.00380220007593486,40.0,1.0,5.0
3.64,-0.0003783801770073196,0.2866667943648125,0.0,-0.42822378144566464,-0.37542835169658734,0.009187239439761158,-0.004279654492068532,40.0,1.0,5.0
3.66,0.0008579697409160786,0.33652313864290007,0.0,-0.43520216845971177,-0.372934953121659,0.009620622959976245,-0.004811963651246911,40.0,1.0,5.0
3.68,0.0020909826650167664,0.38505122680455034,0.0,-0.44258552426992326,-0.37046190509987187,0.010100199297206883,-0.005399743763445536,40.0,1.0,5.0
3.7,0.00331579535306526,0.43205999122050287,0.0,-0.4503134694979227,-0.3680477944401445,0.010624447768982519,-0.006040982547340071,40.0,1.0,5.0
3.72,0.004527578148743877,0.4773643815181531,0.0,-0.4583076474723555,-0.3657275738335875,0.011189434940647702,-0.0067307850611735215,40.0,1.0,5.0
3.74,0.005721553888184455,0.5207860781140303,0.0,-0.46647674804191397,-0.36352885642287086,0.011788877333089164,-0.007461466818804533,40.0,1.0,5.0
3.7600000000000002,0.00689301656223591,0.5621541790600525,0.0,-0.47472416023201075,-0.3614685937323883,0.012414537866473221,-0.008223046191286828,40.0,1.0,5.0
3.7800000000000002,0.008037349667569459,0.6013058580872693,0.0,-0.48295728903787816,-0.3595507201489212,0.013056927315085894,-0.009004098797255085,40.0,1.0,5.0
3.8000000000000003,0.009150044182017904,0.6380869918275714,0.0,-0.49109704841897667,-0.3577651588991692,0.013706201120592119,-0.009792840209960157,40.0,1.0,5.0
3.8200000000000003,0.010226716101812595,0.672352754277957,0.0,-0.4990859746813933,-0.35608823679068013,0.01435308954521455,-0.010578242044686088,40.0,1.0,5.0
3.84,0.01126312348059242,0.7039681766450452,0.0,-0.506893758333135,-0.35448418984477414,0.014989690055894078,-0.011350977293868697,40.0,1.0,5.0
3.86,0.012255182912187385,0.7328086707708725,0.0,-0.5145197000727214,-0.35290717968706126,0.015609993394595838,-0.012104043190584609,40.0,1.0,5.0
3.88,0.013198985401209246,0.7587605143964953,0.0,-0.521992260119315,-0.35130319816650596,0.016210080969983894,-0.012832989600839879,40.0,1.0,5.0
3.9,0.014090811567417313,0.7817212965727176,0.0,-0.5293664460280982,-0.3496113789354726,0.016788011789053526,-0.013535777139169864,40.0,1.0,5.0
3.92,0.014927146131669624,0.8016003215765046,0.0,-0.5367201776249999,-0.34776447793831766,0.017343491208717872,-0.014212377036956018,40.0,1.0,5.0
3.94,0.015704691633046757,0.8183189697454565,0.0,-0.5441501802198768,-0.3456887130402434,0.017877405833085006,-0.014864213121442958,40.0,1.0,5.0
3.96,0.01642038132847392,0.8318110137016197,0.0,0.0,0.0,0.0,0.0,40.0,1.0,5.0
3.98,0.017071391227905696,0.8420228885046024,0.0,0.0,0.0,0.0,0.0,40.0,1.0,5.0
4.0,0.017655151219923726,0.8489139143562854,0.0,0.0,0.0,0.0,0.0,40.0,1.0,5.0
4.0200000000000005,0.018169355244479143,0.6083080340582611,0.0,-0.5441501802198768,-0.3456887130402434,-0.017877405833085006,0.014864213121442958,33.81520279889901,-3.579642670361683,-0.6363809191754103
4.04,0.01868345273545847,0.6149845154102211,0.0,-0.551767651777793,-0.34330346378294957,-0.01839131617224609,0.015493553590571836,33.3327796255432,-3.7533018614898435,-0.6672536642648611
4.0600000000000005,0.01926572429407606,0.6306725735567512,0.0,-0.551767651777793,-0.34330346378294957,-0.01839131617224609,0.015493553590571836,33.3327796255432,-3.7533018614898435,-0.6672536642648611
4.08,0.01990862650716544,0.6485850283296986,0.0,-0.551767651777793,-0.34330346378294957,-0.01839131617224609,0.015493553590571836,33.3327796255432,-3.7533018614898435,-0.6672536642648611
4.1,0.02060051181134643,0.6684668825626372,0.0,-0.551767651777793,-0.34330346378294957,-0.01839131617224609,0.015493553590571836,33.3327796255432,-3.7533018614898435,-0.6672536642648611
4.12,0.021327639891576638,0.6899273076374849,0.0,-0.551767651777793,-0.34330346378294957,-0.01839131617224609,0.015493553590571836,33.3327796255432,-3.7533018614898435,-0.6672536642648611
4.14,0.022074307721792256,0.7125068925814494,0.0,-0.551767651777793,-0.34330346378294957,-0.01839131617224609,0.015493553590571836,33.3327796255432,-3.7533018614898435,-0.6672536642648611
4.16,0.022823031532781604,0.735682110803571,0.0,-0.551767651777793,-0.34330346378294957,-0.01839131617224609,0.015493553590571836,33.3327796255432,-3.7533018614898435,-0.6672536642648611
4.18,0.023554760721200968,0.7588715022506256,0.0,-0.551767651777793,-0.34330346378294957,-0.01839131617224609,0.015493553590571836,33.3327796255432,-3.7533018614898435,-0.6672536642648611
4.2,0.024249121779534567,0.7814429019966486,0.0,-0.551767651777793,-0.34330346378294957,-0.01839131617224609,0.015493553590571836,33.3327796255432,-3.7533018614898435,-0.6672536642648611
4.22,0.024884689695460226,0.8027216492174003,0.0,-0.551767651777793,-0.34330346378294957,-0.01839131617224609,0.015493553590571836,33.3327796255432,-3.7533018614898435,-0.6672536642648611
4.24,0.02543928383971907,4.258352449641252,0.0,-2.073093423075835,1.0658263606491556,0.0002928071723203083,-1.827715205284708e-05,130.49796484726363,135.6874487432514,24.12221310991136
4.26,0.02488432778146802,2.915221310412549,0.0,-2.073093423075835,1.0658263606491556,0.0002928071723203083,-1.827715205284708e-05,130.49796484726363,135.6874487432514,24.12221310991136
4.28,0.022582725564045475,0.5695022095428941,0.0,-2.073093423075835,1.0658263606491556,0.0002928071723203083,-1.827715205284708e-05,130.49796484726363,135.6874487432514,24.12221310991136
4.3,0.019583908291050854,-0.6096100381804499,0.0,-2.073093423075835,1.0658263606491556,0.0002928071723203083,-1.827715205284708e-05,130.49796484726363,135.6874487432514,24.12221310991136
4.32,0.016884306707092192,-0.5551955499301084,0.0,-2.073093423075835,1.0658263606491556,0.0002928071723203083,-1.827715205284708e-05,130.49796484726363,135.6874487432514,24.12221310991136
4.34,0.014778968293322974,-0.07308437645212562,0.0,-2.073093423075835,1.0658263606491556,0.0002928071723203083,-1.827715205284708e-05,130.49796484726363,135.6874487432514,24.12221310991136
4.36,0.013079715814673529,0.23044627210089086,0.0,-2.073093423075835,1.0658263606491556,0.0002928071723203083,-1.827715205284708e-05,130.49796484726363,135.6874487432514,24.12221310991136
4.38,0.011527467666095526,0.23646719023833795,0.0,-2.073093423075835,1.0658263606491556,0.0002928071723203083,-1.827715205284708e-05,130.49796484726363,135.6874487432514,24.12221310991136
4.4,0.010003032672336612,0.09822298806119578,0.0,-2.073093423075835,1.0658263606491556,0.0002928071723203083,-1.827715205284708e-05,130.49796484726363,135.6874487432514,24.12221310991136
4.42,0.0085163941042288,-0.0270822920529874,0.0,-2.073093423075835,1.0658263606491556,0.0002928071723203083,-1.827715205284708e-05,130.49796484726363,135.6874487432514,24.12221310991136
4.44,0.007115945523541796,0.10210493581841007,0.0,-2.057837189249248,1.0384642702341793,0.0003238028459374509,0.00029472834373259557,77.01697162743942,59.603644490453725,10.596203464969552
4.46,0.005772104087165098,0.035478147774818614,0.0,-2.057837189249248,1.0384642702341793,0.0003238028459374509,0.00029472834373259557,77.01697162743942,59.603644490453725,10.596203464969552
4.48,0.004438328260198397,-0.056621554187622714,0.0,-2.057837189249248,1.0384642702341793,0.0003238028459374509,0.00029472834373259557,77.01697162743942,59.603644490453725,10.596203464969552
4.5,0.003132886027439566,-0.13841670663307426,0.0,-2.057837189249248,1.0384642702341793,0.0003238028459374509,0.00029472834373259557,77.01697162743942,59.603644490453725,10.596203464969552
4.5200000000000005,0.001878689748590779,-0.2056209430193902,0.0,-2.057837189249248,1.0384642702341793,0.0003238028459374509,0.00029472834373259557,77.01697162743942,59.603644490453725,10.596203464969552
4.54,0.0006917863385892372,-0.26055554302987155,0.0,-2.057837189249248,1.0384642702341793,0.0003238028459374509,0.00029472834373259557,77.01697162743942,59.603644490453725,10.596203464969552
4.5600000000000005,-0.00041903950747294774,-0.30630084400465385,0.0,-2.057837189249248,1.0384642702341793,0.0003238028459374509,0.00029472834373259557,77.01697162743942,59.603644490453725,10.596203464969552
4.58,-0.0014505512624915654,-0.3454525060927496,0.0,-2.057837189249248,1.0384642702341793,0.0003238028459374509,0.00029472834373259557,77.01697162743942,59.603644490453725,10.596203464969552
4.6000000000000005,-0.002403302114491788,-0.3799670750525936,0.0,-2.057837189249248,1.0384642702341793,0.0003238028459374509,0.00029472834373259557,77.01697162743942,59.603644490453725,10.596203464969552
4.62,-0.0032802307922595803,-0.41124438108113315,0.0,-2.057837189249248,1.0384642702341793,0.0003238028459374509,0.00029472834373259557,77.01697162743942,59.603644490453725,10.596203464969552
4.64,-0.004085624221451339,-0.4452872793113319,0.0,-2.0715083126433274,1.0515199852647845,0.00032945588806056365,0.0002905460684929453,78.12430609632837,59.850221904856994,10.640039449752354
4.66,-0.004822905703105401,-0.4724242325543411,0.0,-2.0715083126433274,1.0515199852647845,0.00032945588806056365,0.0002905460684929453,78.12430609632837,59.850221904856994,10.640039449752354
4.68,-0.005495661879420619,-0.4972335839453036,0.0,-2.0715083126433274,1.0515199852647845,0.00032945588806056365,0.0002905460684929453,78.12430609632837,59.850221904856994,10.640039449752354
4.7,-0.006109090236057184,-0.5209073396802102,0.0,-2.0715083126433274,1.0515199852647845,0.00032945588806056365,0.0002905460684929453,78.12430609632837,59.850221904856994,10.640039449752354
4.72,-0.006668278360342204,-0.5437195720598722,0.0,-2.0715083126433274,1.0515199852647845,0.00032945588806056365,0.0002905460684929453,78.12430609632837,59.850221904856994,10.640039449752354
4.74,-0.0071777458969953705,-0.5656617128403545,0.0,-2.0715083126433274,1.0515199852647845,0.00032945588806056365,0.0002905460684929453,78.12430609632837,59.850221904856994,10.640039449752354
4.76,-0.00764133768146756,-0.5866202237822855,0.0,-2.0715083126433274,1.0515199852647845,0.00032945588806056365,0.0002905460684929453,78.12430609632837,59.850221904856994,10.640039449752354
4.78,-0.008062229540525233,-0.6064361882081293,0.0,-2.0715083126433274,1.0515199852647845,0.00032945588806056365,0.0002905460684929453,78.12430609632837,59.850221904856994,10.640039449752354
4.8,-0.008442977532583,-0.6249315260352384,0.0,-2.0715083126433274,1.0515199852647845,0.00032945588806056365,0.0002905460684929453,78.12430609632837,59.850221904856994,10.640039449752354
4.82,-0.008785586011829957,-0.6419236651415026,0.0,-2.0715083126433274,1.0515199852647845,0.00032945588806056365,0.0002905460684929453,78.12430609632837,59.850221904856994,10.640039449752354
4.84,-0.009091583158433404,-0.769500561191708,0.0,-2.1150108730276376,1.0900389244431388,0.0003270870202247082,0.00026717775917745246,90.84636017190637,63.68448794039264,11.321686744958692
4.86,-0.009329223928484792,-0.7642764230375192,0.0,-2.1150108730276376,1.0900389244431388,0.0003270870202247082,0.00026717775917745246,90.84636017190637,63.68448794039264,11.321686744958692
4.88,-0.009471702237568158,-0.7354140903116939,0.0,-2.1150108730276376,1.0900389244431388,0.0003270870202247082,0.00026717775917745246,90.84636017190637,63.68448794039264,11.321686744958692
4.9,-0.009536254010470186,-0.7093116214047731,0.0,-2.1150108730276376,1.0900389244431388,0.0003270870202247082,0.00026717775917745246,90.84636017190637,63.68448794039264,11.321686744958692
4.92,-0.009544546309804964,-0.6903741306958244,0.0,-2.1150108730276376,1.0900389244431388,0.0003270870202247082,0.00026717775917745246,90.84636017190637,63.68448794039264,11.321686744958692
4.94,-0.009513774309752686,-0.6775825153732304,0.0,-2.1150108730276376,1.0900389244431388,0.0003270870202247082,0.00026717775917745246,90.84636017190637,63.68448794039264,11.321686744958692
4.96,-0.0094557629945576,-0.6689363573671501,0.0,-2.1150108730276376,1.0900389244431388,0.0003270870202247082,0.00026717775917745246,90.84636017190637,63.68448794039264,11.321686744958692
4.98,-0.009377915370200328,-0.6625797148867307,0.0,-2.1150108730276376,1.0900389244431388,0.0003270870202247082,0.00026717775917745246,90.84636017190637,63.68448794039264,11.321686744958692
5.0,-0.009284382625114475,-0.6570289273329644,0.0,-2.1150108730276376,1.0900389244431388,0.0003270870202247082,0.00026717775917745246,90.84636017190637,63.68448794039264,11.321686744958692
5.0200000000000005,-0.009177067312635137,-0.6511663629269834,0.0,-2.1150108730276376,1.0900389244431388,0.0003270870202247082,0.00026717775917745246,90.84636017190637,63.68448794039264,11.321686744958692
5.04,-0.009056401031510022,-0.8393770500521747,0.0,-2.078028969924745,1.0528447394555456,0.0002347994727643152,0.00022026835862676573,117.97638804704982,81.69741040753179,14.523984072450094
5.0600000000000005,-0.008864762555757086,-0.7797128465475959,0.0,-2.078028969924745,1.0528447394555456,0.0002347994727643152,0.00022026835862676573,117.97638804704982,81.69741040753179,14.523984072450094
5.08,-0.008558619240637902,-0.6744261814188764,0.0,-2.078028969924745,1.0528447394555456,0.0002347994727643152,0.00022026835862676573,117.97638804704982,81.69741040753179,14.523984072450094
5.1000000000000005,-0.008178459724278397,-0.5891890080131014,0.0,-2.078028969924745,1.0528447394555456,0.0002347994727643152,0.00022026835862676573,117.97638804704982,81.69741040753179,14.523984072450094
5.12,-0.007770618754307413,-0.5336679425003731,0.0,-2.078028969924745,1.0528447394555456,0.0002347994727643152,0.00022026835862676573,117.97638804704982,81.69741040753179,14.523984072450094
5.14,-0.0073655368687211755,-0.4999163954272643,0.0,-2.078028969924745,1.0528447394555456,0.0002347994727643152,0.00022026835862676573,117.97638804704982,81.69741040753179,14.523984072450094
5.16,-0.006977481317132153,-0.4779003563741067,0.0,-2.078028969924745,1.0528447394555456,0.0002347994727643152,0.00022026835862676573,117.97638804704982,81.69741040753179,14.523984072450094
5.18,-0.006609938058427852,-0.4602352374650425,0.0,-2.078028969924745,1.0528447394555456,0.0002347994727643152,0.00022026835862676573,117.97638804704982,81.69741040753179,14.523984072450094
5.2,-0.006260775386314715,-0.44262003663699845,0.0,-2.078028969924745,1.0528447394555456,0.0002347994727643152,0.00022026835862676573,117.97638804704982,81.69741040753179,14.523984072450094
5.22,-0.005925697412611465,-0.42299932702326665,0.0,-2.078028969924745,1.0528447394555456,0.0002347994727643152,0.00022026835862676573,117.97638804704982,81.69741040753179,14.523984072450094
5.24,-0.005600127279705027,-0.4559049650883141,0.0,-2.002193372584831,0.9811080933993576,0.00015392153241861165,0.00019240271590377674,140.2444660922248,103.51488054190679,18.40264542967232
5.26,-0.005263864080380824,-0.4098046419699123,0.0,-2.002193372584831,0.9811080933993576,0.00015392153241861165,0.00019240271590377674,140.2444660922248,103.51488054190679,18.40264542967232
5.28,-0.004903559642167602,-0.3473046464655898,0.0,-2.002193372584831,0.9811080933993576,0.00015392153241861165,0.00019240271590377674,140.2444660922248,103.51488054190679,18.40264542967232
5.3,-0.004532877901535117,-0.29515449910330976,0.0,-2.002193372584831,0.9811080933993576,0.00015392153241861165,0.00019240271590377674,140.2444660922248,103.51488054190679,18.40264542967232
5.32,-0.0041664773940719236,-0.256334004553584,0.0,-2.002193372584831,0.9811080933993576,0.00015392153241861165,0.00019240271590377674,140.2444660922248,103.51488054190679,18.40264542967232
5.34,-0.00381146341825858,-0.2249132379002774,0.0,-2.002193372584831,0.9811080933993576,0.00015392153241861165,0.00019240271590377674,140.2444660922248,103.51488054190679,18.40264542967232
5.36,-0.0034683647107342603,-0.19493971289686174,0.0,-2.002193372584831,0.9811080933993576,0.00015392153241861165,0.00019240271590377674,140.2444660922248,103.51488054190679,18.40264542967232
5.38,-0.0031346865719510232,-0.16330110391159575,0.0,-2.002193372584831,0.9811080933993576,0.00015392153241861165,0.00019240271590377674,140.2444660922248,103.51488054190679,18.40264542967232
5.4,-0.002807621820109891,-0.12932988590759992,0.0,-2.002193372584831,0.9811080933993576,0.00015392153241861165,0.00019240271590377674,140.2444660922248,103.51488054190679,18.40264542967232
5.42,-0.002485213870042413,-0.09354396101790957,0.0,-2.002193372584831,0.9811080933993576,0.00015392153241861165,0.00019240271590377674,140.2444660922248,103.51488054190679,18.40264542967232
5.44,-0.0021664635522007534,-0.05264305100910305,0.0,-1.9851384833261285,0.9653711791316784,0.00013250687814642814,0.00019028593906214757,145.68422331102505,110.14677237736157,19.581648422642058
5.46,-0.0018522140775744508,-0.015348864892635039,0.0,-1.9851384833261285,0.9653711791316784,0.00013250687814642814,0.00019028593906214757,145.68422331102505,110.14677237736157,19.581648422642058
5.48,-0.0015436460943375491,0.0206414210390225,0.0,-1.9851384833261285,0.9653711791316784,0.00013250687814642814,0.00019028593906214757,145.68422331102505,110.14677237736157,19.581648422642058
5.5,-0.001240483313353631,0.05678261215183775,0.0,-1.9851384833261285,0.9653711791316784,0.00013250687814642814,0.00019028593906214757,145.68422331102505,110.14677237736157,19.581648422642058
5.5200000000000005,-0.0009421692044286542,0.09341948389652624,0.0,-1.9851384833261285,0.9653711791316784,0.00013250687814642814,0.00019028593906214757,145.68422331102505,110.14677237736157,19.581648422642058
5.54,-0.0006484684435364586,0.13026166905062025,0.0,-1.9851384833261285,0.9653711791316784,0.00013250687814642814,0.00019028593906214757,145.68422331102505,110.14677237736157,19.581648422642058
5.5600000000000005,-0.0003595589415957704,0.16686810289558784,0.0,-1.9851384833261285,0.9653711791316784,0.00013250687814642814,0.00019028593906214757,145.68422331102505,110.14677237736157,19.581648422642058
5.58,-7.589565885567171e-05,0.20288969368952375,0.0,-1.9851384833261285,0.9653711791316784,0.00013250687814642814,0.00019028593906214757,145.68422331102505,110.14677237736157,19.581648422642058
5.6000000000000005,0.00020194203223981508,0.23810739281253557,0.0,-1.9851384833261285,0.9653711791316784,0.00013250687814642814,0.00019028593906214757,145.68422331102505,110.14677237736157,19.581648422642058
5.62,0.00047333848831391037,0.2723818088798251,0.0,-1.9851384833261285,0.9653711791316784,0.00013250687814642814,0.00019028593906214757,145.68422331102505,110.14677237736157,19.581648422642058
5.64,0.0007376698982962809,1.1537215734790052,0.0,-1.9717662322159795,0.9698210574073466,-3.887819933495143e-05,0.00011282003671175822,394.1223012693865,479.7593198263842,85.29054574691276
5.66,0.0007459428094734486,0.07217111725684706,0.0,-1.9717662322159795,0.9698210574073466,-3.887819933495143e-05,0.00011282003671175822,394.1223012693865,479.7593198263842,85.29054574691276
5.68,0.000573681939719236,-0.7601073830749729,0.0,-1.9717662322159795,0.9698210574073466,-3.887819933495143e-05,0.00011282003671175822,394.1223012693865,479.7593198263842,85.29054574691276
5.7,0.0007963911499864751,1.0196694888546756,0.0,-1.9717662322159795,0.9698210574073466,-3.887819933495143e-05,0.00011282003671175822,394.1223012693865,479.7593198263842,85.29054574691276
5.72,0.001153420937417435,1.7442639457535658,0.0,-1.9717662322159795,0.9698210574073466,-3.887819933495143e-05,0.00011282003671175822,394.1223012693865,479.7593198263842,85.29054574691276
5.74,0.0009282564558756572,-0.818354950728386,0.0,-1.9717662322159795,0.9698210574073466,-3.887819933495143e-05,0.00011282003671175822,394.1223012693865,479.7593198263842,85.29054574691276
5.76,0.0006714446144793756,-1.048088618093822,0.0,-1.9717662322159795,0.9698210574073466,-3.887819933495143e-05,0.00011282003671175822,394.1223012693865,479.7593198263842,85.29054574691276
5.78,0.001211867335185243,2.5763606657176683,0.0,-1.9717662322159795,0.9698210574073466,-3.887819933495143e-05,0.00011282003671175822,394.1223012693865,479.7593198263842,85.29054574691276
5.8,0.0015706776093336382,1.9583555070486003,0.0,-1.9717662322159795,0.9698210574073466,-3.887819933495143e-05,0.00011282003671175822,394.1223012693865,479.7593198263842,85.29054574691276
5.82,0.000880567004794182,-2.7783349774281705,0.0,-1.9717662322159795,0.9698210574073466,-3.887819933495143e-05,0.00011282003671175822,394.1223012693865,479.7593198263842,85.29054574691276
5.84,0.000714974879520994,-0.009313068697280755,0.0,-2.377250882309003,1.3090110939266568,0.00032319571628169284,0.00027845097946626885,167.16620689379528,70.10153647347414,12.46249537306207
5.86,0.0016577078972787734,0.8412290397508868,0.0,-2.377250882309003,1.3090110939266568,0.00032319571628169284,0.00027845097946626885,167.16620689379528,70.10153647347414,12.46249537306207
5.88,0.0026623020922303163,1.0514431018603725,0.0,-2.377250882309003,1.3090110939266568,0.00032319571628169284,0.00027845097946626885,167.16620689379528,70.10153647347414,12.46249537306207
5.9,0.003430834030975072,1.0376295668896207,0.0,-2.377250882309003,1.3090110939266568,0.00032319571628169284,0.00027845097946626885,167.16620689379528,70.10153647347414,12.46249537306207
5.92,0.003915813838332544,0.9475035367660809,0.0,-2.377250882309003,1.3090110939266568,0.00032319571628169284,0.00027845097946626885,167.16620689379528,70.10153647347414,12.46249537306207
5.94,0.004154699266789277,0.8399146208477831,0.0,-2.377250882309003,1.3090110939266568,0.00032319571628169284,0.00027845097946626885,167.16620689379528,70.10153647347414,12.46249537306207
5.96,0.004209627151745876,0.7403702319195192,0.0,-2.377250882309003,1.3090110939266568,0.00032319571628169284,0.00027845097946626885,167.16620689379528,70.10153647347414,12.46249537306207
5.98,0.004143092997385887,0.6593707082543752,0.0,-2.377250882309003,1.3090110939266568,0.00032319571628169284,0.00027845097946626885,167.16620689379528,70.10153647347414,12.46249537306207
6.0,0.0040077961225051,0.5995249418806904,0.0,-2.377250882309003,1.3090110939266568,0.00032319571628169284,0.00027845097946626885,167.16620689379528,70.10153647347414,12.46249537306207
6.0200000000000005,0.0038431331226868207,0.5590882837128508,0.0,-2.377250882309003,1.3090110939266568,0.00032319571628169284,0.00027845097946626885,167.16620689379528,70.10153647347414,12.46249537306207
6.04,0.003675197810298619,0.5923645018327512,0.0,-2.2351534409344773,1.1521172978841119,0.0003302297944361458,0.00029646949201946255,180.80172356513413,63.00539589359214,11.200959269971936
6.0600000000000005,0.003501563789914017,0.5621919701263187,0.0,-2.2351534409344773,1.1521172978841119,0.0003302297944361458,0.00029646949201946255,180.80172356513413,63.00539589359214,11.200959269971936
6.08,0.003315546404777171,0.525802374346474,0.0,-2.2351534409344773,1.1521172978841119,0.0003302297944361458,0.00029646949201946255,180.80172356513413,63.00539589359214,11.200959269971936
6.1000000000000005,0.003129585311566322,0.49615542958717235,0.0,-2.2351534409344773,1.1521172978841119,0.0003302297944361458,0.00029646949201946255,180.80172356513413,63.00539589359214,11.200959269971936
6.12,0.002954791806306962,0.47453020400850177,0.0,-2.2351534409344773,1.1521172978841119,0.0003302297944361458,0.00029646949201946255,180.80172356513413,63.00539589359214,11.200959269971936
6.140000000000001,0.0027968772471067744,0.45895636605991624,0.0,-2.2351534409344773,1.1521172978841119,0.0003302297944361458,0.00029646949201946255,180.80172356513413,63.00539589359214,11.200959269971936
6.16,0.0026564239145753636,0.4466886667017867,0.0,-2.2351534409344773,1.1521172978841119,0.0003302297944361458,0.00029646949201946255,180.80172356513413,63.00539589359214,11.200959269971936
6.18,0.0025303063225535246,0.43510355000167483,0.0,-2.2351534409344773,1.1521172978841119,0.0003302297944361458,0.00029646949201946255,180.80172356513413,63.00539589359214,11.200959269971936
6.2,0.0024132846439655097,0.42208097570118874,0.0,-2.2351534409344773,1.1521172978841119,0.0003302297944361458,0.00029646949201946255,180.80172356513413,63.00539589359214,11.200959269971936
6.22,0.0022994057889546495,0.4061491138226841,0.0,-2.2351534409344773,1.1521172978841119,0.0003302297944361458,0.00029646949201946255,180.80172356513413,63.00539589359214,11.200959269971936
6.24,0.002183066627189947,0.44502344523793197,0.0,-2.134395075198849,1.0403875371807692,0.00029800858906609657,0.0002934467762005167,207.6463335287151,63.52642264810562,11.293586248552112
6.26,0.002042561107094501,0.4047968785469611,0.0,-2.134395075198849,1.0403875371807692,0.00029800858906609657,0.0002934467762005167,207.6463335287151,63.52642264810562,11.293586248552112
6.28,0.0018623110376278723,0.3472918068538269,0.0,-2.134395075198849,1.0403875371807692,0.00029800858906609657,0.0002934467762005167,207.6463335287151,63.52642264810562,11.293586248552112
6.3,0.0016539362790815304,0.2902434952519342,0.0,-2.134395075198849,1.0403875371807692,0.00029800858906609657,0.0002934467762005167,207.6463335287151,63.52642264810562,11.293586248552112
6.32,0.0014330933492792408,0.2391665380967214,0.0,-2.134395075198849,1.0403875371807692,0.00029800858906609657,0.0002934467762005167,207.6463335287151,63.52642264810562,11.293586248552112
6.34,0.0012128313248650725,0.19529889827354163,0.0,-2.134395075198849,1.0403875371807692,0.00029800858906609657,0.0002934467762005167,207.6463335287151,63.52642264810562,11.293586248552112
6.36,0.0010017648274605936,0.1579370085424597,0.0,-2.134395075198849,1.0403875371807692,0.00029800858906609657,0.0002934467762005167,207.6463335287151,63.52642264810562,11.293586248552112
6.38,0.0008040421797493027,0.1254371800262603,0.0,-2.134395075198849,1.0403875371807692,0.00029800858906609657,0.0002934467762005167,207.6463335287151,63.52642264810562,11.293586248552112
6.4,0.0006201312038897518,0.09583579989716426,0.0,-2.134395075198849,1.0403875371807692,0.00029800858906609657,0.0002934467762005167,207.6463335287151,63.52642264810562,11.293586248552112
6.42,0.00044795247639341576,0.06727761272671315,0.0,-2.134395075198849,1.0403875371807692,0.00029800858906609657,0.0002934467762005167,207.6463335287151,63.52642264810562,11.293586248552112
6.44,0.0002840598734389554,0.039252542115227176,0.0,-2.060725523758601,0.9697156538704825,0.0002728882640458733,0.0002858829679057027,212.6450096558592,64.91739109755262,11.5408695284538
6.46,0.00012438796413795188,0.007896130001167137,0.0,-2.060725523758601,0.9697156538704825,0.0002728882640458733,0.0002858829679057027,212.6450096558592,64.91739109755262,11.5408695284538
6.48,-3.4415311293097516e-05,-0.02541603757265276,0.0,-2.060725523758601,0.9697156538704825,0.0002728882640458733,0.0002858829679057027,212.6450096558592,64.91739109755262,11.5408695284538
6.5,-0.00019420313024387428,-0.06021438750281048,0.0,-2.060725523758601,0.9697156538704825,0.0002728882640458733,0.0002858829679057027,212.6450096558592,64.91739109755262,11.5408695284538
6.5200000000000005,-0.0003558037451389037,-0.09608597090881646,0.0,-2.060725523758601,0.9697156538704825,0.0002728882640458733,0.0002858829679057027,212.6450096558592,64.91739109755262,11.5408695284538
6.54,-0.0005192061610752238,-0.13254650694844994,0.0,-2.060725523758601,0.9697156538704825,0.0002728882640458733,0.0002858829679057027,212.6450096558592,64.91739109755262,11.5408695284538
6.5600000000000005,-0.0006837452155880747,-0.1690785447711667,0.0,-2.060725523758601,0.9697156538704825,0.0002728882640458733,0.0002858829679057027,212.6450096558592,64.91739109755262,11.5408695284538
6.58,-0.000848313830274337,-0.205191703349275,0.0,-2.060725523758601,0.9697156538704825,0.0002728882640458733,0.0002858829679057027,212.6450096558592,64.91739109755262,11.5408695284538
6.6000000000000005,-0.0010115752625784735,-0.24046750767082548,0.0,-2.060725523758601,0.9697156538704825,0.0002728882640458733,0.0002858829679057027,212.6450096558592,64.91739109755262,11.5408695284538
6.62,-0.0011721462279366806,-0.2745814592522423,0.0,-2.060725523758601,0.9697156538704825,0.0002728882640458733,0.0002858829679057027,212.6450096558592,64.91739109755262,11.5408695284538
6.640000000000001,-0.0013287327509937307,-0.3186461917559157,0.0,-2.118379323811031,1.020366450923137,0.0002849803150034842,0.00028738762427352464,221.134361392495,65.07826420127326,11.569469191337468
6.66,-0.001476891754067045,-0.34845641267987826,0.0,-2.118379323811031,1.020366450923137,0.0002849803150034842,0.00028738762427352464,221.134361392495,65.07826420127326,11.569469191337468
6.68,-0.0016127680837762122,-0.3734972604738104,0.0,-2.118379323811031,1.020366450923137,0.0002849803150034842,0.00028738762427352464,221.134361392495,65.07826420127326,11.569469191337468
6.7,-0.0017373141954707015,-0.3967456827789612,0.0,-2.118379323811031,1.020366450923137,0.0002849803150034842,0.00028738762427352464,221.134361392495,65.07826420127326,11.569469191337468
6.72,-0.0018525830653836127,-0.4192802103706364,0.0,-2.118379323811031,1.020366450923137,0.0002849803150034842,0.00028738762427352464,221.134361392495,65.07826420127326,11.569469191337468
6.74,-0.0019604927639158736,-0.4414373766366103,0.0,-2.118379323811031,1.020366450923137,0.0002849803150034842,0.00028738762427352464,221.134361392495,65.07826420127326,11.569469191337468
6.76,-0.0020623665808111986,-0.4631578854908376,0.0,-2.118379323811031,1.020366450923137,0.0002849803150034842,0.00028738762427352464,221.134361392495,65.07826420127326,11.569469191337468
6.78,-0.0021588060128589527,-0.48415013726766326,0.0,-2.118379323811031,1.020366450923137,0.0002849803150034842,0.00028738762427352464,221.134361392495,65.07826420127326,11.569469191337468
6.8,-0.002249746768552135,-0.5040076171603542,0.0,-2.118379323811031,1.020366450923137,0.0002849803150034842,0.00028738762427352464,221.134361392495,65.07826420127326,11.569469191337468
6.82,-0.002334616081297009,-0.5223016250720848,0.0,-2.118379323811031,1.020366450923137,0.0002849803150034842,0.00028738762427352464,221.134361392495,65.07826420127326,11.569469191337468
6.84,-0.002412530979806266,-0.610001448134591,0.0,-2.1791005858513737,1.071035565161853,0.0002771023032789576,0.00027124043379251744,250.55672455018458,69.75787727837287,12.401400405044066
6.86,-0.0024615974414297906,-0.6078416454448283,0.0,-2.1791005858513737,1.071035565161853,0.0002771023032789576,0.00027124043379251744,250.55672455018458,69.75787727837287,12.401400405044066
6.88,-0.0024645941560844475,-0.5834645206507337,0.0,-2.1791005858513737,1.071035565161853,0.0002771023032789576,0.00027124043379251744,250.55672455018458,69.75787727837287,12.401400405044066
6.9,-0.0024356643025516137,-0.5598173789554037,0.0,-2.1791005858513737,1.071035565161853,0.0002771023032789576,0.00027124043379251744,250.55672455018458,69.75787727837287,12.401400405044066
6.92,-0.0023938521137942615,-0.5446929048700574,0.0,-2.1791005858513737,1.071035565161853,0.0002771023032789576,0.00027124043379251744,250.55672455018458,69.75787727837287,12.401400405044066
6.94,-0.002354201153601784,-0.5393826847021831,0.0,-2.1791005858513737,1.071035565161853,0.0002771023032789576,0.00027124043379251744,250.55672455018458,69.75787727837287,12.401400405044066
6.96,-0.002325173616193487,-0.5419408895037237,0.0,-2.1791005858513737,1.071035565161853,0.0002771023032789576,0.00027124043379251744,250.55672455018458,69.75787727837287,12.401400405044066
6.98,-0.002308884633106279,-0.5489796287087237,0.0,-2.1791005858513737,1.071035565161853,0.0002771023032789576,0.00027124043379251744,250.55672455018458,69.75787727837287,12.401400405044066
7.0,-0.0023026716550433573,-0.5568833436495445,0.0,-2.1791005858513737,1.071035565161853,0.0002771023032789576,0.00027124043379251744,250.55672455018458,69.75787727837287,12.401400405044066
7.0200000000000005,-0.0023011274951643115,-0.56260187358209,0.0,-2.1791005858513737,1.071035565161853,0.0002771023032789576,0.00027124043379251744,250.55672455018458,69.75787727837287,12.401400405044066
7.04,-0.0022980220337387868,-0.6490978781600575,0.0,-2.0290803812133045,0.9365341134462791,0.0001896407626776377,0.00022563650997618415,288.74445021732146,85.94385679682533,15.27890787499117
7.0600000000000005,-0.0022628703630535913,-0.6183560705114215,0.0,-2.0290803812133045,0.9365341134462791,0.0001896407626776377,0.00022563650997618415,288.74445021732146,85.94385679682533,15.27890787499117
7.08,-0.0021744453404372852,-0.5558635085322723,0.0,-2.0290803812133045,0.9365341134462791,0.0001896407626776377,0.00022563650997618415,288.74445021732146,85.94385679682533,15.27890787499117
7.1000000000000005,-0.00205361431902912,-0.4997477188786907,0.0,-2.0290803812133045,0.9365341134462791,0.0001896407626776377,0.00022563650997618415,288.74445021732146,85.94385679682533,15.27890787499117
7.12,-0.0019272954301701355,-0.4623941937515931,0.0,-2.0290803812133045,0.9365341134462791,0.0001896407626776377,0.00022563650997618415,288.74445021732146,85.94385679682533,15.27890787499117
7.140000000000001,-0.001813863490283125,-0.44260408441961685,0.0,-2.0290803812133045,0.9365341134462791,0.0001896407626776377,0.00022563650997618415,288.74445021732146,85.94385679682533,15.27890787499117
7.16,-0.0017200226100017794,-0.43343105831691675,0.0,-2.0290803812133045,0.9365341134462791,0.0001896407626776377,0.00022563650997618415,288.74445021732146,85.94385679682533,15.27890787499117
7.18,-0.0016432705079516574,-0.42714878832625836,0.0,-2.0290803812133045,0.9365341134462791,0.0001896407626776377,0.00022563650997618415,288.74445021732146,85.94385679682533,15.27890787499117
7.2,-0.0015762203887935088,-0.4179095528609872,0.0,-2.0290803812133045,0.9365341134462791,0.0001896407626776377,0.00022563650997618415,288.74445021732146,85.94385679682533,15.27890787499117
7.22,-0.0015105743385857985,-0.4026237438847448,0.0,-2.0290803812133045,0.9365341134462791,0.0001896407626776377,0.00022563650997618415,288.74445021732146,85.94385679682533,15.27890787499117
7.24,-0.0014397370790144456,-0.39499938901551057,0.0,-1.9100169261213393,0.8220702436909993,0.0001419835138774366,0.00023776895292821208,299.40051438884797,88.44915428950002,15.724294095911112
7.26,-0.0013557175601229873,-0.3618780571537754,0.0,-1.9100169261213393,0.8220702436909993,0.0001419835138774366,0.00023776895292821208,299.40051438884797,88.44915428950002,15.724294095911112
7.28,-0.0012548305110794324,-0.3206306964854342,0.0,-1.9100169261213393,0.8220702436909993,0.0001419835138774366,0.00023776895292821208,299.40051438884797,88.44915428950002,15.724294095911112
7.3,-0.0011423558415676535,-0.2798661731338707,0.0,-1.9100169261213393,0.8220702436909993,0.0001419835138774366,0.00023776895292821208,299.40051438884797,88.44915428950002,15.724294095911112
7.32,-0.001025026744667176,-0.24273441394653034,0.0,-1.9100169261213393,0.8220702436909993,0.0001419835138774366,0.00023776895292821208,299.40051438884797,88.44915428950002,15.724294095911112
7.34,-0.0009076942287143258,-0.2092080059441221,0.0,-1.9100169261213393,0.8220702436909993,0.0001419835138774366,0.00023776895292821208,299.40051438884797,88.44915428950002,15.724294095911112
7.36,-0.0007925113267242918,-0.1778141830789779,0.0,-1.9100169261213393,0.8220702436909993,0.0001419835138774366,0.00023776895292821208,299.40051438884797,88.44915428950002,15.724294095911112
7.38,-0.0006794562351807275,-0.14684029296615778,0.0,-1.9100169261213393,0.8220702436909993,0.0001419835138774366,0.00023776895292821208,299.40051438884797,88.44915428950002,15.724294095911112
7.4,-0.0005673372159173762,-0.11501136465628929,0.0,-1.9100169261213393,0.8220702436909993,0.0001419835138774366,0.00023776895292821208,299.40051438884797,88.44915428950002,15.724294095911112
7.42,-0.0004547339036996565,-0.08172153339844253,0.0,-1.9100169261213393,0.8220702436909993,0.0001419835138774366,0.00023776895292821208,299.40051438884797,88.44915428950002,15.724294095911112
7.44,-0.0003406144891682653,-0.040314724707747135,0.0,-1.9738869143009934,0.8986065899845409,0.0001103176836259363,0.0002137475580757229,314.753069352394,107.54760786920694,19.119574732303455
7.46,-0.00022653226976102232,-0.004929813812935224,0.0,-1.9738869143009934,0.8986065899845409,0.0001103176836259363,0.0002137475580757229,314.753069352394,107.54760786920694,19.119574732303455
7.48,-0.00011452155512033709,0.028099257524896323,0.0,-1.9738869143009934,0.8986065899845409,0.0001103176836259363,0.0002137475580757229,314.753069352394,107.54760786920694,19.119574732303455
7.5,-4.12158445143012e-06,0.06129928483123034,0.0,-1.9738869143009934,0.8986065899845409,0.0001103176836259363,0.0002137475580757229,314.753069352394,107.54760786920694,19.119574732303455
7.5200000000000005,0.00010573480622649671,0.09558470058162052,0.0,-1.9738869143009934,0.8986065899845409,0.0001103176836259363,0.0002137475580757229,314.753069352394,107.54760786920694,19.119574732303455
7.54,0.0002156422174390566,0.13069100624441307,0.0,-1.9738869143009934,0.8986065899845409,0.0001103176836259363,0.0002137475580757229,314.753069352394,107.54760786920694,19.119574732303455
7.5600000000000005,0.0003254585241633818,0.16586897761196406,0.0,-1.9738869143009934,0.8986065899845409,0.0001103176836259363,0.0002137475580757229,314.753069352394,107.54760786920694,19.119574732303455
7.58,0.00043452394050038593,0.20041445712767955,0.0,-1.9738869143009934,0.8986065899845409,0.0001103176836259363,0.0002137475580757229,314.753069352394,107.54760786920694,19.119574732303455
7.6000000000000005,0.0005420065674578674,0.2338976610688311,0.0,-1.9738869143009934,0.8986065899845409,0.0001103176836259363,0.0002137475580757229,314.753069352394,107.54760786920694,19.119574732303455
7.62,0.0006471546153863023,0.2661535225961286,0.0,-1.9738869143009934,0.8986065899845409,0.0001103176836259363,0.0002137475580757229,314.753069352394,107.54760786920694,19.119574732303455
7.640000000000001,0.000749392868385549,0.7523781998236319,0.0,-2.0074317787949227,0.9919889178103112,-2.1099176772449498e-05,9.123136030923088e-05,613.6820732041745,513.2420588412073,91.2430326828813
7.66,0.0007149985631646153,0.1152719292202942,0.0,-2.0074317787949227,0.9919889178103112,-2.1099176772449498e-05,9.123136030923088e-05,613.6820732041745,513.2420588412073,91.2430326828813
7.68,0.000604780572244004,-0.29207805105296225,0.0,-2.0074317787949227,0.9919889178103112,-2.1099176772449498e-05,9.123136030923088e-05,613.6820732041745,513.2420588412073,91.2430326828813
7.7,0.0007400518059780528,0.918491061783839,0.0,-2.0074317787949227,0.9919889178103112,-2.1099176772449498e-05,9.123136030923088e-05,613.6820732041745,513.2420588412073,91.2430326828813
7.72,0.0009018611898327054,1.1481191067487002,0.0,-2.0074317787949227,0.9919889178103112,-2.1099176772449498e-05,9.123136030923088e-05,613.6820732041745,513.2420588412073,91.2430326828813
7.74,0.0006840876313374089,-0.7102175119660687,0.0,-2.0074317787949227,0.9919889178103112,-2.1099176772449498e-05,9.123136030923088e-05,613.6820732041745,513.2420588412073,91.2430326828813
7.76,0.0005760287510361414,-0.27008346760232216,0.0,-2.0074317787949227,0.9919889178103112,-2.1099176772449498e-05,9.123136030923088e-05,613.6820732041745,513.2420588412073,91.2430326828813
7.78,0.0010051069233035742,2.4540520597904742,0.0,-2.0074317787949227,0.9919889178103112,-2.1099176772449498e-05,9.123136030923088e-05,613.6820732041745,513.2420588412073,91.2430326828813
7.8,0.001059254891435683,0.7876663368740053,0.0,-2.0074317787949227,0.9919889178103112,-2.1099176772449498e-05,9.123136030923088e-05,613.6820732041745,513.2420588412073,91.2430326828813
7.82,0.0004398849988834549,-2.660605121964349,0.0,-2.0074317787949227,0.9919889178103112,-2.1099176772449498e-05,9.123136030923088e-05,613.6820732041745,513.2420588412073,91.2430326828813
7.84,0.0006505921169042981,0.384314252527764,0.0,-2.4014256921129573,1.1591477942416286,0.0003295998816223353,0.0003134100247184842,425.72571935163904,63.83286007328758,11.348064013028903
7.86,0.0018194735926953002,1.4279312010916163,0.0,-2.4014256921129573,1.1591477942416286,0.0003295998816223353,0.0003134100247184842,425.72571935163904,63.83286007328758,11.348064013028903
7.88,0.0027641631732510203,1.7064315422422431,0.0,-2.4014256921129573,1.1591477942416286,0.0003295998816223353,0.0003134100247184842,425.72571935163904,63.83286007328758,11.348064013028903
7.9,0.0031098244286281115,1.5176680196045194,0.0,-2.4014256921129573,1.1591477942416286,0.0003295998816223353,0.0003134100247184842,425.72571935163904,63.83286007328758,11.348064013028903
7.92,0.0028375294253444156,1.0547372268042252,0.0,-2.4014256921129573,1.1591477942416286,0.0003295998816223353,0.0003134100247184842,425.72571935163904,63.83286007328758,11.348064013028903
7.94,0.0021403494358892485,0.5195811657343994,0.0,-2.4014256921129573,1.1591477942416286,0.0003295998816223353,0.0003134100247184842,425.72571935163904,63.83286007328758,11.348064013028903
7.96,0.0013088807895467241,0.09107875650865938,0.0,-2.4014256921129573,1.1591477942416286,0.0003295998816223353,0.0003134100247184842,425.72571935163904,63.83286007328758,11.348064013028903
7.98,0.0006215546493306453,-0.11895322741877812,0.0,-2.4014256921129573,1.1591477942416286,0.0003295998816223353,0.0003134100247184842,425.72571935163904,63.83286007328758,11.348064013028903
8.0,0.00026126411066914023,-0.08644358440863073,0.0,-2.4014256921129573,1.1591477942416286,0.0003295998816223353,0.0003134100247184842,425.72571935163904,63.83286007328758,11.348064013028903
8.02,0.0002767251463787393,0.1336945052396948,0.0,-2.4014256921129573,1.1591477942416286,0.0003295998816223353,0.0003134100247184842,425.72571935163904,63.83286007328758,11.348064013028903
8.040000000000001,0.0005918197454468672,0.35021047608448835,0.0,-2.102812811419809,0.9146532809418153,0.00032106945161873064,0.00034564265993453216,323.7979973280301,54.232095389744636,9.641261402621268
8.06,0.0010772095014234054,0.5906400997296708,0.0,-2.102812811419809,0.9146532809418153,0.00032106945161873064,0.00034564265993453216,323.7979973280301,54.232095389744636,9.641261402621268
8.08,0.0015974736463753273,0.777644929828558,0.0,-2.102812811419809,0.9146532809418153,0.00032106945161873064,0.00034564265993453216,323.7979973280301,54.232095389744636,9.641261402621268
8.1,0.0020248557450978453,0.8734516365217304,0.0,-2.102812811419809,0.9146532809418153,0.00032106945161873064,0.00034564265993453216,323.7979973280301,54.232095389744636,9.641261402621268
8.120000000000001,0.002272188365686497,0.8692067502613496,0.0,-2.102812811419809,0.9146532809418153,0.00032106945161873064,0.00034564265993453216,323.7979973280301,54.232095389744636,9.641261402621268
8.14,0.002306023907433207,0.779744783797262,0.0,-2.102812811419809,0.9146532809418153,0.00032106945161873064,0.00034564265993453216,323.7979973280301,54.232095389744636,9.641261402621268
8.16,0.0021447040830865904,0.6357587887413519,0.0,-2.102812811419809,0.9146532809418153,0.00032106945161873064,0.00034564265993453216,323.7979973280301,54.232095389744636,9.641261402621268
8.18,0.0018451806332943762,0.47415219180262436,0.0,-2.102812811419809,0.9146532809418153,0.00032106945161873064,0.00034564265993453216,323.7979973280301,54.232095389744636,9.641261402621268
8.2,0.0014836217383836893,0.32878434689641667,0.0,-2.102812811419809,0.9146532809418153,0.00032106945161873064,0.00034564265993453216,323.7979973280301,54.232095389744636,9.641261402621268
8.22,0.0011352165823823104,0.22354369036640928,0.0,-2.102812811419809,0.9146532809418153,0.00032106945161873064,0.00034564265993453216,323.7979973280301,54.232095389744636,9.641261402621268
8.24,0.0008577887443285406,0.1652501602501363,0.0,-2.1883971297001357,0.9944225298710927,0.0003378307590003275,0.0003614670624358635,318.65687071987776,53.833110560571214,9.570330766323773
8.26,0.0006832216773154081,0.15957934399373014,0.0,-2.1883971297001357,0.9944225298710927,0.0003378307590003275,0.0003614670624358635,318.65687071987776,53.833110560571214,9.570330766323773
8.28,0.0006140572312029117,0.18863764752963166,0.0,-2.1883971297001357,0.9944225298710927,0.0003378307590003275,0.0003614670624358635,318.65687071987776,53.833110560571214,9.570330766323773
8.3,0.0006271491441323987,0.23284573150302346,0.0,-2.1883971297001357,0.9944225298710927,0.0003378307590003275,0.0003614670624358635,318.65687071987776,53.833110560571214,9.570330766323773
8.32,0.0006845528396779662,0.27307876649145557,0.0,-2.1883971297001357,0.9944225298710927,0.0003378307590003275,0.0003614670624358635,318.65687071987776,53.833110560571214,9.570330766323773
8.34,0.0007446850619460261,0.29434773169622896,0.0,-2.1883971297001357,0.9944225298710927,0.0003378307590003275,0.0003614670624358635,318.65687071987776,53.833110560571214,9.570330766323773
8.36,0.0007721188523850714,0.288274268293259,0.0,-2.1883971297001357,0.9944225298710927,0.0003378307590003275,0.0003614670624358635,318.65687071987776,53.833110560571214,9.570330766323773
8.38,0.0007442727548413728,0.2537499077021862,0.0,-2.1883971297001357,0.9944225298710927,0.0003378307590003275,0.0003614670624358635,318.65687071987776,53.833110560571214,9.570330766323773
8.4,0.0006541184618160424,0.19591038542366573,0.0,-2.1883971297001357,0.9944225298710927,0.0003378307590003275,0.0003614670624358635,318.65687071987776,53.833110560571214,9.570330766323773
8.42,0.0005090310263707355,0.12393891458468217,0.0,-2.1883971297001357,0.9944225298710927,0.0003378307590003275,0.0003614670624358635,318.65687071987776,53.833110560571214,9.570330766323773
8.44,0.00032671771417533066,0.05531677616169081,0.0,-2.17222329233802,0.9622002507292662,0.00033338058377337777,0.0003792170276735955,334.7619473092624,52.21714371459759,9.283047771484016
8.46,0.00012759803350828342,-0.019008375858311333,0.0,-2.17222329233802,0.9622002507292662,0.00033338058377337777,0.0003792170276735955,334.7619473092624,52.21714371459759,9.283047771484016
8.48,-6.745821690729188e-05,-0.08249018473338665,0.0,-2.17222329233802,0.9622002507292662,0.00033338058377337777,0.0003792170276735955,334.7619473092624,52.21714371459759,9.283047771484016
8.5,-0.0002391157749867326,-0.12934376306482148,0.0,-2.17222329233802,0.9622002507292662,0.00033338058377337777,0.0003792170276735955,334.7619473092624,52.21714371459759,9.283047771484016
8.52,-0.000375913039339649,-0.15935037517060707,0.0,-2.17222329233802,0.9622002507292662,0.00033338058377337777,0.0003792170276735955,334.7619473092624,52.21714371459759,9.283047771484016
8.540000000000001,-0.000475869692056808,-0.17620937211543858,0.0,-2.17222329233802,0.9622002507292662,0.00033338058377337777,0.0003792170276735955,334.7619473092624,52.21714371459759,9.283047771484016
8.56,-0.0005453772953839644,-0.18591443464608853,0.0,-2.17222329233802,0.9622002507292662,0.00033338058377337777,0.0003792170276735955,334.7619473092624,52.21714371459759,9.283047771484016
8.58,-0.0005963242848825859,-0.19497736183595826,0.0,-2.17222329233802,0.9622002507292662,0.00033338058377337777,0.0003792170276735955,334.7619473092624,52.21714371459759,9.283047771484016
8.6,-0.0006424331370548956,-0.20883813844999022,0.0,-2.17222329233802,0.9622002507292662,0.00033338058377337777,0.0003792170276735955,334.7619473092624,52.21714371459759,9.283047771484016
8.620000000000001,-0.0006957725921406714,-0.2307768850647661,0.0,-2.17222329233802,0.9622002507292662,0.00033338058377337777,0.0003792170276735955,334.7619473092624,52.21714371459759,9.283047771484016
8.64,-0.0007642073912930338,-0.25795536512606004,0.0,-2.1906454543115026,0.9816993978581755,0.00033959040528999104,0.00038050206759298704,330.14542560276436,52.147613096393954,9.270686772692258
8.66,-0.0008512475041719866,-0.2962032725402757,0.0,-2.1906454543115026,0.9816993978581755,0.00033959040528999104,0.00038050206759298704,330.14542560276436,52.147613096393954,9.270686772692258
8.68,-0.0009551253964731939,-0.3392991226460227,0.0,-2.1906454543115026,0.9816993978581755,0.00033959040528999104,0.00038050206759298704,330.14542560276436,52.147613096393954,9.270686772692258
8.700000000000001,-0.0010688331458467244,-0.38251043420125574,0.0,-2.1906454543115026,0.9816993978581755,0.00033959040528999104,0.00038050206759298704,330.14542560276436,52.147613096393954,9.270686772692258
8.72,-0.0011832221074673326,-0.42182523606151484,0.0,-2.1906454543115026,0.9816993978581755,0.00033959040528999104,0.00038050206759298704,330.14542560276436,52.147613096393954,9.270686772692258
8.74,-0.0012894449745873252,-0.45445379407489744,0.0,-2.1906454543115026,0.9816993978581755,0.00033959040528999104,0.00038050206759298704,330.14542560276436,52.147613096393954,9.270686772692258
8.76,-0.0013808340244373,-0.47918963112449897,0.0,-2.1906454543115026,0.9816993978581755,0.00033959040528999104,0.00038050206759298704,330.14542560276436,52.147613096393954,9.270686772692258
8.78,-0.0014539750086213963,-0.49639461395119694,0.0,-2.1906454543115026,0.9816993978581755,0.00033959040528999104,0.00038050206759298704,330.14542560276436,52.147613096393954,9.270686772692258
8.8,-0.0015088823434152914,-0.5076437890075066,0.0,-2.1906454543115026,0.9816993978581755,0.00033959040528999104,0.00038050206759298704,330.14542560276436,52.147613096393954,9.270686772692258
8.82,-0.0015483852842890404,-0.5151599306215744,0.0,-2.1906454543115026,0.9816993978581755,0.00033959040528999104,0.00038050206759298704,330.14542560276436,52.147613096393954,9.270686772692258
8.84,-0.001576990981050708,-0.5635577369532373,0.0,-2.2775800124584618,1.0294785302810396,0.00037353716840437905,0.0004046209192161475,357.0228087866451,49.814462512608074,8.85590444668588
8.86,-0.0015871587753782663,-0.5606049255618905,0.0,-2.2775800124584618,1.0294785302810396,0.00037353716840437905,0.0004046209192161475,357.0228087866451,49.814462512608074,8.85590444668588
8.88,-0.0015731625751320348,-0.5464755864503577,0.0,-2.2775800124584618,1.0294785302810396,0.00037353716840437905,0.0004046209192161475,357.0228087866451,49.814462512608074,8.85590444668588
8.9,-0.001546269434032745,-0.5327039495006517,0.0,-2.2775800124584618,1.0294785302810396,0.00037353716840437905,0.0004046209192161475,357.0228087866451,49.814462512608074,8.85590444668588
8.92,-0.0015196436712882244,-0.5248303434114818,0.0,-2.2775800124584618,1.0294785302810396,0.00037353716840437905,0.0004046209192161475,357.0228087866451,49.814462512608074,8.85590444668588
8.94,-0.0015034096671069338,-0.5251336855743368,0.0,-2.2775800124584618,1.0294785302810396,0.00037353716840437905,0.0004046209192161475,357.0228087866451,49.814462512608074,8.85590444668588
8.96,-0.0015024104987707938,-0.5330197076431886,0.0,-2.2775800124584618,1.0294785302810396,0.00037353716840437905,0.0004046209192161475,357.0228087866451,49.814462512608074,8.85590444668588
8.98,-0.0015157344587332412,-0.5456289879801108,0.0,-2.2775800124584618,1.0294785302810396,0.00037353716840437905,0.0004046209192161475,357.0228087866451,49.814462512608074,8.85590444668588
9.0,-0.0015377147683128891,-0.5588414587912125,0.0,-2.2775800124584618,1.0294785302810396,0.00037353716840437905,0.0004046209192161475,357.0228087866451,49.814462512608074,8.85590444668588
9.02,-0.0015599366217890391,-0.568436269906431,0.0,-2.2775800124584618,1.0294785302810396,0.00037353716840437905,0.0004046209192161475,357.0228087866451,49.814462512608074,8.85590444668588
9.040000000000001,-0.001573630445667845,-0.6205892583998973,0.0,-2.117801486501478,0.8997466695049127,0.0002666954855910898,0.0003673908792905265,387.60634652488625,57.023672809630895,10.13754183282327
9.06,-0.0015573393196464346,-0.6008521345198762,0.0,-2.117801486501478,0.8997466695049127,0.0002666954855910898,0.0003673908792905265,387.60634652488625,57.023672809630895,10.13754183282327
9.08,-0.0014967897076135323,-0.5566561568773931,0.0,-2.117801486501478,0.8997466695049127,0.0002666954855910898,0.0003673908792905265,387.60634652488625,57.023672809630895,10.13754183282327
9.1,-0.0014044447962635737,-0.5063481063340077,0.0,-2.117801486501478,0.8997466695049127,0.0002666954855910898,0.0003673908792905265,387.60634652488625,57.023672809630895,10.13754183282327
9.120000000000001,-0.0013003442590935146,-0.4615224281355373,0.0,-2.117801486501478,0.8997466695049127,0.0002666954855910898,0.0003673908792905265,387.60634652488625,57.023672809630895,10.13754183282327
9.14,-0.001203490855702483,-0.4290273897669856,0.0,-2.117801486501478,0.8997466695049127,0.0002666954855910898,0.0003673908792905265,387.60634652488625,57.023672809630895,10.13754183282327
9.16,-0.0011266021713633397,-0.41062936634176805,0.0,-2.117801486501478,0.8997466695049127,0.0002666954855910898,0.0003673908792905265,387.60634652488625,57.023672809630895,10.13754183282327
9.18,-0.0010737050452226111,-0.40351140788410284,0.0,-2.117801486501478,0.8997466695049127,0.0002666954855910898,0.0003673908792905265,387.60634652488625,57.023672809630895,10.13754183282327
9.200000000000001,-0.0010405096617943231,-0.40181770228850405,0.0,-2.117801486501478,0.8997466695049127,0.0002666954855910898,0.0003673908792905265,387.60634652488625,57.023672809630895,10.13754183282327
9.22,-0.0010169672392081578,-0.3987451987410511,0.0,-2.117801486501478,0.8997466695049127,0.0002666954855910898,0.0003673908792905265,387.60634652488625,57.023672809630895,10.13754183282327
9.24,-0.0009909625204867572,-0.4009117918958226,0.0,-1.950094676911127,0.7580307373893048,0.00017519439760989514,0.00036927460137308046,399.7472864149251,61.294818972323895,10.896856706190915
9.26,-0.0009483441699187204,-0.3759859753090323,0.0,-1.950094676911127,0.7580307373893048,0.00017519439760989514,0.00036927460137308046,399.7472864149251,61.294818972323895,10.896856706190915
9.28,-0.0008804214983692657,-0.3361264992092247,0.0,-1.950094676911127,0.7580307373893048,0.00017519439760989514,0.00036927460137308046,399.7472864149251,61.294818972323895,10.896856706190915
9.3,-0.0007898764006985235,-0.2885739819474947,0.0,-1.950094676911127,0.7580307373893048,0.00017519439760989514,0.00036927460137308046,399.7472864149251,61.294818972323895,10.896856706190915
9.32,-0.0006851620399045042,-0.2398346165411318,0.0,-1.950094676911127,0.7580307373893048,0.00017519439760989514,0.00036927460137308046,399.7472864149251,61.294818972323895,10.896856706190915
9.34,-0.0005765960789886151,-0.19504399858273339,0.0,-1.950094676911127,0.7580307373893048,0.00017519439760989514,0.00036927460137308046,399.7472864149251,61.294818972323895,10.896856706190915
9.36,-0.0004730846714032918,-0.15699948424120483,0.0,-1.950094676911127,0.7580307373893048,0.00017519439760989514,0.00036927460137308046,399.7472864149251,61.294818972323895,10.896856706190915
9.38,-0.00037992590216358573,-0.12586582964895882,0.0,-1.950094676911127,0.7580307373893048,0.00017519439760989514,0.00036927460137308046,399.7472864149251,61.294818972323895,10.896856706190915
9.4,-0.0002980480856642903,-0.09964711703098142,0.0,-1.950094676911127,0.7580307373893048,0.00017519439760989514,0.00036927460137308046,399.7472864149251,61.294818972323895,10.896856706190915
9.42,-0.0002246258226223088,-0.07517908231998369,0.0,-1.950094676911127,0.7580307373893048,0.00017519439760989514,0.00036927460137308046,399.7472864149251,61.294818972323895,10.896856706190915
9.44,-0.00015464862627067796,-0.04929665265445101,0.0,-1.9989892438110668,0.8125688055725888,0.00013822295035113808,0.0003866481450131807,405.28082163025914,65.3570424194194,11.619029763452337
9.46,-8.281924160464388e-05,-0.01921780547591028,0.0,-1.9989892438110668,0.8125688055725888,0.00013822295035113808,0.0003866481450131807,405.28082163025914,65.3570424194194,11.619029763452337
9.48,-5.339043801099071e-06,0.015459302169363833,0.0,-1.9989892438110668,0.8125688055725888,0.00013822295035113808,0.0003866481450131807,405.28082163025914,65.3570424194194,11.619029763452337
9.5,7.910574867271702e-05,0.05383265103919438,0.0,-1.9989892438110668,0.8125688055725888,0.00013822295035113808,0.0003866481450131807,405.28082163025914,65.3570424194194,11.619029763452337
9.52,0.00016942076467419288,0.09406736682619318,0.0,-1.9989892438110668,0.8125688055725888,0.00013822295035113808,0.0003866481450131807,405.28082163025914,65.3570424194194,11.619029763452337
9.540000000000001,0.000262820036542542,0.1340556463099705,0.0,-1.9989892438110668,0.8125688055725888,0.00013822295035113808,0.0003866481450131807,405.28082163025914,65.3570424194194,11.619029763452337
9.56,0.00035588535989957305,0.17204442143203869,0.0,-1.9989892438110668,0.8125688055725888,0.00013822295035113808,0.0003866481450131807,405.28082163025914,65.3570424194194,11.619029763452337
9.58,0.0004455984026212395,0.20703834454738168,0.0,-1.9989892438110668,0.8125688055725888,0.00013822295035113808,0.0003866481450131807,405.28082163025914,65.3570424194194,11.619029763452337
9.6,0.0005300505770824172,0.23890173271747508,0.0,-1.9989892438110668,0.8125688055725888,0.00013822295035113808,0.0003866481450131807,405.28082163025914,65.3570424194194,11.619029763452337
9.620000000000001,0.0006086876011128055,0.26818913055767657,0.0,-1.9989892438110668,0.8125688055725888,0.00013822295035113808,0.0003866481450131807,405.28082163025914,65.3570424194194,11.619029763452337
9.64,0.0006821103542759659,0.3415426594798202,0.0,-2.0650405807882453,0.9462162793888448,2.110143152213446e-05,0.00030279827251736166,452.3065995662597,111.45830419527533,19.814809634715616
9.66,0.0007381867073571269,0.35136612405604595,0.0,-2.0650405807882453,0.9462162793888448,2.110143152213446e-05,0.00030279827251736166,452.3065995662597,111.45830419527533,19.814809634715616
9.68,0.0007697555747524301,0.34308028596536944,0.0,-2.0650405807882453,0.9462162793888448,2.110143152213446e-05,0.00030279827251736166,452.3065995662597,111.45830419527533,19.814809634715616
9.700000000000001,0.0007927221872086627,0.3467127435603402,0.0,-2.0650405807882453,0.9462162793888448,2.110143152213446e-05,0.00030279827251736166,452.3065995662597,111.45830419527533,19.814809634715616
9.72,0.0008240008861442882,0.37093226090609394,0.0,-2.0650405807882453,0.9462162793888448,2.110143152213446e-05,0.00030279827251736166,452.3065995662597,111.45830419527533,19.814809634715616
9.74,0.0008702295654082846,0.4085932345713219,0.0,-2.0650405807882453,0.9462162793888448,2.110143152213446e-05,0.00030279827251736166,452.3065995662597,111.45830419527533,19.814809634715616
9.76,0.000927307998410115,0.44722660029527694,0.0,-2.0650405807882453,0.9462162793888448,2.110143152213446e-05,0.00030279827251736166,452.3065995662597,111.45830419527533,19.814809634715616
9.78,0.0009860616246955521,0.4776590301438428,0.0,-2.0650405807882453,0.9462162793888448,2.110143152213446e-05,0.00030279827251736166,452.3065995662597,111.45830419527533,19.814809634715616
9.8,0.001038470683999588,0.4973930978244614,0.0,-2.0650405807882453,0.9462162793888448,2.110143152213446e-05,0.00030279827251736166,452.3065995662597,111.45830419527533,19.814809634715616
9.82,0.0010809904288479558,0.5092370220644209,0.0,-2.0650405807882453,0.9462162793888448,2.110143152213446e-05,0.00030279827251736166,452.3065995662597,111.45830419527533,19.814809634715616
9.84,0.0011143950186594605,1.066219560861184,0.0,-1.925899183596157,0.9044013405502513,-0.0001433030992406002,0.00019738449201709852,886.1997482310225,637.4226503334097,113.31958228149506
9.86,0.000980974635638199,0.015261548285481985,0.0,-1.925899183596157,0.9044013405502513,-0.0001433030992406002,0.00019738449201709852,886.1997482310225,637.4226503334097,113.31958228149506
9.88,0.0008320579941840569,-0.19390236626791768,0.0,-1.925899183596157,0.9044013405502513,-0.0001433030992406002,0.00019738449201709852,886.1997482310225,637.4226503334097,113.31958228149506
9.9,0.0010420663349045161,2.039153158626274,0.0,-1.925899183596157,0.9044013405502513,-0.0001433030992406002,0.00019738449201709852,886.1997482310225,637.4226503334097,113.31958228149506
9.92,0.0010248211584485383,0.7493216900497871,0.0,-1.925899183596157,0.9044013405502513,-0.0001433030992406002,0.00019738449201709852,886.1997482310225,637.4226503334097,113.31958228149506
9.94,0.0005079577849288752,-2.5330730950571634,0.0,-1.925899183596157,0.9044013405502513,-0.0001433030992406002,0.00019738449201709852,886.1997482310225,637.4226503334097,113.31958228149506
9.96,0.0008298541774834443,2.5151660802680302,0.0,-1.925899183596157,0.9044013405502513,-0.0001433030992406002,0.00019738449201709852,886.1997482310225,637.4226503334097,113.31958228149506
9.98,0.0014769330240369193,4.949912795041647,0.0,-1.925899183596157,0.9044013405502513,-0.0001433030992406002,0.00019738449201709852,886.1997482310225,637.4226503334097,113.31958228149506
10.0,0.0002622418053477579,-6.67195338468163,0.0,-1.925899183596157,0.9044013405502513,-0.0001433030992406002,0.00019738449201709852,886.1997482310225,637.4226503334097,113.31958228149506
10.02,-0.00013256166606334083,-2.3780512258538717,0.0,-1.925899183596157,0.9044013405502513,-0.0001433030992406002,0.00019738449201709852,886.1997482310225,637.4226503334097,113.31958228149506
10.040000000000001,0.002433694456110923,2.534365250574345,0.0,-1.7216528108377076,0.43869139426116427,0.00022837257483508637,0.00032042837402363226,555.3339370595438,51.82771258876256,9.213815571335566
10.06,0.005277820254417268,4.247287572102635,0.0,-1.7216528108377076,0.43869139426116427,0.00022837257483508637,0.00032042837402363226,555.3339370595438,51.82771258876256,9.213815571335566
10.08,0.006472992099656904,4.158058785405818,0.0,-1.7216528108377076,0.43869139426116427,0.00022837257483508637,0.00032042837402363226,555.3339370595438,51.82771258876256,9.213815571335566
10.1,0.0055454268510794005,2.670773055370856,0.0,-1.7216528108377076,0.43869139426116427,0.00022837257483508637,0.00032042837402363226,555.3339370595438,51.82771258876256,9.213815571335566
10.120000000000001,0.0029438512356490297,0.457880148576403,0.0,-1.7216528108377076,0.43869139426116427,0.00022837257483508637,0.00032042837402363226,555.3339370595438,51.82771258876256,9.213815571335566
10.14,-0.0002728466129516098,-1.6121252928476382,0.0,-1.7216528108377076,0.43869139426116427,0.00022837257483508637,0.00032042837402363226,555.3339370595438,51.82771258876256,9.213815571335566
10.16,-0.002880117318964619,-2.7822591320520207,0.0,-1.7216528108377076,0.43869139426116427,0.00022837257483508637,0.00032042837402363226,555.3339370595438,51.82771258876256,9.213815571335566
10.18,-0.0039560053131391625,-2.678342968018879,0.0,-1.7216528108377076,0.43869139426116427,0.00022837257483508637,0.00032042837402363226,555.3339370595438,51.82771258876256,9.213815571335566
10.200000000000001,-0.0032065240476973887,-1.4245235368792848,0.0,-1.7216528108377076,0.43869139426116427,0.00022837257483508637,0.00032042837402363226,555.3339370595438,51.82771258876256,9.213815571335566
10.22,-0.0010369461163128972,0.43346730528147637,0.0,-1.7216528108377076,0.43869139426116427,0.00022837257483508637,0.00032042837402363226,555.3339370595438,51.82771258876256,9.213815571335566
10.24,0.0016418370792650443,1.6225208999845098,0.0,-2.0147469439854278,0.9204370418195723,0.00031285872489869495,0.0003346594577566348,187.5818701643531,54.69600209064258,9.723733705003125
10.26,0.003940219578270722,1.8730203189335084,0.0,-2.0147469439854278,0.9204370418195723,0.00031285872489869495,0.0003346594577566348,187.5818701643531,54.69600209064258,9.723733705003125
10.28,0.005436088739946666,1.7693936008781819,0.0,-2.0147469439854278,0.9204370418195723,0.00031285872489869495,0.0003346594577566348,187.5818701643531,54.69600209064258,9.723733705003125
10.3,0.006080030626195202,1.482640793420426,0.0,-2.0147469439854278,0.9204370418195723,0.00031285872489869495,0.0003346594577566348,187.5818701643531,54.69600209064258,9.723733705003125
10.32,0.005973859002447493,1.1045646447827522,0.0,-2.0147469439854278,0.9204370418195723,0.00031285872489869495,0.0003346594577566348,187.5818701643531,54.69600209064258,9.723733705003125
10.34,0.0052943664453525855,0.7041547695548029,0.0,-2.0147469439854278,0.9204370418195723,0.00031285872489869495,0.0003346594577566348,187.5818701643531,54.69600209064258,9.723733705003125
10.36,0.004247427321989029,0.3337666886589997,0.0,-2.0147469439854278,0.9204370418195723,0.00031285872489869495,0.0003346594577566348,187.5818701643531,54.69600209064258,9.723733705003125
10.38,0.003033837242420563,0.028414491292689026,0.0,-2.0147469439854278,0.9204370418195723,0.00031285872489869495,0.0003346594577566348,187.5818701643531,54.69600209064258,9.723733705003125
10.4,0.00182506898393259,-0.19398773448258405,0.0,-2.0147469439854278,0.9204370418195723,0.00031285872489869495,0.0003346594577566348,187.5818701643531,54.69600209064258,9.723733705003125
10.42,0.0007489290350693898,-0.33055069194075676,0.0,-2.0147469439854278,0.9204370418195723,0.00031285872489869495,0.0003346594577566348,187.5818701643531,54.69600209064258,9.723733705003125
10.44,-0.00011565281463568004,-0.40646264211165084,0.0,-2.05907888534146,1.0125390854502336,0.0003147441207135377,0.0003135664849848684,118.78514100001368,58.322367002531415,10.368420800450028
10.46,-0.0007315186740487417,-0.3515320307132582,0.0,-2.05907888534146,1.0125390854502336,0.0003147441207135377,0.0003135664849848684,118.78514100001368,58.322367002531415,10.368420800450028
10.48,-0.0011161486637258806,-0.2786447468307903,0.0,-2.05907888534146,1.0125390854502336,0.0003147441207135377,0.0003135664849848684,118.78514100001368,58.322367002531415,10.368420800450028
10.5,-0.0013291903016160109,-0.21654634652901653,0.0,-2.05907888534146,1.0125390854502336,0.0003147441207135377,0.0003135664849848684,118.78514100001368,58.322367002531415,10.368420800450028
10.52,-0.001431282443061014,-0.1728243382070686,0.0,-2.05907888534146,1.0125390854502336,0.0003147441207135377,0.0003135664849848684,118.78514100001368,58.322367002531415,10.368420800450028
10.540000000000001,-0.0014737208842450856,-0.14865867890188142,0.0,-2.05907888534146,1.0125390854502336,0.0003147441207135377,0.0003135664849848684,118.78514100001368,58.322367002531415,10.368420800450028
10.56,-0.0014961375274736713,-0.1426868873486042,0.0,-2.05907888534146,1.0125390854502336,0.0003147441207135377,0.0003135664849848684,118.78514100001368,58.322367002531415,10.368420800450028
10.58,-0.0015267274022991795,-0.15233853228514055,0.0,-2.05907888534146,1.0125390854502336,0.0003147441207135377,0.0003135664849848684,118.78514100001368,58.322367002531415,10.368420800450028
10.6,-0.0015835026577753868,-0.1745047137456393,0.0,-2.05907888534146,1.0125390854502336,0.0003147441207135377,0.0003135664849848684,118.78514100001368,58.322367002531415,10.368420800450028
10.620000000000001,-0.0016759949267295517,-0.20596283205273352,0.0,-2.05907888534146,1.0125390854502336,0.0003147441207135377,0.0003135664849848684,118.78514100001368,58.322367002531415,10.368420800450028
10.64,-0.001807096684796488,-0.2500683189380047,0.0,-2.0569643636606085,1.0074137586284966,0.00031495644186325185,0.00031851871536493813,122.49069784429702,57.74402150300163,10.265603822755846
10.66,-0.001972969570263299,-0.2905120792959668,0.0,-2.0569643636606085,1.0074137586284966,0.00031495644186325185,0.00031851871536493813,122.49069784429702,57.74402150300163,10.265603822755846
10.68,-0.0021667445439331754,-0.331071631082291,0.0,-2.0569643636606085,1.0074137586284966,0.00031495644186325185,0.00031851871536493813,122.49069784429702,57.74402150300163,10.265603822755846
10.700000000000001,-0.002382081680679695,-0.3712668779353102,0.0,-2.0569643636606085,1.0074137586284966,0.00031495644186325185,0.00031851871536493813,122.49069784429702,57.74402150300163,10.265603822755846
10.72,-0.0026121007618622686,-0.4099946910044993,0.0,-2.0569643636606085,1.0074137586284966,0.00031495644186325185,0.00031851871536493813,122.49069784429702,57.74402150300163,10.265603822755846
10.74,-0.0028497406197549764,-0.4463060664322951,0.0,-2.0569643636606085,1.0074137586284966,0.00031495644186325185,0.00031851871536493813,122.49069784429702,57.74402150300163,10.265603822755846
10.76,-0.003088257836758631,-0.4795391063817678,0.0,-2.0569643636606085,1.0074137586284966,0.00031495644186325185,0.00031851871536493813,122.49069784429702,57.74402150300163,10.265603822755846
10.78,-0.003321601659425753,-0.5093022059769585,0.0,-2.0569643636606085,1.0074137586284966,0.00031495644186325185,0.00031851871536493813,122.49069784429702,57.74402150300163,10.265603822755846
10.8,-0.0035446336945487563,-0.535422347404757,0.0,-2.0569643636606085,1.0074137586284966,0.00031495644186325185,0.00031851871536493813,122.49069784429702,57.74402150300163,10.265603822755846
10.82,-0.00375321404285858,-0.5578882487040254,0.0,-2.0569643636606085,1.0074137586284966,0.00031495644186325185,0.00031851871536493813,122.49069784429702,57.74402150300163,10.265603822755846
10.84,-0.003944186391557711,-0.754825454759837,0.0,-2.1257406033515918,1.0359319968433562,0.0003528999863781871,0.00034691805776000895,169.3642346640825,53.52113126474077,9.514867780398358
10.86,-0.004063161792786919,-0.7450728610576757,0.0,-2.1257406033515918,1.0359319968433562,0.0003528999863781871,0.00034691805776000895,169.3642346640825,53.52113126474077,9.514867780398358
10.88,-0.004063596523446499,-0.6931013141883989,0.0,-2.1257406033515918,1.0359319968433562,0.0003528999863781871,0.00034691805776000895,169.3642346640825,53.52113126474077,9.514867780398358
10.9,-0.003969921579474683,-0.6367135673260252,0.0,-2.1257406033515918,1.0359319968433562,0.0003528999863781871,0.00034691805776000895,169.3642346640825,53.52113126474077,9.514867780398358
10.92,-0.0038184398593946265,-0.5876441345838412,0.0,-2.1257406033515918,1.0359319968433562,0.0003528999863781871,0.00034691805776000895,169.3642346640825,53.52113126474077,9.514867780398358
10.94,-0.003643029251762167,-0.5504514221462483,0.0,-2.1257406033515918,1.0359319968433562,0.0003528999863781871,0.00034691805776000895,169.3642346640825,53.52113126474077,9.514867780398358
10.96,-0.0034705701373473493,-0.5263621464062567,0.0,-2.1257406033515918,1.0359319968433562,0.0003528999863781871,0.00034691805776000895,169.3642346640825,53.52113126474077,9.514867780398358
10.98,-0.003319410471191185,-0.5144473490054695,0.0,-2.1257406033515918,1.0359319968433562,0.0003528999863781871,0.00034691805776000895,169.3642346640825,53.52113126474077,9.514867780398358
11.0,-0.0031993886640173373,-0.5123582760626181,0.0,-2.1257406033515918,1.0359319968433562,0.0003528999863781871,0.00034691805776000895,169.3642346640825,53.52113126474077,9.514867780398358
11.02,-0.0031128545881285536,-0.5169661352798809,0.0,-2.1257406033515918,1.0359319968433562,0.0003528999863781871,0.00034691805776000895,169.3642346640825,53.52113126474077,9.514867780398358
11.040000000000001,-0.0030562923458465965,-0.5814206484582249,0.0,-2.09561955196589,0.9931358102381298,0.000335023713081505,0.00036061406011029336,187.87961028524097,52.89936757026874,9.404332012492219
11.06,-0.003005658917773722,-0.5778754357052607,0.0,-2.09561955196589,0.9931358102381298,0.000335023713081505,0.00036061406011029336,187.87961028524097,52.89936757026874,9.404332012492219
11.08,-0.0029381196710233774,-0.5603452852064091,0.0,-2.09561955196589,0.9931358102381298,0.000335023713081505,0.00036061406011029336,187.87961028524097,52.89936757026874,9.404332012492219
11.1,-0.0028535430709284854,-0.5394628326437495,0.0,-2.09561955196589,0.9931358102381298,0.000335023713081505,0.00036061406011029336,187.87961028524097,52.89936757026874,9.404332012492219
11.120000000000001,-0.002755591989291049,-0.5176862998229423,0.0,-2.09561955196589,0.9931358102381298,0.000335023713081505,0.00036061406011029336,187.87961028524097,52.89936757026874,9.404332012492219
11.14,-0.0026479412276786407,-0.4957014544654643,0.0,-2.09561955196589,0.9931358102381298,0.000335023713081505,0.00036061406011029336,187.87961028524097,52.89936757026874,9.404332012492219
11.16,-0.002533412436966697,-0.4736299847520876,0.0,-2.09561955196589,0.9931358102381298,0.000335023713081505,0.00036061406011029336,187.87961028524097,52.89936757026874,9.404332012492219
11.18,-0.0024137922603848904,-0.4513155001178585,0.0,-2.09561955196589,0.9931358102381298,0.000335023713081505,0.00036061406011029336,187.87961028524097,52.89936757026874,9.404332012492219
11.200000000000001,-0.0022898948001376226,-0.42844912352078485,0.0,-2.09561955196589,0.9931358102381298,0.000335023713081505,0.00036061406011029336,187.87961028524097,52.89936757026874,9.404332012492219
11.22,-0.002161748112493928,-0.4046620186852573,0.0,-2.09561955196589,0.9931358102381298,0.000335023713081505,0.00036061406011029336,187.87961028524097,52.89936757026874,9.404332012492219
11.24,-0.0020288418595820145,-0.4228488596222663,0.0,-2.0243903535688763,0.9222095041494054,0.0002656427928457955,0.00035277622958111645,209.26327254595685,57.43581201637828,10.210811025133916
11.26,-0.001877723689579568,-0.384084426332624,0.0,-2.0243903535688763,0.9222095041494054,0.0002656427928457955,0.00035277622958111645,209.26327254595685,57.43581201637828,10.210811025133916
11.28,-0.0016983782807182954,-0.33409382378406277,0.0,-2.0243903535688763,0.9222095041494054,0.0002656427928457955,0.00035277622958111645,209.26327254595685,57.43581201637828,10.210811025133916
11.3,-0.001499802563088841,-0.28444421438692225,0.0,-2.0243903535688763,0.9222095041494054,0.0002656427928457955,0.00035277622958111645,209.26327254595685,57.43581201637828,10.210811025133916
11.32,-0.0012933478702936109,-0.23870398311864863,0.0,-2.0243903535688763,0.9222095041494054,0.0002656427928457955,0.00035277622958111645,209.26327254595685,57.43581201637828,10.210811025133916
11.34,-0.0010884248067510403,-0.19785336231645123,0.0,-2.0243903535688763,0.9222095041494054,0.0002656427928457955,0.00035277622958111645,209.26327254595685,57.43581201637828,10.210811025133916
11.36,-0.0008912986410268189,-0.1616065775067656,0.0,-2.0243903535688763,0.9222095041494054,0.0002656427928457955,0.00035277622958111645,209.26327254595685,57.43581201637828,10.210811025133916
11.38,-0.0007049957476461541,-0.12895578384651096,0.0,-2.0243903535688763,0.9222095041494054,0.0002656427928457955,0.00035277622958111645,209.26327254595685,57.43581201637828,10.210811025133916
11.4,-0.0005297737740955445,-0.09855407889582005,0.0,-2.0243903535688763,0.9222095041494054,0.0002656427928457955,0.00035277622958111645,209.26327254595685,57.43581201637828,10.210811025133916
11.42,-0.00036388677412301645,-0.06902390761233379,0.0,-2.0243903535688763,0.9222095041494054,0.0002656427928457955,0.00035277622958111645,209.26327254595685,57.43581201637828,10.210811025133916
11.44,-0.00020444737652555028,-0.03971119366532701,0.0,-1.9704577197721507,0.8739272974507718,0.0002300597087791849,0.00034890560191864545,212.54585838985082,59.760860479366826,10.624152974109657
11.46,-4.807998904710845e-05,-0.008165294372015422,0.0,-1.9704577197721507,0.8739272974507718,0.0002300597087791849,0.00034890560191864545,212.54585838985082,59.760860479366826,10.624152974109657
11.48,0.00010811401364798929,0.025070210412788917,0.0,-1.9704577197721507,0.8739272974507718,0.0002300597087791849,0.00034890560191864545,212.54585838985082,59.760860479366826,10.624152974109657
11.5,0.00026593828623167493,0.059798971754506575,0.0,-1.9704577197721507,0.8739272974507718,0.0002300597087791849,0.00034890560191864545,212.54585838985082,59.760860479366826,10.624152974109657
11.52,0.00042625150592088146,0.09570449351975492,0.0,-1.9704577197721507,0.8739272974507718,0.0002300597087791849,0.00034890560191864545,212.54585838985082,59.760860479366826,10.624152974109657
11.540000000000001,0.0005890449878672476,0.1323271448688368,0.0,-1.9704577197721507,0.8739272974507718,0.0002300597087791849,0.00034890560191864545,212.54585838985082,59.760860479366826,10.624152974109657
11.56,0.0007535923166396606,0.1691333614630408,0.0,-1.9704577197721507,0.8739272974507718,0.0002300597087791849,0.00034890560191864545,212.54585838985082,59.760860479366826,10.624152974109657
11.58,0.0009186587114374629,0.205591268581175,0.0,-1.9704577197721507,0.8739272974507718,0.0002300597087791849,0.00034890560191864545,212.54585838985082,59.760860479366826,10.624152974109657
11.6,0.0010827293407588779,0.2412289398308845,0.0,-1.9704577197721507,0.8739272974507718,0.0002300597087791849,0.00034890560191864545,212.54585838985082,59.760860479366826,10.624152974109657
11.620000000000001,0.0012442191227245696,0.2756690704124489,0.0,-1.9704577197721507,0.8739272974507718,0.0002300597087791849,0.00034890560191864545,212.54585838985082,59.760860479366826,10.624152974109657
11.64,0.0014016384171140735,0.3275785375365494,0.0,-2.056625060295818,0.9547939898379268,0.0002444825435618789,0.0003294478182172248,225.6543137086381,62.90444600158489,11.18301262250398
11.66,0.0015481566934839926,0.35649342631356323,0.0,-2.056625060295818,0.9547939898379268,0.0002444825435618789,0.0003294478182172248,225.6543137086381,62.90444600158489,11.18301262250398
11.68,0.0016778734396363116,0.3784808974016641,0.0,-2.056625060295818,0.9547939898379268,0.0002444825435618789,0.0003294478182172248,225.6543137086381,62.90444600158489,11.18301262250398
11.700000000000001,0.0017928585287160922,0.39844613886522084,0.0,-2.056625060295818,0.9547939898379268,0.0002444825435618789,0.0003294478182172248,225.6543137086381,62.90444600158489,11.18301262250398
11.72,0.0018969600933602306,0.41823812090913226,0.0,-2.056625060295818,0.9547939898379268,0.0002444825435618789,0.0003294478182172248,225.6543137086381,62.90444600158489,11.18301262250398
11.74,0.001993790177739822,0.4385307596985051,0.0,-2.056625060295818,0.9547939898379268,0.0002444825435618789,0.0003294478182172248,225.6543137086381,62.90444600158489,11.18301262250398
11.76,0.0020859511615404567,0.45934086475730085,0.0,-2.056625060295818,0.9547939898379268,0.0002444825435618789,0.0003294478182172248,225.6543137086381,62.90444600158489,11.18301262250398
11.78,0.0021747957501807116,0.48027075142329123,0.0,-2.056625060295818,0.9547939898379268,0.0002444825435618789,0.0003294478182172248,225.6543137086381,62.90444600158489,11.18301262250398
11.8,0.0022604965086176747,0.5006955282216352,0.0,-2.056625060295818,0.9547939898379268,0.0002444825435618789,0.0003294478182172248,225.6543137086381,62.90444600158489,11.18301262250398
11.82,0.002342299687183619,0.5199222553792169,0.0,-2.056625060295818,0.9547939898379268,0.0002444825435618789,0.0003294478182172248,225.6543137086381,62.90444600158489,11.18301262250398
11.84,0.0024188636762903244,0.6296624878387785,0.0,-2.0775569577364155,0.9917353789706965,0.00017452733329431156,0.0002551486120751969,265.0827841690036,85.23546971862429,15.152972394422097
11.86,0.0024615585740746003,0.619515541947622,0.0,-2.0775569577364155,0.9917353789706965,0.00017452733329431156,0.0002551486120751969,265.0827841690036,85.23546971862429,15.152972394422097
11.88,0.002449007530349465,0.5785063111468134,0.0,-2.0775569577364155,0.9917353789706965,0.00017452733329431156,0.0002551486120751969,265.0827841690036,85.23546971862429,15.152972394422097
11.9,0.0024024648262158817,0.5445104113207396,0.0,-2.0775569577364155,0.9917353789706965,0.00017452733329431156,0.0002551486120751969,265.0827841690036,85.23546971862429,15.152972394422097
11.92,0.002348764305259728,0.5288561782548623,0.0,-2.0775569577364155,0.9917353789706965,0.00017452733329431156,0.0002551486120751969,265.0827841690036,85.23546971862429,15.152972394422097
11.94,0.002306059998590293,0.5297984304669952,0.0,-2.0775569577364155,0.9917353789706965,0.00017452733329431156,0.0002551486120751969,265.0827841690036,85.23546971862429,15.152972394422097
11.96,0.0022811189882128136,0.5405339798823299,0.0,-2.0775569577364155,0.9917353789706965,0.00017452733329431156,0.0002551486120751969,265.0827841690036,85.23546971862429,15.152972394422097
11.98,0.002271856672618363,0.5538304963505714,0.0,-2.0775569577364155,0.9917353789706965,0.00017452733329431156,0.0002551486120751969,265.0827841690036,85.23546971862429,15.152972394422097
12.0,0.0022714277971078015,0.5642815768274863,0.0,-2.0775569577364155,0.9917353789706965,0.00017452733329431156,0.0002551486120751969,265.0827841690036,85.23546971862429,15.152972394422097
12.02,0.0022718832728086274,0.5689452438271133,0.0,-2.0775569577364155,0.9917353789706965,0.00017452733329431156,0.0002551486120751969,265.0827841690036,85.23546971862429,15.152972394422097
12.040000000000001,0.002266568560710636,0.6530963327830546,0.0,-1.950194311329939,0.8796522730127818,5.912398253263649e-05,0.0002564744231777808,307.2511710914551,109.21670906890373,19.416303834471773
12.06,0.0022259803664107327,0.6112438151667418,0.0,-1.950194311329939,0.8796522730127818,5.912398253263649e-05,0.0002564744231777808,307.2511710914551,109.21670906890373,19.416303834471773
12.08,0.002132797484491838,0.5362122862743434,0.0,-1.950194311329939,0.8796522730127818,5.912398253263649e-05,0.0002564744231777808,307.2511710914551,109.21670906890373,19.416303834471773
12.1,0.002014782697481375,0.48024587277109515,0.0,-1.950194311329939,0.8796522730127818,5.912398253263649e-05,0.0002564744231777808,307.2511710914551,109.21670906890373,19.416303834471773
12.120000000000001,0.0019025000791492784,0.4554674791827843,0.0,-1.950194311329939,0.8796522730127818,5.912398253263649e-05,0.0002564744231777808,307.2511710914551,109.21670906890373,19.416303834471773
12.14,0.0018106869648076831,0.45108504314980574,0.0,-1.950194311329939,0.8796522730127818,5.912398253263649e-05,0.0002564744231777808,307.2511710914551,109.21670906890373,19.416303834471773
12.16,0.0017379897009967408,0.45110303211739483,0.0,-1.950194311329939,0.8796522730127818,5.912398253263649e-05,0.0002564744231777808,307.2511710914551,109.21670906890373,19.416303834471773
12.18,0.0016748362212586835,0.4446227040801682,0.0,-1.950194311329939,0.8796522730127818,5.912398253263649e-05,0.0002564744231777808,307.2511710914551,109.21670906890373,19.416303834471773
12.200000000000001,0.001611292191250602,0.42823917491857943,0.0,-1.950194311329939,0.8796522730127818,5.912398253263649e-05,0.0002564744231777808,307.2511710914551,109.21670906890373,19.416303834471773
12.22,0.0015412319585574874,0.4037536234662094,0.0,-1.950194311329939,0.8796522730127818,5.912398253263649e-05,0.0002564744231777808,307.2511710914551,109.21670906890373,19.416303834471773
12.24,0.0014628184824866143,0.3794526828355319,0.0,-1.8643167431979295,0.780502054487153,4.238306980246749e-05,0.0003185485331968617,301.89636349191085,90.88527828145521,16.157382805592036
12.26,0.001375590377207257,0.34849818642153835,0.0,-1.8643167431979295,0.780502054487153,4.238306980246749e-05,0.0003185485331968617,301.89636349191085,90.88527828145521,16.157382805592036
12.280000000000001,0.001280091078709997,0.3153120824134367,0.0,-1.8643167431979295,0.780502054487153,4.238306980246749e-05,0.0003185485331968617,301.89636349191085,90.88527828145521,16.157382805592036
12.3,0.0011786393699825498,0.282017831286014,0.0,-1.8643167431979295,0.780502054487153,4.238306980246749e-05,0.0003185485331968617,301.89636349191085,90.88527828145521,16.157382805592036
12.32,0.001073489883722158,0.24923755194076208,0.0,-1.8643167431979295,0.780502054487153,4.238306980246749e-05,0.0003185485331968617,301.89636349191085,90.88527828145521,16.157382805592036
12.34,0.0009661087369323283,0.2167727857721335,0.0,-1.8643167431979295,0.780502054487153,4.238306980246749e-05,0.0003185485331968617,301.89636349191085,90.88527828145521,16.157382805592036
12.36,0.0008571266761324601,0.18413617283550252,0.0,-1.8643167431979295,0.780502054487153,4.238306980246749e-05,0.0003185485331968617,301.89636349191085,90.88527828145521,16.157382805592036
12.38,0.0007466141221697726,0.15089352112355836,0.0,-1.8643167431979295,0.780502054487153,4.238306980246749e-05,0.0003185485331968617,301.89636349191085,90.88527828145521,16.157382805592036
12.4,0.0006344237108116815,0.11682135021446201,0.0,-1.8643167431979295,0.780502054487153,4.238306980246749e-05,0.0003185485331968617,301.89636349191085,90.88527828145521,16.157382805592036
12.42,0.0005204559036580654,0.08192501605911441,0.0,-1.8643167431979295,0.780502054487153,4.238306980246749e-05,0.0003185485331968617,301.89636349191085,90.88527828145521,16.157382805592036
12.44,0.00040479761400679694,0.009315777181114954,0.0,-1.952095133362522,0.9021255035019199,-3.388963155203477e-05,0.0002541055618904205,347.6758113607779,157.51805820077647,28.003210346804707
12.46,0.00029860006201730144,-0.013419293493481033,0.0,-1.952095133362522,0.9021255035019199,-3.388963155203477e-05,0.0002541055618904205,347.6758113607779,157.51805820077647,28.003210346804707
12.48,0.00020938018702135533,-0.02000778970997387,0.0,-1.952095133362522,0.9021255035019199,-3.388963155203477e-05,0.0002541055618904205,347.6758113607779,157.51805820077647,28.003210346804707
12.5,0.00012537412293157305,-0.04151952025806979,0.0,-1.952095133362522,0.9021255035019199,-3.388963155203477e-05,0.0002541055618904205,347.6758113607779,157.51805820077647,28.003210346804707
12.52,3.451598784047754e-05,-0.08259395754501409,0.0,-1.952095133362522,0.9021255035019199,-3.388963155203477e-05,0.0002541055618904205,347.6758113607779,157.51805820077647,28.003210346804707
12.540000000000001,-6.510342856016343e-05,-0.12970151845331082,0.0,-1.952095133362522,0.9021255035019199,-3.388963155203477e-05,0.0002541055618904205,347.6758113607779,157.51805820077647,28.003210346804707
12.56,-0.00016777450796766433,-0.17019913763824673,0.0,-1.952095133362522,0.9021255035019199,-3.388963155203477e-05,0.0002541055618904205,347.6758113607779,157.51805820077647,28.003210346804707
12.58,-0.0002677201295156603,-0.20197514931420135,0.0,-1.952095133362522,0.9021255035019199,-3.388963155203477e-05,0.0002541055618904205,347.6758113607779,157.51805820077647,28.003210346804707
12.6,-0.00036330397852582085,-0.2302446986233791,0.0,-1.952095133362522,0.9021255035019199,-3.388963155203477e-05,0.0002541055618904205,347.6758113607779,157.51805820077647,28.003210346804707
12.620000000000001,-0.00045603680364383545,-0.25993044838384677,0.0,-1.952095133362522,0.9021255035019199,-3.388963155203477e-05,0.0002541055618904205,347.6758113607779,157.51805820077647,28.003210346804707
12.64,-0.0005475442710881784,-1.5471739499086217,0.0,-1.9508798326930403,0.9478120245278249,-0.00011692766808654275,0.00014213092822453843,1189.083547761323,1392.2098380474927,247.50397120844315
12.66,-0.0002702211341546277,3.3394143035412007,0.0,-1.9508798326930403,0.9478120245278249,-0.00011692766808654275,0.00014213092822453843,1189.083547761323,1392.2098380474927,247.50397120844315
12.68,-0.0006931773937703927,-5.8489135740033475,0.0,-1.9508798326930403,0.9478120245278249,-0.00011692766808654275,0.00014213092822453843,1189.083547761323,1392.2098380474927,247.50397120844315
12.700000000000001,-0.0005755302573905571,0.9650278904625714,0.0,-1.9508798326930403,0.9478120245278249,-0.00011692766808654275,0.00014213092822453843,1189.083547761323,1392.2098380474927,247.50397120844315
12.72,0.0007633495022045097,17.69131883951816,0.0,-1.9508798326930403,0.9478120245278249,-0.00011692766808654275,0.00014213092822453843,1189.083547761323,1392.2098380474927,247.50397120844315
12.74,-0.0035760960016818027,-57.83862056251029,0.0,-1.9508798326930403,0.9478120245278249,-0.00011692766808654275,0.00014213092822453843,1189.083547761323,1392.2098380474927,247.50397120844315
12.76,0.003584663685124638,93.09325577193458,0.0,-1.9508798326930403,0.9478120245278249,-0.00011692766808654275,0.00014213092822453843,1189.083547761323,1392.2098380474927,247.50397120844315
12.780000000000001,0.0001981750658629584,-41.452336158052674,0.0,-1.9508798326930403,0.9478120245278249,-0.00011692766808654275,0.00014213092822453843,1189.083547761323,1392.2098380474927,247.50397120844315
12.8,-0.018567956291947154,-254.60997671708586,0.0,-1.9508798326930403,0.9478120245278249,-0.00011692766808654275,0.00014213092822453843,1189.083547761323,1392.2098380474927,247.50397120844315
12.82,0.048964460463255546,895.0167534331978,0.0,-1.9508798326930403,0.9478120245278249,-0.00011692766808654275,0.00014213092822453843,1189.083547761323,1392.2098380474927,247.50397120844315
12.84,-0.07057128295502722,-107.9816574131874,0.0,-2.6779345405226715,1.417457634215124,0.00034218201031346255,0.00030255205476491313,458.5380675942726,71.12782161908176,12.644946065614535
12.86,-0.4208821074899974,-415.1181572025097,0.0,-2.6779345405226715,1.417457634215124,0.00034218201031346255,0.00030255205476491313,458.5380675942726,71.12782161908176,12.644946065614535
12.88,-0.6379810030595545,-431.35094638025885,0.0,-2.6779345405226715,1.417457634215124,0.00034218201031346255,0.00030255205476491313,458.5380675942726,71.12782161908176,12.644946065614535
12.9,-0.6623392932241697,-321.602636704268,0.0,-2.6779345405226715,1.417457634215124,0.00034218201031346255,0.00030255205476491313,458.5380675942726,71.12782161908176,12.644946065614535
12.92,-0.5199925389965282,-151.67213506325015,0.0,-2.6779345405226715,1.417457634215124,0.00034218201031346255,0.00030255205476491313,458.5380675942726,71.12782161908176,12.644946065614535
12.94,-0.2632104535991359,38.04922397597183,0.0,-2.6779345405226715,1.417457634215124,0.00034218201031346255,0.00030255205476491313,458.5380675942726,71.12782161908176,12.644946065614535
12.96,0.02321639730849512,188.16268838383567,0.0,-2.6779345405226715,1.417457634215124,0.00034218201031346255,0.00030255205476491313,458.5380675942726,71.12782161908176,12.644946065614535
12.98,0.24375043284521358,247.97213279991468,0.0,-2.6779345405226715,1.417457634215124,0.00034218201031346255,0.00030255205476491313,458.5380675942726,71.12782161908176,12.644946065614535
13.0,0.34187752827535933,216.06202380880129,0.0,-2.6779345405226715,1.417457634215124,0.00034218201031346255,0.00030255205476491313,458.5380675942726,71.12782161908176,12.644946065614535
13.02,0.3142030387591507,124.28147558746787,0.0,-2.6779345405226715,1.417457634215124,0.00034218201031346255,0.00030255205476491313,458.5380675942726,71.12782161908176,12.644946065614535
13.040000000000001,0.19392405690365272,-39.984768649739486,0.0,-2.0680891326779665,1.0083042277254757,0.0002944138829119616,0.0002862521960882205,151.39857883664487,63.181820964643386,11.232323727047714
13.06,0.05066801602030499,-74.5137919637207,0.0,-2.0680891326779665,1.0083042277254757,0.0002944138829119616,0.0002862521960882205,151.39857883664487,63.181820964643386,11.232323727047714
13.08,-0.05920053470691352,-72.47158746099758,0.0,-2.0680891326779665,1.0083042277254757,0.0002944138829119616,0.0002862521960882205,151.39857883664487,63.181820964643386,11.232323727047714
13.1,-0.12678008332101515,-59.11305091870324,0.0,-2.0680891326779665,1.0083042277254757,0.0002944138829119616,0.0002862521960882205,151.39857883664487,63.181820964643386,11.232323727047714
13.120000000000001,-0.15722893789802053,-43.06844565922895,0.0,-2.0680891326779665,1.0083042277254757,0.0002944138829119616,0.0002862521960882205,151.39857883664487,63.181820964643386,11.232323727047714
13.14,-0.15942357144758093,-27.73413562888348,0.0,-2.0680891326779665,1.0083042277254757,0.0002944138829119616,0.0002862521960882205,151.39857883664487,63.181820964643386,11.232323727047714
13.16,-0.14245036383732926,-14.579451733296473,0.0,-2.0680891326779665,1.0083042277254757,0.0002944138829119616,0.0002862521960882205,151.39857883664487,63.181820964643386,11.232323727047714
13.18,-0.11438272262167541,-4.24377542478655,0.0,-2.0680891326779665,1.0083042277254757,0.0002944138829119616,0.0002862521960882205,151.39857883664487,63.181820964643386,11.232323727047714
13.200000000000001,-0.08181013124548961,3.114343286151332,0.0,-2.0680891326779665,1.0083042277254757,0.0002944138829119616,0.0002862521960882205,151.39857883664487,63.181820964643386,11.232323727047714
13.22,-0.049657740997722376,7.6834283905965535,0.0,-2.0680891326779665,1.0083042277254757,0.0002944138829119616,0.0002862521960882205,151.39857883664487,63.181820964643386,11.232323727047714
13.24,-0.02119858383454934,10.96901816136186,0.0,-2.041754694647742,1.0059882865017973,0.0002837263108870442,0.0002818057728353887,112.62992242035018,64.41665800914278,11.451850312736493
13.26,0.0014559763096546985,10.198806486081414,0.0,-2.041754694647742,1.0059882865017973,0.0002837263108870442,0.0002818057728353887,112.62992242035018,64.41665800914278,11.451850312736493
13.280000000000001,0.017725022765544513,8.397726314429983,0.0,-2.041754694647742,1.0059882865017973,0.0002837263108870442,0.0002818057728353887,112.62992242035018,64.41665800914278,11.451850312736493
13.3,0.02848078823595314,6.488976659956767,0.0,-2.041754694647742,1.0059882865017973,0.0002837263108870442,0.0002818057728353887,112.62992242035018,64.41665800914278,11.451850312736493
13.32,0.034895277818025164,4.7706147855222945,0.0,-2.041754694647742,1.0059882865017973,0.0002837263108870442,0.0002818057728353887,112.62992242035018,64.41665800914278,11.451850312736493
13.34,0.03808877542385249,3.3350533070015294,0.0,-2.041754694647742,1.0059882865017973,0.0002837263108870442,0.0002818057728353887,112.62992242035018,64.41665800914278,11.451850312736493
13.36,0.039022568840860423,2.1966107504777956,0.0,-2.041754694647742,1.0059882865017973,0.0002837263108870442,0.0002818057728353887,112.62992242035018,64.41665800914278,11.451850312736493
13.38,0.038474070151408746,1.3356514398741361,0.0,-2.041754694647742,1.0059882865017973,0.0002837263108870442,0.0002818057728353887,112.62992242035018,64.41665800914278,11.451850312736493
13.4,0.037043495467886725,0.717180175405305,0.0,-2.041754694647742,1.0059882865017973,0.0002837263108870442,0.0002818057728353887,112.62992242035018,64.41665800914278,11.451850312736493
13.42,0.03517370949554618,0.30041268594698844,0.0,-2.041754694647742,1.0059882865017973,0.0002837263108870442,0.0002818057728353887,112.62992242035018,64.41665800914278,11.451850312736493
13.44,0.03317516089785808,-0.1742438606674741,0.0,-2.0367995984113536,1.0047871558738175,0.0002811176248254162,0.0002796065128582446,106.82506265834547,64.87018900029506,11.5324780444969
13.46,0.031315658595373864,-0.252078839478308,0.0,-2.0367995984113536,1.0047871558738175,0.0002811176248254162,0.0002796065128582446,106.82506265834547,64.87018900029506,11.5324780444969
13.48,0.029764863651789885,-0.201117517949138,0.0,-2.0367995984113536,1.0047871558738175,0.0002811176248254162,0.0002796065128582446,106.82506265834547,64.87018900029506,11.5324780444969
13.5,0.028540635724612257,-0.10656066696694588,0.0,-2.0367995984113536,1.0047871558738175,0.0002811176248254162,0.0002796065128582446,106.82506265834547,64.87018900029506,11.5324780444969
13.52,0.027612418944095957,0.0007940764969549541,0.0,-2.0367995984113536,1.0047871558738175,0.0002811176248254162,0.0002796065128582446,106.82506265834547,64.87018900029506,11.5324780444969
13.540000000000001,0.026934916691699434,0.10793330821236652,0.0,-2.0367995984113536,1.0047871558738175,0.0002811176248254162,0.0002796065128582446,106.82506265834547,64.87018900029506,11.5324780444969
13.56,0.02646055144904217,0.20872288615572976,0.0,-2.0367995984113536,1.0047871558738175,0.0002811176248254162,0.0002796065128582446,106.82506265834547,64.87018900029506,11.5324780444969
13.58,0.02614469315076883,0.30030042017281877,0.0,-2.0367995984113536,1.0047871558738175,0.0002811176248254162,0.0002796065128582446,106.82506265834547,64.87018900029506,11.5324780444969
13.6,0.02594793580650578,0.381623211402254,0.0,-2.0367995984113536,1.0047871558738175,0.0002811176248254162,0.0002796065128582446,106.82506265834547,64.87018900029506,11.5324780444969
13.620000000000001,0.025836917754196203,0.45272394086627843,0.0,-2.0367995984113536,1.0047871558738175,0.0002811176248254162,0.0002796065128582446,106.82506265834547,64.87018900029506,11.5324780444969
13.64,0.025784333935946587,0.29935246385996545,0.0,-2.0305062293735854,1.0032838567335824,0.0002776793595402083,0.0002764563589996315,99.35386294753737,65.51483609579738,11.6470819725862
13.66,0.02583139612860804,0.3959043310356111,0.0,-2.0305062293735854,1.0032838567335824,0.0002776793595402083,0.0002764563589996315,99.35386294753737,65.51483609579738,11.6470819725862
13.68,0.026011873019630063,0.5256132756875966,0.0,-2.0305062293735854,1.0032838567335824,0.0002776793595402083,0.0002764563589996315,99.35386294753737,65.51483609579738,11.6470819725862
13.700000000000001,0.026276834406047972,0.635568555109147,0.0,-2.0305062293735854,1.0032838567335824,0.0002776793595402083,0.0002764563589996315,99.35386294753737,65.51483609579738,11.6470819725862
13.72,0.02657321377397298,0.7181301754105748,0.0,-2.0305062293735854,1.0032838567335824,0.0002776793595402083,0.0002764563589996315,99.35386294753737,65.51483609579738,11.6470819725862
13.74,0.026861135008263603,0.7770066906215001,0.0,-2.0305062293735854,1.0032838567335824,0.0002776793595402083,0.0002764563589996315,99.35386294753737,65.51483609579738,11.6470819725862
13.76,0.02711475259260081,0.8177560776261559,0.0,-2.0305062293735854,1.0032838567335824,0.0002776793595402083,0.0002764563589996315,99.35386294753737,65.51483609579738,11.6470819725862
13.780000000000001,0.027319320865045724,0.8453130744890761,0.0,-2.0305062293735854,1.0032838567335824,0.0002776793595402083,0.0002764563589996315,99.35386294753737,65.51483609579738,11.6470819725862
13.8,0.027467978385193777,0.8635141196502398,0.0,-2.0305062293735854,1.0032838567335824,0.0002776793595402083,0.0002764563589996315,99.35386294753737,65.51483609579738,11.6470819725862
13.82,0.02755909011070491,0.8751649776049375,0.0,-2.0305062293735854,1.0032838567335824,0.0002776793595402083,0.0002764563589996315,99.35386294753737,65.51483609579738,11.6470819725862
13.84,0.02759424997778569,0.6755711110703094,0.0,-2.024425122492155,1.001517796414102,0.00027447179464382354,0.00027368008256329533,92.46767971817852,66.10118067052703,11.751321008093694
13.86,0.027637345582680318,0.7207560552575862,0.0,-2.024425122492155,1.001517796414102,0.00027447179464382354,0.00027368008256329533,92.46767971817852,66.10118067052703,11.751321008093694
13.88,0.027741362143676694,0.802844046690881,0.0,-2.024425122492155,1.001517796414102,0.00027447179464382354,0.00027368008256329533,92.46767971817852,66.10118067052703,11.751321008093694
13.9,0.027876058973509216,0.8701786426081011,0.0,-2.024425122492155,1.001517796414102,0.00027447179464382354,0.00027368008256329533,92.46767971817852,66.10118067052703,11.751321008093694
13.92,0.028003717179060496,0.9148688193771907,0.0,-2.024425122492155,1.001517796414102,0.00027447179464382354,0.00027368008256329533,92.46767971817852,66.10118067052703,11.751321008093694
13.94,0.02809630970064509,0.9399712144482771,0.0,-2.024425122492155,1.001517796414102,0.00027447179464382354,0.00027368008256329533,92.46767971817852,66.10118067052703,11.751321008093694
13.96,0.028136722995770427,0.9502468082788456,0.0,-2.024425122492155,1.001517796414102,0.00027447179464382354,0.00027368008256329533,92.46767971817852,66.10118067052703,11.751321008093694
13.98,0.028116349513860096,0.949817151159366,0.0,-2.024425122492155,1.001517796414102,0.00027447179464382354,0.00027368008256329533,92.46767971817852,66.10118067052703,11.751321008093694
14.0,0.028032427342254196,0.941777540948915,0.0,-2.024425122492155,1.001517796414102,0.00027447179464382354,0.00027368008256329533,92.46767971817852,66.10118067052703,11.751321008093694
14.02,0.02788590942670401,0.928316065962888,0.0,-2.024425122492155,1.001517796414102,0.00027447179464382354,0.00027368008256329533,92.46767971817852,66.10118067052703,11.751321008093694
14.040000000000001,0.027679927218668694,0.7424590835176565,0.0,-2.019605346392213,1.0001687093618379,0.0002719443101558352,0.0002714695830065032,86.80874487871381,66.57534331934853,11.835616590106406
14.06,0.027468054338877692,0.7571545810897431,0.0,-2.019605346392213,1.0001687093618379,0.0002719443101558352,0.0002714695830065032,86.80874487871381,66.57534331934853,11.835616590106406
14.08,0.02729436978576381,0.8010190034509628,0.0,-2.019605346392213,1.0001687093618379,0.0002719443101558352,0.0002714695830065032,86.80874487871381,66.57534331934853,11.835616590106406
14.1,0.027134753522691346,0.8316183709750242,0.0,-2.019605346392213,1.0001687093618379,0.0002719443101558352,0.0002714695830065032,86.80874487871381,66.57534331934853,11.835616590106406
14.120000000000001,0.02695934353131607,0.8429413751737643,0.0,-2.019605346392213,1.0001687093618379,0.0002719443101558352,0.0002714695830065032,86.80874487871381,66.57534331934853,11.835616590106406
14.14,0.026746555537454014,0.83796315353478,0.0,-2.019605346392213,1.0001687093618379,0.0002719443101558352,0.0002714695830065032,86.80874487871381,66.57534331934853,11.835616590106406
14.16,0.02648386782671572,0.8208933190851847,0.0,-2.019605346392213,1.0001687093618379,0.0002719443101558352,0.0002714695830065032,86.80874487871381,66.57534331934853,11.835616590106406
14.18,0.02616567597830582,0.7952649766905722,0.0,-2.019605346392213,1.0001687093618379,0.0002719443101558352,0.0002714695830065032,86.80874487871381,66.57534331934853,11.835616590106406
14.200000000000001,0.02579103229379226,0.7636764508550826,0.0,-2.019605346392213,1.0001687093618379,0.0002719443101558352,0.0002714695830065032,86.80874487871381,66.57534331934853,11.835616590106406
14.22,0.025361890423041232,0.7279417330649727,0.0,-2.019605346392213,1.0001687093618379,0.0002719443101558352,0.0002714695830065032,86.80874487871381,66.57534331934853,11.835616590106406
14.24,0.024881875450820944,0.5873891264565457,0.0,-2.0165885502650966,0.9994543938708684,0.0002703386273453933,0.0002699926041161049,82.9951150287374,66.89301745423758,11.89209199186446
14.26,0.024385300046030296,0.5689530102700329,0.0,-2.0165885502650966,0.9994543938708684,0.0002703386273453933,0.0002699926041161049,82.9951150287374,66.89301745423758,11.89209199186446
14.280000000000001,0.023900477185682858,0.5676786989407216,0.0,-2.0165885502650966,0.9994543938708684,0.0002703386273453933,0.0002699926041161049,82.9951150287374,66.89301745423758,11.89209199186446
14.3,0.023414246783233197,0.557812012125813,0.0,-2.0165885502650966,0.9994543938708684,0.0002703386273453933,0.0002699926041161049,82.9951150287374,66.89301745423758,11.89209199186446
14.32,0.022910219529718546,0.536048797038865,0.0,-2.0165885502650966,0.9994543938708684,0.0002703386273453933,0.0002699926041161049,82.9951150287374,66.89301745423758,11.89209199186446
14.34,0.022377245899771622,0.5045405707569739,0.0,-2.0165885502650966,0.9994543938708684,0.0002703386273453933,0.0002699926041161049,82.9951150287374,66.89301745423758,11.89209199186446
14.36,0.021809751444523406,0.46609346334059704,0.0,-2.0165885502650966,0.9994543938708684,0.0002703386273453933,0.0002699926041161049,82.9951150287374,66.89301745423758,11.89209199186446
14.38,0.021206320706681353,0.4230148765423861,0.0,-2.0165885502650966,0.9994543938708684,0.0002703386273453933,0.0002699926041161049,82.9951150287374,66.89301745423758,11.89209199186446
14.4,0.020568263694147347,0.37698778363953944,0.0,-2.0165885502650966,0.9994543938708684,0.0002703386273453933,0.0002699926041161049,82.9951150287374,66.89301745423758,11.89209199186446
14.42,0.01989853002786978,0.32918953128193107,0.0,-2.0165885502650966,0.9994543938708684,0.0002703386273453933,0.0002699926041161049,82.9951150287374,66.89301745423758,11.89209199186446
14.44,0.019200965644211927,0.178654340885402,0.0,-2.013420253835688,0.9991940296515545,0.0002684702634472648,0.0002680082154969131,78.12664325824097,67.31589424138467,11.967270087357274
14.46,0.018509630504788405,0.15328984607554036,0.0,-2.013420253835688,0.9991940296515545,0.0002684702634472648,0.0002680082154969131,78.12664325824097,67.31589424138467,11.967270087357274
14.48,0.017851926033756016,0.14606333538846222,0.0,-2.013420253835688,0.9991940296515545,0.0002684702634472648,0.0002680082154969131,78.12664325824097,67.31589424138467,11.967270087357274
14.5,0.017213452204740975,0.13086321123089445,0.0,-2.013420253835688,0.9991940296515545,0.0002684702634472648,0.0002680082154969131,78.12664325824097,67.31589424138467,11.967270087357274
14.52,0.016576977784704024,0.10465185630440449,0.0,-2.013420253835688,0.9991940296515545,0.0002684702634472648,0.0002680082154969131,78.12664325824097,67.31589424138467,11.967270087357274
14.540000000000001,0.015930944439693964,0.06990784320233306,0.0,-2.013420253835688,0.9991940296515545,0.0002684702634472648,0.0002680082154969131,78.12664325824097,67.31589424138467,11.967270087357274
14.56,0.015269635232393181,0.029659239195802378,0.0,-2.013420253835688,0.9991940296515545,0.0002684702634472648,0.0002680082154969131,78.12664325824097,67.31589424138467,11.967270087357274
14.58,0.014591603187333721,-0.013674527971054506,0.0,-2.013420253835688,0.9991940296515545,0.0002684702634472648,0.0002680082154969131,78.12664325824097,67.31589424138467,11.967270087357274
14.6,0.01389814303853884,-0.05837253730795777,0.0,-2.013420253835688,0.9991940296515545,0.0002684702634472648,0.0002680082154969131,78.12664325824097,67.31589424138467,11.967270087357274
14.620000000000001,0.013192161651327344,-0.10325990222086029,0.0,-2.013420253835688,0.9991940296515545,0.0002684702634472648,0.0002680082154969131,78.12664325824097,67.31589424138467,11.967270087357274
14.64,0.012477421384444506,-0.25971414614978217,0.0,-2.010163570625083,1.000624016177481,0.0002654372409073919,0.0002640453912978277,70.28368171690309,68.17426311205688,12.119868997699001
14.66,0.011790904181793162,-0.27478538657376894,0.0,-2.010163570625083,1.000624016177481,0.0002654372409073919,0.0002640453912978277,70.28368171690309,68.17426311205688,12.119868997699001
14.68,0.01116166017433123,-0.2690850318278807,0.0,-2.010163570625083,1.000624016177481,0.0002654372409073919,0.0002640453912978277,70.28368171690309,68.17426311205688,12.119868997699001
14.700000000000001,0.010572304516196004,-0.2719198575078484,0.0,-2.010163570625083,1.000624016177481,0.0002654372409073919,0.0002640453912978277,70.28368171690309,68.17426311205688,12.119868997699001
14.72,0.010002870251843071,-0.2862307937891813,0.0,-2.010163570625083,1.000624016177481,0.0002654372409073919,0.0002640453912978277,70.28368171690309,68.17426311205688,12.119868997699001
14.74,0.00944018601130598,-0.30881628914000964,0.0,-2.010163570625083,1.000624016177481,0.0002654372409073919,0.0002640453912978277,70.28368171690309,68.17426311205688,12.119868997699001
14.76,0.008877774239903597,-0.3360748302265532,0.0,-2.010163570625083,1.000624016177481,0.0002654372409073919,0.0002640453912978277,70.28368171690309,68.17426311205688,12.119868997699001
14.780000000000001,0.008313872423644002,-0.3652750409018394,0.0,-2.010163570625083,1.000624016177481,0.0002654372409073919,0.0002640453912978277,70.28368171690309,68.17426311205688,12.119868997699001
14.8,0.00774961808220656,-0.394580051348418,0.0,-2.010163570625083,1.000624016177481,0.0002654372409073919,0.0002640453912978277,70.28368171690309,68.17426311205688,12.119868997699001
14.82,0.007187764944746072,-0.42281363298084756,0.0,-2.010163570625083,1.000624016177481,0.0002654372409073919,0.0002640453912978277,70.28368171690309,68.17426311205688,12.119868997699001
14.84,0.006631860687736224,-0.5556664688700875,0.0,-2.007950094211822,1.0054521460570671,0.0002579758669863118,0.00025448722418549267,58.91238634098788,70.48433493976346,12.530548433735726
14.86,0.0061169129573723,-0.5517199506322882,0.0,-2.007950094211822,1.0054521460570671,0.0002579758669863118,0.00025448722418549267,58.91238634098788,70.48433493976346,12.530548433735726
14.88,0.005669899539851218,-0.5274990859505724,0.0,-2.007950094211822,1.0054521460570671,0.0002579758669863118,0.00025448722418549267,58.91238634098788,70.48433493976346,12.530548433735726
14.9,0.005273395132963811,-0.5117789915743302,0.0,-2.007950094211822,1.0054521460570671,0.0002579758669863118,0.00025448722418549267,58.91238634098788,70.48433493976346,12.530548433735726
14.92,0.0049080349097191615,-0.506871757592058,0.0,-2.007950094211822,1.0054521460570671,0.0002579758669863118,0.00025448722418549267,58.91238634098788,70.48433493976346,12.530548433735726
14.94,0.004561515999712114,-0.5090511056577673,0.0,-2.007950094211822,1.0054521460570671,0.0002579758669863118,0.00025448722418549267,58.91238634098788,70.48433493976346,12.530548433735726
14.96,0.004228121302583079,-0.5145091772417958,0.0,-2.007950094211822,1.0054521460570671,0.0002579758669863118,0.00025448722418549267,58.91238634098788,70.48433493976346,12.530548433735726
14.98,0.003906487918643611,-0.5205816581303704,0.0,-2.007950094211822,1.0054521460570671,0.0002579758669863118,0.00025448722418549267,58.91238634098788,70.48433493976346,12.530548433735726
15.0,0.00359770917387136,-0.5256471241335878,0.0,-2.007950094211822,1.0054521460570671,0.0002579758669863118,0.00025448722418549267,58.91238634098788,70.48433493976346,12.530548433735726
15.02,0.0033040875172873083,-0.5287910169967414,0.0,-2.007950094211822,1.0054521460570671,0.0002579758669863118,0.00025448722418549267,58.91238634098788,70.48433493976346,12.530548433735726
15.040000000000001,0.003028402538212247,-0.6412354795751125,0.0,-1.9966711375479336,1.0030479415040856,0.0002321306370468514,0.00023148619102720942,45.773268794973276,77.64487725997238,13.803533735106202
15.06,0.0028062216758611034,-0.610120355148597,0.0,-1.9966711375479336,1.0030479415040856,0.0002321306370468514,0.00023148619102720942,45.773268794973276,77.64487725997238,13.803533735106202
15.08,0.002664634663654033,-0.5568393544228963,0.0,-1.9966711375479336,1.0030479415040856,0.0002321306370468514,0.00023148619102720942,45.773268794973276,77.64487725997238,13.803533735106202
15.1,0.00258390828851765,-0.514517326805334,0.0,-1.9966711375479336,1.0030479415040856,0.0002321306370468514,0.00023148619102720942,45.773268794973276,77.64487725997238,13.803533735106202
15.120000000000001,0.0025425869868727653,-0.485263897698401,0.0,-1.9966711375479336,1.0030479415040856,0.0002321306370468514,0.00023148619102720942,45.773268794973276,77.64487725997238,13.803533735106202
15.14,0.0025276473436083038,-0.46381455107811587,0.0,-1.9966711375479336,1.0030479415040856,0.0002321306370468514,0.00023148619102720942,45.773268794973276,77.64487725997238,13.803533735106202
15.16,0.002533459575947624,-0.44529184230042196,0.0,-1.9966711375479336,1.0030479415040856,0.0002321306370468514,0.00023148619102720942,45.773268794973276,77.64487725997238,13.803533735106202
15.18,0.00255874527714776,-0.42672082962505464,0.0,-1.9966711375479336,1.0030479415040856,0.0002321306370468514,0.00023148619102720942,45.773268794973276,77.64487725997238,13.803533735106202
15.200000000000001,0.0026042288734778184,-0.4066546797795145,0.0,-1.9966711375479336,1.0030479415040856,0.0002321306370468514,0.00023148619102720942,45.773268794973276,77.64487725997238,13.803533735106202
15.22,0.002671302251344109,-0.3845354894284082,0.0,-1.9966711375479336,1.0030479415040856,0.0002321306370468514,0.00023148619102720942,45.773268794973276,77.64487725997238,13.803533735106202
15.24,0.002761397483631945,-0.5066141699747034,0.0,-1.9216461525395683,0.9374601412964483,0.00016923096275900875,0.00020150116141327945,29.168890326760714,93.68477771401155,16.655071593602052
15.26,0.0029186069995184617,-0.4406703019733303,0.0,-1.9216461525395683,0.9374601412964483,0.00016923096275900875,0.00020150116141327945,29.168890326760714,93.68477771401155,16.655071593602052
15.280000000000001,0.0031754472308270615,-0.34426090116170854,0.0,-1.9216461525395683,0.9374601412964483,0.00016923096275900875,0.00020150116141327945,29.168890326760714,93.68477771401155,16.655071593602052
15.3,0.003501857886397124,-0.27024342915083954,0.0,-1.9216461525395683,0.9374601412964483,0.00016923096275900875,0.00020150116141327945,29.168890326760714,93.68477771401155,16.655071593602052
15.32,0.0038665659217665743,-0.2204682529676053,0.0,-1.9216461525395683,0.9374601412964483,0.00016923096275900875,0.00020150116141327945,29.168890326760714,93.68477771401155,16.655071593602052
15.34,0.004252842740570622,-0.18327097265357412,0.0,-1.9216461525395683,0.9374601412964483,0.00016923096275900875,0.00020150116141327945,29.168890326760714,93.68477771401155,16.655071593602052
15.36,0.004655456596093577,-0.14919953912151024,0.0,-1.9216461525395683,0.9374601412964483,0.00016923096275900875,0.00020150116141327945,29.168890326760714,93.68477771401155,16.655071593602052
15.38,0.005074385705452384,-0.11388540190373103,0.0,-1.9216461525395683,0.9374601412964483,0.00016923096275900875,0.00020150116141327945,29.168890326760714,93.68477771401155,16.655071593602052
15.4,0.0055106987976401315,-0.07635668740156326,0.0,-1.9216461525395683,0.9374601412964483,0.00016923096275900875,0.00020150116141327945,29.168890326760714,93.68477771401155,16.655071593602052
15.42,0.0059649241228250105,-0.037014510748627105,0.0,-1.9216461525395683,0.9374601412964483,0.00016923096275900875,0.00020150116141327945,29.168890326760714,93.68477771401155,16.655071593602052
15.44,0.006436810329461584,0.04258537677496277,0.0,-1.9451128071739106,0.9589152020739922,0.00016911834405458067,0.00019373960450657805,36.19983637071955,96.83197577056524,17.21457347032271
15.46,0.006914108458938739,0.07791182378525174,0.0,-1.9451128071739106,0.9589152020739922,0.00016911834405458067,0.00019373960450657805,36.19983637071955,96.83197577056524,17.21457347032271
15.48,0.007385913034837464,0.10456646418794802,0.0,-1.9451128071739106,0.9589152020739922,0.00016911834405458067,0.00019373960450657805,36.19983637071955,96.83197577056524,17.21457347032271
15.5,0.007856842546178876,0.13607671402628818,0.0,-1.9451128071739106,0.9589152020739922,0.00016911834405458067,0.00019373960450657805,36.19983637071955,96.83197577056524,17.21457347032271
15.52,0.008332604397032282,0.1735957992983337,0.0,-1.9451128071739106,0.9589152020739922,0.00016911834405458067,0.00019373960450657805,36.19983637071955,96.83197577056524,17.21457347032271
15.540000000000001,0.008815654271971392,0.21442788145117136,0.0,-1.9451128071739106,0.9589152020739922,0.00016911834405458067,0.00019373960450657805,36.19983637071955,96.83197577056524,17.21457347032271
15.56,0.009305585872727801,0.2561081892808013,0.0,-1.9451128071739106,0.9589152020739922,0.00016911834405458067,0.00019373960450657805,36.19983637071955,96.83197577056524,17.21457347032271
15.58,0.009800562650833088,0.297348953365539,0.0,-1.9451128071739106,0.9589152020739922,0.00016911834405458067,0.00019373960450657805,36.19983637071955,96.83197577056524,17.21457347032271
15.6,0.010298329160402103,0.3377133726197508,0.0,-1.9451128071739106,0.9589152020739922,0.00016911834405458067,0.00019373960450657805,36.19983637071955,96.83197577056524,17.21457347032271
15.620000000000001,0.010796627222521848,0.37711837836652645,0.0,-1.9451128071739106,0.9589152020739922,0.00016911834405458067,0.00019373960450657805,36.19983637071955,96.83197577056524,17.21457347032271
15.64,0.01129326090594732,1.177520517425895,0.0,-2.0067938043114983,1.0038023498083486,0.00014178476521902757,0.00015443781874912768,103.51867016956824,121.852172456098,21.662608436639644
15.66,0.011562928889310868,0.9877820941038936,0.0,-2.0067938043114983,1.0038023498083486,0.00014178476521902757,0.00015443781874912768,103.51867016956824,121.852172456098,21.662608436639644
15.68,0.011445379667316208,0.5840997075242482,0.0,-2.0067938043114983,1.0038023498083486,0.00014178476521902757,0.00015443781874912768,103.51867016956824,121.852172456098,21.662608436639644
15.700000000000001,0.011129786455095166,0.3640462203759094,0.0,-2.0067938043114983,1.0038023498083486,0.00014178476521902757,0.00015443781874912768,103.51867016956824,121.852172456098,21.662608436639644
15.72,0.010812194934635398,0.35535492891130444,0.0,-2.0067938043114983,1.0038023498083486,0.00014178476521902757,0.00015443781874912768,103.51867016956824,121.852172456098,21.662608436639644
15.74,0.010572171810454563,0.440289586122251,0.0,-2.0067938043114983,1.0038023498083486,0.00014178476521902757,0.00015443781874912768,103.51867016956824,121.852172456098,21.662608436639644
15.76,0.010399603420430507,0.5208320959246797,0.0,-2.0067938043114983,1.0038023498083486,0.00014178476521902757,0.00015443781874912768,103.51867016956824,121.852172456098,21.662608436639644
15.780000000000001,0.010257752037269197,0.5644169413839132,0.0,-2.0067938043114983,1.0038023498083486,0.00014178476521902757,0.00015443781874912768,103.51867016956824,121.852172456098,21.662608436639644
15.8,0.010121209197595928,0.5806978797194702,0.0,-2.0067938043114983,1.0038023498083486,0.00014178476521902757,0.00015443781874912768,103.51867016956824,121.852172456098,21.662608436639644
15.82,0.009982397157210913,0.5881979371696678,0.0,-2.0067938043114983,1.0038023498083486,0.00014178476521902757,0.00015443781874912768,103.51867016956824,121.852172456098,21.662608436639644
15.84,0.009843227794425879,0.7425853070813746,0.0,-1.8745117913900198,0.8620537114119766,0.00012120848012613069,0.00022900595903186012,109.19133442732127,96.02428045534414,17.07098319206118
15.860000000000001,0.009664070007526535,0.7074504508350264,0.0,-1.8745117913900198,0.8620537114119766,0.00012120848012613069,0.00022900595903186012,109.19133442732127,96.02428045534414,17.07098319206118
15.88,0.009416389751289144,0.6400026580348406,0.0,-1.8745117913900198,0.8620537114119766,0.00012120848012613069,0.00022900595903186012,109.19133442732127,96.02428045534414,17.07098319206118
15.9,0.009135012153391358,0.5980599843669441,0.0,-1.8745117913900198,0.8620537114119766,0.00012120848012613069,0.00022900595903186012,109.19133442732127,96.02428045534414,17.07098319206118
15.92,0.008855353359336259,0.5859973297253414,0.0,-1.8745117913900198,0.8620537114119766,0.00012120848012613069,0.00022900595903186012,109.19133442732127,96.02428045534414,17.07098319206118
15.94,0.008595412863114077,0.5909519833231742,0.0,-1.8745117913900198,0.8620537114119766,0.00012120848012613069,0.00022900595903186012,109.19133442732127,96.02428045534414,17.07098319206118
15.96,0.008358356985438818,0.6006527869408487,0.0,-1.8745117913900198,0.8620537114119766,0.00012120848012613069,0.00022900595903186012,109.19133442732127,96.02428045534414,17.07098319206118
15.98,0.008139887769298344,0.6082950083527039,0.0,-1.8745117913900198,0.8620537114119766,0.00012120848012613069,0.00022900595903186012,109.19133442732127,96.02428045534414,17.07098319206118
16.0,0.007933795744821467,0.611592827281478,0.0,-1.8745117913900198,0.8620537114119766,0.00012120848012613069,0.00022900595903186012,109.19133442732127,96.02428045534414,17.07098319206118
16.02,0.007734581626951408,0.6105651560255853,0.0,-1.8745117913900198,0.8620537114119766,0.00012120848012613069,0.00022900595903186012,109.19133442732127,96.02428045534414,17.07098319206118
16.04,0.00753808930039776,0.7267677121643887,0.0,-1.805474537603772,0.79262901608912,6.532404735832626e-05,0.0002246388502759567,129.9215739064917,111.67957089489137,19.85414593686958
16.06,0.0073058878628930665,0.6774694093662148,0.0,-1.805474537603772,0.79262901608912,6.532404735832626e-05,0.0002246388502759567,129.9215739064917,111.67957089489137,19.85414593686958
16.080000000000002,0.007012238853631926,0.5939810915747094,0.0,-1.805474537603772,0.79262901608912,6.532404735832626e-05,0.0002246388502759567,129.9215739064917,111.67957089489137,19.85414593686958
16.1,0.006688292614894258,0.5367561185863505,0.0,-1.805474537603772,0.79262901608912,6.532404735832626e-05,0.0002246388502759567,129.9215739064917,111.67957089489137,19.85414593686958
16.12,0.006366154587430267,0.5109178518202053,0.0,-1.805474537603772,0.79262901608912,6.532404735832626e-05,0.0002246388502759567,129.9215739064917,111.67957089489137,19.85414593686958
16.14,0.006059913175004209,0.5004465413266275,0.0,-1.805474537603772,0.79262901608912,6.532404735832626e-05,0.0002246388502759567,129.9215739064917,111.67957089489137,19.85414593686958
16.16,0.005768951788705087,0.4906984547103173,0.0,-1.805474537603772,0.79262901608912,6.532404735832626e-05,0.0002246388502759567,129.9215739064917,111.67957089489137,19.85414593686958
16.18,0.005486960862823801,0.47522241999884796,0.0,-1.805474537603772,0.79262901608912,6.532404735832626e-05,0.0002246388502759567,129.9215739064917,111.67957089489137,19.85414593686958
16.2,0.005208116250861232,0.45375066168393385,0.0,-1.805474537603772,0.79262901608912,6.532404735832626e-05,0.0002246388502759567,129.9215739064917,111.67957089489137,19.85414593686958
16.22,0.004929055068525026,0.428289097767822,0.0,-1.805474537603772,0.79262901608912,6.532404735832626e-05,0.0002246388502759567,129.9215739064917,111.67957089489137,19.85414593686958
16.240000000000002,0.004648394487928575,0.41636531770458524,0.0,-1.7821854301836044,0.7699084291044289,4.671704740240905e-05,0.00022419978662424747,135.7850236233138,118.00242996508209,20.97820977157015
16.26,0.004361055648455143,0.3806364140918938,0.0,-1.7821854301836044,0.7699084291044289,4.671704740240905e-05,0.00022419978662424747,135.7850236233138,118.00242996508209,20.97820977157015
16.28,0.004064090400619164,0.33980719105778395,0.0,-1.7821854301836044,0.7699084291044289,4.671704740240905e-05,0.00022419978662424747,135.7850236233138,118.00242996508209,20.97820977157015
16.3,0.003762180166608017,0.30250438296797416,0.0,-1.7821854301836044,0.7699084291044289,4.671704740240905e-05,0.00022419978662424747,135.7850236233138,118.00242996508209,20.97820977157015
16.32,0.0034597244635864695,0.26902839789624095,0.0,-1.7821854301836044,0.7699084291044289,4.671704740240905e-05,0.00022419978662424747,135.7850236233138,118.00242996508209,20.97820977157015
16.34,0.003158319890332573,0.2366585002682577,0.0,-1.7821854301836044,0.7699084291044289,4.671704740240905e-05,0.00022419978662424747,135.7850236233138,118.00242996508209,20.97820977157015
16.36,0.0028575469010464925,0.20322445742230633,0.0,-1.7821854301836044,0.7699084291044289,4.671704740240905e-05,0.00022419978662424747,135.7850236233138,118.00242996508209,20.97820977157015
16.38,0.002556469621493798,0.16805689120294032,0.0,-1.7821854301836044,0.7699084291044289,4.671704740240905e-05,0.00022419978662424747,135.7850236233138,118.00242996508209,20.97820977157015
16.4,0.002254533698252936,0.13147868345912256,0.0,-1.7821854301836044,0.7699084291044289,4.671704740240905e-05,0.00022419978662424747,135.7850236233138,118.00242996508209,20.97820977157015
16.42,0.001951738202743595,0.09406817259184352,0.0,-1.7821854301836044,0.7699084291044289,4.671704740240905e-05,0.00022419978662424747,135.7850236233138,118.00242996508209,20.97820977157015
16.44,0.0016484470816107459,0.05260321226364395,0.0,-1.8945916988187688,0.8849811804232948,2.7658044145401207e-05,0.00017242871180613362,178.3704828064132,170.0070339559006,30.223472703271216
16.46,0.0013462421568372802,0.004917617947642283,0.0,-1.8945916988187688,0.8849811804232948,2.7658044145401207e-05,0.00017242871180613362,178.3704828064132,170.0070339559006,30.223472703271216
16.48,0.0010495883423679566,-0.036039226608897634,0.0,-1.8945916988187688,0.8849811804232948,2.7658044145401207e-05,0.00017242871180613362,178.3704828064132,170.0070339559006,30.223472703271216
16.5,0.000762781979242495,-0.06972224119021697,0.0,-1.8945916988187688,0.8849811804232948,2.7658044145401207e-05,0.00017242871180613362,178.3704828064132,170.0070339559006,30.223472703271216
16.52,0.0004861043862413785,-0.10211420336904259,0.0,-1.8945916988187688,0.8849811804232948,2.7658044145401207e-05,0.00017242871180613362,178.3704828064132,170.0070339559006,30.223472703271216
16.54,0.00021749398734694728,-0.13709592870905402,0.0,-1.8945916988187688,0.8849811804232948,2.7658044145401207e-05,0.00017242871180613362,178.3704828064132,170.0070339559006,30.223472703271216
16.56,-4.4500706636325243e-05,-0.17398187859068734,0.0,-1.8945916988187688,0.8849811804232948,2.7658044145401207e-05,0.00017242871180613362,178.3704828064132,170.0070339559006,30.223472703271216
16.580000000000002,-0.0002997176976208358,-0.2102818527502286,0.0,-1.8945916988187688,0.8849811804232948,2.7658044145401207e-05,0.00017242871180613362,178.3704828064132,170.0070339559006,30.223472703271216
16.6,-0.000547234573045236,-0.24465602023309313,0.0,-1.8945916988187688,0.8849811804232948,2.7658044145401207e-05,0.00017242871180613362,178.3704828064132,170.0070339559006,30.223472703271216
16.62,-0.0007864096733328279,-0.27738583121020643,0.0,-1.8945916988187688,0.8849811804232948,2.7658044145401207e-05,0.00017242871180613362,178.3704828064132,170.0070339559006,30.223472703271216
16.64,-0.0010171149913225895,-1.030038117270196,0.0,-1.978247570891356,0.9759865441286087,-2.878089643257732e-05,8.392249152091494e-05,535.8068098874029,645.3949505480758,114.73688009743572
16.66,-0.001028281441238857,0.2101661089678073,0.0,-1.978247570891356,0.9759865441286087,-2.878089643257732e-05,8.392249152091494e-05,535.8068098874029,645.3949505480758,114.73688009743572
16.68,-0.000979595648704719,0.5669707447270458,0.0,-1.978247570891356,0.9759865441286087,-2.878089643257732e-05,8.392249152091494e-05,535.8068098874029,645.3949505480758,114.73688009743572
16.7,-0.001354564965640596,-2.0818682314626553,0.0,-1.978247570891356,0.9759865441286087,-2.878089643257732e-05,8.392249152091494e-05,535.8068098874029,645.3949505480758,114.73688009743572
16.72,-0.0014997751016638432,-0.8609391771771459,0.0,-1.978247570891356,0.9759865441286087,-2.878089643257732e-05,8.392249152091494e-05,535.8068098874029,645.3949505480758,114.73688009743572
16.740000000000002,-0.0010126021834494263,3.0149037567584656,0.0,-1.978247570891356,0.9759865441286087,-2.878089643257732e-05,8.392249152091494e-05,535.8068098874029,645.3949505480758,114.73688009743572
16.76,-0.001396211807360573,-2.204202659418848,0.0,-1.978247570891356,0.9759865441286087,-2.878089643257732e-05,8.392249152091494e-05,535.8068098874029,645.3949505480758,114.73688009743572
16.78,-0.0022724731570273166,-5.529308411218181,0.0,-1.978247570891356,0.9759865441286087,-2.878089643257732e-05,8.392249152091494e-05,535.8068098874029,645.3949505480758,114.73688009743572
16.8,-0.0011567165445240755,6.48148710346872,0.0,-1.978247570891356,0.9759865441286087,-2.878089643257732e-05,8.392249152091494e-05,535.8068098874029,645.3949505480758,114.73688009743572
16.82,-0.0005961927918728266,3.5888396475446256,0.0,-1.978247570891356,0.9759865441286087,-2.878089643257732e-05,8.392249152091494e-05,535.8068098874029,645.3949505480758,114.73688009743572
16.84,-0.0032672210275979793,-2.171087405564536,0.0,-2.5030916885872756,1.4190042012020385,0.0003503591424343874,0.0002911684131601057,184.0138400842165,69.05215936835761,12.275939443263574
16.86,-0.006661542258308829,-3.248844417569277,0.0,-2.5030916885872756,1.4190042012020385,0.0003503591424343874,0.0002911684131601057,184.0138400842165,69.05215936835761,12.275939443263574
16.88,-0.00880585088841384,-2.8883341938813563,0.0,-2.5030916885872756,1.4190042012020385,0.0003503591424343874,0.0002911684131601057,184.0138400842165,69.05215936835761,12.275939443263574
16.9,-0.009510060398000343,-2.147123814299184,0.0,-2.5030916885872756,1.4190042012020385,0.0003503591424343874,0.0002911684131601057,184.0138400842165,69.05215936835761,12.275939443263574
16.92,-0.009106407738756385,-1.405420035978224,0.0,-2.5030916885872756,1.4190042012020385,0.0003503591424343874,0.0002911684131601057,184.0138400842165,69.05215936835761,12.275939443263574
16.94,-0.008030518810380525,-0.8059154894863572,0.0,-2.5030916885872756,1.4190042012020385,0.0003503591424343874,0.0002911684131601057,184.0138400842165,69.05215936835761,12.275939443263574
16.96,-0.006671049577653802,-0.39090661089210355,0.0,-2.5030916885872756,1.4190042012020385,0.0003503591424343874,0.0002911684131601057,184.0138400842165,69.05215936835761,12.275939443263574
16.98,-0.0053179709257886705,-0.15318827892731246,0.0,-2.5030916885872756,1.4190042012020385,0.0003503591424343874,0.0002911684131601057,184.0138400842165,69.05215936835761,12.275939443263574
17.0,-0.004154117700379113,-0.060906187389645816,0.0,-2.5030916885872756,1.4190042012020385,0.0003503591424343874,0.0002911684131601057,184.0138400842165,69.05215936835761,12.275939443263574
17.02,-0.0032677764858264147,-0.07265610933133992,0.0,-2.5030916885872756,1.4190042012020385,0.0003503591424343874,0.0002911684131601057,184.0138400842165,69.05215936835761,12.275939443263574
17.04,-0.002674696976910534,-0.06524825330222589,0.0,-2.0689887794389312,1.013306878438412,0.0003141889046955178,0.0003100087796057332,134.3320283761341,58.860617148916354,10.464109715362907
17.06,-0.0023663980587855693,-0.17561835462963452,0.0,-2.0689887794389312,1.013306878438412,0.0003141889046955178,0.0003100087796057332,134.3320283761341,58.860617148916354,10.464109715362907
17.080000000000002,-0.0023061022875550423,-0.2999900803977478,0.0,-2.0689887794389312,1.013306878438412,0.0003141889046955178,0.0003100087796057332,134.3320283761341,58.860617148916354,10.464109715362907
17.1,-0.0024188115842162985,-0.4084952042740516,0.0,-2.0689887794389312,1.013306878438412,0.0003141889046955178,0.0003100087796057332,134.3320283761341,58.860617148916354,10.464109715362907
17.12,-0.0026299924528487015,-0.4914804849366263,0.0,-2.0689887794389312,1.013306878438412,0.0003141889046955178,0.0003100087796057332,134.3320283761341,58.860617148916354,10.464109715362907
17.14,-0.002876706110169804,-0.5465994748592454,0.0,-2.0689887794389312,1.013306878438412,0.0003141889046955178,0.0003100087796057332,134.3320283761341,58.860617148916354,10.464109715362907
17.16,-0.00311075700266406,-0.5750767995083876,0.0,-2.0689887794389312,1.013306878438412,0.0003141889046955178,0.0003100087796057332,134.3320283761341,58.860617148916354,10.464109715362907
17.18,-0.0032987534477834112,-0.5801181370733751,0.0,-2.0689887794389312,1.013306878438412,0.0003141889046955178,0.0003100087796057332,134.3320283761341,58.860617148916354,10.464109715362907
17.2,-0.0034206402326622588,-0.5659293191210748,0.0,-2.0689887794389312,1.013306878438412,0.0003141889046955178,0.0003100087796057332,134.3320283761341,58.860617148916354,10.464109715362907
17.22,-0.0034674466111041047,-0.5370163553057777,0.0,-2.0689887794389312,1.013306878438412,0.0003141889046955178,0.0003100087796057332,134.3320283761341,58.860617148916354,10.464109715362907
17.240000000000002,-0.0034387275138357794,-0.5899656643657021,0.0,-2.0795750095122325,1.0044091161980546,0.00031845787834221273,0.0003217609876333128,161.42195938588537,57.411393329352,10.206469925218133
17.26,-0.0033130100066414954,-0.5239756207520352,0.0,-2.0795750095122325,1.0044091161980546,0.00031845787834221273,0.0003217609876333128,161.42195938588537,57.411393329352,10.206469925218133
17.28,-0.0030782317871321098,-0.4339555280421521,0.0,-2.0795750095122325,1.0044091161980546,0.00031845787834221273,0.0003217609876333128,161.42195938588537,57.411393329352,10.206469925218133
17.3,-0.0027627338561116714,-0.3450063164406989,0.0,-2.0795750095122325,1.0044091161980546,0.00031845787834221273,0.0003217609876333128,161.42195938588537,57.411393329352,10.206469925218133
17.32,-0.002400358912420826,-0.26534476099059584,0.0,-2.0795750095122325,1.0044091161980546,0.00031845787834221273,0.0003217609876333128,161.42195938588537,57.411393329352,10.206469925218133
17.34,-0.0020209739635732326,-0.19774363250571747,0.0,-2.0795750095122325,1.0044091161980546,0.00031845787834221273,0.0003217609876333128,161.42195938588537,57.411393329352,10.206469925218133
17.36,-0.0016475088078423384,-0.14237088034934897,0.0,-2.0795750095122325,1.0044091161980546,0.00031845787834221273,0.0003217609876333128,161.42195938588537,57.411393329352,10.206469925218133
17.38,-0.0012953099375603923,-0.09785824472390561,0.0,-2.0795750095122325,1.0044091161980546,0.00031845787834221273,0.0003217609876333128,161.42195938588537,57.411393329352,10.206469925218133
17.400000000000002,-0.0009726611859560198,-0.061972607603444335,0.0,-2.0795750095122325,1.0044091161980546,0.00031845787834221273,0.0003217609876333128,161.42195938588537,57.411393329352,10.206469925218133
17.42,-0.0006819646072648393,-0.03213679164462155,0.0,-2.0795750095122325,1.0044091161980546,0.00031845787834221273,0.0003217609876333128,161.42195938588537,57.411393329352,10.206469925218133
17.44,-0.0004212396529632142,-0.006470350870654729,0.0,-2.080264237699665,1.0041098358332603,0.00031861632510919117,0.00032208207781781015,162.84820205126925,57.37390087732831,10.199804600413922
17.46,-0.00018549252280854796,0.018969350539313132,0.0,-2.080264237699665,1.0041098358332603,0.00031861632510919117,0.00032208207781781015,162.84820205126925,57.37390087732831,10.199804600413922
17.48,3.1532832667563286e-05,0.04479980053574052,0.0,-2.080264237699665,1.0041098358332603,0.00031861632510919117,0.00032208207781781015,162.84820205126925,57.37390087732831,10.199804600413922
17.5,0.00023598100492544342,0.07195036025383686,0.0,-2.080264237699665,1.0041098358332603,0.00031861632510919117,0.00032208207781781015,162.84820205126925,57.37390087732831,10.199804600413922
17.52,0.0004333928934913559,0.101007404250026,0.0,-2.080264237699665,1.0041098358332603,0.00031861632510919117,0.00032208207781781015,162.84820205126925,57.37390087732831,10.199804600413922
17.54,0.0006282188620357551,0.13213653632818606,0.0,-2.080264237699665,1.0041098358332603,0.00031861632510919117,0.00032208207781781015,162.84820205126925,57.37390087732831,10.199804600413922
17.56,0.0008235490603778779,0.16514786464819758,0.0,-2.080264237699665,1.0041098358332603,0.00031861632510919117,0.00032208207781781015,162.84820205126925,57.37390087732831,10.199804600413922
17.580000000000002,0.001021063176865609,0.1995981078653743,0.0,-2.080264237699665,1.0041098358332603,0.00031861632510919117,0.00032208207781781015,162.84820205126925,57.37390087732831,10.199804600413922
17.6,0.00122115059060316,0.2348955833608013,0.0,-2.080264237699665,1.0041098358332603,0.00031861632510919117,0.00032208207781781015,162.84820205126925,57.37390087732831,10.199804600413922
17.62,0.0014231413361733827,0.2703931171461782,0.0,-2.080264237699665,1.0041098358332603,0.00031861632510919117,0.00032208207781781015,162.84820205126925,57.37390087732831,10.199804600413922
17.64,0.0016255916815616552,0.31329782122071187,0.0,-2.104977991443893,1.0243532013018408,0.0003264861431635217,0.0003239086799938646,167.77067019426906,57.140646591091404,10.158337171749583
17.66,0.0018242829446330723,0.3468079004468291,0.0,-2.104977991443893,1.0243532013018408,0.0003264861431635217,0.0003239086799938646,167.77067019426906,57.140646591091404,10.158337171749583
17.68,0.0020149356021473197,0.3770135757532135,0.0,-2.104977991443893,1.0243532013018408,0.0003264861431635217,0.0003239086799938646,167.77067019426906,57.140646591091404,10.158337171749583
17.7,0.002196252452381228,0.40520131703238893,0.0,-2.104977991443893,1.0243532013018408,0.0003264861431635217,0.0003239086799938646,167.77067019426906,57.140646591091404,10.158337171749583
17.72,0.002367686493612523,0.43164909846464816,0.0,-2.104977991443893,1.0243532013018408,0.0003264861431635217,0.0003239086799938646,167.77067019426906,57.140646591091404,10.158337171749583
17.740000000000002,0.002528918524414852,0.45640741203400575,0.0,-2.104977991443893,1.0243532013018408,0.0003264861431635217,0.0003239086799938646,167.77067019426906,57.140646591091404,10.158337171749583
17.76,0.002679701316988427,0.4794593952605313,0.0,-2.104977991443893,1.0243532013018408,0.0003264861431635217,0.0003239086799938646,167.77067019426906,57.140646591091404,10.158337171749583
17.78,0.002819794008483437,0.5007556545021294,0.0,-2.104977991443893,1.0243532013018408,0.0003264861431635217,0.0003239086799938646,167.77067019426906,57.140646591091404,10.158337171749583
17.8,0.0029489294217350803,0.5202254776633204,0.0,-2.104977991443893,1.0243532013018408,0.0003264861431635217,0.0003239086799938646,167.77067019426906,57.140646591091404,10.158337171749583
17.82,0.0030668008279292084,0.5377844430429694,0.0,-2.104977991443893,1.0243532013018408,0.0003264861431635217,0.0003239086799938646,167.77067019426906,57.140646591091404,10.158337171749583
17.84,0.003173062740720507,0.6421649491995469,0.0,-2.1804698262356865,1.0785535148175664,0.0003439395983701508,0.0003267887433286387,195.76267217041695,57.14863632032572,10.159757568057906
17.86,0.0032413310632163593,0.6399338081113447,0.0,-2.1804698262356865,1.0785535148175664,0.0003439395983701508,0.0003267887433286387,195.76267217041695,57.14863632032572,10.159757568057906
17.88,0.003249642261156439,0.6148175904058868,0.0,-2.1804698262356865,1.0785535148175664,0.0003439395983701508,0.0003267887433286387,195.76267217041695,57.14863632032572,10.159757568057906
17.900000000000002,0.003212410439498282,0.588065385124914,0.0,-2.1804698262356865,1.0785535148175664,0.0003439395983701508,0.0003267887433286387,195.76267217041695,57.14863632032572,10.159757568057906
17.92,0.003149753007835652,0.5664835789709036,0.0,-2.1804698262356865,1.0785535148175664,0.0003439395983701508,0.0003267887433286387,195.76267217041695,57.14863632032572,10.159757568057906
17.94,0.00307938190547371,0.5523087422478558,0.0,-2.1804698262356865,1.0785535148175664,0.0003439395983701508,0.0003267887433286387,195.76267217041695,57.14863632032572,10.159757568057906
17.96,0.003014051888314457,0.5455253527971011,0.0,-2.1804698262356865,1.0785535148175664,0.0003439395983701508,0.0003267887433286387,195.76267217041695,57.14863632032572,10.159757568057906
17.98,0.002960979991522186,0.5447471523960691,0.0,-2.1804698262356865,1.0785535148175664,0.0003439395983701508,0.0003267887433286387,195.76267217041695,57.14863632032572,10.159757568057906
18.0,0.002922295748989242,0.5478230800089099,0.0,-2.1804698262356865,1.0785535148175664,0.0003439395983701508,0.0003267887433286387,195.76267217041695,57.14863632032572,10.159757568057906
18.02,0.002896089515326946,0.5523417062618003,0.0,-2.1804698262356865,1.0785535148175664,0.0003439395983701508,0.0003267887433286387,195.76267217041695,57.14863632032572,10.159757568057906
18.04,0.0028777403699225567,0.6251715190386578,0.0,-2.0848354917916567,0.9803150057752947,0.0002923842404411888,0.0003103516177165151,219.9471338154357,60.70047763531246,10.791196024055548
18.06,0.002841020370961766,0.6106319122904896,0.0,-2.0848354917916567,0.9803150057752947,0.0002923842404411888,0.0003103516177165151,219.9471338154357,60.70047763531246,10.791196024055548
18.080000000000002,0.002763949787099938,0.5752643661457184,0.0,-2.0848354917916567,0.9803150057752947,0.0002923842404411888,0.0003103516177165151,219.9471338154357,60.70047763531246,10.791196024055548
18.1,0.0026547798384110362,0.5371561500121478,0.0,-2.0848354917916567,0.9803150057752947,0.0002923842404411888,0.0003103516177165151,219.9471338154357,60.70047763531246,10.791196024055548
18.12,0.0025272857456830606,0.5022953672609741,0.0,-2.0848354917916567,0.9803150057752947,0.0002923842404411888,0.0003103516177165151,219.9471338154357,60.70047763531246,10.791196024055548
18.14,0.0023938315093731573,0.4726327709228263,0.0,-2.0848354917916567,0.9803150057752947,0.0002923842404411888,0.0003103516177165151,219.9471338154357,60.70047763531246,10.791196024055548
18.16,0.0022631556296098315,0.4481375677696215,0.0,-2.0848354917916567,0.9803150057752947,0.0002923842404411888,0.0003103516177165151,219.9471338154357,60.70047763531246,10.791196024055548
18.18,0.002139900850113888,0.42763001974929216,0.0,-2.0848354917916567,0.9803150057752947,0.0002923842404411888,0.0003103516177165151,219.9471338154357,60.70047763531246,10.791196024055548
18.2,0.0020250389876781696,0.4093533796580235,0.0,-2.0848354917916567,0.9803150057752947,0.0002923842404411888,0.0003103516177165151,219.9471338154357,60.70047763531246,10.791196024055548
18.22,0.0019167820763400984,0.39143334014583664,0.0,-2.0848354917916567,0.9803150057752947,0.0002923842404411888,0.0003103516177165151,219.9471338154357,60.70047763531246,10.791196024055548
18.240000000000002,0.0018116833821452383,0.40021566646873874,0.0,-1.9637576018132665,0.8740719833809004,0.00021400692543630402,0.00027452434269301194,237.78752794070107,70.70267252086005,12.569364003708454
18.26,0.0016975022082863023,0.36975711660647054,0.0,-1.9637576018132665,0.8740719833809004,0.00021400692543630402,0.00027452434269301194,237.78752794070107,70.70267252086005,12.569364003708454
18.28,0.0015647783918503032,0.3287562674743447,0.0,-1.9637576018132665,0.8740719833809004,0.00021400692543630402,0.00027452434269301194,237.78752794070107,70.70267252086005,12.569364003708454
18.3,0.0014177386761637795,0.2867997278029489,0.0,-1.9637576018132665,0.8740719833809004,0.00021400692543630402,0.00027452434269301194,237.78752794070107,70.70267252086005,12.569364003708454
18.32,0.0012631746941685097,0.24710377504561795,0.0,-1.9637576018132665,0.8740719833809004,0.00021400692543630402,0.00027452434269301194,237.78752794070107,70.70267252086005,12.569364003708454
18.34,0.0011068021189319576,0.2103487609583855,0.0,-1.9637576018132665,0.8740719833809004,0.00021400692543630402,0.00027452434269301194,237.78752794070107,70.70267252086005,12.569364003708454
18.36,0.0009522236434486376,0.1760659571718188,0.0,-1.9637576018132665,0.8740719833809004,0.00021400692543630402,0.00027452434269301194,237.78752794070107,70.70267252086005,12.569364003708454
18.38,0.0008009599965759064,0.14331321313228115,0.0,-1.9637576018132665,0.8740719833809004,0.00021400692543630402,0.00027452434269301194,237.78752794070107,70.70267252086005,12.569364003708454
18.400000000000002,0.0006529449381242735,0.11108201184590691,0.0,-1.9637576018132665,0.8740719833809004,0.00021400692543630402,0.00027452434269301194,237.78752794070107,70.70267252086005,12.569364003708454
18.42,0.0005071700175227015,0.07854357475632831,0.0,-1.9637576018132665,0.8740719833809004,0.00021400692543630402,0.00027452434269301194,237.78752794070107,70.70267252086005,12.569364003708454
18.44,0.0003622916085125683,0.044724534251158174,0.0,-1.9770870618796073,0.8901110819881228,0.00020270129594225083,0.00026695186473517813,242.00762733126038,74.10741842896803,13.17465216514987
18.46,0.00021722666406264173,0.009816796404855235,0.0,-1.9770870618796073,0.8901110819881228,0.00020270129594225083,0.00026695186473517813,242.00762733126038,74.10741842896803,13.17465216514987
18.48,7.1452052341805e-05,-0.025823349932391784,0.0,-1.9770870618796073,0.8901110819881228,0.00020270129594225083,0.00026695186473517813,242.00762733126038,74.10741842896803,13.17465216514987
18.5,-7.508141593544956e-05,-0.061896732271632435,0.0,-1.9770870618796073,0.8901110819881228,0.00020270129594225083,0.00026695186473517813,242.00762733126038,74.10741842896803,13.17465216514987
18.52,-0.00022206315901123885,-0.0980918589505221,0.0,-1.9770870618796073,0.8901110819881228,0.00020270129594225083,0.00026695186473517813,242.00762733126038,74.10741842896803,13.17465216514987
18.54,-0.0003689216941057515,-0.13409838015427764,0.0,-1.9770870618796073,0.8901110819881228,0.00020270129594225083,0.00026695186473517813,242.00762733126038,74.10741842896803,13.17465216514987
18.56,-0.0005149255293787252,-0.16963259930054309,0.0,-1.9770870618796073,0.8901110819881228,0.00020270129594225083,0.00026695186473517813,242.00762733126038,74.10741842896803,13.17465216514987
18.580000000000002,-0.0006592756087056145,-0.20445418080362457,0.0,-1.9770870618796073,0.8901110819881228,0.00020270129594225083,0.00026695186473517813,242.00762733126038,74.10741842896803,13.17465216514987
18.6,-0.0008011778334057855,-0.23837058427217128,0.0,-1.9770870618796073,0.8901110819881228,0.00020270129594225083,0.00026695186473517813,242.00762733126038,74.10741842896803,13.17465216514987
18.62,-0.0009398902275601423,-0.2712318530349841,0.0,-1.9770870618796073,0.8901110819881228,0.00020270129594225083,0.00026695186473517813,242.00762733126038,74.10741842896803,13.17465216514987
18.64,-0.0010747455670414383,-0.4083117573291152,0.0,-2.070246782864472,1.0183603506175258,0.00010440470450826862,0.00015850325937874886,304.66106953836237,139.96329231453555,24.88236307813965
18.66,-0.001174292091304499,-0.39799852561873,0.0,-2.070246782864472,1.0183603506175258,0.00010440470450826862,0.00015850325937874886,304.66106953836237,139.96329231453555,24.88236307813965
18.68,-0.0012188790570008138,-0.3466182202466581,0.0,-2.070246782864472,1.0183603506175258,0.00010440470450826862,0.00015850325937874886,304.66106953836237,139.96329231453555,24.88236307813965
18.7,-0.0012430103633673624,-0.33200034918810967,0.0,-2.070246782864472,1.0183603506175258,0.00010440470450826862,0.00015850325937874886,304.66106953836237,139.96329231453555,24.88236307813965
18.72,-0.0012815716345488419,-0.3652885082016802,0.0,-2.070246782864472,1.0183603506175258,0.00010440470450826862,0.00015850325937874886,304.66106953836237,139.96329231453555,24.88236307813965
18.740000000000002,-0.001343935526022823,-0.4176636629127861,0.0,-2.070246782864472,1.0183603506175258,0.00010440470450826862,0.00015850325937874886,304.66106953836237,139.96329231453555,24.88236307813965
18.76,-0.00141913939692345,-0.46052235460021174,0.0,-2.070246782864472,1.0183603506175258,0.00010440470450826862,0.00015850325937874886,304.66106953836237,139.96329231453555,24.88236307813965
18.78,-0.0014925771782121717,-0.4848768837624823,0.0,-2.070246782864472,1.0183603506175258,0.00010440470450826862,0.00015850325937874886,304.66106953836237,139.96329231453555,24.88236307813965
18.8,-0.0015568645098169354,-0.49743656804836517,0.0,-2.070246782864472,1.0183603506175258,0.00010440470450826862,0.00015850325937874886,304.66106953836237,139.96329231453555,24.88236307813965
18.82,-0.0016124125308370767,-0.508000723919844,0.0,-2.070246782864472,1.0183603506175258,0.00010440470450826862,0.00015850325937874886,304.66106953836237,139.96329231453555,24.88236307813965
18.84,-0.001662553474663347,-0.8578203201804105,0.0,-2.0024194415598493,0.9773286159790264,-1.6505243188029015e-05,0.00012273709674188668,494.6829544981878,337.16565530592885,59.94056094327624
18.86,-0.001610723101119372,-0.5374314298961711,0.0,-2.0024194415598493,0.9773286159790264,-1.6505243188029015e-05,0.00012273709674188668,494.6829544981878,337.16565530592885,59.94056094327624
18.88,-0.0014554932995222425,-0.16056575412247043,0.0,-2.0024194415598493,0.9773286159790264,-1.6505243188029015e-05,0.00012273709674188668,494.6829544981878,337.16565530592885,59.94056094327624
18.900000000000002,-0.0014064173338775258,-0.4639186465461066,0.0,-2.0024194415598493,0.9773286159790264,-1.6505243188029015e-05,0.00012273709674188668,494.6829544981878,337.16565530592885,59.94056094327624
18.92,-0.001489875898729702,-0.9124605807766302,0.0,-2.0024194415598493,0.9773286159790264,-1.6505243188029015e-05,0.00012273709674188668,494.6829544981878,337.16565530592885,59.94056094327624
18.94,-0.0014901685912468124,-0.673403592212397,0.0,-2.0024194415598493,0.9773286159790264,-1.6505243188029015e-05,0.00012273709674188668,494.6829544981878,337.16565530592885,59.94056094327624
18.96,-0.0013486814072328091,-0.1875886085229227,0.0,-2.0024194415598493,0.9773286159790264,-1.6505243188029015e-05,0.00012273709674188668,494.6829544981878,337.16565530592885,59.94056094327624
18.98,-0.0012782817768767433,-0.37443435775923023,0.0,-2.0024194415598493,0.9773286159790264,-1.6505243188029015e-05,0.00012273709674188668,494.6829544981878,337.16565530592885,59.94056094327624
19.0,-0.0013663246282458778,-0.9020577719624864,0.0,-2.0024194415598493,0.9773286159790264,-1.6505243188029015e-05,0.00012273709674188668,494.6829544981878,337.16565530592885,59.94056094327624
19.02,-0.0014031514723290728,-0.7762414634119252,0.0,-2.0024194415598493,0.9773286159790264,-1.6505243188029015e-05,0.00012273709674188668,494.6829544981878,337.16565530592885,59.94056094327624
19.04,-0.0012690999569774306,-0.40254455336652784,0.0,-1.8473715485011075,0.695274783539696,0.00018336977960349207,0.00027420633011448396,385.81783642791794,69.67981131711315,12.387522011931226
19.06,-0.001106137232655271,-0.32330522444770676,0.0,-1.8473715485011075,0.695274783539696,0.00018336977960349207,0.00027420633011448396,385.81783642791794,69.67981131711315,12.387522011931226
19.080000000000002,-0.001041191840970458,-0.3604087282421791,0.0,-1.8473715485011075,0.695274783539696,0.00018336977960349207,0.00027420633011448396,385.81783642791794,69.67981131711315,12.387522011931226
19.1,-0.0010803162383880888,-0.44146748340264735,0.0,-1.8473715485011075,0.695274783539696,0.00018336977960349207,0.00027420633011448396,385.81783642791794,69.67981131711315,12.387522011931226
19.12,-0.0011821045007869096,-0.5211990872869153,0.0,-1.8473715485011075,0.695274783539696,0.00018336977960349207,0.00027420633011448396,385.81783642791794,69.67981131711315,12.387522011931226
19.14,-0.0012919165732983942,-0.5703367097977686,0.0,-1.8473715485011075,0.695274783539696,0.00018336977960349207,0.00027420633011448396,385.81783642791794,69.67981131711315,12.387522011931226
19.16,-0.0013633960737441044,-0.5760725206201245,0.0,-1.8473715485011075,0.695274783539696,0.00018336977960349207,0.00027420633011448396,385.81783642791794,69.67981131711315,12.387522011931226
19.18,-0.0013705351051154866,-0.5408859099627699,0.0,-1.8473715485011075,0.695274783539696,0.00018336977960349207,0.00027420633011448396,385.81783642791794,69.67981131711315,12.387522011931226
19.2,-0.0013105754724905866,-0.47801951840196166,0.0,-1.8473715485011075,0.695274783539696,0.00018336977960349207,0.00027420633011448396,385.81783642791794,69.67981131711315,12.387522011931226
19.22,-0.001199432392558849,-0.40510825621678753,0.0,-1.8473715485011075,0.695274783539696,0.00018336977960349207,0.00027420633011448396,385.81783642791794,69.67981131711315,12.387522011931226
19.240000000000002,-0.0010628020167309758,-0.37635154982106567,0.0,-1.8408414323499172,0.6801257202557014,0.0001396883924313599,0.0002958194942803658,424.8152354808166,72.76264182656736,12.935580769167531
19.26,-0.0009153408039634728,-0.30803467399479956,0.0,-1.8408414323499172,0.6801257202557014,0.0001396883924313599,0.0002958194942803658,424.8152354808166,72.76264182656736,12.935580769167531
19.28,-0.0007694575611178521,-0.24820160299983063,0.0,-1.8408414323499172,0.6801257202557014,0.0001396883924313599,0.0002958194942803658,424.8152354808166,72.76264182656736,12.935580769167531
19.3,-0.0006458970546212271,-0.2110890388087459,0.0,-1.8408414323499172,0.6801257202557014,0.0001396883924313599,0.0002958194942803658,424.8152354808166,72.76264182656736,12.935580769167531
19.32,-0.0005556955973425592,-0.1951546968655525,0.0,-1.8408414323499172,0.6801257202557014,0.0001396883924313599,0.0002958194942803658,424.8152354808166,72.76264182656736,12.935580769167531
19.34,-0.0004965987962570429,-0.190889991827302,0.0,-1.8408414323499172,0.6801257202557014,0.0001396883924313599,0.0002958194942803658,424.8152354808166,72.76264182656736,12.935580769167531
19.36,-0.00045635136855933997,-0.18664775757126897,0.0,-1.8408414323499172,0.6801257202557014,0.0001396883924313599,0.0002958194942803658,424.8152354808166,72.76264182656736,12.935580769167531
19.38,-0.00041888512213922834,-0.17313991879039978,0.0,-1.8408414323499172,0.6801257202557014,0.0001396883924313599,0.0002958194942803658,424.8152354808166,72.76264182656736,12.935580769167531
19.400000000000002,-0.0003704202664666766,-0.14597669494213267,0.0,-1.8408414323499172,0.6801257202557014,0.0001396883924313599,0.0002958194942803658,424.8152354808166,72.76264182656736,12.935580769167531
19.42,-0.0003034576679573882,-0.10600761819446923,0.0,-1.8408414323499172,0.6801257202557014,0.0001396883924313599,0.0002958194942803658,424.8152354808166,72.76264182656736,12.935580769167531
19.44,-0.00021784355188750326,-0.054245837286243506,0.0,-1.9674573595753981,0.8048504786122375,0.00016532230173945824,0.00029415078740524205,410.5481028231643,73.89066159867465,13.13611761754216
19.46,-0.0001202995697435769,-0.006541514575699028,0.0,-1.9674573595753981,0.8048504786122375,0.00016532230173945824,0.00029415078740524205,410.5481028231643,73.89066159867465,13.13611761754216
19.48,-1.9604404597988248e-05,0.03683943831697952,0.0,-1.9674573595753981,0.8048504786122375,0.00016532230173945824,0.00029415078740524205,410.5481028231643,73.89066159867465,13.13611761754216
19.5,7.799225156682448e-05,0.07498769940816077,0.0,-1.9674573595753981,0.8048504786122375,0.00016532230173945824,0.00029415078740524205,410.5481028231643,73.89066159867465,13.13611761754216
19.52,0.00016899627048766203,0.10826888873774247,0.0,-1.9674573595753981,0.8048504786122375,0.00016532230173945824,0.00029415078740524205,410.5481028231643,73.89066159867465,13.13611761754216
19.54,0.00025272822085292256,0.13824202982130862,0.0,-1.9674573595753981,0.8048504786122375,0.00016532230173945824,0.00029415078740524205,410.5481028231643,73.89066159867465,13.13611761754216
19.56,0.00033067786314617403,0.1669349337554867,0.0,-1.9674573595753981,0.8048504786122375,0.00016532230173945824,0.00029415078740524205,410.5481028231643,73.89066159867465,13.13611761754216
19.580000000000002,0.00040538630856623136,0.19607659237102482,0.0,-1.9674573595753981,0.8048504786122375,0.00016532230173945824,0.00029415078740524205,410.5481028231643,73.89066159867465,13.13611761754216
19.6,0.00047928606027420034,0.22659313572968007,0.0,-1.9674573595753981,0.8048504786122375,0.00016532230173945824,0.00029415078740524205,410.5481028231643,73.89066159867465,13.13611761754216
19.62,0.0005538642910492353,0.25847522390560995,0.0,-1.9674573595753981,0.8048504786122375,0.00016532230173945824,0.00029415078740524205,410.5481028231643,73.89066159867465,13.13611761754216
19.64,0.0006293307970046541,0.3086306821149558,0.0,-2.18066175608756,1.0024326489743653,0.00020242153223548026,0.00027368145249725945,434.97408155164806,79.07501287077822,14.057780065916129
19.66,0.0006995997555455215,0.3366489760895468,0.0,-2.18066175608756,1.0024326489743653,0.00020242153223548026,0.00027368145249725945,434.97408155164806,79.07501287077822,14.057780065916129
19.68,0.0007590648265963134,0.3561212682633064,0.0,-2.18066175608756,1.0024326489743653,0.00020242153223548026,0.00027368145249725945,434.97408155164806,79.07501287077822,14.057780065916129
19.7,0.0008103508542129014,0.3739619714194183,0.0,-2.18066175608756,1.0024326489743653,0.00020242153223548026,0.00027368145249725945,434.97408155164806,79.07501287077822,14.057780065916129
19.72,0.0008582619227021329,0.39378716422617155,0.0,-2.18066175608756,1.0024326489743653,0.00020242153223548026,0.00027368145249725945,434.97408155164806,79.07501287077822,14.057780065916129
19.740000000000002,0.0009066672059139754,0.41662348034682345,0.0,-2.18066175608756,1.0024326489743653,0.00020242153223548026,0.00027368145249725945,434.97408155164806,79.07501287077822,14.057780065916129
19.76,0.0009571082602369864,0.4415086197106789,0.0,-2.18066175608756,1.0024326489743653,0.00020242153223548026,0.00027368145249725945,434.97408155164806,79.07501287077822,14.057780065916129
19.78,0.0010087357456113446,0.46639448292472074,0.0,-2.18066175608756,1.0024326489743653,0.00020242153223548026,0.00027368145249725945,434.97408155164806,79.07501287077822,14.057780065916129
19.8,0.0010591350656262602,0.489128639312581,0.0,-2.18066175608756,1.0024326489743653,0.00020242153223548026,0.00027368145249725945,434.97408155164806,79.07501287077822,14.057780065916129
19.82,0.0011054944647908966,0.5082025002262966,0.0,-2.18066175608756,1.0024326489743653,0.00020242153223548026,0.00027368145249725945,434.97408155164806,79.07501287077822,14.057780065916129
19.84,0.0011456166496356343,0.6173579381679414,0.0,-2.158540874293191,1.02098056155636,0.00011494567573968893,0.00021292229882053753,507.5183413914886,114.72817060922273,20.396119219417375
19.86,0.0011508571498172137,0.5870857528885849,0.0,-2.158540874293191,1.02098056155636,0.00011494567573968893,0.00021292229882053753,507.5183413914886,114.72817060922273,20.396119219417375
19.88,0.0011056667983339206,0.515258160093735,0.0,-2.158540874293191,1.02098056155636,0.00011494567573968893,0.00021292229882053753,507.5183413914886,114.72817060922273,20.396119219417375
19.900000000000002,0.0010460117274268379,0.47263105059769844,0.0,-2.158540874293191,1.02098056155636,0.00011494567573968893,0.00021292229882053753,507.5183413914886,114.72817060922273,20.396119219417375
19.92,0.0010101952598629274,0.4810822432581914,0.0,-2.158540874293191,1.02098056155636,0.00011494567573968893,0.00021292229882053753,507.5183413914886,114.72817060922273,20.396119219417375
19.94,0.0010119531295032253,0.5226149180286028,0.0,-2.158540874293191,1.02098056155636,0.00011494567573968893,0.00021292229882053753,507.5183413914886,114.72817060922273,20.396119219417375
19.96,0.001039388185943913,0.5651094026318861,0.0,-2.158540874293191,1.02098056155636,0.00011494567573968893,0.00021292229882053753,507.5183413914886,114.72817060922273,20.396119219417375
19.98,0.0010695603638329197,0.5856678431571544,0.0,-2.158540874293191,1.02098056155636,0.00011494567573968893,0.00021292229882053753,507.5183413914886,114.72817060922273,20.396119219417375
