t,y,u,ref,a1_est,a2_est,b1_est,b2_est,r1,r2,r3,s0,s1,s2,t0
0.0,0.1,36.677360364882404,0.0,-2.006320008667282,1.0,-0.0002928370247095777,-0.0002928370247095777,-1.2033447024137292,0.23239066389667679,-0.029045961482947642,-366.773603648824,697.1883841780134,-331.0865546039099,-0.6717740747203834
0.02,0.08994786730288708,7.407172307005304,0.0,-2.006320008667282,1.0,-0.0002928370247095777,-0.0002928370247095777,-1.2033447024137292,0.23239066389667679,-0.029045961482947642,-366.773603648824,697.1883841780134,-331.0865546039099,-0.6717740747203834
0.04,0.06792691810994304,-4.2982468344970055,0.0,-2.006320008667282,1.0,-0.0002928370247095777,-0.0002928370247095777,-1.2033447024137292,0.23239066389667679,-0.029045961482947642,-366.773603648824,697.1883841780134,-331.0865546039099,-0.6717740747203834
0.06,0.045734355946650124,-6.631475310395999,0.0,-2.006320008667282,1.0,-0.0002928370247095777,-0.0002928370247095777,-1.2033447024137292,0.23239066389667679,-0.029045961482947642,-366.773603648824,697.1883841780134,-331.0865546039099,-0.6717740747203834
0.08,0.027329610582443112,-6.137922489307529,0.0,-2.006320008667282,1.0,-0.0002928370247095777,-0.0002928370247095777,-1.2033447024137292,0.23239066389667679,-0.029045961482947642,-366.773603648824,697.1883841780134,-331.0865546039099,-0.6717740747203834
0.1,0.013132275263548581,-5.065075055598557,0.0,-2.006320008667282,1.0,-0.0002928370247095777,-0.0002928370247095777,-1.2033447024137292,0.23239066389667679,-0.029045961482947642,-366.773603648824,697.1883841780134,-331.0865546039099,-0.6717740747203834
0.12,0.0025886739596147406,-4.018998818013723,0.0,-2.006320008667282,1.0,-0.0002928370247095777,-0.0002928370247095777,-1.2033447024137292,0.23239066389667679,-0.029045961482947642,-366.773603648824,697.1883841780134,-331.0865546039099,-0.6717740747203834
0.14,-0.0049960094040105985,-3.126724658937981,0.0,-2.006320008667282,1.0,-0.0002928370247095777,-0.0002928370247095777,-1.2033447024137292,0.23239066389667679,-0.029045961482947642,-366.773603648824,697.1883841780134,-331.0865546039099,-0.6717740747203834
0.16,-0.010246607972102088,-2.3936201907970167,0.0,-2.006320008667282,1.0,-0.0002928370247095777,-0.0002928370247095777,-1.2033447024137292,0.23239066389667679,-0.029045961482947642,-366.773603648824,697.1883841780134,-331.0865546039099,-0.6717740747203834
0.18,-0.013682728873202127,-1.7992235032828159,0.0,-2.006320008667282,1.0,-0.0002928370247095777,-0.0002928370247095777,-1.2033447024137292,0.23239066389667679,-0.029045961482947642,-366.773603648824,697.1883841780134,-331.0865546039099,-0.6717740747203834
0.2,-0.015726297169826292,-1.32071499052522,0.0,-2.006320008667282,1.0,-0.0002928370247095777,-0.0002928370247095777,-1.2033447024137292,0.23239066389667679,-0.029045961482947642,-366.773603648824,697.1883841780134,-331.0865546039099,-0.6717740747203834
0.22,-0.016716836046115673,-0.9379476882010975,0.0,-2.006320008667282,1.0,-0.0002928370247095777,-0.0002928370247095777,-1.2033447024137292,0.23239066389667679,-0.029045961482947642,-366.773603648824,697.1883841780134,-331.0865546039099,-0.6717740747203834
0.24,-0.016926159152996535,-0.6340627484000293,0.0,-2.006320008667282,1.0,-0.0002928370247095777,-0.0002928370247095777,-1.2033447024137292,0.23239066389667679,-0.029045961482947642,-366.773603648824,697.1883841780134,-331.0865546039099,-0.6717740747203834
0.26,-0.016570887778202162,-0.39514952630920763,0.0,-2.006320008667282,1.0,-0.0002928370247095777,-0.0002928370247095777,-1.2033447024137292,0.23239066389667679,-0.029045961482947642,-366.773603648824,697.1883841780134,-331.0865546039099,-0.6717740747203834
0.28,-0.015822784239038698,-0.20976725579029426,0.0,-2.006320008667282,1.0,-0.0002928370247095777,-0.0002928370247095777,-1.2033447024137292,0.23239066389667679,-0.029045961482947642,-366.773603648824,697.1883841780134,-331.0865546039099,-0.6717740747203834
0.3,-0.01481720650669555,-0.06850720827525761,0.0,-2.006320008667282,1.0,-0.0002928370247095777,-0.0002928370247095777,-1.2033447024137292,0.23239066389667679,-0.029045961482947642,-366.773603648824,697.1883841780134,-331.0865546039099,-0.6717740747203834
0.32,-0.013660007747064586,0.03637554498943631,0.0,-2.006320008667282,1.0,-0.0002928370247095777,-0.0002928370247095777,-1.2033447024137292,0.23239066389667679,-0.029045961482947642,-366.773603648824,697.1883841780134,-331.0865546039099,-0.6717740747203834
0.34,-0.012433162387211635,0.11126496771118835,0.0,-2.006320008667282,1.0,-0.0002928370247095777,-0.0002928370247095777,-1.2033447024137292,0.23239066389667679,-0.029045961482947642,-366.773603648824,697.1883841780134,-331.0865546039099,-0.6717740747203834
0.36,-0.011199352223909567,0.16143163510574315,0.0,-2.006320008667282,1.0,-0.0002928370247095777,-0.0002928370247095777,-1.2033447024137292,0.23239066389667679,-0.029045961482947642,-366.773603648824,697.1883841780134,-331.0865546039099,-0.6717740747203834
0.38,-0.010005703681118456,0.19123491291932934,0.0,-2.006320008667282,1.0,-0.0002928370247095777,-0.0002928370247095777,-1.2033447024137292,0.23239066389667679,-0.029045961482947642,-366.773603648824,697.1883841780134,-331.0865546039099,-0.6717740747203834
0.4,-0.008886832124954525,0.20428810938983108,0.0,-2.006320008667282,1.0,-0.0002928370247095777,-0.0002928370247095777,-1.2033447024137292,0.23239066389667679,-0.029045961482947642,-366.773603648824,697.1883841780134,-331.0865546039099,-0.6717740747203834
0.42,-0.007867320416518414,0.20359345414494698,0.0,-2.006320008667282,1.0,-0.0002928370247095777,-0.0002928370247095777,-1.2033447024137292,0.23239066389667679,-0.029045961482947642,-366.773603648824,697.1883841780134,-331.0865546039099,-0.6717740747203834
0.44,-0.006963735524404732,0.19165246330435912,0.0,-2.006320008667282,1.0,-0.0002928370247095777,-0.0002928370247095777,-1.2033447024137292,0.23239066389667679,-0.029045961482947642,-366.773603648824,697.1883841780134,-331.0865546039099,-0.6717740747203834
0.46,-0.006186268018443958,0.17055619617536813,0.0,-2.006320008667282,1.0,-0.0002928370247095777,-0.0002928370247095777,-1.2033447024137292,0.23239066389667679,-0.029045961482947642,-366.773603648824,697.1883841780134,-331.0865546039099,-0.6717740747203834
0.48,-0.0055400637853932275,0.14205906248403677,0.0,-2.006320008667282,1.0,-0.0002928370247095777,-0.0002928370247095777,-1.2033447024137292,0.23239066389667679,-0.029045961482947642,-366.773603648824,697.1883841780134,-331.0865546039099,-0.6717740747203834
0.5,-0.005026304671233468,0.10763916006964022,0.0,-2.006320008667282,1.0,-0.0002928370247095777,-0.0002928370247095777,-1.2033447024137292,0.23239066389667679,-0.029045961482947642,-366.773603648824,697.1883841780134,-331.0865546039099,-0.6717740747203834
0.52,-0.004643084425035495,0.0685475764195748,0.0,-2.006320008667282,1.0,-0.0002928370247095777,-0.0002928370247095777,-1.2033447024137292,0.23239066389667679,-0.029045961482947642,-366.773603648824,697.1883841780134,-331.0865546039099,-0.6717740747203834
0.54,-0.004386117865818563,0.025848645364752863,0.0,-2.006320008667282,1.0,-0.0002928370247095777,-0.0002928370247095777,-1.2033447024137292,0.23239066389667679,-0.029045961482947642,-366.773603648824,697.1883841780134,-331.0865546039099,-0.6717740747203834
0.56,-0.004249314271050063,-0.019547208996092334,0.0,-2.006320008667282,1.0,-0.0002928370247095777,-0.0002928370247095777,-1.2033447024137292,0.23239066389667679,-0.029045961482947642,-366.773603648824,697.1883841780134,-331.0865546039099,-0.6717740747203834
0.58,-0.004225240314538338,-0.06685670221320675,0.0,-2.006320008667282,1.0,-0.0002928370247095777,-0.0002928370247095777,-1.2033447024137292,0.23239066389667679,-0.029045961482947642,-366.773603648824,697.1883841780134,-331.0865546039099,-0.6717740747203834
0.6,-0.004305493236046983,-0.11540189424052849,0.0,-2.006320008667282,1.0,-0.0002928370247095777,-0.0002928370247095777,-1.2033447024137292,0.23239066389667679,-0.029045961482947642,-366.773603648824,697.1883841780134,-331.0865546039099,-0.6717740747203834
0.62,-0.004481001120388871,-0.16459246681370043,0.0,-2.006320008667282,1.0,-0.0002928370247095777,-0.0002928370247095777,-1.2033447024137292,0.23239066389667679,-0.029045961482947642,-366.773603648824,697.1883841780134,-331.0865546039099,-0.6717740747203834
0.64,-0.004742264048989489,-0.21391133284893277,0.0,-2.006320008667282,1.0,-0.0002928370247095777,-0.0002928370247095777,-1.2033447024137292,0.23239066389667679,-0.029045961482947642,-366.773603648824,697.1883841780134,-331.0865546039099,-0.6717740747203834
0.66,-0.005079547338064249,-0.2629029700619272,0.0,-2.006320008667282,1.0,-0.0002928370247095777,-0.0002928370247095777,-1.2033447024137292,0.23239066389667679,-0.029045961482947642,-366.773603648824,697.1883841780134,-331.0865546039099,-0.6717740747203834
0.68,-0.005483035992910479,-0.31116398014568175,0.0,-2.006320008667282,1.0,-0.0002928370247095777,-0.0002928370247095777,-1.2033447024137292,0.23239066389667679,-0.029045961482947642,-366.773603648824,697.1883841780134,-331.0865546039099,-0.6717740747203834
0.7000000000000001,-0.0059429578037734606,-0.35833546451477455,0.0,-2.006320008667282,1.0,-0.0002928370247095777,-0.0002928370247095777,-1.2033447024137292,0.23239066389667679,-0.029045961482947642,-366.773603648824,697.1883841780134,-331.0865546039099,-0.6717740747203834
0.72,-0.006449681116604001,-0.40409688125984616,0.0,-2.006320008667282,1.0,-0.0002928370247095777,-0.0002928370247095777,-1.2033447024137292,0.23239066389667679,-0.029045961482947642,-366.773603648824,697.1883841780134,-331.0865546039099,-0.6717740747203834
0.74,-0.006993792175330846,-0.44816110838805345,0.0,-2.006320008667282,1.0,-0.0002928370247095777,-0.0002928370247095777,-1.2033447024137292,0.23239066389667679,-0.029045961482947642,-366.773603648824,697.1883841780134,-331.0865546039099,-0.6717740747203834
0.76,-0.007566156004662198,-0.49027048798606193,0.0,-2.006320008667282,1.0,-0.0002928370247095777,-0.0002928370247095777,-1.2033447024137292,0.23239066389667679,-0.029045961482947642,-366.773603648824,697.1883841780134,-331.0865546039099,-0.6717740747203834
0.78,-0.008157964045861785,-0.5301936665604332,0.0,-2.006320008667282,1.0,-0.0002928370247095777,-0.0002928370247095777,-1.2033447024137292,0.23239066389667679,-0.029045961482947642,-366.773603648824,697.1883841780134,-331.0865546039099,-0.6717740747203834
0.8,-0.008760771141210946,-0.567723080076318,0.0,-2.006320008667282,1.0,-0.0002928370247095777,-0.0002928370247095777,-1.2033447024137292,0.23239066389667679,-0.029045961482947642,-366.773603648824,697.1883841780134,-331.0865546039099,-0.6717740747203834
0.8200000000000001,-0.009366523960406645,-0.602672959446441,0.0,-2.006320008667282,1.0,-0.0002928370247095777,-0.0002928370247095777,-1.2033447024137292,0.23239066389667679,-0.029045961482947642,-366.773603648824,697.1883841780134,-331.0865546039099,-0.6717740747203834
0.84,-0.009967582553022512,-0.6348777545024471,0.0,-2.006320008667282,1.0,-0.0002928370247095777,-0.0002928370247095777,-1.2033447024137292,0.23239066389667679,-0.029045961482947642,-366.773603648824,697.1883841780134,-331.0865546039099,-0.6717740747203834
0.86,-0.010556736378256342,-0.6641908927063834,0.0,-2.006320008667282,1.0,-0.0002928370247095777,-0.0002928370247095777,-1.2033447024137292,0.23239066389667679,-0.029045961482947642,-366.773603648824,697.1883841780134,-331.0865546039099,-0.6717740747203834
0.88,-0.011127215892505735,-0.6904838037677826,0.0,-2.006320008667282,1.0,-0.0002928370247095777,-0.0002928370247095777,-1.2033447024137292,0.23239066389667679,-0.029045961482947642,-366.773603648824,697.1883841780134,-331.0865546039099,-0.6717740747203834
0.9,-0.0116727005554275,-0.7136451535303774,0.0,-2.006320008667282,1.0,-0.0002928370247095777,-0.0002928370247095777,-1.2033447024137292,0.23239066389667679,-0.029045961482947642,-366.773603648824,697.1883841780134,-331.0865546039099,-0.6717740747203834
0.92,-0.01218732393671443,-0.7335802404790083,0.0,-2.006320008667282,1.0,-0.0002928370247095777,-0.0002928370247095777,-1.2033447024137292,0.23239066389667679,-0.029045961482947642,-366.773603648824,697.1883841780134,-331.0865546039099,-0.6717740747203834
0.9400000000000001,-0.012665676461260711,-0.7502105164034267,0.0,-2.006320008667282,1.0,-0.0002928370247095777,-0.0002928370247095777,-1.2033447024137292,0.23239066389667679,-0.029045961482947642,-366.773603648824,697.1883841780134,-331.0865546039099,-0.6717740747203834
0.96,-0.013102806213481595,-0.7634731994762012,0.0,-2.006320008667282,1.0,-0.0002928370247095777,-0.0002928370247095777,-1.2033447024137292,0.23239066389667679,-0.029045961482947642,-366.773603648824,697.1883841780134,-331.0865546039099,-0.6717740747203834
0.98,-0.013494218127253333,-0.773320953532665,0.0,-2.006320008667282,1.0,-0.0002928370247095777,-0.0002928370247095777,-1.2033447024137292,0.23239066389667679,-0.029045961482947642,-366.773603648824,697.1883841780134,-331.0865546039099,-0.6717740747203834
1.0,-0.013835871812129618,-0.7797216119059083,0.0,-2.006320008667282,1.0,-0.0002928370247095777,-0.0002928370247095777,-1.2033447024137292,0.23239066389667679,-0.029045961482947642,-366.773603648824,697.1883841780134,-331.0865546039099,-0.6717740747203834
1.02,-0.014124178205821097,-0.7826579279533952,0.0,-2.006320008667282,1.0,-0.0002928370247095777,-0.0002928370247095777,-1.2033447024137292,0.23239066389667679,-0.029045961482947642,-366.773603648824,697.1883841780134,-331.0865546039099,-0.6717740747203834
1.04,-0.014355995194663091,-0.7821273375621,0.0,-2.006320008667282,1.0,-0.0002928370247095777,-0.0002928370247095777,-1.2033447024137292,0.23239066389667679,-0.029045961482947642,-366.773603648824,697.1883841780134,-331.0865546039099,-0.6717740747203834
1.06,-0.014528622305718688,-0.7781417215576457,0.0,-2.006320008667282,1.0,-0.0002928370247095777,-0.0002928370247095777,-1.2033447024137292,0.23239066389667679,-0.029045961482947642,-366.773603648824,697.1883841780134,-331.0865546039099,-0.6717740747203834
1.08,-0.01463979454445256,-0.7707271581672468,0.0,-2.006320008667282,1.0,-0.0002928370247095777,-0.0002928370247095777,-1.2033447024137292,0.23239066389667679,-0.029045961482947642,-366.773603648824,697.1883841780134,-331.0865546039099,-0.6717740747203834
1.1,-0.01468767542907934,-0.7599236575747048,0.0,-2.006320008667282,1.0,-0.0002928370247095777,-0.0002928370247095777,-1.2033447024137292,0.23239066389667679,-0.029045961482947642,-366.773603648824,697.1883841780134,-331.0865546039099,-0.6717740747203834
1.12,-0.014670849255520948,-0.7457848722214033,0.0,-2.006320008667282,1.0,-0.0002928370247095777,-0.0002928370247095777,-1.2033447024137292,0.23239066389667679,-0.029045961482947642,-366.773603648824,697.1883841780134,-331.0865546039099,-0.6717740747203834
1.1400000000000001,-0.014588312614397102,-0.7283777778998816,0.0,-2.006320008667282,1.0,-0.0002928370247095777,-0.0002928370247095777,-1.2033447024137292,0.23239066389667679,-0.029045961482947642,-366.773603648824,697.1883841780134,-331.0865546039099,-0.6717740747203834
1.16,-0.014439465172793379,-0.7077823218956095,0.0,-2.006320008667282,1.0,-0.0002928370247095777,-0.0002928370247095777,-1.2033447024137292,0.23239066389667679,-0.029045961482947642,-366.773603648824,697.1883841780134,-331.0865546039099,-0.6717740747203834
1.18,-0.01422409972801216,-0.6840910354887948,0.0,-2.006320008667282,1.0,-0.0002928370247095777,-0.0002928370247095777,-1.2033447024137292,0.23239066389667679,-0.029045961482947642,-366.773603648824,697.1883841780134,-331.0865546039099,-0.6717740747203834
1.2,-0.013942391537537993,-0.6574086090556985,0.0,-2.006320008667282,1.0,-0.0002928370247095777,-0.0002928370247095777,-1.2033447024137292,0.23239066389667679,-0.029045961482947642,-366.773603648824,697.1883841780134,-331.0865546039099,-0.6717740747203834
1.22,-0.013594886928551932,-0.6278514288253605,0.0,-2.006320008667282,1.0,-0.0002928370247095777,-0.0002928370247095777,-1.2033447024137292,0.23239066389667679,-0.029045961482947642,-366.773603648824,697.1883841780134,-331.0865546039099,-0.6717740747203834
1.24,-0.01318249119109952,-0.5955470750683762,0.0,-2.006320008667282,1.0,-0.0002928370247095777,-0.0002928370247095777,-1.2033447024137292,0.23239066389667679,-0.029045961482947642,-366.773603648824,697.1883841780134,-331.0865546039099,-0.6717740747203834
1.26,-0.012706455761098835,-0.5606337821285126,0.0,-2.006320008667282,1.0,-0.0002928370247095777,-0.0002928370247095777,-1.2033447024137292,0.23239066389667679,-0.029045961482947642,-366.773603648824,697.1883841780134,-331.0865546039099,-0.6717740747203834
1.28,-0.012168364702465375,-0.5232598612643304,0.0,-2.006320008667282,1.0,-0.0002928370247095777,-0.0002928370247095777,-1.2033447024137292,0.23239066389667679,-0.029045961482947642,-366.773603648824,697.1883841780134,-331.0865546039099,-0.6717740747203834
1.3,-0.011570120501466146,-0.4835830877526277,0.0,-2.006320008667282,1.0,-0.0002928370247095777,-0.0002928370247095777,-1.2033447024137292,0.23239066389667679,-0.029045961482947642,-366.773603648824,697.1883841780134,-331.0865546039099,-0.6717740747203834
1.32,-0.010913929190768269,-0.441770054123216,0.0,-2.006320008667282,1.0,-0.0002928370247095777,-0.0002928370247095777,-1.2033447024137292,0.23239066389667679,-0.029045961482947642,-366.773603648824,697.1883841780134,-331.0865546039099,-0.6717740747203834
1.34,-0.01020228482531782,-0.39799549174905274,0.0,-2.006320008667282,1.0,-0.0002928370247095777,-0.0002928370247095777,-1.2033447024137292,0.23239066389667679,-0.029045961482947642,-366.773603648824,697.1883841780134,-331.0865546039099,-0.6717740747203834
1.36,-0.00943795333700232,-0.35244156331116544,0.0,-2.006320008667282,1.0,-0.0002928370247095777,-0.0002928370247095777,-1.2033447024137292,0.23239066389667679,-0.029045961482947642,-366.773603648824,697.1883841780134,-331.0865546039099,-0.6717740747203834
1.3800000000000001,-0.00862395579986575,-0.30529712889686933,0.0,-2.006320008667282,1.0,-0.0002928370247095777,-0.0002928370247095777,-1.2033447024137292,0.23239066389667679,-0.029045961482947642,-366.773603648824,697.1883841780134,-331.0865546039099,-0.6717740747203834
1.4000000000000001,-0.007763551142334137,-0.25675698867663405,0.0,-2.006320008667282,1.0,-0.0002928370247095777,-0.0002928370247095777,-1.2033447024137292,0.23239066389667679,-0.029045961482947642,-366.773603648824,697.1883841780134,-331.0865546039099,-0.6717740747203834
1.42,-0.006860218347366191,-0.20702110524248987,0.0,-2.006320008667282,1.0,-0.0002928370247095777,-0.0002928370247095777,-1.2033447024137292,0.23239066389667679,-0.029045961482947642,-366.773603648824,697.1883841780134,-331.0865546039099,-0.6717740747203834
1.44,-0.005917638185582586,-0.1562938087835794,0.0,-2.006320008667282,1.0,-0.0002928370247095777,-0.0002928370247095777,-1.2033447024137292,0.23239066389667679,-0.029045961482947642,-366.773603648824,697.1883841780134,-331.0865546039099,-0.6717740747203834
1.46,-0.0049396745301850285,-0.10478298832727956,0.0,-2.006320008667282,1.0,-0.0002928370247095777,-0.0002928370247095777,-1.2033447024137292,0.23239066389667679,-0.029045961482947642,-366.773603648824,697.1883841780134,-331.0865546039099,-0.6717740747203834
1.48,-0.003930355305796777,-0.052699272289028654,0.0,-2.006320008667282,1.0,-0.0002928370247095777,-0.0002928370247095777,-1.2033447024137292,0.23239066389667679,-0.029045961482947642,-366.773603648824,697.1883841780134,-331.0865546039099,-0.6717740747203834
1.5,-0.0028938531262177733,-0.0002552015605779348,0.0,-2.006320008667282,1.0,-0.0002928370247095777,-0.0002928370247095777,-1.2033447024137292,0.23239066389667679,-0.029045961482947642,-366.773603648824,697.1883841780134,-331.0865546039099,-0.6717740747203834
1.52,-0.001834465678463332,0.052335601675856463,0.0,-2.006320008667282,1.0,-0.0002928370247095777,-0.0002928370247095777,-1.2033447024137292,0.23239066389667679,-0.029045961482947642,-366.773603648824,697.1883841780134,-331.0865546039099,-0.6717740747203834
1.54,-0.0007565959123501274,0.10485926628133183,0.0,-2.006320008667282,1.0,-0.0002928370247095777,-0.0002928370247095777,-1.2033447024137292,0.23239066389667679,-0.029045961482947642,-366.773603648824,697.1883841780134,-331.0865546039099,-0.6717740747203834
1.56,0.00033526790368645313,0.15710250259344197,0.0,-2.006320008667282,1.0,-0.0002928370247095777,-0.0002928370247095777,-1.2033447024137292,0.23239066389667679,-0.029045961482947642,-366.773603648824,697.1883841780134,-331.0865546039099,-0.6717740747203834
1.58,0.0014365721988908505,0.20885342799898302,0.0,-2.006320008667282,1.0,-0.0002928370247095777,-0.0002928370247095777,-1.2033447024137292,0.23239066389667679,-0.029045961482947642,-366.773603648824,697.1883841780134,-331.0865546039099,-0.6717740747203834
1.6,0.0025427181264019594,0.25990238478022987,0.0,-2.006320008667282,1.0,-0.0002928370247095777,-0.0002928370247095777,-1.2033447024137292,0.23239066389667679,-0.029045961482947642,-366.773603648824,697.1883841780134,-331.0865546039099,-0.6717740747203834
1.62,0.0036490815370215013,0.3100427474653802,0.0,-2.006320008667282,1.0,-0.0002928370247095777,-0.0002928370247095777,-1.2033447024137292,0.23239066389667679,-0.029045961482947642,-366.773603648824,697.1883841780134,-331.0865546039099,-0.6717740747203834
1.6400000000000001,0.0047510328383519864,0.3590717170078465,0.0,-2.006320008667282,1.0,-0.0002928370247095777,-0.0002928370247095777,-1.2033447024137292,0.23239066389667679,-0.029045961482947642,-366.773603648824,697.1883841780134,-331.0865546039099,-0.6717740747203834
1.6600000000000001,0.005843956677595022,0.40679109920883844,0.0,-2.006320008667282,1.0,-0.0002928370247095777,-0.0002928370247095777,-1.2033447024137292,0.23239066389667679,-0.029045961482947642,-366.773603648824,697.1883841780134,-331.0865546039099,-0.6717740747203834
1.68,0.006923271387023618,0.4530080648796413,0.0,-2.006320008667282,1.0,-0.0002928370247095777,-0.0002928370247095777,-1.2033447024137292,0.23239066389667679,-0.029045961482947642,-366.773603648824,697.1883841780134,-331.0865546039099,-0.6717740747203834
1.7,0.00798444813206953,0.4975358893138781,0.0,-2.006320008667282,1.0,-0.0002928370247095777,-0.0002928370247095777,-1.2033447024137292,0.23239066389667679,-0.029045961482947642,-366.773603648824,697.1883841780134,-331.0865546039099,-0.6717740747203834
1.72,0.009023029703052538,0.5401946687035827,0.0,-2.006320008667282,1.0,-0.0002928370247095777,-0.0002928370247095777,-1.2033447024137292,0.23239066389667679,-0.029045961482947642,-366.773603648824,697.1883841780134,-331.0865546039099,-0.6717740747203834
1.74,0.010034648892789403,0.580812011188636,0.0,-2.006320008667282,1.0,-0.0002928370247095777,-0.0002928370247095777,-1.2033447024137292,0.23239066389667679,-0.029045961482947642,-366.773603648824,697.1883841780134,-331.0865546039099,-0.6717740747203834
1.76,0.011015046403616,0.6192237002741623,0.0,-2.006320008667282,1.0,-0.0002928370247095777,-0.0002928370247095777,-1.2033447024137292,0.23239066389667679,-0.029045961482947642,-366.773603648824,697.1883841780134,-331.0865546039099,-0.6717740747203834
1.78,0.011960088228717967,0.6552743283905822,0.0,-2.006320008667282,1.0,-0.0002928370247095777,-0.0002928370247095777,-1.2033447024137292,0.23239066389667679,-0.029045961482947642,-366.773603648824,697.1883841780134,-331.0865546039099,-0.6717740747203834
1.8,0.012865782454070222,0.6888178984052693,0.0,-2.006320008667282,1.0,-0.0002928370247095777,-0.0002928370247095777,-1.2033447024137292,0.23239066389667679,-0.029045961482947642,-366.773603648824,697.1883841780134,-331.0865546039099,-0.6717740747203834
1.82,0.01372829542872453,0.7197183909270254,0.0,-2.006320008667282,1.0,-0.0002928370247095777,-0.0002928370247095777,-1.2033447024137292,0.23239066389667679,-0.029045961482947642,-366.773603648824,697.1883841780134,-331.0865546039099,-0.6717740747203834
1.84,0.014543967252656099,0.7478502952784997,0.0,-2.006320008667282,1.0,-0.0002928370247095777,-0.0002928370247095777,-1.2033447024137292,0.23239066389667679,-0.029045961482947642,-366.773603648824,697.1883841780134,-331.0865546039099,-0.6717740747203834
1.86,0.015309326532888372,0.7730991020493793,0.0,-2.006320008667282,1.0,-0.0002928370247095777,-0.0002928370247095777,-1.2033447024137292,0.23239066389667679,-0.029045961482947642,-366.773603648824,697.1883841780134,-331.0865546039099,-0.6717740747203834
1.8800000000000001,0.016021104360174874,0.7953617551894646,0.0,-2.006320008667282,1.0,-0.0002928370247095777,-0.0002928370247095777,-1.2033447024137292,0.23239066389667679,-0.029045961482947642,-366.773603648824,697.1883841780134,-331.0865546039099,-0.6717740747203834
1.9000000000000001,0.016676247460146544,0.8145470616583028,0.0,-2.006320008667282,1.0,-0.0002928370247095777,-0.0002928370247095777,-1.2033447024137292,0.23239066389667679,-0.029045961482947642,-366.773603648824,697.1883841780134,-331.0865546039099,-0.6717740747203834
1.92,0.017271930474557894,0.8305760567205596,0.0,-2.006320008667282,1.0,-0.0002928370247095777,-0.0002928370247095777,-1.2033447024137292,0.23239066389667679,-0.029045961482947642,-366.773603648824,697.1883841780134,-331.0865546039099,-0.6717740747203834
1.94,0.017805567330115107,0.8433823230669575,0.0,-2.006320008667282,1.0,-0.0002928370247095777,-0.0002928370247095777,-1.2033447024137292,0.23239066389667679,-0.029045961482947642,-366.773603648824,697.1883841780134,-331.0865546039099,-0.6717740747203834
1.96,0.01827482165437471,0.8529122620514565,0.0,-2.006320008667282,1.0,-0.0002928370247095777,-0.0002928370247095777,-1.2033447024137292,0.23239066389667679,-0.029045961482947642,-366.773603648824,697.1883841780134,-331.0865546039099,-0.6717740747203834
1.98,0.01867761620039757,0.859125315469591,0.0,-2.006320008667282,1.0,-0.0002928370247095777,-0.0002928370247095777,-1.2033447024137292,0.23239066389667679,-0.029045961482947642,-366.773603648824,697.1883841780134,-331.0865546039099,-0.6717740747203834
2.0,0.019012141244259415,0.8619941364603447,0.0,-2.006320008667282,1.0,-0.0002928370247095777,-0.0002928370247095777,-1.2033447024137292,0.23239066389667679,-0.029045961482947642,-366.773603648824,697.1883841780134,-331.0865546039099,-0.6717740747203834
2.02,0.019276861922188592,0.8615047082970357,0.0,-2.006320008667282,1.0,-0.0002928370247095777,-0.0002928370247095777,-1.2033447024137292,0.23239066389667679,-0.029045961482947642,-366.773603648824,697.1883841780134,-331.0865546039099,-0.6717740747203834
2.04,0.019470524477049098,0.857656410040153,0.0,-2.006320008667282,1.0,-0.0002928370247095777,-0.0002928370247095777,-1.2033447024137292,0.23239066389667679,-0.029045961482947642,-366.773603648824,697.1883841780134,-331.0865546039099,-0.6717740747203834
2.06,0.01959216138713351,0.8504620282565927,0.0,-2.006320008667282,1.0,-0.0002928370247095777,-0.0002928370247095777,-1.2033447024137292,0.23239066389667679,-0.029045961482947642,-366.773603648824,697.1883841780134,-331.0865546039099,-0.6717740747203834
2.08,0.019641095353791074,0.8399477142636376,0.0,-2.006320008667282,1.0,-0.0002928370247095777,-0.0002928370247095777,-1.2033447024137292,0.23239066389667679,-0.029045961482947642,-366.773603648824,697.1883841780134,-331.0865546039099,-0.6717740747203834
2.1,0.019616942128297028,0.826152886629675,0.0,-2.006320008667282,1.0,-0.0002928370247095777,-0.0002928370247095777,-1.2033447024137292,0.23239066389667679,-0.029045961482947642,-366.773603648824,697.1883841780134,-331.0865546039099,-0.6717740747203834
2.12,0.019519612162568936,0.8091300789542263,0.0,-2.006320008667282,1.0,-0.0002928370247095777,-0.0002928370247095777,-1.2033447024137292,0.23239066389667679,-0.029045961482947642,-366.773603648824,697.1883841780134,-331.0865546039099,-0.6717740747203834
2.14,0.01934931107284319,0.788944733253346,0.0,-2.006320008667282,1.0,-0.0002928370247095777,-0.0002928370247095777,-1.2033447024137292,0.23239066389667679,-0.029045961482947642,-366.773603648824,697.1883841780134,-331.0865546039099,-0.6717740747203834
2.16,0.019106538910219795,0.7656749395887813,0.0,-2.006320008667282,1.0,-0.0002928370247095777,-0.0002928370247095777,-1.2033447024137292,0.23239066389667679,-0.029045961482947642,-366.773603648824,697.1883841780134,-331.0865546039099,-0.6717740747203834
2.18,0.018792088237036576,0.7394111228956162,0.0,-2.006320008667282,1.0,-0.0002928370247095777,-0.0002928370247095777,-1.2033447024137292,0.23239066389667679,-0.029045961482947642,-366.773603648824,697.1883841780134,-331.0865546039099,-0.6717740747203834
2.2,0.01840704101330656,0.7102556782785732,0.0,-2.006320008667282,1.0,-0.0002928370247095777,-0.0002928370247095777,-1.2033447024137292,0.23239066389667679,-0.029045961482947642,-366.773603648824,697.1883841780134,-331.0865546039099,-0.6717740747203834
2.22,0.01795276430289839,0.678322556356738,0.0,-2.006320008667282,1.0,-0.0002928370247095777,-0.0002928370247095777,-1.2033447024137292,0.23239066389667679,-0.029045961482947642,-366.773603648824,697.1883841780134,-331.0865546039099,-0.6717740747203834
2.24,0.017430904814705182,0.643736800534907,0.0,-2.006320008667282,1.0,-0.0002928370247095777,-0.0002928370247095777,-1.2033447024137292,0.23239066389667679,-0.029045961482947642,-366.773603648824,697.1883841780134,-331.0865546039099,-0.6717740747203834
2.2600000000000002,0.016843382299673644,0.6066340383626864,0.0,-2.006320008667282,1.0,-0.0002928370247095777,-0.0002928370247095777,-1.2033447024137292,0.23239066389667679,-0.029045961482947642,-366.773603648824,697.1883841780134,-331.0865546039099,-0.6717740747203834
2.2800000000000002,0.01619238183018806,0.5671599294047482,0.0,-2.006320008667282,1.0,-0.0002928370247095777,-0.0002928370247095777,-1.2033447024137292,0.23239066389667679,-0.029045961482947642,-366.773603648824,697.1883841780134,-331.0865546039099,-0.6717740747203834
2.3000000000000003,0.015480344993857552,0.525469572283972,0.0,-2.006320008667282,1.0,-0.0002928370247095777,-0.0002928370247095777,-1.2033447024137292,0.23239066389667679,-0.029045961482947642,-366.773603648824,697.1883841780134,-331.0865546039099,-0.6717740747203834
2.32,0.014709960039172573,0.48172687376978507,0.0,-2.006320008667282,1.0,-0.0002928370247095777,-0.0002928370247095777,-1.2033447024137292,0.23239066389667679,-0.029045961482947642,-366.773603648824,697.1883841780134,-331.0865546039099,-0.6717740747203834
2.34,0.013884151015710946,0.4361038829638767,0.0,-2.006320008667282,1.0,-0.0002928370247095777,-0.0002928370247095777,-1.2033447024137292,0.23239066389667679,-0.029045961482947642,-366.773603648824,697.1883841780134,-331.0865546039099,-0.6717740747203834
2.36,0.013006065956526328,0.38878009378468253,0.0,-2.006320008667282,1.0,-0.0002928370247095777,-0.0002928370247095777,-1.2033447024137292,0.23239066389667679,-0.029045961482947642,-366.773603648824,697.1883841780134,-331.0865546039099,-0.6717740747203834
2.38,0.012079064154974905,0.33994171906497217,0.0,-2.006320008667282,1.0,-0.0002928370247095777,-0.0002928370247095777,-1.2033447024137292,0.23239066389667679,-0.029045961482947642,-366.773603648824,697.1883841780134,-331.0865546039099,-0.6717740747203834
2.4,0.011106702592491326,0.28978093966072105,0.0,-2.006320008667282,1.0,-0.0002928370247095777,-0.0002928370247095777,-1.2033447024137292,0.23239066389667679,-0.029045961482947642,-366.773603648824,697.1883841780134,-331.0865546039099,-0.6717740747203834
2.42,0.010092721577654583,0.23849513201698697,0.0,-2.006320008667282,1.0,-0.0002928370247095777,-0.0002928370247095777,-1.2033447024137292,0.23239066389667679,-0.029045961482947642,-366.773603648824,697.1883841780134,-331.0865546039099,-0.6717740747203834
2.44,0.009041029660262505,0.1862860776552357,0.0,-2.006320008667282,1.0,-0.0002928370247095777,-0.0002928370247095777,-1.2033447024137292,0.23239066389667679,-0.029045961482947642,-366.773603648824,697.1883841780134,-331.0865546039099,-0.6717740747203834
2.46,0.00795568788703007,0.13335915803578682,0.0,-2.006320008667282,1.0,-0.0002928370247095777,-0.0002928370247095777,-1.2033447024137292,0.23239066389667679,-0.029045961482947642,-366.773603648824,697.1883841780134,-331.0865546039099,-0.6717740747203834
2.48,0.0068408934679276955,0.07992253821267184,0.0,-2.006320008667282,1.0,-0.0002928370247095777,-0.0002928370247095777,-1.2033447024137292,0.23239066389667679,-0.029045961482947642,-366.773603648824,697.1883841780134,-331.0865546039099,-0.6717740747203834
2.5,0.005700962924076726,0.02618634263979014,0.0,-2.006320008667282,1.0,-0.0002928370247095777,-0.0002928370247095777,-1.2033447024137292,0.23239066389667679,-0.029045961482947642,-366.773603648824,697.1883841780134,-331.0865546039099,-0.6717740747203834
2.52,0.00454031478952515,-0.027638173589712343,0.0,-2.006320008667282,1.0,-0.0002928370247095777,-0.0002928370247095777,-1.2033447024137292,0.23239066389667679,-0.029045961482947642,-366.773603648824,697.1883841780134,-331.0865546039099,-0.6717740747203834
2.54,0.0033634519401532174,-0.08133945487987071,0.0,-2.006320008667282,1.0,-0.0002928370247095777,-0.0002928370247095777,-1.2033447024137292,0.23239066389667679,-0.029045961482947642,-366.773603648824,697.1883841780134,-331.0865546039099,-0.6717740747203834
2.56,0.002174943623430358,-0.13470647355399765,0.0,-2.006320008667282,1.0,-0.0002928370247095777,-0.0002928370247095777,-1.2033447024137292,0.23239066389667679,-0.029045961482947642,-366.773603648824,697.1883841780134,-331.0865546039099,-0.6717740747203834
2.58,0.000979407262794169,-0.18752955357872866,0.0,-2.006320008667282,1.0,-0.0002928370247095777,-0.0002928370247095777,-1.2033447024137292,0.23239066389667679,-0.029045961482947642,-366.773603648824,697.1883841780134,-331.0865546039099,-0.6717740747203834
2.6,-0.00021850988991340466,-0.23960118671488978,0.0,-2.006320008667282,1.0,-0.0002928370247095777,-0.0002928370247095777,-1.2033447024137292,0.23239066389667679,-0.029045961482947642,-366.773603648824,697.1883841780134,-331.0865546039099,-0.6717740747203834
2.62,-0.0014141491811919425,-0.2907168383259431,0.0,-2.006320008667282,1.0,-0.0002928370247095777,-0.0002928370247095777,-1.2033447024137292,0.23239066389667679,-0.029045961482947642,-366.773603648824,697.1883841780134,-331.0865546039099,-0.6717740747203834
2.64,-0.0026028589900188998,-0.34067574017645746,0.0,-2.006320008667282,1.0,-0.0002928370247095777,-0.0002928370247095777,-1.2033447024137292,0.23239066389667679,-0.029045961482947642,-366.773603648824,697.1883841780134,-331.0865546039099,-0.6717740747203834
2.66,-0.0037800130987983667,-0.3892816676466196,0.0,-2.006320008667282,1.0,-0.0002928370247095777,-0.0002928370247095777,-1.2033447024137292,0.23239066389667679,-0.029045961482947642,-366.773603648824,697.1883841780134,-331.0865546039099,-0.6717740747203834
2.68,-0.004941028931955635,-0.43634369887338265,0.0,-2.006320008667282,1.0,-0.0002928370247095777,-0.0002928370247095777,-1.2033447024137292,0.23239066389667679,-0.029045961482947642,-366.773603648824,697.1883841780134,-331.0865546039099,-0.6717740747203834
2.7,-0.0060813855945731346,-0.48167695340250344,0.0,-2.006320008667282,1.0,-0.0002928370247095777,-0.0002928370247095777,-1.2033447024137292,0.23239066389667679,-0.029045961482947642,-366.773603648824,697.1883841780134,-331.0865546039099,-0.6717740747203834
2.72,-0.007196641645135623,-0.5251033079989824,0.0,-2.006320008667282,1.0,-0.0002928370247095777,-0.0002928370247095777,-1.2033447024137292,0.23239066389667679,-0.029045961482947642,-366.773603648824,697.1883841780134,-331.0865546039099,-0.6717740747203834
2.74,-0.008282452538196759,-0.5664520873159051,0.0,-2.006320008667282,1.0,-0.0002928370247095777,-0.0002928370247095777,-1.2033447024137292,0.23239066389667679,-0.029045961482947642,-366.773603648824,697.1883841780134,-331.0865546039099,-0.6717740747203834
2.7600000000000002,-0.009334587674565494,-0.6055607271650877,0.0,-2.006320008667282,1.0,-0.0002928370247095777,-0.0002928370247095777,-1.2033447024137292,0.23239066389667679,-0.029045961482947642,-366.773603648824,697.1883841780134,-331.0865546039099,-0.6717740747203834
2.7800000000000002,-0.010348946998415287,-0.6422754081687327,0.0,-2.006320008667282,1.0,-0.0002928370247095777,-0.0002928370247095777,-1.2033447024137292,0.23239066389667679,-0.029045961482947642,-366.773603648824,697.1883841780134,-331.0865546039099,-0.6717740747203834
2.8000000000000003,-0.011321577082526776,-0.6764516576021657,0.0,-2.006320008667282,1.0,-0.0002928370247095777,-0.0002928370247095777,-1.2033447024137292,0.23239066389667679,-0.029045961482947642,-366.773603648824,697.1883841780134,-331.0865546039099,-0.6717740747203834
2.82,-0.012248686644678094,-0.7079549172664633,0.0,-2.006320008667282,1.0,-0.0002928370247095777,-0.0002928370247095777,-1.2033447024137292,0.23239066389667679,-0.029045961482947642,-366.773603648824,697.1883841780134,-331.0865546039099,-0.6717740747203834
2.84,-0.013126661439997519,-0.7366610752596824,0.0,-2.006320008667282,1.0,-0.0002928370247095777,-0.0002928370247095777,-1.2033447024137292,0.23239066389667679,-0.029045961482947642,-366.773603648824,697.1883841780134,-331.0865546039099,-0.6717740747203834
2.86,-0.01395207847589806,-0.7624569595494725,0.0,-2.006320008667282,1.0,-0.0002928370247095777,-0.0002928370247095777,-1.2033447024137292,0.23239066389667679,-0.029045961482947642,-366.773603648824,697.1883841780134,-331.0865546039099,-0.6717740747203834
2.88,-0.014721719498044555,-0.7852407912940105,0.0,-2.006320008667282,1.0,-0.0002928370247095777,-0.0002928370247095777,-1.2033447024137292,0.23239066389667679,-0.029045961482947642,-366.773603648824,697.1883841780134,-331.0865546039099,-0.6717740747203834
2.9,-0.015432583697674484,-0.8049225959114338,0.0,-2.006320008667282,1.0,-0.0002928370247095777,-0.0002928370247095777,-1.2033447024137292,0.23239066389667679,-0.029045961482947642,-366.773603648824,697.1883841780134,-331.0865546039099,-0.6717740747203834
2.92,-0.016081899592542064,-0.8214245699693992,0.0,-2.006320008667282,1.0,-0.0002928370247095777,-0.0002928370247095777,-1.2033447024137292,0.23239066389667679,-0.029045961482947642,-366.773603648824,697.1883841780134,-331.0865546039099,-0.6717740747203834
2.94,-0.016667136035805896,-0.8346814020543853,0.0,-2.006320008667282,1.0,-0.0002928370247095777,-0.0002928370247095777,-1.2033447024137292,0.23239066389667679,-0.029045961482947642,-366.773603648824,697.1883841780134,-331.0865546039099,-0.6717740747203834
2.96,-0.017186012309372115,-0.8446405458903561,0.0,-2.006320008667282,1.0,-0.0002928370247095777,-0.0002928370247095777,-1.2033447024137292,0.23239066389667679,-0.029045961482947642,-366.773603648824,697.1883841780134,-331.0865546039099,-0.6717740747203834
2.98,-0.017636507260570772,-0.8512624441090925,0.0,-2.006320008667282,1.0,-0.0002928370247095777,-0.0002928370247095777,-1.2033447024137292,0.23239066389667679,-0.029045961482947642,-366.773603648824,697.1883841780134,-331.0865546039099,-0.6717740747203834
3.0,-0.01801686744361905,-0.8545207012321271,0.0,-2.006320008667282,1.0,-0.0002928370247095777,-0.0002928370247095777,-1.2033447024137292,0.23239066389667679,-0.029045961482947642,-366.773603648824,697.1883841780134,-331.0865546039099,-0.6717740747203834
3.02,-0.018325614230141708,-0.8544022046068356,0.0,-2.006320008667282,1.0,-0.0002928370247095777,-0.0002928370247095777,-1.2033447024137292,0.23239066389667679,-0.029045961482947642,-366.773603648824,697.1883841780134,-331.0865546039099,-0.6717740747203834
3.04,-0.018561549856105728,-0.8509071922472203,0.0,-2.006320008667282,1.0,-0.0002928370247095777,-0.0002928370247095777,-1.2033447024137292,0.23239066389667679,-0.029045961482947642,-366.773603648824,697.1883841780134,-331.0865546039099,-0.6717740747203834
3.06,-0.018723762375904555,-0.844049266762228,0.0,-2.006320008667282,1.0,-0.0002928370247095777,-0.0002928370247095777,-1.2033447024137292,0.23239066389667679,-0.029045961482947642,-366.773603648824,697.1883841780134,-331.0865546039099,-0.6717740747203834
3.08,-0.018811629498013075,-0.8338553548092275,0.0,-2.006320008667282,1.0,-0.0002928370247095777,-0.0002928370247095777,-1.2033447024137292,0.23239066389667679,-0.029045961482947642,-366.773603648824,697.1883841780134,-331.0865546039099,-0.6717740747203834
3.1,-0.018824821280635784,-0.8203656117854277,0.0,-2.006320008667282,1.0,-0.0002928370247095777,-0.0002928370247095777,-1.2033447024137292,0.23239066389667679,-0.029045961482947642,-366.773603648824,697.1883841780134,-331.0865546039099,-0.6717740747203834
3.12,-0.018763301670085653,-0.8036332717619619,0.0,-2.006320008667282,1.0,-0.0002928370247095777,-0.0002928370247095777,-1.2033447024137292,0.23239066389667679,-0.029045961482947642,-366.773603648824,697.1883841780134,-331.0865546039099,-0.6717740747203834
3.14,-0.018627328869250653,-0.7837244429707526,0.0,-2.006320008667282,1.0,-0.0002928370247095777,-0.0002928370247095777,-1.2033447024137292,0.23239066389667679,-0.029045961482947642,-366.773603648824,697.1883841780134,-331.0865546039099,-0.6717740747203834
3.16,-0.018417454528408095,-0.7607178494683527,0.0,-2.006320008667282,1.0,-0.0002928370247095777,-0.0002928370247095777,-1.2033447024137292,0.23239066389667679,-0.029045961482947642,-366.773603648824,697.1883841780134,-331.0865546039099,-0.6717740747203834
3.18,-0.018134521755805225,-0.7347045199192422,0.0,-2.006320008667282,1.0,-0.0002928370247095777,-0.0002928370247095777,-1.2033447024137292,0.23239066389667679,-0.029045961482947642,-366.773603648824,697.1883841780134,-331.0865546039099,-0.6717740747203834
3.2,-0.017779661950799774,-0.705787424758666,0.0,-2.006320008667282,1.0,-0.0002928370247095777,-0.0002928370247095777,-1.2033447024137292,0.23239066389667679,-0.029045961482947642,-366.773603648824,697.1883841780134,-331.0865546039099,-0.6717740747203834
3.22,-0.017354290467899623,-0.6740810633064753,0.0,-2.006320008667282,1.0,-0.0002928370247095777,-0.0002928370247095777,-1.2033447024137292,0.23239066389667679,-0.029045961482947642,-366.773603648824,697.1883841780134,-331.0865546039099,-0.6717740747203834
3.24,-0.0168601011257033,-0.6397110027040757,0.0,-2.006320008667282,1.0,-0.0002928370247095777,-0.0002928370247095777,-1.2033447024137292,0.23239066389667679,-0.029045961482947642,-366.773603648824,697.1883841780134,-331.0865546039099,-0.6717740747203834
3.2600000000000002,-0.016299059580463467,-0.6028133708312934,0.0,-2.006320008667282,1.0,-0.0002928370247095777,-0.0002928370247095777,-1.2033447024137292,0.23239066389667679,-0.029045961482947642,-366.773603648824,697.1883841780134,-331.0865546039099,-0.6717740747203834
3.2800000000000002,-0.015673395589709507,-0.5635343056242318,0.0,-2.006320008667282,1.0,-0.0002928370247095777,-0.0002928370247095777,-1.2033447024137292,0.23239066389667679,-0.029045961482947642,-366.773603648824,697.1883841780134,-331.0865546039099,-0.6717740747203834
3.3000000000000003,-0.01498559419700705,-0.5220293634551085,0.0,-2.006320008667282,1.0,-0.0002928370247095777,-0.0002928370247095777,-1.2033447024137292,0.23239066389667679,-0.029045961482947642,-366.773603648824,697.1883841780134,-331.0865546039099,-0.6717740747203834
3.3200000000000003,-0.014238385874434538,-0.47846288944726534,0.0,-2.006320008667282,1.0,-0.0002928370247095777,-0.0002928370247095777,-1.2033447024137292,0.23239066389667679,-0.029045961482947642,-366.773603648824,697.1883841780134,-331.0865546039099,-0.6717740747203834
3.34,-0.013434735664653898,-0.43300735278035457,0.0,-2.006320008667282,1.0,-0.0002928370247095777,-0.0002928370247095777,-1.2033447024137292,0.23239066389667679,-0.029045961482947642,-366.773603648824,697.1883841780134,-331.0865546039099,-0.6717740747203834
3.36,-0.012577831369479164,-0.38584265018957065,0.0,-2.006320008667282,1.0,-0.0002928370247095777,-0.0002928370247095777,-1.2033447024137292,0.23239066389667679,-0.029045961482947642,-366.773603648824,697.1883841780134,-331.0865546039099,-0.6717740747203834
3.38,-0.011671070836550416,-0.33715538098014175,0.0,-2.006320008667282,1.0,-0.0002928370247095777,-0.0002928370247095777,-1.2033447024137292,0.23239066389667679,-0.029045961482947642,-366.773603648824,697.1883841780134,-331.0865546039099,-0.6717740747203834
3.4,-0.010718048400037728,-0.28713809695868325,0.0,-2.006320008667282,1.0,-0.0002928370247095777,-0.0002928370247095777,-1.2033447024137292,0.23239066389667679,-0.029045961482947642,-366.773603648824,697.1883841780134,-331.0865546039099,-0.6717740747203834
3.42,-0.009722540535201631,-0.23598853073523668,0.0,-2.006320008667282,1.0,-0.0002928370247095777,-0.0002928370247095777,-1.2033447024137292,0.23239066389667679,-0.029045961482947642,-366.773603648824,697.1883841780134,-331.0865546039099,-0.6717740747203834
3.44,-0.008688490790073174,-0.18390880586684163,0.0,-2.006320008667282,1.0,-0.0002928370247095777,-0.0002928370247095777,-1.2033447024137292,0.23239066389667679,-0.029045961482947642,-366.773603648824,697.1883841780134,-331.0865546039099,-0.6717740747203834
3.46,-0.007619994060471432,-0.13110463230392252,0.0,-2.006320008667282,1.0,-0.0002928370247095777,-0.0002928370247095777,-1.2033447024137292,0.23239066389667679,-0.029045961482947642,-366.773603648824,697.1883841780134,-331.0865546039099,-0.6717740747203834
3.48,-0.006521280277030049,-0.07778449056444338,0.0,-2.006320008667282,1.0,-0.0002928370247095777,-0.0002928370247095777,-1.2033447024137292,0.23239066389667679,-0.029045961482947642,-366.773603648824,697.1883841780134,-331.0865546039099,-0.6717740747203834
3.5,-0.0053966975748541745,-0.024158808002569726,0.0,-2.006320008667282,1.0,-0.0002928370247095777,-0.0002928370247095777,-1.2033447024137292,0.23239066389667679,-0.029045961482947642,-366.773603648824,697.1883841780134,-331.0865546039099,-0.6717740747203834
3.52,-0.0042506950178787025,0.029560869538678973,0.0,-2.006320008667282,1.0,-0.0002928370247095777,-0.0002928370247095777,-1.2033447024137292,0.23239066389667679,-0.029045961482947642,-366.773603648824,697.1883841780134,-331.0865546039099,-0.6717740747203834
3.54,-0.003087804950965576,0.0831627074921919,0.0,-2.006320008667282,1.0,-0.0002928370247095777,-0.0002928370247095777,-1.2033447024137292,0.23239066389667679,-0.029045961482947642,-366.773603648824,697.1883841780134,-331.0865546039099,-0.6717740747203834
3.56,-0.0019126250532850017,0.13643541065166892,0.0,-2.006320008667282,1.0,-0.0002928370247095777,-0.0002928370247095777,-1.2033447024137292,0.23239066389667679,-0.029045961482947642,-366.773603648824,697.1883841780134,-331.0865546039099,-0.6717740747203834
3.58,-0.0007298001666056937,0.18916904658638198,0.0,-2.006320008667282,1.0,-0.0002928370247095777,-0.0002928370247095777,-1.2033447024137292,0.23239066389667679,-0.029045961482947642,-366.773603648824,697.1883841780134,-331.0865546039099,-0.6717740747203834
3.6,0.0004559960281877726,0.24115586150405524,0.0,-2.006320008667282,1.0,-0.0002928370247095777,-0.0002928370247095777,-1.2033447024137292,0.23239066389667679,-0.029045961482947642,-366.773603648824,697.1883841780134,-331.0865546039099,-0.6717740747203834
3.62,0.0016400794136842735,0.2921910857872794,0.0,-2.006320008667282,1.0,-0.0002928370247095777,-0.0002928370247095777,-1.2033447024137292,0.23239066389667679,-0.029045961482947642,-366.773603648824,697.1883841780134,-331.0865546039099,-0.6717740747203834
3.64,0.002817773845924282,0.34207372653069956,0.0,-2.006320008667282,1.0,-0.0002928370247095777,-0.0002928370247095777,-1.2033447024137292,0.23239066389667679,-0.029045961482947642,-366.773603648824,697.1883841780134,-331.0865546039099,-0.6717740747203834
3.66,0.003984429501245879,0.39060734450062506,0.0,-2.006320008667282,1.0,-0.0002928370247095777,-0.0002928370247095777,-1.2033447024137292,0.23239066389667679,-0.029045961482947642,-366.773603648824,697.1883841780134,-331.0865546039099,-0.6717740747203834
3.68,0.005135441090874841,0.4376008130237503,0.0,-2.006320008667282,1.0,-0.0002928370247095777,-0.0002928370247095777,-1.2033447024137292,0.23239066389667679,-0.029045961482947642,-366.773603648824,697.1883841780134,-331.0865546039099,-0.6717740747203834
3.7,0.006266265875686876,0.4828690563863897,0.0,-2.006320008667282,1.0,-0.0002928370247095777,-0.0002928370247095777,-1.2033447024137292,0.23239066389667679,-0.029045961482947642,-366.773603648824,697.1883841780134,-331.0865546039099,-0.6717740747203834
3.72,0.007372441415232737,0.5262337653889705,0.0,-2.006320008667282,1.0,-0.0002928370247095777,-0.0002928370247095777,-1.2033447024137292,0.23239066389667679,-0.029045961482947642,-366.773603648824,697.1883841780134,-331.0865546039099,-0.6717740747203834
3.74,0.008449602986855598,0.5675240877541836,0.0,-2.006320008667282,1.0,-0.0002928370247095777,-0.0002928370247095777,-1.2033447024137292,0.23239066389667679,-0.029045961482947642,-366.773603648824,697.1883841780134,-331.0865546039099,-0.6717740747203834
3.7600000000000002,0.009493500612511054,0.6065772911307048,0.0,-2.006320008667282,1.0,-0.0002928370247095777,-0.0002928370247095777,-1.2033447024137292,0.23239066389667679,-0.029045961482947642,-366.773603648824,697.1883841780134,-331.0865546039099,-0.6717740747203834
3.7800000000000002,0.01050001563270215,0.6432393964710866,0.0,-2.006320008667282,1.0,-0.0002928370247095777,-0.0002928370247095777,-1.2033447024137292,0.23239066389667679,-0.029045961482947642,-366.773603648824,697.1883841780134,-331.0865546039099,-0.6717740747203834
3.8000000000000003,0.011465176768747615,0.6773657795935693,0.0,-2.006320008667282,1.0,-0.0002928370247095777,-0.0002928370247095777,-1.2033447024137292,0.23239066389667679,-0.029045961482947642,-366.773603648824,697.1883841780134,-331.0865546039099,-0.6717740747203834
3.8200000000000003,0.012385175616404365,0.7088217387667433,0.0,-2.006320008667282,1.0,-0.0002928370247095777,-0.0002928370247095777,-1.2033447024137292,0.23239066389667679,-0.029045961482947642,-366.773603648824,697.1883841780134,-331.0865546039099,-0.6717740747203834
3.84,0.013256381515665903,0.7374830261862128,0.0,-2.006320008667282,1.0,-0.0002928370247095777,-0.0002928370247095777,-1.2033447024137292,0.23239066389667679,-0.029045961482947642,-366.773603648824,697.1883841780134,-331.0865546039099,-0.6717740747203834
3.86,0.014075355743365894,0.7632363412475285,0.0,-2.006320008667282,1.0,-0.0002928370247095777,-0.0002928370247095777,-1.2033447024137292,0.23239066389667679,-0.029045961482947642,-366.773603648824,697.1883841780134,-331.0865546039099,-0.6717740747203834
3.88,0.014838864977044258,0.785979783562042,0.0,-2.006320008667282,1.0,-0.0002928370247095777,-0.0002928370247095777,-1.2033447024137292,0.23239066389667679,-0.029045961482947642,-366.773603648824,697.1883841780134,-331.0865546039099,-0.6717740747203834
3.9,0.01554389398041085,0.8056232637187413,0.0,-2.006320008667282,1.0,-0.0002928370247095777,-0.0002928370247095777,-1.2033447024137292,0.23239066389667679,-0.029045961482947642,-366.773603648824,697.1883841780134,-331.0865546039099,-0.6717740747203834
3.92,0.016187657462687625,0.8220888698640589,0.0,-2.006320008667282,1.0,-0.0002928370247095777,-0.0002928370247095777,-1.2033447024137292,0.23239066389667679,-0.029045961482947642,-366.773603648824,697.1883841780134,-331.0865546039099,-0.6717740747203834
3.94,0.016767611066164752,0.8353111882612019,0.0,-2.006320008667282,1.0,-0.0002928370247095777,-0.0002928370247095777,-1.2033447024137292,0.23239066389667679,-0.029045961482947642,-366.773603648824,697.1883841780134,-331.0865546039099,-0.6717740747203834
3.96,0.01728146143849867,0.8452375761000822,0.0,-2.006320008667282,1.0,-0.0002928370247095777,-0.0002928370247095777,-1.2033447024137292,0.23239066389667679,-0.029045961482947642,-366.773603648824,697.1883841780134,-331.0865546039099,-0.6717740747203834
3.98,0.01772717534864771,0.8518283849618093,0.0,-2.006320008667282,1.0,-0.0002928370247095777,-0.0002928370247095777,-1.2033447024137292,0.23239066389667679,-0.029045961482947642,-366.773603648824,697.1883841780134,-331.0865546039099,-0.6717740747203834
4.0,0.018102987807917706,0.855057133499177,0.0,-2.006320008667282,1.0,-0.0002928370247095777,-0.0002928370247095777,-1.2033447024137292,0.23239066389667679,-0.029045961482947642,-366.773603648824,697.1883841780134,-331.0865546039099,-0.6717740747203834
4.0200000000000005,0.018407409160407763,0.8549106280771805,0.0,-2.006320008667282,1.0,-0.0002928370247095777,-0.0002928370247095777,-1.2033447024137292,0.23239066389667679,-0.029045961482947642,-366.773603648824,697.1883841780134,-331.0865546039099,-0.6717740747203834
4.04,0.01863923111023349,0.851389030325506,0.0,-2.006320008667282,1.0,-0.0002928370247095777,-0.0002928370247095777,-1.2033447024137292,0.23239066389667679,-0.029045961482947642,-366.773603648824,697.1883841780134,-331.0865546039099,-0.6717740747203834
4.0600000000000005,0.018797531656283544,0.8445058707870872,0.0,-2.006320008667282,1.0,-0.0002928370247095777,-0.0002928370247095777,-1.2033447024137292,0.23239066389667679,-0.029045961482947642,-366.773603648824,697.1883841780134,-331.0865546039099,-0.6717740747203834
4.08,0.01888167890895108,0.8342880081015552,0.0,-2.006320008667282,1.0,-0.0002928370247095777,-0.0002928370247095777,-1.2033447024137292,0.23239066389667679,-0.029045961482947642,-366.773603648824,697.1883841780134,-331.0865546039099,-0.6717740747203834
4.1,0.018891333767281956,0.8207755334371813,0.0,-2.006320008667282,1.0,-0.0002928370247095777,-0.0002928370247095777,-1.2033447024137292,0.23239066389667679,-0.029045961482947642,-366.773603648824,697.1883841780134,-331.0865546039099,-0.6717740747203834
4.12,0.01882645143929665,0.8040216201771799,0.0,-2.006320008667282,1.0,-0.0002928370247095777,-0.0002928370247095777,-1.2033447024137292,0.23239066389667679,-0.029045961482947642,-366.773603648824,697.1883841780134,-331.0865546039099,-0.6717740747203834
4.14,0.018687281792860524,0.7840923191710302,0.0,-2.006320008667282,1.0,-0.0002928370247095777,-0.0002928370247095777,-1.2033447024137292,0.23239066389667679,-0.029045961482947642,-366.773603648824,697.1883841780134,-331.0865546039099,-0.6717740747203834
4.16,0.018474368529377824,0.7610663001751009,0.0,-2.006320008667282,1.0,-0.0002928370247095777,-0.0002928370247095777,-1.2033447024137292,0.23239066389667679,-0.029045961482947642,-366.773603648824,697.1883841780134,-331.0865546039099,-0.6717740747203834
4.18,0.01818854717774471,0.7350345404265825,0.0,-2.006320008667282,1.0,-0.0002928370247095777,-0.0002928370247095777,-1.2033447024137292,0.23239066389667679,-0.029045961482947642,-366.773603648824,697.1883841780134,-331.0865546039099,-0.6717740747203834
4.2,0.017830941911364567,0.7060999616093128,0.0,-2.006320008667282,1.0,-0.0002928370247095777,-0.0002928370247095777,-1.2033447024137292,0.23239066389667679,-0.029045961482947642,-366.773603648824,697.1883841780134,-331.0865546039099,-0.6717740747203834
4.22,0.017402961196578942,0.6743770167850326,0.0,-2.006320008667282,1.0,-0.0002928370247095777,-0.0002928370247095777,-1.2033447024137292,0.23239066389667679,-0.029045961482947642,-366.773603648824,697.1883841780134,-331.0865546039099,-0.6717740747203834
4.24,0.016906292286520273,0.639991229159872,0.0,-2.006320008667282,1.0,-0.0002928370247095777,-0.0002928370247095777,-1.2033447024137292,0.23239066389667679,-0.029045961482947642,-366.773603648824,697.1883841780134,-331.0865546039099,-0.6717740747203834
4.26,0.01634289458011889,0.603078684845082,0.0,-2.006320008667282,1.0,-0.0002928370247095777,-0.0002928370247095777,-1.2033447024137292,0.23239066389667679,-0.029045961482947642,-366.773603648824,697.1883841780134,-331.0865546039099,-0.6717740747203834
4.28,0.01571499187169935,0.5637854820300793,0.0,-2.006320008667282,1.0,-0.0002928370247095777,-0.0002928370247095777,-1.2033447024137292,0.23239066389667679,-0.029045961482947642,-366.773603648824,697.1883841780134,-331.0865546039099,-0.6717740747203834
4.3,0.015025063522250595,0.5222671392313224,0.0,-2.006320008667282,1.0,-0.0002928370247095777,-0.0002928370247095777,-1.2033447024137292,0.23239066389667679,-0.029045961482947642,-366.773603648824,697.1883841780134,-331.0865546039099,-0.6717740747203834
4.32,0.014275834588943312,0.4786879654864543,0.0,-2.006320008667282,1.0,-0.0002928370247095777,-0.0002928370247095777,-1.2033447024137292,0.23239066389667679,-0.029045961482947642,-366.773603648824,697.1883841780134,-331.0865546039099,-0.6717740747203834
4.34,0.013470264954774186,0.4332203955514834,0.0,-2.006320008667282,1.0,-0.0002928370247095777,-0.0002928370247095777,-1.2033447024137292,0.23239066389667679,-0.029045961482947642,-366.773603648824,697.1883841780134,-331.0865546039099,-0.6717740747203834
4.36,0.012611537505229756,0.38604429330088114,0.0,-2.006320008667282,1.0,-0.0002928370247095777,-0.0002928370247095777,-1.2033447024137292,0.23239066389667679,-0.029045961482947642,-366.773603648824,697.1883841780134,-331.0865546039099,-0.6717740747203834
4.38,0.011703045403574702,0.33734622665407615,0.0,-2.006320008667282,1.0,-0.0002928370247095777,-0.0002928370247095777,-1.2033447024137292,0.23239066389667679,-0.029045961482947642,-366.773603648824,697.1883841780134,-331.0865546039099,-0.6717740747203834
4.4,0.010748378520674864,0.28731871742641724,0.0,-2.006320008667282,1.0,-0.0002928370247095777,-0.0002928370247095777,-1.2033447024137292,0.23239066389667679,-0.029045961482947642,-366.773603648824,697.1883841780134,-331.0865546039099,-0.6717740747203834
4.42,0.009751309079176158,0.23615946956076966,0.0,-2.006320008667282,1.0,-0.0002928370247095777,-0.0002928370247095777,-1.2033447024137292,0.23239066389667679,-0.029045961482947642,-366.773603648824,697.1883841780134,-331.0865546039099,-0.6717740747203834
4.44,0.00871577657528239,0.1840705792059544,0.0,-2.006320008667282,1.0,-0.0002928370247095777,-0.0002928370247095777,-1.2033447024137292,0.23239066389667679,-0.029045961482947642,-366.773603648824,697.1883841780134,-331.0865546039099,-0.6717740747203834
4.46,0.007645872044343401,0.13125773010687697,0.0,-2.006320008667282,1.0,-0.0002928370247095777,-0.0002928370247095777,-1.2033447024137292,0.23239066389667679,-0.029045961482947642,-366.773603648824,697.1883841780134,-331.0865546039099,-0.6717740747203834
4.48,0.006545821738901715,0.07792937772602526,0.0,-2.006320008667282,1.0,-0.0002928370247095777,-0.0002928370247095777,-1.2033447024137292,0.23239066389667679,-0.029045961482947642,-366.773603648824,697.1883841780134,-331.0865546039099,-0.6717740747203834
4.5,0.005419970289810576,0.024295925466857562,0.0,-2.006320008667282,1.0,-0.0002928370247095777,-0.0002928370247095777,-1.2033447024137292,0.23239066389667679,-0.029045961482947642,-366.773603648824,697.1883841780134,-331.0865546039099,-0.6717740747203834
4.5200000000000005,0.004272763422468901,-0.029431103716730203,0.0,-2.006320008667282,1.0,-0.0002928370247095777,-0.0002928370247095777,-1.2033447024137292,0.23239066389667679,-0.029045961482947642,-366.773603648824,697.1883841780134,-331.0865546039099,-0.6717740747203834
4.54,0.00310873030120129,-0.08303989712230461,0.0,-2.006320008667282,1.0,-0.0002928370247095777,-0.0002928370247095777,-1.2033447024137292,0.23239066389667679,-0.029045961482947642,-366.773603648824,697.1883841780134,-331.0865546039099,-0.6717740747203834
4.5600000000000005,0.0019324655753013152,-0.13631918042021698,0.0,-2.006320008667282,1.0,-0.0002928370247095777,-0.0002928370247095777,-1.2033447024137292,0.23239066389667679,-0.029045961482947642,-366.773603648824,697.1883841780134,-331.0865546039099,-0.6717740747203834
4.58,0.0007486112003534159,-0.18905904109979696,0.0,-2.006320008667282,1.0,-0.0002928370247095777,-0.0002928370247095777,-1.2033447024137292,0.23239066389667679,-0.029045961482947642,-366.773603648824,697.1883841780134,-331.0865546039099,-0.6717740747203834
4.6000000000000005,-0.0004381618918758235,-0.24105174436418567,0.0,-2.006320008667282,1.0,-0.0002928370247095777,-0.0002928370247095777,-1.2033447024137292,0.23239066389667679,-0.029045961482947642,-366.773603648824,697.1883841780134,-331.0865546039099,-0.6717740747203834
4.62,-0.001623172202320354,-0.29209253869469076,0.0,-2.006320008667282,1.0,-0.0002928370247095777,-0.0002928370247095777,-1.2033447024137292,0.23239066389667679,-0.029045961482947642,-366.773603648824,697.1883841780134,-331.0865546039099,-0.6717740747203834
4.64,-0.0028017460805797294,-0.34198044841707403,0.0,-2.006320008667282,1.0,-0.0002928370247095777,-0.0002928370247095777,-1.2033447024137292,0.23239066389667679,-0.029045961482947642,-366.773603648824,697.1883841780134,-331.0865546039099,-0.6717740747203834
4.66,-0.003969236077456658,-0.3905190506877565,0.0,-2.006320008667282,1.0,-0.0002928370247095777,-0.0002928370247095777,-1.2033447024137292,0.23239066389667679,-0.029045961482947642,-366.773603648824,697.1883841780134,-331.0865546039099,-0.6717740747203834
4.68,-0.005121039164962832,-0.43751723440905554,0.0,-2.006320008667282,1.0,-0.0002928370247095777,-0.0002928370247095777,-1.2033447024137292,0.23239066389667679,-0.029045961482947642,-366.773603648824,697.1883841780134,-331.0865546039099,-0.6717740747203834
4.7,-0.0062526147562399674,-0.48278993865570763,0.0,-2.006320008667282,1.0,-0.0002928370247095777,-0.0002928370247095777,-1.2033447024137292,0.23239066389667679,-0.029045961482947642,-366.773603648824,697.1883841780134,-331.0865546039099,-0.6717740747203834
4.72,-0.007359502459496426,-0.5261588682546403,0.0,-2.006320008667282,1.0,-0.0002928370247095777,-0.0002928370247095777,-1.2033447024137292,0.23239066389667679,-0.029045961482947642,-366.773603648824,697.1883841780134,-331.0865546039099,-0.6717740747203834
4.74,-0.008437339501810753,-0.5674531842204917,0.0,-2.006320008667282,1.0,-0.0002928370247095777,-0.0002928370247095777,-1.2033447024137292,0.23239066389667679,-0.029045961482947642,-366.773603648824,697.1883841780134,-331.0865546039099,-0.6717740747203834
4.76,-0.009481877760419363,-0.6065101667848186,0.0,-2.006320008667282,1.0,-0.0002928370247095777,-0.0002928370247095777,-1.2033447024137292,0.23239066389667679,-0.029045961482947642,-366.773603648824,697.1883841780134,-331.0865546039099,-0.6717740747203834
4.78,-0.010489000340920865,-0.6431758488015965,0.0,-2.006320008667282,1.0,-0.0002928370247095777,-0.0002928370247095777,-1.2033447024137292,0.23239066389667679,-0.029045961482947642,-366.773603648824,697.1883841780134,-331.0865546039099,-0.6717740747203834
4.8,-0.011454737643620493,-0.677305617334854,0.0,-2.006320008667282,1.0,-0.0002928370247095777,-0.0002928370247095777,-1.2033447024137292,0.23239066389667679,-0.029045961482947642,-366.773603648824,697.1883841780134,-331.0865546039099,-0.6717740747203834
4.82,-0.012375282861053768,-0.708764781271202,0.0,-2.006320008667282,1.0,-0.0002928370247095777,-0.0002928370247095777,-1.2033447024137292,0.23239066389667679,-0.029045961482947642,-366.773603648824,697.1883841780134,-331.0865546039099,-0.6717740747203834
4.84,-0.013247006851515161,-0.7374291028227423,0.0,-2.006320008667282,1.0,-0.0002928370247095777,-0.0002928370247095777,-1.2033447024137292,0.23239066389667679,-0.029045961482947642,-366.773603648824,697.1883841780134,-331.0865546039099,-0.6717740747203834
4.86,-0.014066472335235936,-0.7631852908277054,0.0,-2.006320008667282,1.0,-0.0002928370247095777,-0.0002928370247095777,-1.2033447024137292,0.23239066389667679,-0.029045961482947642,-366.773603648824,697.1883841780134,-331.0865546039099,-0.6717740747203834
4.88,-0.014830447361673146,-0.7859314537928941,0.0,-2.006320008667282,1.0,-0.0002928370247095777,-0.0002928370247095777,-1.2033447024137292,0.23239066389667679,-0.029045961482947642,-366.773603648824,697.1883841780134,-331.0865546039099,-0.6717740747203834
4.9,-0.015535917998256113,-0.8055775106828817,0.0,-2.006320008667282,1.0,-0.0002928370247095777,-0.0002928370247095777,-1.2033447024137292,0.23239066389667679,-0.029045961482947642,-366.773603648824,697.1883841780134,-331.0865546039099,-0.6717740747203834
4.92,-0.01618010019287509,-0.8220455575259492,0.0,-2.006320008667282,1.0,-0.0002928370247095777,-0.0002928370247095777,-1.2033447024137292,0.23239066389667679,-0.029045961482947642,-366.773603648824,697.1883841780134,-331.0865546039099,-0.6717740747203834
4.94,-0.01676045076445775,-0.8352701880002676,0.0,-2.006320008667282,1.0,-0.0002928370247095777,-0.0002928370247095777,-1.2033447024137292,0.23239066389667679,-0.029045961482947642,-366.773603648824,697.1883841780134,-331.0865546039099,-0.6717740747203834
4.96,-0.017274677478163913,-0.8451987662692775,0.0,-2.006320008667282,1.0,-0.0002928370247095777,-0.0002928370247095777,-1.2033447024137292,0.23239066389667679,-0.029045961482947642,-366.773603648824,697.1883841780134,-331.0865546039099,-0.6717740747203834
4.98,-0.017720748164102355,-0.8517916504718668,0.0,-2.006320008667282,1.0,-0.0002928370247095777,-0.0002928370247095777,-1.2033447024137292,0.23239066389667679,-0.029045961482947642,-366.773603648824,697.1883841780134,-331.0865546039099,-0.6717740747203834
5.0,-0.018096898841044526,-0.8550223654272673,0.0,-2.006320008667282,1.0,-0.0002928370247095777,-0.0002928370247095777,-1.2033447024137292,0.23239066389667679,-0.029045961482947642,-366.773603648824,697.1883841780134,-331.0865546039099,-0.6717740747203834
5.0200000000000005,-0.018401640809431494,-0.8548777232997121,0.0,-2.006320008667282,1.0,-0.0002928370247095777,-0.0002928370247095777,-1.2033447024137292,0.23239066389667679,-0.029045961482947642,-366.773603648824,697.1883841780134,-331.0865546039099,-0.6717740747203834
5.04,-0.018633766681054063,-0.8513578911739448,0.0,-2.006320008667282,1.0,-0.0002928370247095777,-0.0002928370247095777,-1.2033447024137292,0.23239066389667679,-0.029045961482947642,-366.773603648824,697.1883841780134,-331.0865546039099,-0.6717740747203834
5.0600000000000005,-0.01879235531616616,-0.8444764047260385,0.0,-2.006320008667282,1.0,-0.0002928370247095777,-0.0002928370247095777,-1.2033447024137292,0.23239066389667679,-0.029045961482947642,-366.773603648824,697.1883841780134,-331.0865546039099,-0.6717740747203834
5.08,-0.018876775642476144,-0.8342601274281349,0.0,-2.006320008667282,1.0,-0.0002928370247095777,-0.0002928370247095777,-1.2033447024137292,0.23239066389667679,-0.029045961482947642,-366.773603648824,697.1883841780134,-331.0865546039099,-0.6717740747203834
5.1000000000000005,-0.01888668933446075,-0.8207491550006082,0.0,-2.006320008667282,1.0,-0.0002928370247095777,-0.0002928370247095777,-1.2033447024137292,0.23239066389667679,-0.029045961482947642,-366.773603648824,697.1883841780134,-331.0865546039099,-0.6717740747203834
5.12,-0.018822052335761993,-0.8039966651177239,0.0,-2.006320008667282,1.0,-0.0002928370247095777,-0.0002928370247095777,-1.2033447024137292,0.23239066389667679,-0.029045961482947642,-366.773603648824,697.1883841780134,-331.0865546039099,-0.6717740747203834
5.14,-0.01868311521204286,-0.7840687126767637,0.0,-2.006320008667282,1.0,-0.0002928370247095777,-0.0002928370247095777,-1.2033447024137292,0.23239066389667679,-0.029045961482947642,-366.773603648824,697.1883841780134,-331.0865546039099,-0.6717740747203834
5.16,-0.018470422326582164,-0.7610439712561499,0.0,-2.006320008667282,1.0,-0.0002928370247095777,-0.0002928370247095777,-1.2033447024137292,0.23239066389667679,-0.029045961482947642,-366.773603648824,697.1883841780134,-331.0865546039099,-0.6717740747203834
5.18,-0.0181848098360436,-0.7350134217049935,0.0,-2.006320008667282,1.0,-0.0002928370247095777,-0.0002928370247095777,-1.2033447024137292,0.23239066389667679,-0.029045961482947642,-366.773603648824,697.1883841780134,-331.0865546039099,-0.6717740747203834
5.2,-0.017827402509226306,-0.706079989123867,0.0,-2.006320008667282,1.0,-0.0002928370247095777,-0.0002928370247095777,-1.2033447024137292,0.23239066389667679,-0.029045961482947642,-366.773603648824,697.1883841780134,-331.0865546039099,-0.6717740747203834
5.22,-0.017399609377152066,-0.6743581298098442,0.0,-2.006320008667282,1.0,-0.0002928370247095777,-0.0002928370247095777,-1.2033447024137292,0.23239066389667679,-0.029045961482947642,-366.773603648824,697.1883841780134,-331.0865546039099,-0.6717740747203834
5.24,-0.016903118228497455,-0.6399733700356596,0.0,-2.006320008667282,1.0,-0.0002928370247095777,-0.0002928370247095777,-1.2033447024137292,0.23239066389667679,-0.029045961482947642,-366.773603648824,697.1883841780134,-331.0865546039099,-0.6717740747203834
5.26,-0.016339888970106013,-0.6030617988221625,0.0,-2.006320008667282,1.0,-0.0002928370247095777,-0.0002928370247095777,-1.2033447024137292,0.23239066389667679,-0.029045961482947642,-366.773603648824,697.1883841780134,-331.0865546039099,-0.6717740747203834
5.28,-0.015712145878017416,-0.5637695171220087,0.0,-2.006320008667282,1.0,-0.0002928370247095777,-0.0002928370247095777,-1.2033447024137292,0.23239066389667679,-0.029045961482947642,-366.773603648824,697.1883841780134,-331.0865546039099,-0.6717740747203834
5.3,-0.015022368770100738,-0.5222520460783109,0.0,-2.006320008667282,1.0,-0.0002928370247095777,-0.0002928370247095777,-1.2033447024137292,0.23239066389667679,-0.029045961482947642,-366.773603648824,697.1883841780134,-331.0865546039099,-0.6717740747203834
5.32,-0.01427328313686734,-0.4786736972276525,0.0,-2.006320008667282,1.0,-0.0002928370247095777,-0.0002928370247095777,-1.2033447024137292,0.23239066389667679,-0.029045961482947642,-366.773603648824,697.1883841780134,-331.0865546039099,-0.6717740747203834
5.34,-0.0134678492723454,-0.43320690770525416,0.0,-2.006320008667282,1.0,-0.0002928370247095777,-0.0002928370247095777,-1.2033447024137292,0.23239066389667679,-0.029045961482947642,-366.773603648824,697.1883841780134,-331.0865546039099,-0.6717740747203834
5.36,-0.012609250451911254,-0.38603154365234654,0.0,-2.006320008667282,1.0,-0.0002928370247095777,-0.0002928370247095777,-1.2033447024137292,0.23239066389667679,-0.029045961482947642,-366.773603648824,697.1883841780134,-331.0865546039099,-0.6717740747203834
5.38,-0.011700880208684594,-0.3373341751491445,0.0,-2.006320008667282,1.0,-0.0002928370247095777,-0.0002928370247095777,-1.2033447024137292,0.23239066389667679,-0.029045961482947642,-366.773603648824,697.1883841780134,-331.0865546039099,-0.6717740747203834
5.4,-0.01074632876440043,-0.2873073260716971,0.0,-2.006320008667282,1.0,-0.0002928370247095777,-0.0002928370247095777,-1.2033447024137292,0.23239066389667679,-0.029045961482947642,-366.773603648824,697.1883841780134,-331.0865546039099,-0.6717740747203834
5.42,-0.009749368674581205,-0.23614870232873764,0.0,-2.006320008667282,1.0,-0.0002928370247095777,-0.0002928370247095777,-1.2033447024137292,0.23239066389667679,-0.029045961482947642,-366.773603648824,697.1883841780134,-331.0865546039099,-0.6717740747203834
5.44,-0.008713939751254568,-0.18406040194484147,0.0,-2.006320008667282,1.0,-0.0002928370247095777,-0.0002928370247095777,-1.2033447024137292,0.23239066389667679,-0.029045961482947642,-366.773603648824,697.1883841780134,-331.0865546039099,-0.6717740747203834
5.46,-0.007644133329430618,-0.13124811045479756,0.0,-2.006320008667282,1.0,-0.0002928370247095777,-0.0002928370247095777,-1.2033447024137292,0.23239066389667679,-0.029045961482947642,-366.773603648824,697.1883841780134,-331.0865546039099,-0.6717740747203834
5.48,-0.006544175945989201,-0.07792028502893769,0.0,-2.006320008667282,1.0,-0.0002928370247095777,-0.0002928370247095777,-1.2033447024137292,0.23239066389667679,-0.029045961482947642,-366.773603648824,697.1883841780134,-331.0865546039099,-0.6717740747203834
5.5,-0.005418412501592539,-0.024287330699991005,0.0,-2.006320008667282,1.0,-0.0002928370247095777,-0.0002928370247095777,-1.2033447024137292,0.23239066389667679,-0.029045961482947642,-366.773603648824,697.1883841780134,-331.0865546039099,-0.6717740747203834
5.5200000000000005,-0.004271288977670963,0.029439228024331,0.0,-2.006320008667282,1.0,-0.0002928370247095777,-0.0002928370247095777,-1.2033447024137292,0.23239066389667679,-0.029045961482947642,-366.773603648824,697.1883841780134,-331.0865546039099,-0.6717740747203834
5.54,-0.0031073347815123737,0.08304757696031337,0.0,-2.006320008667282,1.0,-0.0002928370247095777,-0.0002928370247095777,-1.2033447024137292,0.23239066389667679,-0.029045961482947642,-366.773603648824,697.1883841780134,-331.0865546039099,-0.6717740747203834
5.5600000000000005,-0.0019311447929757307,0.13632644036691938,0.0,-2.006320008667282,1.0,-0.0002928370247095777,-0.0002928370247095777,-1.2033447024137292,0.23239066389667679,-0.029045961482947642,-366.773603648824,697.1883841780134,-331.0865546039099,-0.6717740747203834
5.58,-0.0007473611864461244,0.18906590438952167,0.0,-2.006320008667282,1.0,-0.0002928370247095777,-0.0002928370247095777,-1.2033447024137292,0.23239066389667679,-0.029045961482947642,-366.773603648824,697.1883841780134,-331.0865546039099,-0.6717740747203834
5.6000000000000005,0.0004393448986755354,0.2410582329523682,0.0,-2.006320008667282,1.0,-0.0002928370247095777,-0.0002928370247095777,-1.2033447024137292,0.23239066389667679,-0.029045961482947642,-366.773603648824,697.1883841780134,-331.0865546039099,-0.6717740747203834
5.62,0.0016242917662896766,0.29209867332073614,0.0,-2.006320008667282,1.0,-0.0002928370247095777,-0.0002928370247095777,-1.2033447024137292,0.23239066389667679,-0.029045961482947642,-366.773603648824,697.1883841780134,-331.0865546039099,-0.6717740747203834
5.64,0.002802805579028445,0.34198624866508986,0.0,-2.006320008667282,1.0,-0.0002928370247095777,-0.0002928370247095777,-1.2033447024137292,0.23239066389667679,-0.029045961482947642,-366.773603648824,697.1883841780134,-331.0865546039099,-0.6717740747203834
5.66,0.003970238710287369,0.39052453504516066,0.0,-2.006320008667282,1.0,-0.0002928370247095777,-0.0002928370247095777,-1.2033447024137292,0.23239066389667679,-0.029045961482947642,-366.773603648824,697.1883841780134,-331.0865546039099,-0.6717740747203834
5.68,0.005121987963752728,0.43752242032324345,0.0,-2.006320008667282,1.0,-0.0002928370247095777,-0.0002928370247095777,-1.2033447024137292,0.23239066389667679,-0.029045961482947642,-366.773603648824,697.1883841780134,-331.0865546039099,-0.6717740747203834
5.7,0.006253512592869312,0.48279484258864286,0.0,-2.006320008667282,1.0,-0.0002928370247095777,-0.0002928370247095777,-1.2033447024137292,0.23239066389667679,-0.029045961482947642,-366.773603648824,697.1883841780134,-331.0865546039099,-0.6717740747203834
5.72,0.007360352054347707,0.5261635057354881,0.0,-2.006320008667282,1.0,-0.0002928370247095777,-0.0002928370247095777,-1.2033447024137292,0.23239066389667679,-0.029045961482947642,-366.773603648824,697.1883841780134,-331.0865546039099,-0.6717740747203834
5.74,0.008438143431560869,0.5674575698963027,0.0,-2.006320008667282,1.0,-0.0002928370247095777,-0.0002928370247095777,-1.2033447024137292,0.23239066389667679,-0.029045961482947642,-366.773603648824,697.1883841780134,-331.0865546039099,-0.6717740747203834
5.76,0.00948263846544561,0.6065143144692008,0.0,-2.006320008667282,1.0,-0.0002928370247095777,-0.0002928370247095777,-1.2033447024137292,0.23239066389667679,-0.029045961482947642,-366.773603648824,697.1883841780134,-331.0865546039099,-0.6717740747203834
5.78,0.010489720132340334,0.6431797715214193,0.0,-2.006320008667282,1.0,-0.0002928370247095777,-0.0002928370247095777,-1.2033447024137292,0.23239066389667679,-0.029045961482947642,-366.773603648824,697.1883841780134,-331.0865546039099,-0.6717740747203834
5.8,0.01145541870998138,0.6773093273750463,0.0,-2.006320008667282,1.0,-0.0002928370247095777,-0.0002928370247095777,-1.2033447024137292,0.23239066389667679,-0.029045961482947642,-366.773603648824,697.1883841780134,-331.0865546039099,-0.6717740747203834
5.82,0.012375927274695544,0.7087682902175062,0.0,-2.006320008667282,1.0,-0.0002928370247095777,-0.0002928370247095777,-1.2033447024137292,0.23239066389667679,-0.029045961482947642,-366.773603648824,697.1883841780134,-331.0865546039099,-0.6717740747203834
5.84,0.01324761657461399,0.7374324216025695,0.0,-2.006320008667282,1.0,-0.0002928370247095777,-0.0002928370247095777,-1.2033447024137292,0.23239066389667679,-0.029045961482947642,-366.773603648824,697.1883841780134,-331.0865546039099,-0.6717740747203834
5.86,0.014067049225550327,0.7631884297489987,0.0,-2.006320008667282,1.0,-0.0002928370247095777,-0.0002928370247095777,-1.2033447024137292,0.23239066389667679,-0.029045961482947642,-366.773603648824,697.1883841780134,-331.0865546039099,-0.6717740747203834
5.88,0.014830993178004218,0.7859344225810694,0.0,-2.006320008667282,1.0,-0.0002928370247095777,-0.0002928370247095777,-1.2033447024137292,0.23239066389667679,-0.029045961482947642,-366.773603648824,697.1883841780134,-331.0865546039099,-0.6717740747203834
5.9,0.01553643440563601,0.8055803185158862,0.0,-2.006320008667282,1.0,-0.0002928370247095777,-0.0002928370247095777,-1.2033447024137292,0.23239066389667679,-0.029045961482947642,-366.773603648824,697.1883841780134,-331.0865546039099,-0.6717740747203834
5.92,0.016180588767496146,0.8220482130674024,0.0,-2.006320008667282,1.0,-0.0002928370247095777,-0.0002928370247095777,-1.2033447024137292,0.23239066389667679,-0.029045961482947642,-366.773603648824,697.1883841780134,-331.0865546039099,-0.6717740747203834
5.94,0.01676091299835448,0.8352726994307496,0.0,-2.006320008667282,1.0,-0.0002928370247095777,-0.0002928370247095777,-1.2033447024137292,0.23239066389667679,-0.029045961482947642,-366.773603648824,697.1883841780134,-331.0865546039099,-0.6717740747203834
5.96,0.017275114783659347,0.8452011413158473,0.0,-2.006320008667282,1.0,-0.0002928370247095777,-0.0002928370247095777,-1.2033447024137292,0.23239066389667679,-0.029045961482947642,-366.773603648824,697.1883841780134,-331.0865546039099,-0.6717740747203834
5.98,0.01772116187802944,0.8517938964357842,0.0,-2.006320008667282,1.0,-0.0002928370247095777,-0.0002928370247095777,-1.2033447024137292,0.23239066389667679,-0.029045961482947642,-366.773603648824,697.1883841780134,-331.0865546039099,-0.6717740747203834
6.0,0.018097290228753022,0.8550244892100379,0.0,-2.006320008667282,1.0,-0.0002928370247095777,-0.0002928370247095777,-1.2033447024137292,0.23239066389667679,-0.029045961482947642,-366.773603648824,697.1883841780134,-331.0865546039099,-0.6717740747203834
6.0200000000000005,0.018402011068590123,0.8548797314274551,0.0,-2.006320008667282,1.0,-0.0002928370247095777,-0.0002928370247095777,-1.2033447024137292,0.23239066389667679,-0.029045961482947642,-366.773603648824,697.1883841780134,-331.0865546039099,-0.6717740747203834
6.04,0.018634116945257358,0.8513597898201799,0.0,-2.006320008667282,1.0,-0.0002928370247095777,-0.0002928370247095777,-1.2033447024137292,0.23239066389667679,-0.029045961482947642,-366.773603648824,697.1883841780134,-331.0865546039099,-0.6717740747203834
6.0600000000000005,0.01879268665835512,0.844478199732998,0.0,-2.006320008667282,1.0,-0.0002928370247095777,-0.0002928370247095777,-1.2033447024137292,0.23239066389667679,-0.029045961482947642,-366.773603648824,697.1883841780134,-331.0865546039099,-0.6717740747203834
6.08,0.018877089078181142,0.8342618243265658,0.0,-2.006320008667282,1.0,-0.0002928370247095777,-0.0002928370247095777,-1.2033447024137292,0.23239066389667679,-0.029045961482947642,-366.773603648824,697.1883841780134,-331.0865546039099,-0.6717740747203834
6.1000000000000005,0.01888698582487521,0.820750759028276,0.0,-2.006320008667282,1.0,-0.0002928370247095777,-0.0002928370247095777,-1.2033447024137292,0.23239066389667679,-0.029045961482947642,-366.773603648824,697.1883841780134,-331.0865546039099,-0.6717740747203834
6.12,0.018822332790654563,0.8039981812365565,0.0,-2.006320008667282,1.0,-0.0002928370247095777,-0.0002928370247095777,-1.2033447024137292,0.23239066389667679,-0.029045961482947642,-366.773603648824,697.1883841780134,-331.0865546039099,-0.6717740747203834
6.140000000000001,0.018683380492515816,0.7840701455887753,0.0,-2.006320008667282,1.0,-0.0002928370247095777,-0.0002928370247095777,-1.2033447024137292,0.23239066389667679,-0.029045961482947642,-366.773603648824,697.1883841780134,-331.0865546039099,-0.6717740747203834
6.16,0.018470673247683908,0.7610453254184181,0.0,-2.006320008667282,1.0,-0.0002928370247095777,-0.0002928370247095777,-1.2033447024137292,0.23239066389667679,-0.029045961482947642,-366.773603648824,697.1883841780134,-331.0865546039099,-0.6717740747203834
6.18,0.018185047169240888,0.7350147013430893,0.0,-2.006320008667282,1.0,-0.0002928370247095777,-0.0002928370247095777,-1.2033447024137292,0.23239066389667679,-0.029045961482947642,-366.773603648824,697.1883841780134,-331.0865546039099,-0.6717740747203834
6.2,0.01782762698474506,0.7060811982448976,0.0,-2.006320008667282,1.0,-0.0002928370247095777,-0.0002928370247095777,-1.2033447024137292,0.23239066389667679,-0.029045961482947642,-366.773603648824,697.1883841780134,-331.0865546039099,-0.6717740747203834
6.22,0.017399821686191787,0.6743592722141918,0.0,-2.006320008667282,1.0,-0.0002928370247095777,-0.0002928370247095777,-1.2033447024137292,0.23239066389667679,-0.029045961482947642,-366.773603648824,697.1883841780134,-331.0865546039099,-0.6717740747203834
6.24,0.0169033190253262,0.6399744493279871,0.0,-2.006320008667282,1.0,-0.0002928370247095777,-0.0002928370247095777,-1.2033447024137292,0.23239066389667679,-0.029045961482947642,-366.773603648824,697.1883841780134,-331.0865546039099,-0.6717740747203834
6.26,0.016340078874041875,0.6030628184216416,0.0,-2.006320008667282,1.0,-0.0002928370247095777,-0.0002928370247095777,-1.2033447024137292,0.23239066389667679,-0.029045961482947642,-366.773603648824,697.1883841780134,-331.0865546039099,-0.6717740747203834
6.28,0.015712325475302425,0.5637704802718541,0.0,-2.006320008667282,1.0,-0.0002928370247095777,-0.0002928370247095777,-1.2033447024137292,0.23239066389667679,-0.029045961482947642,-366.773603648824,697.1883841780134,-331.0865546039099,-0.6717740747203834
6.3,0.015022538615672721,0.5222529558546501,0.0,-2.006320008667282,1.0,-0.0002928370247095777,-0.0002928370247095777,-1.2033447024137292,0.23239066389667679,-0.029045961482947642,-366.773603648824,697.1883841780134,-331.0865546039099,-0.6717740747203834
6.32,0.014273443756035214,0.4786745565478411,0.0,-2.006320008667282,1.0,-0.0002928370247095777,-0.0002928370247095777,-1.2033447024137292,0.23239066389667679,-0.029045961482947642,-366.773603648824,697.1883841780134,-331.0865546039099,-0.6717740747203834
6.34,0.013468001162372997,0.43320771933564184,0.0,-2.006320008667282,1.0,-0.0002928370247095777,-0.0002928370247095777,-1.2033447024137292,0.23239066389667679,-0.029045961482947642,-366.773603648824,697.1883841780134,-331.0865546039099,-0.6717740747203834
6.36,0.012609394083514639,0.38603231021556556,0.0,-2.006320008667282,1.0,-0.0002928370247095777,-0.0002928370247095777,-1.2033447024137292,0.23239066389667679,-0.029045961482947642,-366.773603648824,697.1883841780134,-331.0865546039099,-0.6717740747203834
6.38,0.011701016027447664,0.33733489913099757,0.0,-2.006320008667282,1.0,-0.0002928370247095777,-0.0002928370247095777,-1.2033447024137292,0.23239066389667679,-0.029045961482947642,-366.773603648824,697.1883841780134,-331.0865546039099,-0.6717740747203834
6.4,0.01074645719211324,0.28730800982764104,0.0,-2.006320008667282,1.0,-0.0002928370247095777,-0.0002928370247095777,-1.2033447024137292,0.23239066389667679,-0.029045961482947642,-366.773603648824,697.1883841780134,-331.0865546039099,-0.6717740747203834
6.42,0.00974949011050534,0.2361493480900178,0.0,-2.006320008667282,1.0,-0.0002928370247095777,-0.0002928370247095777,-1.2033447024137292,0.23239066389667679,-0.029045961482947642,-366.773603648824,697.1883841780134,-331.0865546039099,-0.6717740747203834
6.44,0.008714054573319606,0.18406101182430115,0.0,-2.006320008667282,1.0,-0.0002928370247095777,-0.0002928370247095777,-1.2033447024137292,0.23239066389667679,-0.029045961482947642,-366.773603648824,697.1883841780134,-331.0865546039099,-0.6717740747203834
6.46,0.007644241895365718,0.1312486864524565,0.0,-2.006320008667282,1.0,-0.0002928370247095777,-0.0002928370247095777,-1.2033447024137292,0.23239066389667679,-0.029045961482947642,-366.773603648824,697.1883841780134,-331.0865546039099,-0.6717740747203834
6.48,0.00654427859439342,0.07792082903729541,0.0,-2.006320008667282,1.0,-0.0002928370247095777,-0.0002928370247095777,-1.2033447024137292,0.23239066389667679,-0.029045961482947642,-366.773603648824,697.1883841780134,-331.0865546039099,-0.6717740747203834
6.5,0.005418509552947273,0.024287844509061837,0.0,-2.006320008667282,1.0,-0.0002928370247095777,-0.0002928370247095777,-1.2033447024137292,0.23239066389667679,-0.029045961482947642,-366.773603648824,697.1883841780134,-331.0865546039099,-0.6717740747203834
6.5200000000000005,0.004271380735298012,-0.029438742722131404,0.0,-2.006320008667282,1.0,-0.0002928370247095777,-0.0002928370247095777,-1.2033447024137292,0.23239066389667679,-0.029045961482947642,-366.773603648824,697.1883841780134,-331.0865546039099,-0.6717740747203834
6.54,0.003107421532480602,-0.08304711856551014,0.0,-2.006320008667282,1.0,-0.0002928370247095777,-0.0002928370247095777,-1.2033447024137292,0.23239066389667679,-0.029045961482947642,-366.773603648824,697.1883841780134,-331.0865546039099,-0.6717740747203834
6.5600000000000005,0.0019312268089593386,-0.1363260073684852,0.0,-2.006320008667282,1.0,-0.0002928370247095777,-0.0002928370247095777,-1.2033447024137292,0.23239066389667679,-0.029045961482947642,-366.773603648824,697.1883841780134,-331.0865546039099,-0.6717740747203834
6.58,0.0007474387245372943,-0.18906549536054407,0.0,-2.006320008667282,1.0,-0.0002928370247095777,-0.0002928370247095777,-1.2033447024137292,0.23239066389667679,-0.029045961482947642,-366.773603648824,697.1883841780134,-331.0865546039099,-0.6717740747203834
6.6000000000000005,-0.0004392715951970416,-0.2410578465458833,0.0,-2.006320008667282,1.0,-0.0002928370247095777,-0.0002928370247095777,-1.2033447024137292,0.23239066389667679,-0.029045961482947642,-366.773603648824,697.1883841780134,-331.0865546039099,-0.6717740747203834
6.62,-0.0016242224672275056,-0.29209830826570715,0.0,-2.006320008667282,1.0,-0.0002928370247095777,-0.0002928370247095777,-1.2033447024137292,0.23239066389667679,-0.029045961482947642,-366.773603648824,697.1883841780134,-331.0865546039099,-0.6717740747203834
6.640000000000001,-0.002802740066579163,-0.3419859037626122,0.0,-2.006320008667282,1.0,-0.0002928370247095777,-0.0002928370247095777,-1.2033447024137292,0.23239066389667679,-0.029045961482947642,-366.773603648824,697.1883841780134,-331.0865546039099,-0.6717740747203834
6.66,-0.003970176778384889,-0.3905242091642978,0.0,-2.006320008667282,1.0,-0.0002928370247095777,-0.0002928370247095777,-1.2033447024137292,0.23239066389667679,-0.029045961482947642,-366.773603648824,697.1883841780134,-331.0865546039099,-0.6717740747203834
6.68,-0.005121929417449347,-0.43752211239820565,0.0,-2.006320008667282,1.0,-0.0002928370247095777,-0.0002928370247095777,-1.2033447024137292,0.23239066389667679,-0.029045961482947642,-366.773603648824,697.1883841780134,-331.0865546039099,-0.6717740747203834
6.7,-0.006253457247746558,-0.48279455161465135,0.0,-2.006320008667282,1.0,-0.0002928370247095777,-0.0002928370247095777,-1.2033447024137292,0.23239066389667679,-0.029045961482947642,-366.773603648824,697.1883841780134,-331.0865546039099,-0.6717740747203834
6.72,-0.007360299735958793,-0.5261632307656516,0.0,-2.006320008667282,1.0,-0.0002928370247095777,-0.0002928370247095777,-1.2033447024137292,0.23239066389667679,-0.029045961482947642,-366.773603648824,697.1883841780134,-331.0865546039099,-0.6717740747203834
6.74,-0.00843809397490176,-0.567457310038404,0.0,-2.006320008667282,1.0,-0.0002928370247095777,-0.0002928370247095777,-1.2033447024137292,0.23239066389667679,-0.029045961482947642,-366.773603648824,697.1883841780134,-331.0865546039099,-0.6717740747203834
6.76,-0.00948259171445344,-0.606514068882628,0.0,-2.006320008667282,1.0,-0.0002928370247095777,-0.0002928370247095777,-1.2033447024137292,0.23239066389667679,-0.029045961482947642,-366.773603648824,697.1883841780134,-331.0865546039099,-0.6717740747203834
6.78,-0.010489675939417638,-0.6431795394142151,0.0,-2.006320008667282,1.0,-0.0002928370247095777,-0.0002928370247095777,-1.2033447024137292,0.23239066389667679,-0.029045961482947642,-366.773603648824,697.1883841780134,-331.0865546039099,-0.6717740747203834
6.8,-0.011455376935544775,-0.6773091080010663,0.0,-2.006320008667282,1.0,-0.0002928370247095777,-0.0002928370247095777,-1.2033447024137292,0.23239066389667679,-0.029045961482947642,-366.773603648824,697.1883841780134,-331.0865546039099,-0.6717740747203834
6.82,-0.012375887786747673,-0.7087680828737396,0.0,-2.006320008667282,1.0,-0.0002928370247095777,-0.0002928370247095777,-1.2033447024137292,0.23239066389667679,-0.029045961482947642,-366.773603648824,697.1883841780134,-331.0865546039099,-0.6717740747203834
6.84,-0.01324757924833746,-0.7374322256265655,0.0,-2.006320008667282,1.0,-0.0002928370247095777,-0.0002928370247095777,-1.2033447024137292,0.23239066389667679,-0.029045961482947642,-366.773603648824,697.1883841780134,-331.0865546039099,-0.6717740747203834
6.86,-0.014067013942922608,-0.7631882445164356,0.0,-2.006320008667282,1.0,-0.0002928370247095777,-0.0002928370247095777,-1.2033447024137292,0.23239066389667679,-0.029045961482947642,-366.773603648824,697.1883841780134,-331.0865546039099,-0.6717740747203834
6.88,-0.014830959827432363,-0.7859342475034332,0.0,-2.006320008667282,1.0,-0.0002928370247095777,-0.0002928370247095777,-1.2033447024137292,0.23239066389667679,-0.029045961482947642,-366.773603648824,697.1883841780134,-331.0865546039099,-0.6717740747203834
6.9,-0.0155364028816103,-0.8055801530382906,0.0,-2.006320008667282,1.0,-0.0002928370247095777,-0.0002928370247095777,-1.2033447024137292,0.23239066389667679,-0.029045961482947642,-366.773603648824,697.1883841780134,-331.0865546039099,-0.6717740747203834
6.92,-0.016180558970261646,-0.8220480566665059,0.0,-2.006320008667282,1.0,-0.0002928370247095777,-0.0002928370247095777,-1.2033447024137292,0.23239066389667679,-0.029045961482947642,-366.773603648824,697.1883841780134,-331.0865546039099,-0.6717740747203834
6.94,-0.016760884833599676,-0.8352725516128072,0.0,-2.006320008667282,1.0,-0.0002928370247095777,-0.0002928370247095777,-1.2033447024137292,0.23239066389667679,-0.029045961482947642,-366.773603648824,697.1883841780134,-331.0865546039099,-0.6717740747203834
6.96,-0.017275088162221026,-0.8452010016148782,0.0,-2.006320008667282,1.0,-0.0002928370247095777,-0.0002928370247095777,-1.2033447024137292,0.23239066389667679,-0.029045961482947642,-366.773603648824,697.1883841780134,-331.0865546039099,-0.6717740747203834
6.98,-0.017721136715613022,-0.8517937644118507,0.0,-2.006320008667282,1.0,-0.0002928370247095777,-0.0002928370247095777,-1.2033447024137292,0.23239066389667679,-0.029045961482947642,-366.773603648824,697.1883841780134,-331.0865546039099,-0.6717740747203834
7.0,-0.01809726644566758,-0.8550243644476229,0.0,-2.006320008667282,1.0,-0.0002928370247095777,-0.0002928370247095777,-1.2033447024137292,0.23239066389667679,-0.029045961482947642,-366.773603648824,697.1883841780134,-331.0865546039099,-0.6717740747203834
7.0200000000000005,-0.018401988589497396,-0.8548796135339516,0.0,-2.006320008667282,1.0,-0.0002928370247095777,-0.0002928370247095777,-1.2033447024137292,0.23239066389667679,-0.029045961482947642,-366.773603648824,697.1883841780134,-331.0865546039099,-0.6717740747203834
7.04,-0.018634095698934088,-0.8513596784244848,0.0,-2.006320008667282,1.0,-0.0002928370247095777,-0.0002928370247095777,-1.2033447024137292,0.23239066389667679,-0.029045961482947642,-366.773603648824,697.1883841780134,-331.0865546039099,-0.6717740747203834
7.0600000000000005,-0.018792666577468024,-0.8444780944841893,0.0,-2.006320008667282,1.0,-0.0002928370247095777,-0.0002928370247095777,-1.2033447024137292,0.23239066389667679,-0.029045961482947642,-366.773603648824,697.1883841780134,-331.0865546039099,-0.6717740747203834
7.08,-0.01887707009907396,-0.8342617248926817,0.0,-2.006320008667282,1.0,-0.0002928370247095777,-0.0002928370247095777,-1.2033447024137292,0.23239066389667679,-0.029045961482947642,-366.773603648824,697.1883841780134,-331.0865546039099,-0.6717740747203834
7.1000000000000005,-0.01888696788736718,-0.82075066509517,0.0,-2.006320008667282,1.0,-0.0002928370247095777,-0.0002928370247095777,-1.2033447024137292,0.23239066389667679,-0.029045961482947642,-366.773603648824,697.1883841780134,-331.0865546039099,-0.6717740747203834
7.12,-0.018822315837849816,-0.803998092506847,0.0,-2.006320008667282,1.0,-0.0002928370247095777,-0.0002928370247095777,-1.2033447024137292,0.23239066389667679,-0.029045961482947642,-366.773603648824,697.1883841780134,-331.0865546039099,-0.6717740747203834
7.140000000000001,-0.01868336447062311,-0.784070061780868,0.0,-2.006320008667282,1.0,-0.0002928370247095777,-0.0002928370247095777,-1.2033447024137292,0.23239066389667679,-0.029045961482947642,-366.773603648824,697.1883841780134,-331.0865546039099,-0.6717740747203834
7.16,-0.018470658105846176,-0.7610452462655775,0.0,-2.006320008667282,1.0,-0.0002928370247095777,-0.0002928370247095777,-1.2033447024137292,0.23239066389667679,-0.029045961482947642,-366.773603648824,697.1883841780134,-331.0865546039099,-0.6717740747203834
7.18,-0.01818503285937414,-0.7350146265926081,0.0,-2.006320008667282,1.0,-0.0002928370247095777,-0.0002928370247095777,-1.2033447024137292,0.23239066389667679,-0.029045961482947642,-366.773603648824,697.1883841780134,-331.0865546039099,-0.6717740747203834
7.2,-0.01782761346138613,-0.706081127657303,0.0,-2.006320008667282,1.0,-0.0002928370247095777,-0.0002928370247095777,-1.2033447024137292,0.23239066389667679,-0.029045961482947642,-366.773603648824,697.1883841780134,-331.0865546039099,-0.6717740747203834
7.22,-0.017399808906354494,-0.674359205562532,0.0,-2.006320008667282,1.0,-0.0002928370247095777,-0.0002928370247095777,-1.2033447024137292,0.23239066389667679,-0.029045961482947642,-366.773603648824,697.1883841780134,-331.0865546039099,-0.6717740747203834
7.24,-0.01690330694836544,-0.6399743863971415,0.0,-2.006320008667282,1.0,-0.0002928370247095777,-0.0002928370247095777,-1.2033447024137292,0.23239066389667679,-0.029045961482947642,-366.773603648824,697.1883841780134,-331.0865546039099,-0.6717740747203834
7.26,-0.016340067461525304,-0.6030627590077084,0.0,-2.006320008667282,1.0,-0.0002928370247095777,-0.0002928370247095777,-1.2033447024137292,0.23239066389667679,-0.029045961482947642,-366.773603648824,697.1883841780134,-331.0865546039099,-0.6717740747203834
7.28,-0.015712314690889226,-0.5637704241815585,0.0,-2.006320008667282,1.0,-0.0002928370247095777,-0.0002928370247095777,-1.2033447024137292,0.23239066389667679,-0.029045961482947642,-366.773603648824,697.1883841780134,-331.0865546039099,-0.6717740747203834
7.3,-0.01502252842499916,-0.5222529029048041,0.0,-2.006320008667282,1.0,-0.0002928370247095777,-0.0002928370247095777,-1.2033447024137292,0.23239066389667679,-0.029045961482947642,-366.773603648824,697.1883841780134,-331.0865546039099,-0.6717740747203834
7.32,-0.014273434126606567,-0.478674506564829,0.0,-2.006320008667282,1.0,-0.0002928370247095777,-0.0002928370247095777,-1.2033447024137292,0.23239066389667679,-0.029045961482947642,-366.773603648824,697.1883841780134,-331.0865546039099,-0.6717740747203834
7.34,-0.013467992063461533,-0.4332076721549548,0.0,-2.006320008667282,1.0,-0.0002928370247095777,-0.0002928370247095777,-1.2033447024137292,0.23239066389667679,-0.029045961482947642,-366.773603648824,697.1883841780134,-331.0865546039099,-0.6717740747203834
7.36,-0.012609385486063256,-0.38603226568134424,0.0,-2.006320008667282,1.0,-0.0002928370247095777,-0.0002928370247095777,-1.2033447024137292,0.23239066389667679,-0.029045961482947642,-366.773603648824,697.1883841780134,-331.0865546039099,-0.6717740747203834
7.38,-0.01170100790397896,-0.3373348570956246,0.0,-2.006320008667282,1.0,-0.0002928370247095777,-0.0002928370247095777,-1.2033447024137292,0.23239066389667679,-0.029045961482947642,-366.773603648824,697.1883841780134,-331.0865546039099,-0.6717740747203834
7.4,-0.010746449516643601,-0.2873079701513293,0.0,-2.006320008667282,1.0,-0.0002928370247095777,-0.0002928370247095777,-1.2033447024137292,0.23239066389667679,-0.029045961482947642,-366.773603648824,697.1883841780134,-331.0865546039099,-0.6717740747203834
7.42,-0.009749482858463847,-0.23614931064044536,0.0,-2.006320008667282,1.0,-0.0002928370247095777,-0.0002928370247095777,-1.2033447024137292,0.23239066389667679,-0.029045961482947642,-366.773603648824,697.1883841780134,-331.0865546039099,-0.6717740747203834
7.44,-0.008714047721471498,-0.18406097647627437,0.0,-2.006320008667282,1.0,-0.0002928370247095777,-0.0002928370247095777,-1.2033447024137292,0.23239066389667679,-0.029045961482947642,-366.773603648824,697.1883841780134,-331.0865546039099,-0.6717740747203834
7.46,-0.0076442354217400015,-0.13124865308753655,0.0,-2.006320008667282,1.0,-0.0002928370247095777,-0.0002928370247095777,-1.2033447024137292,0.23239066389667679,-0.029045961482947642,-366.773603648824,697.1883841780134,-331.0865546039099,-0.6717740747203834
7.48,-0.006544272478214545,-0.07792079754349204,0.0,-2.006320008667282,1.0,-0.0002928370247095777,-0.0002928370247095777,-1.2033447024137292,0.23239066389667679,-0.029045961482947642,-366.773603648824,697.1883841780134,-331.0865546039099,-0.6717740747203834
7.5,-0.005418503774570574,-0.0242878147805264,0.0,-2.006320008667282,1.0,-0.0002928370247095777,-0.0002928370247095777,-1.2033447024137292,0.23239066389667679,-0.029045961482947642,-366.773603648824,697.1883841780134,-331.0865546039099,-0.6717740747203834
7.5200000000000005,-0.004271375276148675,0.02943877078540886,0.0,-2.006320008667282,1.0,-0.0002928370247095777,-0.0002928370247095777,-1.2033447024137292,0.23239066389667679,-0.029045961482947642,-366.773603648824,697.1883841780134,-331.0865546039099,-0.6717740747203834
7.54,-0.003107416374996015,0.08304714505797545,0.0,-2.006320008667282,1.0,-0.0002928370247095777,-0.0002928370247095777,-1.2033447024137292,0.23239066389667679,-0.029045961482947642,-366.773603648824,697.1883841780134,-331.0865546039099,-0.6717740747203834
7.5600000000000005,-0.0019312219365345625,0.13632603237929602,0.0,-2.006320008667282,1.0,-0.0002928370247095777,-0.0002928370247095777,-1.2033447024137292,0.23239066389667679,-0.029045961482947642,-366.773603648824,697.1883841780134,-331.0865546039099,-0.6717740747203834
7.58,-0.0007474341214735091,0.1890655189738319,0.0,-2.006320008667282,1.0,-0.0002928370247095777,-0.0002928370247095777,-1.2033447024137292,0.23239066389667679,-0.029045961482947642,-366.773603648824,697.1883841780134,-331.0865546039099,-0.6717740747203834
7.6000000000000005,0.0004392759437413475,0.24105786884102318,0.0,-2.006320008667282,1.0,-0.0002928370247095777,-0.0002928370247095777,-1.2033447024137292,0.23239066389667679,-0.029045961482947642,-366.773603648824,697.1883841780134,-331.0865546039099,-0.6717740747203834
7.62,0.0016242265752826378,0.29209832931753693,0.0,-2.006320008667282,1.0,-0.0002928370247095777,-0.0002928370247095777,-1.2033447024137292,0.23239066389667679,-0.029045961482947642,-366.773603648824,697.1883841780134,-331.0865546039099,-0.6717740747203834
7.640000000000001,0.002802743947407871,0.3419859236416706,0.0,-2.006320008667282,1.0,-0.0002928370247095777,-0.0002928370247095777,-1.2033447024137292,0.23239066389667679,-0.029045961482947642,-366.773603648824,697.1883841780134,-331.0865546039099,-0.6717740747203834
7.66,0.00397018044452371,0.3905242279370631,0.0,-2.006320008667282,1.0,-0.0002928370247095777,-0.0002928370247095777,-1.2033447024137292,0.23239066389667679,-0.029045961482947642,-366.773603648824,697.1883841780134,-331.0865546039099,-0.6717740747203834
7.68,0.005121932880747751,0.4375221301273177,0.0,-2.006320008667282,1.0,-0.0002928370247095777,-0.0002928370247095777,-1.2033447024137292,0.23239066389667679,-0.029045961482947642,-366.773603648824,697.1883841780134,-331.0865546039099,-0.6717740747203834
7.7,0.006253460519403941,0.48279456835909573,0.0,-2.006320008667282,1.0,-0.0002928370247095777,-0.0002928370247095777,-1.2033447024137292,0.23239066389667679,-0.029045961482947642,-366.773603648824,697.1883841780134,-331.0865546039099,-0.6717740747203834
7.72,0.00736030282655958,0.526163246580984,0.0,-2.006320008667282,1.0,-0.0002928370247095777,-0.0002928370247095777,-1.2033447024137292,0.23239066389667679,-0.029045961482947642,-366.773603648824,697.1883841780134,-331.0865546039099,-0.6717740747203834
7.74,0.008438096894448636,0.567457324976937,0.0,-2.006320008667282,1.0,-0.0002928370247095777,-0.0002928370247095777,-1.2033447024137292,0.23239066389667679,-0.029045961482947642,-366.773603648824,697.1883841780134,-331.0865546039099,-0.6717740747203834
7.76,0.009482594472398811,0.6065140829936173,0.0,-2.006320008667282,1.0,-0.0002928370247095777,-0.0002928370247095777,-1.2033447024137292,0.23239066389667679,-0.029045961482947642,-366.773603648824,697.1883841780134,-331.0865546039099,-0.6717740747203834
7.78,0.010489678544693432,0.6431795527440256,0.0,-2.006320008667282,1.0,-0.0002928370247095777,-0.0002928370247095777,-1.2033447024137292,0.23239066389667679,-0.029045961482947642,-366.773603648824,697.1883841780134,-331.0865546039099,-0.6717740747203834
7.8,0.011455379396590703,0.677309120593359,0.0,-2.006320008667282,1.0,-0.0002928370247095777,-0.0002928370247095777,-1.2033447024137292,0.23239066389667679,-0.029045961482947642,-366.773603648824,697.1883841780134,-331.0865546039099,-0.6717740747203834
7.82,0.012375890111537974,0.7087680947696208,0.0,-2.006320008667282,1.0,-0.0002928370247095777,-0.0002928370247095777,-1.2033447024137292,0.23239066389667679,-0.029045961482947642,-366.773603648824,697.1883841780134,-331.0865546039099,-0.6717740747203834
7.84,0.013247581444406253,0.7374322368647461,0.0,-2.006320008667282,1.0,-0.0002928370247095777,-0.0002928370247095777,-1.2033447024137292,0.23239066389667679,-0.029045961482947642,-366.773603648824,697.1883841780134,-331.0865546039099,-0.6717740747203834
7.86,0.014067016017387909,0.7631882551333778,0.0,-2.006320008667282,1.0,-0.0002928370247095777,-0.0002928370247095777,-1.2033447024137292,0.23239066389667679,-0.029045961482947642,-366.773603648824,697.1883841780134,-331.0865546039099,-0.6717740747203834
7.88,0.014830961787018836,0.7859342575334848,0.0,-2.006320008667282,1.0,-0.0002928370247095777,-0.0002928370247095777,-1.2033447024137292,0.23239066389667679,-0.029045961482947642,-366.773603648824,697.1883841780134,-331.0865546039099,-0.6717740747203834
7.9,0.015536404732670773,0.8055801625138089,0.0,-2.006320008667282,1.0,-0.0002928370247095777,-0.0002928370247095777,-1.2033447024137292,0.23239066389667679,-0.029045961482947642,-366.773603648824,697.1883841780134,-331.0865546039099,-0.6717740747203834
7.92,0.016180560718797546,0.8220480656179946,0.0,-2.006320008667282,1.0,-0.0002928370247095777,-0.0002928370247095777,-1.2033447024137292,0.23239066389667679,-0.029045961482947642,-366.773603648824,697.1883841780134,-331.0865546039099,-0.6717740747203834
7.94,0.01676088648528035,0.8352725600690338,0.0,-2.006320008667282,1.0,-0.0002928370247095777,-0.0002928370247095777,-1.2033447024137292,0.23239066389667679,-0.029045961482947642,-366.773603648824,697.1883841780134,-331.0865546039099,-0.6717740747203834
7.96,0.017275089722402028,0.8452010096029727,0.0,-2.006320008667282,1.0,-0.0002928370247095777,-0.0002928370247095777,-1.2033447024137292,0.23239066389667679,-0.029045961482947642,-366.773603648824,697.1883841780134,-331.0865546039099,-0.6717740747203834
7.98,0.017721138189353426,0.8517937719574109,0.0,-2.006320008667282,1.0,-0.0002928370247095777,-0.0002928370247095777,-1.2033447024137292,0.23239066389667679,-0.029045961482947642,-366.773603648824,697.1883841780134,-331.0865546039099,-0.6717740747203834
8.0,0.018097267837746376,0.8550243715748107,0.0,-2.006320008667282,1.0,-0.0002928370247095777,-0.0002928370247095777,-1.2033447024137292,0.23239066389667679,-0.029045961482947642,-366.773603648824,697.1883841780134,-331.0865546039099,-0.6717740747203834
8.02,0.018401989904428984,0.8548796202655826,0.0,-2.006320008667282,1.0,-0.0002928370247095777,-0.0002928370247095777,-1.2033447024137292,0.23239066389667679,-0.029045961482947642,-366.773603648824,697.1883841780134,-331.0865546039099,-0.6717740747203834
8.040000000000001,0.018634096940982947,0.8513596847821127,0.0,-2.006320008667282,1.0,-0.0002928370247095777,-0.0002928370247095777,-1.2033447024137292,0.23239066389667679,-0.029045961482947642,-366.773603648824,697.1883841780134,-331.0865546039099,-0.6717740747203834
8.06,0.018792667750662653,0.8444781004882072,0.0,-2.006320008667282,1.0,-0.0002928370247095777,-0.0002928370247095777,-1.2033447024137292,0.23239066389667679,-0.029045961482947642,-366.773603648824,697.1883841780134,-331.0865546039099,-0.6717740747203834
8.08,0.018877071207219858,0.8342617305623328,0.0,-2.006320008667282,1.0,-0.0002928370247095777,-0.0002928370247095777,-1.2033447024137292,0.23239066389667679,-0.029045961482947642,-366.773603648824,697.1883841780134,-331.0865546039099,-0.6717740747203834
8.1,0.0188869689340594,0.8207506704486965,0.0,-2.006320008667282,1.0,-0.0002928370247095777,-0.0002928370247095777,-1.2033447024137292,0.23239066389667679,-0.029045961482947642,-366.773603648824,697.1883841780134,-331.0865546039099,-0.6717740747203834
8.120000000000001,0.01882231682648431,0.8039980975613888,0.0,-2.006320008667282,1.0,-0.0002928370247095777,-0.0002928370247095777,-1.2033447024137292,0.23239066389667679,-0.029045961482947642,-366.773603648824,697.1883841780134,-331.0865546039099,-0.6717740747203834
8.14,0.018683365404408573,0.784070066552889,0.0,-2.006320008667282,1.0,-0.0002928370247095777,-0.0002928370247095777,-1.2033447024137292,0.23239066389667679,-0.029045961482947642,-366.773603648824,697.1883841780134,-331.0865546039099,-0.6717740747203834
8.16,0.018470658987813682,0.7610452507704456,0.0,-2.006320008667282,1.0,-0.0002928370247095777,-0.0002928370247095777,-1.2033447024137292,0.23239066389667679,-0.029045961482947642,-366.773603648824,697.1883841780134,-331.0865546039099,-0.6717740747203834
8.18,0.018185033692387418,0.7350146308449508,0.0,-2.006320008667282,1.0,-0.0002928370247095777,-0.0002928370247095777,-1.2033447024137292,0.23239066389667679,-0.029045961482947642,-366.773603648824,697.1883841780134,-331.0865546039099,-0.6717740747203834
8.2,0.01782761424815095,0.7060811316710259,0.0,-2.006320008667282,1.0,-0.0002928370247095777,-0.0002928370247095777,-1.2033447024137292,0.23239066389667679,-0.029045961482947642,-366.773603648824,697.1883841780134,-331.0865546039099,-0.6717740747203834
8.22,0.017399809649426737,0.6743592093505539,0.0,-2.006320008667282,1.0,-0.0002928370247095777,-0.0002928370247095777,-1.2033447024137292,0.23239066389667679,-0.029045961482947642,-366.773603648824,697.1883841780134,-331.0865546039099,-0.6717740747203834
8.24,0.01690330765016095,0.6399743899721847,0.0,-2.006320008667282,1.0,-0.0002928370247095777,-0.0002928370247095777,-1.2033447024137292,0.23239066389667679,-0.029045961482947642,-366.773603648824,697.1883841780134,-331.0865546039099,-0.6717740747203834
8.26,0.01634006812432611,0.6030627623813942,0.0,-2.006320008667282,1.0,-0.0002928370247095777,-0.0002928370247095777,-1.2033447024137292,0.23239066389667679,-0.029045961482947642,-366.773603648824,697.1883841780134,-331.0865546039099,-0.6717740747203834
8.28,0.015712315316851935,0.5637704273651164,0.0,-2.006320008667282,1.0,-0.0002928370247095777,-0.0002928370247095777,-1.2033447024137292,0.23239066389667679,-0.029045961482947642,-366.773603648824,697.1883841780134,-331.0865546039099,-0.6717740747203834
8.3,0.0150225290161608,0.5222529059085378,0.0,-2.006320008667282,1.0,-0.0002928370247095777,-0.0002928370247095777,-1.2033447024137292,0.23239066389667679,-0.029045961482947642,-366.773603648824,697.1883841780134,-331.0865546039099,-0.6717740747203834
8.32,0.014273434684893224,0.4786745093991346,0.0,-2.006320008667282,1.0,-0.0002928370247095777,-0.0002928370247095777,-1.2033447024137292,0.23239066389667679,-0.029045961482947642,-366.773603648824,697.1883841780134,-331.0865546039099,-0.6717740747203834
8.34,0.013467992590692479,0.43320767482912526,0.0,-2.006320008667282,1.0,-0.0002928370247095777,-0.0002928370247095777,-1.2033447024137292,0.23239066389667679,-0.029045961482947642,-366.773603648824,697.1883841780134,-331.0865546039099,-0.6717740747203834
8.36,0.012609385983958027,0.3860322682044467,0.0,-2.006320008667282,1.0,-0.0002928370247095777,-0.0002928370247095777,-1.2033447024137292,0.23239066389667679,-0.029045961482947642,-366.773603648824,697.1883841780134,-331.0865546039099,-0.6717740747203834
8.38,0.01170100837416152,0.33733485947583824,0.0,-2.006320008667282,1.0,-0.0002928370247095777,-0.0002928370247095777,-1.2033447024137292,0.23239066389667679,-0.029045961482947642,-366.773603648824,697.1883841780134,-331.0865546039099,-0.6717740747203834
8.4,0.010746449960650016,0.28730797239715405,0.0,-2.006320008667282,1.0,-0.0002928370247095777,-0.0002928370247095777,-1.2033447024137292,0.23239066389667679,-0.029045961482947642,-366.773603648824,697.1883841780134,-331.0865546039099,-0.6717740747203834
8.42,0.009749483277744735,0.23614931275926382,0.0,-2.006320008667282,1.0,-0.0002928370247095777,-0.0002928370247095777,-1.2033447024137292,0.23239066389667679,-0.029045961482947642,-366.773603648824,697.1883841780134,-331.0865546039099,-0.6717740747203834
8.44,0.008714048117398112,0.18406097847539116,0.0,-2.006320008667282,1.0,-0.0002928370247095777,-0.0002928370247095777,-1.2033447024137292,0.23239066389667679,-0.029045961482947642,-366.773603648824,697.1883841780134,-331.0865546039099,-0.6717740747203834
8.46,0.007644235795607074,0.13124865497340282,0.0,-2.006320008667282,1.0,-0.0002928370247095777,-0.0002928370247095777,-1.2033447024137292,0.23239066389667679,-0.029045961482947642,-366.773603648824,697.1883841780134,-331.0865546039099,-0.6717740747203834
8.48,0.006544272831247114,0.07792079932303167,0.0,-2.006320008667282,1.0,-0.0002928370247095777,-0.0002928370247095777,-1.2033447024137292,0.23239066389667679,-0.029045961482947642,-366.773603648824,697.1883841780134,-331.0865546039099,-0.6717740747203834
8.5,0.005418504107925213,0.024287816459571385,0.0,-2.006320008667282,1.0,-0.0002928370247095777,-0.0002928370247095777,-1.2033447024137292,0.23239066389667679,-0.029045961482947642,-366.773603648824,697.1883841780134,-331.0865546039099,-0.6717740747203834
8.52,0.0042713755909186985,-0.029438769201019836,0.0,-2.006320008667282,1.0,-0.0002928370247095777,-0.0002928370247095777,-1.2033447024137292,0.23239066389667679,-0.029045961482947642,-366.773603648824,697.1883841780134,-331.0865546039099,-0.6717740747203834
8.540000000000001,0.003107416672213411,-0.08304714356318507,0.0,-2.006320008667282,1.0,-0.0002928370247095777,-0.0002928370247095777,-1.2033447024137292,0.23239066389667679,-0.029045961482947642,-366.773603648824,697.1883841780134,-331.0865546039099,-0.6717740747203834
8.56,0.0019312222171760218,-0.13632603096849,0.0,-2.006320008667282,1.0,-0.0002928370247095777,-0.0002928370247095777,-1.2033447024137292,0.23239066389667679,-0.029045961482947642,-366.773603648824,697.1883841780134,-331.0865546039099,-0.6717740747203834
8.58,0.0007474343864607956,-0.18906551764244142,0.0,-2.006320008667282,1.0,-0.0002928370247095777,-0.0002928370247095777,-1.2033447024137292,0.23239066389667679,-0.029045961482947642,-366.773603648824,697.1883841780134,-331.0865546039099,-0.6717740747203834
8.6,-0.00043927569353687836,-0.2410578675843914,0.0,-2.006320008667282,1.0,-0.0002928370247095777,-0.0002928370247095777,-1.2033447024137292,0.23239066389667679,-0.029045961482947642,-366.773603648824,697.1883841780134,-331.0865546039099,-0.6717740747203834
8.620000000000001,-0.0016242263390388485,-0.2920983281317362,0.0,-2.006320008667282,1.0,-0.0002928370247095777,-0.0002928370247095777,-1.2033447024137292,0.23239066389667679,-0.029045961482947642,-366.773603648824,697.1883841780134,-331.0865546039099,-0.6717740747203834
8.64,-0.0028027437243465366,-0.3419859225221825,0.0,-2.006320008667282,1.0,-0.0002928370247095777,-0.0002928370247095777,-1.2033447024137292,0.23239066389667679,-0.029045961482947642,-366.773603648824,697.1883841780134,-331.0865546039099,-0.6717740747203834
8.66,-0.00397018023391065,-0.39052422688031985,0.0,-2.006320008667282,1.0,-0.0002928370247095777,-0.0002928370247095777,-1.2033447024137292,0.23239066389667679,-0.029045961482947642,-366.773603648824,697.1883841780134,-331.0865546039099,-0.6717740747203834
8.68,-0.005121932681889283,-0.43752212912974087,0.0,-2.006320008667282,1.0,-0.0002928370247095777,-0.0002928370247095777,-1.2033447024137292,0.23239066389667679,-0.029045961482947642,-366.773603648824,697.1883841780134,-331.0865546039099,-0.6717740747203834
8.700000000000001,-0.00625346033164506,-0.48279456741738785,0.0,-2.006320008667282,1.0,-0.0002928370247095777,-0.0002928370247095777,-1.2033447024137292,0.23239066389667679,-0.029045961482947642,-366.773603648824,697.1883841780134,-331.0865546039099,-0.6717740747203834
8.72,-0.007360302649281166,-0.5261632456918208,0.0,-2.006320008667282,1.0,-0.0002928370247095777,-0.0002928370247095777,-1.2033447024137292,0.23239066389667679,-0.029045961482947642,-366.773603648824,697.1883841780134,-331.0865546039099,-0.6717740747203834
8.74,-0.008438096727065946,-0.5674573241372941,0.0,-2.006320008667282,1.0,-0.0002928370247095777,-0.0002928370247095777,-1.2033447024137292,0.23239066389667679,-0.029045961482947642,-366.773603648824,697.1883841780134,-331.0865546039099,-0.6717740747203834
8.76,-0.009482594314360078,-0.6065140822008495,0.0,-2.006320008667282,1.0,-0.0002928370247095777,-0.0002928370247095777,-1.2033447024137292,0.23239066389667679,-0.029045961482947642,-366.773603648824,697.1883841780134,-331.0865546039099,-0.6717740747203834
8.78,-0.010489678395477198,-0.6431795519953863,0.0,-2.006320008667282,1.0,-0.0002928370247095777,-0.0002928370247095777,-1.2033447024137292,0.23239066389667679,-0.029045961482947642,-366.773603648824,697.1883841780134,-331.0865546039099,-0.6717740747203834
8.8,-0.011455379255705282,-0.6773091198866024,0.0,-2.006320008667282,1.0,-0.0002928370247095777,-0.0002928370247095777,-1.2033447024137292,0.23239066389667679,-0.029045961482947642,-366.773603648824,697.1883841780134,-331.0865546039099,-0.6717740747203834
8.82,-0.012375889978517981,-0.7087680941020689,0.0,-2.006320008667282,1.0,-0.0002928370247095777,-0.0002928370247095777,-1.2033447024137292,0.23239066389667679,-0.029045961482947642,-366.773603648824,697.1883841780134,-331.0865546039099,-0.6717740747203834
8.84,-0.013247581318812904,-0.7374322362343498,0.0,-2.006320008667282,1.0,-0.0002928370247095777,-0.0002928370247095777,-1.2033447024137292,0.23239066389667679,-0.029045961482947642,-366.773603648824,697.1883841780134,-331.0865546039099,-0.6717740747203834
8.86,-0.014067015898806642,-0.7631882545380119,0.0,-2.006320008667282,1.0,-0.0002928370247095777,-0.0002928370247095777,-1.2033447024137292,0.23239066389667679,-0.029045961482947642,-366.773603648824,697.1883841780134,-331.0865546039099,-0.6717740747203834
8.88,-0.014830961675058747,-0.7859342569713694,0.0,-2.006320008667282,1.0,-0.0002928370247095777,-0.0002928370247095777,-1.2033447024137292,0.23239066389667679,-0.029045961482947642,-366.773603648824,697.1883841780134,-331.0865546039099,-0.6717740747203834
8.9,-0.01553640462696205,-0.8055801619828784,0.0,-2.006320008667282,1.0,-0.0002928370247095777,-0.0002928370247095777,-1.2033447024137292,0.23239066389667679,-0.029045961482947642,-366.773603648824,697.1883841780134,-331.0865546039099,-0.6717740747203834
8.92,-0.01618056061899147,-0.8220480651166193,0.0,-2.006320008667282,1.0,-0.0002928370247095777,-0.0002928370247095777,-1.2033447024137292,0.23239066389667679,-0.029045961482947642,-366.773603648824,697.1883841780134,-331.0865546039099,-0.6717740747203834
8.94,-0.016760886391047523,-0.8352725595955488,0.0,-2.006320008667282,1.0,-0.0002928370247095777,-0.0002928370247095777,-1.2033447024137292,0.23239066389667679,-0.029045961482947642,-366.773603648824,697.1883841780134,-331.0865546039099,-0.6717740747203834
8.96,-0.017275089633431738,-0.8452010091559294,0.0,-2.006320008667282,1.0,-0.0002928370247095777,-0.0002928370247095777,-1.2033447024137292,0.23239066389667679,-0.029045961482947642,-366.773603648824,697.1883841780134,-331.0865546039099,-0.6717740747203834
8.98,-0.017721138105351978,-0.8517937715352505,0.0,-2.006320008667282,1.0,-0.0002928370247095777,-0.0002928370247095777,-1.2033447024137292,0.23239066389667679,-0.029045961482947642,-366.773603648824,697.1883841780134,-331.0865546039099,-0.6717740747203834
9.0,-0.018097267758436668,-0.8550243711762021,0.0,-2.006320008667282,1.0,-0.0002928370247095777,-0.0002928370247095777,-1.2033447024137292,0.23239066389667679,-0.029045961482947642,-366.773603648824,697.1883841780134,-331.0865546039099,-0.6717740747203834
9.02,-0.018401989829549385,-0.8548796198892367,0.0,-2.006320008667282,1.0,-0.0002928370247095777,-0.0002928370247095777,-1.2033447024137292,0.23239066389667679,-0.029045961482947642,-366.773603648824,697.1883841780134,-331.0865546039099,-0.6717740747203834
9.040000000000001,-0.01863409687028644,-0.8513596844268055,0.0,-2.006320008667282,1.0,-0.0002928370247095777,-0.0002928370247095777,-1.2033447024137292,0.23239066389667679,-0.029045961482947642,-366.773603648824,697.1883841780134,-331.0865546039099,-0.6717740747203834
9.06,-0.018792667683916024,-0.8444781001527861,0.0,-2.006320008667282,1.0,-0.0002928370247095777,-0.0002928370247095777,-1.2033447024137292,0.23239066389667679,-0.029045961482947642,-366.773603648824,697.1883841780134,-331.0865546039099,-0.6717740747203834
9.08,-0.018877071144202923,-0.8342617302457072,0.0,-2.006320008667282,1.0,-0.0002928370247095777,-0.0002928370247095777,-1.2033447024137292,0.23239066389667679,-0.029045961482947642,-366.773603648824,697.1883841780134,-331.0865546039099,-0.6717740747203834
9.1,-0.018886968874564265,-0.820750670149836,0.0,-2.006320008667282,1.0,-0.0002928370247095777,-0.0002928370247095777,-1.2033447024137292,0.23239066389667679,-0.029045961482947642,-366.773603648824,697.1883841780134,-331.0865546039099,-0.6717740747203834
9.120000000000001,-0.01882231677031469,-0.8039980972793171,0.0,-2.006320008667282,1.0,-0.0002928370247095777,-0.0002928370247095777,-1.2033447024137292,0.23239066389667679,-0.029045961482947642,-366.773603648824,697.1883841780134,-331.0865546039099,-0.6717740747203834
9.14,-0.018683365351379138,-0.7840700662866853,0.0,-2.006320008667282,1.0,-0.0002928370247095777,-0.0002928370247095777,-1.2033447024137292,0.23239066389667679,-0.029045961482947642,-366.773603648824,697.1883841780134,-331.0865546039099,-0.6717740747203834
9.16,-0.018470658937749428,-0.7610452505192316,0.0,-2.006320008667282,1.0,-0.0002928370247095777,-0.0002928370247095777,-1.2033447024137292,0.23239066389667679,-0.029045961482947642,-366.773603648824,697.1883841780134,-331.0865546039099,-0.6717740747203834
9.18,-0.018185033645123094,-0.7350146306079004,0.0,-2.006320008667282,1.0,-0.0002928370247095777,-0.0002928370247095777,-1.2033447024137292,0.23239066389667679,-0.029045961482947642,-366.773603648824,697.1883841780134,-331.0865546039099,-0.6717740747203834
9.200000000000001,-0.017827614203530247,-0.7060811314472624,0.0,-2.006320008667282,1.0,-0.0002928370247095777,-0.0002928370247095777,-1.2033447024137292,0.23239066389667679,-0.029045961482947642,-366.773603648824,697.1883841780134,-331.0865546039099,-0.6717740747203834
9.22,-0.017399809607302915,-0.6743592091396269,0.0,-2.006320008667282,1.0,-0.0002928370247095777,-0.0002928370247095777,-1.2033447024137292,0.23239066389667679,-0.029045961482947642,-366.773603648824,697.1883841780134,-331.0865546039099,-0.6717740747203834
9.24,-0.016903307610394554,-0.6399743897731427,0.0,-2.006320008667282,1.0,-0.0002928370247095777,-0.0002928370247095777,-1.2033447024137292,0.23239066389667679,-0.029045961482947642,-366.773603648824,697.1883841780134,-331.0865546039099,-0.6717740747203834
9.26,-0.01634006808678571,-0.6030627621936047,0.0,-2.006320008667282,1.0,-0.0002928370247095777,-0.0002928370247095777,-1.2033447024137292,0.23239066389667679,-0.029045961482947642,-366.773603648824,697.1883841780134,-331.0865546039099,-0.6717740747203834
9.28,-0.01571231528141342,-0.5637704271879711,0.0,-2.006320008667282,1.0,-0.0002928370247095777,-0.0002928370247095777,-1.2033447024137292,0.23239066389667679,-0.029045961482947642,-366.773603648824,697.1883841780134,-331.0865546039099,-0.6717740747203834
9.3,-0.015022528982706965,-0.5222529057414458,0.0,-2.006320008667282,1.0,-0.0002928370247095777,-0.0002928370247095777,-1.2033447024137292,0.23239066389667679,-0.029045961482947642,-366.773603648824,697.1883841780134,-331.0865546039099,-0.6717740747203834
9.32,-0.014273434653313375,-0.4786745092415341,0.0,-2.006320008667282,1.0,-0.0002928370247095777,-0.0002928370247095777,-1.2033447024137292,0.23239066389667679,-0.029045961482947642,-366.773603648824,697.1883841780134,-331.0865546039099,-0.6717740747203834
9.34,-0.013467992560882075,-0.4332076746804805,0.0,-2.006320008667282,1.0,-0.0002928370247095777,-0.0002928370247095777,-1.2033447024137292,0.23239066389667679,-0.029045961482947642,-366.773603648824,697.1883841780134,-331.0865546039099,-0.6717740747203834
9.36,-0.012609385955818325,-0.386032268064252,0.0,-2.006320008667282,1.0,-0.0002928370247095777,-0.0002928370247095777,-1.2033447024137292,0.23239066389667679,-0.029045961482947642,-366.773603648824,697.1883841780134,-331.0865546039099,-0.6717740747203834
9.38,-0.011701008347599268,-0.33733485934361734,0.0,-2.006320008667282,1.0,-0.0002928370247095777,-0.0002928370247095777,-1.2033447024137292,0.23239066389667679,-0.029045961482947642,-366.773603648824,697.1883841780134,-331.0865546039099,-0.6717740747203834
9.4,-0.010746449935577131,-0.28730797227245175,0.0,-2.006320008667282,1.0,-0.0002928370247095777,-0.0002928370247095777,-1.2033447024137292,0.23239066389667679,-0.029045961482947642,-366.773603648824,697.1883841780134,-331.0865546039099,-0.6717740747203834
9.42,-0.009749483254078034,-0.23614931264165817,0.0,-2.006320008667282,1.0,-0.0002928370247095777,-0.0002928370247095777,-1.2033447024137292,0.23239066389667679,-0.029045961482947642,-366.773603648824,697.1883841780134,-331.0865546039099,-0.6717740747203834
9.44,-0.008714048095059,-0.18406097836446716,0.0,-2.006320008667282,1.0,-0.0002928370247095777,-0.0002928370247095777,-1.2033447024137292,0.23239066389667679,-0.029045961482947642,-366.773603648824,697.1883841780134,-331.0865546039099,-0.6717740747203834
9.46,-0.0076442357745213525,-0.13124865486878906,0.0,-2.006320008667282,1.0,-0.0002928370247095777,-0.0002928370247095777,-1.2033447024137292,0.23239066389667679,-0.029045961482947642,-366.773603648824,697.1883841780134,-331.0865546039099,-0.6717740747203834
9.48,-0.0065442728113446905,-0.07792079922436354,0.0,-2.006320008667282,1.0,-0.0002928370247095777,-0.0002928370247095777,-1.2033447024137292,0.23239066389667679,-0.029045961482947642,-366.773603648824,697.1883841780134,-331.0865546039099,-0.6717740747203834
9.5,-0.005418504089139874,-0.02428781636650132,0.0,-2.006320008667282,1.0,-0.0002928370247095777,-0.0002928370247095777,-1.2033447024137292,0.23239066389667679,-0.029045961482947642,-366.773603648824,697.1883841780134,-331.0865546039099,-0.6717740747203834
9.52,-0.0042713755731879416,0.029438769288802385,0.0,-2.006320008667282,1.0,-0.0002928370247095777,-0.0002928370247095777,-1.2033447024137292,0.23239066389667679,-0.029045961482947642,-366.773603648824,697.1883841780134,-331.0865546039099,-0.6717740747203834
9.540000000000001,-0.003107416655478183,0.08304714364599007,0.0,-2.006320008667282,1.0,-0.0002928370247095777,-0.0002928370247095777,-1.2033447024137292,0.23239066389667679,-0.029045961482947642,-366.773603648824,697.1883841780134,-331.0865546039099,-0.6717740747203834
9.56,-0.0019312222013805683,0.1363260310466004,0.0,-2.006320008667282,1.0,-0.0002928370247095777,-0.0002928370247095777,-1.2033447024137292,0.23239066389667679,-0.029045961482947642,-366.773603648824,697.1883841780134,-331.0865546039099,-0.6717740747203834
9.58,-0.0007474343715524459,0.18906551771613267,0.0,-2.006320008667282,1.0,-0.0002928370247095777,-0.0002928370247095777,-1.2033447024137292,0.23239066389667679,-0.029045961482947642,-366.773603648824,697.1883841780134,-331.0865546039099,-0.6717740747203834
9.6,0.0004392757076078649,0.2410578676539209,0.0,-2.006320008667282,1.0,-0.0002928370247095777,-0.0002928370247095777,-1.2033447024137292,0.23239066389667679,-0.029045961482947642,-366.773603648824,697.1883841780134,-331.0865546039099,-0.6717740747203834
9.620000000000001,0.0016242263523194257,0.2920983281973387,0.0,-2.006320008667282,1.0,-0.0002928370247095777,-0.0002928370247095777,-1.2033447024137292,0.23239066389667679,-0.029045961482947642,-366.773603648824,697.1883841780134,-331.0865546039099,-0.6717740747203834
9.64,0.002802743736881062,0.3419859225840909,0.0,-2.006320008667282,1.0,-0.0002928370247095777,-0.0002928370247095777,-1.2033447024137292,0.23239066389667679,-0.029045961482947642,-366.773603648824,697.1883841780134,-331.0865546039099,-0.6717740747203834
9.66,0.003970180245740969,0.39052422693873473,0.0,-2.006320008667282,1.0,-0.0002928370247095777,-0.0002928370247095777,-1.2033447024137292,0.23239066389667679,-0.029045961482947642,-366.773603648824,697.1883841780134,-331.0865546039099,-0.6717740747203834
9.68,0.00512193269305492,0.4375221291848652,0.0,-2.006320008667282,1.0,-0.0002928370247095777,-0.0002928370247095777,-1.2033447024137292,0.23239066389667679,-0.029045961482947642,-366.773603648824,697.1883841780134,-331.0865546039099,-0.6717740747203834
9.700000000000001,0.00625346034218334,0.4827945674694149,0.0,-2.006320008667282,1.0,-0.0002928370247095777,-0.0002928370247095777,-1.2033447024137292,0.23239066389667679,-0.029045961482947642,-366.773603648824,697.1883841780134,-331.0865546039099,-0.6717740747203834
9.72,0.007360302659227314,0.526163245740924,0.0,-2.006320008667282,1.0,-0.0002928370247095777,-0.0002928370247095777,-1.2033447024137292,0.23239066389667679,-0.029045961482947642,-366.773603648824,697.1883841780134,-331.0865546039099,-0.6717740747203834
9.74,0.008438096736453227,0.5674573241836433,0.0,-2.006320008667282,1.0,-0.0002928370247095777,-0.0002928370247095777,-1.2033447024137292,0.23239066389667679,-0.029045961482947642,-366.773603648824,697.1883841780134,-331.0865546039099,-0.6717740747203834
9.76,0.009482594323219896,0.6065140822446035,0.0,-2.006320008667282,1.0,-0.0002928370247095777,-0.0002928370247095777,-1.2033447024137292,0.23239066389667679,-0.029045961482947642,-366.773603648824,697.1883841780134,-331.0865546039099,-0.6717740747203834
9.78,0.01048967840383919,0.6431795520366911,0.0,-2.006320008667282,1.0,-0.0002928370247095777,-0.0002928370247095777,-1.2033447024137292,0.23239066389667679,-0.029045961482947642,-366.773603648824,697.1883841780134,-331.0865546039099,-0.6717740747203834
9.8,0.011455379263597413,0.6773091199255926,0.0,-2.006320008667282,1.0,-0.0002928370247095777,-0.0002928370247095777,-1.2033447024137292,0.23239066389667679,-0.029045961482947642,-366.773603648824,697.1883841780134,-331.0865546039099,-0.6717740747203834
9.82,0.012375889985966653,0.7087680941388759,0.0,-2.006320008667282,1.0,-0.0002928370247095777,-0.0002928370247095777,-1.2033447024137292,0.23239066389667679,-0.029045961482947642,-366.773603648824,697.1883841780134,-331.0865546039099,-0.6717740747203834
9.84,0.013247581325843041,0.7374322362690989,0.0,-2.006320008667282,1.0,-0.0002928370247095777,-0.0002928370247095777,-1.2033447024137292,0.23239066389667679,-0.029045961482947642,-366.773603648824,697.1883841780134,-331.0865546039099,-0.6717740747203834
9.86,0.014067015905441762,0.7631882545708178,0.0,-2.006320008667282,1.0,-0.0002928370247095777,-0.0002928370247095777,-1.2033447024137292,0.23239066389667679,-0.029045961482947642,-366.773603648824,697.1883841780134,-331.0865546039099,-0.6717740747203834
9.88,0.014830961681321043,0.7859342570023408,0.0,-2.006320008667282,1.0,-0.0002928370247095777,-0.0002928370247095777,-1.2033447024137292,0.23239066389667679,-0.029045961482947642,-366.773603648824,697.1883841780134,-331.0865546039099,-0.6717740747203834
9.9,0.015536404632872475,0.8055801620121199,0.0,-2.006320008667282,1.0,-0.0002928370247095777,-0.0002928370247095777,-1.2033447024137292,0.23239066389667679,-0.029045961482947642,-366.773603648824,697.1883841780134,-331.0865546039099,-0.6717740747203834
9.92,0.016180560624569785,0.8220480651442249,0.0,-2.006320008667282,1.0,-0.0002928370247095777,-0.0002928370247095777,-1.2033447024137292,0.23239066389667679,-0.029045961482947642,-366.773603648824,697.1883841780134,-331.0865546039099,-0.6717740747203834
9.94,0.01676088639631239,0.8352725596216117,0.0,-2.006320008667282,1.0,-0.0002928370247095777,-0.0002928370247095777,-1.2033447024137292,0.23239066389667679,-0.029045961482947642,-366.773603648824,697.1883841780134,-331.0865546039099,-0.6717740747203834
9.96,0.017275089638400756,0.8452010091805315,0.0,-2.006320008667282,1.0,-0.0002928370247095777,-0.0002928370247095777,-1.2033447024137292,0.23239066389667679,-0.029045961482947642,-366.773603648824,697.1883841780134,-331.0865546039099,-0.6717740747203834
9.98,0.017721138110041765,0.8517937715584741,0.0,-2.006320008667282,1.0,-0.0002928370247095777,-0.0002928370247095777,-1.2033447024137292,0.23239066389667679,-0.029045961482947642,-366.773603648824,697.1883841780134,-331.0865546039099,-0.6717740747203834
10.0,0.018097267762862898,0.8550243711981222,0.0,-2.006320008667282,1.0,-0.0002928370247095777,-0.0002928370247095777,-1.2033447024137292,0.23239066389667679,-0.029045961482947642,-366.773603648824,697.1883841780134,-331.0865546039099,-0.6717740747203834
10.02,0.018401989833726852,0.8548796199099262,0.0,-2.006320008667282,1.0,-0.0002928370247095777,-0.0002928370247095777,-1.2033447024137292,0.23239066389667679,-0.029045961482947642,-366.773603648824,697.1883841780134,-331.0865546039099,-0.6717740747203834
10.040000000000001,0.01863409687422911,0.8513596844463325,0.0,-2.006320008667282,1.0,-0.0002928370247095777,-0.0002928370247095777,-1.2033447024137292,0.23239066389667679,-0.029045961482947642,-366.773603648824,697.1883841780134,-331.0865546039099,-0.6717740747203834
10.06,0.01879266768763707,0.8444781001712134,0.0,-2.006320008667282,1.0,-0.0002928370247095777,-0.0002928370247095777,-1.2033447024137292,0.23239066389667679,-0.029045961482947642,-366.773603648824,697.1883841780134,-331.0865546039099,-0.6717740747203834
10.08,0.018877071147714787,0.8342617302630972,0.0,-2.006320008667282,1.0,-0.0002928370247095777,-0.0002928370247095777,-1.2033447024137292,0.23239066389667679,-0.029045961482947642,-366.773603648824,697.1883841780134,-331.0865546039099,-0.6717740747203834
10.1,0.018886968877878683,0.8207506701662461,0.0,-2.006320008667282,1.0,-0.0002928370247095777,-0.0002928370247095777,-1.2033447024137292,0.23239066389667679,-0.029045961482947642,-366.773603648824,697.1883841780134,-331.0865546039099,-0.6717740747203834
10.120000000000001,0.018822316773442746,0.8039980972948041,0.0,-2.006320008667282,1.0,-0.0002928370247095777,-0.0002928370247095777,-1.2033447024137292,0.23239066389667679,-0.029045961482947642,-366.773603648824,697.1883841780134,-331.0865546039099,-0.6717740747203834
10.14,0.018683365354331283,0.7840700663012972,0.0,-2.006320008667282,1.0,-0.0002928370247095777,-0.0002928370247095777,-1.2033447024137292,0.23239066389667679,-0.029045961482947642,-366.773603648824,697.1883841780134,-331.0865546039099,-0.6717740747203834
10.16,0.018470658940535525,0.7610452505330163,0.0,-2.006320008667282,1.0,-0.0002928370247095777,-0.0002928370247095777,-1.2033447024137292,0.23239066389667679,-0.029045961482947642,-366.773603648824,697.1883841780134,-331.0865546039099,-0.6717740747203834
10.18,0.018185033647752456,0.735014630620903,0.0,-2.006320008667282,1.0,-0.0002928370247095777,-0.0002928370247095777,-1.2033447024137292,0.23239066389667679,-0.029045961482947642,-366.773603648824,697.1883841780134,-331.0865546039099,-0.6717740747203834
10.200000000000001,0.017827614206011668,0.7060811314595286,0.0,-2.006320008667282,1.0,-0.0002928370247095777,-0.0002928370247095777,-1.2033447024137292,0.23239066389667679,-0.029045961482947642,-366.773603648824,697.1883841780134,-331.0865546039099,-0.6717740747203834
10.22,0.01739980960964468,0.6743592091511933,0.0,-2.006320008667282,1.0,-0.0002928370247095777,-0.0002928370247095777,-1.2033447024137292,0.23239066389667679,-0.029045961482947642,-366.773603648824,697.1883841780134,-331.0865546039099,-0.6717740747203834
10.24,0.016903307612604522,0.6399743897840597,0.0,-2.006320008667282,1.0,-0.0002928370247095777,-0.0002928370247095777,-1.2033447024137292,0.23239066389667679,-0.029045961482947642,-366.773603648824,697.1883841780134,-331.0865546039099,-0.6717740747203834
10.26,0.016340068088871257,0.6030627622038974,0.0,-2.006320008667282,1.0,-0.0002928370247095777,-0.0002928370247095777,-1.2033447024137292,0.23239066389667679,-0.029045961482947642,-366.773603648824,697.1883841780134,-331.0865546039099,-0.6717740747203834
10.28,0.01571231528338151,0.5637704271976709,0.0,-2.006320008667282,1.0,-0.0002928370247095777,-0.0002928370247095777,-1.2033447024137292,0.23239066389667679,-0.029045961482947642,-366.773603648824,697.1883841780134,-331.0865546039099,-0.6717740747203834
10.3,0.015022528984564212,0.5222529057505999,0.0,-2.006320008667282,1.0,-0.0002928370247095777,-0.0002928370247095777,-1.2033447024137292,0.23239066389667679,-0.029045961482947642,-366.773603648824,697.1883841780134,-331.0865546039099,-0.6717740747203834
10.32,0.014273434655066001,0.4786745092501682,0.0,-2.006320008667282,1.0,-0.0002928370247095777,-0.0002928370247095777,-1.2033447024137292,0.23239066389667679,-0.029045961482947642,-366.773603648824,697.1883841780134,-331.0865546039099,-0.6717740747203834
10.34,0.01346799256253592,0.43320767468861254,0.0,-2.006320008667282,1.0,-0.0002928370247095777,-0.0002928370247095777,-1.2033447024137292,0.23239066389667679,-0.029045961482947642,-366.773603648824,697.1883841780134,-331.0865546039099,-0.6717740747203834
10.36,0.012609385957378965,0.3860322680719276,0.0,-2.006320008667282,1.0,-0.0002928370247095777,-0.0002928370247095777,-1.2033447024137292,0.23239066389667679,-0.029045961482947642,-366.773603648824,697.1883841780134,-331.0865546039099,-0.6717740747203834
10.38,0.011701008349071926,0.33733485935085417,0.0,-2.006320008667282,1.0,-0.0002928370247095777,-0.0002928370247095777,-1.2033447024137292,0.23239066389667679,-0.029045961482947642,-366.773603648824,697.1883841780134,-331.0865546039099,-0.6717740747203834
10.4,0.01074644993696676,0.28730797227927957,0.0,-2.006320008667282,1.0,-0.0002928370247095777,-0.0002928370247095777,-1.2033447024137292,0.23239066389667679,-0.029045961482947642,-366.773603648824,697.1883841780134,-331.0865546039099,-0.6717740747203834
10.42,0.009749483255389293,0.2361493126480949,0.0,-2.006320008667282,1.0,-0.0002928370247095777,-0.0002928370247095777,-1.2033447024137292,0.23239066389667679,-0.029045961482947642,-366.773603648824,697.1883841780134,-331.0865546039099,-0.6717740747203834
10.44,0.008714048096296298,0.18406097837053695,0.0,-2.006320008667282,1.0,-0.0002928370247095777,-0.0002928370247095777,-1.2033447024137292,0.23239066389667679,-0.029045961482947642,-366.773603648824,697.1883841780134,-331.0865546039099,-0.6717740747203834
10.46,0.007644235775688825,0.13124865487450338,0.0,-2.006320008667282,1.0,-0.0002928370247095777,-0.0002928370247095777,-1.2033447024137292,0.23239066389667679,-0.029045961482947642,-366.773603648824,697.1883841780134,-331.0865546039099,-0.6717740747203834
10.48,0.006544272812446267,0.0779207992297502,0.0,-2.006320008667282,1.0,-0.0002928370247095777,-0.0002928370247095777,-1.2033447024137292,0.23239066389667679,-0.029045961482947642,-366.773603648824,697.1883841780134,-331.0865546039099,-0.6717740747203834
10.5,0.005418504090179289,0.02428781637159011,0.0,-2.006320008667282,1.0,-0.0002928370247095777,-0.0002928370247095777,-1.2033447024137292,0.23239066389667679,-0.029045961482947642,-366.773603648824,697.1883841780134,-331.0865546039099,-0.6717740747203834
10.52,0.004271375574168666,-0.029438769284012005,0.0,-2.006320008667282,1.0,-0.0002928370247095777,-0.0002928370247095777,-1.2033447024137292,0.23239066389667679,-0.029045961482947642,-366.773603648824,697.1883841780134,-331.0865546039099,-0.6717740747203834
10.540000000000001,0.0031074166564035183,-0.08304714364147643,0.0,-2.006320008667282,1.0,-0.0002928370247095777,-0.0002928370247095777,-1.2033447024137292,0.23239066389667679,-0.029045961482947642,-366.773603648824,697.1883841780134,-331.0865546039099,-0.6717740747203834
10.56,0.0019312222022536095,-0.13632603104235463,0.0,-2.006320008667282,1.0,-0.0002928370247095777,-0.0002928370247095777,-1.2033447024137292,0.23239066389667679,-0.029045961482947642,-366.773603648824,697.1883841780134,-331.0865546039099,-0.6717740747203834
10.58,0.000747434372376162,-0.18906551771212432,0.0,-2.006320008667282,1.0,-0.0002928370247095777,-0.0002928370247095777,-1.2033447024137292,0.23239066389667679,-0.029045961482947642,-366.773603648824,697.1883841780134,-331.0865546039099,-0.6717740747203834
10.6,-0.0004392757068306776,-0.24105786765013423,0.0,-2.006320008667282,1.0,-0.0002928370247095777,-0.0002928370247095777,-1.2033447024137292,0.23239066389667679,-0.029045961482947642,-366.773603648824,697.1883841780134,-331.0865546039099,-0.6717740747203834
10.620000000000001,-0.0016242263515861381,-0.29209832819376436,0.0,-2.006320008667282,1.0,-0.0002928370247095777,-0.0002928370247095777,-1.2033447024137292,0.23239066389667679,-0.029045961482947642,-366.773603648824,697.1883841780134,-331.0865546039099,-0.6717740747203834
10.64,-0.002802743736189191,-0.3419859225807165,0.0,-2.006320008667282,1.0,-0.0002928370247095777,-0.0002928370247095777,-1.2033447024137292,0.23239066389667679,-0.029045961482947642,-366.773603648824,697.1883841780134,-331.0865546039099,-0.6717740747203834
10.66,-0.003970180245088204,-0.39052422693556094,0.0,-2.006320008667282,1.0,-0.0002928370247095777,-0.0002928370247095777,-1.2033447024137292,0.23239066389667679,-0.029045961482947642,-366.773603648824,697.1883841780134,-331.0865546039099,-0.6717740747203834
10.68,-0.005121932692439051,-0.4375221291818727,0.0,-2.006320008667282,1.0,-0.0002928370247095777,-0.0002928370247095777,-1.2033447024137292,0.23239066389667679,-0.029045961482947642,-366.773603648824,697.1883841780134,-331.0865546039099,-0.6717740747203834
10.700000000000001,-0.006253460341602278,-0.4827945674665906,0.0,-2.006320008667282,1.0,-0.0002928370247095777,-0.0002928370247095777,-1.2033447024137292,0.23239066389667679,-0.029045961482947642,-366.773603648824,697.1883841780134,-331.0865546039099,-0.6717740747203834
10.72,-0.007360302658679091,-0.5261632457382587,0.0,-2.006320008667282,1.0,-0.0002928370247095777,-0.0002928370247095777,-1.2033447024137292,0.23239066389667679,-0.029045961482947642,-366.773603648824,697.1883841780134,-331.0865546039099,-0.6717740747203834
10.74,-0.008438096735935968,-0.5674573241811214,0.0,-2.006320008667282,1.0,-0.0002928370247095777,-0.0002928370247095777,-1.2033447024137292,0.23239066389667679,-0.029045961482947642,-366.773603648824,697.1883841780134,-331.0865546039099,-0.6717740747203834
10.76,-0.009482594322731856,-0.6065140822422234,0.0,-2.006320008667282,1.0,-0.0002928370247095777,-0.0002928370247095777,-1.2033447024137292,0.23239066389667679,-0.029045961482947642,-366.773603648824,697.1883841780134,-331.0865546039099,-0.6717740747203834
10.78,-0.010489678403378716,-0.6431795520344444,0.0,-2.006320008667282,1.0,-0.0002928370247095777,-0.0002928370247095777,-1.2033447024137292,0.23239066389667679,-0.029045961482947642,-366.773603648824,697.1883841780134,-331.0865546039099,-0.6717740747203834
10.8,-0.011455379263162938,-0.6773091199234674,0.0,-2.006320008667282,1.0,-0.0002928370247095777,-0.0002928370247095777,-1.2033447024137292,0.23239066389667679,-0.029045961482947642,-366.773603648824,697.1883841780134,-331.0865546039099,-0.6717740747203834
10.82,-0.012375889985556748,-0.7087680941368841,0.0,-2.006320008667282,1.0,-0.0002928370247095777,-0.0002928370247095777,-1.2033447024137292,0.23239066389667679,-0.029045961482947642,-366.773603648824,697.1883841780134,-331.0865546039099,-0.6717740747203834
10.84,-0.013247581325456299,-0.7374322362672157,0.0,-2.006320008667282,1.0,-0.0002928370247095777,-0.0002928370247095777,-1.2033447024137292,0.23239066389667679,-0.029045961482947642,-366.773603648824,697.1883841780134,-331.0865546039099,-0.6717740747203834
10.86,-0.014067015905076842,-0.7631882545690292,0.0,-2.006320008667282,1.0,-0.0002928370247095777,-0.0002928370247095777,-1.2033447024137292,0.23239066389667679,-0.029045961482947642,-366.773603648824,697.1883841780134,-331.0865546039099,-0.6717740747203834
10.88,-0.01483096168097675,-0.7859342570006641,0.0,-2.006320008667282,1.0,-0.0002928370247095777,-0.0002928370247095777,-1.2033447024137292,0.23239066389667679,-0.029045961482947642,-366.773603648824,697.1883841780134,-331.0865546039099,-0.6717740747203834
10.9,-0.015536404632547633,-0.8055801620105352,0.0,-2.006320008667282,1.0,-0.0002928370247095777,-0.0002928370247095777,-1.2033447024137292,0.23239066389667679,-0.029045961482947642,-366.773603648824,697.1883841780134,-331.0865546039099,-0.6717740747203834
10.92,-0.016180560624263266,-0.8220480651427186,0.0,-2.006320008667282,1.0,-0.0002928370247095777,-0.0002928370247095777,-1.2033447024137292,0.23239066389667679,-0.029045961482947642,-366.773603648824,697.1883841780134,-331.0865546039099,-0.6717740747203834
10.94,-0.016760886396023196,-0.8352725596202013,0.0,-2.006320008667282,1.0,-0.0002928370247095777,-0.0002928370247095777,-1.2033447024137292,0.23239066389667679,-0.029045961482947642,-366.773603648824,697.1883841780134,-331.0865546039099,-0.6717740747203834
10.96,-0.017275089638127898,-0.8452010091791997,0.0,-2.006320008667282,1.0,-0.0002928370247095777,-0.0002928370247095777,-1.2033447024137292,0.23239066389667679,-0.029045961482947642,-366.773603648824,697.1883841780134,-331.0865546039099,-0.6717740747203834
10.98,-0.017721138109784318,-0.8517937715572167,0.0,-2.006320008667282,1.0,-0.0002928370247095777,-0.0002928370247095777,-1.2033447024137292,0.23239066389667679,-0.029045961482947642,-366.773603648824,697.1883841780134,-331.0865546039099,-0.6717740747203834
11.0,-0.018097267762619978,-0.8550243711969301,0.0,-2.006320008667282,1.0,-0.0002928370247095777,-0.0002928370247095777,-1.2033447024137292,0.23239066389667679,-0.029045961482947642,-366.773603648824,697.1883841780134,-331.0865546039099,-0.6717740747203834
11.02,-0.018401989833497653,-0.8548796199088056,0.0,-2.006320008667282,1.0,-0.0002928370247095777,-0.0002928370247095777,-1.2033447024137292,0.23239066389667679,-0.029045961482947642,-366.773603648824,697.1883841780134,-331.0865546039099,-0.6717740747203834
11.040000000000001,-0.018634096874012858,-0.8513596844452778,0.0,-2.006320008667282,1.0,-0.0002928370247095777,-0.0002928370247095777,-1.2033447024137292,0.23239066389667679,-0.029045961482947642,-366.773603648824,697.1883841780134,-331.0865546039099,-0.6717740747203834
11.06,-0.01879266768743302,-0.8444781001702127,0.0,-2.006320008667282,1.0,-0.0002928370247095777,-0.0002928370247095777,-1.2033447024137292,0.23239066389667679,-0.029045961482947642,-366.773603648824,697.1883841780134,-331.0865546039099,-0.6717740747203834
11.08,-0.018877071147522278,-0.8342617302621633,0.0,-2.006320008667282,1.0,-0.0002928370247095777,-0.0002928370247095777,-1.2033447024137292,0.23239066389667679,-0.029045961482947642,-366.773603648824,697.1883841780134,-331.0865546039099,-0.6717740747203834
11.1,-0.018886968877697044,-0.8207506701653596,0.0,-2.006320008667282,1.0,-0.0002928370247095777,-0.0002928370247095777,-1.2033447024137292,0.23239066389667679,-0.029045961482947642,-366.773603648824,697.1883841780134,-331.0865546039099,-0.6717740747203834
11.120000000000001,-0.018822316773271362,-0.8039980972939671,0.0,-2.006320008667282,1.0,-0.0002928370247095777,-0.0002928370247095777,-1.2033447024137292,0.23239066389667679,-0.029045961482947642,-366.773603648824,697.1883841780134,-331.0865546039099,-0.6717740747203834
11.14,-0.01868336535416959,-0.7840700663005123,0.0,-2.006320008667282,1.0,-0.0002928370247095777,-0.0002928370247095777,-1.2033447024137292,0.23239066389667679,-0.029045961482947642,-366.773603648824,697.1883841780134,-331.0865546039099,-0.6717740747203834
11.16,-0.018470658940382956,-0.7610452505322709,0.0,-2.006320008667282,1.0,-0.0002928370247095777,-0.0002928370247095777,-1.2033447024137292,0.23239066389667679,-0.029045961482947642,-366.773603648824,697.1883841780134,-331.0865546039099,-0.6717740747203834
11.18,-0.018185033647608487,-0.735014630620196,0.0,-2.006320008667282,1.0,-0.0002928370247095777,-0.0002928370247095777,-1.2033447024137292,0.23239066389667679,-0.029045961482947642,-366.773603648824,697.1883841780134,-331.0865546039099,-0.6717740747203834
11.200000000000001,-0.017827614205875808,-0.7060811314588568,0.0,-2.006320008667282,1.0,-0.0002928370247095777,-0.0002928370247095777,-1.2033447024137292,0.23239066389667679,-0.029045961482947642,-366.773603648824,697.1883841780134,-331.0865546039099,-0.6717740747203834
11.22,-0.017399809609516502,-0.6743592091505684,0.0,-2.006320008667282,1.0,-0.0002928370247095777,-0.0002928370247095777,-1.2033447024137292,0.23239066389667679,-0.029045961482947642,-366.773603648824,697.1883841780134,-331.0865546039099,-0.6717740747203834
11.24,-0.016903307612483574,-0.6399743897834654,0.0,-2.006320008667282,1.0,-0.0002928370247095777,-0.0002928370247095777,-1.2033447024137292,0.23239066389667679,-0.029045961482947642,-366.773603648824,697.1883841780134,-331.0865546039099,-0.6717740747203834
11.26,-0.016340068088757147,-0.6030627622033409,0.0,-2.006320008667282,1.0,-0.0002928370247095777,-0.0002928370247095777,-1.2033447024137292,0.23239066389667679,-0.029045961482947642,-366.773603648824,697.1883841780134,-331.0865546039099,-0.6717740747203834
11.28,-0.01571231528327386,-0.5637704271971496,0.0,-2.006320008667282,1.0,-0.0002928370247095777,-0.0002928370247095777,-1.2033447024137292,0.23239066389667679,-0.029045961482947642,-366.773603648824,697.1883841780134,-331.0865546039099,-0.6717740747203834
11.3,-0.015022528984462633,-0.5222529057501007,0.0,-2.006320008667282,1.0,-0.0002928370247095777,-0.0002928370247095777,-1.2033447024137292,0.23239066389667679,-0.029045961482947642,-366.773603648824,697.1883841780134,-331.0865546039099,-0.6717740747203834
11.32,-0.014273434654970147,-0.4786745092496939,0.0,-2.006320008667282,1.0,-0.0002928370247095777,-0.0002928370247095777,-1.2033447024137292,0.23239066389667679,-0.029045961482947642,-366.773603648824,697.1883841780134,-331.0865546039099,-0.6717740747203834
11.34,-0.0134679925624455,-0.4332076746881746,0.0,-2.006320008667282,1.0,-0.0002928370247095777,-0.0002928370247095777,-1.2033447024137292,0.23239066389667679,-0.029045961482947642,-366.773603648824,697.1883841780134,-331.0865546039099,-0.6717740747203834
11.36,-0.012609385957293663,-0.38603226807151503,0.0,-2.006320008667282,1.0,-0.0002928370247095777,-0.0002928370247095777,-1.2033447024137292,0.23239066389667679,-0.029045961482947642,-366.773603648824,697.1883841780134,-331.0865546039099,-0.6717740747203834
11.38,-0.011701008348991439,-0.3373348593504581,0.0,-2.006320008667282,1.0,-0.0002928370247095777,-0.0002928370247095777,-1.2033447024137292,0.23239066389667679,-0.029045961482947642,-366.773603648824,697.1883841780134,-331.0865546039099,-0.6717740747203834
11.4,-0.010746449936890824,-0.2873079722789074,0.0,-2.006320008667282,1.0,-0.0002928370247095777,-0.0002928370247095777,-1.2033447024137292,0.23239066389667679,-0.029045961482947642,-366.773603648824,697.1883841780134,-331.0865546039099,-0.6717740747203834
11.42,-0.009749483255317645,-0.2361493126477418,0.0,-2.006320008667282,1.0,-0.0002928370247095777,-0.0002928370247095777,-1.2033447024137292,0.23239066389667679,-0.029045961482947642,-366.773603648824,697.1883841780134,-331.0865546039099,-0.6717740747203834
11.44,-0.00871404809622869,-0.18406097837020075,0.0,-2.006320008667282,1.0,-0.0002928370247095777,-0.0002928370247095777,-1.2033447024137292,0.23239066389667679,-0.029045961482947642,-366.773603648824,697.1883841780134,-331.0865546039099,-0.6717740747203834
11.46,-0.0076442357756250495,-0.13124865487419313,0.0,-2.006320008667282,1.0,-0.0002928370247095777,-0.0002928370247095777,-1.2033447024137292,0.23239066389667679,-0.029045961482947642,-366.773603648824,697.1883841780134,-331.0865546039099,-0.6717740747203834
11.48,-0.006544272812386099,-0.07792079922945673,0.0,-2.006320008667282,1.0,-0.0002928370247095777,-0.0002928370247095777,-1.2033447024137292,0.23239066389667679,-0.029045961482947642,-366.773603648824,697.1883841780134,-331.0865546039099,-0.6717740747203834
11.5,-0.005418504090122514,-0.0242878163713095,0.0,-2.006320008667282,1.0,-0.0002928370247095777,-0.0002928370247095777,-1.2033447024137292,0.23239066389667679,-0.029045961482947642,-366.773603648824,697.1883841780134,-331.0865546039099,-0.6717740747203834
11.52,-0.004271375574115119,0.02943876928426784,0.0,-2.006320008667282,1.0,-0.0002928370247095777,-0.0002928370247095777,-1.2033447024137292,0.23239066389667679,-0.029045961482947642,-366.773603648824,697.1883841780134,-331.0865546039099,-0.6717740747203834
11.540000000000001,-0.003107416656353012,0.08304714364171761,0.0,-2.006320008667282,1.0,-0.0002928370247095777,-0.0002928370247095777,-1.2033447024137292,0.23239066389667679,-0.029045961482947642,-366.773603648824,697.1883841780134,-331.0865546039099,-0.6717740747203834
11.56,-0.0019312222022059887,0.13632603104257557,0.0,-2.006320008667282,1.0,-0.0002928370247095777,-0.0002928370247095777,-1.2033447024137292,0.23239066389667679,-0.029045961482947642,-366.773603648824,697.1883841780134,-331.0865546039099,-0.6717740747203834
11.58,-0.0007474343723312526,0.18906551771233485,0.0,-2.006320008667282,1.0,-0.0002928370247095777,-0.0002928370247095777,-1.2033447024137292,0.23239066389667679,-0.029045961482947642,-366.773603648824,697.1883841780134,-331.0865546039099,-0.6717740747203834
11.6,0.00043927570687303085,0.24105786765033368,0.0,-2.006320008667282,1.0,-0.0002928370247095777,-0.0002928370247095777,-1.2033447024137292,0.23239066389667679,-0.029045961482947642,-366.773603648824,697.1883841780134,-331.0865546039099,-0.6717740747203834
11.620000000000001,0.0016242263516260975,0.2920983281939586,0.0,-2.006320008667282,1.0,-0.0002928370247095777,-0.0002928370247095777,-1.2033447024137292,0.23239066389667679,-0.029045961482947642,-366.773603648824,697.1883841780134,-331.0865546039099,-0.6717740747203834
11.64,0.002802743736226885,0.34198592258089855,0.0,-2.006320008667282,1.0,-0.0002928370247095777,-0.0002928370247095777,-1.2033447024137292,0.23239066389667679,-0.029045961482947642,-366.773603648824,697.1883841780134,-331.0865546039099,-0.6717740747203834
11.66,0.00397018024512377,0.3905242269357354,0.0,-2.006320008667282,1.0,-0.0002928370247095777,-0.0002928370247095777,-1.2033447024137292,0.23239066389667679,-0.029045961482947642,-366.773603648824,697.1883841780134,-331.0865546039099,-0.6717740747203834
11.68,0.0051219326924725975,0.43752212918203415,0.0,-2.006320008667282,1.0,-0.0002928370247095777,-0.0002928370247095777,-1.2033447024137292,0.23239066389667679,-0.029045961482947642,-366.773603648824,697.1883841780134,-331.0865546039099,-0.6717740747203834
11.700000000000001,0.006253460341633916,0.4827945674667403,0.0,-2.006320008667282,1.0,-0.0002928370247095777,-0.0002928370247095777,-1.2033447024137292,0.23239066389667679,-0.029045961482947642,-366.773603648824,697.1883841780134,-331.0865546039099,-0.6717740747203834
11.72,0.007360302658708946,0.5261632457384051,0.0,-2.006320008667282,1.0,-0.0002928370247095777,-0.0002928370247095777,-1.2033447024137292,0.23239066389667679,-0.029045961482947642,-366.773603648824,697.1883841780134,-331.0865546039099,-0.6717740747203834
11.74,0.008438096735964146,0.5674573241812632,0.0,-2.006320008667282,1.0,-0.0002928370247095777,-0.0002928370247095777,-1.2033447024137292,0.23239066389667679,-0.029045961482947642,-366.773603648824,697.1883841780134,-331.0865546039099,-0.6717740747203834
11.76,0.009482594322758426,0.6065140822423486,0.0,-2.006320008667282,1.0,-0.0002928370247095777,-0.0002928370247095777,-1.2033447024137292,0.23239066389667679,-0.029045961482947642,-366.773603648824,697.1883841780134,-331.0865546039099,-0.6717740747203834
11.78,0.010489678403403794,0.6431795520345687,0.0,-2.006320008667282,1.0,-0.0002928370247095777,-0.0002928370247095777,-1.2033447024137292,0.23239066389667679,-0.029045961482947642,-366.773603648824,697.1883841780134,-331.0865546039099,-0.6717740747203834
11.8,0.011455379263186606,0.6773091199235876,0.0,-2.006320008667282,1.0,-0.0002928370247095777,-0.0002928370247095777,-1.2033447024137292,0.23239066389667679,-0.029045961482947642,-366.773603648824,697.1883841780134,-331.0865546039099,-0.6717740747203834
11.82,0.01237588998557905,0.7087680941369848,0.0,-2.006320008667282,1.0,-0.0002928370247095777,-0.0002928370247095777,-1.2033447024137292,0.23239066389667679,-0.029045961482947642,-366.773603648824,697.1883841780134,-331.0865546039099,-0.6717740747203834
11.84,0.013247581325477344,0.7374322362673195,0.0,-2.006320008667282,1.0,-0.0002928370247095777,-0.0002928370247095777,-1.2033447024137292,0.23239066389667679,-0.029045961482947642,-366.773603648824,697.1883841780134,-331.0865546039099,-0.6717740747203834
11.86,0.01406701590509671,0.7631882545691315,0.0,-2.006320008667282,1.0,-0.0002928370247095777,-0.0002928370247095777,-1.2033447024137292,0.23239066389667679,-0.029045961482947642,-366.773603648824,697.1883841780134,-331.0865546039099,-0.6717740747203834
11.88,0.014830961680995475,0.7859342570007503,0.0,-2.006320008667282,1.0,-0.0002928370247095777,-0.0002928370247095777,-1.2033447024137292,0.23239066389667679,-0.029045961482947642,-366.773603648824,697.1883841780134,-331.0865546039099,-0.6717740747203834
11.9,0.015536404632565271,0.805580162010611,0.0,-2.006320008667282,1.0,-0.0002928370247095777,-0.0002928370247095777,-1.2033447024137292,0.23239066389667679,-0.029045961482947642,-366.773603648824,697.1883841780134,-331.0865546039099,-0.6717740747203834
11.92,0.016180560624279923,0.8220480651428034,0.0,-2.006320008667282,1.0,-0.0002928370247095777,-0.0002928370247095777,-1.2033447024137292,0.23239066389667679,-0.029045961482947642,-366.773603648824,697.1883841780134,-331.0865546039099,-0.6717740747203834
11.94,0.016760886396038892,0.8352725596202704,0.0,-2.006320008667282,1.0,-0.0002928370247095777,-0.0002928370247095777,-1.2033447024137292,0.23239066389667679,-0.029045961482947642,-366.773603648824,697.1883841780134,-331.0865546039099,-0.6717740747203834
11.96,0.01727508963814269,0.8452010091792618,0.0,-2.006320008667282,1.0,-0.0002928370247095777,-0.0002928370247095777,-1.2033447024137292,0.23239066389667679,-0.029045961482947642,-366.773603648824,697.1883841780134,-331.0865546039099,-0.6717740747203834
11.98,0.017721138109798293,0.8517937715572885,0.0,-2.006320008667282,1.0,-0.0002928370247095777,-0.0002928370247095777,-1.2033447024137292,0.23239066389667679,-0.029045961482947642,-366.773603648824,697.1883841780134,-331.0865546039099,-0.6717740747203834
12.0,0.018097267762633186,0.8550243711970015,0.0,-2.006320008667282,1.0,-0.0002928370247095777,-0.0002928370247095777,-1.2033447024137292,0.23239066389667679,-0.029045961482947642,-366.773603648824,697.1883841780134,-331.0865546039099,-0.6717740747203834
12.02,0.0184019898335101,0.8548796199088587,0.0,-2.006320008667282,1.0,-0.0002928370247095777,-0.0002928370247095777,-1.2033447024137292,0.23239066389667679,-0.029045961482947642,-366.773603648824,697.1883841780134,-331.0865546039099,-0.6717740747203834
12.040000000000001,0.018634096874024623,0.8513596844453388,0.0,-2.006320008667282,1.0,-0.0002928370247095777,-0.0002928370247095777,-1.2033447024137292,0.23239066389667679,-0.029045961482947642,-366.773603648824,697.1883841780134,-331.0865546039099,-0.6717740747203834
12.06,0.018792667687444146,0.8444781001702732,0.0,-2.006320008667282,1.0,-0.0002928370247095777,-0.0002928370247095777,-1.2033447024137292,0.23239066389667679,-0.029045961482947642,-366.773603648824,697.1883841780134,-331.0865546039099,-0.6717740747203834
12.08,0.018877071147532763,0.8342617302622075,0.0,-2.006320008667282,1.0,-0.0002928370247095777,-0.0002928370247095777,-1.2033447024137292,0.23239066389667679,-0.029045961482947642,-366.773603648824,697.1883841780134,-331.0865546039099,-0.6717740747203834
12.1,0.018886968877706967,0.820750670165413,0.0,-2.006320008667282,1.0,-0.0002928370247095777,-0.0002928370247095777,-1.2033447024137292,0.23239066389667679,-0.029045961482947642,-366.773603648824,697.1883841780134,-331.0865546039099,-0.6717740747203834
12.120000000000001,0.018822316773280747,0.8039980972940166,0.0,-2.006320008667282,1.0,-0.0002928370247095777,-0.0002928370247095777,-1.2033447024137292,0.23239066389667679,-0.029045961482947642,-366.773603648824,697.1883841780134,-331.0865546039099,-0.6717740747203834
12.14,0.018683365354178437,0.7840700663005467,0.0,-2.006320008667282,1.0,-0.0002928370247095777,-0.0002928370247095777,-1.2033447024137292,0.23239066389667679,-0.029045961482947642,-366.773603648824,697.1883841780134,-331.0865546039099,-0.6717740747203834
12.16,0.0184706589403913,0.7610452505323014,0.0,-2.006320008667282,1.0,-0.0002928370247095777,-0.0002928370247095777,-1.2033447024137292,0.23239066389667679,-0.029045961482947642,-366.773603648824,697.1883841780134,-331.0865546039099,-0.6717740747203834
12.18,0.018185033647616387,0.7350146306202351,0.0,-2.006320008667282,1.0,-0.0002928370247095777,-0.0002928370247095777,-1.2033447024137292,0.23239066389667679,-0.029045961482947642,-366.773603648824,697.1883841780134,-331.0865546039099,-0.6717740747203834
12.200000000000001,0.017827614205883295,0.7060811314588984,0.0,-2.006320008667282,1.0,-0.0002928370247095777,-0.0002928370247095777,-1.2033447024137292,0.23239066389667679,-0.029045961482947642,-366.773603648824,697.1883841780134,-331.0865546039099,-0.6717740747203834
12.22,0.01739980960952357,0.6743592091505988,0.0,-2.006320008667282,1.0,-0.0002928370247095777,-0.0002928370247095777,-1.2033447024137292,0.23239066389667679,-0.029045961482947642,-366.773603648824,697.1883841780134,-331.0865546039099,-0.6717740747203834
12.24,0.01690330761249026,0.6399743897834971,0.0,-2.006320008667282,1.0,-0.0002928370247095777,-0.0002928370247095777,-1.2033447024137292,0.23239066389667679,-0.029045961482947642,-366.773603648824,697.1883841780134,-331.0865546039099,-0.6717740747203834
12.26,0.016340068088763468,0.6030627622033695,0.0,-2.006320008667282,1.0,-0.0002928370247095777,-0.0002928370247095777,-1.2033447024137292,0.23239066389667679,-0.029045961482947642,-366.773603648824,697.1883841780134,-331.0865546039099,-0.6717740747203834
12.280000000000001,0.015712315283279453,0.5637704271970346,0.0,-2.006320008667282,1.0,-0.0002928370247095777,-0.0002928370247095777,-1.2033447024137292,0.23239066389667679,-0.029045961482947642,-366.773603648824,697.1883841780134,-331.0865546039099,-0.6717740747203834
12.3,0.015022528984468372,0.5222529057502558,0.0,-2.006320008667282,1.0,-0.0002928370247095777,-0.0002928370247095777,-1.2033447024137292,0.23239066389667679,-0.029045961482947642,-366.773603648824,697.1883841780134,-331.0865546039099,-0.6717740747203834
12.32,0.014273434654975634,0.4786745092497704,0.0,-2.006320008667282,1.0,-0.0002928370247095777,-0.0002928370247095777,-1.2033447024137292,0.23239066389667679,-0.029045961482947642,-366.773603648824,697.1883841780134,-331.0865546039099,-0.6717740747203834
12.34,0.013467992562450695,0.43320767468820787,0.0,-2.006320008667282,1.0,-0.0002928370247095777,-0.0002928370247095777,-1.2033447024137292,0.23239066389667679,-0.029045961482947642,-366.773603648824,697.1883841780134,-331.0865546039099,-0.6717740747203834
12.36,0.01260938595729857,0.3860322680715355,0.0,-2.006320008667282,1.0,-0.0002928370247095777,-0.0002928370247095777,-1.2033447024137292,0.23239066389667679,-0.029045961482947642,-366.773603648824,697.1883841780134,-331.0865546039099,-0.6717740747203834
12.38,0.011701008348996084,0.3373348593504817,0.0,-2.006320008667282,1.0,-0.0002928370247095777,-0.0002928370247095777,-1.2033447024137292,0.23239066389667679,-0.029045961482947642,-366.773603648824,697.1883841780134,-331.0865546039099,-0.6717740747203834
12.4,0.010746449936895209,0.28730797227892757,0.0,-2.006320008667282,1.0,-0.0002928370247095777,-0.0002928370247095777,-1.2033447024137292,0.23239066389667679,-0.029045961482947642,-366.773603648824,697.1883841780134,-331.0865546039099,-0.6717740747203834
12.42,0.009749483255321798,0.23614931264776517,0.0,-2.006320008667282,1.0,-0.0002928370247095777,-0.0002928370247095777,-1.2033447024137292,0.23239066389667679,-0.029045961482947642,-366.773603648824,697.1883841780134,-331.0865546039099,-0.6717740747203834
12.44,0.008714048096232623,0.184060978370224,0.0,-2.006320008667282,1.0,-0.0002928370247095777,-0.0002928370247095777,-1.2033447024137292,0.23239066389667679,-0.029045961482947642,-366.773603648824,697.1883841780134,-331.0865546039099,-0.6717740747203834
12.46,0.007644235775628767,0.13124865487421275,0.0,-2.006320008667282,1.0,-0.0002928370247095777,-0.0002928370247095777,-1.2033447024137292,0.23239066389667679,-0.029045961482947642,-366.773603648824,697.1883841780134,-331.0865546039099,-0.6717740747203834
12.48,0.0065442728123896,0.0779207992294703,0.0,-2.006320008667282,1.0,-0.0002928370247095777,-0.0002928370247095777,-1.2033447024137292,0.23239066389667679,-0.029045961482947642,-366.773603648824,697.1883841780134,-331.0865546039099,-0.6717740747203834
12.5,0.0054185040901258245,0.024287816371325044,0.0,-2.006320008667282,1.0,-0.0002928370247095777,-0.0002928370247095777,-1.2033447024137292,0.23239066389667679,-0.029045961482947642,-366.773603648824,697.1883841780134,-331.0865546039099,-0.6717740747203834
12.52,0.004271375574118249,-0.029438769284253048,0.0,-2.006320008667282,1.0,-0.0002928370247095777,-0.0002928370247095777,-1.2033447024137292,0.23239066389667679,-0.029045961482947642,-366.773603648824,697.1883841780134,-331.0865546039099,-0.6717740747203834
12.540000000000001,0.0031074166563559765,-0.08304714364170124,0.0,-2.006320008667282,1.0,-0.0002928370247095777,-0.0002928370247095777,-1.2033447024137292,0.23239066389667679,-0.029045961482947642,-366.773603648824,697.1883841780134,-331.0865546039099,-0.6717740747203834
12.56,0.0019312222022087842,-0.13632603104256397,0.0,-2.006320008667282,1.0,-0.0002928370247095777,-0.0002928370247095777,-1.2033447024137292,0.23239066389667679,-0.029045961482947642,-366.773603648824,697.1883841780134,-331.0865546039099,-0.6717740747203834
12.58,0.0007474343723338998,-0.1890655177123205,0.0,-2.006320008667282,1.0,-0.0002928370247095777,-0.0002928370247095777,-1.2033447024137292,0.23239066389667679,-0.029045961482947642,-366.773603648824,697.1883841780134,-331.0865546039099,-0.6717740747203834
12.6,-0.00043927570687053545,-0.2410578676503234,0.0,-2.006320008667282,1.0,-0.0002928370247095777,-0.0002928370247095777,-1.2033447024137292,0.23239066389667679,-0.029045961482947642,-366.773603648824,697.1883841780134,-331.0865546039099,-0.6717740747203834
12.620000000000001,-0.001624226351623727,-0.292098328193943,0.0,-2.006320008667282,1.0,-0.0002928370247095777,-0.0002928370247095777,-1.2033447024137292,0.23239066389667679,-0.029045961482947642,-366.773603648824,697.1883841780134,-331.0865546039099,-0.6717740747203834
12.64,-0.002802743736224648,-0.3419859225808878,0.0,-2.006320008667282,1.0,-0.0002928370247095777,-0.0002928370247095777,-1.2033447024137292,0.23239066389667679,-0.029045961482947642,-366.773603648824,697.1883841780134,-331.0865546039099,-0.6717740747203834
12.66,-0.003970180245121632,-0.39052422693571637,0.0,-2.006320008667282,1.0,-0.0002928370247095777,-0.0002928370247095777,-1.2033447024137292,0.23239066389667679,-0.029045961482947642,-366.773603648824,697.1883841780134,-331.0865546039099,-0.6717740747203834
12.68,-0.005121932692470567,-0.43752212918201794,0.0,-2.006320008667282,1.0,-0.0002928370247095777,-0.0002928370247095777,-1.2033447024137292,0.23239066389667679,-0.029045961482947642,-366.773603648824,697.1883841780134,-331.0865546039099,-0.6717740747203834
12.700000000000001,-0.006253460341632004,-0.4827945674667316,0.0,-2.006320008667282,1.0,-0.0002928370247095777,-0.0002928370247095777,-1.2033447024137292,0.23239066389667679,-0.029045961482947642,-366.773603648824,697.1883841780134,-331.0865546039099,-0.6717740747203834
12.72,-0.007360302658707121,-0.5261632457383898,0.0,-2.006320008667282,1.0,-0.0002928370247095777,-0.0002928370247095777,-1.2033447024137292,0.23239066389667679,-0.029045961482947642,-366.773603648824,697.1883841780134,-331.0865546039099,-0.6717740747203834
12.74,-0.008438096735962403,-0.5674573241812453,0.0,-2.006320008667282,1.0,-0.0002928370247095777,-0.0002928370247095777,-1.2033447024137292,0.23239066389667679,-0.029045961482947642,-366.773603648824,697.1883841780134,-331.0865546039099,-0.6717740747203834
12.76,-0.009482594322756787,-0.6065140822423398,0.0,-2.006320008667282,1.0,-0.0002928370247095777,-0.0002928370247095777,-1.2033447024137292,0.23239066389667679,-0.029045961482947642,-366.773603648824,697.1883841780134,-331.0865546039099,-0.6717740747203834
12.780000000000001,-0.010489678403402626,-0.6431795520346996,0.0,-2.006320008667282,1.0,-0.0002928370247095777,-0.0002928370247095777,-1.2033447024137292,0.23239066389667679,-0.029045961482947642,-366.773603648824,697.1883841780134,-331.0865546039099,-0.6717740747203834
12.8,-0.011455379263185123,-0.677309119923474,0.0,-2.006320008667282,1.0,-0.0002928370247095777,-0.0002928370247095777,-1.2033447024137292,0.23239066389667679,-0.029045961482947642,-366.773603648824,697.1883841780134,-331.0865546039099,-0.6717740747203834
12.82,-0.01237588998557763,-0.7087680941369432,0.0,-2.006320008667282,1.0,-0.0002928370247095777,-0.0002928370247095777,-1.2033447024137292,0.23239066389667679,-0.029045961482947642,-366.773603648824,697.1883841780134,-331.0865546039099,-0.6717740747203834
12.84,-0.01324758132547599,-0.7374322362673023,0.0,-2.006320008667282,1.0,-0.0002928370247095777,-0.0002928370247095777,-1.2033447024137292,0.23239066389667679,-0.029045961482947642,-366.773603648824,697.1883841780134,-331.0865546039099,-0.6717740747203834
12.86,-0.014067015905095431,-0.7631882545691215,0.0,-2.006320008667282,1.0,-0.0002928370247095777,-0.0002928370247095777,-1.2033447024137292,0.23239066389667679,-0.029045961482947642,-366.773603648824,697.1883841780134,-331.0865546039099,-0.6717740747203834
12.88,-0.014830961680994298,-0.7859342570007516,0.0,-2.006320008667282,1.0,-0.0002928370247095777,-0.0002928370247095777,-1.2033447024137292,0.23239066389667679,-0.029045961482947642,-366.773603648824,697.1883841780134,-331.0865546039099,-0.6717740747203834
12.9,-0.015536404632564185,-0.8055801620106144,0.0,-2.006320008667282,1.0,-0.0002928370247095777,-0.0002928370247095777,-1.2033447024137292,0.23239066389667679,-0.029045961482947642,-366.773603648824,697.1883841780134,-331.0865546039099,-0.6717740747203834
12.92,-0.016180560624278896,-0.8220480651427972,0.0,-2.006320008667282,1.0,-0.0002928370247095777,-0.0002928370247095777,-1.2033447024137292,0.23239066389667679,-0.029045961482947642,-366.773603648824,697.1883841780134,-331.0865546039099,-0.6717740747203834
12.94,-0.01676088639603795,-0.8352725596202756,0.0,-2.006320008667282,1.0,-0.0002928370247095777,-0.0002928370247095777,-1.2033447024137292,0.23239066389667679,-0.029045961482947642,-366.773603648824,697.1883841780134,-331.0865546039099,-0.6717740747203834
12.96,-0.017275089638141828,-0.8452010091792695,0.0,-2.006320008667282,1.0,-0.0002928370247095777,-0.0002928370247095777,-1.2033447024137292,0.23239066389667679,-0.029045961482947642,-366.773603648824,697.1883841780134,-331.0865546039099,-0.6717740747203834
12.98,-0.017721138109797464,-0.8517937715572813,0.0,-2.006320008667282,1.0,-0.0002928370247095777,-0.0002928370247095777,-1.2033447024137292,0.23239066389667679,-0.029045961482947642,-366.773603648824,697.1883841780134,-331.0865546039099,-0.6717740747203834
13.0,-0.018097267762632423,-0.8550243711970054,0.0,-2.006320008667282,1.0,-0.0002928370247095777,-0.0002928370247095777,-1.2033447024137292,0.23239066389667679,-0.029045961482947642,-366.773603648824,697.1883841780134,-331.0865546039099,-0.6717740747203834
13.02,-0.018401989833863253,-0.8548796200386504,0.0,-2.006320008667282,1.0,-0.0002928370247095777,-0.0002928370247095777,-1.2033447024137292,0.23239066389667679,-0.029045961482947642,-366.773603648824,697.1883841780134,-331.0865546039099,-0.6717740747203834
13.040000000000001,-0.018634096874337654,-0.8513596844698643,0.0,-2.006320008667282,1.0,-0.0002928370247095777,-0.0002928370247095777,-1.2033447024137292,0.23239066389667679,-0.029045961482947642,-366.773603648824,697.1883841780134,-331.0865546039099,-0.6717740747203834
13.06,-0.018792667687673847,-0.8444781001525565,0.0,-2.006320008667282,1.0,-0.0002928370247095777,-0.0002928370247095777,-1.2033447024137292,0.23239066389667679,-0.029045961482947642,-366.773603648824,697.1883841780134,-331.0865546039099,-0.6717740747203834
13.08,-0.018877071147678635,-0.8342617302359547,0.0,-2.006320008667282,1.0,-0.0002928370247095777,-0.0002928370247095777,-1.2033447024137292,0.23239066389667679,-0.029045961482947642,-366.773603648824,697.1883841780134,-331.0865546039099,-0.6717740747203834
13.1,-0.018886968877782767,-0.8207506701408025,0.0,-2.006320008667282,1.0,-0.0002928370247095777,-0.0002928370247095777,-1.2033447024137292,0.23239066389667679,-0.029045961482947642,-366.773603648824,697.1883841780134,-331.0865546039099,-0.6717740747203834
13.120000000000001,-0.018822316773301852,-0.8039980972731801,0.0,-2.006320008667282,1.0,-0.0002928370247095777,-0.0002928370247095777,-1.2033447024137292,0.23239066389667679,-0.029045961482947642,-366.773603648824,697.1883841780134,-331.0865546039099,-0.6717740747203834
13.14,-0.01868336535415832,-0.7840700662834346,0.0,-2.006320008667282,1.0,-0.0002928370247095777,-0.0002928370247095777,-1.2033447024137292,0.23239066389667679,-0.029045961482947642,-366.773603648824,697.1883841780134,-331.0865546039099,-0.6717740747203834
13.16,-0.018470658940340945,-0.7610452505183808,0.0,-2.006320008667282,1.0,-0.0002928370247095777,-0.0002928370247095777,-1.2033447024137292,0.23239066389667679,-0.029045961482947642,-366.773603648824,697.1883841780134,-331.0865546039099,-0.6717740747203834
13.18,-0.018185033647544525,-0.735014630608946,0.0,-2.006320008667282,1.0,-0.0002928370247095777,-0.0002928370247095777,-1.2033447024137292,0.23239066389667679,-0.029045961482947642,-366.773603648824,697.1883841780134,-331.0865546039099,-0.6717740747203834
13.200000000000001,-0.017827614205796854,-0.7060811314497776,0.0,-2.006320008667282,1.0,-0.0002928370247095777,-0.0002928370247095777,-1.2033447024137292,0.23239066389667679,-0.029045961482947642,-366.773603648824,697.1883841780134,-331.0865546039099,-0.6717740747203834
13.22,-0.017399809609428007,-0.6743592091432661,0.0,-2.006320008667282,1.0,-0.0002928370247095777,-0.0002928370247095777,-1.2033447024137292,0.23239066389667679,-0.029045961482947642,-366.773603648824,697.1883841780134,-331.0865546039099,-0.6717740747203834
13.24,-0.016903307612389767,-0.6399743897776144,0.0,-2.006320008667282,1.0,-0.0002928370247095777,-0.0002928370247095777,-1.2033447024137292,0.23239066389667679,-0.029045961482947642,-366.773603648824,697.1883841780134,-331.0865546039099,-0.6717740747203834
13.26,-0.01634006808866129,-0.6030627621986748,0.0,-2.006320008667282,1.0,-0.0002928370247095777,-0.0002928370247095777,-1.2033447024137292,0.23239066389667679,-0.029045961482947642,-366.773603648824,697.1883841780134,-331.0865546039099,-0.6717740747203834
13.280000000000001,-0.015712315283178045,-0.5637704271933129,0.0,-2.006320008667282,1.0,-0.0002928370247095777,-0.0002928370247095777,-1.2033447024137292,0.23239066389667679,-0.029045961482947642,-366.773603648824,697.1883841780134,-331.0865546039099,-0.6717740747203834
13.3,-0.015022528984369534,-0.5222529057473166,0.0,-2.006320008667282,1.0,-0.0002928370247095777,-0.0002928370247095777,-1.2033447024137292,0.23239066389667679,-0.029045961482947642,-366.773603648824,697.1883841780134,-331.0865546039099,-0.6717740747203834
13.32,-0.014273434654880702,-0.47867450924747723,0.0,-2.006320008667282,1.0,-0.0002928370247095777,-0.0002928370247095777,-1.2033447024137292,0.23239066389667679,-0.029045961482947642,-366.773603648824,697.1883841780134,-331.0865546039099,-0.6717740747203834
13.34,-0.013467992562360614,-0.4332076746864469,0.0,-2.006320008667282,1.0,-0.0002928370247095777,-0.0002928370247095777,-1.2033447024137292,0.23239066389667679,-0.029045961482947642,-366.773603648824,697.1883841780134,-331.0865546039099,-0.6717740747203834
13.36,-0.012609385957213937,-0.38603226807019525,0.0,-2.006320008667282,1.0,-0.0002928370247095777,-0.0002928370247095777,-1.2033447024137292,0.23239066389667679,-0.029045961482947642,-366.773603648824,697.1883841780134,-331.0865546039099,-0.6717740747203834
13.38,-0.01170100834891728,-0.33733485934948687,0.0,-2.006320008667282,1.0,-0.0002928370247095777,-0.0002928370247095777,-1.2033447024137292,0.23239066389667679,-0.029045961482947642,-366.773603648824,697.1883841780134,-331.0865546039099,-0.6717740747203834
13.4,-0.010746449936822427,-0.2873079722782155,0.0,-2.006320008667282,1.0,-0.0002928370247095777,-0.0002928370247095777,-1.2033447024137292,0.23239066389667679,-0.029045961482947642,-366.773603648824,697.1883841780134,-331.0865546039099,-0.6717740747203834
13.42,-0.00974948325525508,-0.23614931264728173,0.0,-2.006320008667282,1.0,-0.0002928370247095777,-0.0002928370247095777,-1.2033447024137292,0.23239066389667679,-0.029045961482947642,-366.773603648824,697.1883841780134,-331.0865546039099,-0.6717740747203834
13.44,-0.008714048096171899,-0.1840609783699245,0.0,-2.006320008667282,1.0,-0.0002928370247095777,-0.0002928370247095777,-1.2033447024137292,0.23239066389667679,-0.029045961482947642,-366.773603648824,697.1883841780134,-331.0865546039099,-0.6717740747203834
13.46,-0.00764423577557388,-0.13124865487405946,0.0,-2.006320008667282,1.0,-0.0002928370247095777,-0.0002928370247095777,-1.2033447024137292,0.23239066389667679,-0.029045961482947642,-366.773603648824,697.1883841780134,-331.0865546039099,-0.6717740747203834
13.48,-0.006544272812340355,-0.07792079922944087,0.0,-2.006320008667282,1.0,-0.0002928370247095777,-0.0002928370247095777,-1.2033447024137292,0.23239066389667679,-0.029045961482947642,-366.773603648824,697.1883841780134,-331.0865546039099,-0.6717740747203834
13.5,-0.005418504090081939,-0.0242878163713814,0.0,-2.006320008667282,1.0,-0.0002928370247095777,-0.0002928370247095777,-1.2033447024137292,0.23239066389667679,-0.029045961482947642,-366.773603648824,697.1883841780134,-331.0865546039099,-0.6717740747203834
13.52,-0.004271375574079429,0.029438769284128218,0.0,-2.006320008667282,1.0,-0.0002928370247095777,-0.0002928370247095777,-1.2033447024137292,0.23239066389667679,-0.029045961482947642,-366.773603648824,697.1883841780134,-331.0865546039099,-0.6717740747203834
13.540000000000001,-0.0031074166563219343,0.08304714364151614,0.0,-2.006320008667282,1.0,-0.0002928370247095777,-0.0002928370247095777,-1.2033447024137292,0.23239066389667679,-0.029045961482947642,-366.773603648824,697.1883841780134,-331.0865546039099,-0.6717740747203834
13.56,-0.0019312222021792298,0.13632603104232727,0.0,-2.006320008667282,1.0,-0.0002928370247095777,-0.0002928370247095777,-1.2033447024137292,0.23239066389667679,-0.029045961482947642,-366.773603648824,697.1883841780134,-331.0865546039099,-0.6717740747203834
13.58,-0.0007474343723085208,0.1890655177120493,0.0,-2.006320008667282,1.0,-0.0002928370247095777,-0.0002928370247095777,-1.2033447024137292,0.23239066389667679,-0.029045961482947642,-366.773603648824,697.1883841780134,-331.0865546039099,-0.6717740747203834
13.6,0.0004392757068920547,0.2410578676500306,0.0,-2.006320008667282,1.0,-0.0002928370247095777,-0.0002928370247095777,-1.2033447024137292,0.23239066389667679,-0.029045961482947642,-366.773603648824,697.1883841780134,-331.0865546039099,-0.6717740747203834
13.620000000000001,0.0016242263516416978,0.2920983281936378,0.0,-2.006320008667282,1.0,-0.0002928370247095777,-0.0002928370247095777,-1.2033447024137292,0.23239066389667679,-0.029045961482947642,-366.773603648824,697.1883841780134,-331.0865546039099,-0.6717740747203834
13.64,0.002802743736239336,0.34198592258056326,0.0,-2.006320008667282,1.0,-0.0002928370247095777,-0.0002928370247095777,-1.2033447024137292,0.23239066389667679,-0.029045961482947642,-366.773603648824,697.1883841780134,-331.0865546039099,-0.6717740747203834
13.66,0.003970180245133344,0.3905242269353936,0.0,-2.006320008667282,1.0,-0.0002928370247095777,-0.0002928370247095777,-1.2033447024137292,0.23239066389667679,-0.029045961482947642,-366.773603648824,697.1883841780134,-331.0865546039099,-0.6717740747203834
13.68,0.005121932692479558,0.43752212918169137,0.0,-2.006320008667282,1.0,-0.0002928370247095777,-0.0002928370247095777,-1.2033447024137292,0.23239066389667679,-0.029045961482947642,-366.773603648824,697.1883841780134,-331.0865546039099,-0.6717740747203834
13.700000000000001,0.006253460341638509,0.4827945674663994,0.0,-2.006320008667282,1.0,-0.0002928370247095777,-0.0002928370247095777,-1.2033447024137292,0.23239066389667679,-0.029045961482947642,-366.773603648824,697.1883841780134,-331.0865546039099,-0.6717740747203834
13.72,0.007360302658711404,0.5261632457380689,0.0,-2.006320008667282,1.0,-0.0002928370247095777,-0.0002928370247095777,-1.2033447024137292,0.23239066389667679,-0.029045961482947642,-366.773603648824,697.1883841780134,-331.0865546039099,-0.6717740747203834
13.74,0.008438096735964679,0.5674573241809295,0.0,-2.006320008667282,1.0,-0.0002928370247095777,-0.0002928370247095777,-1.2033447024137292,0.23239066389667679,-0.029045961482947642,-366.773603648824,697.1883841780134,-331.0865546039099,-0.6717740747203834
13.76,0.009482594322757228,0.6065140822420181,0.0,-2.006320008667282,1.0,-0.0002928370247095777,-0.0002928370247095777,-1.2033447024137292,0.23239066389667679,-0.029045961482947642,-366.773603648824,697.1883841780134,-331.0865546039099,-0.6717740747203834
13.780000000000001,0.010489678403401417,0.643179552034379,0.0,-2.006320008667282,1.0,-0.0002928370247095777,-0.0002928370247095777,-1.2033447024137292,0.23239066389667679,-0.029045961482947642,-366.773603648824,697.1883841780134,-331.0865546039099,-0.6717740747203834
13.8,0.011455379263182476,0.6773091199231716,0.0,-2.006320008667282,1.0,-0.0002928370247095777,-0.0002928370247095777,-1.2033447024137292,0.23239066389667679,-0.029045961482947642,-366.773603648824,697.1883841780134,-331.0865546039099,-0.6717740747203834
13.82,0.01237588998557368,0.7087680941366412,0.0,-2.006320008667282,1.0,-0.0002928370247095777,-0.0002928370247095777,-1.2033447024137292,0.23239066389667679,-0.029045961482947642,-366.773603648824,697.1883841780134,-331.0865546039099,-0.6717740747203834
13.84,0.013247581325470912,0.7374322362670146,0.0,-2.006320008667282,1.0,-0.0002928370247095777,-0.0002928370247095777,-1.2033447024137292,0.23239066389667679,-0.029045961482947642,-366.773603648824,697.1883841780134,-331.0865546039099,-0.6717740747203834
13.86,0.01406701590508937,0.7631882545688458,0.0,-2.006320008667282,1.0,-0.0002928370247095777,-0.0002928370247095777,-1.2033447024137292,0.23239066389667679,-0.029045961482947642,-366.773603648824,697.1883841780134,-331.0865546039099,-0.6717740747203834
13.88,0.014830961680987353,0.785934257000476,0.0,-2.006320008667282,1.0,-0.0002928370247095777,-0.0002928370247095777,-1.2033447024137292,0.23239066389667679,-0.029045961482947642,-366.773603648824,697.1883841780134,-331.0865546039099,-0.6717740747203834
13.9,0.01553640463255648,0.8055801620103465,0.0,-2.006320008667282,1.0,-0.0002928370247095777,-0.0002928370247095777,-1.2033447024137292,0.23239066389667679,-0.029045961482947642,-366.773603648824,697.1883841780134,-331.0865546039099,-0.6717740747203834
13.92,0.016180560624270562,0.8220480651425487,0.0,-2.006320008667282,1.0,-0.0002928370247095777,-0.0002928370247095777,-1.2033447024137292,0.23239066389667679,-0.029045961482947642,-366.773603648824,697.1883841780134,-331.0865546039099,-0.6717740747203834
13.94,0.01676088639602906,0.8352725596200273,0.0,-2.006320008667282,1.0,-0.0002928370247095777,-0.0002928370247095777,-1.2033447024137292,0.23239066389667679,-0.029045961482947642,-366.773603648824,697.1883841780134,-331.0865546039099,-0.6717740747203834
13.96,0.017275089638132467,0.8452010091790289,0.0,-2.006320008667282,1.0,-0.0002928370247095777,-0.0002928370247095777,-1.2033447024137292,0.23239066389667679,-0.029045961482947642,-366.773603648824,697.1883841780134,-331.0865546039099,-0.6717740747203834
13.98,0.017721138109787753,0.8517937715570607,0.0,-2.006320008667282,1.0,-0.0002928370247095777,-0.0002928370247095777,-1.2033447024137292,0.23239066389667679,-0.029045961482947642,-366.773603648824,697.1883841780134,-331.0865546039099,-0.6717740747203834
14.0,0.0180972677626224,0.8550243711967832,0.0,-2.006320008667282,1.0,-0.0002928370247095777,-0.0002928370247095777,-1.2033447024137292,0.23239066389667679,-0.029045961482947642,-366.773603648824,697.1883841780134,-331.0865546039099,-0.6717740747203834
14.02,0.018401989833499128,0.8548796199086485,0.0,-2.006320008667282,1.0,-0.0002928370247095777,-0.0002928370247095777,-1.2033447024137292,0.23239066389667679,-0.029045961482947642,-366.773603648824,697.1883841780134,-331.0865546039099,-0.6717740747203834
14.040000000000001,0.018634096874013517,0.8513596844451342,0.0,-2.006320008667282,1.0,-0.0002928370247095777,-0.0002928370247095777,-1.2033447024137292,0.23239066389667679,-0.029045961482947642,-366.773603648824,697.1883841780134,-331.0865546039099,-0.6717740747203834
14.06,0.018792667687432957,0.8444781001700775,0.0,-2.006320008667282,1.0,-0.0002928370247095777,-0.0002928370247095777,-1.2033447024137292,0.23239066389667679,-0.029045961482947642,-366.773603648824,697.1883841780134,-331.0865546039099,-0.6717740747203834
14.08,0.01887707114752154,0.8342617302620196,0.0,-2.006320008667282,1.0,-0.0002928370247095777,-0.0002928370247095777,-1.2033447024137292,0.23239066389667679,-0.029045961482947642,-366.773603648824,697.1883841780134,-331.0865546039099,-0.6717740747203834
14.1,0.018886968877695746,0.8207506701652316,0.0,-2.006320008667282,1.0,-0.0002928370247095777,-0.0002928370247095777,-1.2033447024137292,0.23239066389667679,-0.029045961482947642,-366.773603648824,697.1883841780134,-331.0865546039099,-0.6717740747203834
14.120000000000001,0.018822316773269572,0.8039980972938461,0.0,-2.006320008667282,1.0,-0.0002928370247095777,-0.0002928370247095777,-1.2033447024137292,0.23239066389667679,-0.029045961482947642,-366.773603648824,697.1883841780134,-331.0865546039099,-0.6717740747203834
14.14,0.018683365354167345,0.7840700663003888,0.0,-2.006320008667282,1.0,-0.0002928370247095777,-0.0002928370247095777,-1.2033447024137292,0.23239066389667679,-0.029045961482947642,-366.773603648824,697.1883841780134,-331.0865546039099,-0.6717740747203834
14.16,0.018470658940380316,0.7610452505321511,0.0,-2.006320008667282,1.0,-0.0002928370247095777,-0.0002928370247095777,-1.2033447024137292,0.23239066389667679,-0.029045961482947642,-366.773603648824,697.1883841780134,-331.0865546039099,-0.6717740747203834
14.18,0.01818503364760552,0.7350146306200869,0.0,-2.006320008667282,1.0,-0.0002928370247095777,-0.0002928370247095777,-1.2033447024137292,0.23239066389667679,-0.029045961482947642,-366.773603648824,697.1883841780134,-331.0865546039099,-0.6717740747203834
14.200000000000001,0.01782761420587257,0.7060811314587558,0.0,-2.006320008667282,1.0,-0.0002928370247095777,-0.0002928370247095777,-1.2033447024137292,0.23239066389667679,-0.029045961482947642,-366.773603648824,697.1883841780134,-331.0865546039099,-0.6717740747203834
14.22,0.017399809609513008,0.6743592091504635,0.0,-2.006320008667282,1.0,-0.0002928370247095777,-0.0002928370247095777,-1.2033447024137292,0.23239066389667679,-0.029045961482947642,-366.773603648824,697.1883841780134,-331.0865546039099,-0.6717740747203834
14.24,0.016903307612479882,0.6399743897833704,0.0,-2.006320008667282,1.0,-0.0002928370247095777,-0.0002928370247095777,-1.2033447024137292,0.23239066389667679,-0.029045961482947642,-366.773603648824,697.1883841780134,-331.0865546039099,-0.6717740747203834
14.26,0.016340068088753282,0.6030627622032471,0.0,-2.006320008667282,1.0,-0.0002928370247095777,-0.0002928370247095777,-1.2033447024137292,0.23239066389667679,-0.029045961482947642,-366.773603648824,697.1883841780134,-331.0865546039099,-0.6717740747203834
14.280000000000001,0.01571231528326946,0.5637704271969145,0.0,-2.006320008667282,1.0,-0.0002928370247095777,-0.0002928370247095777,-1.2033447024137292,0.23239066389667679,-0.029045961482947642,-366.773603648824,697.1883841780134,-331.0865546039099,-0.6717740747203834
14.3,0.015022528984458581,0.5222529057501362,0.0,-2.006320008667282,1.0,-0.0002928370247095777,-0.0002928370247095777,-1.2033447024137292,0.23239066389667679,-0.029045961482947642,-366.773603648824,697.1883841780134,-331.0865546039099,-0.6717740747203834
14.32,0.014273434654966059,0.47867450924965693,0.0,-2.006320008667282,1.0,-0.0002928370247095777,-0.0002928370247095777,-1.2033447024137292,0.23239066389667679,-0.029045961482947642,-366.773603648824,697.1883841780134,-331.0865546039099,-0.6717740747203834
14.34,0.013467992562441335,0.4332076746880974,0.0,-2.006320008667282,1.0,-0.0002928370247095777,-0.0002928370247095777,-1.2033447024137292,0.23239066389667679,-0.029045961482947642,-366.773603648824,697.1883841780134,-331.0865546039099,-0.6717740747203834
14.36,0.012609385957289429,0.38603226807142993,0.0,-2.006320008667282,1.0,-0.0002928370247095777,-0.0002928370247095777,-1.2033447024137292,0.23239066389667679,-0.029045961482947642,-366.773603648824,697.1883841780134,-331.0865546039099,-0.6717740747203834
14.38,0.011701008348987175,0.3373348593503823,0.0,-2.006320008667282,1.0,-0.0002928370247095777,-0.0002928370247095777,-1.2033447024137292,0.23239066389667679,-0.029045961482947642,-366.773603648824,697.1883841780134,-331.0865546039099,-0.6717740747203834
14.4,0.010746449936886523,0.28730797227882754,0.0,-2.006320008667282,1.0,-0.0002928370247095777,-0.0002928370247095777,-1.2033447024137292,0.23239066389667679,-0.029045961482947642,-366.773603648824,697.1883841780134,-331.0865546039099,-0.6717740747203834
14.42,0.009749483255313359,0.23614931264767552,0.0,-2.006320008667282,1.0,-0.0002928370247095777,-0.0002928370247095777,-1.2033447024137292,0.23239066389667679,-0.029045961482947642,-366.773603648824,697.1883841780134,-331.0865546039099,-0.6717740747203834
14.44,0.008714048096224437,0.1840609783701422,0.0,-2.006320008667282,1.0,-0.0002928370247095777,-0.0002928370247095777,-1.2033447024137292,0.23239066389667679,-0.029045961482947642,-366.773603648824,697.1883841780134,-331.0865546039099,-0.6717740747203834
14.46,0.0076442357756208185,0.13124865487413,0.0,-2.006320008667282,1.0,-0.0002928370247095777,-0.0002928370247095777,-1.2033447024137292,0.23239066389667679,-0.029045961482947642,-366.773603648824,697.1883841780134,-331.0865546039099,-0.6717740747203834
14.48,0.006544272812381892,0.07792079922939113,0.0,-2.006320008667282,1.0,-0.0002928370247095777,-0.0002928370247095777,-1.2033447024137292,0.23239066389667679,-0.029045961482947642,-366.773603648824,697.1883841780134,-331.0865546039099,-0.6717740747203834
14.5,0.005418504090118355,0.024287816371250187,0.0,-2.006320008667282,1.0,-0.0002928370247095777,-0.0002928370247095777,-1.2033447024137292,0.23239066389667679,-0.029045961482947642,-366.773603648824,697.1883841780134,-331.0865546039099,-0.6717740747203834
14.52,0.0042713755741109975,-0.029438769284330684,0.0,-2.006320008667282,1.0,-0.0002928370247095777,-0.0002928370247095777,-1.2033447024137292,0.23239066389667679,-0.029045961482947642,-366.773603648824,697.1883841780134,-331.0865546039099,-0.6717740747203834
14.540000000000001,0.0031074166563489552,-0.08304714364177246,0.0,-2.006320008667282,1.0,-0.0002928370247095777,-0.0002928370247095777,-1.2033447024137292,0.23239066389667679,-0.029045961482947642,-366.773603648824,697.1883841780134,-331.0865546039099,-0.6717740747203834
14.56,0.0019312222022020032,-0.1363260310426267,0.0,-2.006320008667282,1.0,-0.0002928370247095777,-0.0002928370247095777,-1.2033447024137292,0.23239066389667679,-0.029045961482947642,-366.773603648824,697.1883841780134,-331.0865546039099,-0.6717740747203834
14.58,0.0007474343723273304,-0.18906551771238814,0.0,-2.006320008667282,1.0,-0.0002928370247095777,-0.0002928370247095777,-1.2033447024137292,0.23239066389667679,-0.029045961482947642,-366.773603648824,697.1883841780134,-331.0865546039099,-0.6717740747203834
14.6,-0.00043927570687687673,-0.24105786765038306,0.0,-2.006320008667282,1.0,-0.0002928370247095777,-0.0002928370247095777,-1.2033447024137292,0.23239066389667679,-0.029045961482947642,-366.773603648824,697.1883841780134,-331.0865546039099,-0.6717740747203834
14.620000000000001,-0.0016242263516298488,-0.2920983281940003,0.0,-2.006320008667282,1.0,-0.0002928370247095777,-0.0002928370247095777,-1.2033447024137292,0.23239066389667679,-0.029045961482947642,-366.773603648824,697.1883841780134,-331.0865546039099,-0.6717740747203834
14.64,-0.002802743736230552,-0.3419859225809415,0.0,-2.006320008667282,1.0,-0.0002928370247095777,-0.0002928370247095777,-1.2033447024137292,0.23239066389667679,-0.029045961482947642,-366.773603648824,697.1883841780134,-331.0865546039099,-0.6717740747203834
14.66,-0.003970180245127337,-0.3905242269357724,0.0,-2.006320008667282,1.0,-0.0002928370247095777,-0.0002928370247095777,-1.2033447024137292,0.23239066389667679,-0.029045961482947642,-366.773603648824,697.1883841780134,-331.0865546039099,-0.6717740747203834
14.68,-0.005121932692476062,-0.43752212918206757,0.0,-2.006320008667282,1.0,-0.0002928370247095777,-0.0002928370247095777,-1.2033447024137292,0.23239066389667679,-0.029045961482947642,-366.773603648824,697.1883841780134,-331.0865546039099,-0.6717740747203834
14.700000000000001,-0.006253460341637296,-0.48279456746677896,0.0,-2.006320008667282,1.0,-0.0002928370247095777,-0.0002928370247095777,-1.2033447024137292,0.23239066389667679,-0.029045961482947642,-366.773603648824,697.1883841780134,-331.0865546039099,-0.6717740747203834
14.72,-0.007360302658712216,-0.5261632457384352,0.0,-2.006320008667282,1.0,-0.0002928370247095777,-0.0002928370247095777,-1.2033447024137292,0.23239066389667679,-0.029045961482947642,-366.773603648824,697.1883841780134,-331.0865546039099,-0.6717740747203834
14.74,-0.008438096735967302,-0.5674573241812877,0.0,-2.006320008667282,1.0,-0.0002928370247095777,-0.0002928370247095777,-1.2033447024137292,0.23239066389667679,-0.029045961482947642,-366.773603648824,697.1883841780134,-331.0865546039099,-0.6717740747203834
14.76,-0.009482594322761499,-0.6065140822423816,0.0,-2.006320008667282,1.0,-0.0002928370247095777,-0.0002928370247095777,-1.2033447024137292,0.23239066389667679,-0.029045961482947642,-366.773603648824,697.1883841780134,-331.0865546039099,-0.6717740747203834
14.780000000000001,-0.010489678403407154,-0.6431795520347394,0.0,-2.006320008667282,1.0,-0.0002928370247095777,-0.0002928370247095777,-1.2033447024137292,0.23239066389667679,-0.029045961482947642,-366.773603648824,697.1883841780134,-331.0865546039099,-0.6717740747203834
14.8,-0.011455379263189472,-0.6773091199235116,0.0,-2.006320008667282,1.0,-0.0002928370247095777,-0.0002928370247095777,-1.2033447024137292,0.23239066389667679,-0.029045961482947642,-366.773603648824,697.1883841780134,-331.0865546039099,-0.6717740747203834
14.82,-0.0123758899855818,-0.708768094136977,0.0,-2.006320008667282,1.0,-0.0002928370247095777,-0.0002928370247095777,-1.2033447024137292,0.23239066389667679,-0.029045961482947642,-366.773603648824,697.1883841780134,-331.0865546039099,-0.6717740747203834
14.84,-0.013247581325479992,-0.7374322362673358,0.0,-2.006320008667282,1.0,-0.0002928370247095777,-0.0002928370247095777,-1.2033447024137292,0.23239066389667679,-0.029045961482947642,-366.773603648824,697.1883841780134,-331.0865546039099,-0.6717740747203834
14.86,-0.014067015905099274,-0.7631882545691562,0.0,-2.006320008667282,1.0,-0.0002928370247095777,-0.0002928370247095777,-1.2033447024137292,0.23239066389667679,-0.029045961482947642,-366.773603648824,697.1883841780134,-331.0865546039099,-0.6717740747203834
14.88,-0.014830961680997986,-0.7859342570007857,0.0,-2.006320008667282,1.0,-0.0002928370247095777,-0.0002928370247095777,-1.2033447024137292,0.23239066389667679,-0.029045961482947642,-366.773603648824,697.1883841780134,-331.0865546039099,-0.6717740747203834
14.9,-0.015536404632567722,-0.8055801620106465,0.0,-2.006320008667282,1.0,-0.0002928370247095777,-0.0002928370247095777,-1.2033447024137292,0.23239066389667679,-0.029045961482947642,-366.773603648824,697.1883841780134,-331.0865546039099,-0.6717740747203834
14.92,-0.016180560624282282,-0.8220480651428262,0.0,-2.006320008667282,1.0,-0.0002928370247095777,-0.0002928370247095777,-1.2033447024137292,0.23239066389667679,-0.029045961482947642,-366.773603648824,697.1883841780134,-331.0865546039099,-0.6717740747203834
14.94,-0.016760886396041196,-0.835272559620305,0.0,-2.006320008667282,1.0,-0.0002928370247095777,-0.0002928370247095777,-1.2033447024137292,0.23239066389667679,-0.029045961482947642,-366.773603648824,697.1883841780134,-331.0865546039099,-0.6717740747203834
14.96,-0.01727508963814493,-0.8452010091792954,0.0,-2.006320008667282,1.0,-0.0002928370247095777,-0.0002928370247095777,-1.2033447024137292,0.23239066389667679,-0.029045961482947642,-366.773603648824,697.1883841780134,-331.0865546039099,-0.6717740747203834
14.98,-0.017721138109800427,-0.851793771557303,0.0,-2.006320008667282,1.0,-0.0002928370247095777,-0.0002928370247095777,-1.2033447024137292,0.23239066389667679,-0.029045961482947642,-366.773603648824,697.1883841780134,-331.0865546039099,-0.6717740747203834
15.0,-0.018097267762635212,-0.8550243711970101,0.0,-2.006320008667282,1.0,-0.0002928370247095777,-0.0002928370247095777,-1.2033447024137292,0.23239066389667679,-0.029045961482947642,-366.773603648824,697.1883841780134,-331.0865546039099,-0.6717740747203834
15.02,-0.018401989834647404,-0.8548796203252946,0.0,-2.006320008667282,1.0,-0.0002928370247095777,-0.0002928370247095777,-1.2033447024137292,0.23239066389667679,-0.029045961482947642,-366.773603648824,697.1883841780134,-331.0865546039099,-0.6717740747203834
15.040000000000001,-0.01863409687503327,-0.8513596845241527,0.0,-2.006320008667282,1.0,-0.0002928370247095777,-0.0002928370247095777,-1.2033447024137292,0.23239066389667679,-0.029045961482947642,-366.773603648824,697.1883841780134,-331.0865546039099,-0.6717740747203834
15.06,-0.018792667688185518,-0.8444781001135835,0.0,-2.006320008667282,1.0,-0.0002928370247095777,-0.0002928370247095777,-1.2033447024137292,0.23239066389667679,-0.029045961482947642,-366.773603648824,697.1883841780134,-331.0865546039099,-0.6717740747203834
15.08,-0.018877071148005114,-0.8342617301780882,0.0,-2.006320008667282,1.0,-0.0002928370247095777,-0.0002928370247095777,-1.2033447024137292,0.23239066389667679,-0.029045961482947642,-366.773603648824,697.1883841780134,-331.0865546039099,-0.6717740747203834
15.1,-0.018886968877954474,-0.8207506700865733,0.0,-2.006320008667282,1.0,-0.0002928370247095777,-0.0002928370247095777,-1.2033447024137292,0.23239066389667679,-0.029045961482947642,-366.773603648824,697.1883841780134,-331.0865546039099,-0.6717740747203834
15.120000000000001,-0.018822316773352686,-0.8039980972272638,0.0,-2.006320008667282,1.0,-0.0002928370247095777,-0.0002928370247095777,-1.2033447024137292,0.23239066389667679,-0.029045961482947642,-366.773603648824,697.1883841780134,-331.0865546039099,-0.6717740747203834
15.14,-0.01868336535411792,-0.7840700662456941,0.0,-2.006320008667282,1.0,-0.0002928370247095777,-0.0002928370247095777,-1.2033447024137292,0.23239066389667679,-0.029045961482947642,-366.773603648824,697.1883841780134,-331.0865546039099,-0.6717740747203834
15.16,-0.018470658940233548,-0.7610452504876692,0.0,-2.006320008667282,1.0,-0.0002928370247095777,-0.0002928370247095777,-1.2033447024137292,0.23239066389667679,-0.029045961482947642,-366.773603648824,697.1883841780134,-331.0865546039099,-0.6717740747203834
15.18,-0.018185033647389506,-0.7350146305840679,0.0,-2.006320008667282,1.0,-0.0002928370247095777,-0.0002928370247095777,-1.2033447024137292,0.23239066389667679,-0.029045961482947642,-366.773603648824,697.1883841780134,-331.0865546039099,-0.6717740747203834
15.200000000000001,-0.0178276142056095,-0.7060811314296838,0.0,-2.006320008667282,1.0,-0.0002928370247095777,-0.0002928370247095777,-1.2033447024137292,0.23239066389667679,-0.029045961482947642,-366.773603648824,697.1883841780134,-331.0865546039099,-0.6717740747203834
15.22,-0.017399809609220305,-0.6743592091270915,0.0,-2.006320008667282,1.0,-0.0002928370247095777,-0.0002928370247095777,-1.2033447024137292,0.23239066389667679,-0.029045961482947642,-366.773603648824,697.1883841780134,-331.0865546039099,-0.6717740747203834
15.24,-0.016903307612171018,-0.6399743897646424,0.0,-2.006320008667282,1.0,-0.0002928370247095777,-0.0002928370247095777,-1.2033447024137292,0.23239066389667679,-0.029045961482947642,-366.773603648824,697.1883841780134,-331.0865546039099,-0.6717740747203834
15.26,-0.016340068088438662,-0.6030627621883283,0.0,-2.006320008667282,1.0,-0.0002928370247095777,-0.0002928370247095777,-1.2033447024137292,0.23239066389667679,-0.029045961482947642,-366.773603648824,697.1883841780134,-331.0865546039099,-0.6717740747203834
15.280000000000001,-0.015712315282956944,-0.563770427185102,0.0,-2.006320008667282,1.0,-0.0002928370247095777,-0.0002928370247095777,-1.2033447024137292,0.23239066389667679,-0.029045961482947642,-366.773603648824,697.1883841780134,-331.0865546039099,-0.6717740747203834
15.3,-0.015022528984153995,-0.5222529057408493,0.0,-2.006320008667282,1.0,-0.0002928370247095777,-0.0002928370247095777,-1.2033447024137292,0.23239066389667679,-0.029045961482947642,-366.773603648824,697.1883841780134,-331.0865546039099,-0.6717740747203834
15.32,-0.014273434654673657,-0.47867450924243293,0.0,-2.006320008667282,1.0,-0.0002928370247095777,-0.0002928370247095777,-1.2033447024137292,0.23239066389667679,-0.029045961482947642,-366.773603648824,697.1883841780134,-331.0865546039099,-0.6717740747203834
15.34,-0.013467992562164126,-0.4332076746825607,0.0,-2.006320008667282,1.0,-0.0002928370247095777,-0.0002928370247095777,-1.2033447024137292,0.23239066389667679,-0.029045961482947642,-366.773603648824,697.1883841780134,-331.0865546039099,-0.6717740747203834
15.36,-0.012609385957029394,-0.3860322680672574,0.0,-2.006320008667282,1.0,-0.0002928370247095777,-0.0002928370247095777,-1.2033447024137292,0.23239066389667679,-0.029045961482947642,-366.773603648824,697.1883841780134,-331.0865546039099,-0.6717740747203834
15.38,-0.0117010083487455,-0.3373348593473112,0.0,-2.006320008667282,1.0,-0.0002928370247095777,-0.0002928370247095777,-1.2033447024137292,0.23239066389667679,-0.029045961482947642,-366.773603648824,697.1883841780134,-331.0865546039099,-0.6717740747203834
15.4,-0.010746449936663831,-0.2873079722766629,0.0,-2.006320008667282,1.0,-0.0002928370247095777,-0.0002928370247095777,-1.2033447024137292,0.23239066389667679,-0.029045961482947642,-366.773603648824,697.1883841780134,-331.0865546039099,-0.6717740747203834
15.42,-0.009749483255109742,-0.23614931264622496,0.0,-2.006320008667282,1.0,-0.0002928370247095777,-0.0002928370247095777,-1.2033447024137292,0.23239066389667679,-0.029045961482947642,-366.773603648824,697.1883841780134,-331.0865546039099,-0.6717740747203834
15.44,-0.008714048096039676,-0.18406097836927462,0.0,-2.006320008667282,1.0,-0.0002928370247095777,-0.0002928370247095777,-1.2033447024137292,0.23239066389667679,-0.029045961482947642,-366.773603648824,697.1883841780134,-331.0865546039099,-0.6717740747203834
15.46,-0.0076442357754544325,-0.13124865487373238,0.0,-2.006320008667282,1.0,-0.0002928370247095777,-0.0002928370247095777,-1.2033447024137292,0.23239066389667679,-0.029045961482947642,-366.773603648824,697.1883841780134,-331.0865546039099,-0.6717740747203834
15.48,-0.006544272812233199,-0.07792079922936568,0.0,-2.006320008667282,1.0,-0.0002928370247095777,-0.0002928370247095777,-1.2033447024137292,0.23239066389667679,-0.029045961482947642,-366.773603648824,697.1883841780134,-331.0865546039099,-0.6717740747203834
15.5,-0.005418504089986547,-0.02428781637152079,0.0,-2.006320008667282,1.0,-0.0002928370247095777,-0.0002928370247095777,-1.2033447024137292,0.23239066389667679,-0.029045961482947642,-366.773603648824,697.1883841780134,-331.0865546039099,-0.6717740747203834
15.52,-0.004271375573995169,0.029438769283828613,0.0,-2.006320008667282,1.0,-0.0002928370247095777,-0.0002928370247095777,-1.2033447024137292,0.23239066389667679,-0.029045961482947642,-366.773603648824,697.1883841780134,-331.0865546039099,-0.6717740747203834
15.540000000000001,-0.003107416656248139,0.08304714364109426,0.0,-2.006320008667282,1.0,-0.0002928370247095777,-0.0002928370247095777,-1.2033447024137292,0.23239066389667679,-0.029045961482947642,-366.773603648824,697.1883841780134,-331.0865546039099,-0.6717740747203834
15.56,-0.0019312222021152237,0.13632603104180924,0.0,-2.006320008667282,1.0,-0.0002928370247095777,-0.0002928370247095777,-1.2033447024137292,0.23239066389667679,-0.029045961482947642,-366.773603648824,697.1883841780134,-331.0865546039099,-0.6717740747203834
15.58,-0.0007474343722536211,0.1890655177114591,0.0,-2.006320008667282,1.0,-0.0002928370247095777,-0.0002928370247095777,-1.2033447024137292,0.23239066389667679,-0.029045961482947642,-366.773603648824,697.1883841780134,-331.0865546039099,-0.6717740747203834
15.6,0.0004392757069385236,0.24105786764938822,0.0,-2.006320008667282,1.0,-0.0002928370247095777,-0.0002928370247095777,-1.2033447024137292,0.23239066389667679,-0.029045961482947642,-366.773603648824,697.1883841780134,-331.0865546039099,-0.6717740747203834
15.620000000000001,0.001624226351680383,0.29209832819295467,0.0,-2.006320008667282,1.0,-0.0002928370247095777,-0.0002928370247095777,-1.2033447024137292,0.23239066389667679,-0.029045961482947642,-366.773603648824,697.1883841780134,-331.0865546039099,-0.6717740747203834
15.64,0.0028027437362708766,0.34198592257985605,0.0,-2.006320008667282,1.0,-0.0002928370247095777,-0.0002928370247095777,-1.2033447024137292,0.23239066389667679,-0.029045961482947642,-366.773603648824,697.1883841780134,-331.0865546039099,-0.6717740747203834
15.66,0.003970180245158348,0.39052422693467176,0.0,-2.006320008667282,1.0,-0.0002928370247095777,-0.0002928370247095777,-1.2033447024137292,0.23239066389667679,-0.029045961482947642,-366.773603648824,697.1883841780134,-331.0865546039099,-0.6717740747203834
15.68,0.0051219326924986,0.4375221291809619,0.0,-2.006320008667282,1.0,-0.0002928370247095777,-0.0002928370247095777,-1.2033447024137292,0.23239066389667679,-0.029045961482947642,-366.773603648824,697.1883841780134,-331.0865546039099,-0.6717740747203834
15.700000000000001,0.0062534603416521265,0.48279456746566535,0.0,-2.006320008667282,1.0,-0.0002928370247095777,-0.0002928370247095777,-1.2033447024137292,0.23239066389667679,-0.029045961482947642,-366.773603648824,697.1883841780134,-331.0865546039099,-0.6717740747203834
15.72,0.007360302658720108,0.5261632457373375,0.0,-2.006320008667282,1.0,-0.0002928370247095777,-0.0002928370247095777,-1.2033447024137292,0.23239066389667679,-0.029045961482947642,-366.773603648824,697.1883841780134,-331.0865546039099,-0.6717740747203834
15.74,0.008438096735968962,0.5674573241802103,0.0,-2.006320008667282,1.0,-0.0002928370247095777,-0.0002928370247095777,-1.2033447024137292,0.23239066389667679,-0.029045961482947642,-366.773603648824,697.1883841780134,-331.0865546039099,-0.6717740747203834
15.76,0.009482594322757547,0.6065140822413146,0.0,-2.006320008667282,1.0,-0.0002928370247095777,-0.0002928370247095777,-1.2033447024137292,0.23239066389667679,-0.029045961482947642,-366.773603648824,697.1883841780134,-331.0865546039099,-0.6717740747203834
15.780000000000001,0.010489678403398182,0.6431795520336878,0.0,-2.006320008667282,1.0,-0.0002928370247095777,-0.0002928370247095777,-1.2033447024137292,0.23239066389667679,-0.029045961482947642,-366.773603648824,697.1883841780134,-331.0865546039099,-0.6717740747203834
15.8,0.011455379263176073,0.6773091199224958,0.0,-2.006320008667282,1.0,-0.0002928370247095777,-0.0002928370247095777,-1.2033447024137292,0.23239066389667679,-0.029045961482947642,-366.773603648824,697.1883841780134,-331.0865546039099,-0.6717740747203834
15.82,0.01237588998556447,0.7087680941359834,0.0,-2.006320008667282,1.0,-0.0002928370247095777,-0.0002928370247095777,-1.2033447024137292,0.23239066389667679,-0.029045961482947642,-366.773603648824,697.1883841780134,-331.0865546039099,-0.6717740747203834
15.84,0.013247581325459232,0.7374322362663777,0.0,-2.006320008667282,1.0,-0.0002928370247095777,-0.0002928370247095777,-1.2033447024137292,0.23239066389667679,-0.029045961482947642,-366.773603648824,697.1883841780134,-331.0865546039099,-0.6717740747203834
15.860000000000001,0.014067015905075794,0.7631882545683271,0.0,-2.006320008667282,1.0,-0.0002928370247095777,-0.0002928370247095777,-1.2033447024137292,0.23239066389667679,-0.029045961482947642,-366.773603648824,697.1883841780134,-331.0865546039099,-0.6717740747203834
15.88,0.014830961680971614,0.7859342569998049,0.0,-2.006320008667282,1.0,-0.0002928370247095777,-0.0002928370247095777,-1.2033447024137292,0.23239066389667679,-0.029045961482947642,-366.773603648824,697.1883841780134,-331.0865546039099,-0.6717740747203834
15.9,0.015536404632539072,0.8055801620097343,0.0,-2.006320008667282,1.0,-0.0002928370247095777,-0.0002928370247095777,-1.2033447024137292,0.23239066389667679,-0.029045961482947642,-366.773603648824,697.1883841780134,-331.0865546039099,-0.6717740747203834
15.92,0.01618056062425175,0.8220480651419776,0.0,-2.006320008667282,1.0,-0.0002928370247095777,-0.0002928370247095777,-1.2033447024137292,0.23239066389667679,-0.029045961482947642,-366.773603648824,697.1883841780134,-331.0865546039099,-0.6717740747203834
15.94,0.016760886396009075,0.8352725596194841,0.0,-2.006320008667282,1.0,-0.0002928370247095777,-0.0002928370247095777,-1.2033447024137292,0.23239066389667679,-0.029045961482947642,-366.773603648824,697.1883841780134,-331.0865546039099,-0.6717740747203834
15.96,0.017275089638111505,0.8452010091785052,0.0,-2.006320008667282,1.0,-0.0002928370247095777,-0.0002928370247095777,-1.2033447024137292,0.23239066389667679,-0.029045961482947642,-366.773603648824,697.1883841780134,-331.0865546039099,-0.6717740747203834
15.98,0.017721138109765992,0.8517937715565589,0.0,-2.006320008667282,1.0,-0.0002928370247095777,-0.0002928370247095777,-1.2033447024137292,0.23239066389667679,-0.029045961482947642,-366.773603648824,697.1883841780134,-331.0865546039099,-0.6717740747203834
16.0,0.0180972677626,0.8550243711963021,0.0,-2.006320008667282,1.0,-0.0002928370247095777,-0.0002928370247095777,-1.2033447024137292,0.23239066389667679,-0.029045961482947642,-366.773603648824,697.1883841780134,-331.0865546039099,-0.6717740747203834
16.02,0.018401989833476243,0.8548796199081905,0.0,-2.006320008667282,1.0,-0.0002928370247095777,-0.0002928370247095777,-1.2033447024137292,0.23239066389667679,-0.029045961482947642,-366.773603648824,697.1883841780134,-331.0865546039099,-0.6717740747203834
16.04,0.018634096873990296,0.8513596844447017,0.0,-2.006320008667282,1.0,-0.0002928370247095777,-0.0002928370247095777,-1.2033447024137292,0.23239066389667679,-0.029045961482947642,-366.773603648824,697.1883841780134,-331.0865546039099,-0.6717740747203834
16.06,0.018792667687409493,0.8444781001696567,0.0,-2.006320008667282,1.0,-0.0002928370247095777,-0.0002928370247095777,-1.2033447024137292,0.23239066389667679,-0.029045961482947642,-366.773603648824,697.1883841780134,-331.0865546039099,-0.6717740747203834
16.080000000000002,0.01887707114749776,0.834261730261549,0.0,-2.006320008667282,1.0,-0.0002928370247095777,-0.0002928370247095777,-1.2033447024137292,0.23239066389667679,-0.029045961482947642,-366.773603648824,697.1883841780134,-331.0865546039099,-0.6717740747203834
16.1,0.0188869688776719,0.8207506701648155,0.0,-2.006320008667282,1.0,-0.0002928370247095777,-0.0002928370247095777,-1.2033447024137292,0.23239066389667679,-0.029045961482947642,-366.773603648824,697.1883841780134,-331.0865546039099,-0.6717740747203834
16.12,0.01882231677324595,0.8039980972935287,0.0,-2.006320008667282,1.0,-0.0002928370247095777,-0.0002928370247095777,-1.2033447024137292,0.23239066389667679,-0.029045961482947642,-366.773603648824,697.1883841780134,-331.0865546039099,-0.6717740747203834
16.14,0.01868336535414385,0.7840700663000454,0.0,-2.006320008667282,1.0,-0.0002928370247095777,-0.0002928370247095777,-1.2033447024137292,0.23239066389667679,-0.029045961482947642,-366.773603648824,697.1883841780134,-331.0865546039099,-0.6717740747203834
16.16,0.018470658940357005,0.7610452505318075,0.0,-2.006320008667282,1.0,-0.0002928370247095777,-0.0002928370247095777,-1.2033447024137292,0.23239066389667679,-0.029045961482947642,-366.773603648824,697.1883841780134,-331.0865546039099,-0.6717740747203834
16.18,0.018185033647582453,0.7350146306197556,0.0,-2.006320008667282,1.0,-0.0002928370247095777,-0.0002928370247095777,-1.2033447024137292,0.23239066389667679,-0.029045961482947642,-366.773603648824,697.1883841780134,-331.0865546039099,-0.6717740747203834
16.2,0.01782761420585007,0.7060811314585399,0.0,-2.006320008667282,1.0,-0.0002928370247095777,-0.0002928370247095777,-1.2033447024137292,0.23239066389667679,-0.029045961482947642,-366.773603648824,697.1883841780134,-331.0865546039099,-0.6717740747203834
16.22,0.01739980960949085,0.6743592091501899,0.0,-2.006320008667282,1.0,-0.0002928370247095777,-0.0002928370247095777,-1.2033447024137292,0.23239066389667679,-0.029045961482947642,-366.773603648824,697.1883841780134,-331.0865546039099,-0.6717740747203834
16.240000000000002,0.016903307612457338,0.6399743897828125,0.0,-2.006320008667282,1.0,-0.0002928370247095777,-0.0002928370247095777,-1.2033447024137292,0.23239066389667679,-0.029045961482947642,-366.773603648824,697.1883841780134,-331.0865546039099,-0.6717740747203834
16.26,0.01634006808873114,0.6030627622028925,0.0,-2.006320008667282,1.0,-0.0002928370247095777,-0.0002928370247095777,-1.2033447024137292,0.23239066389667679,-0.029045961482947642,-366.773603648824,697.1883841780134,-331.0865546039099,-0.6717740747203834
16.28,0.015712315283248242,0.5637704271968005,0.0,-2.006320008667282,1.0,-0.0002928370247095777,-0.0002928370247095777,-1.2033447024137292,0.23239066389667679,-0.029045961482947642,-366.773603648824,697.1883841780134,-331.0865546039099,-0.6717740747203834
16.3,0.015022528984437896,0.5222529057499443,0.0,-2.006320008667282,1.0,-0.0002928370247095777,-0.0002928370247095777,-1.2033447024137292,0.23239066389667679,-0.029045961482947642,-366.773603648824,697.1883841780134,-331.0865546039099,-0.6717740747203834
16.32,0.014273434654945877,0.4786745092494351,0.0,-2.006320008667282,1.0,-0.0002928370247095777,-0.0002928370247095777,-1.2033447024137292,0.23239066389667679,-0.029045961482947642,-366.773603648824,697.1883841780134,-331.0865546039099,-0.6717740747203834
16.34,0.01346799256242165,0.4332076746878743,0.0,-2.006320008667282,1.0,-0.0002928370247095777,-0.0002928370247095777,-1.2033447024137292,0.23239066389667679,-0.029045961482947642,-366.773603648824,697.1883841780134,-331.0865546039099,-0.6717740747203834
16.36,0.012609385957270241,0.3860322680712093,0.0,-2.006320008667282,1.0,-0.0002928370247095777,-0.0002928370247095777,-1.2033447024137292,0.23239066389667679,-0.029045961482947642,-366.773603648824,697.1883841780134,-331.0865546039099,-0.6717740747203834
16.38,0.011701008348968985,0.33733485935035135,0.0,-2.006320008667282,1.0,-0.0002928370247095777,-0.0002928370247095777,-1.2033447024137292,0.23239066389667679,-0.029045961482947642,-366.773603648824,697.1883841780134,-331.0865546039099,-0.6717740747203834
16.4,0.010746449936868808,0.2873079722786672,0.0,-2.006320008667282,1.0,-0.0002928370247095777,-0.0002928370247095777,-1.2033447024137292,0.23239066389667679,-0.029045961482947642,-366.773603648824,697.1883841780134,-331.0865546039099,-0.6717740747203834
16.42,0.009749483255295014,0.23614931264708233,0.0,-2.006320008667282,1.0,-0.0002928370247095777,-0.0002928370247095777,-1.2033447024137292,0.23239066389667679,-0.029045961482947642,-366.773603648824,697.1883841780134,-331.0865546039099,-0.6717740747203834
16.44,0.008714048096206604,0.18406097836984847,0.0,-2.006320008667282,1.0,-0.0002928370247095777,-0.0002928370247095777,-1.2033447024137292,0.23239066389667679,-0.029045961482947642,-366.773603648824,697.1883841780134,-331.0865546039099,-0.6717740747203834
16.46,0.007644235775604183,0.13124865487416731,0.0,-2.006320008667282,1.0,-0.0002928370247095777,-0.0002928370247095777,-1.2033447024137292,0.23239066389667679,-0.029045961482947642,-366.773603648824,697.1883841780134,-331.0865546039099,-0.6717740747203834
16.48,0.006544272812365887,0.07792079922930986,0.0,-2.006320008667282,1.0,-0.0002928370247095777,-0.0002928370247095777,-1.2033447024137292,0.23239066389667679,-0.029045961482947642,-366.773603648824,697.1883841780134,-331.0865546039099,-0.6717740747203834
16.5,0.005418504090102904,0.02428781637111921,0.0,-2.006320008667282,1.0,-0.0002928370247095777,-0.0002928370247095777,-1.2033447024137292,0.23239066389667679,-0.029045961482947642,-366.773603648824,697.1883841780134,-331.0865546039099,-0.6717740747203834
16.52,0.004271375574096058,-0.029438769284474545,0.0,-2.006320008667282,1.0,-0.0002928370247095777,-0.0002928370247095777,-1.2033447024137292,0.23239066389667679,-0.029045961482947642,-366.773603648824,697.1883841780134,-331.0865546039099,-0.6717740747203834
16.54,0.0031074166563350445,-0.08304714364171945,0.0,-2.006320008667282,1.0,-0.0002928370247095777,-0.0002928370247095777,-1.2033447024137292,0.23239066389667679,-0.029045961482947642,-366.773603648824,697.1883841780134,-331.0865546039099,-0.6717740747203834
16.56,0.001931222202188533,-0.136326031042722,0.0,-2.006320008667282,1.0,-0.0002928370247095777,-0.0002928370247095777,-1.2033447024137292,0.23239066389667679,-0.029045961482947642,-366.773603648824,697.1883841780134,-331.0865546039099,-0.6717740747203834
16.580000000000002,0.0007474343723131646,-0.18906551771292945,0.0,-2.006320008667282,1.0,-0.0002928370247095777,-0.0002928370247095777,-1.2033447024137292,0.23239066389667679,-0.029045961482947642,-366.773603648824,697.1883841780134,-331.0865546039099,-0.6717740747203834
16.6,-0.0004392757068905802,-0.24105786765062054,0.0,-2.006320008667282,1.0,-0.0002928370247095777,-0.0002928370247095777,-1.2033447024137292,0.23239066389667679,-0.029045961482947642,-366.773603648824,697.1883841780134,-331.0865546039099,-0.6717740747203834
16.62,-0.00162422635164243,-0.29209832819391357,0.0,-2.006320008667282,1.0,-0.0002928370247095777,-0.0002928370247095777,-1.2033447024137292,0.23239066389667679,-0.029045961482947642,-366.773603648824,697.1883841780134,-331.0865546039099,-0.6717740747203834
16.64,-0.0028027437362425633,-0.3419859225809687,0.0,-2.006320008667282,1.0,-0.0002928370247095777,-0.0002928370247095777,-1.2033447024137292,0.23239066389667679,-0.029045961482947642,-366.773603648824,697.1883841780134,-331.0865546039099,-0.6717740747203834
16.66,-0.003970180245138874,-0.3905242269358551,0.0,-2.006320008667282,1.0,-0.0002928370247095777,-0.0002928370247095777,-1.2033447024137292,0.23239066389667679,-0.029045961482947642,-366.773603648824,697.1883841780134,-331.0865546039099,-0.6717740747203834
16.68,-0.005121932692487177,-0.4375221291821683,0.0,-2.006320008667282,1.0,-0.0002928370247095777,-0.0002928370247095777,-1.2033447024137292,0.23239066389667679,-0.029045961482947642,-366.773603648824,697.1883841780134,-331.0865546039099,-0.6717740747203834
16.7,-0.006253460341647527,-0.4827945674667041,0.0,-2.006320008667282,1.0,-0.0002928370247095777,-0.0002928370247095777,-1.2033447024137292,0.23239066389667679,-0.029045961482947642,-366.773603648824,697.1883841780134,-331.0865546039099,-0.6717740747203834
16.72,-0.007360302658722091,-0.5261632457384928,0.0,-2.006320008667282,1.0,-0.0002928370247095777,-0.0002928370247095777,-1.2033447024137292,0.23239066389667679,-0.029045961482947642,-366.773603648824,697.1883841780134,-331.0865546039099,-0.6717740747203834
16.740000000000002,-0.00843809673597775,-0.5674573241817126,0.0,-2.006320008667282,1.0,-0.0002928370247095777,-0.0002928370247095777,-1.2033447024137292,0.23239066389667679,-0.029045961482947642,-366.773603648824,697.1883841780134,-331.0865546039099,-0.6717740747203834
16.76,-0.009482594322771574,-0.6065140822425585,0.0,-2.006320008667282,1.0,-0.0002928370247095777,-0.0002928370247095777,-1.2033447024137292,0.23239066389667679,-0.029045961482947642,-366.773603648824,697.1883841780134,-331.0865546039099,-0.6717740747203834
16.78,-0.010489678403416362,-0.6431795520346669,0.0,-2.006320008667282,1.0,-0.0002928370247095777,-0.0002928370247095777,-1.2033447024137292,0.23239066389667679,-0.029045961482947642,-366.773603648824,697.1883841780134,-331.0865546039099,-0.6717740747203834
16.8,-0.01145537926319823,-0.6773091199235245,0.0,-2.006320008667282,1.0,-0.0002928370247095777,-0.0002928370247095777,-1.2033447024137292,0.23239066389667679,-0.029045961482947642,-366.773603648824,697.1883841780134,-331.0865546039099,-0.6717740747203834
16.82,-0.01237588998559018,-0.7087680941370308,0.0,-2.006320008667282,1.0,-0.0002928370247095777,-0.0002928370247095777,-1.2033447024137292,0.23239066389667679,-0.029045961482947642,-366.773603648824,697.1883841780134,-331.0865546039099,-0.6717740747203834
16.84,-0.013247581325488023,-0.737432236267399,0.0,-2.006320008667282,1.0,-0.0002928370247095777,-0.0002928370247095777,-1.2033447024137292,0.23239066389667679,-0.029045961482947642,-366.773603648824,697.1883841780134,-331.0865546039099,-0.6717740747203834
16.86,-0.01406701590510696,-0.7631882545692129,0.0,-2.006320008667282,1.0,-0.0002928370247095777,-0.0002928370247095777,-1.2033447024137292,0.23239066389667679,-0.029045961482947642,-366.773603648824,697.1883841780134,-331.0865546039099,-0.6717740747203834
16.88,-0.014830961681005105,-0.785934257000752,0.0,-2.006320008667282,1.0,-0.0002928370247095777,-0.0002928370247095777,-1.2033447024137292,0.23239066389667679,-0.029045961482947642,-366.773603648824,697.1883841780134,-331.0865546039099,-0.6717740747203834
16.9,-0.015536404632574564,-0.8055801620106854,0.0,-2.006320008667282,1.0,-0.0002928370247095777,-0.0002928370247095777,-1.2033447024137292,0.23239066389667679,-0.029045961482947642,-366.773603648824,697.1883841780134,-331.0865546039099,-0.6717740747203834
16.92,-0.01618056062428925,-0.8220480651430245,0.0,-2.006320008667282,1.0,-0.0002928370247095777,-0.0002928370247095777,-1.2033447024137292,0.23239066389667679,-0.029045961482947642,-366.773603648824,697.1883841780134,-331.0865546039099,-0.6717740747203834
16.94,-0.016760886396047857,-0.8352725596203825,0.0,-2.006320008667282,1.0,-0.0002928370247095777,-0.0002928370247095777,-1.2033447024137292,0.23239066389667679,-0.029045961482947642,-366.773603648824,697.1883841780134,-331.0865546039099,-0.6717740747203834
16.96,-0.017275089638151168,-0.845201009179295,0.0,-2.006320008667282,1.0,-0.0002928370247095777,-0.0002928370247095777,-1.2033447024137292,0.23239066389667679,-0.029045961482947642,-366.773603648824,697.1883841780134,-331.0865546039099,-0.6717740747203834
16.98,-0.01772113810980638,-0.851793771557332,0.0,-2.006320008667282,1.0,-0.0002928370247095777,-0.0002928370247095777,-1.2033447024137292,0.23239066389667679,-0.029045961482947642,-366.773603648824,697.1883841780134,-331.0865546039099,-0.6717740747203834
17.0,-0.018097267762640944,-0.8550243711970644,0.0,-2.006320008667282,1.0,-0.0002928370247095777,-0.0002928370247095777,-1.2033447024137292,0.23239066389667679,-0.029045961482947642,-366.773603648824,697.1883841780134,-331.0865546039099,-0.6717740747203834
17.02,-0.018401989833517547,-0.8548796199089262,0.0,-2.006320008667282,1.0,-0.0002928370247095777,-0.0002928370247095777,-1.2033447024137292,0.23239066389667679,-0.029045961482947642,-366.773603648824,697.1883841780134,-331.0865546039099,-0.6717740747203834
17.04,-0.01863409687403175,-0.8513596844453951,0.0,-2.006320008667282,1.0,-0.0002928370247095777,-0.0002928370247095777,-1.2033447024137292,0.23239066389667679,-0.029045961482947642,-366.773603648824,697.1883841780134,-331.0865546039099,-0.6717740747203834
17.06,-0.018792667687450977,-0.8444781001703308,0.0,-2.006320008667282,1.0,-0.0002928370247095777,-0.0002928370247095777,-1.2033447024137292,0.23239066389667679,-0.029045961482947642,-366.773603648824,697.1883841780134,-331.0865546039099,-0.6717740747203834
17.080000000000002,-0.01887707114753914,-0.8342617302621991,0.0,-2.006320008667282,1.0,-0.0002928370247095777,-0.0002928370247095777,-1.2033447024137292,0.23239066389667679,-0.029045961482947642,-366.773603648824,697.1883841780134,-331.0865546039099,-0.6717740747203834
17.1,-0.018886968877713052,-0.820750670165439,0.0,-2.006320008667282,1.0,-0.0002928370247095777,-0.0002928370247095777,-1.2033447024137292,0.23239066389667679,-0.029045961482947642,-366.773603648824,697.1883841780134,-331.0865546039099,-0.6717740747203834
17.12,-0.01882231677328673,-0.8039980972941154,0.0,-2.006320008667282,1.0,-0.0002928370247095777,-0.0002928370247095777,-1.2033447024137292,0.23239066389667679,-0.029045961482947642,-366.773603648824,697.1883841780134,-331.0865546039099,-0.6717740747203834
17.14,-0.018683365354184196,-0.7840700663006176,0.0,-2.006320008667282,1.0,-0.0002928370247095777,-0.0002928370247095777,-1.2033447024137292,0.23239066389667679,-0.029045961482947642,-366.773603648824,697.1883841780134,-331.0865546039099,-0.6717740747203834
17.16,-0.018470658940396824,-0.7610452505323556,0.0,-2.006320008667282,1.0,-0.0002928370247095777,-0.0002928370247095777,-1.2033447024137292,0.23239066389667679,-0.029045961482947642,-366.773603648824,697.1883841780134,-331.0865546039099,-0.6717740747203834
17.18,-0.01818503364762164,-0.735014630620269,0.0,-2.006320008667282,1.0,-0.0002928370247095777,-0.0002928370247095777,-1.2033447024137292,0.23239066389667679,-0.029045961482947642,-366.773603648824,697.1883841780134,-331.0865546039099,-0.6717740747203834
17.2,-0.017827614205888593,-0.7060811314590396,0.0,-2.006320008667282,1.0,-0.0002928370247095777,-0.0002928370247095777,-1.2033447024137292,0.23239066389667679,-0.029045961482947642,-366.773603648824,697.1883841780134,-331.0865546039099,-0.6717740747203834
17.22,-0.017399809609528617,-0.6743592091506602,0.0,-2.006320008667282,1.0,-0.0002928370247095777,-0.0002928370247095777,-1.2033447024137292,0.23239066389667679,-0.029045961482947642,-366.773603648824,697.1883841780134,-331.0865546039099,-0.6717740747203834
17.240000000000002,-0.016903307612494343,-0.6399743897832719,0.0,-2.006320008667282,1.0,-0.0002928370247095777,-0.0002928370247095777,-1.2033447024137292,0.23239066389667679,-0.029045961482947642,-366.773603648824,697.1883841780134,-331.0865546039099,-0.6717740747203834
17.26,-0.016340068088767316,-0.6030627622033238,0.0,-2.006320008667282,1.0,-0.0002928370247095777,-0.0002928370247095777,-1.2033447024137292,0.23239066389667679,-0.029045961482947642,-366.773603648824,697.1883841780134,-331.0865546039099,-0.6717740747203834
17.28,-0.01571231528328357,-0.5637704271972149,0.0,-2.006320008667282,1.0,-0.0002928370247095777,-0.0002928370247095777,-1.2033447024137292,0.23239066389667679,-0.029045961482947642,-366.773603648824,697.1883841780134,-331.0865546039099,-0.6717740747203834
17.3,-0.015022528984472346,-0.5222529057503358,0.0,-2.006320008667282,1.0,-0.0002928370247095777,-0.0002928370247095777,-1.2033447024137292,0.23239066389667679,-0.029045961482947642,-366.773603648824,697.1883841780134,-331.0865546039099,-0.6717740747203834
17.32,-0.014273434654979426,-0.47867450924980637,0.0,-2.006320008667282,1.0,-0.0002928370247095777,-0.0002928370247095777,-1.2033447024137292,0.23239066389667679,-0.029045961482947642,-366.773603648824,697.1883841780134,-331.0865546039099,-0.6717740747203834
17.34,-0.01346799256245431,-0.4332076746882359,0.0,-2.006320008667282,1.0,-0.0002928370247095777,-0.0002928370247095777,-1.2033447024137292,0.23239066389667679,-0.029045961482947642,-366.773603648824,697.1883841780134,-331.0865546039099,-0.6717740747203834
17.36,-0.012609385957302007,-0.3860322680715597,0.0,-2.006320008667282,1.0,-0.0002928370247095777,-0.0002928370247095777,-1.2033447024137292,0.23239066389667679,-0.029045961482947642,-366.773603648824,697.1883841780134,-331.0865546039099,-0.6717740747203834
17.38,-0.011701008348999828,-0.33733485935067764,0.0,-2.006320008667282,1.0,-0.0002928370247095777,-0.0002928370247095777,-1.2033447024137292,0.23239066389667679,-0.029045961482947642,-366.773603648824,697.1883841780134,-331.0865546039099,-0.6717740747203834
17.400000000000002,-0.010746449936897731,-0.28730797227860966,0.0,-2.006320008667282,1.0,-0.0002928370247095777,-0.0002928370247095777,-1.2033447024137292,0.23239066389667679,-0.029045961482947642,-366.773603648824,697.1883841780134,-331.0865546039099,-0.6717740747203834
17.42,-0.009749483255324149,-0.23614931264768063,0.0,-2.006320008667282,1.0,-0.0002928370247095777,-0.0002928370247095777,-1.2033447024137292,0.23239066389667679,-0.029045961482947642,-366.773603648824,697.1883841780134,-331.0865546039099,-0.6717740747203834
17.44,-0.008714048096234942,-0.18406097837024846,0.0,-2.006320008667282,1.0,-0.0002928370247095777,-0.0002928370247095777,-1.2033447024137292,0.23239066389667679,-0.029045961482947642,-366.773603648824,697.1883841780134,-331.0865546039099,-0.6717740747203834
17.46,-0.007644235775631608,-0.1312486548744555,0.0,-2.006320008667282,1.0,-0.0002928370247095777,-0.0002928370247095777,-1.2033447024137292,0.23239066389667679,-0.029045961482947642,-366.773603648824,697.1883841780134,-331.0865546039099,-0.6717740747203834
17.48,-0.006544272812392382,-0.07792079922956156,0.0,-2.006320008667282,1.0,-0.0002928370247095777,-0.0002928370247095777,-1.2033447024137292,0.23239066389667679,-0.029045961482947642,-366.773603648824,697.1883841780134,-331.0865546039099,-0.6717740747203834
17.5,-0.005418504090128456,-0.02428781637134632,0.0,-2.006320008667282,1.0,-0.0002928370247095777,-0.0002928370247095777,-1.2033447024137292,0.23239066389667679,-0.029045961482947642,-366.773603648824,697.1883841780134,-331.0865546039099,-0.6717740747203834
17.52,-0.004271375574120709,0.029438769284252708,0.0,-2.006320008667282,1.0,-0.0002928370247095777,-0.0002928370247095777,-1.2033447024137292,0.23239066389667679,-0.029045961482947642,-366.773603648824,697.1883841780134,-331.0865546039099,-0.6717740747203834
17.54,-0.0031074166563588197,0.0830471436415044,0.0,-2.006320008667282,1.0,-0.0002928370247095777,-0.0002928370247095777,-1.2033447024137292,0.23239066389667679,-0.029045961482947642,-366.773603648824,697.1883841780134,-331.0865546039099,-0.6717740747203834
17.56,-0.001931222202211454,0.13632603104251506,0.0,-2.006320008667282,1.0,-0.0002928370247095777,-0.0002928370247095777,-1.2033447024137292,0.23239066389667679,-0.029045961482947642,-366.773603648824,697.1883841780134,-331.0865546039099,-0.6717740747203834
17.580000000000002,-0.0007474343723352529,0.18906551771273125,0.0,-2.006320008667282,1.0,-0.0002928370247095777,-0.0002928370247095777,-1.2033447024137292,0.23239066389667679,-0.029045961482947642,-366.773603648824,697.1883841780134,-331.0865546039099,-0.6717740747203834
17.6,0.000439275706869309,0.24105786765043297,0.0,-2.006320008667282,1.0,-0.0002928370247095777,-0.0002928370247095777,-1.2033447024137292,0.23239066389667679,-0.029045961482947642,-366.773603648824,697.1883841780134,-331.0865546039099,-0.6717740747203834
17.62,0.001624226351621961,0.2920983281937374,0.0,-2.006320008667282,1.0,-0.0002928370247095777,-0.0002928370247095777,-1.2033447024137292,0.23239066389667679,-0.029045961482947642,-366.773603648824,697.1883841780134,-331.0865546039099,-0.6717740747203834
17.64,0.002802743736222851,0.34198592258079274,0.0,-2.006320008667282,1.0,-0.0002928370247095777,-0.0002928370247095777,-1.2033447024137292,0.23239066389667679,-0.029045961482947642,-366.773603648824,697.1883841780134,-331.0865546039099,-0.6717740747203834
17.66,0.003970180245119911,0.3905242269356897,0.0,-2.006320008667282,1.0,-0.0002928370247095777,-0.0002928370247095777,-1.2033447024137292,0.23239066389667679,-0.029045961482947642,-366.773603648824,697.1883841780134,-331.0865546039099,-0.6717740747203834
17.68,0.005121932692468925,0.43752212918200506,0.0,-2.006320008667282,1.0,-0.0002928370247095777,-0.0002928370247095777,-1.2033447024137292,0.23239066389667679,-0.029045961482947642,-366.773603648824,697.1883841780134,-331.0865546039099,-0.6717740747203834
17.7,0.006253460341629963,0.48279456746654537,0.0,-2.006320008667282,1.0,-0.0002928370247095777,-0.0002928370247095777,-1.2033447024137292,0.23239066389667679,-0.029045961482947642,-366.773603648824,697.1883841780134,-331.0865546039099,-0.6717740747203834
17.72,0.00736030265870522,0.5261632457383496,0.0,-2.006320008667282,1.0,-0.0002928370247095777,-0.0002928370247095777,-1.2033447024137292,0.23239066389667679,-0.029045961482947642,-366.773603648824,697.1883841780134,-331.0865546039099,-0.6717740747203834
17.740000000000002,0.008438096735961567,0.567457324181584,0.0,-2.006320008667282,1.0,-0.0002928370247095777,-0.0002928370247095777,-1.2033447024137292,0.23239066389667679,-0.029045961482947642,-366.773603648824,697.1883841780134,-331.0865546039099,-0.6717740747203834
17.76,0.009482594322756029,0.6065140822424275,0.0,-2.006320008667282,1.0,-0.0002928370247095777,-0.0002928370247095777,-1.2033447024137292,0.23239066389667679,-0.029045961482947642,-366.773603648824,697.1883841780134,-331.0865546039099,-0.6717740747203834
17.78,0.010489678403401438,0.6431795520345409,0.0,-2.006320008667282,1.0,-0.0002928370247095777,-0.0002928370247095777,-1.2033447024137292,0.23239066389667679,-0.029045961482947642,-366.773603648824,697.1883841780134,-331.0865546039099,-0.6717740747203834
17.8,0.01145537926318393,0.6773091199234124,0.0,-2.006320008667282,1.0,-0.0002928370247095777,-0.0002928370247095777,-1.2033447024137292,0.23239066389667679,-0.029045961482947642,-366.773603648824,697.1883841780134,-331.0865546039099,-0.6717740747203834
17.82,0.012375889985576451,0.7087680941369155,0.0,-2.006320008667282,1.0,-0.0002928370247095777,-0.0002928370247095777,-1.2033447024137292,0.23239066389667679,-0.029045961482947642,-366.773603648824,697.1883841780134,-331.0865546039099,-0.6717740747203834
17.84,0.013247581325474881,0.7374322362672978,0.0,-2.006320008667282,1.0,-0.0002928370247095777,-0.0002928370247095777,-1.2033447024137292,0.23239066389667679,-0.029045961482947642,-366.773603648824,697.1883841780134,-331.0865546039099,-0.6717740747203834
17.86,0.014067015905094389,0.7631882545691218,0.0,-2.006320008667282,1.0,-0.0002928370247095777,-0.0002928370247095777,-1.2033447024137292,0.23239066389667679,-0.029045961482947642,-366.773603648824,697.1883841780134,-331.0865546039099,-0.6717740747203834
17.88,0.014830961680993042,0.7859342570006518,0.0,-2.006320008667282,1.0,-0.0002928370247095777,-0.0002928370247095777,-1.2033447024137292,0.23239066389667679,-0.029045961482947642,-366.773603648824,697.1883841780134,-331.0865546039099,-0.6717740747203834
17.900000000000002,0.015536404632563418,0.805580162010743,0.0,-2.006320008667282,1.0,-0.0002928370247095777,-0.0002928370247095777,-1.2033447024137292,0.23239066389667679,-0.029045961482947642,-366.773603648824,697.1883841780134,-331.0865546039099,-0.6717740747203834
17.92,0.016180560624278206,0.822048065142841,0.0,-2.006320008667282,1.0,-0.0002928370247095777,-0.0002928370247095777,-1.2033447024137292,0.23239066389667679,-0.029045961482947642,-366.773603648824,697.1883841780134,-331.0865546039099,-0.6717740747203834
17.94,0.016760886396037247,0.8352725596202644,0.0,-2.006320008667282,1.0,-0.0002928370247095777,-0.0002928370247095777,-1.2033447024137292,0.23239066389667679,-0.029045961482947642,-366.773603648824,697.1883841780134,-331.0865546039099,-0.6717740747203834
17.96,0.017275089638140978,0.8452010091791998,0.0,-2.006320008667282,1.0,-0.0002928370247095777,-0.0002928370247095777,-1.2033447024137292,0.23239066389667679,-0.029045961482947642,-366.773603648824,697.1883841780134,-331.0865546039099,-0.6717740747203834
17.98,0.017721138109796638,0.8517937715572573,0.0,-2.006320008667282,1.0,-0.0002928370247095777,-0.0002928370247095777,-1.2033447024137292,0.23239066389667679,-0.029045961482947642,-366.773603648824,697.1883841780134,-331.0865546039099,-0.6717740747203834
18.0,0.018097267762631604,0.8550243711969862,0.0,-2.006320008667282,1.0,-0.0002928370247095777,-0.0002928370247095777,-1.2033447024137292,0.23239066389667679,-0.029045961482947642,-366.773603648824,697.1883841780134,-331.0865546039099,-0.6717740747203834
18.02,0.018401989833508596,0.8548796199088502,0.0,-2.006320008667282,1.0,-0.0002928370247095777,-0.0002928370247095777,-1.2033447024137292,0.23239066389667679,-0.029045961482947642,-366.773603648824,697.1883841780134,-331.0865546039099,-0.6717740747203834
18.04,0.018634096874023214,0.8513596844453382,0.0,-2.006320008667282,1.0,-0.0002928370247095777,-0.0002928370247095777,-1.2033447024137292,0.23239066389667679,-0.029045961482947642,-366.773603648824,697.1883841780134,-331.0865546039099,-0.6717740747203834
18.06,0.018792667687442807,0.8444781001702677,0.0,-2.006320008667282,1.0,-0.0002928370247095777,-0.0002928370247095777,-1.2033447024137292,0.23239066389667679,-0.029045961482947642,-366.773603648824,697.1883841780134,-331.0865546039099,-0.6717740747203834
18.080000000000002,0.018877071147531316,0.8342617302621359,0.0,-2.006320008667282,1.0,-0.0002928370247095777,-0.0002928370247095777,-1.2033447024137292,0.23239066389667679,-0.029045961482947642,-366.773603648824,697.1883841780134,-331.0865546039099,-0.6717740747203834
18.1,0.01888696887770556,0.8207506701653787,0.0,-2.006320008667282,1.0,-0.0002928370247095777,-0.0002928370247095777,-1.2033447024137292,0.23239066389667679,-0.029045961482947642,-366.773603648824,697.1883841780134,-331.0865546039099,-0.6717740747203834
18.12,0.018822316773279585,0.8039980972940672,0.0,-2.006320008667282,1.0,-0.0002928370247095777,-0.0002928370247095777,-1.2033447024137292,0.23239066389667679,-0.029045961482947642,-366.773603648824,697.1883841780134,-331.0865546039099,-0.6717740747203834
18.14,0.018683365354177358,0.7840700663005638,0.0,-2.006320008667282,1.0,-0.0002928370247095777,-0.0002928370247095777,-1.2033447024137292,0.23239066389667679,-0.029045961482947642,-366.773603648824,697.1883841780134,-331.0865546039099,-0.6717740747203834
18.16,0.018470658940390284,0.7610452505323039,0.0,-2.006320008667282,1.0,-0.0002928370247095777,-0.0002928370247095777,-1.2033447024137292,0.23239066389667679,-0.029045961482947642,-366.773603648824,697.1883841780134,-331.0865546039099,-0.6717740747203834
18.18,0.018185033647615412,0.7350146306202292,0.0,-2.006320008667282,1.0,-0.0002928370247095777,-0.0002928370247095777,-1.2033447024137292,0.23239066389667679,-0.029045961482947642,-366.773603648824,697.1883841780134,-331.0865546039099,-0.6717740747203834
18.2,0.017827614205882643,0.7060811314589952,0.0,-2.006320008667282,1.0,-0.0002928370247095777,-0.0002928370247095777,-1.2033447024137292,0.23239066389667679,-0.029045961482947642,-366.773603648824,697.1883841780134,-331.0865546039099,-0.6717740747203834
18.22,0.017399809609522962,0.6743592091506261,0.0,-2.006320008667282,1.0,-0.0002928370247095777,-0.0002928370247095777,-1.2033447024137292,0.23239066389667679,-0.029045961482947642,-366.773603648824,697.1883841780134,-331.0865546039099,-0.6717740747203834
18.240000000000002,0.016903307612488937,0.6399743897832293,0.0,-2.006320008667282,1.0,-0.0002928370247095777,-0.0002928370247095777,-1.2033447024137292,0.23239066389667679,-0.029045961482947642,-366.773603648824,697.1883841780134,-331.0865546039099,-0.6717740747203834
18.26,0.016340068088762174,0.6030627622032907,0.0,-2.006320008667282,1.0,-0.0002928370247095777,-0.0002928370247095777,-1.2033447024137292,0.23239066389667679,-0.029045961482947642,-366.773603648824,697.1883841780134,-331.0865546039099,-0.6717740747203834
18.28,0.01571231528327867,0.5637704271971804,0.0,-2.006320008667282,1.0,-0.0002928370247095777,-0.0002928370247095777,-1.2033447024137292,0.23239066389667679,-0.029045961482947642,-366.773603648824,697.1883841780134,-331.0865546039099,-0.6717740747203834
18.3,0.015022528984467695,0.5222529057503096,0.0,-2.006320008667282,1.0,-0.0002928370247095777,-0.0002928370247095777,-1.2033447024137292,0.23239066389667679,-0.029045961482947642,-366.773603648824,697.1883841780134,-331.0865546039099,-0.6717740747203834
18.32,0.014273434654975003,0.47867450924978006,0.0,-2.006320008667282,1.0,-0.0002928370247095777,-0.0002928370247095777,-1.2033447024137292,0.23239066389667679,-0.029045961482947642,-366.773603648824,697.1883841780134,-331.0865546039099,-0.6717740747203834
18.34,0.01346799256245007,0.4332076746881978,0.0,-2.006320008667282,1.0,-0.0002928370247095777,-0.0002928370247095777,-1.2033447024137292,0.23239066389667679,-0.029045961482947642,-366.773603648824,697.1883841780134,-331.0865546039099,-0.6717740747203834
18.36,0.012609385957297974,0.38603226807153074,0.0,-2.006320008667282,1.0,-0.0002928370247095777,-0.0002928370247095777,-1.2033447024137292,0.23239066389667679,-0.029045961482947642,-366.773603648824,697.1883841780134,-331.0865546039099,-0.6717740747203834
18.38,0.011701008348995994,0.33733485935065355,0.0,-2.006320008667282,1.0,-0.0002928370247095777,-0.0002928370247095777,-1.2033447024137292,0.23239066389667679,-0.029045961482947642,-366.773603648824,697.1883841780134,-331.0865546039099,-0.6717740747203834
18.400000000000002,0.010746449936894081,0.28730797227858634,0.0,-2.006320008667282,1.0,-0.0002928370247095777,-0.0002928370247095777,-1.2033447024137292,0.23239066389667679,-0.029045961482947642,-366.773603648824,697.1883841780134,-331.0865546039099,-0.6717740747203834
18.42,0.009749483255320664,0.2361493126476547,0.0,-2.006320008667282,1.0,-0.0002928370247095777,-0.0002928370247095777,-1.2033447024137292,0.23239066389667679,-0.029045961482947642,-366.773603648824,697.1883841780134,-331.0865546039099,-0.6717740747203834
18.44,0.008714048096231622,0.18406097837022597,0.0,-2.006320008667282,1.0,-0.0002928370247095777,-0.0002928370247095777,-1.2033447024137292,0.23239066389667679,-0.029045961482947642,-366.773603648824,697.1883841780134,-331.0865546039099,-0.6717740747203834
18.46,0.0076442357756284305,0.1312486548744289,0.0,-2.006320008667282,1.0,-0.0002928370247095777,-0.0002928370247095777,-1.2033447024137292,0.23239066389667679,-0.029045961482947642,-366.773603648824,697.1883841780134,-331.0865546039099,-0.6717740747203834
18.48,0.006544272812389364,0.07792079922954291,0.0,-2.006320008667282,1.0,-0.0002928370247095777,-0.0002928370247095777,-1.2033447024137292,0.23239066389667679,-0.029045961482947642,-366.773603648824,697.1883841780134,-331.0865546039099,-0.6717740747203834
18.5,0.005418504090125574,0.024287816371323614,0.0,-2.006320008667282,1.0,-0.0002928370247095777,-0.0002928370247095777,-1.2033447024137292,0.23239066389667679,-0.029045961482947642,-366.773603648824,697.1883841780134,-331.0865546039099,-0.6717740747203834
18.52,0.0042713755741179745,-0.02943876928426936,0.0,-2.006320008667282,1.0,-0.0002928370247095777,-0.0002928370247095777,-1.2033447024137292,0.23239066389667679,-0.029045961482947642,-366.773603648824,697.1883841780134,-331.0865546039099,-0.6717740747203834
18.54,0.003107416656356214,-0.08304714364152326,0.0,-2.006320008667282,1.0,-0.0002928370247095777,-0.0002928370247095777,-1.2033447024137292,0.23239066389667679,-0.029045961482947642,-366.773603648824,697.1883841780134,-331.0865546039099,-0.6717740747203834
18.56,0.0019312222022089742,-0.13632603104253277,0.0,-2.006320008667282,1.0,-0.0002928370247095777,-0.0002928370247095777,-1.2033447024137292,0.23239066389667679,-0.029045961482947642,-366.773603648824,697.1883841780134,-331.0865546039099,-0.6717740747203834
18.580000000000002,0.0007474343723328919,-0.18906551771274846,0.0,-2.006320008667282,1.0,-0.0002928370247095777,-0.0002928370247095777,-1.2033447024137292,0.23239066389667679,-0.029045961482947642,-366.773603648824,697.1883841780134,-331.0865546039099,-0.6717740747203834
18.6,-0.000439275706871539,-0.2410578676504429,0.0,-2.006320008667282,1.0,-0.0002928370247095777,-0.0002928370247095777,-1.2033447024137292,0.23239066389667679,-0.029045961482947642,-366.773603648824,697.1883841780134,-331.0865546039099,-0.6717740747203834
18.62,-0.0016242263516240644,-0.29209832819374426,0.0,-2.006320008667282,1.0,-0.0002928370247095777,-0.0002928370247095777,-1.2033447024137292,0.23239066389667679,-0.029045961482947642,-366.773603648824,697.1883841780134,-331.0865546039099,-0.6717740747203834
18.64,-0.002802743736224863,-0.3419859225808092,0.0,-2.006320008667282,1.0,-0.0002928370247095777,-0.0002928370247095777,-1.2033447024137292,0.23239066389667679,-0.029045961482947642,-366.773603648824,697.1883841780134,-331.0865546039099,-0.6717740747203834
18.66,-0.0039701802451218154,-0.39052422693570055,0.0,-2.006320008667282,1.0,-0.0002928370247095777,-0.0002928370247095777,-1.2033447024137292,0.23239066389667679,-0.029045961482947642,-366.773603648824,697.1883841780134,-331.0865546039099,-0.6717740747203834
18.68,-0.005121932692470752,-0.43752212918202305,0.0,-2.006320008667282,1.0,-0.0002928370247095777,-0.0002928370247095777,-1.2033447024137292,0.23239066389667679,-0.029045961482947642,-366.773603648824,697.1883841780134,-331.0865546039099,-0.6717740747203834
18.7,-0.0062534603416317175,-0.48279456746656607,0.0,-2.006320008667282,1.0,-0.0002928370247095777,-0.0002928370247095777,-1.2033447024137292,0.23239066389667679,-0.029045961482947642,-366.773603648824,697.1883841780134,-331.0865546039099,-0.6717740747203834
18.72,-0.007360302658706876,-0.52616324573836,0.0,-2.006320008667282,1.0,-0.0002928370247095777,-0.0002928370247095777,-1.2033447024137292,0.23239066389667679,-0.029045961482947642,-366.773603648824,697.1883841780134,-331.0865546039099,-0.6717740747203834
18.740000000000002,-0.008438096735963121,-0.5674573241815878,0.0,-2.006320008667282,1.0,-0.0002928370247095777,-0.0002928370247095777,-1.2033447024137292,0.23239066389667679,-0.029045961482947642,-366.773603648824,697.1883841780134,-331.0865546039099,-0.6717740747203834
18.76,-0.009482594322757523,-0.6065140822424432,0.0,-2.006320008667282,1.0,-0.0002928370247095777,-0.0002928370247095777,-1.2033447024137292,0.23239066389667679,-0.029045961482947642,-366.773603648824,697.1883841780134,-331.0865546039099,-0.6717740747203834
18.78,-0.010489678403402862,-0.6431795520345551,0.0,-2.006320008667282,1.0,-0.0002928370247095777,-0.0002928370247095777,-1.2033447024137292,0.23239066389667679,-0.029045961482947642,-366.773603648824,697.1883841780134,-331.0865546039099,-0.6717740747203834
18.8,-0.011455379263185258,-0.6773091199234148,0.0,-2.006320008667282,1.0,-0.0002928370247095777,-0.0002928370247095777,-1.2033447024137292,0.23239066389667679,-0.029045961482947642,-366.773603648824,697.1883841780134,-331.0865546039099,-0.6717740747203834
18.82,-0.012375889985577716,-0.7087680941369247,0.0,-2.006320008667282,1.0,-0.0002928370247095777,-0.0002928370247095777,-1.2033447024137292,0.23239066389667679,-0.029045961482947642,-366.773603648824,697.1883841780134,-331.0865546039099,-0.6717740747203834
18.84,-0.013247581325476055,-0.737432236267298,0.0,-2.006320008667282,1.0,-0.0002928370247095777,-0.0002928370247095777,-1.2033447024137292,0.23239066389667679,-0.029045961482947642,-366.773603648824,697.1883841780134,-331.0865546039099,-0.6717740747203834
18.86,-0.014067015905095483,-0.7631882545691209,0.0,-2.006320008667282,1.0,-0.0002928370247095777,-0.0002928370247095777,-1.2033447024137292,0.23239066389667679,-0.029045961482947642,-366.773603648824,697.1883841780134,-331.0865546039099,-0.6717740747203834
18.88,-0.014830961680994091,-0.7859342570006607,0.0,-2.006320008667282,1.0,-0.0002928370247095777,-0.0002928370247095777,-1.2033447024137292,0.23239066389667679,-0.029045961482947642,-366.773603648824,697.1883841780134,-331.0865546039099,-0.6717740747203834
18.900000000000002,-0.01553640463256443,-0.8055801620107564,0.0,-2.006320008667282,1.0,-0.0002928370247095777,-0.0002928370247095777,-1.2033447024137292,0.23239066389667679,-0.029045961482947642,-366.773603648824,697.1883841780134,-331.0865546039099,-0.6717740747203834
18.92,-0.01618056062427914,-0.8220480651428391,0.0,-2.006320008667282,1.0,-0.0002928370247095777,-0.0002928370247095777,-1.2033447024137292,0.23239066389667679,-0.029045961482947642,-366.773603648824,697.1883841780134,-331.0865546039099,-0.6717740747203834
18.94,-0.01676088639603811,-0.8352725596202594,0.0,-2.006320008667282,1.0,-0.0002928370247095777,-0.0002928370247095777,-1.2033447024137292,0.23239066389667679,-0.029045961482947642,-366.773603648824,697.1883841780134,-331.0865546039099,-0.6717740747203834
18.96,-0.017275089638141814,-0.8452010091792079,0.0,-2.006320008667282,1.0,-0.0002928370247095777,-0.0002928370247095777,-1.2033447024137292,0.23239066389667679,-0.029045961482947642,-366.773603648824,697.1883841780134,-331.0865546039099,-0.6717740747203834
18.98,-0.017721138109797415,-0.8517937715572566,0.0,-2.006320008667282,1.0,-0.0002928370247095777,-0.0002928370247095777,-1.2033447024137292,0.23239066389667679,-0.029045961482947642,-366.773603648824,697.1883841780134,-331.0865546039099,-0.6717740747203834
19.0,-0.01809726776263233,-0.8550243711969849,0.0,-2.006320008667282,1.0,-0.0002928370247095777,-0.0002928370247095777,-1.2033447024137292,0.23239066389667679,-0.029045961482947642,-366.773603648824,697.1883841780134,-331.0865546039099,-0.6717740747203834
19.02,-0.018401989833509307,-0.8548796199088617,0.0,-2.006320008667282,1.0,-0.0002928370247095777,-0.0002928370247095777,-1.2033447024137292,0.23239066389667679,-0.029045961482947642,-366.773603648824,697.1883841780134,-331.0865546039099,-0.6717740747203834
19.04,-0.018634096874023873,-0.8513596844453382,0.0,-2.006320008667282,1.0,-0.0002928370247095777,-0.0002928370247095777,-1.2033447024137292,0.23239066389667679,-0.029045961482947642,-366.773603648824,697.1883841780134,-331.0865546039099,-0.6717740747203834
19.06,-0.01879266768744345,-0.8444781001702757,0.0,-2.006320008667282,1.0,-0.0002928370247095777,-0.0002928370247095777,-1.2033447024137292,0.23239066389667679,-0.029045961482947642,-366.773603648824,697.1883841780134,-331.0865546039099,-0.6717740747203834
19.080000000000002,-0.018877071147531947,-0.8342617302621476,0.0,-2.006320008667282,1.0,-0.0002928370247095777,-0.0002928370247095777,-1.2033447024137292,0.23239066389667679,-0.029045961482947642,-366.773603648824,697.1883841780134,-331.0865546039099,-0.6717740747203834
19.1,-0.018886968877706183,-0.8207506701653908,0.0,-2.006320008667282,1.0,-0.0002928370247095777,-0.0002928370247095777,-1.2033447024137292,0.23239066389667679,-0.029045961482947642,-366.773603648824,697.1883841780134,-331.0865546039099,-0.6717740747203834
19.12,-0.01882231677328016,-0.803998097294066,0.0,-2.006320008667282,1.0,-0.0002928370247095777,-0.0002928370247095777,-1.2033447024137292,0.23239066389667679,-0.029045961482947642,-366.773603648824,697.1883841780134,-331.0865546039099,-0.6717740747203834
19.14,-0.01868336535417792,-0.7840700663005713,0.0,-2.006320008667282,1.0,-0.0002928370247095777,-0.0002928370247095777,-1.2033447024137292,0.23239066389667679,-0.029045961482947642,-366.773603648824,697.1883841780134,-331.0865546039099,-0.6717740747203834
19.16,-0.018470658940390836,-0.7610452505323144,0.0,-2.006320008667282,1.0,-0.0002928370247095777,-0.0002928370247095777,-1.2033447024137292,0.23239066389667679,-0.029045961482947642,-366.773603648824,697.1883841780134,-331.0865546039099,-0.6717740747203834
19.18,-0.018185033647615916,-0.735014630620226,0.0,-2.006320008667282,1.0,-0.0002928370247095777,-0.0002928370247095777,-1.2033447024137292,0.23239066389667679,-0.029045961482947642,-366.773603648824,697.1883841780134,-331.0865546039099,-0.6717740747203834
19.2,-0.017827614205883125,-0.706081131458998,0.0,-2.006320008667282,1.0,-0.0002928370247095777,-0.0002928370247095777,-1.2033447024137292,0.23239066389667679,-0.029045961482947642,-366.773603648824,697.1883841780134,-331.0865546039099,-0.6717740747203834
19.22,-0.0173998096095234,-0.6743592091506215,0.0,-2.006320008667282,1.0,-0.0002928370247095777,-0.0002928370247095777,-1.2033447024137292,0.23239066389667679,-0.029045961482947642,-366.773603648824,697.1883841780134,-331.0865546039099,-0.6717740747203834
19.240000000000002,-0.01690330761248936,-0.6399743897832347,0.0,-2.006320008667282,1.0,-0.0002928370247095777,-0.0002928370247095777,-1.2033447024137292,0.23239066389667679,-0.029045961482947642,-366.773603648824,697.1883841780134,-331.0865546039099,-0.6717740747203834
19.26,-0.016340068088762573,-0.6030627622032948,0.0,-2.006320008667282,1.0,-0.0002928370247095777,-0.0002928370247095777,-1.2033447024137292,0.23239066389667679,-0.029045961482947642,-366.773603648824,697.1883841780134,-331.0865546039099,-0.6717740747203834
19.28,-0.015712315283279044,-0.563770427197184,0.0,-2.006320008667282,1.0,-0.0002928370247095777,-0.0002928370247095777,-1.2033447024137292,0.23239066389667679,-0.029045961482947642,-366.773603648824,697.1883841780134,-331.0865546039099,-0.6717740747203834
19.3,-0.015022528984468028,-0.5222529057503068,0.0,-2.006320008667282,1.0,-0.0002928370247095777,-0.0002928370247095777,-1.2033447024137292,0.23239066389667679,-0.029045961482947642,-366.773603648824,697.1883841780134,-331.0865546039099,-0.6717740747203834
19.32,-0.014273434654975308,-0.4786745092497797,0.0,-2.006320008667282,1.0,-0.0002928370247095777,-0.0002928370247095777,-1.2033447024137292,0.23239066389667679,-0.029045961482947642,-366.773603648824,697.1883841780134,-331.0865546039099,-0.6717740747203834
19.34,-0.01346799256245038,-0.43320767468820803,0.0,-2.006320008667282,1.0,-0.0002928370247095777,-0.0002928370247095777,-1.2033447024137292,0.23239066389667679,-0.029045961482947642,-366.773603648824,697.1883841780134,-331.0865546039099,-0.6717740747203834
19.36,-0.012609385957298238,-0.3860322680715262,0.0,-2.006320008667282,1.0,-0.0002928370247095777,-0.0002928370247095777,-1.2033447024137292,0.23239066389667679,-0.029045961482947642,-366.773603648824,697.1883841780134,-331.0865546039099,-0.6717740747203834
19.38,-0.011701008348996237,-0.33733485935065366,0.0,-2.006320008667282,1.0,-0.0002928370247095777,-0.0002928370247095777,-1.2033447024137292,0.23239066389667679,-0.029045961482947642,-366.773603648824,697.1883841780134,-331.0865546039099,-0.6717740747203834
19.400000000000002,-0.0107464499368943,-0.28730797227858607,0.0,-2.006320008667282,1.0,-0.0002928370247095777,-0.0002928370247095777,-1.2033447024137292,0.23239066389667679,-0.029045961482947642,-366.773603648824,697.1883841780134,-331.0865546039099,-0.6717740747203834
19.42,-0.009749483255320865,-0.23614931264765554,0.0,-2.006320008667282,1.0,-0.0002928370247095777,-0.0002928370247095777,-1.2033447024137292,0.23239066389667679,-0.029045961482947642,-366.773603648824,697.1883841780134,-331.0865546039099,-0.6717740747203834
19.44,-0.00871404809623181,-0.18406097837022792,0.0,-2.006320008667282,1.0,-0.0002928370247095777,-0.0002928370247095777,-1.2033447024137292,0.23239066389667679,-0.029045961482947642,-366.773603648824,697.1883841780134,-331.0865546039099,-0.6717740747203834
19.46,-0.007644235775628626,-0.1312486548744386,0.0,-2.006320008667282,1.0,-0.0002928370247095777,-0.0002928370247095777,-1.2033447024137292,0.23239066389667679,-0.029045961482947642,-366.773603648824,697.1883841780134,-331.0865546039099,-0.6717740747203834
19.48,-0.00654427281238954,-0.07792079922954481,0.0,-2.006320008667282,1.0,-0.0002928370247095777,-0.0002928370247095777,-1.2033447024137292,0.23239066389667679,-0.029045961482947642,-366.773603648824,697.1883841780134,-331.0865546039099,-0.6717740747203834
19.5,-0.005418504090125746,-0.024287816371329485,0.0,-2.006320008667282,1.0,-0.0002928370247095777,-0.0002928370247095777,-1.2033447024137292,0.23239066389667679,-0.029045961482947642,-366.773603648824,697.1883841780134,-331.0865546039099,-0.6717740747203834
19.52,-0.004271375574118132,0.02943876928426601,0.0,-2.006320008667282,1.0,-0.0002928370247095777,-0.0002928370247095777,-1.2033447024137292,0.23239066389667679,-0.029045961482947642,-366.773603648824,697.1883841780134,-331.0865546039099,-0.6717740747203834
19.54,-0.0031074166563563677,0.0830471436415172,0.0,-2.006320008667282,1.0,-0.0002928370247095777,-0.0002928370247095777,-1.2033447024137292,0.23239066389667679,-0.029045961482947642,-366.773603648824,697.1883841780134,-331.0865546039099,-0.6717740747203834
19.56,-0.0019312222022091208,0.13632603104252722,0.0,-2.006320008667282,1.0,-0.0002928370247095777,-0.0002928370247095777,-1.2033447024137292,0.23239066389667679,-0.029045961482947642,-366.773603648824,697.1883841780134,-331.0865546039099,-0.6717740747203834
19.580000000000002,-0.0007474343723330185,0.18906551771274774,0.0,-2.006320008667282,1.0,-0.0002928370247095777,-0.0002928370247095777,-1.2033447024137292,0.23239066389667679,-0.029045961482947642,-366.773603648824,697.1883841780134,-331.0865546039099,-0.6717740747203834
19.6,0.00043927570687145746,0.24105786765045314,0.0,-2.006320008667282,1.0,-0.0002928370247095777,-0.0002928370247095777,-1.2033447024137292,0.23239066389667679,-0.029045961482947642,-366.773603648824,697.1883841780134,-331.0865546039099,-0.6717740747203834
19.62,0.001624226351624001,0.29209832819374826,0.0,-2.006320008667282,1.0,-0.0002928370247095777,-0.0002928370247095777,-1.2033447024137292,0.23239066389667679,-0.029045961482947642,-366.773603648824,697.1883841780134,-331.0865546039099,-0.6717740747203834
19.64,0.00280274373622481,0.34198592258080923,0.0,-2.006320008667282,1.0,-0.0002928370247095777,-0.0002928370247095777,-1.2033447024137292,0.23239066389667679,-0.029045961482947642,-366.773603648824,697.1883841780134,-331.0865546039099,-0.6717740747203834
19.66,0.0039701802451217825,0.3905242269357036,0.0,-2.006320008667282,1.0,-0.0002928370247095777,-0.0002928370247095777,-1.2033447024137292,0.23239066389667679,-0.029045961482947642,-366.773603648824,697.1883841780134,-331.0865546039099,-0.6717740747203834
19.68,0.0051219326924707214,0.4375221291820206,0.0,-2.006320008667282,1.0,-0.0002928370247095777,-0.0002928370247095777,-1.2033447024137292,0.23239066389667679,-0.029045961482947642,-366.773603648824,697.1883841780134,-331.0865546039099,-0.6717740747203834
19.7,0.006253460341631685,0.48279456746656024,0.0,-2.006320008667282,1.0,-0.0002928370247095777,-0.0002928370247095777,-1.2033447024137292,0.23239066389667679,-0.029045961482947642,-366.773603648824,697.1883841780134,-331.0865546039099,-0.6717740747203834
19.72,0.007360302658706876,0.5261632457383658,0.0,-2.006320008667282,1.0,-0.0002928370247095777,-0.0002928370247095777,-1.2033447024137292,0.23239066389667679,-0.029045961482947642,-366.773603648824,697.1883841780134,-331.0865546039099,-0.6717740747203834
19.740000000000002,0.008438096735963147,0.5674573241815947,0.0,-2.006320008667282,1.0,-0.0002928370247095777,-0.0002928370247095777,-1.2033447024137292,0.23239066389667679,-0.029045961482947642,-366.773603648824,697.1883841780134,-331.0865546039099,-0.6717740747203834
19.76,0.009482594322757547,0.6065140822424401,0.0,-2.006320008667282,1.0,-0.0002928370247095777,-0.0002928370247095777,-1.2033447024137292,0.23239066389667679,-0.029045961482947642,-366.773603648824,697.1883841780134,-331.0865546039099,-0.6717740747203834
19.78,0.010489678403402886,0.6431795520345504,0.0,-2.006320008667282,1.0,-0.0002928370247095777,-0.0002928370247095777,-1.2033447024137292,0.23239066389667679,-0.029045961482947642,-366.773603648824,697.1883841780134,-331.0865546039099,-0.6717740747203834
19.8,0.011455379263185307,0.6773091199234189,0.0,-2.006320008667282,1.0,-0.0002928370247095777,-0.0002928370247095777,-1.2033447024137292,0.23239066389667679,-0.029045961482947642,-366.773603648824,697.1883841780134,-331.0865546039099,-0.6717740747203834
19.82,0.012375889985577771,0.7087680941369252,0.0,-2.006320008667282,1.0,-0.0002928370247095777,-0.0002928370247095777,-1.2033447024137292,0.23239066389667679,-0.029045961482947642,-366.773603648824,697.1883841780134,-331.0865546039099,-0.6717740747203834
19.84,0.01324758132547614,0.7374322362673068,0.0,-2.006320008667282,1.0,-0.0002928370247095777,-0.0002928370247095777,-1.2033447024137292,0.23239066389667679,-0.029045961482947642,-366.773603648824,697.1883841780134,-331.0865546039099,-0.6717740747203834
19.86,0.014067015905095587,0.7631882545691296,0.0,-2.006320008667282,1.0,-0.0002928370247095777,-0.0002928370247095777,-1.2033447024137292,0.23239066389667679,-0.029045961482947642,-366.773603648824,697.1883841780134,-331.0865546039099,-0.6717740747203834
19.88,0.014830961680994181,0.7859342570006586,0.0,-2.006320008667282,1.0,-0.0002928370247095777,-0.0002928370247095777,-1.2033447024137292,0.23239066389667679,-0.029045961482947642,-366.773603648824,697.1883841780134,-331.0865546039099,-0.6717740747203834
19.900000000000002,0.015536404632564506,0.8055801620107512,0.0,-2.006320008667282,1.0,-0.0002928370247095777,-0.0002928370247095777,-1.2033447024137292,0.23239066389667679,-0.029045961482947642,-366.773603648824,697.1883841780134,-331.0865546039099,-0.6717740747203834
19.92,0.016180560624279236,0.8220480651428451,0.0,-2.006320008667282,1.0,-0.0002928370247095777,-0.0002928370247095777,-1.2033447024137292,0.23239066389667679,-0.029045961482947642,-366.773603648824,697.1883841780134,-331.0865546039099,-0.6717740747203834
19.94,0.016760886396038233,0.8352725596202702,0.0,-2.006320008667282,1.0,-0.0002928370247095777,-0.0002928370247095777,-1.2033447024137292,0.23239066389667679,-0.029045961482947642,-366.773603648824,697.1883841780134,-331.0865546039099,-0.6717740747203834
19.96,0.01727508963814192,0.8452010091792062,0.0,-2.006320008667282,1.0,-0.0002928370247095777,-0.0002928370247095777,-1.2033447024137292,0.23239066389667679,-0.029045961482947642,-366.773603648824,697.1883841780134,-331.0865546039099,-0.6717740747203834
19.98,0.01772113810979754,0.8517937715572628,0.0,-2.006320008667282,1.0,-0.0002928370247095777,-0.0002928370247095777,-1.2033447024137292,0.23239066389667679,-0.029045961482947642,-366.773603648824,697.1883841780134,-331.0865546039099,-0.6717740747203834
