t,y,u,ref,a1_est,a2_est,b1_est,b2_est,r1,r2,r3,s0,s1,s2,t0
0.0,0.1,36.677360364882404,0.0,-2.006320008667282,1.0,-0.0002928370247095777,-0.0002928370247095777,-1.2033447024137292,0.23239066389667679,-0.029045961482947642,-366.773603648824,697.1883841780134,-331.0865546039099,-0.6717740747203834
0.02,0.08963391470524051,7.292022781391566,0.0,-2.006320008667282,1.0,-0.0002928370247095777,-0.0002928370247095777,-1.2033447024137292,0.23239066389667679,-0.029045961482947642,-366.773603648824,697.1883841780134,-331.0865546039099,-0.6717740747203834
0.04,0.06701884541867664,-4.55098439521892,0.0,-2.006320008667282,1.0,-0.0002928370247095777,-0.0002928370247095777,-1.2033447024137292,0.23239066389667679,-0.029045961482947642,-366.773603648824,697.1883841780134,-331.0865546039099,-0.6717740747203834
0.06,0.044025707571968345,-7.006380913761207,0.0,-2.006320008667282,1.0,-0.0002928370247095777,-0.0002928370247095777,-1.2033447024137292,0.23239066389667679,-0.029045961482947642,-366.773603648824,697.1883841780134,-331.0865546039099,-0.6717740747203834
0.08,0.024689879945665384,-6.611258317701927,0.0,-2.006320008667282,1.0,-0.0002928370247095777,-0.0002928370247095777,-1.2033447024137292,0.23239066389667679,-0.029045961482947642,-366.773603648824,697.1883841780134,-331.0865546039099,-0.6717740747203834
0.1,0.009495667376673223,-5.614010406358674,0.0,-2.006320008667282,1.0,-0.0002928370247095777,-0.0002928370247095777,-1.2033447024137292,0.23239066389667679,-0.029045961482947642,-366.773603648824,697.1883841780134,-331.0865546039099,-0.6717740747203834
0.12,-0.002058941464947678,-4.623649133341052,0.0,-2.006320008667282,1.0,-0.0002928370247095777,-0.0002928370247095777,-1.2033447024137292,0.23239066389667679,-0.029045961482947642,-366.773603648824,697.1883841780134,-331.0865546039099,-0.6717740747203834
0.14,-0.010628623514641054,-3.7701711192390883,0.0,-2.006320008667282,1.0,-0.0002928370247095777,-0.0002928370247095777,-1.2033447024137292,0.23239066389667679,-0.029045961482947642,-366.773603648824,697.1883841780134,-331.0865546039099,-0.6717740747203834
0.16,-0.016807575266764897,-3.0614968125769617,0.0,-2.006320008667282,1.0,-0.0002928370247095777,-0.0002928370247095777,-1.2033447024137292,0.23239066389667679,-0.029045961482947642,-366.773603648824,697.1883841780134,-331.0865546039099,-0.6717740747203834
0.18,-0.021092462313858917,-2.4792882462441383,0.0,-2.006320008667282,1.0,-0.0002928370247095777,-0.0002928370247095777,-1.2033447024137292,0.23239066389667679,-0.029045961482947642,-366.773603648824,697.1883841780134,-331.0865546039099,-0.6717740747203834
0.2,-0.023888479748595832,-2.0024896156643175,0.0,-2.006320008667282,1.0,-0.0002928370247095777,-0.0002928370247095777,-1.2033447024137292,0.23239066389667679,-0.029045961482947642,-366.773603648824,697.1883841780134,-331.0865546039099,-0.6717740747203834
0.22,-0.025523436599622886,-1.6124288459721487,0.0,-2.006320008667282,1.0,-0.0002928370247095777,-0.0002928370247095777,-1.2033447024137292,0.23239066389667679,-0.029045961482947642,-366.773603648824,697.1883841780134,-331.0865546039099,-0.6717740747203834
0.24,-0.026261483832150826,-1.293491124904877,0.0,-2.006320008667282,1.0,-0.0002928370247095777,-0.0002928370247095777,-1.2033447024137292,0.23239066389667679,-0.029045961482947642,-366.773603648824,697.1883841780134,-331.0865546039099,-0.6717740747203834
0.26,-0.026314849761203813,-1.0328240017787638,0.0,-2.006320008667282,1.0,-0.0002928370247095777,-0.0002928370247095777,-1.2033447024137292,0.23239066389667679,-0.029045961482947642,-366.773603648824,697.1883841780134,-331.0865546039099,-0.6717740747203834
0.28,-0.025853536555173227,-0.8198939612389439,0.0,-2.006320008667282,1.0,-0.0002928370247095777,-0.0002928370247095777,-1.2033447024137292,0.23239066389667679,-0.029045961482947642,-366.773603648824,697.1883841780134,-331.0865546039099,-0.6717740747203834
0.3,-0.02501325429360464,-0.6460760751464834,0.0,-2.006320008667282,1.0,-0.0002928370247095777,-0.0002928370247095777,-1.2033447024137292,0.23239066389667679,-0.029045961482947642,-366.773603648824,697.1883841780134,-331.0865546039099,-0.6717740747203834
0.32,-0.023901894426448432,-0.5043078377897121,0.0,-2.006320008667282,1.0,-0.0002928370247095777,-0.0002928370247095777,-1.2033447024137292,0.23239066389667679,-0.029045961482947642,-366.773603648824,697.1883841780134,-331.0865546039099,-0.6717740747203834
0.34,-0.02260480715347354,-0.3888043343753456,0.0,-2.006320008667282,1.0,-0.0002928370247095777,-0.0002928370247095777,-1.2033447024137292,0.23239066389667679,-0.029045961482947642,-366.773603648824,697.1883841780134,-331.0865546039099,-0.6717740747203834
0.36,-0.021189102537174657,-0.29482549942495995,0.0,-2.006320008667282,1.0,-0.0002928370247095777,-0.0002928370247095777,-1.2033447024137292,0.23239066389667679,-0.029045961482947642,-366.773603648824,697.1883841780134,-331.0865546039099,-0.6717740747203834
0.38,-0.01970715524641352,-0.21848621675834695,0.0,-2.006320008667282,1.0,-0.0002928370247095777,-0.0002928370247095777,-1.2033447024137292,0.23239066389667679,-0.029045961482947642,-366.773603648824,697.1883841780134,-331.0865546039099,-0.6717740747203834
0.4,-0.018199459543900825,-0.15660132622951906,0.0,-2.006320008667282,1.0,-0.0002928370247095777,-0.0002928370247095777,-1.2033447024137292,0.23239066389667679,-0.029045961482947642,-366.773603648824,697.1883841780134,-331.0865546039099,-0.6717740747203834
0.42,-0.016696953934383876,-0.1065590131714621,0.0,-2.006320008667282,1.0,-0.0002928370247095777,-0.0002928370247095777,-1.2033447024137292,0.23239066389667679,-0.029045961482947642,-366.773603648824,697.1883841780134,-331.0865546039099,-0.6717740747203834
0.44,-0.015222912798919672,-0.06621728718837876,0.0,-2.006320008667282,1.0,-0.0002928370247095777,-0.0002928370247095777,-1.2033447024137292,0.23239066389667679,-0.029045961482947642,-366.773603648824,697.1883841780134,-331.0865546039099,-0.6717740747203834
0.46,-0.013794484410775756,-0.03381926959259508,0.0,-2.006320008667282,1.0,-0.0002928370247095777,-0.0002928370247095777,-1.2033447024137292,0.23239066389667679,-0.029045961482947642,-366.773603648824,697.1883841780134,-331.0865546039099,-0.6717740747203834
0.48,-0.012423940161400646,-0.007923825791644502,0.0,-2.006320008667282,1.0,-0.0002928370247095777,-0.0002928370247095777,-1.2033447024137292,0.23239066389667679,-0.029045961482947642,-366.773603648824,697.1883841780134,-331.0865546039099,-0.6717740747203834
0.5,-0.011119687970589306,0.012651265677353737,0.0,-2.006320008667282,1.0,-0.0002928370247095777,-0.0002928370247095777,-1.2033447024137292,0.23239066389667679,-0.029045961482947642,-366.773603648824,697.1883841780134,-331.0865546039099,-0.6717740747203834
0.52,-0.009887093192094605,0.028875889925300845,0.0,-2.006320008667282,1.0,-0.0002928370247095777,-0.0002928370247095777,-1.2033447024137292,0.23239066389667679,-0.029045961482947642,-366.773603648824,697.1883841780134,-331.0865546039099,-0.6717740747203834
0.54,-0.008729142437778245,0.04154577769356798,0.0,-2.006320008667282,1.0,-0.0002928370247095777,-0.0002928370247095777,-1.2033447024137292,0.23239066389667679,-0.029045961482947642,-366.773603648824,697.1883841780134,-331.0865546039099,-0.6717740747203834
0.56,-0.0076469792964039855,0.05131381030636475,0.0,-2.006320008667282,1.0,-0.0002928370247095777,-0.0002928370247095777,-1.2033447024137292,0.23239066389667679,-0.029045961482947642,-366.773603648824,697.1883841780134,-331.0865546039099,-0.6717740747203834
0.58,-0.00664033564944288,0.05871568846699405,0.0,-2.006320008667282,1.0,-0.0002928370247095777,-0.0002928370247095777,-1.2033447024137292,0.23239066389667679,-0.029045961482947642,-366.773603648824,697.1883841780134,-331.0865546039099,-0.6717740747203834
0.6,-0.005707877969705094,0.06419098060427791,0.0,-2.006320008667282,1.0,-0.0002928370247095777,-0.0002928370247095777,-1.2033447024137292,0.23239066389667679,-0.029045961482947642,-366.773603648824,697.1883841780134,-331.0865546039099,-0.6717740747203834
0.62,-0.004847484454248989,0.06810038286646687,0.0,-2.006320008667282,1.0,-0.0002928370247095777,-0.0002928370247095777,-1.2033447024137292,0.23239066389667679,-0.029045961482947642,-366.773603648824,697.1883841780134,-331.0865546039099,-0.6717740747203834
0.64,-0.00405646594863117,0.07073987282003168,0.0,-2.006320008667282,1.0,-0.0002928370247095777,-0.0002928370247095777,-1.2033447024137292,0.23239066389667679,-0.029045961482947642,-366.773603648824,697.1883841780134,-331.0865546039099,-0.6717740747203834
0.66,-0.0033317412492372073,0.07235231610945417,0.0,-2.006320008667282,1.0,-0.0002928370247095777,-0.0002928370247095777,-1.2033447024137292,0.23239066389667679,-0.029045961482947642,-366.773603648824,697.1883841780134,-331.0865546039099,-0.6717740747203834
0.68,-0.0026699754294794266,0.07313698471733857,0.0,-2.006320008667282,1.0,-0.0002928370247095777,-0.0002928370247095777,-1.2033447024137292,0.23239066389667679,-0.029045961482947642,-366.773603648824,697.1883841780134,-331.0865546039099,-0.6717740747203834
0.7000000000000001,-0.002067688246585334,0.07325736296588814,0.0,-2.006320008667282,1.0,-0.0002928370247095777,-0.0002928370247095777,-1.2033447024137292,0.23239066389667679,-0.029045961482947642,-366.773603648824,697.1883841780134,-331.0865546039099,-0.6717740747203834
0.72,-0.0015213383850589293,0.07284754973077,0.0,-2.006320008667282,1.0,-0.0002928370247095777,-0.0002928370247095777,-1.2033447024137292,0.23239066389667679,-0.029045961482947642,-366.773603648824,697.1883841780134,-331.0865546039099,-0.6717740747203834
0.74,-0.0010273882286480289,0.0720175098211248,0.0,-2.006320008667282,1.0,-0.0002928370247095777,-0.0002928370247095777,-1.2033447024137292,0.23239066389667679,-0.029045961482947642,-366.773603648824,697.1883841780134,-331.0865546039099,-0.6717740747203834
0.76,-0.0005823529821266333,0.07085738193071775,0.0,-2.006320008667282,1.0,-0.0002928370247095777,-0.0002928370247095777,-1.2033447024137292,0.23239066389667679,-0.029045961482947642,-366.773603648824,697.1883841780134,-331.0865546039099,-0.6717740747203834
0.78,-0.0001828372524051687,0.0694410131978577,0.0,-2.006320008667282,1.0,-0.0002928370247095777,-0.0002928370247095777,-1.2033447024137292,0.23239066389667679,-0.029045961482947642,-366.773603648824,697.1883841780134,-331.0865546039099,-0.6717740747203834
0.8,0.0001744383832914406,0.06782885976015049,0.0,-2.006320008667282,1.0,-0.0002928370247095777,-0.0002928370247095777,-1.2033447024137292,0.23239066389667679,-0.029045961482947642,-366.773603648824,697.1883841780134,-331.0865546039099,-0.6717740747203834
0.8200000000000001,0.0004926187697293606,0.06607036755180556,0.0,-2.006320008667282,1.0,-0.0002928370247095777,-0.0002928370247095777,-1.2033447024137292,0.23239066389667679,-0.029045961482947642,-366.773603648824,697.1883841780134,-331.0865546039099,-0.6717740747203834
0.84,0.0007747018621199902,0.06420592697812783,0.0,-2.006320008667282,1.0,-0.0002928370247095777,-0.0002928370247095777,-1.2033447024137292,0.23239066389667679,-0.029045961482947642,-366.773603648824,697.1883841780134,-331.0865546039099,-0.6717740747203834
0.86,0.0010235313631478658,0.06226847820256949,0.0,-2.006320008667282,1.0,-0.0002928370247095777,-0.0002928370247095777,-1.2033447024137292,0.23239066389667679,-0.029045961482947642,-366.773603648824,697.1883841780134,-331.0865546039099,-0.6717740747203834
0.88,0.0012417932193742021,0.06028482992946367,0.0,-2.006320008667282,1.0,-0.0002928370247095777,-0.0002928370247095777,-1.2033447024137292,0.23239066389667679,-0.029045961482947642,-366.773603648824,697.1883841780134,-331.0865546039099,-0.6717740747203834
0.9,0.0014320150984381802,0.05827674321283916,0.0,-2.006320008667282,1.0,-0.0002928370247095777,-0.0002928370247095777,-1.2033447024137292,0.23239066389667679,-0.029045961482947642,-366.773603648824,697.1883841780134,-331.0865546039099,-0.6717740747203834
0.92,0.0015965681400465267,0.05626182251859574,0.0,-2.006320008667282,1.0,-0.0002928370247095777,-0.0002928370247095777,-1.2033447024137292,0.23239066389667679,-0.029045961482947642,-366.773603648824,697.1883841780134,-331.0865546039099,-0.6717740747203834
0.9400000000000001,0.001737670413387759,0.05425424864477491,0.0,-2.006320008667282,1.0,-0.0002928370247095777,-0.0002928370247095777,-1.2033447024137292,0.23239066389667679,-0.029045961482947642,-366.773603648824,697.1883841780134,-331.0865546039099,-0.6717740747203834
0.96,0.0018573916271670853,0.052265381859555066,0.0,-2.006320008667282,1.0,-0.0002928370247095777,-0.0002928370247095777,-1.2033447024137292,0.23239066389667679,-0.029045961482947642,-366.773603648824,697.1883841780134,-331.0865546039099,-0.6717740747203834
0.98,0.001957658730708903,0.05030425850038793,0.0,-2.006320008667282,1.0,-0.0002928370247095777,-0.0002928370247095777,-1.2033447024137292,0.23239066389667679,-0.029045961482947642,-366.773603648824,697.1883841780134,-331.0865546039099,-0.6717740747203834
1.0,0.0020402621194256687,0.048378000086479155,0.0,-2.006320008667282,1.0,-0.0002928370247095777,-0.0002928370247095777,-1.2033447024137292,0.23239066389667679,-0.029045961482947642,-366.773603648824,697.1883841780134,-331.0865546039099,-0.6717740747203834
1.02,0.00210686221860324,0.04649215056343434,0.0,-2.006320008667282,1.0,-0.0002928370247095777,-0.0002928370247095777,-1.2033447024137292,0.23239066389667679,-0.029045961482947642,-366.773603648824,697.1883841780134,-331.0865546039099,-0.6717740747203834
1.04,0.0021589962685198087,0.04465095448626303,0.0,-2.006320008667282,1.0,-0.0002928370247095777,-0.0002928370247095777,-1.2033447024137292,0.23239066389667679,-0.029045961482947642,-366.773603648824,697.1883841780134,-331.0865546039099,-0.6717740747203834
1.06,0.0021980851735378644,0.042857586642818205,0.0,-2.006320008667282,1.0,-0.0002928370247095777,-0.0002928370247095777,-1.2033447024137292,0.23239066389667679,-0.029045961482947642,-366.773603648824,697.1883841780134,-331.0865546039099,-0.6717740747203834
1.08,0.002225440309735253,0.04111434173207804,0.0,-2.006320008667282,1.0,-0.0002928370247095777,-0.0002928370247095777,-1.2033447024137292,0.23239066389667679,-0.029045961482947642,-366.773603648824,697.1883841780134,-331.0865546039099,-0.6717740747203834
1.1,0.0022422702113020616,0.0394227911650923,0.0,-2.006320008667282,1.0,-0.0002928370247095777,-0.0002928370247095777,-1.2033447024137292,0.23239066389667679,-0.029045961482947642,-366.773603648824,697.1883841780134,-331.0865546039099,-0.6717740747203834
1.12,0.0022496870764928713,0.037783912789167734,0.0,-2.006320008667282,1.0,-0.0002928370247095777,-0.0002928370247095777,-1.2033447024137292,0.23239066389667679,-0.029045961482947642,-366.773603648824,697.1883841780134,-331.0865546039099,-0.6717740747203834
1.1400000000000001,0.0022487130503431366,0.03619819829738656,0.0,-2.006320008667282,1.0,-0.0002928370247095777,-0.0002928370247095777,-1.2033447024137292,0.23239066389667679,-0.029045961482947642,-366.773603648824,697.1883841780134,-331.0865546039099,-0.6717740747203834
1.16,0.0022402862544132567,0.03466574223442519,0.0,-2.006320008667282,1.0,-0.0002928370247095777,-0.0002928370247095777,-1.2033447024137292,0.23239066389667679,-0.029045961482947642,-366.773603648824,697.1883841780134,-331.0865546039099,-0.6717740747203834
1.18,0.002225266544150358,0.033186315811948565,0.0,-2.006320008667282,1.0,-0.0002928370247095777,-0.0002928370247095777,-1.2033447024137292,0.23239066389667679,-0.029045961482947642,-366.773603648824,697.1883841780134,-331.0865546039099,-0.6717740747203834
1.2,0.0022044409825748837,0.03175942817485406,0.0,-2.006320008667282,1.0,-0.0002928370247095777,-0.0002928370247095777,-1.2033447024137292,0.23239066389667679,-0.029045961482947642,-366.773603648824,697.1883841780134,-331.0865546039099,-0.6717740747203834
1.22,0.0021785290253299957,0.03038437729055423,0.0,-2.006320008667282,1.0,-0.0002928370247095777,-0.0002928370247095777,-1.2033447024137292,0.23239066389667679,-0.029045961482947642,-366.773603648824,697.1883841780134,-331.0865546039099,-0.6717740747203834
1.24,0.0021481874170215477,0.029060292248735985,0.0,-2.006320008667282,1.0,-0.0002928370247095777,-0.0002928370247095777,-1.2033447024137292,0.23239066389667679,-0.029045961482947642,-366.773603648824,697.1883841780134,-331.0865546039099,-0.6717740747203834
1.26,0.0021140148025059645,0.0277861684433583,0.0,-2.006320008667282,1.0,-0.0002928370247095777,-0.0002928370247095777,-1.2033447024137292,0.23239066389667679,-0.029045961482947642,-366.773603648824,697.1883841780134,-331.0865546039099,-0.6717740747203834
1.28,0.00207655605958153,0.02656089684956154,0.0,-2.006320008667282,1.0,-0.0002928370247095777,-0.0002928370247095777,-1.2033447024137292,0.23239066389667679,-0.029045961482947642,-366.773603648824,697.1883841780134,-331.0865546039099,-0.6717740747203834
1.3,0.0020363063615913635,0.025383288395465654,0.0,-2.006320008667282,1.0,-0.0002928370247095777,-0.0002928370247095777,-1.2033447024137292,0.23239066389667679,-0.029045961482947642,-366.773603648824,697.1883841780134,-331.0865546039099,-0.6717740747203834
1.32,0.00199371497990491,0.024252094254121778,0.0,-2.006320008667282,1.0,-0.0002928370247095777,-0.0002928370247095777,-1.2033447024137292,0.23239066389667679,-0.029045961482947642,-366.773603648824,697.1883841780134,-331.0865546039099,-0.6717740747203834
1.34,0.001949188837231797,0.023166022737348496,0.0,-2.006320008667282,1.0,-0.0002928370247095777,-0.0002928370247095777,-1.2033447024137292,0.23239066389667679,-0.029045961482947642,-366.773603648824,697.1883841780134,-331.0865546039099,-0.6717740747203834
1.36,0.001903095823336836,0.022123753355169244,0.0,-2.006320008667282,1.0,-0.0002928370247095777,-0.0002928370247095777,-1.2033447024137292,0.23239066389667679,-0.029045961482947642,-366.773603648824,697.1883841780134,-331.0865546039099,-0.6717740747203834
1.3800000000000001,0.0018557678850482744,0.02112394850751346,0.0,-2.006320008667282,1.0,-0.0002928370247095777,-0.0002928370247095777,-1.2033447024137292,0.23239066389667679,-0.029045961482947642,-366.773603648824,697.1883841780134,-331.0865546039099,-0.6717740747203834
1.4000000000000001,0.0018075039025481747,0.02016526319496015,0.0,-2.006320008667282,1.0,-0.0002928370247095777,-0.0002928370247095777,-1.2033447024137292,0.23239066389667679,-0.029045961482947642,-366.773603648824,697.1883841780134,-331.0865546039099,-0.6717740747203834
1.42,0.0017585723638564108,0.019246353069515536,0.0,-2.006320008667282,1.0,-0.0002928370247095777,-0.0002928370247095777,-1.2033447024137292,0.23239066389667679,-0.029045961482947642,-366.773603648824,697.1883841780134,-331.0865546039099,-0.6717740747203834
1.44,0.0017092138492104275,0.01836588109219685,0.0,-2.006320008667282,1.0,-0.0002928370247095777,-0.0002928370247095777,-1.2033447024137292,0.23239066389667679,-0.029045961482947642,-366.773603648824,697.1883841780134,-331.0865546039099,-0.6717740747203834
1.46,0.0016596433367354274,0.017522523019478653,0.0,-2.006320008667282,1.0,-0.0002928370247095777,-0.0002928370247095777,-1.2033447024137292,0.23239066389667679,-0.029045961482947642,-366.773603648824,697.1883841780134,-331.0865546039099,-0.6717740747203834
1.48,0.0016100523404210176,0.016714971903721353,0.0,-2.006320008667282,1.0,-0.0002928370247095777,-0.0002928370247095777,-1.2033447024137292,0.23239066389667679,-0.029045961482947642,-366.773603648824,697.1883841780134,-331.0865546039099,-0.6717740747203834
1.5,0.0015606108909921536,0.015941941762205713,0.0,-2.006320008667282,1.0,-0.0002928370247095777,-0.0002928370247095777,-1.2033447024137292,0.23239066389667679,-0.029045961482947642,-366.773603648824,697.1883841780134,-331.0865546039099,-0.6717740747203834
1.52,0.0015114693698014328,0.015202170544141504,0.0,-2.006320008667282,1.0,-0.0002928370247095777,-0.0002928370247095777,-1.2033447024137292,0.23239066389667679,-0.029045961482947642,-366.773603648824,697.1883841780134,-331.0865546039099,-0.6717740747203834
1.54,0.00146276020538987,0.014494422504111286,0.0,-2.006320008667282,1.0,-0.0002928370247095777,-0.0002928370247095777,-1.2033447024137292,0.23239066389667679,-0.029045961482947642,-366.773603648824,697.1883841780134,-331.0865546039099,-0.6717740747203834
1.56,0.0014145994418746954,0.013817490073067479,0.0,-2.006320008667282,1.0,-0.0002928370247095777,-0.0002928370247095777,-1.2033447024137292,0.23239066389667679,-0.029045961482947642,-366.773603648824,697.1883841780134,-331.0865546039099,-0.6717740747203834
1.58,0.0013670881878335734,0.013170195303594305,0.0,-2.006320008667282,1.0,-0.0002928370247095777,-0.0002928370247095777,-1.2033447024137292,0.23239066389667679,-0.029045961482947642,-366.773603648824,697.1883841780134,-331.0865546039099,-0.6717740747203834
1.6,0.0013203139538711531,0.012551390954159863,0.0,-2.006320008667282,1.0,-0.0002928370247095777,-0.0002928370247095777,-1.2033447024137292,0.23239066389667679,-0.029045961482947642,-366.773603648824,697.1883841780134,-331.0865546039099,-0.6717740747203834
1.62,0.0012743518865806888,0.011959961267097993,0.0,-2.006320008667282,1.0,-0.0002928370247095777,-0.0002928370247095777,-1.2033447024137292,0.23239066389667679,-0.029045961482947642,-366.773603648824,697.1883841780134,-331.0865546039099,-0.6717740747203834
1.6400000000000001,0.001229265906154072,0.011394822486721355,0.0,-2.006320008667282,1.0,-0.0002928370247095777,-0.0002928370247095777,-1.2033447024137292,0.23239066389667679,-0.029045961482947642,-366.773603648824,697.1883841780134,-331.0865546039099,-0.6717740747203834
1.6600000000000001,0.0011851097544504415,0.010854923156988787,0.0,-2.006320008667282,1.0,-0.0002928370247095777,-0.0002928370247095777,-1.2033447024137292,0.23239066389667679,-0.029045961482947642,-366.773603648824,697.1883841780134,-331.0865546039099,-0.6717740747203834
1.68,0.0011419279599082796,0.010339244232307207,0.0,-2.006320008667282,1.0,-0.0002928370247095777,-0.0002928370247095777,-1.2033447024137292,0.23239066389667679,-0.029045961482947642,-366.773603648824,697.1883841780134,-331.0865546039099,-0.6717740747203834
1.7,0.0010997567252796112,0.009846799030129302,0.0,-2.006320008667282,1.0,-0.0002928370247095777,-0.0002928370247095777,-1.2033447024137292,0.23239066389667679,-0.029045961482947642,-366.773603648824,697.1883841780134,-331.0865546039099,-0.6717740747203834
1.72,0.0010586247437782178,0.009376633049879735,0.0,-2.006320008667282,1.0,-0.0002928370247095777,-0.0002928370247095777,-1.2033447024137292,0.23239066389667679,-0.029045961482947642,-366.773603648824,697.1883841780134,-331.0865546039099,-0.6717740747203834
1.74,0.0010185539488667965,0.008927823679236802,0.0,-2.006320008667282,1.0,-0.0002928370247095777,-0.0002928370247095777,-1.2033447024137292,0.23239066389667679,-0.029045961482947642,-366.773603648824,697.1883841780134,-331.0865546039099,-0.6717740747203834
1.76,0.0009795602025607418,0.00849947980585146,0.0,-2.006320008667282,1.0,-0.0002928370247095777,-0.0002928370247095777,-1.2033447024137292,0.23239066389667679,-0.029045961482947642,-366.773603648824,697.1883841780134,-331.0865546039099,-0.6717740747203834
1.78,0.000941653926798318,0.008090741350068613,0.0,-2.006320008667282,1.0,-0.0002928370247095777,-0.0002928370247095777,-1.2033447024137292,0.23239066389667679,-0.029045961482947642,-366.773603648824,697.1883841780134,-331.0865546039099,-0.6717740747203834
1.8,0.0009048406821179944,0.007700778732080554,0.0,-2.006320008667282,1.0,-0.0002928370247095777,-0.0002928370247095777,-1.2033447024137292,0.23239066389667679,-0.029045961482947642,-366.773603648824,697.1883841780134,-331.0865546039099,-0.6717740747203834
1.82,0.0008691216975930328,0.007328792285118176,0.0,-2.006320008667282,1.0,-0.0002928370247095777,-0.0002928370247095777,-1.2033447024137292,0.23239066389667679,-0.029045961482947642,-366.773603648824,697.1883841780134,-331.0865546039099,-0.6717740747203834
1.84,0.0008344943557003632,0.0069740116247262425,0.0,-2.006320008667282,1.0,-0.0002928370247095777,-0.0002928370247095777,-1.2033447024137292,0.23239066389667679,-0.029045961482947642,-366.773603648824,697.1883841780134,-331.0865546039099,-0.6717740747203834
1.86,0.0008009526355446374,0.006635694982827129,0.0,-2.006320008667282,1.0,-0.0002928370247095777,-0.0002928370247095777,-1.2033447024137292,0.23239066389667679,-0.029045961482947642,-366.773603648824,697.1883841780134,-331.0865546039099,-0.6717740747203834
1.8800000000000001,0.0007684875176183178,0.006313128514120702,0.0,-2.006320008667282,1.0,-0.0002928370247095777,-0.0002928370247095777,-1.2033447024137292,0.23239066389667679,-0.029045961482947642,-366.773603648824,697.1883841780134,-331.0865546039099,-0.6717740747203834
1.9000000000000001,0.0007370873530539899,0.006005625581375087,0.0,-2.006320008667282,1.0,-0.0002928370247095777,-0.0002928370247095777,-1.2033447024137292,0.23239066389667679,-0.029045961482947642,-366.773603648824,697.1883841780134,-331.0865546039099,-0.6717740747203834
1.92,0.0007067382001149559,0.005712526025296633,0.0,-2.006320008667282,1.0,-0.0002928370247095777,-0.0002928370247095777,-1.2033447024137292,0.23239066389667679,-0.029045961482947642,-366.773603648824,697.1883841780134,-331.0865546039099,-0.6717740747203834
1.94,0.0006774241304738117,0.005433195423917413,0.0,-2.006320008667282,1.0,-0.0002928370247095777,-0.0002928370247095777,-1.2033447024137292,0.23239066389667679,-0.029045961482947642,-366.773603648824,697.1883841780134,-331.0865546039099,-0.6717740747203834
1.96,0.0006491275076453632,0.005167024345787699,0.0,-2.006320008667282,1.0,-0.0002928370247095777,-0.0002928370247095777,-1.2033447024137292,0.23239066389667679,-0.029045961482947642,-366.773603648824,697.1883841780134,-331.0865546039099,-0.6717740747203834
1.98,0.0006218292397691276,0.004913427600686504,0.0,-2.006320008667282,1.0,-0.0002928370247095777,-0.0002928370247095777,-1.2033447024137292,0.23239066389667679,-0.029045961482947642,-366.773603648824,697.1883841780134,-331.0865546039099,-0.6717740747203834
2.0,0.0005955090087771055,0.004671843491068211,0.0,-2.006320008667282,1.0,-0.0002928370247095777,-0.0002928370247095777,-1.2033447024137292,0.23239066389667679,-0.029045961482947642,-366.773603648824,697.1883841780134,-331.0865546039099,-0.6717740747203834
2.02,0.0005701454778337773,0.004441733067024104,0.0,-2.006320008667282,1.0,-0.0002928370247095777,-0.0002928370247095777,-1.2033447024137292,0.23239066389667679,-0.029045961482947642,-366.773603648824,697.1883841780134,-331.0865546039099,-0.6717740747203834
2.04,0.0005457164787967075,0.004222579387151755,0.0,-2.006320008667282,1.0,-0.0002928370247095777,-0.0002928370247095777,-1.2033447024137292,0.23239066389667679,-0.029045961482947642,-366.773603648824,697.1883841780134,-331.0865546039099,-0.6717740747203834
2.06,0.0005221991813171198,0.004013886787388182,0.0,-2.006320008667282,1.0,-0.0002928370247095777,-0.0002928370247095777,-1.2033447024137292,0.23239066389667679,-0.029045961482947642,-366.773603648824,697.1883841780134,-331.0865546039099,-0.6717740747203834
2.08,0.0004995702450797056,0.0038151801595628547,0.0,-2.006320008667282,1.0,-0.0002928370247095777,-0.0002928370247095777,-1.2033447024137292,0.23239066389667679,-0.029045961482947642,-366.773603648824,697.1883841780134,-331.0865546039099,-0.6717740747203834
2.1,0.0004778059565691921,0.0036260042411642244,0.0,-2.006320008667282,1.0,-0.0002928370247095777,-0.0002928370247095777,-1.2033447024137292,0.23239066389667679,-0.029045961482947642,-366.773603648824,697.1883841780134,-331.0865546039099,-0.6717740747203834
2.12,0.0004568823516472767,0.0034459229175782466,0.0,-2.006320008667282,1.0,-0.0002928370247095777,-0.0002928370247095777,-1.2033447024137292,0.23239066389667679,-0.029045961482947642,-366.773603648824,697.1883841780134,-331.0865546039099,-0.6717740747203834
2.14,0.0004367753251269197,0.0032745185378532534,0.0,-2.006320008667282,1.0,-0.0002928370247095777,-0.0002928370247095777,-1.2033447024137292,0.23239066389667679,-0.029045961482947642,-366.773603648824,697.1883841780134,-331.0865546039099,-0.6717740747203834
2.16,0.00041746072844119943,0.0031113912448614126,0.0,-2.006320008667282,1.0,-0.0002928370247095777,-0.0002928370247095777,-1.2033447024137292,0.23239066389667679,-0.029045961482947642,-366.773603648824,697.1883841780134,-331.0865546039099,-0.6717740747203834
2.18,0.0003989144564205134,0.002956158320565553,0.0,-2.006320008667282,1.0,-0.0002928370247095777,-0.0002928370247095777,-1.2033447024137292,0.23239066389667679,-0.029045961482947642,-366.773603648824,697.1883841780134,-331.0865546039099,-0.6717740747203834
2.2,0.0003811125241144383,0.0028084535469576452,0.0,-2.006320008667282,1.0,-0.0002928370247095777,-0.0002928370247095777,-1.2033447024137292,0.23239066389667679,-0.029045961482947642,-366.773603648824,697.1883841780134,-331.0865546039099,-0.6717740747203834
2.22,0.0003640311345226275,0.0026679265831071235,0.0,-2.006320008667282,1.0,-0.0002928370247095777,-0.0002928370247095777,-1.2033447024137292,0.23239066389667679,-0.029045961482947642,-366.773603648824,697.1883841780134,-331.0865546039099,-0.6717740747203834
2.24,0.0003476467380323684,0.002534242358646546,0.0,-2.006320008667282,1.0,-0.0002928370247095777,-0.0002928370247095777,-1.2033447024137292,0.23239066389667679,-0.029045961482947642,-366.773603648824,697.1883841780134,-331.0865546039099,-0.6717740747203834
2.2600000000000002,0.0003319360842984734,0.0024070804839215563,0.0,-2.006320008667282,1.0,-0.0002928370247095777,-0.0002928370247095777,-1.2033447024137292,0.23239066389667679,-0.029045961482947642,-366.773603648824,697.1883841780134,-331.0865546039099,-0.6717740747203834
2.2800000000000002,0.000316876267243723,0.002286134676945302,0.0,-2.006320008667282,1.0,-0.0002928370247095777,-0.0002928370247095777,-1.2033447024137292,0.23239066389667679,-0.029045961482947642,-366.773603648824,697.1883841780134,-331.0865546039099,-0.6717740747203834
2.3000000000000003,0.00030244476380480024,0.0021711122072198734,0.0,-2.006320008667282,1.0,-0.0002928370247095777,-0.0002928370247095777,-1.2033447024137292,0.23239066389667679,-0.029045961482947642,-366.773603648824,697.1883841780134,-331.0865546039099,-0.6717740747203834
2.32,0.00028861946699926787,0.0020617333564203933,0.0,-2.006320008667282,1.0,-0.0002928370247095777,-0.0002928370247095777,-1.2033447024137292,0.23239066389667679,-0.029045961482947642,-366.773603648824,697.1883841780134,-331.0865546039099,-0.6717740747203834
2.34,0.0002753787138433686,0.0019577308958757425,0.0,-2.006320008667282,1.0,-0.0002928370247095777,-0.0002928370247095777,-1.2033447024137292,0.23239066389667679,-0.029045961482947642,-366.773603648824,697.1883841780134,-331.0865546039099,-0.6717740747203834
2.36,0.00026270130860803713,0.0018588495807317852,0.0,-2.006320008667282,1.0,-0.0002928370247095777,-0.0002928370247095777,-1.2033447024137292,0.23239066389667679,-0.029045961482947642,-366.773603648824,697.1883841780134,-331.0865546039099,-0.6717740747203834
2.38,0.0002505665418612352,0.0017648456606317183,0.0,-2.006320008667282,1.0,-0.0002928370247095777,-0.0002928370247095777,-1.2033447024137292,0.23239066389667679,-0.029045961482947642,-366.773603648824,697.1883841780134,-331.0865546039099,-0.6717740747203834
2.4,0.0002389542057083784,0.0016754864067149763,0.0,-2.006320008667282,1.0,-0.0002928370247095777,-0.0002928370247095777,-1.2033447024137292,0.23239066389667679,-0.029045961482947642,-366.773603648824,697.1883841780134,-331.0865546039099,-0.6717740747203834
2.42,0.00022784460560897526,0.0015905496546985034,0.0,-2.006320008667282,1.0,-0.0002928370247095777,-0.0002928370247095777,-1.2033447024137292,0.23239066389667679,-0.029045961482947642,-366.773603648824,697.1883841780134,-331.0865546039099,-0.6717740747203834
2.44,0.00021721856911647395,0.0015098233637761852,0.0,-2.006320008667282,1.0,-0.0002928370247095777,-0.0002928370247095777,-1.2033447024137292,0.23239066389667679,-0.029045961482947642,-366.773603648824,697.1883841780134,-331.0865546039099,-0.6717740747203834
2.46,0.00020705745185952456,0.001433105191047623,0.0,-2.006320008667282,1.0,-0.0002928370247095777,-0.0002928370247095777,-1.2033447024137292,0.23239066389667679,-0.029045961482947642,-366.773603648824,697.1883841780134,-331.0865546039099,-0.6717740747203834
2.48,0.0001973431410562515,0.0013602020811666524,0.0,-2.006320008667282,1.0,-0.0002928370247095777,-0.0002928370247095777,-1.2033447024137292,0.23239066389667679,-0.029045961482947642,-366.773603648824,697.1883841780134,-331.0865546039099,-0.6717740747203834
2.5,0.00018805805682853486,0.0012909298708832248,0.0,-2.006320008667282,1.0,-0.0002928370247095777,-0.0002928370247095777,-1.2033447024137292,0.23239066389667679,-0.029045961482947642,-366.773603648824,697.1883841780134,-331.0865546039099,-0.6717740747203834
2.52,0.00017918515156057708,0.001225112908137218,0.0,-2.006320008667282,1.0,-0.0002928370247095777,-0.0002928370247095777,-1.2033447024137292,0.23239066389667679,-0.029045961482947642,-366.773603648824,697.1883841780134,-331.0865546039099,-0.6717740747203834
2.54,0.00017070790752504874,0.0011625836853526505,0.0,-2.006320008667282,1.0,-0.0002928370247095777,-0.0002928370247095777,-1.2033447024137292,0.23239066389667679,-0.029045961482947642,-366.773603648824,697.1883841780134,-331.0865546039099,-0.6717740747203834
2.56,0.00016261033298073903,0.0011031824865714844,0.0,-2.006320008667282,1.0,-0.0002928370247095777,-0.0002928370247095777,-1.2033447024137292,0.23239066389667679,-0.029045961482947642,-366.773603648824,697.1883841780134,-331.0865546039099,-0.6717740747203834
2.58,0.0001548769569277644,0.0010467570480598076,0.0,-2.006320008667282,1.0,-0.0002928370247095777,-0.0002928370247095777,-1.2033447024137292,0.23239066389667679,-0.029045961482947642,-366.773603648824,697.1883841780134,-331.0865546039099,-0.6717740747203834
2.6,0.00014749282268990786,0.00099316223201505,0.0,-2.006320008667282,1.0,-0.0002928370247095777,-0.0002928370247095777,-1.2033447024137292,0.23239066389667679,-0.029045961482947642,-366.773603648824,697.1883841780134,-331.0865546039099,-0.6717740747203834
2.62,0.0001404434804784662,0.0009422597130000735,0.0,-2.006320008667282,1.0,-0.0002928370247095777,-0.0002928370247095777,-1.2033447024137292,0.23239066389667679,-0.029045961482947642,-366.773603648824,697.1883841780134,-331.0865546039099,-0.6717740747203834
2.64,0.00013371497907798305,0.0008939176767290966,0.0,-2.006320008667282,1.0,-0.0002928370247095777,-0.0002928370247095777,-1.2033447024137292,0.23239066389667679,-0.029045961482947642,-366.773603648824,697.1883841780134,-331.0865546039099,-0.6717740747203834
2.66,0.00012729385678135125,0.0008480105308306731,0.0,-2.006320008667282,1.0,-0.0002928370247095777,-0.0002928370247095777,-1.2033447024137292,0.23239066389667679,-0.029045961482947642,-366.773603648824,697.1883841780134,-331.0865546039099,-0.6717740747203834
2.68,0.00012116713168990041,0.0008044186272148095,0.0,-2.006320008667282,1.0,-0.0002928370247095777,-0.0002928370247095777,-1.2033447024137292,0.23239066389667679,-0.029045961482947642,-366.773603648824,697.1883841780134,-331.0865546039099,-0.6717740747203834
2.7,0.00011532229148316629,0.000763027995673845,0.0,-2.006320008667282,1.0,-0.0002928370247095777,-0.0002928370247095777,-1.2033447024137292,0.23239066389667679,-0.029045961482947642,-366.773603648824,697.1883841780134,-331.0865546039099,-0.6717740747203834
2.72,0.0001097472827529994,0.0007237300883506261,0.0,-2.006320008667282,1.0,-0.0002928370247095777,-0.0002928370247095777,-1.2033447024137292,0.23239066389667679,-0.029045961482947642,-366.773603648824,697.1883841780134,-331.0865546039099,-0.6717740747203834
2.74,0.0001044304999874451,0.0006864215347118535,0.0,-2.006320008667282,1.0,-0.0002928370247095777,-0.0002928370247095777,-1.2033447024137292,0.23239066389667679,-0.029045961482947642,-366.773603648824,697.1883841780134,-331.0865546039099,-0.6717740747203834
2.7600000000000002,9.93607742813548e-05,0.0006510039066698281,0.0,-2.006320008667282,1.0,-0.0002928370247095777,-0.0002928370247095777,-1.2033447024137292,0.23239066389667679,-0.029045961482947642,-366.773603648824,697.1883841780134,-331.0865546039099,-0.6717740747203834
2.7800000000000002,9.452736184291354e-05,0.0006173834935019309,0.0,-2.006320008667282,1.0,-0.0002928370247095777,-0.0002928370247095777,-1.2033447024137292,0.23239066389667679,-0.029045961482947642,-366.773603648824,697.1883841780134,-331.0865546039099,-0.6717740747203834
2.8000000000000003,8.991993235813756e-05,0.0005854710862230706,0.0,-2.006320008667282,1.0,-0.0002928370247095777,-0.0002928370247095777,-1.2033447024137292,0.23239066389667679,-0.029045961482947642,-366.773603648824,697.1883841780134,-331.0865546039099,-0.6717740747203834
2.82,8.552855726886133e-05,0.0005551817710738045,0.0,-2.006320008667282,1.0,-0.0002928370247095777,-0.0002928370247095777,-1.2033447024137292,0.23239066389667679,-0.029045961482947642,-366.773603648824,697.1883841780134,-331.0865546039099,-0.6717740747203834
2.84,8.134369801374813e-05,0.0005264347317934838,0.0,-2.006320008667282,1.0,-0.0002928370247095777,-0.0002928370247095777,-1.2033447024137292,0.23239066389667679,-0.029045961482947642,-366.773603648824,697.1883841780134,-331.0865546039099,-0.6717740747203834
2.86,7.73561942763847e-05,0.0004991530603562326,0.0,-2.006320008667282,1.0,-0.0002928370247095777,-0.0002928370247095777,-1.2033447024137292,0.23239066389667679,-0.029045961482947642,-366.773603648824,697.1883841780134,-331.0865546039099,-0.6717740747203834
2.88,7.355725227951125e-05,0.0004732635758538167,0.0,-2.006320008667282,1.0,-0.0002928370247095777,-0.0002928370247095777,-1.2033447024137292,0.23239066389667679,-0.029045961482947642,-366.773603648824,697.1883841780134,-331.0865546039099,-0.6717740747203834
2.9,6.99384331598688e-05,0.0004486966512192463,0.0,-2.006320008667282,1.0,-0.0002928370247095777,-0.0002928370247095777,-1.2033447024137292,0.23239066389667679,-0.029045961482947642,-366.773603648824,697.1883841780134,-331.0865546039099,-0.6717740747203834
2.92,6.649164145397194e-05,0.00042538604749175774,0.0,-2.006320008667282,1.0,-0.0002928370247095777,-0.0002928370247095777,-1.2033447024137292,0.23239066389667679,-0.029045961482947642,-366.773603648824,697.1883841780134,-331.0865546039099,-0.6717740747203834
2.94,6.320911372131182e-05,0.00040326875533256464,0.0,-2.006320008667282,1.0,-0.0002928370247095777,-0.0002928370247095777,-1.2033447024137292,0.23239066389667679,-0.029045961482947642,-366.773603648824,697.1883841780134,-331.0865546039099,-0.6717740747203834
2.96,6.0083407328031785e-05,0.0003822848435090428,0.0,-2.006320008667282,1.0,-0.0002928370247095777,-0.0002928370247095777,-1.2033447024137292,0.23239066389667679,-0.029045961482947642,-366.773603648824,697.1883841780134,-331.0865546039099,-0.6717740747203834
2.98,5.7107389410967374e-05,0.0003623773140731413,0.0,-2.006320008667282,1.0,-0.0002928370247095777,-0.0002928370247095777,-1.2033447024137292,0.23239066389667679,-0.029045961482947642,-366.773603648824,697.1883841780134,-331.0865546039099,-0.6717740747203834
3.0,5.427422603908225e-05,0.00034349196396825073,0.0,-2.006320008667282,1.0,-0.0002928370247095777,-0.0002928370247095777,-1.2033447024137292,0.23239066389667679,-0.029045961482947642,-366.773603648824,697.1883841780134,-331.0865546039099,-0.6717740747203834
3.02,5.157737158673572e-05,0.00032557725280691144,0.0,-2.006320008667282,1.0,-0.0002928370247095777,-0.0002928370247095777,-1.2033447024137292,0.23239066389667679,-0.029045961482947642,-366.773603648824,697.1883841780134,-331.0865546039099,-0.6717740747203834
3.04,4.901055833086713e-05,0.0003085841765700517,0.0,-2.006320008667282,1.0,-0.0002928370247095777,-0.0002928370247095777,-1.2033447024137292,0.23239066389667679,-0.029045961482947642,-366.773603648824,697.1883841780134,-331.0865546039099,-0.6717740747203834
3.06,4.6567786282056415e-05,0.00029246614698644533,0.0,-2.006320008667282,1.0,-0.0002928370247095777,-0.0002928370247095777,-1.2033447024137292,0.23239066389667679,-0.029045961482947642,-366.773603648824,697.1883841780134,-331.0865546039099,-0.6717740747203834
3.08,4.4243313257500556e-05,0.00027717887635917283,0.0,-2.006320008667282,1.0,-0.0002928370247095777,-0.0002928370247095777,-1.2033447024137292,0.23239066389667679,-0.029045961482947642,-366.773603648824,697.1883841780134,-331.0865546039099,-0.6717740747203834
3.1,4.2031645202216427e-05,0.0002626802676137283,0.0,-2.006320008667282,1.0,-0.0002928370247095777,-0.0002928370247095777,-1.2033447024137292,0.23239066389667679,-0.029045961482947642,-366.773603648824,697.1883841780134,-331.0865546039099,-0.6717740747203834
3.12,3.992752676322496e-05,0.00024893030935020373,0.0,-2.006320008667282,1.0,-0.0002928370247095777,-0.0002928370247095777,-1.2033447024137292,0.23239066389667679,-0.029045961482947642,-366.773603648824,697.1883841780134,-331.0865546039099,-0.6717740747203834
3.14,3.7925932120075976e-05,0.0002358909756896366,0.0,-2.006320008667282,1.0,-0.0002928370247095777,-0.0002928370247095777,-1.2033447024137292,0.23239066389667679,-0.029045961482947642,-366.773603648824,697.1883841780134,-331.0865546039099,-0.6717740747203834
3.16,3.602205607382382e-05,0.00022352613071200617,0.0,-2.006320008667282,1.0,-0.0002928370247095777,-0.0002928370247095777,-1.2033447024137292,0.23239066389667679,-0.029045961482947642,-366.773603648824,697.1883841780134,-331.0865546039099,-0.6717740747203834
3.18,3.421130539544884e-05,0.00021180143729082504,0.0,-2.006320008667282,1.0,-0.0002928370247095777,-0.0002928370247095777,-1.2033447024137292,0.23239066389667679,-0.029045961482947642,-366.773603648824,697.1883841780134,-331.0865546039099,-0.6717740747203834
3.2,3.2489290433727334e-05,0.00020068427013625065,0.0,-2.006320008667282,1.0,-0.0002928370247095777,-0.0002928370247095777,-1.2033447024137292,0.23239066389667679,-0.029045961482947642,-366.773603648824,697.1883841780134,-331.0865546039099,-0.6717740747203834
3.22,3.085181698167249e-05,0.0001901436328657987,0.0,-2.006320008667282,1.0,-0.0002928370247095777,-0.0002928370247095777,-1.2033447024137292,0.23239066389667679,-0.029045961482947642,-366.773603648824,697.1883841780134,-331.0865546039099,-0.6717740747203834
3.24,2.9294878399891078e-05,0.0001801500789284183,0.0,-2.006320008667282,1.0,-0.0002928370247095777,-0.0002928370247095777,-1.2033447024137292,0.23239066389667679,-0.029045961482947642,-366.773603648824,697.1883841780134,-331.0865546039099,-0.6717740747203834
3.2600000000000002,2.7814647994516466e-05,0.00017067563621436926,0.0,-2.006320008667282,1.0,-0.0002928370247095777,-0.0002928370247095777,-1.2033447024137292,0.23239066389667679,-0.029045961482947642,-366.773603648824,697.1883841780134,-331.0865546039099,-0.6717740747203834
3.2800000000000002,2.640747164678003e-05,0.00016169373518982956,0.0,-2.006320008667282,1.0,-0.0002928370247095777,-0.0002928370247095777,-1.2033447024137292,0.23239066389667679,-0.029045961482947642,-366.773603648824,697.1883841780134,-331.0865546039099,-0.6717740747203834
3.3000000000000003,2.5069860690761436e-05,0.00015317914040133333,0.0,-2.006320008667282,1.0,-0.0002928370247095777,-0.0002928370247095777,-1.2033447024137292,0.23239066389667679,-0.029045961482947642,-366.773603648824,697.1883841780134,-331.0865546039099,-0.6717740747203834
3.3200000000000003,2.3798485035408107e-05,0.00014510788520131763,0.0,-2.006320008667282,1.0,-0.0002928370247095777,-0.0002928370247095777,-1.2033447024137292,0.23239066389667679,-0.029045961482947642,-366.773603648824,697.1883841780134,-331.0865546039099,-0.6717740747203834
3.34,2.2590166526527802e-05,0.0001374572095518654,0.0,-2.006320008667282,1.0,-0.0002928370247095777,-0.0002928370247095777,-1.2033447024137292,0.23239066389667679,-0.029045961482947642,-366.773603648824,697.1883841780134,-331.0865546039099,-0.6717740747203834
3.36,2.1441872544130003e-05,0.00013020550076947777,0.0,-2.006320008667282,1.0,-0.0002928370247095777,-0.0002928370247095777,-1.2033447024137292,0.23239066389667679,-0.029045961482947642,-366.773603648824,697.1883841780134,-331.0865546039099,-0.6717740747203834
3.38,2.035070983021715e-05,0.00012333223707941635,0.0,-2.006320008667282,1.0,-0.0002928370247095777,-0.0002928370247095777,-1.2033447024137292,0.23239066389667679,-0.029045961482947642,-366.773603648824,697.1883841780134,-331.0865546039099,-0.6717740747203834
3.4,1.9313918541898304e-05,0.00011681793385307618,0.0,-2.006320008667282,1.0,-0.0002928370247095777,-0.0002928370247095777,-1.2033447024137292,0.23239066389667679,-0.029045961482947642,-366.773603648824,697.1883841780134,-331.0865546039099,-0.6717740747203834
3.42,1.8328866524514307e-05,0.00011064409240756227,0.0,-2.006320008667282,1.0,-0.0002928370247095777,-0.0002928370247095777,-1.2033447024137292,0.23239066389667679,-0.029045961482947642,-366.773603648824,697.1883841780134,-331.0865546039099,-0.6717740747203834
3.44,1.739304379931744e-05,0.00010479315125123742,0.0,-2.006320008667282,1.0,-0.0002928370247095777,-0.0002928370247095777,-1.2033447024137292,0.23239066389667679,-0.029045961482947642,-366.773603648824,697.1883841780134,-331.0865546039099,-0.6717740747203834
3.46,1.6504057260138203e-05,9.924843966406073e-05,0.0,-2.006320008667282,1.0,-0.0002928370247095777,-0.0002928370247095777,-1.2033447024137292,0.23239066389667679,-0.029045961482947642,-366.773603648824,697.1883841780134,-331.0865546039099,-0.6717740747203834
3.48,1.5659625573392618e-05,9.399413350609971e-05,0.0,-2.006320008667282,1.0,-0.0002928370247095777,-0.0002928370247095777,-1.2033447024137292,0.23239066389667679,-0.029045961482947642,-366.773603648824,697.1883841780134,-331.0865546039099,-0.6717740747203834
3.5,1.4857574275732296e-05,8.90152131521216e-05,0.0,-2.006320008667282,1.0,-0.0002928370247095777,-0.0002928370247095777,-1.2033447024137292,0.23239066389667679,-0.029045961482947642,-366.773603648824,697.1883841780134,-331.0865546039099,-0.6717740747203834
3.52,1.4095831063613677e-05,8.429742345453054e-05,0.0,-2.006320008667282,1.0,-0.0002928370247095777,-0.0002928370247095777,-1.2033447024137292,0.23239066389667679,-0.029045961482947642,-366.773603648824,697.1883841780134,-331.0865546039099,-0.6717740747203834
3.54,1.3372421269059033e-05,7.982723564103557e-05,0.0,-2.006320008667282,1.0,-0.0002928370247095777,-0.0002928370247095777,-1.2033447024137292,0.23239066389667679,-0.029045961482947642,-366.773603648824,697.1883841780134,-331.0865546039099,-0.6717740747203834
3.56,1.2685463515898183e-05,7.55918110575177e-05,0.0,-2.006320008667282,1.0,-0.0002928370247095777,-0.0002928370247095777,-1.2033447024137292,0.23239066389667679,-0.029045961482947642,-366.773603648824,697.1883841780134,-331.0865546039099,-0.6717740747203834
3.58,1.2033165550813494e-05,7.157896667039626e-05,0.0,-2.006320008667282,1.0,-0.0002928370247095777,-0.0002928370247095777,-1.2033447024137292,0.23239066389667679,-0.029045961482947642,-366.773603648824,697.1883841780134,-331.0865546039099,-0.6717740747203834
3.6,1.1413820243559964e-05,6.777714224650356e-05,0.0,-2.006320008667282,1.0,-0.0002928370247095777,-0.0002928370247095777,-1.2033447024137292,0.23239066389667679,-0.029045961482947642,-366.773603648824,697.1883841780134,-331.0865546039099,-0.6717740747203834
3.62,1.082580175079487e-05,6.417536913211534e-05,0.0,-2.006320008667282,1.0,-0.0002928370247095777,-0.0002928370247095777,-1.2033447024137292,0.23239066389667679,-0.029045961482947642,-366.773603648824,697.1883841780134,-331.0865546039099,-0.6717740747203834
3.64,1.0267561838025968e-05,6.076324055616147e-05,0.0,-2.006320008667282,1.0,-0.0002928370247095777,-0.0002928370247095777,-1.2033447024137292,0.23239066389667679,-0.029045961482947642,-366.773603648824,697.1883841780134,-331.0865546039099,-0.6717740747203834
3.66,9.737626354271889e-06,5.75308833859894e-05,0.0,-2.006320008667282,1.0,-0.0002928370247095777,-0.0002928370247095777,-1.2033447024137292,0.23239066389667679,-0.029045961482947642,-366.773603648824,697.1883841780134,-331.0865546039099,-0.6717740747203834
3.68,9.234591854121827e-06,5.4468931267204805e-05,0.0,-2.006320008667282,1.0,-0.0002928370247095777,-0.0002928370247095777,-1.2033447024137292,0.23239066389667679,-0.029045961482947642,-366.773603648824,697.1883841780134,-331.0865546039099,-0.6717740747203834
3.7,8.757122361982532e-06,5.156849908217452e-05,0.0,-2.006320008667282,1.0,-0.0002928370247095777,-0.0002928370247095777,-1.2033447024137292,0.23239066389667679,-0.029045961482947642,-366.773603648824,697.1883841780134,-331.0865546039099,-0.6717740747203834
3.72,8.303946273407752e-06,4.882115866470623e-05,0.0,-2.006320008667282,1.0,-0.0002928370247095777,-0.0002928370247095777,-1.2033447024137292,0.23239066389667679,-0.029045961482947642,-366.773603648824,697.1883841780134,-331.0865546039099,-0.6717740747203834
3.74,7.873853388517644e-06,4.621891571120098e-05,0.0,-2.006320008667282,1.0,-0.0002928370247095777,-0.0002928370247095777,-1.2033447024137292,0.23239066389667679,-0.029045961482947642,-366.773603648824,697.1883841780134,-331.0865546039099,-0.6717740747203834
3.7600000000000002,7.465692072632229e-06,4.3754187831297494e-05,0.0,-2.006320008667282,1.0,-0.0002928370247095777,-0.0002928370247095777,-1.2033447024137292,0.23239066389667679,-0.029045961482947642,-366.773603648824,697.1883841780134,-331.0865546039099,-0.6717740747203834
3.7800000000000002,7.078366539362967e-06,4.1419783683595934e-05,0.0,-2.006320008667282,1.0,-0.0002928370247095777,-0.0002928370247095777,-1.2033447024137292,0.23239066389667679,-0.029045961482947642,-366.773603648824,697.1883841780134,-331.0865546039099,-0.6717740747203834
3.8000000000000003,6.7108342515289314e-06,3.920888314450321e-05,0.0,-2.006320008667282,1.0,-0.0002928370247095777,-0.0002928370247095777,-1.2033447024137292,0.23239066389667679,-0.029045961482947642,-366.773603648824,697.1883841780134,-331.0865546039099,-0.6717740747203834
3.8200000000000003,6.362103435388522e-06,3.711501846064799e-05,0.0,-2.006320008667282,1.0,-0.0002928370247095777,-0.0002928370247095777,-1.2033447024137292,0.23239066389667679,-0.029045961482947642,-366.773603648824,697.1883841780134,-331.0865546039099,-0.6717740747203834
3.84,6.031230703803184e-06,3.513205633755393e-05,0.0,-2.006320008667282,1.0,-0.0002928370247095777,-0.0002928370247095777,-1.2033447024137292,0.23239066389667679,-0.029045961482947642,-366.773603648824,697.1883841780134,-331.0865546039099,-0.6717740747203834
3.86,5.717318784075853e-06,3.325418091942755e-05,0.0,-2.006320008667282,1.0,-0.0002928370247095777,-0.0002928370247095777,-1.2033447024137292,0.23239066389667679,-0.029045961482947642,-366.773603648824,697.1883841780134,-331.0865546039099,-0.6717740747203834
3.88,5.419514346333396e-06,3.14758776170709e-05,0.0,-2.006320008667282,1.0,-0.0002928370247095777,-0.0002928370247095777,-1.2033447024137292,0.23239066389667679,-0.029045961482947642,-366.773603648824,697.1883841780134,-331.0865546039099,-0.6717740747203834
3.9,5.1370059284481884e-06,2.9791917742778284e-05,0.0,-2.006320008667282,1.0,-0.0002928370247095777,-0.0002928370247095777,-1.2033447024137292,0.23239066389667679,-0.029045961482947642,-366.773603648824,697.1883841780134,-331.0865546039099,-0.6717740747203834
3.92,4.869021953619692e-06,2.8197343913137654e-05,0.0,-2.006320008667282,1.0,-0.0002928370247095777,-0.0002928370247095777,-1.2033447024137292,0.23239066389667679,-0.029045961482947642,-366.773603648824,697.1883841780134,-331.0865546039099,-0.6717740747203834
3.94,4.614828836861151e-06,2.6687456182378338e-05,0.0,-2.006320008667282,1.0,-0.0002928370247095777,-0.0002928370247095777,-1.2033447024137292,0.23239066389667679,-0.029045961482947642,-366.773603648824,697.1883841780134,-331.0865546039099,-0.6717740747203834
3.96,4.373729176759665e-06,2.525779887068874e-05,0.0,-2.006320008667282,1.0,-0.0002928370247095777,-0.0002928370247095777,-1.2033447024137292,0.23239066389667679,-0.029045961482947642,-366.773603648824,697.1883841780134,-331.0865546039099,-0.6717740747203834
3.98,4.145060028999375e-06,2.390414805358442e-05,0.0,-2.006320008667282,1.0,-0.0002928370247095777,-0.0002928370247095777,-1.2033447024137292,0.23239066389667679,-0.029045961482947642,-366.773603648824,697.1883841780134,-331.0865546039099,-0.6717740747203834
4.0,3.928191258257143e-06,2.262249968000746e-05,0.0,-2.006320008667282,1.0,-0.0002928370247095777,-0.0002928370247095777,-1.2033447024137292,0.23239066389667679,-0.029045961482947642,-366.773603648824,697.1883841780134,-331.0865546039099,-0.6717740747203834
4.0200000000000005,3.7225239651977216e-06,2.140905828834724e-05,0.0,-2.006320008667282,1.0,-0.0002928370247095777,-0.0002928370247095777,-1.2033447024137292,0.23239066389667679,-0.029045961482947642,-366.773603648824,697.1883841780134,-331.0865546039099,-0.6717740747203834
4.04,3.5274889854108748e-06,2.0260226291062375e-05,0.0,-2.006320008667282,1.0,-0.0002928370247095777,-0.0002928370247095777,-1.2033447024137292,0.23239066389667679,-0.029045961482947642,-366.773603648824,697.1883841780134,-331.0865546039099,-0.6717740747203834
4.0600000000000005,3.342545457245846e-06,1.9172593799891546e-05,0.0,-2.006320008667282,1.0,-0.0002928370247095777,-0.0002928370247095777,-1.2033447024137292,0.23239066389667679,-0.029045961482947642,-366.773603648824,697.1883841780134,-331.0865546039099,-0.6717740747203834
4.08,3.167179455609468e-06,1.8142928965125612e-05,0.0,-2.006320008667282,1.0,-0.0002928370247095777,-0.0002928370247095777,-1.2033447024137292,0.23239066389667679,-0.029045961482947642,-366.773603648824,697.1883841780134,-331.0865546039099,-0.6717740747203834
4.1,3.0009026889018503e-06,1.7168168803450644e-05,0.0,-2.006320008667282,1.0,-0.0002928370247095777,-0.0002928370247095777,-1.2033447024137292,0.23239066389667679,-0.029045961482947642,-366.773603648824,697.1883841780134,-331.0865546039099,-0.6717740747203834
4.12,2.8432512563694374e-06,1.624541049033521e-05,0.0,-2.006320008667282,1.0,-0.0002928370247095777,-0.0002928370247095777,-1.2033447024137292,0.23239066389667679,-0.029045961482947642,-366.773603648824,697.1883841780134,-331.0865546039099,-0.6717740747203834
4.14,2.6937844632576687e-06,1.5371903093902275e-05,0.0,-2.006320008667282,1.0,-0.0002928370247095777,-0.0002928370247095777,-1.2033447024137292,0.23239066389667679,-0.029045961482947642,-366.773603648824,697.1883841780134,-331.0865546039099,-0.6717740747203834
4.16,2.5520836912454688e-06,1.4545039728376708e-05,0.0,-2.006320008667282,1.0,-0.0002928370247095777,-0.0002928370247095777,-1.2033447024137292,0.23239066389667679,-0.029045961482947642,-366.773603648824,697.1883841780134,-331.0865546039099,-0.6717740747203834
4.18,2.4177513217412642e-06,1.3762350106355616e-05,0.0,-2.006320008667282,1.0,-0.0002928370247095777,-0.0002928370247095777,-1.2033447024137292,0.23239066389667679,-0.029045961482947642,-366.773603648824,697.1883841780134,-331.0865546039099,-0.6717740747203834
4.2,2.29040970971428e-06,1.3021493469956246e-05,0.0,-2.006320008667282,1.0,-0.0002928370247095777,-0.0002928370247095777,-1.2033447024137292,0.23239066389667679,-0.029045961482947642,-366.773603648824,697.1883841780134,-331.0865546039099,-0.6717740747203834
4.22,2.1697002058269074e-06,1.2320251882073695e-05,0.0,-2.006320008667282,1.0,-0.0002928370247095777,-0.0002928370247095777,-1.2033447024137292,0.23239066389667679,-0.029045961482947642,-366.773603648824,697.1883841780134,-331.0865546039099,-0.6717740747203834
4.24,2.0552822247224157e-06,1.1656523859681249e-05,0.0,-2.006320008667282,1.0,-0.0002928370247095777,-0.0002928370247095777,-1.2033447024137292,0.23239066389667679,-0.029045961482947642,-366.773603648824,697.1883841780134,-331.0865546039099,-0.6717740747203834
4.26,1.9468323574087303e-06,1.102831833218268e-05,0.0,-2.006320008667282,1.0,-0.0002928370247095777,-0.0002928370247095777,-1.2033447024137292,0.23239066389667679,-0.029045961482947642,-366.773603648824,697.1883841780134,-331.0865546039099,-0.6717740747203834
4.28,1.8440435257619875e-06,1.0433748908457814e-05,0.0,-2.006320008667282,1.0,-0.0002928370247095777,-0.0002928370247095777,-1.2033447024137292,0.23239066389667679,-0.029045961482947642,-366.773603648824,697.1883841780134,-331.0865546039099,-0.6717740747203834
4.3,1.7466241772545227e-06,9.871028437222376e-06,0.0,-2.006320008667282,1.0,-0.0002928370247095777,-0.0002928370247095777,-1.2033447024137292,0.23239066389667679,-0.029045961482947642,-366.773603648824,697.1883841780134,-331.0865546039099,-0.6717740747203834
4.32,1.6542975180895615e-06,9.338463845901507e-06,0.0,-2.006320008667282,1.0,-0.0002928370247095777,-0.0002928370247095777,-1.2033447024137292,0.23239066389667679,-0.029045961482947642,-366.773603648824,697.1883841780134,-331.0865546039099,-0.6717740747203834
4.34,1.5668007830004622e-06,8.83445124410466e-06,0.0,-2.006320008667282,1.0,-0.0002928370247095777,-0.0002928370247095777,-1.2033447024137292,0.23239066389667679,-0.029045961482947642,-366.773603648824,697.1883841780134,-331.0865546039099,-0.6717740747203834
4.36,1.483884540044746e-06,8.35747127830924e-06,0.0,-2.006320008667282,1.0,-0.0002928370247095777,-0.0002928370247095777,-1.2033447024137292,0.23239066389667679,-0.029045961482947642,-366.773603648824,697.1883841780134,-331.0865546039099,-0.6717740747203834
4.38,1.4053120287935468e-06,7.906084725175384e-06,0.0,-2.006320008667282,1.0,-0.0002928370247095777,-0.0002928370247095777,-1.2033447024137292,0.23239066389667679,-0.029045961482947642,-366.773603648824,697.1883841780134,-331.0865546039099,-0.6717740747203834
4.4,1.3308585303844667e-06,7.478928311382061e-06,0.0,-2.006320008667282,1.0,-0.0002928370247095777,-0.0002928370247095777,-1.2033447024137292,0.23239066389667679,-0.029045961482947642,-366.773603648824,697.1883841780134,-331.0865546039099,-0.6717740747203834
4.42,1.2603107679712309e-06,7.074710748610798e-06,0.0,-2.006320008667282,1.0,-0.0002928370247095777,-0.0002928370247095777,-1.2033447024137292,0.23239066389667679,-0.029045961482947642,-366.773603648824,697.1883841780134,-331.0865546039099,-0.6717740747203834
4.44,1.193466336166077e-06,6.692208972734204e-06,0.0,-2.006320008667282,1.0,-0.0002928370247095777,-0.0002928370247095777,-1.2033447024137292,0.23239066389667679,-0.029045961482947642,-366.773603648824,697.1883841780134,-331.0865546039099,-0.6717740747203834
4.46,1.1301331581314671e-06,6.330264576930848e-06,0.0,-2.006320008667282,1.0,-0.0002928370247095777,-0.0002928370247095777,-1.2033447024137292,0.23239066389667679,-0.029045961482947642,-366.773603648824,697.1883841780134,-331.0865546039099,-0.6717740747203834
4.48,1.0701289690356536e-06,5.987780428837953e-06,0.0,-2.006320008667282,1.0,-0.0002928370247095777,-0.0002928370247095777,-1.2033447024137292,0.23239066389667679,-0.029045961482947642,-366.773603648824,697.1883841780134,-331.0865546039099,-0.6717740747203834
4.5,1.0132808246427693e-06,5.663717462455153e-06,0.0,-2.006320008667282,1.0,-0.0002928370247095777,-0.0002928370247095777,-1.2033447024137292,0.23239066389667679,-0.029045961482947642,-366.773603648824,697.1883841780134,-331.0865546039099,-0.6717740747203834
4.5200000000000005,9.594246338617118e-07,5.357091635871851e-06,0.0,-2.006320008667282,1.0,-0.0002928370247095777,-0.0002928370247095777,-1.2033447024137292,0.23239066389667679,-0.029045961482947642,-366.773603648824,697.1883841780134,-331.0865546039099,-0.6717740747203834
4.54,9.084047141299471e-07,5.0669710464271335e-06,0.0,-2.006320008667282,1.0,-0.0002928370247095777,-0.0002928370247095777,-1.2033447024137292,0.23239066389667679,-0.029045961482947642,-366.773603648824,697.1883841780134,-331.0865546039099,-0.6717740747203834
4.5600000000000005,8.600733685578548e-07,4.792473195242551e-06,0.0,-2.006320008667282,1.0,-0.0002928370247095777,-0.0002928370247095777,-1.2033447024137292,0.23239066389667679,-0.029045961482947642,-366.773603648824,697.1883841780134,-331.0865546039099,-0.6717740747203834
4.58,8.142904838070731e-07,4.5327623935533085e-06,0.0,-2.006320008667282,1.0,-0.0002928370247095777,-0.0002928370247095777,-1.2033447024137292,0.23239066389667679,-0.029045961482947642,-366.773603648824,697.1883841780134,-331.0865546039099,-0.6717740747203834
4.6000000000000005,7.709231477219267e-07,4.287047303561459e-06,0.0,-2.006320008667282,1.0,-0.0002928370247095777,-0.0002928370247095777,-1.2033447024137292,0.23239066389667679,-0.029045961482947642,-366.773603648824,697.1883841780134,-331.0865546039099,-0.6717740747203834
4.62,7.298452857770864e-07,4.054578606975563e-06,0.0,-2.006320008667282,1.0,-0.0002928370247095777,-0.0002928370247095777,-1.2033447024137292,0.23239066389667679,-0.029045961482947642,-366.773603648824,697.1883841780134,-331.0865546039099,-0.6717740747203834
4.64,6.909373154466074e-07,3.834646794670448e-06,0.0,-2.006320008667282,1.0,-0.0002928370247095777,-0.0002928370247095777,-1.2033447024137292,0.23239066389667679,-0.029045961482947642,-366.773603648824,697.1883841780134,-331.0865546039099,-0.6717740747203834
4.66,6.540858176400175e-07,3.6265800712967177e-06,0.0,-2.006320008667282,1.0,-0.0002928370247095777,-0.0002928370247095777,-1.2033447024137292,0.23239066389667679,-0.029045961482947642,-366.773603648824,697.1883841780134,-331.0865546039099,-0.6717740747203834
4.68,6.191832243897789e-07,3.429742368930354e-06,0.0,-2.006320008667282,1.0,-0.0002928370247095777,-0.0002928370247095777,-1.2033447024137292,0.23239066389667679,-0.029045961482947642,-366.773603648824,697.1883841780134,-331.0865546039099,-0.6717740747203834
4.7,5.861275220115807e-07,3.2435314641672337e-06,0.0,-2.006320008667282,1.0,-0.0002928370247095777,-0.0002928370247095777,-1.2033447024137292,0.23239066389667679,-0.029045961482947642,-366.773603648824,697.1883841780134,-331.0865546039099,-0.6717740747203834
4.72,5.54821968994531e-07,3.0673771933681165e-06,0.0,-2.006320008667282,1.0,-0.0002928370247095777,-0.0002928370247095777,-1.2033447024137292,0.23239066389667679,-0.029045961482947642,-366.773603648824,697.1883841780134,-331.0865546039099,-0.6717740747203834
4.74,5.251748279122917e-07,2.900739760984013e-06,0.0,-2.006320008667282,1.0,-0.0002928370247095777,-0.0002928370247095777,-1.2033447024137292,0.23239066389667679,-0.029045961482947642,-366.773603648824,697.1883841780134,-331.0865546039099,-0.6717740747203834
4.76,4.970991106789073e-07,2.7431081361977406e-06,0.0,-2.006320008667282,1.0,-0.0002928370247095777,-0.0002928370247095777,-1.2033447024137292,0.23239066389667679,-0.029045961482947642,-366.773603648824,697.1883841780134,-331.0865546039099,-0.6717740747203834
4.78,4.705123365042042e-07,2.593998533309446e-06,0.0,-2.006320008667282,1.0,-0.0002928370247095777,-0.0002928370247095777,-1.2033447024137292,0.23239066389667679,-0.029045961482947642,-366.773603648824,697.1883841780134,-331.0865546039099,-0.6717740747203834
4.8,4.453363019336011e-07,2.452952971572074e-06,0.0,-2.006320008667282,1.0,-0.0002928370247095777,-0.0002928370247095777,-1.2033447024137292,0.23239066389667679,-0.029045961482947642,-366.773603648824,697.1883841780134,-331.0865546039099,-0.6717740747203834
4.82,4.2149686238567375e-07,2.3195379103552736e-06,0.0,-2.006320008667282,1.0,-0.0002928370247095777,-0.0002928370247095777,-1.2033447024137292,0.23239066389667679,-0.029045961482947642,-366.773603648824,697.1883841780134,-331.0865546039099,-0.6717740747203834
4.84,3.989237246282346e-07,2.1933429557690914e-06,0.0,-2.006320008667282,1.0,-0.0002928370247095777,-0.0002928370247095777,-1.2033447024137292,0.23239066389667679,-0.029045961482947642,-366.773603648824,697.1883841780134,-331.0865546039099,-0.6717740747203834
4.86,3.775502496597621e-07,2.0739796350335958e-06,0.0,-2.006320008667282,1.0,-0.0002928370247095777,-0.0002928370247095777,-1.2033447024137292,0.23239066389667679,-0.029045961482947642,-366.773603648824,697.1883841780134,-331.0865546039099,-0.6717740747203834
4.88,3.573132654880808e-07,1.9610802351081544e-06,0.0,-2.006320008667282,1.0,-0.0002928370247095777,-0.0002928370247095777,-1.2033447024137292,0.23239066389667679,-0.029045961482947642,-366.773603648824,697.1883841780134,-331.0865546039099,-0.6717740747203834
4.9,3.381528893220217e-07,1.8542967022360917e-06,0.0,-2.006320008667282,1.0,-0.0002928370247095777,-0.0002928370247095777,-1.2033447024137292,0.23239066389667679,-0.029045961482947642,-366.773603648824,697.1883841780134,-331.0865546039099,-0.6717740747203834
4.92,3.2001235871469003e-07,1.753299599264152e-06,0.0,-2.006320008667282,1.0,-0.0002928370247095777,-0.0002928370247095777,-1.2033447024137292,0.23239066389667679,-0.029045961482947642,-366.773603648824,697.1883841780134,-331.0865546039099,-0.6717740747203834
4.94,3.028378712187248e-07,1.6577771177245701e-06,0.0,-2.006320008667282,1.0,-0.0002928370247095777,-0.0002928370247095777,-1.2033447024137292,0.23239066389667679,-0.029045961482947642,-366.773603648824,697.1883841780134,-331.0865546039099,-0.6717740747203834
4.96,2.865784321348315e-07,1.5674341418521614e-06,0.0,-2.006320008667282,1.0,-0.0002928370247095777,-0.0002928370247095777,-1.2033447024137292,0.23239066389667679,-0.029045961482947642,-366.773603648824,697.1883841780134,-331.0865546039099,-0.6717740747203834
4.98,2.711857099547215e-07,1.4819913618242692e-06,0.0,-2.006320008667282,1.0,-0.0002928370247095777,-0.0002928370247095777,-1.2033447024137292,0.23239066389667679,-0.029045961482947642,-366.773603648824,697.1883841780134,-331.0865546039099,-0.6717740747203834
5.0,2.566138991186471e-07,1.401184433677614e-06,0.0,-2.006320008667282,1.0,-0.0002928370247095777,-0.0002928370247095777,-1.2033447024137292,0.23239066389667679,-0.029045961482947642,-366.773603648824,697.1883841780134,-331.0865546039099,-0.6717740747203834
5.0200000000000005,2.4281958972581845e-07,1.3247631834604287e-06,0.0,-2.006320008667282,1.0,-0.0002928370247095777,-0.0002928370247095777,-1.2033447024137292,0.23239066389667679,-0.029045961482947642,-366.773603648824,697.1883841780134,-331.0865546039099,-0.6717740747203834
5.04,2.2976164385335546e-07,1.2524908533289461e-06,0.0,-2.006320008667282,1.0,-0.0002928370247095777,-0.0002928370247095777,-1.2033447024137292,0.23239066389667679,-0.029045961482947642,-366.773603648824,697.1883841780134,-331.0865546039099,-0.6717740747203834
5.0600000000000005,2.174010781559122e-07,1.1841433873905853e-06,0.0,-2.006320008667282,1.0,-0.0002928370247095777,-0.0002928370247095777,-1.2033447024137292,0.23239066389667679,-0.029045961482947642,-366.773603648824,697.1883841780134,-331.0865546039099,-0.6717740747203834
5.08,2.0570095243392477e-07,1.119508755231444e-06,0.0,-2.006320008667282,1.0,-0.0002928370247095777,-0.0002928370247095777,-1.2033447024137292,0.23239066389667679,-0.029045961482947642,-366.773603648824,697.1883841780134,-331.0865546039099,-0.6717740747203834
5.1000000000000005,1.9462626387344223e-07,1.0583863111517732e-06,0.0,-2.006320008667282,1.0,-0.0002928370247095777,-0.0002928370247095777,-1.2033447024137292,0.23239066389667679,-0.029045961482947642,-366.773603648824,697.1883841780134,-331.0865546039099,-0.6717740747203834
5.12,1.8414384667488868e-07,1.0005861872532368e-06,0.0,-2.006320008667282,1.0,-0.0002928370247095777,-0.0002928370247095777,-1.2033447024137292,0.23239066389667679,-0.029045961482947642,-366.773603648824,697.1883841780134,-331.0865546039099,-0.6717740747203834
5.14,1.742222768017594e-07,9.459287186002418e-07,0.0,-2.006320008667282,1.0,-0.0002928370247095777,-0.0002928370247095777,-1.2033447024137292,0.23239066389667679,-0.029045961482947642,-366.773603648824,697.1883841780134,-331.0865546039099,-0.6717740747203834
5.16,1.6483178159333523e-07,8.942438987845535e-07,0.0,-2.006320008667282,1.0,-0.0002928370247095777,-0.0002928370247095777,-1.2033447024137292,0.23239066389667679,-0.029045961482947642,-366.773603648824,697.1883841780134,-331.0865546039099,-0.6717740747203834
5.18,1.5594415399792584e-07,8.453708642981268e-07,0.0,-2.006320008667282,1.0,-0.0002928370247095777,-0.0002928370247095777,-1.2033447024137292,0.23239066389667679,-0.029045961482947642,-366.773603648824,697.1883841780134,-331.0865546039099,-0.6717740747203834
5.2,1.4753267119501803e-07,7.991574062042032e-07,0.0,-2.006320008667282,1.0,-0.0002928370247095777,-0.0002928370247095777,-1.2033447024137292,0.23239066389667679,-0.029045961482947642,-366.773603648824,697.1883841780134,-331.0865546039099,-0.6717740747203834
5.22,1.3957201738602482e-07,7.554595076805213e-07,0.0,-2.006320008667282,1.0,-0.0002928370247095777,-0.0002928370247095777,-1.2033447024137292,0.23239066389667679,-0.029045961482947642,-366.773603648824,697.1883841780134,-331.0865546039099,-0.6717740747203834
5.24,1.320382105440862e-07,7.141409060713494e-07,0.0,-2.006320008667282,1.0,-0.0002928370247095777,-0.0002928370247095777,-1.2033447024137292,0.23239066389667679,-0.029045961482947642,-366.773603648824,697.1883841780134,-331.0865546039099,-0.6717740747203834
5.26,1.2490853292366271e-07,6.75072678168126e-07,0.0,-2.006320008667282,1.0,-0.0002928370247095777,-0.0002928370247095777,-1.2033447024137292,0.23239066389667679,-0.029045961482947642,-366.773603648824,697.1883841780134,-331.0865546039099,-0.6717740747203834
5.28,1.1816146514042398e-07,6.381328474929355e-07,0.0,-2.006320008667282,1.0,-0.0002928370247095777,-0.0002928370247095777,-1.2033447024137292,0.23239066389667679,-0.029045961482947642,-366.773603648824,697.1883841780134,-331.0865546039099,-0.6717740747203834
5.3,1.1177662364127334e-07,6.032060124338002e-07,0.0,-2.006320008667282,1.0,-0.0002928370247095777,-0.0002928370247095777,-1.2033447024137292,0.23239066389667679,-0.029045961482947642,-366.773603648824,697.1883841780134,-331.0865546039099,-0.6717740747203834
5.32,1.05734701393207e-07,5.701829941299861e-07,0.0,-2.006320008667282,1.0,-0.0002928370247095777,-0.0002928370247095777,-1.2033447024137292,0.23239066389667679,-0.029045961482947642,-366.773603648824,697.1883841780134,-331.0865546039099,-0.6717740747203834
5.34,1.0001741162817797e-07,5.389605030730721e-07,0.0,-2.006320008667282,1.0,-0.0002928370247095777,-0.0002928370247095777,-1.2033447024137292,0.23239066389667679,-0.029045961482947642,-366.773603648824,697.1883841780134,-331.0865546039099,-0.6717740747203834
5.36,9.460743448916651e-08,5.09440823433327e-07,0.0,-2.006320008667282,1.0,-0.0002928370247095777,-0.0002928370247095777,-1.2033447024137292,0.23239066389667679,-0.029045961482947642,-366.773603648824,697.1883841780134,-331.0865546039099,-0.6717740747203834
5.38,8.948836643034094e-08,4.815315141821005e-07,0.0,-2.006320008667282,1.0,-0.0002928370247095777,-0.0002928370247095777,-1.2033447024137292,0.23239066389667679,-0.029045961482947642,-366.773603648824,697.1883841780134,-331.0865546039099,-0.6717740747203834
5.4,8.464467223147269e-08,4.551451261203115e-07,0.0,-2.006320008667282,1.0,-0.0002928370247095777,-0.0002928370247095777,-1.2033447024137292,0.23239066389667679,-0.029045961482947642,-366.773603648824,697.1883841780134,-331.0865546039099,-0.6717740747203834
5.42,8.006163949373075e-08,4.301989339780461e-07,0.0,-2.006320008667282,1.0,-0.0002928370247095777,-0.0002928370247095777,-1.2033447024137292,0.23239066389667679,-0.029045961482947642,-366.773603648824,697.1883841780134,-331.0865546039099,-0.6717740747203834
5.44,7.572533549057706e-08,4.0661468278575266e-07,0.0,-2.006320008667282,1.0,-0.0002928370247095777,-0.0002928370247095777,-1.2033447024137292,0.23239066389667679,-0.029045961482947642,-366.773603648824,697.1883841780134,-331.0865546039099,-0.6717740747203834
5.46,7.162256625379018e-08,3.843183477670334e-07,0.0,-2.006320008667282,1.0,-0.0002928370247095777,-0.0002928370247095777,-1.2033447024137292,0.23239066389667679,-0.029045961482947642,-366.773603648824,697.1883841780134,-331.0865546039099,-0.6717740747203834
5.48,6.7740837780618e-08,3.6323990703479314e-07,0.0,-2.006320008667282,1.0,-0.0002928370247095777,-0.0002928370247095777,-1.2033447024137292,0.23239066389667679,-0.029045961482947642,-366.773603648824,697.1883841780134,-331.0865546039099,-0.6717740747203834
5.5,6.406831925376995e-08,3.43313126417128e-07,0.0,-2.006320008667282,1.0,-0.0002928370247095777,-0.0002928370247095777,-1.2033447024137292,0.23239066389667679,-0.029045961482947642,-366.773603648824,697.1883841780134,-331.0865546039099,-0.6717740747203834
5.5200000000000005,6.059380817136685e-08,3.2447535576798e-07,0.0,-2.006320008667282,1.0,-0.0002928370247095777,-0.0002928370247095777,-1.2033447024137292,0.23239066389667679,-0.029045961482947642,-366.773603648824,697.1883841780134,-331.0865546039099,-0.6717740747203834
5.54,5.73066972891334e-08,3.066673361575255e-07,0.0,-2.006320008667282,1.0,-0.0002928370247095777,-0.0002928370247095777,-1.2033447024137292,0.23239066389667679,-0.029045961482947642,-366.773603648824,697.1883841780134,-331.0865546039099,-0.6717740747203834
5.5600000000000005,5.4196943282012444e-08,2.898330173632278e-07,0.0,-2.006320008667282,1.0,-0.0002928370247095777,-0.0002928370247095777,-1.2033447024137292,0.23239066389667679,-0.029045961482947642,-366.773603648824,697.1883841780134,-331.0865546039099,-0.6717740747203834
5.58,5.125503703705384e-08,2.73919385118249e-07,0.0,-2.006320008667282,1.0,-0.0002928370247095777,-0.0002928370247095777,-1.2033447024137292,0.23239066389667679,-0.029045961482947642,-366.773603648824,697.1883841780134,-331.0865546039099,-0.6717740747203834
5.6000000000000005,4.847197549385772e-08,2.588762975972668e-07,0.0,-2.006320008667282,1.0,-0.0002928370247095777,-0.0002928370247095777,-1.2033447024137292,0.23239066389667679,-0.029045961482947642,-366.773603648824,697.1883841780134,-331.0865546039099,-0.6717740747203834
5.62,4.583923495307893e-08,2.446563306520911e-07,0.0,-2.006320008667282,1.0,-0.0002928370247095777,-0.0002928370247095777,-1.2033447024137292,0.23239066389667679,-0.029045961482947642,-366.773603648824,697.1883841780134,-331.0865546039099,-0.6717740747203834
5.64,4.3348745777501907e-08,2.3121463133021784e-07,0.0,-2.006320008667282,1.0,-0.0002928370247095777,-0.0002928370247095777,-1.2033447024137292,0.23239066389667679,-0.029045961482947642,-366.773603648824,697.1883841780134,-331.0865546039099,-0.6717740747203834
5.66,4.099286841401556e-08,2.1850877923838417e-07,0.0,-2.006320008667282,1.0,-0.0002928370247095777,-0.0002928370247095777,-1.2033447024137292,0.23239066389667679,-0.029045961482947642,-366.773603648824,697.1883841780134,-331.0865546039099,-0.6717740747203834
5.68,3.876437066843864e-08,2.0649865533309964e-07,0.0,-2.006320008667282,1.0,-0.0002928370247095777,-0.0002928370247095777,-1.2033447024137292,0.23239066389667679,-0.029045961482947642,-366.773603648824,697.1883841780134,-331.0865546039099,-0.6717740747203834
5.7,3.6656406168592245e-08,1.9514631774320185e-07,0.0,-2.006320008667282,1.0,-0.0002928370247095777,-0.0002928370247095777,-1.2033447024137292,0.23239066389667679,-0.029045961482947642,-366.773603648824,697.1883841780134,-331.0865546039099,-0.6717740747203834
5.72,3.466249395429516e-08,1.8441588425147702e-07,0.0,-2.006320008667282,1.0,-0.0002928370247095777,-0.0002928370247095777,-1.2033447024137292,0.23239066389667679,-0.029045961482947642,-366.773603648824,697.1883841780134,-331.0865546039099,-0.6717740747203834
5.74,3.277649913606501e-08,1.7427342107935074e-07,0.0,-2.006320008667282,1.0,-0.0002928370247095777,-0.0002928370247095777,-1.2033447024137292,0.23239066389667679,-0.029045961482947642,-366.773603648824,697.1883841780134,-331.0865546039099,-0.6717740747203834
5.76,3.0992614567272756e-08,1.6468683764066466e-07,0.0,-2.006320008667282,1.0,-0.0002928370247095777,-0.0002928370247095777,-1.2033447024137292,0.23239066389667679,-0.029045961482947642,-366.773603648824,697.1883841780134,-331.0865546039099,-0.6717740747203834
5.78,2.930534347730362e-08,1.556257869449491e-07,0.0,-2.006320008667282,1.0,-0.0002928370247095777,-0.0002928370247095777,-1.2033447024137292,0.23239066389667679,-0.029045961482947642,-366.773603648824,697.1883841780134,-331.0865546039099,-0.6717740747203834
5.8,2.7709483015953954e-08,1.470615713505958e-07,0.0,-2.006320008667282,1.0,-0.0002928370247095777,-0.0002928370247095777,-1.2033447024137292,0.23239066389667679,-0.029045961482947642,-366.773603648824,697.1883841780134,-331.0865546039099,-0.6717740747203834
5.82,2.6200108661826696e-08,1.3896705338118183e-07,0.0,-2.006320008667282,1.0,-0.0002928370247095777,-0.0002928370247095777,-1.2033447024137292,0.23239066389667679,-0.029045961482947642,-366.773603648824,697.1883841780134,-331.0865546039099,-0.6717740747203834
5.84,2.4772559449903887e-08,1.3131657133619967e-07,0.0,-2.006320008667282,1.0,-0.0002928370247095777,-0.0002928370247095777,-1.2033447024137292,0.23239066389667679,-0.029045961482947642,-366.773603648824,697.1883841780134,-331.0865546039099,-0.6717740747203834
5.86,2.342242397576073e-08,1.2408585943897073e-07,0.0,-2.006320008667282,1.0,-0.0002928370247095777,-0.0002928370247095777,-1.2033447024137292,0.23239066389667679,-0.029045961482947642,-366.773603648824,697.1883841780134,-331.0865546039099,-0.6717740747203834
5.88,2.21455271360658e-08,1.1725197228069356e-07,0.0,-2.006320008667282,1.0,-0.0002928370247095777,-0.0002928370247095777,-1.2033447024137292,0.23239066389667679,-0.029045961482947642,-366.773603648824,697.1883841780134,-331.0865546039099,-0.6717740747203834
5.9,2.0937917567074442e-08,1.1079321332990526e-07,0.0,-2.006320008667282,1.0,-0.0002928370247095777,-0.0002928370247095777,-1.2033447024137292,0.23239066389667679,-0.029045961482947642,-366.773603648824,697.1883841780134,-331.0865546039099,-0.6717740747203834
5.92,1.9795855744789097e-08,1.0468906729119134e-07,0.0,-2.006320008667282,1.0,-0.0002928370247095777,-0.0002928370247095777,-1.2033447024137292,0.23239066389667679,-0.029045961482947642,-366.773603648824,697.1883841780134,-331.0865546039099,-0.6717740747203834
5.94,1.8715802712320612e-08,9.892013610624005e-08,0.0,-2.006320008667282,1.0,-0.0002928370247095777,-0.0002928370247095777,-1.2033447024137292,0.23239066389667679,-0.029045961482947642,-366.773603648824,697.1883841780134,-331.0865546039099,-0.6717740747203834
5.96,1.7694409401758203e-08,9.346807840335721e-08,0.0,-2.006320008667282,1.0,-0.0002928370247095777,-0.0002928370247095777,-1.2033447024137292,0.23239066389667679,-0.029045961482947642,-366.773603648824,697.1883841780134,-331.0865546039099,-0.6717740747203834
5.98,1.6728506519533278e-08,8.831555220997862e-08,0.0,-2.006320008667282,1.0,-0.0002928370247095777,-0.0002928370247095777,-1.2033447024137292,0.23239066389667679,-0.029045961482947642,-366.773603648824,697.1883841780134,-331.0865546039099,-0.6717740747203834
6.0,1.581509496586135e-08,8.344616075427491e-08,0.0,-2.006320008667282,1.0,-0.0002928370247095777,-0.0002928370247095777,-1.2033447024137292,0.23239066389667679,-0.029045961482947642,-366.773603648824,697.1883841780134,-331.0865546039099,-0.6717740747203834
6.0200000000000005,0.010000014951336761,3.6677361153326418,0.0,-2.006320008667282,1.0,-0.0002928370247095777,-0.0002928370247095777,-1.2033447024137292,0.23239066389667679,-0.029045961482947642,-366.773603648824,697.1883841780134,-331.0865546039099,-0.6717740747203834
6.04,0.018957623757854647,4.3948177601839085,0.0,-2.006320008667282,1.0,-0.0002928370247095777,-0.0002928370247095777,-1.2033447024137292,0.23239066389667679,-0.029045961482947642,-366.773603648824,697.1883841780134,-331.0865546039099,-0.6717740747203834
6.0600000000000005,0.025642715280148137,3.9350395526478503,0.0,-2.006320008667282,1.0,-0.0002928370247095777,-0.0002928370247095777,-1.2033447024137292,0.23239066389667679,-0.029045961482947642,-366.773603648824,697.1883841780134,-331.0865546039099,-0.6717740747203834
6.08,0.030019523487991057,3.22960721528179,0.0,-2.006320008667282,1.0,-0.0002928370247095777,-0.0002928370247095777,-1.2033447024137292,0.23239066389667679,-0.029045961482947642,-366.773603648824,697.1883841780134,-331.0865546039099,-0.6717740747203834
6.1000000000000005,0.032457013714437405,2.564587048804244,0.0,-2.006320008667282,1.0,-0.0002928370247095777,-0.0002928370247095777,-1.2033447024137292,0.23239066389667679,-0.029045961482947642,-366.773603648824,697.1883841780134,-331.0865546039099,-0.6717740747203834
6.12,0.03337182621911336,2.0001612998570883,0.0,-2.006320008667282,1.0,-0.0002928370247095777,-0.0002928370247095777,-1.2033447024137292,0.23239066389667679,-0.029045961482947642,-366.773603648824,697.1883841780134,-331.0865546039099,-0.6717740747203834
6.140000000000001,0.033129600738055626,1.5353987588589029,0.0,-2.006320008667282,1.0,-0.0002928370247095777,-0.0002928370247095777,-1.2033447024137292,0.23239066389667679,-0.029045961482947642,-366.773603648824,697.1883841780134,-331.0865546039099,-0.6717740747203834
6.16,0.03203000809615562,1.1564376978574331,0.0,-2.006320008667282,1.0,-0.0002928370247095777,-0.0002928370247095777,-1.2033447024137292,0.23239066389667679,-0.029045961482947642,-366.773603648824,697.1883841780134,-331.0865546039099,-0.6717740747203834
6.18,0.03031301615846759,0.8487073964510043,0.0,-2.006320008667282,1.0,-0.0002928370247095777,-0.0002928370247095777,-1.2033447024137292,0.23239066389667679,-0.029045961482947642,-366.773603648824,697.1883841780134,-331.0865546039099,-0.6717740747203834
6.2,0.02816874812196194,0.5995148866447102,0.0,-2.006320008667282,1.0,-0.0002928370247095777,-0.0002928370247095777,-1.2033447024137292,0.23239066389667679,-0.029045961482947642,-366.773603648824,697.1883841780134,-331.0865546039099,-0.6717740747203834
6.22,0.02574666876551094,0.3982878095468617,0.0,-2.006320008667282,1.0,-0.0002928370247095777,-0.0002928370247095777,-1.2033447024137292,0.23239066389667679,-0.029045961482947642,-366.773603648824,697.1883841780134,-331.0865546039099,-0.6717740747203834
6.24,0.023163335568820054,0.23632281319424048,0.0,-2.006320008667282,1.0,-0.0002928370247095777,-0.0002928370247095777,-1.2033447024137292,0.23239066389667679,-0.029045961482947642,-366.773603648824,697.1883841780134,-331.0865546039099,-0.6717740747203834
6.26,0.020508771030700618,0.1064761371812214,0.0,-2.006320008667282,1.0,-0.0002928370247095777,-0.0002928370247095777,-1.2033447024137292,0.23239066389667679,-0.029045961482947642,-366.773603648824,697.1883841780134,-331.0865546039099,-0.6717740747203834
6.28,0.01785166341272412,0.0028878837880910446,0.0,-2.006320008667282,1.0,-0.0002928370247095777,-0.0002928370247095777,-1.2033447024137292,0.23239066389667679,-0.029045961482947642,-366.773603648824,697.1883841780134,-331.0865546039099,-0.6717740747203834
6.3,0.015243601366736836,-0.07924814124906471,0.0,-2.006320008667282,1.0,-0.0002928370247095777,-0.0002928370247095777,-1.2033447024137292,0.23239066389667679,-0.029045961482947642,-366.773603648824,697.1883841780134,-331.0865546039099,-0.6717740747203834
6.32,0.01272251773061088,-0.14387364351884427,0.0,-2.006320008667282,1.0,-0.0002928370247095777,-0.0002928370247095777,-1.2033447024137292,0.23239066389667679,-0.029045961482947642,-366.773603648824,697.1883841780134,-331.0865546039099,-0.6717740747203834
6.34,0.010315486987931388,-0.19422096428286484,0.0,-2.006320008667282,1.0,-0.0002928370247095777,-0.0002928370247095777,-1.2033447024137292,0.23239066389667679,-0.029045961482947642,-366.773603648824,697.1883841780134,-331.0865546039099,-0.6717740747203834
6.36,0.00804099462924459,-0.23294028211242615,0.0,-2.006320008667282,1.0,-0.0002928370247095777,-0.0002928370247095777,-1.2033447024137292,0.23239066389667679,-0.029045961482947642,-366.773603648824,697.1883841780134,-331.0865546039099,-0.6717740747203834
6.38,0.005910775102113765,-0.2622039862258994,0.0,-2.006320008667282,1.0,-0.0002928370247095777,-0.0002928370247095777,-1.2033447024137292,0.23239066389667679,-0.029045961482947642,-366.773603648824,697.1883841780134,-331.0865546039099,-0.6717740747203834
6.4,0.003931297470773984,-0.2837923605419651,0.0,-2.006320008667282,1.0,-0.0002928370247095777,-0.0002928370247095777,-1.2033447024137292,0.23239066389667679,-0.029045961482947642,-366.773603648824,697.1883841780134,-331.0865546039099,-0.6717740747203834
6.42,0.0021049635748726543,-0.29916394153938336,0.0,-2.006320008667282,1.0,-0.0002928370247095777,-0.0002928370247095777,-1.2033447024137292,0.23239066389667679,-0.029045961482947642,-366.773603648824,697.1883841780134,-331.0865546039099,-0.6717740747203834
6.44,0.00043107175863530724,-0.3095132924655772,0.0,-2.006320008667282,1.0,-0.0002928370247095777,-0.0002928370247095777,-1.2033447024137292,0.23239066389667679,-0.029045961482947642,-366.773603648824,697.1883841780134,-331.0865546039099,-0.6717740747203834
6.46,-0.0010934103579935493,-0.31581843836490914,0.0,-2.006320008667282,1.0,-0.0002928370247095777,-0.0002928370247095777,-1.2033447024137292,0.23239066389667679,-0.029045961482947642,-366.773603648824,697.1883841780134,-331.0865546039099,-0.6717740747203834
6.48,-0.0024732284691882205,-0.31887980373749836,0.0,-2.006320008667282,1.0,-0.0002928370247095777,-0.0002928370247095777,-1.2033447024137292,0.23239066389667679,-0.029045961482947642,-366.773603648824,697.1883841780134,-331.0865546039099,-0.6717740747203834
6.5,-0.0037143504004203288,-0.3193521667797623,0.0,-2.006320008667282,1.0,-0.0002928370247095777,-0.0002928370247095777,-1.2033447024137292,0.23239066389667679,-0.029045961482947642,-366.773603648824,697.1883841780134,-331.0865546039099,-0.6717740747203834
6.5200000000000005,-0.004823577325496922,-0.3177708758244119,0.0,-2.006320008667282,1.0,-0.0002928370247095777,-0.0002928370247095777,-1.2033447024137292,0.23239066389667679,-0.029045961482947642,-366.773603648824,697.1883841780134,-331.0865546039099,-0.6717740747203834
6.54,-0.005808237911122208,-0.3145733531048628,0.0,-2.006320008667282,1.0,-0.0002928370247095777,-0.0002928370247095777,-1.2033447024137292,0.23239066389667679,-0.029045961482947642,-366.773603648824,697.1883841780134,-331.0865546039099,-0.6717740747203834
6.5600000000000005,-0.006675949489761303,-0.31011672944000485,0.0,-2.006320008667282,1.0,-0.0002928370247095777,-0.0002928370247095777,-1.2033447024137292,0.23239066389667679,-0.029045961482947642,-366.773603648824,697.1883841780134,-331.0865546039099,-0.6717740747203834
6.58,-0.0074344332912316975,-0.30469230375324086,0.0,-2.006320008667282,1.0,-0.0002928370247095777,-0.0002928370247095777,-1.2033447024137292,0.23239066389667679,-0.029045961482947642,-366.773603648824,697.1883841780134,-331.0865546039099,-0.6717740747203834
6.6000000000000005,-0.008091373163955065,-0.29853739793844347,0.0,-2.006320008667282,1.0,-0.0002928370247095777,-0.0002928370247095777,-1.2033447024137292,0.23239066389667679,-0.029045961482947642,-366.773603648824,697.1883841780134,-331.0865546039099,-0.6717740747203834
6.62,-0.008654309182183554,-0.2918450758146199,0.0,-2.006320008667282,1.0,-0.0002928370247095777,-0.0002928370247095777,-1.2033447024137292,0.23239066389667679,-0.029045961482947642,-366.773603648824,697.1883841780134,-331.0865546039099,-0.6717740747203834
6.640000000000001,-0.009130559143524902,-0.2847721110853941,0.0,-2.006320008667282,1.0,-0.0002928370247095777,-0.0002928370247095777,-1.2033447024137292,0.23239066389667679,-0.029045961482947642,-366.773603648824,697.1883841780134,-331.0865546039099,-0.6717740747203834
6.66,-0.009527162275609154,-0.2774455201705091,0.0,-2.006320008667282,1.0,-0.0002928370247095777,-0.0002928370247095777,-1.2033447024137292,0.23239066389667679,-0.029045961482947642,-366.773603648824,697.1883841780134,-331.0865546039099,-0.6717740747203834
6.68,-0.00985084054461507,-0.2699679190039385,0.0,-2.006320008667282,1.0,-0.0002928370247095777,-0.0002928370247095777,-1.2033447024137292,0.23239066389667679,-0.029045961482947642,-366.773603648824,697.1883841780134,-331.0865546039099,-0.6717740747203834
6.7,-0.010107973834899376,-0.262421916199875,0.0,-2.006320008667282,1.0,-0.0002928370247095777,-0.0002928370247095777,-1.2033447024137292,0.23239066389667679,-0.029045961482947642,-366.773603648824,697.1883841780134,-331.0865546039099,-0.6717740747203834
6.72,-0.010304585983943787,-0.2548737166629374,0.0,-2.006320008667282,1.0,-0.0002928370247095777,-0.0002928370247095777,-1.2033447024137292,0.23239066389667679,-0.029045961482947642,-366.773603648824,697.1883841780134,-331.0865546039099,-0.6717740747203834
6.74,-0.010446339239529286,-0.2473760782555403,0.0,-2.006320008667282,1.0,-0.0002928370247095777,-0.0002928370247095777,-1.2033447024137292,0.23239066389667679,-0.029045961482947642,-366.773603648824,697.1883841780134,-331.0865546039099,-0.6717740747203834
6.76,-0.01053853518054196,-0.23997073832597218,0.0,-2.006320008667282,1.0,-0.0002928370247095777,-0.0002928370247095777,-1.2033447024137292,0.23239066389667679,-0.029045961482947642,-366.773603648824,697.1883841780134,-331.0865546039099,-0.6717740747203834
6.78,-0.01058612052891949,-0.23269040576489466,0.0,-2.006320008667282,1.0,-0.0002928370247095777,-0.0002928370247095777,-1.2033447024137292,0.23239066389667679,-0.029045961482947642,-366.773603648824,697.1883841780134,-331.0865546039099,-0.6717740747203834
6.8,-0.010593696594052225,-0.22556039691461455,0.0,-2.006320008667282,1.0,-0.0002928370247095777,-0.0002928370247095777,-1.2033447024137292,0.23239066389667679,-0.029045961482947642,-366.773603648824,697.1883841780134,-331.0865546039099,-0.6717740747203834
6.82,-0.010565531345824069,-0.218599979480682,0.0,-2.006320008667282,1.0,-0.0002928370247095777,-0.0002928370247095777,-1.2033447024137292,0.23239066389667679,-0.029045961482947642,-366.773603648824,697.1883841780134,-331.0865546039099,-0.6717740747203834
6.84,-0.010505573319153244,-0.21182347696080747,0.0,-2.006320008667282,1.0,-0.0002928370247095777,-0.0002928370247095777,-1.2033447024137292,0.23239066389667679,-0.029045961482947642,-366.773603648824,697.1883841780134,-331.0865546039099,-0.6717740747203834
6.86,-0.010417466720358827,-0.20524117661129443,0.0,-2.006320008667282,1.0,-0.0002928370247095777,-0.0002928370247095777,-1.2033447024137292,0.23239066389667679,-0.029045961482947642,-366.773603648824,697.1883841780134,-331.0865546039099,-0.6717740747203834
6.88,-0.010304567241080446,-0.19886007617141288,0.0,-2.006320008667282,1.0,-0.0002928370247095777,-0.0002928370247095777,-1.2033447024137292,0.23239066389667679,-0.029045961482947642,-366.773603648824,697.1883841780134,-331.0865546039099,-0.6717740747203834
6.9,-0.010169958194857656,-0.1926844982115771,0.0,-2.006320008667282,1.0,-0.0002928370247095777,-0.0002928370247095777,-1.2033447024137292,0.23239066389667679,-0.029045961482947642,-366.773603648824,697.1883841780134,-331.0865546039099,-0.6717740747203834
6.92,-0.01001646667956556,-0.18671659574221533,0.0,-2.006320008667282,1.0,-0.0002928370247095777,-0.0002928370247095777,-1.2033447024137292,0.23239066389667679,-0.029045961482947642,-366.773603648824,697.1883841780134,-331.0865546039099,-0.6717740747203834
6.94,-0.009846679539772354,-0.18095676846955158,0.0,-2.006320008667282,1.0,-0.0002928370247095777,-0.0002928370247095777,-1.2033447024137292,0.23239066389667679,-0.029045961482947642,-366.773603648824,697.1883841780134,-331.0865546039099,-0.6717740747203834
6.96,-0.009662958959850408,-0.1754040055767577,0.0,-2.006320008667282,1.0,-0.0002928370247095777,-0.0002928370247095777,-1.2033447024137292,0.23239066389667679,-0.029045961482947642,-366.773603648824,697.1883841780134,-331.0865546039099,-0.6717740747203834
6.98,-0.00946745756408317,-0.17005616806643847,0.0,-2.006320008667282,1.0,-0.0002928370247095777,-0.0002928370247095777,-1.2033447024137292,0.23239066389667679,-0.029045961482947642,-366.773603648824,697.1883841780134,-331.0865546039099,-0.6717740747203834
7.0,-0.009262132936104244,-0.16491022134466715,0.0,-2.006320008667282,1.0,-0.0002928370247095777,-0.0002928370247095777,-1.2033447024137292,0.23239066389667679,-0.029045961482947642,-366.773603648824,697.1883841780134,-331.0865546039099,-0.6717740747203834
7.0200000000000005,-0.00904876149864735,-0.15996242682640077,0.0,-2.006320008667282,1.0,-0.0002928370247095777,-0.0002928370247095777,-1.2033447024137292,0.23239066389667679,-0.029045961482947642,-366.773603648824,697.1883841780134,-331.0865546039099,-0.6717740747203834
7.04,-0.008828951717094838,-0.15520849975708545,0.0,-2.006320008667282,1.0,-0.0002928370247095777,-0.0002928370247095777,-1.2033447024137292,0.23239066389667679,-0.029045961482947642,-366.773603648824,697.1883841780134,-331.0865546039099,-0.6717740747203834
7.0600000000000005,-0.008604156607964384,-0.15064373917543783,0.0,-2.006320008667282,1.0,-0.0002928370247095777,-0.0002928370247095777,-1.2033447024137292,0.23239066389667679,-0.029045961482947642,-366.773603648824,697.1883841780134,-331.0865546039099,-0.6717740747203834
7.08,-0.008375685547105426,-0.14626313487308934,0.0,-2.006320008667282,1.0,-0.0002928370247095777,-0.0002928370247095777,-1.2033447024137292,0.23239066389667679,-0.029045961482947642,-366.773603648824,697.1883841780134,-331.0865546039099,-0.6717740747203834
7.1000000000000005,-0.008144715382872892,-0.14206145535899195,0.0,-2.006320008667282,1.0,-0.0002928370247095777,-0.0002928370247095777,-1.2033447024137292,0.23239066389667679,-0.029045961482947642,-366.773603648824,697.1883841780134,-331.0865546039099,-0.6717740747203834
7.12,-0.007912300867422421,-0.13803332011257335,0.0,-2.006320008667282,1.0,-0.0002928370247095777,-0.0002928370247095777,-1.2033447024137292,0.23239066389667679,-0.029045961482947642,-366.773603648824,697.1883841780134,-331.0865546039099,-0.6717740747203834
7.140000000000001,-0.007679384425150969,-0.13417325884453135,0.0,-2.006320008667282,1.0,-0.0002928370247095777,-0.0002928370247095777,-1.2033447024137292,0.23239066389667679,-0.029045961482947642,-366.773603648824,697.1883841780134,-331.0865546039099,-0.6717740747203834
7.16,-0.007446805281492734,-0.13047575999169406,0.0,-2.006320008667282,1.0,-0.0002928370247095777,-0.0002928370247095777,-1.2033447024137292,0.23239066389667679,-0.029045961482947642,-366.773603648824,697.1883841780134,-331.0865546039099,-0.6717740747203834
7.18,-0.007215307978219726,-0.12693531029640767,0.0,-2.006320008667282,1.0,-0.0002928370247095777,-0.0002928370247095777,-1.2033447024137292,0.23239066389667679,-0.029045961482947642,-366.773603648824,697.1883841780134,-331.0865546039099,-0.6717740747203834
7.2,-0.006985550303256162,-0.12354642698525853,0.0,-2.006320008667282,1.0,-0.0002928370247095777,-0.0002928370247095777,-1.2033447024137292,0.23239066389667679,-0.029045961482947642,-366.773603648824,697.1883841780134,-331.0865546039099,-0.6717740747203834
7.22,-0.00675811066410653,-0.1203036838076962,0.0,-2.006320008667282,1.0,-0.0002928370247095777,-0.0002928370247095777,-1.2033447024137292,0.23239066389667679,-0.029045961482947642,-366.773603648824,697.1883841780134,-331.0865546039099,-0.6717740747203834
7.24,-0.006533494934444212,-0.11720173197556563,0.0,-2.006320008667282,1.0,-0.0002928370247095777,-0.0002928370247095777,-1.2033447024137292,0.23239066389667679,-0.029045961482947642,-366.773603648824,697.1883841780134,-331.0865546039099,-0.6717740747203834
7.26,-0.006312142803352695,-0.11423531685902824,0.0,-2.006320008667282,1.0,-0.0002928370247095777,-0.0002928370247095777,-1.2033447024137292,0.23239066389667679,-0.029045961482947642,-366.773603648824,697.1883841780134,-331.0865546039099,-0.6717740747203834
7.28,-0.00609443365632663,-0.11139929115984686,0.0,-2.006320008667282,1.0,-0.0002928370247095777,-0.0002928370247095777,-1.2033447024137292,0.23239066389667679,-0.029045961482947642,-366.773603648824,697.1883841780134,-331.0865546039099,-0.6717740747203834
7.3,-0.0058806920164274305,-0.10868862514662814,0.0,-2.006320008667282,1.0,-0.0002928370247095777,-0.0002928370247095777,-1.2033447024137292,0.23239066389667679,-0.029045961482947642,-366.773603648824,697.1883841780134,-331.0865546039099,-0.6717740747203834
7.32,-0.00567119257312655,-0.1060984144518316,0.0,-2.006320008667282,1.0,-0.0002928370247095777,-0.0002928370247095777,-1.2033447024137292,0.23239066389667679,-0.029045961482947642,-366.773603648824,697.1883841780134,-331.0865546039099,-0.6717740747203834
7.34,-0.005466164825310588,-0.10362388583235951,0.0,-2.006320008667282,1.0,-0.0002928370247095777,-0.0002928370247095777,-1.2033447024137292,0.23239066389667679,-0.029045961482947642,-366.773603648824,697.1883841780134,-331.0865546039099,-0.6717740747203834
7.36,-0.005265797363821078,-0.10126040124259723,0.0,-2.006320008667282,1.0,-0.0002928370247095777,-0.0002928370247095777,-1.2033447024137292,0.23239066389667679,-0.029045961482947642,-366.773603648824,697.1883841780134,-331.0865546039099,-0.6717740747203834
7.38,-0.0050702418176871555,-0.09900346049698953,0.0,-2.006320008667282,1.0,-0.0002928370247095777,-0.0002928370247095777,-1.2033447024137292,0.23239066389667679,-0.029045961482947642,-366.773603648824,697.1883841780134,-331.0865546039099,-0.6717740747203834
7.4,-0.004879616487017957,-0.0968487027676303,0.0,-2.006320008667282,1.0,-0.0002928370247095777,-0.0002928370247095777,-1.2033447024137292,0.23239066389667679,-0.029045961482947642,-366.773603648824,697.1883841780134,-331.0865546039099,-0.6717740747203834
7.42,-0.004694009684268859,-0.09479190710837643,0.0,-2.006320008667282,1.0,-0.0002928370247095777,-0.0002928370247095777,-1.2033447024137292,0.23239066389667679,-0.029045961482947642,-366.773603648824,697.1883841780134,-331.0865546039099,-0.6717740747203834
7.44,-0.004513482804406133,-0.09282899218002649,0.0,-2.006320008667282,1.0,-0.0002928370247095777,-0.0002928370247095777,-1.2033447024137292,0.23239066389667679,-0.029045961482947642,-366.773603648824,697.1883841780134,-331.0865546039099,-0.6717740747203834
7.46,-0.0043380731432734,-0.09095601530892411,0.0,-2.006320008667282,1.0,-0.0002928370247095777,-0.0002928370247095777,-1.2033447024137292,0.23239066389667679,-0.029045961482947642,-366.773603648824,697.1883841780134,-331.0865546039099,-0.6717740747203834
7.48,-0.0041677964823288675,-0.08916917100449852,0.0,-2.006320008667282,1.0,-0.0002928370247095777,-0.0002928370247095777,-1.2033447024137292,0.23239066389667679,-0.029045961482947642,-366.773603648824,697.1883841780134,-331.0865546039099,-0.6717740747203834
7.5,-0.004002649456772669,-0.08746478902720392,0.0,-2.006320008667282,1.0,-0.0002928370247095777,-0.0002928370247095777,-1.2033447024137292,0.23239066389667679,-0.029045961482947642,-366.773603648824,697.1883841780134,-331.0865546039099,-0.6717740747203834
7.5200000000000005,-0.0038426117230324457,-0.08583933209812136,0.0,-2.006320008667282,1.0,-0.0002928370247095777,-0.0002928370247095777,-1.2033447024137292,0.23239066389667679,-0.029045961482947642,-366.773603648824,697.1883841780134,-331.0865546039099,-0.6717740747203834
7.54,-0.0036876479405171143,-0.08428939331307357,0.0,-2.006320008667282,1.0,-0.0002928370247095777,-0.0002928370247095777,-1.2033447024137292,0.23239066389667679,-0.029045961482947642,-366.773603648824,697.1883841780134,-331.0865546039099,-0.6717740747203834
7.5600000000000005,-0.00353770958159459,-0.08281169332874472,0.0,-2.006320008667282,1.0,-0.0002928370247095777,-0.0002928370247095777,-1.2033447024137292,0.23239066389667679,-0.029045961482947642,-366.773603648824,697.1883841780134,-331.0865546039099,-0.6717740747203834
7.58,-0.0033927365827897352,-0.08140307736342127,0.0,-2.006320008667282,1.0,-0.0002928370247095777,-0.0002928370247095777,-1.2033447024137292,0.23239066389667679,-0.029045961482947642,-366.773603648824,697.1883841780134,-331.0865546039099,-0.6717740747203834
7.6000000000000005,-0.003252658849344517,-0.08006051206287328,0.0,-2.006320008667282,1.0,-0.0002928370247095777,-0.0002928370247095777,-1.2033447024137292,0.23239066389667679,-0.029045961482947642,-366.773603648824,697.1883841780134,-331.0865546039099,-0.6717740747203834
7.62,-0.003117397624422624,-0.07878108225988106,0.0,-2.006320008667282,1.0,-0.0002928370247095777,-0.0002928370247095777,-1.2033447024137292,0.23239066389667679,-0.029045961482947642,-366.773603648824,697.1883841780134,-331.0865546039099,-0.6717740747203834
7.640000000000001,-0.0029868667334838304,-0.077561987665804,0.0,-2.006320008667282,1.0,-0.0002928370247095777,-0.0002928370247095777,-1.2033447024137292,0.23239066389667679,-0.029045961482947642,-366.773603648824,697.1883841780134,-331.0865546039099,-0.6717740747203834
7.66,-0.0028609737135885157,-0.07640053951240082,0.0,-2.006320008667282,1.0,-0.0002928370247095777,-0.0002928370247095777,-1.2033447024137292,0.23239066389667679,-0.029045961482947642,-366.773603648824,697.1883841780134,-331.0865546039099,-0.6717740747203834
7.68,-0.0027396208367280166,-0.07529415717369144,0.0,-2.006320008667282,1.0,-0.0002928370247095777,-0.0002928370247095777,-1.2033447024137292,0.23239066389667679,-0.029045961482947642,-366.773603648824,697.1883841780134,-331.0865546039099,-0.6717740747203834
7.7,-0.002622706035602971,-0.07424036477977351,0.0,-2.006320008667282,1.0,-0.0002928370247095777,-0.0002928370247095777,-1.2033447024137292,0.23239066389667679,-0.029045961482947642,-366.773603648824,697.1883841780134,-331.0865546039099,-0.6717740747203834
7.72,-0.002510123739679397,-0.0732367878418984,0.0,-2.006320008667282,1.0,-0.0002928370247095777,-0.0002928370247095777,-1.2033447024137292,0.23239066389667679,-0.029045961482947642,-366.773603648824,697.1883841780134,-331.0865546039099,-0.6717740747203834
7.74,-0.002401765628784771,-0.0722811499033917,0.0,-2.006320008667282,1.0,-0.0002928370247095777,-0.0002928370247095777,-1.2033447024137292,0.23239066389667679,-0.029045961482947642,-366.773603648824,697.1883841780134,-331.0865546039099,-0.6717740747203834
7.76,-0.002297521310959538,-0.07137126922204197,0.0,-2.006320008667282,1.0,-0.0002928370247095777,-0.0002928370247095777,-1.2033447024137292,0.23239066389667679,-0.029045961482947642,-366.773603648824,697.1883841780134,-331.0865546039099,-0.6717740747203834
7.78,-0.002197278930808677,-0.0705050555007598,0.0,-2.006320008667282,1.0,-0.0002928370247095777,-0.0002928370247095777,-1.2033447024137292,0.23239066389667679,-0.029045961482947642,-366.773603648824,697.1883841780134,-331.0865546039099,-0.6717740747203834
7.8,-0.002100925714108366,-0.06968050666636517,0.0,-2.006320008667282,1.0,-0.0002928370247095777,-0.0002928370247095777,-1.2033447024137292,0.23239066389667679,-0.029045961482947642,-366.773603648824,697.1883841780134,-331.0865546039099,-0.6717740747203834
7.82,-0.002008348454020273,-0.068895705710911,0.0,-2.006320008667282,1.0,-0.0002928370247095777,-0.0002928370247095777,-1.2033447024137292,0.23239066389667679,-0.029045961482947642,-366.773603648824,697.1883841780134,-331.0865546039099,-0.6717740747203834
7.84,-0.0019194339438364186,-0.06814881759270518,0.0,-2.006320008667282,1.0,-0.0002928370247095777,-0.0002928370247095777,-1.2033447024137292,0.23239066389667679,-0.029045961482947642,-366.773603648824,697.1883841780134,-331.0865546039099,-0.6717740747203834
7.86,-0.0018340693608327463,-0.06743808620933453,0.0,-2.006320008667282,1.0,-0.0002928370247095777,-0.0002928370247095777,-1.2033447024137292,0.23239066389667679,-0.029045961482947642,-366.773603648824,697.1883841780134,-331.0865546039099,-0.6717740747203834
7.88,-0.0017521426054336684,-0.06676183143795697,0.0,-2.006320008667282,1.0,-0.0002928370247095777,-0.0002928370247095777,-1.2033447024137292,0.23239066389667679,-0.029045961482947642,-366.773603648824,697.1883841780134,-331.0865546039099,-0.6717740747203834
7.9,-0.0016735425995956562,-0.06611844625357675,0.0,-2.006320008667282,1.0,-0.0002928370247095777,-0.0002928370247095777,-1.2033447024137292,0.23239066389667679,-0.029045961482947642,-366.773603648824,697.1883841780134,-331.0865546039099,-0.6717740747203834
7.92,-0.0015981595479892304,-0.06550639391913307,0.0,-2.006320008667282,1.0,-0.0002928370247095777,-0.0002928370247095777,-1.2033447024137292,0.23239066389667679,-0.029045961482947642,-366.773603648824,697.1883841780134,-331.0865546039099,-0.6717740747203834
7.94,-0.001525885165308518,-0.06492420525681575,0.0,-2.006320008667282,1.0,-0.0002928370247095777,-0.0002928370247095777,-1.2033447024137292,0.23239066389667679,-0.029045961482947642,-366.773603648824,697.1883841780134,-331.0865546039099,-0.6717740747203834
7.96,-0.0014566128727506403,-0.06437047599352819,0.0,-2.006320008667282,1.0,-0.0002928370247095777,-0.0002928370247095777,-1.2033447024137292,0.23239066389667679,-0.029045961482947642,-366.773603648824,697.1883841780134,-331.0865546039099,-0.6717740747203834
7.98,-0.001390237966495192,-0.06384386418888494,0.0,-2.006320008667282,1.0,-0.0002928370247095777,-0.0002928370247095777,-1.2033447024137292,0.23239066389667679,-0.029045961482947642,-366.773603648824,697.1883841780134,-331.0865546039099,-0.6717740747203834
8.0,-0.011326657760763165,-3.7310791242260635,0.0,-2.006320008667282,1.0,-0.0002928370247095777,-0.0002928370247095777,-1.2033447024137292,0.23239066389667679,-0.029045961482947642,-366.773603648824,697.1883841780134,-331.0865546039099,-0.6717740747203834
8.02,-0.02022342625512118,-4.4577010845653025,0.0,-2.0070873969666083,0.9991959738533001,0.03494791710736556,0.03523859808926189,-1.2033447024137292,0.23239066389667679,-0.029045961482947642,-366.773603648824,697.1883841780134,-331.0865546039099,-0.6717740747203834
8.040000000000001,-0.02685050712064575,-3.9975609130210352,0.0,-2.007177516366621,0.9989706181024656,-0.0010405350456676454,0.04516741907208273,-1.2033447024137292,0.23239066389667679,-0.029045961482947642,-366.773603648824,697.1883841780134,-331.0865546039099,-0.6717740747203834
8.06,-0.031172190501058752,-3.29186790428912,0.0,-2.0074088590441774,0.9987247656535704,-0.00030701367867682456,-0.00023952427454138753,-1.2033447024137292,0.23239066389667679,-0.029045961482947642,-366.773603648824,697.1883841780134,-331.0865546039099,-0.6717740747203834
8.08,-0.03355736708300142,-2.62664340235135,0.0,-2.0074088590441774,0.9987247656535704,-0.00030701367867682456,-0.00023952427454138753,-1.2033447024137292,0.23239066389667679,-0.029045961482947642,-366.773603648824,697.1883841780134,-331.0865546039099,-0.6717740747203834
8.1,-0.03442251008650364,-2.0620257455678916,0.0,-2.0074088590441774,0.9987247656535704,-0.00030701367867682456,-0.00023952427454138753,-1.2033447024137292,0.23239066389667679,-0.029045961482947642,-366.773603648824,697.1883841780134,-331.0865546039099,-0.6717740747203834
8.120000000000001,-0.034133052278558576,-1.5970572717019131,0.0,-2.0074088590441774,0.9987247656535704,-0.00030701367867682456,-0.00023952427454138753,-1.2033447024137292,0.23239066389667679,-0.029045961482947642,-366.773603648824,697.1883841780134,-331.0865546039099,-0.6717740747203834
8.14,-0.032988452904516886,-1.2178647092594839,0.0,-2.0074088590441774,0.9987247656535704,-0.00030701367867682456,-0.00023952427454138753,-1.2033447024137292,0.23239066389667679,-0.029045961482947642,-366.773603648824,697.1883841780134,-331.0865546039099,-0.6717740747203834
8.16,-0.03122848262793215,-0.9098749767966732,0.0,-2.0074088590441774,0.9987247656535704,-0.00030701367867682456,-0.00023952427454138753,-1.2033447024137292,0.23239066389667679,-0.029045961482947642,-366.773603648824,697.1883841780134,-331.0865546039099,-0.6717740747203834
8.18,-0.029043090353541922,-0.6603976891034954,0.0,-2.0074088590441774,0.9987247656535704,-0.00030701367867682456,-0.00023952427454138753,-1.2033447024137292,0.23239066389667679,-0.029045961482947642,-366.773603648824,697.1883841780134,-331.0865546039099,-0.6717740747203834
8.2,-0.026581592030048007,-0.4588654454365376,0.0,-2.0074088590441774,0.9987247656535704,-0.00030701367867682456,-0.00023952427454138753,-1.2033447024137292,0.23239066389667679,-0.029045961482947642,-366.773603648824,697.1883841780134,-331.0865546039099,-0.6717740747203834
8.22,-0.0239604210602713,-0.2965807401253148,0.0,-2.0074088590441774,0.9987247656535704,-0.00030701367867682456,-0.00023952427454138753,-1.2033447024137292,0.23239066389667679,-0.029045961482947642,-366.773603648824,697.1883841780134,-331.0865546039099,-0.6717740747203834
8.24,-0.021269498229163346,-0.16640569399710048,0.0,-2.0074088590441774,0.9987247656535704,-0.00030701367867682456,-0.00023952427454138753,-1.2033447024137292,0.23239066389667679,-0.029045961482947642,-366.773603648824,697.1883841780134,-331.0865546039099,-0.6717740747203834
8.26,-0.01857742930596502,-0.06248584939694532,0.0,-2.0074088590441774,0.9987247656535704,-0.00030701367867682456,-0.00023952427454138753,-1.2033447024137292,0.23239066389667679,-0.029045961482947642,-366.773603648824,697.1883841780134,-331.0865546039099,-0.6717740747203834
8.28,-0.01593573633264052,0.01998023274158363,0.0,-2.0074088590441774,0.9987247656535704,-0.00030701367867682456,-0.00023952427454138753,-1.2033447024137292,0.23239066389667679,-0.029045961482947642,-366.773603648824,697.1883841780134,-331.0865546039099,-0.6717740747203834
8.3,-0.013382298207014804,0.08493028551052466,0.0,-2.0074088590441774,0.9987247656535704,-0.00030701367867682456,-0.00023952427454138753,-1.2033447024137292,0.23239066389667679,-0.029045961482947642,-366.773603648824,697.1883841780134,-331.0865546039099,-0.6717740747203834
8.32,-0.010944145234519575,0.13559346758296648,0.0,-2.0074088590441774,0.9987247656535704,-0.00030701367867682456,-0.00023952427454138753,-1.2033447024137292,0.23239066389667679,-0.029045961482947642,-366.773603648824,697.1883841780134,-331.0865546039099,-0.6717740747203834
8.34,-0.00863972597044933,0.17461751803533848,0.0,-2.0074088590441774,0.9987247656535704,-0.00030701367867682456,-0.00023952427454138753,-1.2033447024137292,0.23239066389667679,-0.029045961482947642,-366.773603648824,697.1883841780134,-331.0865546039099,-0.6717740747203834
8.36,-0.006480743064341706,0.20417305339224565,0.0,-2.0074088590441774,0.9987247656535704,-0.00030701367867682456,-0.00023952427454138753,-1.2033447024137292,0.23239066389667679,-0.029045961482947642,-366.773603648824,697.1883841780134,-331.0865546039099,-0.6717740747203834
8.38,-0.004473637214837491,0.226039162187562,0.0,-2.0074088590441774,0.9987247656535704,-0.00030701367867682456,-0.00023952427454138753,-1.2033447024137292,0.23239066389667679,-0.029045961482947642,-366.773603648824,697.1883841780134,-331.0865546039099,-0.6717740747203834
8.4,-0.00262078399089259,0.24167367067218257,0.0,-2.0074088590441774,0.9987247656535704,-0.00030701367867682456,-0.00023952427454138753,-1.2033447024137292,0.23239066389667679,-0.029045961482947642,-366.773603648824,697.1883841780134,-331.0865546039099,-0.6717740747203834
8.42,-0.0009214565464929203,0.25227082871214734,0.0,-2.0074088590441774,0.9987247656535704,-0.00030701367867682456,-0.00023952427454138753,-1.2033447024137292,0.23239066389667679,-0.029045961482947642,-366.773603648824,697.1883841780134,-331.0865546039099,-0.6717740747203834
8.44,0.0006274023474701395,0.2588086640822599,0.0,-2.0074088590441774,0.9987247656535704,-0.00030701367867682456,-0.00023952427454138753,-1.2033447024137292,0.23239066389667679,-0.029045961482947642,-366.773603648824,697.1883841780134,-331.0865546039099,-0.6717740747203834
8.46,0.002030563404282625,0.2620878487941727,0.0,-2.0074088590441774,0.9987247656535704,-0.00030701367867682456,-0.00023952427454138753,-1.2033447024137292,0.23239066389667679,-0.029045961482947642,-366.773603648824,697.1883841780134,-331.0865546039099,-0.6717740747203834
8.48,0.0032940199657101716,0.26276359200541344,0.0,-2.0074088590441774,0.9987247656535704,-0.00030701367867682456,-0.00023952427454138753,-1.2033447024137292,0.23239066389667679,-0.029045961482947642,-366.773603648824,697.1883841780134,-331.0865546039099,-0.6717740747203834
8.5,0.00442459940123558,0.26137180491350703,0.0,-2.0074088590441774,0.9987247656535704,-0.00030701367867682456,-0.00023952427454138753,-1.2033447024137292,0.23239066389667679,-0.029045961482947642,-366.773603648824,697.1883841780134,-331.0865546039099,-0.6717740747203834
8.52,0.005429657323887607,0.258350562091712,0.0,-2.0074088590441774,0.9987247656535704,-0.00030701367867682456,-0.00023952427454138753,-1.2033447024137292,0.23239066389667679,-0.029045961482947642,-366.773603648824,697.1883841780134,-331.0865546039099,-0.6717740747203834
8.540000000000001,0.006316838752131015,0.2540577019271857,0.0,-2.0074088590441774,0.9987247656535704,-0.00030701367867682456,-0.00023952427454138753,-1.2033447024137292,0.23239066389667679,-0.029045961482947642,-366.773603648824,697.1883841780134,-331.0865546039099,-0.6717740747203834
8.56,0.007093893271974817,0.24878525905406257,0.0,-2.0074088590441774,0.9987247656535704,-0.00030701367867682456,-0.00023952427454138753,-1.2033447024137292,0.23239066389667679,-0.029045961482947642,-366.773603648824,697.1883841780134,-331.0865546039099,-0.6717740747203834
8.58,0.007768533649404867,0.242771298249514,0.0,-2.0074088590441774,0.9987247656535704,-0.00030701367867682456,-0.00023952427454138753,-1.2033447024137292,0.23239066389667679,-0.029045961482947642,-366.773603648824,697.1883841780134,-331.0865546039099,-0.6717740747203834
8.6,0.008348329304671118,0.2362096175582011,0.0,-2.0074088590441774,0.9987247656535704,-0.00030701367867682456,-0.00023952427454138753,-1.2033447024137292,0.23239066389667679,-0.029045961482947642,-366.773603648824,697.1883841780134,-331.0865546039099,-0.6717740747203834
8.620000000000001,0.008840627664521011,0.2292577046548204,0.0,-2.0074088590441774,0.9987247656535704,-0.00030701367867682456,-0.00023952427454138753,-1.2033447024137292,0.23239066389667679,-0.029045961482947642,-366.773603648824,697.1883841780134,-331.0865546039099,-0.6717740747203834
8.64,0.009252497720139403,0.22204326152252377,0.0,-2.0074088590441774,0.9987247656535704,-0.00030701367867682456,-0.00023952427454138753,-1.2033447024137292,0.23239066389667679,-0.029045961482947642,-366.773603648824,697.1883841780134,-331.0865546039099,-0.6717740747203834
8.66,0.009590691190027555,0.2146695558420941,0.0,-2.0074088590441774,0.9987247656535704,-0.00030701367867682456,-0.00023952427454138753,-1.2033447024137292,0.23239066389667679,-0.029045961482947642,-366.773603648824,697.1883841780134,-331.0865546039099,-0.6717740747203834
8.68,0.009861617561676483,0.20721981091064234,0.0,-2.0074088590441774,0.9987247656535704,-0.00030701367867682456,-0.00023952427454138753,-1.2033447024137292,0.23239066389667679,-0.029045961482947642,-366.773603648824,697.1883841780134,-331.0865546039099,-0.6717740747203834
8.700000000000001,0.010071329999311528,0.19976080766922422,0.0,-2.0074088590441774,0.9987247656535704,-0.00030701367867682456,-0.00023952427454138753,-1.2033447024137292,0.23239066389667679,-0.029045961482947642,-366.773603648824,697.1883841780134,-331.0865546039099,-0.6717740747203834
8.72,0.010225519686475452,0.19234584104304744,0.0,-2.0074088590441774,0.9987247656535704,-0.00030701367867682456,-0.00023952427454138753,-1.2033447024137292,0.23239066389667679,-0.029045961482947642,-366.773603648824,697.1883841780134,-331.0865546039099,-0.6717740747203834
8.74,0.010329516645806712,0.1850171470716979,0.0,-2.0074088590441774,0.9987247656535704,-0.00030701367867682456,-0.00023952427454138753,-1.2033447024137292,0.23239066389667679,-0.029045961482947642,-366.773603648824,697.1883841780134,-331.0865546039099,-0.6717740747203834
8.76,0.010388295463756062,0.177807896222312,0.0,-2.0074088590441774,0.9987247656535704,-0.00030701367867682456,-0.00023952427454138753,-1.2033447024137292,0.23239066389667679,-0.029045961482947642,-366.773603648824,697.1883841780134,-331.0865546039099,-0.6717740747203834
8.78,0.010406484661314065,0.1707438310069061,0.0,-2.0074088590441774,0.9987247656535704,-0.00030701367867682456,-0.00023952427454138753,-1.2033447024137292,0.23239066389667679,-0.029045961482947642,-366.773603648824,697.1883841780134,-331.0865546039099,-0.6717740747203834
8.8,0.01038837870631089,0.16384461188028154,0.0,-2.0074088590441774,0.9987247656535704,-0.00030701367867682456,-0.00023952427454138753,-1.2033447024137292,0.23239066389667679,-0.029045961482947642,-366.773603648824,697.1883841780134,-331.0865546039099,-0.6717740747203834
8.82,0.01033795186931763,0.15712492381471327,0.0,-2.0074088590441774,0.9987247656535704,-0.00030701367867682456,-0.00023952427454138753,-1.2033447024137292,0.23239066389667679,-0.029045961482947642,-366.773603648824,697.1883841780134,-331.0865546039099,-0.6717740747203834
8.84,0.010258873292473172,0.1505953864682475,0.0,-2.0074088590441774,0.9987247656535704,-0.00030701367867682456,-0.00023952427454138753,-1.2033447024137292,0.23239066389667679,-0.029045961482947642,-366.773603648824,697.1883841780134,-331.0865546039099,-0.6717740747203834
8.86,0.010154522775917314,0.14426330310469104,0.0,-2.0074088590441774,0.9987247656535704,-0.00030701367867682456,-0.00023952427454138753,-1.2033447024137292,0.23239066389667679,-0.029045961482947642,-366.773603648824,697.1883841780134,-331.0865546039099,-0.6717740747203834
8.88,0.010028006895841617,0.13813327707320913,0.0,-2.0074088590441774,0.9987247656535704,-0.00030701367867682456,-0.00023952427454138753,-1.2033447024137292,0.23239066389667679,-0.029045961482947642,-366.773603648824,697.1883841780134,-331.0865546039099,-0.6717740747203834
8.9,0.009882175156305167,0.132207719458062,0.0,-2.0074088590441774,0.9987247656535704,-0.00030701367867682456,-0.00023952427454138753,-1.2033447024137292,0.23239066389667679,-0.029045961482947642,-366.773603648824,697.1883841780134,-331.0865546039099,-0.6717740747203834
8.92,0.009719635947847352,0.12648726725474513,0.0,-2.0074088590441774,0.9987247656535704,-0.00030701367867682456,-0.00023952427454138753,-1.2033447024137292,0.23239066389667679,-0.029045961482947642,-366.773603648824,697.1883841780134,-331.0865546039099,-0.6717740747203834
8.94,0.009542772142785948,0.1209711279464604,0.0,-2.0074088590441774,0.9987247656535704,-0.00030701367867682456,-0.00023952427454138753,-1.2033447024137292,0.23239066389667679,-0.029045961482947642,-366.773603648824,697.1883841780134,-331.0865546039099,-0.6717740747203834
8.96,0.009353756202543712,0.115657363503398,0.0,-2.0074088590441774,0.9987247656535704,-0.00030701367867682456,-0.00023952427454138753,-1.2033447024137292,0.23239066389667679,-0.029045961482947642,-366.773603648824,697.1883841780134,-331.0865546039099,-0.6717740747203834
8.98,0.009154564708546895,0.11054312449265,0.0,-2.0074088590441774,0.9987247656535704,-0.00030701367867682456,-0.00023952427454138753,-1.2033447024137292,0.23239066389667679,-0.029045961482947642,-366.773603648824,697.1883841780134,-331.0865546039099,-0.6717740747203834
9.0,0.008946992256932884,0.10562484307395192,0.0,-2.0074088590441774,0.9987247656535704,-0.00030701367867682456,-0.00023952427454138753,-1.2033447024137292,0.23239066389667679,-0.029045961482947642,-366.773603648824,697.1883841780134,-331.0865546039099,-0.6717740747203834
9.02,0.008732664679920087,0.10089839208999861,0.0,-2.0074088590441774,0.9987247656535704,-0.00030701367867682456,-0.00023952427454138753,-1.2033447024137292,0.23239066389667679,-0.029045961482947642,-366.773603648824,697.1883841780134,-331.0865546039099,-0.6717740747203834
9.040000000000001,0.008513051574391929,0.0963592161757406,0.0,-2.0074088590441774,0.9987247656535704,-0.00030701367867682456,-0.00023952427454138753,-1.2033447024137292,0.23239066389667679,-0.029045961482947642,-366.773603648824,697.1883841780134,-331.0865546039099,-0.6717740747203834
9.06,0.008289478131978016,0.09200243975877805,0.0,-2.0074088590441774,0.9987247656535704,-0.00030701367867682456,-0.00023952427454138753,-1.2033447024137292,0.23239066389667679,-0.029045961482947642,-366.773603648824,697.1883841780134,-331.0865546039099,-0.6717740747203834
9.08,0.008063136275448851,0.08782295595957414,0.0,-2.0074088590441774,0.9987247656535704,-0.00030701367867682456,-0.00023952427454138753,-1.2033447024137292,0.23239066389667679,-0.029045961482947642,-366.773603648824,697.1883841780134,-331.0865546039099,-0.6717740747203834
9.1,0.00783509511420572,0.08381549969245117,0.0,-2.0074088590441774,0.9987247656535704,-0.00030701367867682456,-0.00023952427454138753,-1.2033447024137292,0.23239066389667679,-0.029045961482947642,-366.773603648824,697.1883841780134,-331.0865546039099,-0.6717740747203834
9.120000000000001,0.007606310737552818,0.079974707686849,0.0,-2.0074088590441774,0.9987247656535704,-0.00030701367867682456,-0.00023952427454138753,-1.2033447024137292,0.23239066389667679,-0.029045961482947642,-366.773603648824,697.1883841780134,-331.0865546039099,-0.6717740747203834
9.14,0.007377635368701548,0.07629516767148113,0.0,-2.0074088590441774,0.9987247656535704,-0.00030701367867682456,-0.00023952427454138753,-1.2033447024137292,0.23239066389667679,-0.029045961482947642,-366.773603648824,697.1883841780134,-331.0865546039099,-0.6717740747203834
9.16,0.0071498259054120095,0.07277145857186731,0.0,-2.0074088590441774,0.9987247656535704,-0.00030701367867682456,-0.00023952427454138753,-1.2033447024137292,0.23239066389667679,-0.029045961482947642,-366.773603648824,697.1883841780134,-331.0865546039099,-0.6717740747203834
9.18,0.006923551875099236,0.06939818324993575,0.0,-2.0074088590441774,0.9987247656535704,-0.00030701367867682456,-0.00023952427454138753,-1.2033447024137292,0.23239066389667679,-0.029045961482947642,-366.773603648824,697.1883841780134,-331.0865546039099,-0.6717740747203834
9.200000000000001,0.006699402833340264,0.06616999504912409,0.0,-2.0074088590441774,0.9987247656535704,-0.00030701367867682456,-0.00023952427454138753,-1.2033447024137292,0.23239066389667679,-0.029045961482947642,-366.773603648824,697.1883841780134,-331.0865546039099,-0.6717740747203834
9.22,0.006477895235194107,0.06308161919079841,0.0,-2.0074088590441774,0.9987247656535704,-0.00030701367867682456,-0.00023952427454138753,-1.2033447024137292,0.23239066389667679,-0.029045961482947642,-366.773603648824,697.1883841780134,-331.0865546039099,-0.6717740747203834
9.24,0.006259478808732085,0.06012786988806945,0.0,-2.0074088590441774,0.9987247656535704,-0.00030701367867682456,-0.00023952427454138753,-1.2033447024137292,0.23239066389667679,-0.029045961482947642,-366.773603648824,697.1883841780134,-331.0865546039099,-0.6717740747203834
9.26,0.0060445424597892665,0.057303663895625634,0.0,-2.0074088590441774,0.9987247656535704,-0.00030701367867682456,-0.00023952427454138753,-1.2033447024137292,0.23239066389667679,-0.029045961482947642,-366.773603648824,697.1883841780134,-331.0865546039099,-0.6717740747203834
9.28,0.0058334197362795845,0.05460403109186921,0.0,-2.0074088590441774,0.9987247656535704,-0.00030701367867682456,-0.00023952427454138753,-1.2033447024137292,0.23239066389667679,-0.029045961482947642,-366.773603648824,697.1883841780134,-331.0865546039099,-0.6717740747203834
9.3,0.005626393879544734,0.05202412258932315,0.0,-2.0074088590441774,0.9987247656535704,-0.00030701367867682456,-0.00023952427454138753,-1.2033447024137292,0.23239066389667679,-0.029045961482947642,-366.773603648824,697.1883841780134,-331.0865546039099,-0.6717740747203834
9.32,0.005423702489188262,0.04955921678612909,0.0,-2.0074088590441774,0.9987247656535704,-0.00030701367867682456,-0.00023952427454138753,-1.2033447024137292,0.23239066389667679,-0.029045961482947642,-366.773603648824,697.1883841780134,-331.0865546039099,-0.6717740747203834
9.34,0.005225541826728655,0.04720472370258181,0.0,-2.0074088590441774,0.9987247656535704,-0.00030701367867682456,-0.00023952427454138753,-1.2033447024137292,0.23239066389667679,-0.029045961482947642,-366.773603648824,697.1883841780134,-331.0865546039099,-0.6717740747203834
9.36,0.005032070782227474,0.04495618789013484,0.0,-2.0074088590441774,0.9987247656535704,-0.00030701367867682456,-0.00023952427454138753,-1.2033447024137292,0.23239066389667679,-0.029045961482947642,-366.773603648824,697.1883841780134,-331.0865546039099,-0.6717740747203834
9.38,0.004843414526837473,0.04280929015279393,0.0,-2.0074088590441774,0.9987247656535704,-0.00030701367867682456,-0.00023952427454138753,-1.2033447024137292,0.23239066389667679,-0.029045961482947642,-366.773603648824,697.1883841780134,-331.0865546039099,-0.6717740747203834
9.4,0.004659667872996569,0.04075984828204717,0.0,-2.0074088590441774,0.9987247656535704,-0.00030701367867682456,-0.00023952427454138753,-1.2033447024137292,0.23239066389667679,-0.029045961482947642,-366.773603648824,697.1883841780134,-331.0865546039099,-0.6717740747203834
9.42,0.004480898362781738,0.03880381697375323,0.0,-2.0074088590441774,0.9987247656535704,-0.00030701367867682456,-0.00023952427454138753,-1.2033447024137292,0.23239066389667679,-0.029045961482947642,-366.773603648824,697.1883841780134,-331.0865546039099,-0.6717740747203834
9.44,0.004307149103747748,0.036937287068717115,0.0,-2.0074088590441774,0.9987247656535704,-0.00030701367867682456,-0.00023952427454138753,-1.2033447024137292,0.23239066389667679,-0.029045961482947642,-366.773603648824,697.1883841780134,-331.0865546039099,-0.6717740747203834
9.46,0.004138441370416713,0.035156484235822266,0.0,-2.0074088590441774,0.9987247656535704,-0.00030701367867682456,-0.00023952427454138753,-1.2033447024137292,0.23239066389667679,-0.029045961482947642,-366.773603648824,697.1883841780134,-331.0865546039099,-0.6717740747203834
9.48,0.00397477698846513,0.03345776719810352,0.0,-2.0074088590441774,0.9987247656535704,-0.00030701367867682456,-0.00023952427454138753,-1.2033447024137292,0.23239066389667679,-0.029045961482947642,-366.773603648824,697.1883841780134,-331.0865546039099,-0.6717740747203834
9.5,0.003816140517578443,0.03183762558620877,0.0,-2.0074088590441774,0.9987247656535704,-0.00030701367867682456,-0.00023952427454138753,-1.2033447024137292,0.23239066389667679,-0.029045961482947642,-366.773603648824,697.1883841780134,-331.0865546039099,-0.6717740747203834
9.52,0.003662501247914367,0.030292677490847603,0.0,-2.0074088590441774,0.9987247656535704,-0.00030701367867682456,-0.00023952427454138753,-1.2033447024137292,0.23239066389667679,-0.029045961482947642,-366.773603648824,697.1883841780134,-331.0865546039099,-0.6717740747203834
9.540000000000001,0.003513815024135095,0.02881966677446909,0.0,-2.0074088590441774,0.9987247656535704,-0.00030701367867682456,-0.00023952427454138753,-1.2033447024137292,0.23239066389667679,-0.029045961482947642,-366.773603648824,697.1883841780134,-331.0865546039099,-0.6717740747203834
9.56,0.003370025910037972,0.027415460193414835,0.0,-2.0074088590441774,0.9987247656535704,-0.00030701367867682456,-0.00023952427454138753,-1.2033447024137292,0.23239066389667679,-0.029045961482947642,-366.773603648824,697.1883841780134,-331.0865546039099,-0.6717740747203834
9.58,0.0032310677059325743,0.026077044373754174,0.0,-2.0074088590441774,0.9987247656535704,-0.00030701367867682456,-0.00023952427454138753,-1.2033447024137292,0.23239066389667679,-0.029045961482947642,-366.773603648824,697.1883841780134,-331.0865546039099,-0.6717740747203834
9.6,0.003096865330080527,0.02480152267769255,0.0,-2.0074088590441774,0.9987247656535704,-0.00030701367867682456,-0.00023952427454138753,-1.2033447024137292,0.23239066389667679,-0.029045961482947642,-366.773603648824,697.1883841780134,-331.0865546039099,-0.6717740747203834
9.620000000000001,0.002967336074729827,0.023586111991567967,0.0,-2.0074088590441774,0.9987247656535704,-0.00030701367867682456,-0.00023952427454138753,-1.2033447024137292,0.23239066389667679,-0.029045961482947642,-366.773603648824,697.1883841780134,-331.0865546039099,-0.6717740747203834
9.64,0.0028423907465384263,0.022428139461956632,0.0,-2.0074088590441774,0.9987247656535704,-0.00030701367867682456,-0.00023952427454138753,-1.2033447024137292,0.23239066389667679,-0.029045961482947642,-366.773603648824,697.1883841780134,-331.0865546039099,-0.6717740747203834
9.66,0.002721934700489155,0.02132503920221053,0.0,-2.0074088590441774,0.9987247656535704,-0.00030701367867682456,-0.00023952427454138753,-1.2033447024137292,0.23239066389667679,-0.029045961482947642,-366.773603648824,697.1883841780134,-331.0865546039099,-0.6717740747203834
9.68,0.0026058687757493427,0.02027434898853312,0.0,-2.0074088590441774,0.9987247656535704,-0.00030701367867682456,-0.00023952427454138753,-1.2033447024137292,0.23239066389667679,-0.029045961482947642,-366.773603648824,697.1883841780134,-331.0865546039099,-0.6717740747203834
9.700000000000001,0.002494090141320253,0.01927370696155185,0.0,-2.0074088590441774,0.9987247656535704,-0.00030701367867682456,-0.00023952427454138753,-1.2033447024137292,0.23239066389667679,-0.029045961482947642,-366.773603648824,697.1883841780134,-331.0865546039099,-0.6717740747203834
9.72,0.0023864930587532006,0.018320848347024132,0.0,-2.0074088590441774,0.9987247656535704,-0.00030701367867682456,-0.00023952427454138753,-1.2033447024137292,0.23239066389667679,-0.029045961482947642,-366.773603648824,697.1883841780134,-331.0865546039099,-0.6717740747203834
9.74,0.002282969568677725,0.01741360220702773,0.0,-2.0074088590441774,0.9987247656535704,-0.00030701367867682456,-0.00023952427454138753,-1.2033447024137292,0.23239066389667679,-0.029045961482947642,-366.773603648824,697.1883841780134,-331.0865546039099,-0.6717740747203834
9.76,0.002183410107391599,0.016549888231317294,0.0,-2.0074088590441774,0.9987247656535704,-0.00030701367867682456,-0.00023952427454138753,-1.2033447024137292,0.23239066389667679,-0.029045961482947642,-366.773603648824,697.1883841780134,-331.0865546039099,-0.6717740747203834
9.78,0.0020877040592995376,0.015727713576754152,0.0,-2.0074088590441774,0.9987247656535704,-0.00030701367867682456,-0.00023952427454138753,-1.2033447024137292,0.23239066389667679,-0.029045961482947642,-366.773603648824,697.1883841780134,-331.0865546039099,-0.6717740747203834
9.8,0.00199574025055647,0.014945169761477438,0.0,-2.0074088590441774,0.9987247656535704,-0.00030701367867682456,-0.00023952427454138753,-1.2033447024137292,0.23239066389667679,-0.029045961482947642,-366.773603648824,697.1883841780134,-331.0865546039099,-0.6717740747203834
9.82,0.0019074073888696173,0.014200429619278303,0.0,-2.0074088590441774,0.9987247656535704,-0.00030701367867682456,-0.00023952427454138753,-1.2033447024137292,0.23239066389667679,-0.029045961482947642,-366.773603648824,697.1883841780134,-331.0865546039099,-0.6717740747203834
9.84,0.0018225944540396111,0.01349174431854688,0.0,-2.0074088590441774,0.9987247656535704,-0.00030701367867682456,-0.00023952427454138753,-1.2033447024137292,0.23239066389667679,-0.029045961482947642,-366.773603648824,697.1883841780134,-331.0865546039099,-0.6717740747203834
9.86,0.001741191043473348,0.01281744044942273,0.0,-2.0074088590441774,0.9987247656535704,-0.00030701367867682456,-0.00023952427454138753,-1.2033447024137292,0.23239066389667679,-0.029045961482947642,-366.773603648824,697.1883841780134,-331.0865546039099,-0.6717740747203834
9.88,0.0016630876765776077,0.012175917181843557,0.0,-2.0074088590441774,0.9987247656535704,-0.00030701367867682456,-0.00023952427454138753,-1.2033447024137292,0.23239066389667679,-0.029045961482947642,-366.773603648824,697.1883841780134,-331.0865546039099,-0.6717740747203834
9.9,0.0015881760616421113,0.011565643496659162,0.0,-2.0074088590441774,0.9987247656535704,-0.00030701367867682456,-0.00023952427454138753,-1.2033447024137292,0.23239066389667679,-0.029045961482947642,-366.773603648824,697.1883841780134,-331.0865546039099,-0.6717740747203834
9.92,0.0015163493285413286,0.010985155491289799,0.0,-2.0074088590441774,0.9987247656535704,-0.00030701367867682456,-0.00023952427454138753,-1.2033447024137292,0.23239066389667679,-0.029045961482947642,-366.773603648824,697.1883841780134,-331.0865546039099,-0.6717740747203834
9.94,0.0014475022303253762,0.010433053761034275,0.0,-2.0074088590441774,0.9987247656535704,-0.00030701367867682456,-0.00023952427454138753,-1.2033447024137292,0.23239066389667679,-0.029045961482947642,-366.773603648824,697.1883841780134,-331.0865546039099,-0.6717740747203834
9.96,0.0013815313165295427,0.009908000856564247,0.0,-2.0074088590441774,0.9987247656535704,-0.00030701367867682456,-0.00023952427454138753,-1.2033447024137292,0.23239066389667679,-0.029045961482947642,-366.773603648824,697.1883841780134,-331.0865546039099,-0.6717740747203834
9.98,0.00131833508080899,0.009408718817870549,0.0,-2.0074088590441774,0.9987247656535704,-0.00030701367867682456,-0.00023952427454138753,-1.2033447024137292,0.23239066389667679,-0.029045961482947642,-366.773603648824,697.1883841780134,-331.0865546039099,-0.6717740747203834
10.0,0.0012578140852980764,0.008933986784515869,0.0,-2.0074088590441774,0.9987247656535704,-0.00030701367867682456,-0.00023952427454138753,-1.2033447024137292,0.23239066389667679,-0.029045961482947642,-366.773603648824,697.1883841780134,-331.0865546039099,-0.6717740747203834
10.02,0.001199871063902152,0.008482638681876644,0.0,-2.0074088590441774,0.9987247656535704,-0.00030701367867682456,-0.00023952427454138753,-1.2033447024137292,0.23239066389667679,-0.029045961482947642,-366.773603648824,697.1883841780134,-331.0865546039099,-0.6717740747203834
10.040000000000001,0.0011444110065517439,0.008053560982690429,0.0,-2.0074088590441774,0.9987247656535704,-0.00030701367867682456,-0.00023952427454138753,-1.2033447024137292,0.23239066389667679,-0.029045961482947642,-366.773603648824,697.1883841780134,-331.0865546039099,-0.6717740747203834
10.06,0.0010913412262846043,0.007645690543119898,0.0,-2.0074088590441774,0.9987247656535704,-0.00030701367867682456,-0.00023952427454138753,-1.2033447024137292,0.23239066389667679,-0.029045961482947642,-366.773603648824,697.1883841780134,-331.0865546039099,-0.6717740747203834
10.08,0.0010405714108685687,0.007258012512286351,0.0,-2.0074088590441774,0.9987247656535704,-0.00030701367867682456,-0.00023952427454138753,-1.2033447024137292,0.23239066389667679,-0.029045961482947642,-366.773603648824,697.1883841780134,-331.0865546039099,-0.6717740747203834
10.1,0.0009920136605373194,0.006889558314168399,0.0,-2.0074088590441774,0.9987247656535704,-0.00030701367867682456,-0.00023952427454138753,-1.2033447024137292,0.23239066389667679,-0.029045961482947642,-366.773603648824,697.1883841780134,-331.0865546039099,-0.6717740747203834
10.120000000000001,0.000945582513280526,0.006539403700534842,0.0,-2.0074088590441774,0.9987247656535704,-0.00030701367867682456,-0.00023952427454138753,-1.2033447024137292,0.23239066389667679,-0.029045961482947642,-366.773603648824,697.1883841780134,-331.0865546039099,-0.6717740747203834
10.14,0.0009011949590093161,0.006206666873553565,0.0,-2.0074088590441774,0.9987247656535704,-0.00030701367867682456,-0.00023952427454138753,-1.2033447024137292,0.23239066389667679,-0.029045961482947642,-366.773603648824,697.1883841780134,-331.0865546039099,-0.6717740747203834
10.16,0.0008587704438064182,0.005890506676568649,0.0,-2.0074088590441774,0.9987247656535704,-0.00030701367867682456,-0.00023952427454138753,-1.2033447024137292,0.23239066389667679,-0.029045961482947642,-366.773603648824,697.1883841780134,-331.0865546039099,-0.6717740747203834
10.18,0.0008182308653674358,0.005590120851542509,0.0,-2.0074088590441774,0.9987247656535704,-0.00030701367867682456,-0.00023952427454138753,-1.2033447024137292,0.23239066389667679,-0.029045961482947642,-366.773603648824,697.1883841780134,-331.0865546039099,-0.6717740747203834
10.200000000000001,0.0007795005606444221,0.005304744361518199,0.0,-2.0074088590441774,0.9987247656535704,-0.00030701367867682456,-0.00023952427454138753,-1.2033447024137292,0.23239066389667679,-0.029045961482947642,-366.773603648824,697.1883841780134,-331.0865546039099,-0.6717740747203834
10.22,0.0007425062866151939,0.005033647776483132,0.0,-2.0074088590441774,0.9987247656535704,-0.00030701367867682456,-0.00023952427454138753,-1.2033447024137292,0.23239066389667679,-0.029045961482947642,-366.773603648824,697.1883841780134,-331.0865546039099,-0.6717740747203834
10.24,0.0007071771950206806,0.004776135720927345,0.0,-2.0074088590441774,0.9987247656535704,-0.00030701367867682456,-0.00023952427454138753,-1.2033447024137292,0.23239066389667679,-0.029045961482947642,-366.773603648824,697.1883841780134,-331.0865546039099,-0.6717740747203834
10.26,0.0006734448018379732,0.004531545381430715,0.0,-2.0074088590441774,0.9987247656535704,-0.00030701367867682456,-0.00023952427454138753,-1.2033447024137292,0.23239066389667679,-0.029045961482947642,-366.773603648824,697.1883841780134,-331.0865546039099,-0.6717740747203834
10.28,0.0006412429521877128,0.004299245072532946,0.0,-2.0074088590441774,0.9987247656535704,-0.00030701367867682456,-0.00023952427454138753,-1.2033447024137292,0.23239066389667679,-0.029045961482947642,-366.773603648824,697.1883841780134,-331.0865546039099,-0.6717740747203834
10.3,0.000610507781311025,0.004078632859179277,0.0,-2.0074088590441774,0.9987247656535704,-0.00030701367867682456,-0.00023952427454138753,-1.2033447024137292,0.23239066389667679,-0.029045961482947642,-366.773603648824,697.1883841780134,-331.0865546039099,-0.6717740747203834
10.32,0.0005811776721927341,0.0038691352340268414,0.0,-2.0074088590441774,0.9987247656535704,-0.00030701367867682456,-0.00023952427454138753,-1.2033447024137292,0.23239066389667679,-0.029045961482947642,-366.773603648824,697.1883841780134,-331.0865546039099,-0.6717740747203834
10.34,0.0005531932103537064,0.0036702058478795293,0.0,-2.0074088590441774,0.9987247656535704,-0.00030701367867682456,-0.00023952427454138753,-1.2033447024137292,0.23239066389667679,-0.029045961482947642,-366.773603648824,697.1883841780134,-331.0865546039099,-0.6717740747203834
10.36,0.000526497136285763,0.003481324291582849,0.0,-2.0074088590441774,0.9987247656535704,-0.00030701367867682456,-0.00023952427454138753,-1.2033447024137292,0.23239066389667679,-0.029045961482947642,-366.773603648824,697.1883841780134,-331.0865546039099,-0.6717740747203834
10.38,0.0005010342959569726,0.0033019949276666145,0.0,-2.0074088590441774,0.9987247656535704,-0.00030701367867682456,-0.00023952427454138753,-1.2033447024137292,0.23239066389667679,-0.029045961482947642,-366.773603648824,697.1883841780134,-331.0865546039099,-0.6717740747203834
10.4,0.0004767515897733816,0.0031317457700932175,0.0,-2.0074088590441774,0.9987247656535704,-0.00030701367867682456,-0.00023952427454138753,-1.2033447024137292,0.23239066389667679,-0.029045961482947642,-366.773603648824,697.1883841780134,-331.0865546039099,-0.6717740747203834
10.42,0.00045359792034476354,0.0029701274104552314,0.0,-2.0074088590441774,0.9987247656535704,-0.00030701367867682456,-0.00023952427454138753,-1.2033447024137292,0.23239066389667679,-0.029045961482947642,-366.773603648824,697.1883841780134,-331.0865546039099,-0.6717740747203834
10.44,0.0004315241393668033,0.002816711989035877,0.0,-2.0074088590441774,0.9987247656535704,-0.00030701367867682456,-0.00023952427454138753,-1.2033447024137292,0.23239066389667679,-0.029045961482947642,-366.773603648824,697.1883841780134,-331.0865546039099,-0.6717740747203834
10.46,0.0004104829938997288,0.0026710922091295135,0.0,-2.0074088590441774,0.9987247656535704,-0.00030701367867682456,-0.00023952427454138753,-1.2033447024137292,0.23239066389667679,-0.029045961482947642,-366.773603648824,697.1883841780134,-331.0865546039099,-0.6717740747203834
10.48,0.00039042907229384504,0.0025328803930882125,0.0,-2.0074088590441774,0.9987247656535704,-0.00030701367867682456,-0.00023952427454138753,-1.2033447024137292,0.23239066389667679,-0.029045961482947642,-366.773603648824,697.1883841780134,-331.0865546039099,-0.6717740747203834
10.5,0.0003713187499852514,0.002401707578563325,0.0,-2.0074088590441774,0.9987247656535704,-0.00030701367867682456,-0.00023952427454138753,-1.2033447024137292,0.23239066389667679,-0.029045961482947642,-366.773603648824,697.1883841780134,-331.0865546039099,-0.6717740747203834
10.52,0.0003531101353602825,0.002277222653481902,0.0,-2.0074088590441774,0.9987247656535704,-0.00030701367867682456,-0.00023952427454138753,-1.2033447024137292,0.23239066389667679,-0.029045961482947642,-366.773603648824,697.1883841780134,-331.0865546039099,-0.6717740747203834
10.540000000000001,0.00033576301586446663,0.0021590915282947883,0.0,-2.0074088590441774,0.9987247656535704,-0.00030701367867682456,-0.00023952427454138753,-1.2033447024137292,0.23239066389667679,-0.029045961482947642,-366.773603648824,697.1883841780134,-331.0865546039099,-0.6717740747203834
10.56,0.00031923880451113437,0.0020469963441001734,0.0,-2.0074088590441774,0.9987247656535704,-0.00030701367867682456,-0.00023952427454138753,-1.2033447024137292,0.23239066389667679,-0.029045961482947642,-366.773603648824,697.1883841780134,-331.0865546039099,-0.6717740747203834
10.58,0.000303500486925871,0.001940634715260456,0.0,-2.0074088590441774,0.9987247656535704,-0.00030701367867682456,-0.00023952427454138753,-1.2033447024137292,0.23239066389667679,-0.029045961482947642,-366.773603648824,697.1883841780134,-331.0865546039099,-0.6717740747203834
10.6,0.0002885125690458419,0.0018397190051962708,0.0,-2.0074088590441774,0.9987247656535704,-0.00030701367867682456,-0.00023952427454138753,-1.2033447024137292,0.23239066389667679,-0.029045961482947642,-366.773603648824,697.1883841780134,-331.0865546039099,-0.6717740747203834
10.620000000000001,0.0002742410255772886,0.0017439756340479784,0.0,-2.0074088590441774,0.9987247656535704,-0.00030701367867682456,-0.00023952427454138753,-1.2033447024137292,0.23239066389667679,-0.029045961482947642,-366.773603648824,697.1883841780134,-331.0865546039099,-0.6717740747203834
10.64,0.00026065324930027694,0.001653144416958572,0.0,-2.0074088590441774,0.9987247656535704,-0.00030701367867682456,-0.00023952427454138753,-1.2033447024137292,0.23239066389667679,-0.029045961482947642,-366.773603648824,697.1883841780134,-331.0865546039099,-0.6717740747203834
10.66,0.0002477180012968,0.0015669779317498943,0.0,-2.0074088590441774,0.9987247656535704,-0.00030701367867682456,-0.00023952427454138753,-1.2033447024137292,0.23239066389667679,-0.029045961482947642,-366.773603648824,697.1883841780134,-331.0865546039099,-0.6717740747203834
10.68,0.00023540536216664279,0.001485240914825917,0.0,-2.0074088590441774,0.9987247656535704,-0.00030701367867682456,-0.00023952427454138753,-1.2033447024137292,0.23239066389667679,-0.029045961482947642,-366.773603648824,697.1883841780134,-331.0865546039099,-0.6717740747203834
10.700000000000001,0.00022368668428474262,0.0014077096841483001,0.0,-2.0074088590441774,0.9987247656535704,-0.00030701367867682456,-0.00023952427454138753,-1.2033447024137292,0.23239066389667679,-0.029045961482947642,-366.773603648824,697.1883841780134,-331.0865546039099,-0.6717740747203834
10.72,0.00021253454514419813,0.0013341715881871536,0.0,-2.0074088590441774,0.9987247656535704,-0.00030701367867682456,-0.00023952427454138753,-1.2033447024137292,0.23239066389667679,-0.029045961482947642,-366.773603648824,697.1883841780134,-331.0865546039099,-0.6717740747203834
10.74,0.00020192270182038045,0.0012644244797712092,0.0,-2.0074088590441774,0.9987247656535704,-0.00030701367867682456,-0.00023952427454138753,-1.2033447024137292,0.23239066389667679,-0.029045961482947642,-366.773603648824,697.1883841780134,-331.0865546039099,-0.6717740747203834
10.76,0.0001918260465838224,0.0011982762138165407,0.0,-2.0074088590441774,0.9987247656535704,-0.00030701367867682456,-0.00023952427454138753,-1.2033447024137292,0.23239066389667679,-0.029045961482947642,-366.773603648824,697.1883841780134,-331.0865546039099,-0.6717740747203834
10.78,0.00018222056368250177,0.0011355441679275608,0.0,-2.0074088590441774,0.9987247656535704,-0.00030701367867682456,-0.00023952427454138753,-1.2033447024137292,0.23239066389667679,-0.029045961482947642,-366.773603648824,697.1883841780134,-331.0865546039099,-0.6717740747203834
10.8,0.00017308328730785807,0.001076054784914087,0.0,-2.0074088590441774,0.9987247656535704,-0.00030701367867682456,-0.00023952427454138753,-1.2033447024137292,0.23239066389667679,-0.029045961482947642,-366.773603648824,697.1883841780134,-331.0865546039099,-0.6717740747203834
10.82,0.00016439226075324335,0.001019643136298709,0.0,-2.0074088590441774,0.9987247656535704,-0.00030701367867682456,-0.00023952427454138753,-1.2033447024137292,0.23239066389667679,-0.029045961482947642,-366.773603648824,697.1883841780134,-331.0865546039099,-0.6717740747203834
10.84,0.0001561264967684656,0.0009661525059156155,0.0,-2.0074088590441774,0.9987247656535704,-0.00030701367867682456,-0.00023952427454138753,-1.2033447024137292,0.23239066389667679,-0.029045961482947642,-366.773603648824,697.1883841780134,-331.0865546039099,-0.6717740747203834
10.86,0.00014826593910963998,0.0009154339927496088,0.0,-2.0074088590441774,0.9987247656535704,-0.00030701367867682456,-0.00023952427454138753,-1.2033447024137292,0.23239066389667679,-0.029045961482947642,-366.773603648824,697.1883841780134,-331.0865546039099,-0.6717740747203834
10.88,0.0001407914252795698,0.0008673461321788993,0.0,-2.0074088590441774,0.9987247656535704,-0.00030701367867682456,-0.00023952427454138753,-1.2033447024137292,0.23239066389667679,-0.029045961482947642,-366.773603648824,697.1883841780134,-331.0865546039099,-0.6717740747203834
10.9,0.00013368465045040346,0.0008217545348302058,0.0,-2.0074088590441774,0.9987247656535704,-0.00030701367867682456,-0.00023952427454138753,-1.2033447024137292,0.23239066389667679,-0.029045961482947642,-366.773603648824,697.1883841780134,-331.0865546039099,-0.6717740747203834
10.92,0.00012692813255721702,0.0007785315422740824,0.0,-2.0074088590441774,0.9987247656535704,-0.00030701367867682456,-0.00023952427454138753,-1.2033447024137292,0.23239066389667679,-0.029045961482947642,-366.773603648824,697.1883841780134,-331.0865546039099,-0.6717740747203834
10.94,0.0001205051785485091,0.0007375558988307896,0.0,-2.0074088590441774,0.9987247656535704,-0.00030701367867682456,-0.00023952427454138753,-1.2033447024137292,0.23239066389667679,-0.029045961482947642,-366.773603648824,697.1883841780134,-331.0865546039099,-0.6717740747203834
10.96,0.00011439985177723253,0.0006987124387717468,0.0,-2.0074088590441774,0.9987247656535704,-0.00030701367867682456,-0.00023952427454138753,-1.2033447024137292,0.23239066389667679,-0.029045961482947642,-366.773603648824,697.1883841780134,-331.0865546039099,-0.6717740747203834
10.98,0.00010859694051398726,0.0006618917882404885,0.0,-2.0074088590441774,0.9987247656535704,-0.00030701367867682456,-0.00023952427454138753,-1.2033447024137292,0.23239066389667679,-0.029045961482947642,-366.773603648824,697.1883841780134,-331.0865546039099,-0.6717740747203834
11.0,0.0001030819275622566,0.0006269900812354404,0.0,-2.0074088590441774,0.9987247656535704,-0.00030701367867682456,-0.00023952427454138753,-1.2033447024137292,0.23239066389667679,-0.029045961482947642,-366.773603648824,697.1883841780134,-331.0865546039099,-0.6717740747203834
11.02,9.784096095412464e-05,0.0005939086890331455,0.0,-2.0074088590441774,0.9987247656535704,-0.00030701367867682456,-0.00023952427454138753,-1.2033447024137292,0.23239066389667679,-0.029045961482947642,-366.773603648824,697.1883841780134,-331.0865546039099,-0.6717740747203834
11.040000000000001,9.286082570366864e-05,0.0005625539624446902,0.0,-2.0074088590441774,0.9987247656535704,-0.00030701367867682456,-0.00023952427454138753,-1.2033447024137292,0.23239066389667679,-0.029045961482947642,-366.773603648824,697.1883841780134,-331.0865546039099,-0.6717740747203834
11.06,8.812891659422528e-05,0.0005328369863315969,0.0,-2.0074088590441774,0.9987247656535704,-0.00030701367867682456,-0.00023952427454138753,-1.2033447024137292,0.23239066389667679,-0.029045961482947642,-366.773603648824,697.1883841780134,-331.0865546039099,-0.6717740747203834
11.08,8.363321197490237e-05,0.0005046733458239796,0.0,-2.0074088590441774,0.9987247656535704,-0.00030701367867682456,-0.00023952427454138753,-1.2033447024137292,0.23239066389667679,-0.029045961482947642,-366.773603648824,697.1883841780134,-331.0865546039099,-0.6717740747203834
11.1,7.936224854108545e-05,0.0004779829037150998,0.0,-2.0074088590441774,0.9987247656535704,-0.00030701367867682456,-0.00023952427454138753,-1.2033447024137292,0.23239066389667679,-0.029045961482947642,-366.773603648824,697.1883841780134,-331.0865546039099,-0.6717740747203834
11.120000000000001,7.530509707319197e-05,0.00045268958851933053,0.0,-2.0074088590441774,0.9987247656535704,-0.00030701367867682456,-0.00023952427454138753,-1.2033447024137292,0.23239066389667679,-0.029045961482947642,-366.773603648824,697.1883841780134,-331.0865546039099,-0.6717740747203834
11.14,7.145133910759802e-05,0.000428721192709118,0.0,-2.0074088590441774,0.9987247656535704,-0.00030701367867682456,-0.00023952427454138753,-1.2033447024137292,0.23239066389667679,-0.029045961482947642,-366.773603648824,697.1883841780134,-331.0865546039099,-0.6717740747203834
11.16,6.77910445134401e-05,0.00040600918066152375,0.0,-2.0074088590441774,0.9987247656535704,-0.00030701367867682456,-0.00023952427454138753,-1.2033447024137292,0.23239066389667679,-0.029045961482947642,-366.773603648824,697.1883841780134,-331.0865546039099,-0.6717740747203834
11.18,6.43147499489082e-05,0.0003844885058712331,0.0,-2.0074088590441774,0.9987247656535704,-0.00030701367867682456,-0.00023952427454138753,-1.2033447024137292,0.23239066389667679,-0.029045961482947642,-366.773603648824,697.1883841780134,-331.0865546039099,-0.6717740747203834
11.200000000000001,6.101343817063542e-05,0.0003640974369989523,0.0,-2.0074088590441774,0.9987247656535704,-0.00030701367867682456,-0.00023952427454138753,-1.2033447024137292,0.23239066389667679,-0.029045961482947642,-366.773603648824,697.1883841780134,-331.0865546039099,-0.6717740747203834
11.22,5.787851816988923e-05,0.00034477739234804755,0.0,-2.0074088590441774,0.9987247656535704,-0.00030701367867682456,-0.00023952427454138753,-1.2033447024137292,0.23239066389667679,-0.029045961482947642,-366.773603648824,697.1883841780134,-331.0865546039099,-0.6717740747203834
11.24,5.490180610943116e-05,0.0003264727823755449,0.0,-2.0074088590441774,0.9987247656535704,-0.00030701367867682456,-0.00023952427454138753,-1.2033447024137292,0.23239066389667679,-0.029045961482947642,-366.773603648824,697.1883841780134,-331.0865546039099,-0.6717740747203834
11.26,5.207550703516156e-05,0.0003091308598660847,0.0,-2.0074088590441774,0.9987247656535704,-0.00030701367867682456,-0.00023952427454138753,-1.2033447024137292,0.23239066389667679,-0.029045961482947642,-366.773603648824,697.1883841780134,-331.0865546039099,-0.6717740747203834
11.28,4.9392197336955496e-05,0.00029270157740774887,0.0,-2.0074088590441774,0.9987247656535704,-0.00030701367867682456,-0.00023952427454138753,-1.2033447024137292,0.23239066389667679,-0.029045961482947642,-366.773603648824,697.1883841780134,-331.0865546039099,-0.6717740747203834
11.3,4.6844807933454846e-05,0.00027713745182862584,0.0,-2.0074088590441774,0.9987247656535704,-0.00030701367867682456,-0.00023952427454138753,-1.2033447024137292,0.23239066389667679,-0.029045961482947642,-366.773603648824,697.1883841780134,-331.0865546039099,-0.6717740747203834
11.32,4.442660815597954e-05,0.00026239343526698156,0.0,-2.0074088590441774,0.9987247656535704,-0.00030701367867682456,-0.00023952427454138753,-1.2033447024137292,0.23239066389667679,-0.029045961482947642,-366.773603648824,697.1883841780134,-331.0865546039099,-0.6717740747203834
11.34,4.213119030715422e-05,0.0002484267925606577,0.0,-2.0074088590441774,0.9987247656535704,-0.00030701367867682456,-0.00023952427454138753,-1.2033447024137292,0.23239066389667679,-0.029045961482947642,-366.773603648824,697.1883841780134,-331.0865546039099,-0.6717740747203834
11.36,3.995245487032566e-05,0.00023519698465932626,0.0,-2.0074088590441774,0.9987247656535704,-0.00030701367867682456,-0.00023952427454138753,-1.2033447024137292,0.23239066389667679,-0.029045961482947642,-366.773603648824,697.1883841780134,-331.0865546039099,-0.6717740747203834
11.38,3.7884596346336765e-05,0.00022266555777172777,0.0,-2.0074088590441774,0.9987247656535704,-0.00030701367867682456,-0.00023952427454138753,-1.2033447024137292,0.23239066389667679,-0.029045961482947642,-366.773603648824,697.1883841780134,-331.0865546039099,-0.6717740747203834
11.4,3.592208969475092e-05,0.00021079603797678179,0.0,-2.0074088590441774,0.9987247656535704,-0.00030701367867682456,-0.00023952427454138753,-1.2033447024137292,0.23239066389667679,-0.029045961482947642,-366.773603648824,697.1883841780134,-331.0865546039099,-0.6717740747203834
11.42,3.4059677357155724e-05,0.00019955383103669794,0.0,-2.0074088590441774,0.9987247656535704,-0.00030701367867682456,-0.00023952427454138753,-1.2033447024137292,0.23239066389667679,-0.029045961482947642,-366.773603648824,697.1883841780134,-331.0865546039099,-0.6717740747203834
11.44,3.229235684073718e-05,0.00018890612716553583,0.0,-2.0074088590441774,0.9987247656535704,-0.00030701367867682456,-0.00023952427454138753,-1.2033447024137292,0.23239066389667679,-0.029045961482947642,-366.773603648824,697.1883841780134,-331.0865546039099,-0.6717740747203834
11.46,3.061536884087511e-05,0.00017882181051403608,0.0,-2.0074088590441774,0.9987247656535704,-0.00030701367867682456,-0.00023952427454138753,-1.2033447024137292,0.23239066389667679,-0.029045961482947642,-366.773603648824,697.1883841780134,-331.0865546039099,-0.6717740747203834
11.48,2.902418588209008e-05,0.00016927137314557095,0.0,-2.0074088590441774,0.9987247656535704,-0.00030701367867682456,-0.00023952427454138753,-1.2033447024137292,0.23239066389667679,-0.029045961482947642,-366.773603648824,697.1883841780134,-331.0865546039099,-0.6717740747203834
11.5,2.7514501457247323e-05,0.00016022683328597044,0.0,-2.0074088590441774,0.9987247656535704,-0.00030701367867682456,-0.00023952427454138753,-1.2033447024137292,0.23239066389667679,-0.029045961482947642,-366.773603648824,697.1883841780134,-331.0865546039099,-0.6717740747203834
11.52,2.608221964551075e-05,0.00015166165764262483,0.0,-2.0074088590441774,0.9987247656535704,-0.00030701367867682456,-0.00023952427454138753,-1.2033447024137292,0.23239066389667679,-0.029045961482947642,-366.773603648824,697.1883841780134,-331.0865546039099,-0.6717740747203834
11.540000000000001,2.472344519011744e-05,0.00014355068759485743,0.0,-2.0074088590441774,0.9987247656535704,-0.00030701367867682456,-0.00023952427454138753,-1.2033447024137292,0.23239066389667679,-0.029045961482947642,-366.773603648824,697.1883841780134,-331.0865546039099,-0.6717740747203834
11.56,2.343447401762772e-05,0.0001358700690690022,0.0,-2.0074088590441774,0.9987247656535704,-0.00030701367867682456,-0.00023952427454138753,-1.2033447024137292,0.23239066389667679,-0.029045961482947642,-366.773603648824,697.1883841780134,-331.0865546039099,-0.6717740747203834
11.58,2.2211784180879755e-05,0.00012859718591840048,0.0,-2.0074088590441774,0.9987247656535704,-0.00030701367867682456,-0.00023952427454138753,-1.2033447024137292,0.23239066389667679,-0.029045961482947642,-366.773603648824,697.1883841780134,-331.0865546039099,-0.6717740747203834
11.6,2.1052027208454515e-05,0.00012171059663916835,0.0,-2.0074088590441774,0.9987247656535704,-0.00030701367867682456,-0.00023952427454138753,-1.2033447024137292,0.23239066389667679,-0.029045961482947642,-366.773603648824,697.1883841780134,-331.0865546039099,-0.6717740747203834
11.620000000000001,1.9952019844018465e-05,0.00011518997425803049,0.0,-2.0074088590441774,0.9987247656535704,-0.00030701367867682456,-0.00023952427454138753,-1.2033447024137292,0.23239066389667679,-0.029045961482947642,-366.773603648824,697.1883841780134,-331.0865546039099,-0.6717740747203834
11.64,1.8908736159472915e-05,0.00010901604923812463,0.0,-2.0074088590441774,0.9987247656535704,-0.00030701367867682456,-0.00023952427454138753,-1.2033447024137292,0.23239066389667679,-0.029045961482947642,-366.773603648824,697.1883841780134,-331.0865546039099,-0.6717740747203834
11.66,1.7919300026385845e-05,0.00010317055525437613,0.0,-2.0074088590441774,0.9987247656535704,-0.00030701367867682456,-0.00023952427454138753,-1.2033447024137292,0.23239066389667679,-0.029045961482947642,-366.773603648824,697.1883841780134,-331.0865546039099,-0.6717740747203834
11.68,1.6980977930725822e-05,9.763617769885255e-05,0.0,-2.0074088590441774,0.9987247656535704,-0.00030701367867682456,-0.00023952427454138753,-1.2033447024137292,0.23239066389667679,-0.029045961482947642,-366.773603648824,697.1883841780134,-331.0865546039099,-0.6717740747203834
11.700000000000001,1.609117211644401e-05,9.23965047811244e-05,0.0,-2.0074088590441774,0.9987247656535704,-0.00030701367867682456,-0.00023952427454138753,-1.2033447024137292,0.23239066389667679,-0.029045961482947642,-366.773603648824,697.1883841780134,-331.0865546039099,-0.6717740747203834
11.72,1.5247414043971909e-05,8.743598109664002e-05,0.0,-2.0074088590441774,0.9987247656535704,-0.00030701367867682456,-0.00023952427454138753,-1.2033447024137292,0.23239066389667679,-0.029045961482947642,-366.773603648824,697.1883841780134,-331.0865546039099,-0.6717740747203834
11.74,1.4447358150207661e-05,8.27398635408533e-05,0.0,-2.0074088590441774,0.9987247656535704,-0.00030701367867682456,-0.00023952427454138753,-1.2033447024137292,0.23239066389667679,-0.029045961482947642,-366.773603648824,697.1883841780134,-331.0865546039099,-0.6717740747203834
11.76,1.3688775897062532e-05,7.829417945423089e-05,0.0,-2.0074088590441774,0.9987247656535704,-0.00030701367867682456,-0.00023952427454138753,-1.2033447024137292,0.23239066389667679,-0.029045961482947642,-366.773603648824,697.1883841780134,-331.0865546039099,-0.6717740747203834
11.78,1.2969550096119696e-05,7.40856868870393e-05,0.0,-2.0074088590441774,0.9987247656535704,-0.00030701367867682456,-0.00023952427454138753,-1.2033447024137292,0.23239066389667679,-0.029045961482947642,-366.773603648824,697.1883841780134,-331.0865546039099,-0.6717740747203834
11.8,1.2287669497430262e-05,7.01018368793204e-05,0.0,-2.0074088590441774,0.9987247656535704,-0.00030701367867682456,-0.00023952427454138753,-1.2033447024137292,0.23239066389667679,-0.029045961482947642,-366.773603648824,697.1883841780134,-331.0865546039099,-0.6717740747203834
11.82,1.164122363092966e-05,6.633073765617953e-05,0.0,-2.0074088590441774,0.9987247656535704,-0.00030701367867682456,-0.00023952427454138753,-1.2033447024137292,0.23239066389667679,-0.029045961482947642,-366.773603648824,697.1883841780134,-331.0865546039099,-0.6717740747203834
11.84,1.1028397889401994e-05,6.276112064279761e-05,0.0,-2.0074088590441774,0.9987247656535704,-0.00030701367867682456,-0.00023952427454138753,-1.2033447024137292,0.23239066389667679,-0.029045961482947642,-366.773603648824,697.1883841780134,-331.0865546039099,-0.6717740747203834
11.86,1.0447468842354876e-05,5.9382308209299386e-05,0.0,-2.0074088590441774,0.9987247656535704,-0.00030701367867682456,-0.00023952427454138753,-1.2033447024137292,0.23239066389667679,-0.029045961482947642,-366.773603648824,697.1883841780134,-331.0865546039099,-0.6717740747203834
11.88,9.896799770584955e-06,5.618418305867812e-05,0.0,-2.0074088590441774,0.9987247656535704,-0.00030701367867682456,-0.00023952427454138753,-1.2033447024137292,0.23239066389667679,-0.029045961482947642,-366.773603648824,697.1883841780134,-331.0865546039099,-0.6717740747203834
11.9,9.37483641162308e-06,5.315715917616811e-05,0.0,-2.0074088590441774,0.9987247656535704,-0.00030701367867682456,-0.00023952427454138753,-1.2033447024137292,0.23239066389667679,-0.029045961482947642,-366.773603648824,697.1883841780134,-331.0865546039099,-0.6717740747203834
11.92,8.880102906640938e-06,5.029215426165447e-05,0.0,-2.0074088590441774,0.9987247656535704,-0.00030701367867682456,-0.00023952427454138753,-1.2033447024137292,0.23239066389667679,-0.029045961482947642,-366.773603648824,697.1883841780134,-331.0865546039099,-0.6717740747203834
11.94,8.411197939784463e-06,4.7580563571401855e-05,0.0,-2.0074088590441774,0.9987247656535704,-0.00030701367867682456,-0.00023952427454138753,-1.2033447024137292,0.23239066389667679,-0.029045961482947642,-366.773603648824,697.1883841780134,-331.0865546039099,-0.6717740747203834
11.96,7.9667910612667e-06,4.501423509799558e-05,0.0,-2.0074088590441774,0.9987247656535704,-0.00030701367867682456,-0.00023952427454138753,-1.2033447024137292,0.23239066389667679,-0.029045961482947642,-366.773603648824,697.1883841780134,-331.0865546039099,-0.6717740747203834
11.98,7.545619185910939e-06,4.258544602165445e-05,0.0,-2.0074088590441774,0.9987247656535704,-0.00030701367867682456,-0.00023952427454138753,-1.2033447024137292,0.23239066389667679,-0.029045961482947642,-366.773603648824,697.1883841780134,-331.0865546039099,-0.6717740747203834
12.0,7.146483259178382e-06,4.028688036869329e-05,0.0,-2.0074088590441774,0.9987247656535704,-0.00030701367867682456,-0.00023952427454138753,-1.2033447024137292,0.23239066389667679,-0.029045961482947642,-366.773603648824,697.1883841780134,-331.0865546039099,-0.6717740747203834
12.02,6.768245083048766e-06,3.811160781681846e-05,0.0,-2.0074088590441774,0.9987247656535704,-0.00030701367867682456,-0.00023952427454138753,-1.2033447024137292,0.23239066389667679,-0.029045961482947642,-366.773603648824,697.1883841780134,-331.0865546039099,-0.6717740747203834
12.040000000000001,6.409824294441874e-06,3.6053063589075454e-05,0.0,-2.0074088590441774,0.9987247656535704,-0.00030701367867682456,-0.00023952427454138753,-1.2033447024137292,0.23239066389667679,-0.029045961482947642,-366.773603648824,697.1883841780134,-331.0865546039099,-0.6717740747203834
12.06,6.070195489178344e-06,3.410502938177871e-05,0.0,-2.0074088590441774,0.9987247656535704,-0.00030701367867682456,-0.00023952427454138753,-1.2033447024137292,0.23239066389667679,-0.029045961482947642,-366.773603648824,697.1883841780134,-331.0865546039099,-0.6717740747203834
12.08,5.748385484775485e-06,3.226161527393383e-05,0.0,-2.0074088590441774,0.9987247656535704,-0.00030701367867682456,-0.00023952427454138753,-1.2033447024137292,0.23239066389667679,-0.029045961482947642,-366.773603648824,697.1883841780134,-331.0865546039099,-0.6717740747203834
12.1,5.443470715662179e-06,3.051724256884818e-05,0.0,-2.0074088590441774,0.9987247656535704,-0.00030701367867682456,-0.00023952427454138753,-1.2033447024137292,0.23239066389667679,-0.029045961482947642,-366.773603648824,697.1883841780134,-331.0865546039099,-0.6717740747203834
12.120000000000001,5.154574754672292e-06,2.8866627520409795e-05,0.0,-2.0074088590441774,0.9987247656535704,-0.00030701367867682456,-0.00023952427454138753,-1.2033447024137292,0.23239066389667679,-0.029045961482947642,-366.773603648824,697.1883841780134,-331.0865546039099,-0.6717740747203834
12.14,4.880865954942926e-06,2.7304765899380767e-05,0.0,-2.0074088590441774,0.9987247656535704,-0.00030701367867682456,-0.00023952427454138753,-1.2033447024137292,0.23239066389667679,-0.029045961482947642,-366.773603648824,697.1883841780134,-331.0865546039099,-0.6717740747203834
12.16,4.621555206598979e-06,2.582691835686316e-05,0.0,-2.0074088590441774,0.9987247656535704,-0.00030701367867682456,-0.00023952427454138753,-1.2033447024137292,0.23239066389667679,-0.029045961482947642,-366.773603648824,697.1883841780134,-331.0865546039099,-0.6717740747203834
12.18,4.375893802852441e-06,2.4428596544698636e-05,0.0,-2.0074088590441774,0.9987247656535704,-0.00030701367867682456,-0.00023952427454138753,-1.2033447024137292,0.23239066389667679,-0.029045961482947642,-366.773603648824,697.1883841780134,-331.0865546039099,-0.6717740747203834
12.200000000000001,4.143171410380306e-06,2.310554995402981e-05,0.0,-2.0074088590441774,0.9987247656535704,-0.00030701367867682456,-0.00023952427454138753,-1.2033447024137292,0.23239066389667679,-0.029045961482947642,-366.773603648824,697.1883841780134,-331.0865546039099,-0.6717740747203834
12.22,3.922714139072788e-06,2.1853753435617897e-05,0.0,-2.0074088590441774,0.9987247656535704,-0.00030701367867682456,-0.00023952427454138753,-1.2033447024137292,0.23239066389667679,-0.029045961482947642,-366.773603648824,697.1883841780134,-331.0865546039099,-0.6717740747203834
12.24,3.7138827064609666e-06,2.0669395366981218e-05,0.0,-2.0074088590441774,0.9987247656535704,-0.00030701367867682456,-0.00023952427454138753,-1.2033447024137292,0.23239066389667679,-0.029045961482947642,-366.773603648824,697.1883841780134,-331.0865546039099,-0.6717740747203834
12.26,3.5160706923430366e-06,1.9548866433555785e-05,0.0,-2.0074088590441774,0.9987247656535704,-0.00030701367867682456,-0.00023952427454138753,-1.2033447024137292,0.23239066389667679,-0.029045961482947642,-366.773603648824,697.1883841780134,-331.0865546039099,-0.6717740747203834
12.280000000000001,3.3287028793284734e-06,1.8488748992301963e-05,0.0,-2.0074088590441774,0.9987247656535704,-0.00030701367867682456,-0.00023952427454138753,-1.2033447024137292,0.23239066389667679,-0.029045961482947642,-366.773603648824,697.1883841780134,-331.0865546039099,-0.6717740747203834
12.3,3.1512336752125628e-06,1.74858069880879e-05,0.0,-2.0074088590441774,0.9987247656535704,-0.00030701367867682456,-0.00023952427454138753,-1.2033447024137292,0.23239066389667679,-0.029045961482947642,-366.773603648824,697.1883841780134,-331.0865546039099,-0.6717740747203834
12.32,2.9831456132780187e-06,1.6536976394418702e-05,0.0,-2.0074088590441774,0.9987247656535704,-0.00030701367867682456,-0.00023952427454138753,-1.2033447024137292,0.23239066389667679,-0.029045961482947642,-366.773603648824,697.1883841780134,-331.0865546039099,-0.6717740747203834
12.34,2.8239479267980738e-06,1.5639356151800384e-05,0.0,-2.0074088590441774,0.9987247656535704,-0.00030701367867682456,-0.00023952427454138753,-1.2033447024137292,0.23239066389667679,-0.029045961482947642,-366.773603648824,697.1883841780134,-331.0865546039099,-0.6717740747203834
12.36,2.6731751941845317e-06,1.4790199578055236e-05,0.0,-2.0074088590441774,0.9987247656535704,-0.00030701367867682456,-0.00023952427454138753,-1.2033447024137292,0.23239066389667679,-0.029045961482947642,-366.773603648824,697.1883841780134,-331.0865546039099,-0.6717740747203834
12.38,2.5303860513871545e-06,1.3986906226410646e-05,0.0,-2.0074088590441774,0.9987247656535704,-0.00030701367867682456,-0.00023952427454138753,-1.2033447024137292,0.23239066389667679,-0.029045961482947642,-366.773603648824,697.1883841780134,-331.0865546039099,-0.6717740747203834
12.4,2.3951619683064235e-06,1.3227014168361607e-05,0.0,-2.0074088590441774,0.9987247656535704,-0.00030701367867682456,-0.00023952427454138753,-1.2033447024137292,0.23239066389667679,-0.029045961482947642,-366.773603648824,697.1883841780134,-331.0865546039099,-0.6717740747203834
12.42,2.267106086130525e-06,1.2508192679355821e-05,0.0,-2.0074088590441774,0.9987247656535704,-0.00030701367867682456,-0.00023952427454138753,-1.2033447024137292,0.23239066389667679,-0.029045961482947642,-366.773603648824,697.1883841780134,-331.0865546039099,-0.6717740747203834
12.44,2.1458421126505333e-06,1.1828235306688882e-05,0.0,-2.0074088590441774,0.9987247656535704,-0.00030701367867682456,-0.00023952427454138753,-1.2033447024137292,0.23239066389667679,-0.029045961482947642,-366.773603648824,697.1883841780134,-331.0865546039099,-0.6717740747203834
12.46,2.03101327274386e-06,1.1185053299780751e-05,0.0,-2.0074088590441774,0.9987247656535704,-0.00030701367867682456,-0.00023952427454138753,-1.2033447024137292,0.23239066389667679,-0.029045961482947642,-366.773603648824,697.1883841780134,-331.0865546039099,-0.6717740747203834
12.48,1.9222813113469763e-06,1.0576669384211936e-05,0.0,-2.0074088590441774,0.9987247656535704,-0.00030701367867682456,-0.00023952427454138753,-1.2033447024137292,0.23239066389667679,-0.029045961482947642,-366.773603648824,697.1883841780134,-331.0865546039099,-0.6717740747203834
12.5,1.8193255463630851e-06,1.0001211861685635e-05,0.0,-2.0074088590441774,0.9987247656535704,-0.00030701367867682456,-0.00023952427454138753,-1.2033447024137292,0.23239066389667679,-0.029045961482947642,-366.773603648824,697.1883841780134,-331.0865546039099,-0.6717740747203834
12.52,1.7218419690702528e-06,9.4569090191733e-06,0.0,-2.0074088590441774,0.9987247656535704,-0.00030701367867682456,-0.00023952427454138753,-1.2033447024137292,0.23239066389667679,-0.029045961482947642,-366.773603648824,697.1883841780134,-331.0865546039099,-0.6717740747203834
12.540000000000001,1.6295423897093653e-06,8.942083831145625e-06,0.0,-2.0074088590441774,0.9987247656535704,-0.00030701367867682456,-0.00023952427454138753,-1.2033447024137292,0.23239066389667679,-0.029045961482947642,-366.773603648824,697.1883841780134,-331.0865546039099,-0.6717740747203834
12.56,1.5421536260407263e-06,8.455148939778877e-06,0.0,-2.0074088590441774,0.9987247656535704,-0.00030701367867682456,-0.00023952427454138753,-1.2033447024137292,0.23239066389667679,-0.029045961482947642,-366.773603648824,697.1883841780134,-331.0865546039099,-0.6717740747203834
12.58,1.4594167327621957e-06,7.994601898661402e-06,0.0,-2.0074088590441774,0.9987247656535704,-0.00030701367867682456,-0.00023952427454138753,-1.2033447024137292,0.23239066389667679,-0.029045961482947642,-366.773603648824,697.1883841780134,-331.0865546039099,-0.6717740747203834
12.6,1.381086269781749e-06,7.559020666421081e-06,0.0,-2.0074088590441774,0.9987247656535704,-0.00030701367867682456,-0.00023952427454138753,-1.2033447024137292,0.23239066389667679,-0.029045961482947642,-366.773603648824,697.1883841780134,-331.0865546039099,-0.6717740747203834
12.620000000000001,1.306929607432257e-06,7.147059337216372e-06,0.0,-2.0074088590441774,0.9987247656535704,-0.00030701367867682456,-0.00023952427454138753,-1.2033447024137292,0.23239066389667679,-0.029045961482947642,-366.773603648824,697.1883841780134,-331.0865546039099,-0.6717740747203834
12.64,1.2367262668074273e-06,6.75744409583942e-06,0.0,-2.0074088590441774,0.9987247656535704,-0.00030701367867682456,-0.00023952427454138753,-1.2033447024137292,0.23239066389667679,-0.029045961482947642,-366.773603648824,697.1883841780134,-331.0865546039099,-0.6717740747203834
12.66,1.1702672934844851e-06,6.38896938569652e-06,0.0,-2.0074088590441774,0.9987247656535704,-0.00030701367867682456,-0.00023952427454138753,-1.2033447024137292,0.23239066389667679,-0.029045961482947642,-366.773603648824,697.1883841780134,-331.0865546039099,-0.6717740747203834
12.68,1.1073546629823e-06,6.040494278658686e-06,0.0,-2.0074088590441774,0.9987247656535704,-0.00030701367867682456,-0.00023952427454138753,-1.2033447024137292,0.23239066389667679,-0.029045961482947642,-366.773603648824,697.1883841780134,-331.0865546039099,-0.6717740747203834
12.700000000000001,1.0478007163825415e-06,5.710939036204467e-06,0.0,-2.0074088590441774,0.9987247656535704,-0.00030701367867682456,-0.00023952427454138753,-1.2033447024137292,0.23239066389667679,-0.029045961482947642,-366.773603648824,697.1883841780134,-331.0865546039099,-0.6717740747203834
12.72,9.914276246171272e-07,5.399281851927377e-06,0.0,-2.0074088590441774,0.9987247656535704,-0.00030701367867682456,-0.00023952427454138753,-1.2033447024137292,0.23239066389667679,-0.029045961482947642,-366.773603648824,697.1883841780134,-331.0865546039099,-0.6717740747203834
12.74,9.380668799971042e-07,5.1045557659044454e-06,0.0,-2.0074088590441774,0.9987247656535704,-0.00030701367867682456,-0.00023952427454138753,-1.2033447024137292,0.23239066389667679,-0.029045961482947642,-366.773603648824,697.1883841780134,-331.0865546039099,-0.6717740747203834
12.76,8.875588136270306e-07,4.825845742011611e-06,0.0,-2.0074088590441774,0.9987247656535704,-0.00030701367867682456,-0.00023952427454138753,-1.2033447024137292,0.23239066389667679,-0.029045961482947642,-366.773603648824,697.1883841780134,-331.0865546039099,-0.6717740747203834
12.780000000000001,8.397521374142881e-07,4.562285899623619e-06,0.0,-2.0074088590441774,0.9987247656535704,-0.00030701367867682456,-0.00023952427454138753,-1.2033447024137292,0.23239066389667679,-0.029045961482947642,-366.773603648824,697.1883841780134,-331.0865546039099,-0.6717740747203834
12.8,7.94503509445404e-07,4.313056891659001e-06,0.0,-2.0074088590441774,0.9987247656535704,-0.00030701367867682456,-0.00023952427454138753,-1.2033447024137292,0.23239066389667679,-0.029045961482947642,-366.773603648824,697.1883841780134,-331.0865546039099,-0.6717740747203834
12.82,7.516771215609599e-07,4.077383421283971e-06,0.0,-2.0074088590441774,0.9987247656535704,-0.00030701367867682456,-0.00023952427454138753,-1.2033447024137292,0.23239066389667679,-0.029045961482947642,-366.773603648824,697.1883841780134,-331.0865546039099,-0.6717740747203834
12.84,7.111443080176439e-07,3.854531890058112e-06,0.0,-2.0074088590441774,0.9987247656535704,-0.00030701367867682456,-0.00023952427454138753,-1.2033447024137292,0.23239066389667679,-0.029045961482947642,-366.773603648824,697.1883841780134,-331.0865546039099,-0.6717740747203834
12.86,6.72783174180037e-07,3.6438081705981572e-06,0.0,-2.0074088590441774,0.9987247656535704,-0.00030701367867682456,-0.00023952427454138753,-1.2033447024137292,0.23239066389667679,-0.029045961482947642,-366.773603648824,697.1883841780134,-331.0865546039099,-0.6717740747203834
12.88,6.364782442364407e-07,3.4445554972496145e-06,0.0,-2.0074088590441774,0.9987247656535704,-0.00030701367867682456,-0.00023952427454138753,-1.2033447024137292,0.23239066389667679,-0.029045961482947642,-366.773603648824,697.1883841780134,-331.0865546039099,-0.6717740747203834
12.9,6.021201269822578e-07,3.256152468579195e-06,0.0,-2.0074088590441774,0.9987247656535704,-0.00030701367867682456,-0.00023952427454138753,-1.2033447024137292,0.23239066389667679,-0.029045961482947642,-366.773603648824,697.1883841780134,-331.0865546039099,-0.6717740747203834
12.92,5.696051987612592e-07,3.0780111557959928e-06,0.0,-2.0074088590441774,0.9987247656535704,-0.00030701367867682456,-0.00023952427454138753,-1.2033447024137292,0.23239066389667679,-0.029045961482947642,-366.773603648824,697.1883841780134,-331.0865546039099,-0.6717740747203834
12.94,5.388353026998572e-07,2.909575311572065e-06,0.0,-2.0074088590441774,0.9987247656535704,-0.00030701367867682456,-0.00023952427454138753,-1.2033447024137292,0.23239066389667679,-0.029045961482947642,-366.773603648824,697.1883841780134,-331.0865546039099,-0.6717740747203834
12.96,5.097174634119385e-07,2.75031867395284e-06,0.0,-2.0074088590441774,0.9987247656535704,-0.00030701367867682456,-0.00023952427454138753,-1.2033447024137292,0.23239066389667679,-0.029045961482947642,-366.773603648824,697.1883841780134,-331.0865546039099,-0.6717740747203834
12.98,4.821636163924266e-07,2.599743360377512e-06,0.0,-2.0074088590441774,0.9987247656535704,-0.00030701367867682456,-0.00023952427454138753,-1.2033447024137292,0.23239066389667679,-0.029045961482947642,-366.773603648824,697.1883841780134,-331.0865546039099,-0.6717740747203834
13.0,4.560903513562646e-07,2.4573783470451836e-06,0.0,-2.0074088590441774,0.9987247656535704,-0.00030701367867682456,-0.00023952427454138753,-1.2033447024137292,0.23239066389667679,-0.029045961482947642,-366.773603648824,697.1883841780134,-331.0865546039099,-0.6717740747203834
13.02,4.314186688163571e-07,2.322778029160536e-06,0.0,-2.0074088590441774,0.9987247656535704,-0.00030701367867682456,-0.00023952427454138753,-1.2033447024137292,0.23239066389667679,-0.029045961482947642,-366.773603648824,697.1883841780134,-331.0865546039099,-0.6717740747203834
13.040000000000001,4.080737492289144e-07,2.1955208577715663e-06,0.0,-2.0074088590441774,0.9987247656535704,-0.00030701367867682456,-0.00023952427454138753,-1.2033447024137292,0.23239066389667679,-0.029045961482947642,-366.773603648824,697.1883841780134,-331.0865546039099,-0.6717740747203834
13.06,3.8598473406801896e-07,2.075208049176911e-06,0.0,-2.0074088590441774,0.9987247656535704,-0.00030701367867682456,-0.00023952427454138753,-1.2033447024137292,0.23239066389667679,-0.029045961482947642,-366.773603648824,697.1883841780134,-331.0865546039099,-0.6717740747203834
13.08,3.6508451822288895e-07,1.9614623630578766e-06,0.0,-2.0074088590441774,0.9987247656535704,-0.00030701367867682456,-0.00023952427454138753,-1.2033447024137292,0.23239066389667679,-0.029045961482947642,-366.773603648824,697.1883841780134,-331.0865546039099,-0.6717740747203834
13.1,3.453095531415707e-07,1.8539269457288574e-06,0.0,-2.0074088590441774,0.9987247656535704,-0.00030701367867682456,-0.00023952427454138753,-1.2033447024137292,0.23239066389667679,-0.029045961482947642,-366.773603648824,697.1883841780134,-331.0865546039099,-0.6717740747203834
13.120000000000001,3.265996601734399e-07,1.7522642350460279e-06,0.0,-2.0074088590441774,0.9987247656535704,-0.00030701367867682456,-0.00023952427454138753,-1.2033447024137292,0.23239066389667679,-0.029045961482947642,-366.773603648824,697.1883841780134,-331.0865546039099,-0.6717740747203834
13.14,3.088978535902808e-07,1.6561549237291082e-06,0.0,-2.0074088590441774,0.9987247656535704,-0.00030701367867682456,-0.00023952427454138753,-1.2033447024137292,0.23239066389667679,-0.029045961482947642,-366.773603648824,697.1883841780134,-331.0865546039099,-0.6717740747203834
13.16,2.9215017279166767e-07,1.565296977993081e-06,0.0,-2.0074088590441774,0.9987247656535704,-0.00030701367867682456,-0.00023952427454138753,-1.2033447024137292,0.23239066389667679,-0.029045961482947642,-366.773603648824,697.1883841780134,-331.0865546039099,-0.6717740747203834
13.18,2.763055232251789e-07,1.4794047085817332e-06,0.0,-2.0074088590441774,0.9987247656535704,-0.00030701367867682456,-0.00023952427454138753,-1.2033447024137292,0.23239066389667679,-0.029045961482947642,-366.773603648824,697.1883841780134,-331.0865546039099,-0.6717740747203834
13.200000000000001,2.6131552557544664e-07,1.3982078914110523e-06,0.0,-2.0074088590441774,0.9987247656535704,-0.00030701367867682456,-0.00023952427454138753,-1.2033447024137292,0.23239066389667679,-0.029045961482947642,-366.773603648824,697.1883841780134,-331.0865546039099,-0.6717740747203834
13.22,2.4713437279847837e-07,1.3214509352065005e-06,0.0,-2.0074088590441774,0.9987247656535704,-0.00030701367867682456,-0.00023952427454138753,-1.2033447024137292,0.23239066389667679,-0.029045961482947642,-366.773603648824,697.1883841780134,-331.0865546039099,-0.6717740747203834
13.24,2.3371869459893954e-07,1.248892093631592e-06,0.0,-2.0074088590441774,0.9987247656535704,-0.00030701367867682456,-0.00023952427454138753,-1.2033447024137292,0.23239066389667679,-0.029045961482947642,-366.773603648824,697.1883841780134,-331.0865546039099,-0.6717740747203834
13.26,2.21027428968383e-07,1.1803027195630298e-06,0.0,-2.0074088590441774,0.9987247656535704,-0.00030701367867682456,-0.00023952427454138753,-1.2033447024137292,0.23239066389667679,-0.029045961482947642,-366.773603648824,697.1883841780134,-331.0865546039099,-0.6717740747203834
13.280000000000001,2.0902170042161872e-07,1.1154665592627391e-06,0.0,-2.0074088590441774,0.9987247656535704,-0.00030701367867682456,-0.00023952427454138753,-1.2033447024137292,0.23239066389667679,-0.029045961482947642,-366.773603648824,697.1883841780134,-331.0865546039099,-0.6717740747203834
13.3,1.976647045867595e-07,1.0541790843373797e-06,0.0,-2.0074088590441774,0.9987247656535704,-0.00030701367867682456,-0.00023952427454138753,-1.2033447024137292,0.23239066389667679,-0.029045961482947642,-366.773603648824,697.1883841780134,-331.0865546039099,-0.6717740747203834
13.32,1.8692159882185294e-07,9.962468594697246e-07,0.0,-2.0074088590441774,0.9987247656535704,-0.00030701367867682456,-0.00023952427454138753,-1.2033447024137292,0.23239066389667679,-0.029045961482947642,-366.773603648824,697.1883841780134,-331.0865546039099,-0.6717740747203834
13.34,1.767593985475957e-07,9.414869440316725e-07,0.0,-2.0074088590441774,0.9987247656535704,-0.00030701367867682456,-0.00023952427454138753,-1.2033447024137292,0.23239066389667679,-0.029045961482947642,-366.773603648824,697.1883841780134,-331.0865546039099,-0.6717740747203834
13.36,1.6714687900131758e-07,8.89726325767875e-07,0.0,-2.0074088590441774,0.9987247656535704,-0.00030701367867682456,-0.00023952427454138753,-1.2033447024137292,0.23239066389667679,-0.029045961482947642,-366.773603648824,697.1883841780134,-331.0865546039099,-0.6717740747203834
13.38,1.5805448213239357e-07,8.408013848478541e-07,0.0,-2.0074088590441774,0.9987247656535704,-0.00030701367867682456,-0.00023952427454138753,-1.2033447024137292,0.23239066389667679,-0.029045961482947642,-366.773603648824,697.1883841780134,-331.0865546039099,-0.6717740747203834
13.4,1.494542283734495e-07,7.945573866713849e-07,0.0,-2.0074088590441774,0.9987247656535704,-0.00030701367867682456,-0.00023952427454138753,-1.2033447024137292,0.23239066389667679,-0.029045961482947642,-366.773603648824,697.1883841780134,-331.0865546039099,-0.6717740747203834
13.42,1.413196330352134e-07,7.50848001890262e-07,0.0,-2.0074088590441774,0.9987247656535704,-0.00030701367867682456,-0.00023952427454138753,-1.2033447024137292,0.23239066389667679,-0.029045961482947642,-366.773603648824,697.1883841780134,-331.0865546039099,-0.6717740747203834
13.44,1.3362562708572395e-07,7.095348522050631e-07,0.0,-2.0074088590441774,0.9987247656535704,-0.00030701367867682456,-0.00023952427454138753,-1.2033447024137292,0.23239066389667679,-0.029045961482947642,-366.773603648824,697.1883841780134,-331.0865546039099,-0.6717740747203834
13.46,1.2634848208677057e-07,6.704870805551035e-07,0.0,-2.0074088590441774,0.9987247656535704,-0.00030701367867682456,-0.00023952427454138753,-1.2033447024137292,0.23239066389667679,-0.029045961482947642,-366.773603648824,697.1883841780134,-331.0865546039099,-0.6717740747203834
13.48,1.194657390720426e-07,6.335809444057029e-07,0.0,-2.0074088590441774,0.9987247656535704,-0.00030701367867682456,-0.00023952427454138753,-1.2033447024137292,0.23239066389667679,-0.029045961482947642,-366.773603648824,697.1883841780134,-331.0865546039099,-0.6717740747203834
13.5,1.1295614116245191e-07,5.986994308954099e-07,0.0,-2.0074088590441774,0.9987247656535704,-0.00030701367867682456,-0.00023952427454138753,-1.2033447024137292,0.23239066389667679,-0.029045961482947642,-366.773603648824,697.1883841780134,-331.0865546039099,-0.6717740747203834
13.52,1.0679956972456936e-07,5.657318926830028e-07,0.0,-2.0074088590441774,0.9987247656535704,-0.00030701367867682456,-0.00023952427454138753,-1.2033447024137292,0.23239066389667679,-0.029045961482947642,-366.773603648824,697.1883841780134,-331.0865546039099,-0.6717740747203834
13.540000000000001,1.009769838880227e-07,5.345737033825872e-07,0.0,-2.0074088590441774,0.9987247656535704,-0.00030701367867682456,-0.00023952427454138753,-1.2033447024137292,0.23239066389667679,-0.029045961482947642,-366.773603648824,697.1883841780134,-331.0865546039099,-0.6717740747203834
13.56,9.547036324715049e-08,5.051259315441608e-07,0.0,-2.0074088590441774,0.9987247656535704,-0.00030701367867682456,-0.00023952427454138753,-1.2033447024137292,0.23239066389667679,-0.029045961482947642,-366.773603648824,697.1883841780134,-331.0865546039099,-0.6717740747203834
13.58,9.026265358115032e-08,4.772950321842706e-07,0.0,-2.0074088590441774,0.9987247656535704,-0.00030701367867682456,-0.00023952427454138753,-1.2033447024137292,0.23239066389667679,-0.029045961482947642,-366.773603648824,697.1883841780134,-331.0865546039099,-0.6717740747203834
13.6,8.533771543548372e-08,4.509925549336882e-07,0.0,-2.0074088590441774,0.9987247656535704,-0.00030701367867682456,-0.00023952427454138753,-1.2033447024137292,0.23239066389667679,-0.029045961482947642,-366.773603648824,697.1883841780134,-331.0865546039099,-0.6717740747203834
13.620000000000001,8.068027541536044e-08,4.261348679079597e-07,0.0,-2.0074088590441774,0.9987247656535704,-0.00030701367867682456,-0.00023952427454138753,-1.2033447024137292,0.23239066389667679,-0.029045961482947642,-366.773603648824,697.1883841780134,-331.0865546039099,-0.6717740747203834
13.64,7.627588004980786e-08,4.0264289646257886e-07,0.0,-2.0074088590441774,0.9987247656535704,-0.00030701367867682456,-0.00023952427454138753,-1.2033447024137292,0.23239066389667679,-0.029045961482947642,-366.773603648824,697.1883841780134,-331.0865546039099,-0.6717740747203834
13.66,7.21108520921026e-08,3.8044187603233735e-07,0.0,-2.0074088590441774,0.9987247656535704,-0.00030701367867682456,-0.00023952427454138753,-1.2033447024137292,0.23239066389667679,-0.029045961482947642,-366.773603648824,697.1883841780134,-331.0865546039099,-0.6717740747203834
13.68,6.817224912927095e-08,3.5946111830480216e-07,0.0,-2.0074088590441774,0.9987247656535704,-0.00030701367867682456,-0.00023952427454138753,-1.2033447024137292,0.23239066389667679,-0.029045961482947642,-366.773603648824,697.1883841780134,-331.0865546039099,-0.6717740747203834
13.700000000000001,6.444782437991395e-08,3.3963379000915856e-07,0.0,-2.0074088590441774,0.9987247656535704,-0.00030701367867682456,-0.00023952427454138753,-1.2033447024137292,0.23239066389667679,-0.029045961482947642,-366.773603648824,697.1883841780134,-331.0865546039099,-0.6717740747203834
13.72,6.092598956585542e-08,3.20896703646635e-07,0.0,-2.0074088590441774,0.9987247656535704,-0.00030701367867682456,-0.00023952427454138753,-1.2033447024137292,0.23239066389667679,-0.029045961482947642,-366.773603648824,697.1883841780134,-331.0865546039099,-0.6717740747203834
13.74,5.7595779749016936e-08,3.031901195193657e-07,0.0,-2.0074088590441774,0.9987247656535704,-0.00030701367867682456,-0.00023952427454138753,-1.2033447024137292,0.23239066389667679,-0.029045961482947642,-366.773603648824,697.1883841780134,-331.0865546039099,-0.6717740747203834
13.76,5.4446820030549984e-08,2.864575584547938e-07,0.0,-2.0074088590441774,0.9987247656535704,-0.00030701367867682456,-0.00023952427454138753,-1.2033447024137292,0.23239066389667679,-0.029045961482947642,-366.773603648824,697.1883841780134,-331.0865546039099,-0.6717740747203834
13.780000000000001,5.146929401457305e-08,2.7064562464828907e-07,0.0,-2.0074088590441774,0.9987247656535704,-0.00030701367867682456,-0.00023952427454138753,-1.2033447024137292,0.23239066389667679,-0.029045961482947642,-366.773603648824,697.1883841780134,-331.0865546039099,-0.6717740747203834
13.8,4.865391394392709e-08,2.5570383808258115e-07,0.0,-2.0074088590441774,0.9987247656535704,-0.00030701367867682456,-0.00023952427454138753,-1.2033447024137292,0.23239066389667679,-0.029045961482947642,-366.773603648824,697.1883841780134,-331.0865546039099,-0.6717740747203834
13.82,4.59918924201549e-08,2.415844760073982e-07,0.0,-2.0074088590441774,0.9987247656535704,-0.00030701367867682456,-0.00023952427454138753,-1.2033447024137292,0.23239066389667679,-0.029045961482947642,-366.773603648824,697.1883841780134,-331.0865546039099,-0.6717740747203834
13.84,4.3474915624474034e-08,2.282424229950648e-07,0.0,-2.0074088590441774,0.9987247656535704,-0.00030701367867682456,-0.00023952427454138753,-1.2033447024137292,0.23239066389667679,-0.029045961482947642,-366.773603648824,697.1883841780134,-331.0865546039099,-0.6717740747203834
13.86,4.109511796082571e-08,2.1563502910848722e-07,0.0,-2.0074088590441774,0.9987247656535704,-0.00030701367867682456,-0.00023952427454138753,-1.2033447024137292,0.23239066389667679,-0.029045961482947642,-366.773603648824,697.1883841780134,-331.0865546039099,-0.6717740747203834
13.88,3.8845058046187635e-08,2.0372197574615965e-07,0.0,-2.0074088590441774,0.9987247656535704,-0.00030701367867682456,-0.00023952427454138753,-1.2033447024137292,0.23239066389667679,-0.029045961482947642,-366.773603648824,697.1883841780134,-331.0865546039099,-0.6717740747203834
13.9,3.671769597722967e-08,1.924651487513866e-07,0.0,-2.0074088590441774,0.9987247656535704,-0.00030701367867682456,-0.00023952427454138753,-1.2033447024137292,0.23239066389667679,-0.029045961482947642,-366.773603648824,697.1883841780134,-331.0865546039099,-0.6717740747203834
13.92,3.470637180607814e-08,1.81828518393198e-07,0.0,-2.0074088590441774,0.9987247656535704,-0.00030701367867682456,-0.00023952427454138753,-1.2033447024137292,0.23239066389667679,-0.029045961482947642,-366.773603648824,697.1883841780134,-331.0865546039099,-0.6717740747203834
13.94,3.280478516146389e-08,1.7177802585105524e-07,0.0,-2.0074088590441774,0.9987247656535704,-0.00030701367867682456,-0.00023952427454138753,-1.2033447024137292,0.23239066389667679,-0.029045961482947642,-366.773603648824,697.1883841780134,-331.0865546039099,-0.6717740747203834
13.96,3.100697595484381e-08,1.622814758509642e-07,0.0,-2.0074088590441774,0.9987247656535704,-0.00030701367867682456,-0.00023952427454138753,-1.2033447024137292,0.23239066389667679,-0.029045961482947642,-366.773603648824,697.1883841780134,-331.0865546039099,-0.6717740747203834
13.98,2.9307306114242173e-08,1.5330843512279342e-07,0.0,-2.0074088590441774,0.9987247656535704,-0.00030701367867682456,-0.00023952427454138753,-1.2033447024137292,0.23239066389667679,-0.029045961482947642,-366.773603648824,697.1883841780134,-331.0865546039099,-0.6717740747203834
14.0,2.770044229154248e-08,1.448301363636274e-07,0.0,-2.0074088590441774,0.9987247656535704,-0.00030701367867682456,-0.00023952427454138753,-1.2033447024137292,0.23239066389667679,-0.029045961482947642,-366.773603648824,697.1883841780134,-331.0865546039099,-0.6717740747203834
14.02,2.6181339491801507e-08,1.368193874118925e-07,0.0,-2.0074088590441774,0.9987247656535704,-0.00030701367867682456,-0.00023952427454138753,-1.2033447024137292,0.23239066389667679,-0.029045961482947642,-366.773603648824,697.1883841780134,-331.0865546039099,-0.6717740747203834
14.040000000000001,2.4745225575840374e-08,1.2925048534954343e-07,0.0,-2.0074088590441774,0.9987247656535704,-0.00030701367867682456,-0.00023952427454138753,-1.2033447024137292,0.23239066389667679,-0.029045961482947642,-366.773603648824,697.1883841780134,-331.0865546039099,-0.6717740747203834
14.06,2.3387586589921808e-08,1.2209913526735407e-07,0.0,-2.0074088590441774,0.9987247656535704,-0.00030701367867682456,-0.00023952427454138753,-1.2033447024137292,0.23239066389667679,-0.029045961482947642,-366.773603648824,697.1883841780134,-331.0865546039099,-0.6717740747203834
14.08,2.2104152878737684e-08,1.1534237344053591e-07,0.0,-2.0074088590441774,0.9987247656535704,-0.00030701367867682456,-0.00023952427454138753,-1.2033447024137292,0.23239066389667679,-0.029045961482947642,-366.773603648824,697.1883841780134,-331.0865546039099,-0.6717740747203834
14.1,2.0890885940228768e-08,1.0895849467778423e-07,0.0,-2.0074088590441774,0.9987247656535704,-0.00030701367867682456,-0.00023952427454138753,-1.2033447024137292,0.23239066389667679,-0.029045961482947642,-366.773603648824,697.1883841780134,-331.0865546039099,-0.6717740747203834
14.120000000000001,1.9743965982928994e-08,1.029269836170455e-07,0.0,-2.0074088590441774,0.9987247656535704,-0.00030701367867682456,-0.00023952427454138753,-1.2033447024137292,0.23239066389667679,-0.029045961482947642,-366.773603648824,697.1883841780134,-331.0865546039099,-0.6717740747203834
14.14,1.865978014859194e-08,9.722844975548292e-08,0.0,-2.0074088590441774,0.9987247656535704,-0.00030701367867682456,-0.00023952427454138753,-1.2033447024137292,0.23239066389667679,-0.029045961482947642,-366.773603648824,697.1883841780134,-331.0865546039099,-0.6717740747203834
14.16,1.763491136480956e-08,9.184456601094022e-08,0.0,-2.0074088590441774,0.9987247656535704,-0.00030701367867682456,-0.00023952427454138753,-1.2033447024137292,0.23239066389667679,-0.029045961482947642,-366.773603648824,697.1883841780134,-331.0865546039099,-0.6717740747203834
14.18,1.6666127794190737e-08,8.675801062497037e-08,0.0,-2.0074088590441774,0.9987247656535704,-0.00030701367867682456,-0.00023952427454138753,-1.2033447024137292,0.23239066389667679,-0.029045961482947642,-366.773603648824,697.1883841780134,-331.0865546039099,-0.6717740747203834
14.200000000000001,1.5750372848421226e-08,8.195241222563198e-08,0.0,-2.0074088590441774,0.9987247656535704,-0.00030701367867682456,-0.00023952427454138753,-1.2033447024137292,0.23239066389667679,-0.029045961482947642,-366.773603648824,697.1883841780134,-331.0865546039099,-0.6717740747203834
14.22,1.4884755737195418e-08,7.741229787971527e-08,0.0,-2.0074088590441774,0.9987247656535704,-0.00030701367867682456,-0.00023952427454138753,-1.2033447024137292,0.23239066389667679,-0.029045961482947642,-366.773603648824,697.1883841780134,-331.0865546039099,-0.6717740747203834
14.24,1.4066542523587642e-08,7.312304397185946e-08,0.0,-2.0074088590441774,0.9987247656535704,-0.00030701367867682456,-0.00023952427454138753,-1.2033447024137292,0.23239066389667679,-0.029045961482947642,-366.773603648824,697.1883841780134,-331.0865546039099,-0.6717740747203834
14.26,1.3293147658931202e-08,6.907082975836458e-08,0.0,-2.0074088590441774,0.9987247656535704,-0.00030701367867682456,-0.00023952427454138753,-1.2033447024137292,0.23239066389667679,-0.029045961482947642,-366.773603648824,697.1883841780134,-331.0865546039099,-0.6717740747203834
14.280000000000001,1.2562125971689726e-08,6.524259344996321e-08,0.0,-2.0074088590441774,0.9987247656535704,-0.00030701367867682456,-0.00023952427454138753,-1.2033447024137292,0.23239066389667679,-0.029045961482947642,-366.773603648824,697.1883841780134,-331.0865546039099,-0.6717740747203834
14.3,1.1871165086153113e-08,6.162599068705446e-08,0.0,-2.0074088590441774,0.9987247656535704,-0.00030701367867682456,-0.00023952427454138753,-1.2033447024137292,0.23239066389667679,-0.029045961482947642,-366.773603648824,697.1883841780134,-331.0865546039099,-0.6717740747203834
14.32,1.1218078248063677e-08,5.8209355277155155e-08,0.0,-2.0074088590441774,0.9987247656535704,-0.00030701367867682456,-0.00023952427454138753,-1.2033447024137292,0.23239066389667679,-0.029045961482947642,-366.773603648824,697.1883841780134,-331.0865546039099,-0.6717740747203834
14.34,1.0600797535489188e-08,5.4981662072592385e-08,0.0,-2.0074088590441774,0.9987247656535704,-0.00030701367867682456,-0.00023952427454138753,-1.2033447024137292,0.23239066389667679,-0.029045961482947642,-366.773603648824,697.1883841780134,-331.0865546039099,-0.6717740747203834
14.36,1.001736743440283e-08,5.193249187174094e-08,0.0,-2.0074088590441774,0.9987247656535704,-0.00030701367867682456,-0.00023952427454138753,-1.2033447024137292,0.23239066389667679,-0.029045961482947642,-366.773603648824,697.1883841780134,-331.0865546039099,-0.6717740747203834
14.38,9.465938759517005e-09,4.905199823424406e-08,0.0,-2.0074088590441774,0.9987247656535704,-0.00030701367867682456,-0.00023952427454138753,-1.2033447024137292,0.23239066389667679,-0.029045961482947642,-366.773603648824,697.1883841780134,-331.0865546039099,-0.6717740747203834
14.4,8.944762901946807e-09,4.6330876106426216e-08,0.0,-2.0074088590441774,0.9987247656535704,-0.00030701367867682456,-0.00023952427454138753,-1.2033447024137292,0.23239066389667679,-0.029045961482947642,-366.773603648824,697.1883841780134,-331.0865546039099,-0.6717740747203834
14.42,8.452186386252946e-09,4.3760332158246754e-08,0.0,-2.0074088590441774,0.9987247656535704,-0.00030701367867682456,-0.00023952427454138753,-1.2033447024137292,0.23239066389667679,-0.029045961482947642,-366.773603648824,697.1883841780134,-331.0865546039099,-0.6717740747203834
14.44,7.986645720339706e-09,4.13320567393752e-08,0.0,-2.0074088590441774,0.9987247656535704,-0.00030701367867682456,-0.00023952427454138753,-1.2033447024137292,0.23239066389667679,-0.029045961482947642,-366.773603648824,697.1883841780134,-331.0865546039099,-0.6717740747203834
14.46,7.546662522557149e-09,3.9038197365939934e-08,0.0,-2.0074088590441774,0.9987247656535704,-0.00030701367867682456,-0.00023952427454138753,-1.2033447024137292,0.23239066389667679,-0.029045961482947642,-366.773603648824,697.1883841780134,-331.0865546039099,-0.6717740747203834
14.48,7.1308389111877255e-09,3.6871333655081686e-08,0.0,-2.0074088590441774,0.9987247656535704,-0.00030701367867682456,-0.00023952427454138753,-1.2033447024137292,0.23239066389667679,-0.029045961482947642,-366.773603648824,697.1883841780134,-331.0865546039099,-0.6717740747203834
14.5,6.737853142282341e-09,3.4824453628304433e-08,0.0,-2.0074088590441774,0.9987247656535704,-0.00030701367867682456,-0.00023952427454138753,-1.2033447024137292,0.23239066389667679,-0.029045961482947642,-366.773603648824,697.1883841780134,-331.0865546039099,-0.6717740747203834
14.52,6.366455482557064e-09,3.289093130959911e-08,0.0,-2.0074088590441774,0.9987247656535704,-0.00030701367867682456,-0.00023952427454138753,-1.2033447024137292,0.23239066389667679,-0.029045961482947642,-366.773603648824,697.1883841780134,-331.0865546039099,-0.6717740747203834
14.540000000000001,6.015464304765893e-09,3.106450554753862e-08,0.0,-2.0074088590441774,0.9987247656535704,-0.00030701367867682456,-0.00023952427454138753,-1.2033447024137292,0.23239066389667679,-0.029045961482947642,-366.773603648824,697.1883841780134,-331.0865546039099,-0.6717740747203834
14.56,5.683762393634513e-09,2.933925999500476e-08,0.0,-2.0074088590441774,0.9987247656535704,-0.00030701367867682456,-0.00023952427454138753,-1.2033447024137292,0.23239066389667679,-0.029045961482947642,-366.773603648824,697.1883841780134,-331.0865546039099,-0.6717740747203834
14.58,5.370293451072338e-09,2.7709604183291598e-08,0.0,-2.0074088590441774,0.9987247656535704,-0.00030701367867682456,-0.00023952427454138753,-1.2033447024137292,0.23239066389667679,-0.029045961482947642,-366.773603648824,697.1883841780134,-331.0865546039099,-0.6717740747203834
14.6,5.074058789981269e-09,2.6170255631343065e-08,0.0,-2.0074088590441774,0.9987247656535704,-0.00030701367867682456,-0.00023952427454138753,-1.2033447024137292,0.23239066389667679,-0.029045961482947642,-366.773603648824,697.1883841780134,-331.0865546039099,-0.6717740747203834
14.620000000000001,4.794114206546783e-09,2.471622293345462e-08,0.0,-2.0074088590441774,0.9987247656535704,-0.00030701367867682456,-0.00023952427454138753,-1.2033447024137292,0.23239066389667679,-0.029045961482947642,-366.773603648824,697.1883841780134,-331.0865546039099,-0.6717740747203834
14.64,4.5295670214361796e-09,2.3342789772341206e-08,0.0,-2.0074088590441774,0.9987247656535704,-0.00030701367867682456,-0.00023952427454138753,-1.2033447024137292,0.23239066389667679,-0.029045961482947642,-366.773603648824,697.1883841780134,-331.0865546039099,-0.6717740747203834
14.66,4.2795732808380374e-09,2.204549980695932e-08,0.0,-2.0074088590441774,0.9987247656535704,-0.00030701367867682456,-0.00023952427454138753,-1.2033447024137292,0.23239066389667679,-0.029045961482947642,-366.773603648824,697.1883841780134,-331.0865546039099,-0.6717740747203834
14.68,4.0433351087608844e-09,2.0820142387669274e-08,0.0,-2.0074088590441774,0.9987247656535704,-0.00030701367867682456,-0.00023952427454138753,-1.2033447024137292,0.23239066389667679,-0.029045961482947642,-366.773603648824,697.1883841780134,-331.0865546039099,-0.6717740747203834
14.700000000000001,3.820098202465749e-09,1.9662739053401515e-08,0.0,-2.0074088590441774,0.9987247656535704,-0.00030701367867682456,-0.00023952427454138753,-1.2033447024137292,0.23239066389667679,-0.029045961482947642,-366.773603648824,697.1883841780134,-331.0865546039099,-0.6717740747203834
14.72,3.609149463341204e-09,1.8569530768335976e-08,0.0,-2.0074088590441774,0.9987247656535704,-0.00030701367867682456,-0.00023952427454138753,-1.2033447024137292,0.23239066389667679,-0.029045961482947642,-366.773603648824,697.1883841780134,-331.0865546039099,-0.6717740747203834
14.74,3.4098147559394216e-09,1.7536965857613787e-08,0.0,-2.0074088590441774,0.9987247656535704,-0.00030701367867682456,-0.00023952427454138753,-1.2033447024137292,0.23239066389667679,-0.029045961482947642,-366.773603648824,697.1883841780134,-331.0865546039099,-0.6717740747203834
14.76,3.2214567882811436e-09,1.6561688604140115e-08,0.0,-2.0074088590441774,0.9987247656535704,-0.00030701367867682456,-0.00023952427454138753,-1.2033447024137292,0.23239066389667679,-0.029045961482947642,-366.773603648824,697.1883841780134,-331.0865546039099,-0.6717740747203834
14.780000000000001,3.0434731069049284e-09,1.5640528470222392e-08,0.0,-2.0074088590441774,0.9987247656535704,-0.00030701367867682456,-0.00023952427454138753,-1.2033447024137292,0.23239066389667679,-0.029045961482947642,-366.773603648824,697.1883841780134,-331.0865546039099,-0.6717740747203834
14.8,2.875294200485153e-09,1.477048991005457e-08,0.0,-2.0074088590441774,0.9987247656535704,-0.00030701367867682456,-0.00023952427454138753,-1.2033447024137292,0.23239066389667679,-0.029045961482947642,-366.773603648824,697.1883841780134,-331.0865546039099,-0.6717740747203834
14.82,2.7163817061729542e-09,1.394874274066684e-08,0.0,-2.0074088590441774,0.9987247656535704,-0.00030701367867682456,-0.00023952427454138753,-1.2033447024137292,0.23239066389667679,-0.029045961482947642,-366.773603648824,697.1883841780134,-331.0865546039099,-0.6717740747203834
14.84,2.5662267131275055e-09,1.3172613041003787e-08,0.0,-2.0074088590441774,0.9987247656535704,-0.00030701367867682456,-0.00023952427454138753,-1.2033447024137292,0.23239066389667679,-0.029045961482947642,-366.773603648824,697.1883841780134,-331.0865546039099,-0.6717740747203834
14.86,2.4243481580005286e-09,1.2439574550138425e-08,0.0,-2.0074088590441774,0.9987247656535704,-0.00030701367867682456,-0.00023952427454138753,-1.2033447024137292,0.23239066389667679,-0.029045961482947642,-366.773603648824,697.1883841780134,-331.0865546039099,-0.6717740747203834
14.88,2.2902913074175717e-09,1.174724053740761e-08,0.0,-2.0074088590441774,0.9987247656535704,-0.00030701367867682456,-0.00023952427454138753,-1.2033447024137292,0.23239066389667679,-0.029045961482947642,-366.773603648824,697.1883841780134,-331.0865546039099,-0.6717740747203834
14.9,2.163626322765031e-09,1.109335611869725e-08,0.0,-2.0074088590441774,0.9987247656535704,-0.00030701367867682456,-0.00023952427454138753,-1.2033447024137292,0.23239066389667679,-0.029045961482947642,-366.773603648824,697.1883841780134,-331.0865546039099,-0.6717740747203834
14.92,2.043946902842983e-09,1.0475790994401382e-08,0.0,-2.0074088590441774,0.9987247656535704,-0.00030701367867682456,-0.00023952427454138753,-1.2033447024137292,0.23239066389667679,-0.029045961482947642,-366.773603648824,697.1883841780134,-331.0865546039099,-0.6717740747203834
14.94,1.9308690001822792e-09,9.892532586123917e-09,0.0,-2.0074088590441774,0.9987247656535704,-0.00030701367867682456,-0.00023952427454138753,-1.2033447024137292,0.23239066389667679,-0.029045961482947642,-366.773603648824,697.1883841780134,-331.0865546039099,-0.6717740747203834
14.96,1.8240296070492659e-09,9.341679550199898e-09,0.0,-2.0074088590441774,0.9987247656535704,-0.00030701367867682456,-0.00023952427454138753,-1.2033447024137292,0.23239066389667679,-0.029045961482947642,-366.773603648824,697.1883841780134,-331.0865546039099,-0.6717740747203834
14.98,1.7230856073750893e-09,8.821435647494676e-09,0.0,-2.0074088590441774,0.9987247656535704,-0.00030701367867682456,-0.00023952427454138753,-1.2033447024137292,0.23239066389667679,-0.029045961482947642,-366.773603648824,697.1883841780134,-331.0865546039099,-0.6717740747203834
15.0,1.627712691048259e-09,8.33010394991132e-09,0.0,-2.0074088590441774,0.9987247656535704,-0.00030701367867682456,-0.00023952427454138753,-1.2033447024137292,0.23239066389667679,-0.029045961482947642,-366.773603648824,697.1883841780134,-331.0865546039099,-0.6717740747203834
15.02,1.537604327200672e-09,7.866081365277514e-09,0.0,-2.0074088590441774,0.9987247656535704,-0.00030701367867682456,-0.00023952427454138753,-1.2033447024137292,0.23239066389667679,-0.029045961482947642,-366.773603648824,697.1883841780134,-331.0865546039099,-0.6717740747203834
15.040000000000001,1.4524707932979704e-09,7.42785346308668e-09,0.0,-2.0074088590441774,0.9987247656535704,-0.00030701367867682456,-0.00023952427454138753,-1.2033447024137292,0.23239066389667679,-0.029045961482947642,-366.773603648824,697.1883841780134,-331.0865546039099,-0.6717740747203834
15.06,1.3720382570167124e-09,7.013989584681858e-09,0.0,-2.0074088590441774,0.9987247656535704,-0.00030701367867682456,-0.00023952427454138753,-1.2033447024137292,0.23239066389667679,-0.029045961482947642,-366.773603648824,697.1883841780134,-331.0865546039099,-0.6717740747203834
15.08,1.2960479080528175e-09,6.62313822224042e-09,0.0,-2.0074088590441774,0.9987247656535704,-0.00030701367867682456,-0.00023952427454138753,-1.2033447024137292,0.23239066389667679,-0.029045961482947642,-366.773603648824,697.1883841780134,-331.0865546039099,-0.6717740747203834
15.1,1.2242551371595901e-09,6.254022651915047e-09,0.0,-2.0074088590441774,0.9987247656535704,-0.00030701367867682456,-0.00023952427454138753,-1.2033447024137292,0.23239066389667679,-0.029045961482947642,-366.773603648824,697.1883841780134,-331.0865546039099,-0.6717740747203834
15.120000000000001,1.1564287598586892e-09,5.905436807127554e-09,0.0,-2.0074088590441774,0.9987247656535704,-0.00030701367867682456,-0.00023952427454138753,-1.2033447024137292,0.23239066389667679,-0.029045961482947642,-366.773603648824,697.1883841780134,-331.0865546039099,-0.6717740747203834
15.14,1.0923502824052084e-09,5.576241378903358e-09,0.0,-2.0074088590441774,0.9987247656535704,-0.00030701367867682456,-0.00023952427454138753,-1.2033447024137292,0.23239066389667679,-0.029045961482947642,-366.773603648824,697.1883841780134,-331.0865546039099,-0.6717740747203834
15.16,1.031813207718079e-09,5.265360130750577e-09,0.0,-2.0074088590441774,0.9987247656535704,-0.00030701367867682456,-0.00023952427454138753,-1.2033447024137292,0.23239066389667679,-0.029045961482947642,-366.773603648824,697.1883841780134,-331.0865546039099,-0.6717740747203834
15.18,9.746223791104954e-10,4.971776416382345e-09,0.0,-2.0074088590441774,0.9987247656535704,-0.00030701367867682456,-0.00023952427454138753,-1.2033447024137292,0.23239066389667679,-0.029045961482947642,-366.773603648824,697.1883841780134,-331.0865546039099,-0.6717740747203834
15.200000000000001,9.205933597715202e-10,4.6945298890988e-09,0.0,-2.0074088590441774,0.9987247656535704,-0.00030701367867682456,-0.00023952427454138753,-1.2033447024137292,0.23239066389667679,-0.029045961482947642,-366.773603648824,697.1883841780134,-331.0865546039099,-0.6717740747203834
15.22,8.695518460606042e-10,4.4327133923528785e-09,0.0,-2.0074088590441774,0.9987247656535704,-0.00030701367867682456,-0.00023952427454138753,-1.2033447024137292,0.23239066389667679,-0.029045961482947642,-366.773603648824,697.1883841780134,-331.0865546039099,-0.6717740747203834
15.24,8.213331127811346e-10,4.185470021519551e-09,0.0,-2.0074088590441774,0.9987247656535704,-0.00030701367867682456,-0.00023952427454138753,-1.2033447024137292,0.23239066389667679,-0.029045961482947642,-366.773603648824,697.1883841780134,-331.0865546039099,-0.6717740747203834
15.26,7.757814886982098e-10,3.951990347523213e-09,0.0,-2.0074088590441774,0.9987247656535704,-0.00030701367867682456,-0.00023952427454138753,-1.2033447024137292,0.23239066389667679,-0.029045961482947642,-366.773603648824,697.1883841780134,-331.0865546039099,-0.6717740747203834
15.280000000000001,7.327498606592819e-10,3.7315097933911594e-09,0.0,-2.0074088590441774,0.9987247656535704,-0.00030701367867682456,-0.00023952427454138753,-1.2033447024137292,0.23239066389667679,-0.029045961482947642,-366.773603648824,697.1883841780134,-331.0865546039099,-0.6717740747203834
15.3,6.920992047650208e-10,3.5233061553662973e-09,0.0,-2.0074088590441774,0.9987247656535704,-0.00030701367867682456,-0.00023952427454138753,-1.2033447024137292,0.23239066389667679,-0.029045961482947642,-366.773603648824,697.1883841780134,-331.0865546039099,-0.6717740747203834
15.32,6.536981431214894e-10,3.3266972606109336e-09,0.0,-2.0074088590441774,0.9987247656535704,-0.00030701367867682456,-0.00023952427454138753,-1.2033447024137292,0.23239066389667679,-0.029045961482947642,-366.773603648824,697.1883841780134,-331.0865546039099,-0.6717740747203834
15.34,6.174225247841947e-10,3.1410387540378625e-09,0.0,-2.0074088590441774,0.9987247656535704,-0.00030701367867682456,-0.00023952427454138753,-1.2033447024137292,0.23239066389667679,-0.029045961482947642,-366.773603648824,697.1883841780134,-331.0865546039099,-0.6717740747203834
15.36,5.831550295795307e-10,2.9657220071389146e-09,0.0,-2.0074088590441774,0.9987247656535704,-0.00030701367867682456,-0.00023952427454138753,-1.2033447024137292,0.23239066389667679,-0.029045961482947642,-366.773603648824,697.1883841780134,-331.0865546039099,-0.6717740747203834
15.38,5.507847935602501e-10,2.8001721421215937e-09,0.0,-2.0074088590441774,0.9987247656535704,-0.00030701367867682456,-0.00023952427454138753,-1.2033447024137292,0.23239066389667679,-0.029045961482947642,-366.773603648824,697.1883841780134,-331.0865546039099,-0.6717740747203834
15.4,5.202070549188326e-10,2.64384616502129e-09,0.0,-2.0074088590441774,0.9987247656535704,-0.00030701367867682456,-0.00023952427454138753,-1.2033447024137292,0.23239066389667679,-0.029045961482947642,-366.773603648824,697.1883841780134,-331.0865546039099,-0.6717740747203834
15.42,4.913228192461768e-10,2.49623120177616e-09,0.0,-2.0074088590441774,0.9987247656535704,-0.00030701367867682456,-0.00023952427454138753,-1.2033447024137292,0.23239066389667679,-0.029045961482947642,-366.773603648824,697.1883841780134,-331.0865546039099,-0.6717740747203834
15.44,4.6403854308333956e-10,2.3568428316345013e-09,0.0,-2.0074088590441774,0.9987247656535704,-0.00030701367867682456,-0.00023952427454138753,-1.2033447024137292,0.23239066389667679,-0.029045961482947642,-366.773603648824,697.1883841780134,-331.0865546039099,-0.6717740747203834
15.46,4.3826583477090657e-10,2.2252235125136605e-09,0.0,-2.0074088590441774,0.9987247656535704,-0.00030701367867682456,-0.00023952427454138753,-1.2033447024137292,0.23239066389667679,-0.029045961482947642,-366.773603648824,697.1883841780134,-331.0865546039099,-0.6717740747203834
15.48,4.139211716545422e-10,2.100941093269728e-09,0.0,-2.0074088590441774,0.9987247656535704,-0.00030701367867682456,-0.00023952427454138753,-1.2033447024137292,0.23239066389667679,-0.029045961482947642,-366.773603648824,697.1883841780134,-331.0865546039099,-0.6717740747203834
15.5,3.9092563275619417e-10,1.983587408078493e-09,0.0,-2.0074088590441774,0.9987247656535704,-0.00030701367867682456,-0.00023952427454138753,-1.2033447024137292,0.23239066389667679,-0.029045961482947642,-366.773603648824,697.1883841780134,-331.0865546039099,-0.6717740747203834
15.52,3.6920464606875906e-10,1.8727769484333634e-09,0.0,-2.0074088590441774,0.9987247656535704,-0.00030701367867682456,-0.00023952427454138753,-1.2033447024137292,0.23239066389667679,-0.029045961482947642,-366.773603648824,697.1883841780134,-331.0865546039099,-0.6717740747203834
15.540000000000001,3.486877496775768e-10,1.768145608464634e-09,0.0,-2.0074088590441774,0.9987247656535704,-0.00030701367867682456,-0.00023952427454138753,-1.2033447024137292,0.23239066389667679,-0.029045961482947642,-366.773603648824,697.1883841780134,-331.0865546039099,-0.6717740747203834
15.56,3.293083659553708e-10,1.6693494995594201e-09,0.0,-2.0074088590441774,0.9987247656535704,-0.00030701367867682456,-0.00023952427454138753,-1.2033447024137292,0.23239066389667679,-0.029045961482947642,-366.773603648824,697.1883841780134,-331.0865546039099,-0.6717740747203834
15.58,3.1100358811805366e-10,1.5760638304508595e-09,0.0,-2.0074088590441774,0.9987247656535704,-0.00030701367867682456,-0.00023952427454138753,-1.2033447024137292,0.23239066389667679,-0.029045961482947642,-366.773603648824,697.1883841780134,-331.0865546039099,-0.6717740747203834
15.6,2.93713978467541e-10,1.4879818491905335e-09,0.0,-2.0074088590441774,0.9987247656535704,-0.00030701367867682456,-0.00023952427454138753,-1.2033447024137292,0.23239066389667679,-0.029045961482947642,-366.773603648824,697.1883841780134,-331.0865546039099,-0.6717740747203834
15.620000000000001,2.7738337768421765e-10,1.4048138435774376e-09,0.0,-2.0074088590441774,0.9987247656535704,-0.00030701367867682456,-0.00023952427454138753,-1.2033447024137292,0.23239066389667679,-0.029045961482947642,-366.773603648824,697.1883841780134,-331.0865546039099,-0.6717740747203834
15.64,2.6195872456634364e-10,1.326286196834122e-09,0.0,-2.0074088590441774,0.9987247656535704,-0.00030701367867682456,-0.00023952427454138753,-1.2033447024137292,0.23239066389667679,-0.029045961482947642,-366.773603648824,697.1883841780134,-331.0865546039099,-0.6717740747203834
15.66,2.473898856463731e-10,1.2521404954745653e-09,0.0,-2.0074088590441774,0.9987247656535704,-0.00030701367867682456,-0.00023952427454138753,-1.2033447024137292,0.23239066389667679,-0.029045961482947642,-366.773603648824,697.1883841780134,-331.0865546039099,-0.6717740747203834
15.68,2.336294941451707e-10,1.182132686502044e-09,0.0,-2.0074088590441774,0.9987247656535704,-0.00030701367867682456,-0.00023952427454138753,-1.2033447024137292,0.23239066389667679,-0.029045961482947642,-366.773603648824,697.1883841780134,-331.0865546039099,-0.6717740747203834
15.700000000000001,2.2063279775434415e-10,1.1160322812034266e-09,0.0,-2.0074088590441774,0.9987247656535704,-0.00030701367867682456,-0.00023952427454138753,-1.2033447024137292,0.23239066389667679,-0.029045961482947642,-366.773603648824,697.1883841780134,-331.0865546039099,-0.6717740747203834
15.72,2.0835751476465472e-10,1.0536216029802393e-09,0.0,-2.0074088590441774,0.9987247656535704,-0.00030701367867682456,-0.00023952427454138753,-1.2033447024137292,0.23239066389667679,-0.029045961482947642,-366.773603648824,697.1883841780134,-331.0865546039099,-0.6717740747203834
15.74,1.9676369808463823e-10,9.946950767786788e-10,0.0,-2.0074088590441774,0.9987247656535704,-0.00030701367867682456,-0.00023952427454138753,-1.2033447024137292,0.23239066389667679,-0.029045961482947642,-366.773603648824,697.1883841780134,-331.0865546039099,-0.6717740747203834
15.76,1.858136067184002e-10,9.390585578361303e-10,0.0,-2.0074088590441774,0.9987247656535704,-0.00030701367867682456,-0.00023952427454138753,-1.2033447024137292,0.23239066389667679,-0.029045961482947642,-366.773603648824,697.1883841780134,-331.0865546039099,-0.6717740747203834
15.780000000000001,1.7547158429495449e-10,8.865286975641925e-10,0.0,-2.0074088590441774,0.9987247656535704,-0.00030701367867682456,-0.00023952427454138753,-1.2033447024137292,0.23239066389667679,-0.029045961482947642,-366.773603648824,697.1883841780134,-331.0865546039099,-0.6717740747203834
15.8,1.6570394426368355e-10,8.369323445263683e-10,0.0,-2.0074088590441774,0.9987247656535704,-0.00030701367867682456,-0.00023952427454138753,-1.2033447024137292,0.23239066389667679,-0.029045961482947642,-366.773603648824,697.1883841780134,-331.0865546039099,-0.6717740747203834
15.82,1.5647886139144768e-10,7.901059785662578e-10,0.0,-2.0074088590441774,0.9987247656535704,-0.00030701367867682456,-0.00023952427454138753,-1.2033447024137292,0.23239066389667679,-0.029045961482947642,-366.773603648824,697.1883841780134,-331.0865546039099,-0.6717740747203834
15.84,1.4776626921674718e-10,7.458951762662471e-10,0.0,-2.0074088590441774,0.9987247656535704,-0.00030701367867682456,-0.00023952427454138753,-1.2033447024137292,0.23239066389667679,-0.029045961482947642,-366.773603648824,697.1883841780134,-331.0865546039099,-0.6717740747203834
15.860000000000001,1.3953776313507407e-10,7.041541059981954e-10,0.0,-2.0074088590441774,0.9987247656535704,-0.00030701367867682456,-0.00023952427454138753,-1.2033447024137292,0.23239066389667679,-0.029045961482947642,-366.773603648824,697.1883841780134,-331.0865546039099,-0.6717740747203834
15.88,1.3176650880736256e-10,6.647450509376843e-10,0.0,-2.0074088590441774,0.9987247656535704,-0.00030701367867682456,-0.00023952427454138753,-1.2033447024137292,0.23239066389667679,-0.029045961482947642,-366.773603648824,697.1883841780134,-331.0865546039099,-0.6717740747203834
15.9,1.244271556002147e-10,6.275379584920463e-10,0.0,-2.0074088590441774,0.9987247656535704,-0.00030701367867682456,-0.00023952427454138753,-1.2033447024137292,0.23239066389667679,-0.029045961482947642,-366.773603648824,697.1883841780134,-331.0865546039099,-0.6717740747203834
15.92,1.1749575478248008e-10,5.924100146906236e-10,0.0,-2.0074088590441774,0.9987247656535704,-0.00030701367867682456,-0.00023952427454138753,-1.2033447024137292,0.23239066389667679,-0.029045961482947642,-366.773603648824,697.1883841780134,-331.0865546039099,-0.6717740747203834
15.94,1.1094968221775884e-10,5.592452421515518e-10,0.0,-2.0074088590441774,0.9987247656535704,-0.00030701367867682456,-0.00023952427454138753,-1.2033447024137292,0.23239066389667679,-0.029045961482947642,-366.773603648824,697.1883841780134,-331.0865546039099,-0.6717740747203834
15.96,1.0476756530661238e-10,5.27934120325197e-10,0.0,-2.0074088590441774,0.9987247656535704,-0.00030701367867682456,-0.00023952427454138753,-1.2033447024137292,0.23239066389667679,-0.029045961482947642,-366.773603648824,697.1883841780134,-331.0865546039099,-0.6717740747203834
15.98,9.892921394569532e-11,4.983732267839875e-10,0.0,-2.0074088590441774,0.9987247656535704,-0.00030701367867682456,-0.00023952427454138753,-1.2033447024137292,0.23239066389667679,-0.029045961482947642,-366.773603648824,697.1883841780134,-331.0865546039099,-0.6717740747203834
16.0,9.341555528371204e-11,4.704648983914416e-10,0.0,-2.0074088590441774,0.9987247656535704,-0.00030701367867682456,-0.00023952427454138753,-1.2033447024137292,0.23239066389667679,-0.029045961482947642,-366.773603648824,697.1883841780134,-331.0865546039099,-0.6717740747203834
16.02,8.820857206613189e-11,4.441169112572507e-10,0.0,-2.0074088590441774,0.9987247656535704,-0.00030701367867682456,-0.00023952427454138753,-1.2033447024137292,0.23239066389667679,-0.029045961482947642,-366.773603648824,697.1883841780134,-331.0865546039099,-0.6717740747203834
16.04,8.329124437193587e-11,4.192421784345e-10,0.0,-2.0074088590441774,0.9987247656535704,-0.00030701367867682456,-0.00023952427454138753,-1.2033447024137292,0.23239066389667679,-0.029045961482947642,-366.773603648824,697.1883841780134,-331.0865546039099,-0.6717740747203834
16.06,7.864749455642047e-11,3.957584643803741e-10,0.0,-2.0074088590441774,0.9987247656535704,-0.00030701367867682456,-0.00023952427454138753,-1.2033447024137292,0.23239066389667679,-0.029045961482947642,-366.773603648824,697.1883841780134,-331.0865546039099,-0.6717740747203834
16.080000000000002,7.426213522423727e-11,3.7358811525236803e-10,0.0,-2.0074088590441774,0.9987247656535704,-0.00030701367867682456,-0.00023952427454138753,-1.2033447024137292,0.23239066389667679,-0.029045961482947642,-366.773603648824,697.1883841780134,-331.0865546039099,-0.6717740747203834
16.1,7.012082006645774e-11,3.526578041657946e-10,0.0,-2.0074088590441774,0.9987247656535704,-0.00030701367867682456,-0.00023952427454138753,-1.2033447024137292,0.23239066389667679,-0.029045961482947642,-366.773603648824,697.1883841780134,-331.0865546039099,-0.6717740747203834
16.12,6.620999740451881e-11,3.3289829057944156e-10,0.0,-2.0074088590441774,0.9987247656535704,-0.00030701367867682456,-0.00023952427454138753,-1.2033447024137292,0.23239066389667679,-0.029045961482947642,-366.773603648824,697.1883841780134,-331.0865546039099,-0.6717740747203834
16.14,6.251686629252106e-11,3.142441930359432e-10,0.0,-2.0074088590441774,0.9987247656535704,-0.00030701367867682456,-0.00023952427454138753,-1.2033447024137292,0.23239066389667679,-0.029045961482947642,-366.773603648824,697.1883841780134,-331.0865546039099,-0.6717740747203834
16.16,5.902933503744438e-11,2.966337745102651e-10,0.0,-2.0074088590441774,0.9987247656535704,-0.00030701367867682456,-0.00023952427454138753,-1.2033447024137292,0.23239066389667679,-0.029045961482947642,-366.773603648824,697.1883841780134,-331.0865546039099,-0.6717740747203834
16.18,5.573598200454163e-11,2.80008739671933e-10,0.0,-2.0074088590441774,0.9987247656535704,-0.00030701367867682456,-0.00023952427454138753,-1.2033447024137292,0.23239066389667679,-0.029045961482947642,-366.773603648824,697.1883841780134,-331.0865546039099,-0.6717740747203834
16.2,5.262601858242592e-11,2.643140434007539e-10,0.0,-2.0074088590441774,0.9987247656535704,-0.00030701367867682456,-0.00023952427454138753,-1.2033447024137292,0.23239066389667679,-0.029045961482947642,-366.773603648824,697.1883841780134,-331.0865546039099,-0.6717740747203834
16.22,4.9689254189233586e-11,2.494977099327895e-10,0.0,-2.0074088590441774,0.9987247656535704,-0.00030701367867682456,-0.00023952427454138753,-1.2033447024137292,0.23239066389667679,-0.029045961482947642,-366.773603648824,697.1883841780134,-331.0865546039099,-0.6717740747203834
16.240000000000002,4.691606320773536e-11,2.355106620477575e-10,0.0,-2.0074088590441774,0.9987247656535704,-0.00030701367867682456,-0.00023952427454138753,-1.2033447024137292,0.23239066389667679,-0.029045961482947642,-366.773603648824,697.1883841780134,-331.0865546039099,-0.6717740747203834
16.26,4.429735374340932e-11,2.2230655974280407e-10,0.0,-2.0074088590441774,0.9987247656535704,-0.00030701367867682456,-0.00023952427454138753,-1.2033447024137292,0.23239066389667679,-0.029045961482947642,-366.773603648824,697.1883841780134,-331.0865546039099,-0.6717740747203834
16.28,4.182453810528151e-11,2.0984164786369577e-10,0.0,-2.0074088590441774,0.9987247656535704,-0.00030701367867682456,-0.00023952427454138753,-1.2033447024137292,0.23239066389667679,-0.029045961482947642,-366.773603648824,697.1883841780134,-331.0865546039099,-0.6717740747203834
16.3,3.9489504914844395e-11,1.9807461220245152e-10,0.0,-2.0074088590441774,0.9987247656535704,-0.00030701367867682456,-0.00023952427454138753,-1.2033447024137292,0.23239066389667679,-0.029045961482947642,-366.773603648824,697.1883841780134,-331.0865546039099,-0.6717740747203834
16.32,3.728459275353282e-11,1.8696644358753002e-10,0.0,-2.0074088590441774,0.9987247656535704,-0.00030701367867682456,-0.00023952427454138753,-1.2033447024137292,0.23239066389667679,-0.029045961482947642,-366.773603648824,697.1883841780134,-331.0865546039099,-0.6717740747203834
16.34,3.520256526415184e-11,1.7648030952582035e-10,0.0,-2.0074088590441774,0.9987247656535704,-0.00030701367867682456,-0.00023952427454138753,-1.2033447024137292,0.23239066389667679,-0.029045961482947642,-366.773603648824,697.1883841780134,-331.0865546039099,-0.6717740747203834
16.36,3.323658762628397e-11,1.665814329773987e-10,0.0,-2.0074088590441774,0.9987247656535704,-0.00030701367867682456,-0.00023952427454138753,-1.2033447024137292,0.23239066389667679,-0.029045961482947642,-366.773603648824,697.1883841780134,-331.0865546039099,-0.6717740747203834
16.38,3.1380204330087574e-11,1.5723697786757812e-10,0.0,-2.0074088590441774,0.9987247656535704,-0.00030701367867682456,-0.00023952427454138753,-1.2033447024137292,0.23239066389667679,-0.029045961482947642,-366.773603648824,697.1883841780134,-331.0865546039099,-0.6717740747203834
16.4,2.962731817704206e-11,1.484159409626746e-10,0.0,-2.0074088590441774,0.9987247656535704,-0.00030701367867682456,-0.00023952427454138753,-1.2033447024137292,0.23239066389667679,-0.029045961482947642,-366.773603648824,697.1883841780134,-331.0865546039099,-0.6717740747203834
16.42,2.7972170440113278e-11,1.400890497564707e-10,0.0,-2.0074088590441774,0.9987247656535704,-0.00030701367867682456,-0.00023952427454138753,-1.2033447024137292,0.23239066389667679,-0.029045961482947642,-366.773603648824,697.1883841780134,-331.0865546039099,-0.6717740747203834
16.44,2.6409322119518246e-11,1.3222866603468323e-10,0.0,-2.0074088590441774,0.9987247656535704,-0.00030701367867682456,-0.00023952427454138753,-1.2033447024137292,0.23239066389667679,-0.029045961482947642,-366.773603648824,697.1883841780134,-331.0865546039099,-0.6717740747203834
16.46,2.4933636233763778e-11,1.2480869480044654e-10,0.0,-2.0074088590441774,0.9987247656535704,-0.00030701367867682456,-0.00023952427454138753,-1.2033447024137292,0.23239066389667679,-0.029045961482947642,-366.773603648824,697.1883841780134,-331.0865546039099,-0.6717740747203834
16.48,2.3540261088953774e-11,1.178044982664815e-10,0.0,-2.0074088590441774,0.9987247656535704,-0.00030701367867682456,-0.00023952427454138753,-1.2033447024137292,0.23239066389667679,-0.029045961482947642,-366.773603648824,697.1883841780134,-331.0865546039099,-0.6717740747203834
16.5,2.2224614472479093e-11,1.1119281463008727e-10,0.0,-2.0074088590441774,0.9987247656535704,-0.00030701367867682456,-0.00023952427454138753,-1.2033447024137292,0.23239066389667679,-0.029045961482947642,-366.773603648824,697.1883841780134,-331.0865546039099,-0.6717740747203834
16.52,2.0982368720167554e-11,1.0495168136675036e-10,0.0,-2.0074088590441774,0.9987247656535704,-0.00030701367867682456,-0.00023952427454138753,-1.2033447024137292,0.23239066389667679,-0.029045961482947642,-366.773603648824,697.1883841780134,-331.0865546039099,-0.6717740747203834
16.54,1.980943660876633e-11,9.906036279138663e-11,0.0,-2.0074088590441774,0.9987247656535704,-0.00030701367867682456,-0.00023952427454138753,-1.2033447024137292,0.23239066389667679,-0.029045961482947642,-366.773603648824,697.1883841780134,-331.0865546039099,-0.6717740747203834
16.56,1.8701958028272258e-11,9.349928165024644e-11,0.0,-2.0074088590441774,0.9987247656535704,-0.00030701367867682456,-0.00023952427454138753,-1.2033447024137292,0.23239066389667679,-0.029045961482947642,-366.773603648824,697.1883841780134,-331.0865546039099,-0.6717740747203834
16.580000000000002,1.765628739112406e-11,8.824995451963682e-11,0.0,-2.0074088590441774,0.9987247656535704,-0.00030701367867682456,-0.00023952427454138753,-1.2033447024137292,0.23239066389667679,-0.029045961482947642,-366.773603648824,697.1883841780134,-331.0865546039099,-0.6717740747203834
16.6,1.666898173763367e-11,8.329493080053597e-11,0.0,-2.0074088590441774,0.9987247656535704,-0.00030701367867682456,-0.00023952427454138753,-1.2033447024137292,0.23239066389667679,-0.029045961482947642,-366.773603648824,697.1883841780134,-331.0865546039099,-0.6717740747203834
16.62,1.5736789499262362e-11,7.861773510808887e-11,0.0,-2.0074088590441774,0.9987247656535704,-0.00030701367867682456,-0.00023952427454138753,-1.2033447024137292,0.23239066389667679,-0.029045961482947642,-366.773603648824,697.1883841780134,-331.0865546039099,-0.6717740747203834
16.64,1.4856639883464365e-11,7.420281286941332e-11,0.0,-2.0074088590441774,0.9987247656535704,-0.00030701367867682456,-0.00023952427454138753,-1.2033447024137292,0.23239066389667679,-0.029045961482947642,-366.773603648824,697.1883841780134,-331.0865546039099,-0.6717740747203834
16.66,1.4025632845808708e-11,7.003547894972542e-11,0.0,-2.0074088590441774,0.9987247656535704,-0.00030701367867682456,-0.00023952427454138753,-1.2033447024137292,0.23239066389667679,-0.029045961482947642,-366.773603648824,697.1883841780134,-331.0865546039099,-0.6717740747203834
16.68,1.324102961697932e-11,6.610186913938215e-11,0.0,-2.0074088590441774,0.9987247656535704,-0.00030701367867682456,-0.00023952427454138753,-1.2033447024137292,0.23239066389667679,-0.029045961482947642,-366.773603648824,697.1883841780134,-331.0865546039099,-0.6717740747203834
16.7,1.250024375403432e-11,6.238889434268111e-11,0.0,-2.0074088590441774,0.9987247656535704,-0.00030701367867682456,-0.00023952427454138753,-1.2033447024137292,0.23239066389667679,-0.029045961482947642,-366.773603648824,697.1883841780134,-331.0865546039099,-0.6717740747203834
16.72,1.180083268698997e-11,5.888419731828308e-11,0.0,-2.0074088590441774,0.9987247656535704,-0.00030701367867682456,-0.00023952427454138753,-1.2033447024137292,0.23239066389667679,-0.029045961482947642,-366.773603648824,697.1883841780134,-331.0865546039099,-0.6717740747203834
16.740000000000002,1.1140489733386725e-11,5.557611182936109e-11,0.0,-2.0074088590441774,0.9987247656535704,-0.00030701367867682456,-0.00023952427454138753,-1.2033447024137292,0.23239066389667679,-0.029045961482947642,-366.773603648824,697.1883841780134,-331.0865546039099,-0.6717740747203834
16.76,1.051703655500046e-11,5.245362406984114e-11,0.0,-2.0074088590441774,0.9987247656535704,-0.00030701367867682456,-0.00023952427454138753,-1.2033447024137292,0.23239066389667679,-0.029045961482947642,-366.773603648824,697.1883841780134,-331.0865546039099,-0.6717740747203834
16.78,9.928416032281596e-12,4.9506336239335175e-11,0.0,-2.0074088590441774,0.9987247656535704,-0.00030701367867682456,-0.00023952427454138753,-1.2033447024137292,0.23239066389667679,-0.029045961482947642,-366.773603648824,697.1883841780134,-331.0865546039099,-0.6717740747203834
16.8,9.372685533453347e-12,4.672443214857987e-11,0.0,-2.0074088590441774,0.9987247656535704,-0.00030701367867682456,-0.00023952427454138753,-1.2033447024137292,0.23239066389667679,-0.029045961482947642,-366.773603648824,697.1883841780134,-331.0865546039099,-0.6717740747203834
16.82,8.848010556466529e-12,4.4098644741325534e-11,0.0,-2.0074088590441774,0.9987247656535704,-0.00030701367867682456,-0.00023952427454138753,-1.2033447024137292,0.23239066389667679,-0.029045961482947642,-366.773603648824,697.1883841780134,-331.0865546039099,-0.6717740747203834
16.84,8.352658723211554e-12,4.162022542662589e-11,0.0,-2.0074088590441774,0.9987247656535704,-0.00030701367867682456,-0.00023952427454138753,-1.2033447024137292,0.23239066389667679,-0.029045961482947642,-366.773603648824,697.1883841780134,-331.0865546039099,-0.6717740747203834
16.86,7.88499410652231e-12,3.928091512071732e-11,0.0,-2.0074088590441774,0.9987247656535704,-0.00030701367867682456,-0.00023952427454138753,-1.2033447024137292,0.23239066389667679,-0.029045961482947642,-366.773603648824,697.1883841780134,-331.0865546039099,-0.6717740747203834
16.88,7.443471871579148e-12,3.707291690336231e-11,0.0,-2.0074088590441774,0.9987247656535704,-0.00030701367867682456,-0.00023952427454138753,-1.2033447024137292,0.23239066389667679,-0.029045961482947642,-366.773603648824,697.1883841780134,-331.0865546039099,-0.6717740747203834
16.9,7.026633214331898e-12,3.498887019884338e-11,0.0,-2.0074088590441774,0.9987247656535704,-0.00030701367867682456,-0.00023952427454138753,-1.2033447024137292,0.23239066389667679,-0.029045961482947642,-366.773603648824,697.1883841780134,-331.0865546039099,-0.6717740747203834
16.92,6.633100580521578e-12,3.3021826396718517e-11,0.0,-2.0074088590441774,0.9987247656535704,-0.00030701367867682456,-0.00023952427454138753,-1.2033447024137292,0.23239066389667679,-0.029045961482947642,-366.773603648824,697.1883841780134,-331.0865546039099,-0.6717740747203834
16.94,6.2615731497853246e-12,3.116522583239318e-11,0.0,-2.0074088590441774,0.9987247656535704,-0.00030701367867682456,-0.00023952427454138753,-1.2033447024137292,0.23239066389667679,-0.029045961482947642,-366.773603648824,697.1883841780134,-331.0865546039099,-0.6717740747203834
16.96,5.910822570183091e-12,2.9412876051326956e-11,0.0,-2.0074088590441774,0.9987247656535704,-0.00030701367867682456,-0.00023952427454138753,-1.2033447024137292,0.23239066389667679,-0.029045961482947642,-366.773603648824,697.1883841780134,-331.0865546039099,-0.6717740747203834
16.98,5.5796889292956505e-12,2.775893128615998e-11,0.0,-2.0074088590441774,0.9987247656535704,-0.00030701367867682456,-0.00023952427454138753,-1.2033447024137292,0.23239066389667679,-0.029045961482947642,-366.773603648824,697.1883841780134,-331.0865546039099,-0.6717740747203834
17.0,5.267076948805079e-12,2.6197873078578184e-11,0.0,-2.0074088590441774,0.9987247656535704,-0.00030701367867682456,-0.00023952427454138753,-1.2033447024137292,0.23239066389667679,-0.029045961482947642,-366.773603648824,697.1883841780134,-331.0865546039099,-0.6717740747203834
17.02,4.971952390192333e-12,2.4724491982478927e-11,0.0,-2.0074088590441774,0.9987247656535704,-0.00030701367867682456,-0.00023952427454138753,-1.2033447024137292,0.23239066389667679,-0.029045961482947642,-366.773603648824,697.1883841780134,-331.0865546039099,-0.6717740747203834
17.04,4.693338659868464e-12,2.333387028816328e-11,0.0,-2.0074088590441774,0.9987247656535704,-0.00030701367867682456,-0.00023952427454138753,-1.2033447024137292,0.23239066389667679,-0.029045961482947642,-366.773603648824,697.1883841780134,-331.0865546039099,-0.6717740747203834
17.06,4.4303136027008485e-12,2.2021365710681288e-11,0.0,-2.0074088590441774,0.9987247656535704,-0.00030701367867682456,-0.00023952427454138753,-1.2033447024137292,0.23239066389667679,-0.029045961482947642,-366.773603648824,697.1883841780134,-331.0865546039099,-0.6717740747203834
17.080000000000002,4.182006473505118e-12,2.0782595988613104e-11,0.0,-2.0074088590441774,0.9987247656535704,-0.00030701367867682456,-0.00023952427454138753,-1.2033447024137292,0.23239066389667679,-0.029045961482947642,-366.773603648824,697.1883841780134,-331.0865546039099,-0.6717740747203834
17.1,3.947595076649526e-12,1.961342434266057e-11,0.0,-2.0074088590441774,0.9987247656535704,-0.00030701367867682456,-0.00023952427454138753,-1.2033447024137292,0.23239066389667679,-0.029045961482947642,-366.773603648824,697.1883841780134,-331.0865546039099,-0.6717740747203834
17.12,3.726303064461713e-12,1.8509945745848683e-11,0.0,-2.0074088590441774,0.9987247656535704,-0.00030701367867682456,-0.00023952427454138753,-1.2033447024137292,0.23239066389667679,-0.029045961482947642,-366.773603648824,697.1883841780134,-331.0865546039099,-0.6717740747203834
17.14,3.517397385643495e-12,1.7468473960580107e-11,0.0,-2.0074088590441774,0.9987247656535704,-0.00030701367867682456,-0.00023952427454138753,-1.2033447024137292,0.23239066389667679,-0.029045961482947642,-366.773603648824,697.1883841780134,-331.0865546039099,-0.6717740747203834
17.16,3.320185875383593e-12,1.6485529299381156e-11,0.0,-2.0074088590441774,0.9987247656535704,-0.00030701367867682456,-0.00023952427454138753,-1.2033447024137292,0.23239066389667679,-0.029045961482947642,-366.773603648824,697.1883841780134,-331.0865546039099,-0.6717740747203834
17.18,3.1340149793182115e-12,1.555782706921059e-11,0.0,-2.0074088590441774,0.9987247656535704,-0.00030701367867682456,-0.00023952427454138753,-1.2033447024137292,0.23239066389667679,-0.029045961482947642,-366.773603648824,697.1883841780134,-331.0865546039099,-0.6717740747203834
17.2,2.9582676039228615e-12,1.4682266661183598e-11,0.0,-2.0074088590441774,0.9987247656535704,-0.00030701367867682456,-0.00023952427454138753,-1.2033447024137292,0.23239066389667679,-0.029045961482947642,-366.773603648824,697.1883841780134,-331.0865546039099,-0.6717740747203834
17.22,2.7923610863287606e-12,1.3855921249725121e-11,0.0,-2.0074088590441774,0.9987247656535704,-0.00030701367867682456,-0.00023952427454138753,-1.2033447024137292,0.23239066389667679,-0.029045961482947642,-366.773603648824,697.1883841780134,-331.0865546039099,-0.6717740747203834
17.240000000000002,2.635745276944402e-12,1.3076028067168445e-11,0.0,-2.0074088590441774,0.9987247656535704,-0.00030701367867682456,-0.00023952427454138753,-1.2033447024137292,0.23239066389667679,-0.029045961482947642,-366.773603648824,697.1883841780134,-331.0865546039099,-0.6717740747203834
17.26,2.4879007286290388e-12,1.2339979221769777e-11,0.0,-2.0074088590441774,0.9987247656535704,-0.00030701367867682456,-0.00023952427454138753,-1.2033447024137292,0.23239066389667679,-0.029045961482947642,-366.773603648824,697.1883841780134,-331.0865546039099,-0.6717740747203834
17.28,2.3483369865100114e-12,1.1645313028646838e-11,0.0,-2.0074088590441774,0.9987247656535704,-0.00030701367867682456,-0.00023952427454138753,-1.2033447024137292,0.23239066389667679,-0.029045961482947642,-366.773603648824,697.1883841780134,-331.0865546039099,-0.6717740747203834
17.3,2.216590972863553e-12,1.0989705825325825e-11,0.0,-2.0074088590441774,0.9987247656535704,-0.00030701367867682456,-0.00023952427454138753,-1.2033447024137292,0.23239066389667679,-0.029045961482947642,-366.773603648824,697.1883841780134,-331.0865546039099,-0.6717740747203834
17.32,2.0922254617864195e-12,1.0370964244602166e-11,0.0,-2.0074088590441774,0.9987247656535704,-0.00030701367867682456,-0.00023952427454138753,-1.2033447024137292,0.23239066389667679,-0.029045961482947642,-366.773603648824,697.1883841780134,-331.0865546039099,-0.6717740747203834
17.34,1.974827638677924e-12,9.787017919325212e-12,0.0,-2.0074088590441774,0.9987247656535704,-0.00030701367867682456,-0.00023952427454138753,-1.2033447024137292,0.23239066389667679,-0.029045961482947642,-366.773603648824,697.1883841780134,-331.0865546039099,-0.6717740747203834
17.36,1.8640077398273693e-12,9.235912594988009e-12,0.0,-2.0074088590441774,0.9987247656535704,-0.00030701367867682456,-0.00023952427454138753,-1.2033447024137292,0.23239066389667679,-0.029045961482947642,-366.773603648824,697.1883841780134,-331.0865546039099,-0.6717740747203834
17.38,1.7593977676622535e-12,8.715803627359648e-12,0.0,-2.0074088590441774,0.9987247656535704,-0.00030701367867682456,-0.00023952427454138753,-1.2033447024137292,0.23239066389667679,-0.029045961482947642,-366.773603648824,697.1883841780134,-331.0865546039099,-0.6717740747203834
17.400000000000002,1.6606502774586097e-12,8.224949843666641e-12,0.0,-2.0074088590441774,0.9987247656535704,-0.00030701367867682456,-0.00023952427454138753,-1.2033447024137292,0.23239066389667679,-0.029045961482947642,-366.773603648824,697.1883841780134,-331.0865546039099,-0.6717740747203834
17.42,1.5674372315473939e-12,7.761707747075532e-12,0.0,-2.0074088590441774,0.9987247656535704,-0.00030701367867682456,-0.00023952427454138753,-1.2033447024137292,0.23239066389667679,-0.029045961482947642,-366.773603648824,697.1883841780134,-331.0865546039099,-0.6717740747203834
17.44,1.4794489172700484e-12,7.32452604519204e-12,0.0,-2.0074088590441774,0.9987247656535704,-0.00030701367867682456,-0.00023952427454138753,-1.2033447024137292,0.23239066389667679,-0.029045961482947642,-366.773603648824,697.1883841780134,-331.0865546039099,-0.6717740747203834
17.46,1.3963929251444599e-12,6.911940484673906e-12,0.0,-2.0074088590441774,0.9987247656535704,-0.00030701367867682456,-0.00023952427454138753,-1.2033447024137292,0.23239066389667679,-0.029045961482947642,-366.773603648824,697.1883841780134,-331.0865546039099,-0.6717740747203834
17.48,1.3179931838979238e-12,6.5225689747024165e-12,0.0,-2.0074088590441774,0.9987247656535704,-0.00030701367867682456,-0.00023952427454138753,-1.2033447024137292,0.23239066389667679,-0.029045961482947642,-366.773603648824,697.1883841780134,-331.0865546039099,-0.6717740747203834
17.5,1.2439890492092657e-12,6.155106983260641e-12,0.0,-2.0074088590441774,0.9987247656535704,-0.00030701367867682456,-0.00023952427454138753,-1.2033447024137292,0.23239066389667679,-0.029045961482947642,-366.773603648824,697.1883841780134,-331.0865546039099,-0.6717740747203834
17.52,1.174134443177112e-12,5.80832319096839e-12,0.0,-2.0074088590441774,0.9987247656535704,-0.00030701367867682456,-0.00023952427454138753,-1.2033447024137292,0.23239066389667679,-0.029045961482947642,-366.773603648824,697.1883841780134,-331.0865546039099,-0.6717740747203834
17.54,1.1081970416965986e-12,5.48105538808759e-12,0.0,-2.0074088590441774,0.9987247656535704,-0.00030701367867682456,-0.00023952427454138753,-1.2033447024137292,0.23239066389667679,-0.029045961482947642,-366.773603648824,697.1883841780134,-331.0865546039099,-0.6717740747203834
17.56,1.0459575070829647e-12,5.17220660111841e-12,0.0,-2.0074088590441774,0.9987247656535704,-0.00030701367867682456,-0.00023952427454138753,-1.2033447024137292,0.23239066389667679,-0.029045961482947642,-366.773603648824,697.1883841780134,-331.0865546039099,-0.6717740747203834
17.580000000000002,9.872087634279707e-13,4.880741436151776e-12,0.0,-2.0074088590441774,0.9987247656535704,-0.00030701367867682456,-0.00023952427454138753,-1.2033447024137292,0.23239066389667679,-0.029045961482947642,-366.773603648824,697.1883841780134,-331.0865546039099,-0.6717740747203834
17.6,9.31755312314534e-13,4.605682626897052e-12,0.0,-2.0074088590441774,0.9987247656535704,-0.00030701367867682456,-0.00023952427454138753,-1.2033447024137292,0.23239066389667679,-0.029045961482947642,-366.773603648824,697.1883841780134,-331.0865546039099,-0.6717740747203834
17.62,8.794125866464032e-13,4.3461077758761615e-12,0.0,-2.0074088590441774,0.9987247656535704,-0.00030701367867682456,-0.00023952427454138753,-1.2033447024137292,0.23239066389667679,-0.029045961482947642,-366.773603648824,697.1883841780134,-331.0865546039099,-0.6717740747203834
17.64,8.300063404744382e-13,4.101146278098999e-12,0.0,-2.0074088590441774,0.9987247656535704,-0.00030701367867682456,-0.00023952427454138753,-1.2033447024137292,0.23239066389667679,-0.029045961482947642,-366.773603648824,697.1883841780134,-331.0865546039099,-0.6717740747203834
17.66,7.833720728182009e-13,3.869976416926333e-12,0.0,-2.0074088590441774,0.9987247656535704,-0.00030701367867682456,-0.00023952427454138753,-1.2033447024137292,0.23239066389667679,-0.029045961482947642,-366.773603648824,697.1883841780134,-331.0865546039099,-0.6717740747203834
17.68,7.393544835927644e-13,3.651822622540868e-12,0.0,-2.0074088590441774,0.9987247656535704,-0.00030701367867682456,-0.00023952427454138753,-1.2033447024137292,0.23239066389667679,-0.029045961482947642,-366.773603648824,697.1883841780134,-331.0865546039099,-0.6717740747203834
17.7,6.978069598554452e-13,3.4459528839291137e-12,0.0,-2.0074088590441774,0.9987247656535704,-0.00030701367867682456,-0.00023952427454138753,-1.2033447024137292,0.23239066389667679,-0.029045961482947642,-366.773603648824,697.1883841780134,-331.0865546039099,-0.6717740747203834
17.72,6.585910906862207e-13,3.251676305790482e-12,0.0,-2.0074088590441774,0.9987247656535704,-0.00030701367867682456,-0.00023952427454138753,-1.2033447024137292,0.23239066389667679,-0.029045961482947642,-366.773603648824,697.1883841780134,-331.0865546039099,-0.6717740747203834
17.740000000000002,6.21576209109161e-13,3.0683408022696522e-12,0.0,-2.0074088590441774,0.9987247656535704,-0.00030701367867682456,-0.00023952427454138753,-1.2033447024137292,0.23239066389667679,-0.029045961482947642,-366.773603648824,697.1883841780134,-331.0865546039099,-0.6717740747203834
17.76,5.866389595506412e-13,2.895330919876458e-12,0.0,-2.0074088590441774,0.9987247656535704,-0.00030701367867682456,-0.00023952427454138753,-1.2033447024137292,0.23239066389667679,-0.029045961482947642,-366.773603648824,697.1883841780134,-331.0865546039099,-0.6717740747203834
17.78,5.53662889413459e-13,2.732065782324054e-12,0.0,-2.0074088590441774,0.9987247656535704,-0.00030701367867682456,-0.00023952427454138753,-1.2033447024137292,0.23239066389667679,-0.029045961482947642,-366.773603648824,697.1883841780134,-331.0865546039099,-0.6717740747203834
17.8,5.225380634250913e-13,2.577997150537225e-12,0.0,-2.0074088590441774,0.9987247656535704,-0.00030701367867682456,-0.00023952427454138753,-1.2033447024137292,0.23239066389667679,-0.029045961482947642,-366.773603648824,697.1883841780134,-331.0865546039099,-0.6717740747203834
17.82,4.931606994925955e-13,2.4326075913262038e-12,0.0,-2.0074088590441774,0.9987247656535704,-0.00030701367867682456,-0.00023952427454138753,-1.2033447024137292,0.23239066389667679,-0.029045961482947642,-366.773603648824,697.1883841780134,-331.0865546039099,-0.6717740747203834
17.84,4.654328248671796e-13,2.295408748677794e-12,0.0,-2.0074088590441774,0.9987247656535704,-0.00030701367867682456,-0.00023952427454138753,-1.2033447024137292,0.23239066389667679,-0.029045961482947642,-366.773603648824,697.1883841780134,-331.0865546039099,-0.6717740747203834
17.86,4.3926195148789845e-13,2.1659397119165725e-12,0.0,-2.0074088590441774,0.9987247656535704,-0.00030701367867682456,-0.00023952427454138753,-1.2033447024137292,0.23239066389667679,-0.029045961482947642,-366.773603648824,697.1883841780134,-331.0865546039099,-0.6717740747203834
17.88,4.1456076943674044e-13,2.043765475316903e-12,0.0,-2.0074088590441774,0.9987247656535704,-0.00030701367867682456,-0.00023952427454138753,-1.2033447024137292,0.23239066389667679,-0.029045961482947642,-366.773603648824,697.1883841780134,-331.0865546039099,-0.6717740747203834
17.900000000000002,3.9124685749667885e-13,1.928475484045839e-12,0.0,-2.0074088590441774,0.9987247656535704,-0.00030701367867682456,-0.00023952427454138753,-1.2033447024137292,0.23239066389667679,-0.029045961482947642,-366.773603648824,697.1883841780134,-331.0865546039099,-0.6717740747203834
17.92,3.692424098603211e-13,1.8196822616173412e-12,0.0,-2.0074088590441774,0.9987247656535704,-0.00030701367867682456,-0.00023952427454138753,-1.2033447024137292,0.23239066389667679,-0.029045961482947642,-366.773603648824,697.1883841780134,-331.0865546039099,-0.6717740747203834
17.94,3.4847397808962415e-13,1.7170201142659159e-12,0.0,-2.0074088590441774,0.9987247656535704,-0.00030701367867682456,-0.00023952427454138753,-1.2033447024137292,0.23239066389667679,-0.029045961482947642,-366.773603648824,697.1883841780134,-331.0865546039099,-0.6717740747203834
17.96,3.288722274772826e-13,1.620143907979579e-12,0.0,-2.0074088590441774,0.9987247656535704,-0.00030701367867682456,-0.00023952427454138753,-1.2033447024137292,0.23239066389667679,-0.029045961482947642,-366.773603648824,697.1883841780134,-331.0865546039099,-0.6717740747203834
17.98,3.103717070074652e-13,1.5287279140853368e-12,0.0,-2.0074088590441774,0.9987247656535704,-0.00030701367867682456,-0.00023952427454138753,-1.2033447024137292,0.23239066389667679,-0.029045961482947642,-366.773603648824,697.1883841780134,-331.0865546039099,-0.6717740747203834
18.0,2.9291063215826044e-13,1.4424647195681196e-12,0.0,-2.0074088590441774,0.9987247656535704,-0.00030701367867682456,-0.00023952427454138753,-1.2033447024137292,0.23239066389667679,-0.029045961482947642,-366.773603648824,697.1883841780134,-331.0865546039099,-0.6717740747203834
18.02,2.7643067983029135e-13,1.361064198495393e-12,0.0,-2.0074088590441774,0.9987247656535704,-0.00030701367867682456,-0.00023952427454138753,-1.2033447024137292,0.23239066389667679,-0.029045961482947642,-366.773603648824,697.1883841780134,-331.0865546039099,-0.6717740747203834
18.04,2.608767947257498e-13,1.2842525411257517e-12,0.0,-2.0074088590441774,0.9987247656535704,-0.00030701367867682456,-0.00023952427454138753,-1.2033447024137292,0.23239066389667679,-0.029045961482947642,-366.773603648824,697.1883841780134,-331.0865546039099,-0.6717740747203834
18.06,2.461970065396826e-13,1.2117713374711583e-12,0.0,-2.0074088590441774,0.9987247656535704,-0.00030701367867682456,-0.00023952427454138753,-1.2033447024137292,0.23239066389667679,-0.029045961482947642,-366.773603648824,697.1883841780134,-331.0865546039099,-0.6717740747203834
18.080000000000002,2.3234225736085347e-13,1.1433767122624185e-12,0.0,-2.0074088590441774,0.9987247656535704,-0.00030701367867682456,-0.00023952427454138753,-1.2033447024137292,0.23239066389667679,-0.029045961482947642,-366.773603648824,697.1883841780134,-331.0865546039099,-0.6717740747203834
18.1,2.1926623871304952e-13,1.0788385084449139e-12,0.0,-2.0074088590441774,0.9987247656535704,-0.00030701367867682456,-0.00023952427454138753,-1.2033447024137292,0.23239066389667679,-0.029045961482947642,-366.773603648824,697.1883841780134,-331.0865546039099,-0.6717740747203834
18.12,2.0692523769931085e-13,1.0179395164688577e-12,0.0,-2.0074088590441774,0.9987247656535704,-0.00030701367867682456,-0.00023952427454138753,-1.2033447024137292,0.23239066389667679,-0.029045961482947642,-366.773603648824,697.1883841780134,-331.0865546039099,-0.6717740747203834
18.14,1.9527799174155873e-13,9.604747468353812e-13,0.0,-2.0074088590441774,0.9987247656535704,-0.00030701367867682456,-0.00023952427454138753,-1.2033447024137292,0.23239066389667679,-0.029045961482947642,-366.773603648824,697.1883841780134,-331.0865546039099,-0.6717740747203834
18.16,1.8428555143625534e-13,9.062507434515263e-13,0.0,-2.0074088590441774,0.9987247656535704,-0.00030701367867682456,-0.00023952427454138753,-1.2033447024137292,0.23239066389667679,-0.029045961482947642,-366.773603648824,697.1883841780134,-331.0865546039099,-0.6717740747203834
18.18,1.7391115107345786e-13,8.550849355187664e-13,0.0,-2.0074088590441774,0.9987247656535704,-0.00030701367867682456,-0.00023952427454138753,-1.2033447024137292,0.23239066389667679,-0.029045961482947642,-366.773603648824,697.1883841780134,-331.0865546039099,-0.6717740747203834
18.2,1.641200863918093e-13,8.068050257938141e-13,0.0,-2.0074088590441774,0.9987247656535704,-0.00030701367867682456,-0.00023952427454138753,-1.2033447024137292,0.23239066389667679,-0.029045961482947642,-366.773603648824,697.1883841780134,-331.0865546039099,-0.6717740747203834
18.22,1.5487959916580768e-13,7.61248413183115e-13,0.0,-2.0074088590441774,0.9987247656535704,-0.00030701367867682456,-0.00023952427454138753,-1.2033447024137292,0.23239066389667679,-0.029045961482947642,-366.773603648824,697.1883841780134,-331.0865546039099,-0.6717740747203834
18.240000000000002,1.4615876824416825e-13,7.182616477463065e-13,0.0,-2.0074088590441774,0.9987247656535704,-0.00030701367867682456,-0.00023952427454138753,-1.2033447024137292,0.23239066389667679,-0.029045961482947642,-366.773603648824,697.1883841780134,-331.0865546039099,-0.6717740747203834
18.26,1.3792840667933005e-13,6.776999162958925e-13,0.0,-2.0074088590441774,0.9987247656535704,-0.00030701367867682456,-0.00023952427454138753,-1.2033447024137292,0.23239066389667679,-0.029045961482947642,-366.773603648824,697.1883841780134,-331.0865546039099,-0.6717740747203834
18.28,1.3016096460817225e-13,6.394265568672526e-13,0.0,-2.0074088590441774,0.9987247656535704,-0.00030701367867682456,-0.00023952427454138753,-1.2033447024137292,0.23239066389667679,-0.029045961482947642,-366.773603648824,697.1883841780134,-331.0865546039099,-0.6717740747203834
18.3,1.2283043756299305e-13,6.033126004571944e-13,0.0,-2.0074088590441774,0.9987247656535704,-0.00030701367867682456,-0.00023952427454138753,-1.2033447024137292,0.23239066389667679,-0.029045961482947642,-366.773603648824,697.1883841780134,-331.0865546039099,-0.6717740747203834
18.32,1.1591227990962913e-13,5.692363384873841e-13,0.0,-2.0074088590441774,0.9987247656535704,-0.00030701367867682456,-0.00023952427454138753,-1.2033447024137292,0.23239066389667679,-0.029045961482947642,-366.773603648824,697.1883841780134,-331.0865546039099,-0.6717740747203834
18.34,1.0938332312651249e-13,5.370829145574914e-13,0.0,-2.0074088590441774,0.9987247656535704,-0.00030701367867682456,-0.00023952427454138753,-1.2033447024137292,0.23239066389667679,-0.029045961482947642,-366.773603648824,697.1883841780134,-331.0865546039099,-0.6717740747203834
18.36,1.0322169865439786e-13,5.067439391243611e-13,0.0,-2.0074088590441774,0.9987247656535704,-0.00030701367867682456,-0.00023952427454138753,-1.2033447024137292,0.23239066389667679,-0.029045961482947642,-366.773603648824,697.1883841780134,-331.0865546039099,-0.6717740747203834
18.38,9.740676506155683e-14,4.781171258216833e-13,0.0,-2.0074088590441774,0.9987247656535704,-0.00030701367867682456,-0.00023952427454138753,-1.2033447024137292,0.23239066389667679,-0.029045961482947642,-366.773603648824,697.1883841780134,-331.0865546039099,-0.6717740747203834
18.400000000000002,9.191903928345609e-14,4.5110594820592277e-13,0.0,-2.0074088590441774,0.9987247656535704,-0.00030701367867682456,-0.00023952427454138753,-1.2033447024137292,0.23239066389667679,-0.029045961482947642,-366.773603648824,697.1883841780134,-331.0865546039099,-0.6717740747203834
18.42,8.674013170937643e-14,4.2561931578525904e-13,0.0,-2.0074088590441774,0.9987247656535704,-0.00030701367867682456,-0.00023952427454138753,-1.2033447024137292,0.23239066389667679,-0.029045961482947642,-366.773603648824,697.1883841780134,-331.0865546039099,-0.6717740747203834
18.44,8.185268490109295e-14,4.01571268243048e-13,0.0,-2.0074088590441774,0.9987247656535704,-0.00030701367867682456,-0.00023952427454138753,-1.2033447024137292,0.23239066389667679,-0.029045961482947642,-366.773603648824,697.1883841780134,-331.0865546039099,-0.6717740747203834
18.46,7.72403157407512e-14,3.7888068684560127e-13,0.0,-2.0074088590441774,0.9987247656535704,-0.00030701367867682456,-0.00023952427454138753,-1.2033447024137292,0.23239066389667679,-0.029045961482947642,-366.773603648824,697.1883841780134,-331.0865546039099,-0.6717740747203834
18.48,7.288756081635136e-14,3.5747102206084404e-13,0.0,-2.0074088590441774,0.9987247656535704,-0.00030701367867682456,-0.00023952427454138753,-1.2033447024137292,0.23239066389667679,-0.029045961482947642,-366.773603648824,697.1883841780134,-331.0865546039099,-0.6717740747203834
18.5,6.877982486395635e-14,3.3727003648273946e-13,0.0,-2.0074088590441774,0.9987247656535704,-0.00030701367867682456,-0.00023952427454138753,-1.2033447024137292,0.23239066389667679,-0.029045961482947642,-366.773603648824,697.1883841780134,-331.0865546039099,-0.6717740747203834
18.52,6.490333209582162e-14,3.1820956220171325e-13,0.0,-2.0074088590441774,0.9987247656535704,-0.00030701367867682456,-0.00023952427454138753,-1.2033447024137292,0.23239066389667679,-0.029045961482947642,-366.773603648824,697.1883841780134,-331.0865546039099,-0.6717740747203834
18.54,6.124508025317215e-14,3.002252718103448e-13,0.0,-2.0074088590441774,0.9987247656535704,-0.00030701367867682456,-0.00023952427454138753,-1.2033447024137292,0.23239066389667679,-0.029045961482947642,-366.773603648824,697.1883841780134,-331.0865546039099,-0.6717740747203834
18.56,5.779279723134888e-14,2.832564622791039e-13,0.0,-2.0074088590441774,0.9987247656535704,-0.00030701367867682456,-0.00023952427454138753,-1.2033447024137292,0.23239066389667679,-0.029045961482947642,-366.773603648824,697.1883841780134,-331.0865546039099,-0.6717740747203834
18.580000000000002,5.453490013354148e-14,2.672458509794484e-13,0.0,-2.0074088590441774,0.9987247656535704,-0.00030701367867682456,-0.00023952427454138753,-1.2033447024137292,0.23239066389667679,-0.029045961482947642,-366.773603648824,697.1883841780134,-331.0865546039099,-0.6717740747203834
18.6,5.146045661735165e-14,2.521393831739195e-13,0.0,-2.0074088590441774,0.9987247656535704,-0.00030701367867682456,-0.00023952427454138753,-1.2033447024137292,0.23239066389667679,-0.029045961482947642,-366.773603648824,697.1883841780134,-331.0865546039099,-0.6717740747203834
18.62,4.8559148405993916e-14,2.378860503254504e-13,0.0,-2.0074088590441774,0.9987247656535704,-0.00030701367867682456,-0.00023952427454138753,-1.2033447024137292,0.23239066389667679,-0.029045961482947642,-366.773603648824,697.1883841780134,-331.0865546039099,-0.6717740747203834
18.64,4.5821236843116145e-14,2.244377186246474e-13,0.0,-2.0074088590441774,0.9987247656535704,-0.00030701367867682456,-0.00023952427454138753,-1.2033447024137292,0.23239066389667679,-0.029045961482947642,-366.773603648824,697.1883841780134,-331.0865546039099,-0.6717740747203834
18.66,4.323753037695614e-14,2.1174896715587598e-13,0.0,-2.0074088590441774,0.9987247656535704,-0.00030701367867682456,-0.00023952427454138753,-1.2033447024137292,0.23239066389667679,-0.029045961482947642,-366.773603648824,697.1883841780134,-331.0865546039099,-0.6717740747203834
18.68,4.079935386594228e-14,1.997769351635234e-13,0.0,-2.0074088590441774,0.9987247656535704,-0.00030701367867682456,-0.00023952427454138753,-1.2033447024137292,0.23239066389667679,-0.029045961482947642,-366.773603648824,697.1883841780134,-331.0865546039099,-0.6717740747203834
18.7,3.8498519603865597e-14,1.8848117790688152e-13,0.0,-2.0074088590441774,0.9987247656535704,-0.00030701367867682456,-0.00023952427454138753,-1.2033447024137292,0.23239066389667679,-0.029045961482947642,-366.773603648824,697.1883841780134,-331.0865546039099,-0.6717740747203834
18.72,3.632729996843928e-14,1.7782353062131384e-13,0.0,-2.0074088590441774,0.9987247656535704,-0.00030701367867682456,-0.00023952427454138753,-1.2033447024137292,0.23239066389667679,-0.029045961482947642,-366.773603648824,697.1883841780134,-331.0865546039099,-0.6717740747203834
18.740000000000002,3.427840160243226e-14,1.6776798013026591e-13,0.0,-2.0074088590441774,0.9987247656535704,-0.00030701367867682456,-0.00023952427454138753,-1.2033447024137292,0.23239066389667679,-0.029045961482947642,-366.773603648824,697.1883841780134,-331.0865546039099,-0.6717740747203834
18.76,3.234494104163732e-14,1.58280543679196e-13,0.0,-2.0074088590441774,0.9987247656535704,-0.00030701367867682456,-0.00023952427454138753,-1.2033447024137292,0.23239066389667679,-0.029045961482947642,-366.773603648824,697.1883841780134,-331.0865546039099,-0.6717740747203834
18.78,3.052042170871576e-14,1.4932915458332313e-13,0.0,-2.0074088590441774,0.9987247656535704,-0.00030701367867682456,-0.00023952427454138753,-1.2033447024137292,0.23239066389667679,-0.029045961482947642,-366.773603648824,697.1883841780134,-331.0865546039099,-0.6717740747203834
18.8,2.8798712196495097e-14,1.408835543102103e-13,0.0,-2.0074088590441774,0.9987247656535704,-0.00030701367867682456,-0.00023952427454138753,-1.2033447024137292,0.23239066389667679,-0.029045961482947642,-366.773603648824,697.1883841780134,-331.0865546039099,-0.6717740747203834
18.82,2.7174025768553452e-14,1.3291519063223528e-13,0.0,-2.0074088590441774,0.9987247656535704,-0.00030701367867682456,-0.00023952427454138753,-1.2033447024137292,0.23239066389667679,-0.029045961482947642,-366.773603648824,697.1883841780134,-331.0865546039099,-0.6717740747203834
18.84,2.5640901008963234e-14,1.253971215095401e-13,0.0,-2.0074088590441774,0.9987247656535704,-0.00030701367867682456,-0.00023952427454138753,-1.2033447024137292,0.23239066389667679,-0.029045961482947642,-366.773603648824,697.1883841780134,-331.0865546039099,-0.6717740747203834
18.86,2.4194183556871368e-14,1.183039243811241e-13,0.0,-2.0074088590441774,0.9987247656535704,-0.00030701367867682456,-0.00023952427454138753,-1.2033447024137292,0.23239066389667679,-0.029045961482947642,-366.773603648824,697.1883841780134,-331.0865546039099,-0.6717740747203834
18.88,2.282900886518798e-14,1.1161161056013768e-13,0.0,-2.0074088590441774,0.9987247656535704,-0.00030701367867682456,-0.00023952427454138753,-1.2033447024137292,0.23239066389667679,-0.029045961482947642,-366.773603648824,697.1883841780134,-331.0865546039099,-0.6717740747203834
18.900000000000002,2.154078592604923e-14,1.0529754444644118e-13,0.0,-2.0074088590441774,0.9987247656535704,-0.00030701367867682456,-0.00023952427454138753,-1.2033447024137292,0.23239066389667679,-0.029045961482947642,-366.773603648824,697.1883841780134,-331.0865546039099,-0.6717740747203834
18.92,2.0325181908926264e-14,9.934036728622635e-14,0.0,-2.0074088590441774,0.9987247656535704,-0.00030701367867682456,-0.00023952427454138753,-1.2033447024137292,0.23239066389667679,-0.029045961482947642,-366.773603648824,697.1883841780134,-331.0865546039099,-0.6717740747203834
18.94,1.9178107660273072e-14,9.371992522150887e-14,0.0,-2.0074088590441774,0.9987247656535704,-0.00030701367867682456,-0.00023952427454138753,-1.2033447024137292,0.23239066389667679,-0.029045961482947642,-366.773603648824,697.1883841780134,-331.0865546039099,-0.6717740747203834
18.96,1.8095704016471318e-14,8.841720139080467e-14,0.0,-2.0074088590441774,0.9987247656535704,-0.00030701367867682456,-0.00023952427454138753,-1.2033447024137292,0.23239066389667679,-0.029045961482947642,-366.773603648824,697.1883841780134,-331.0865546039099,-0.6717740747203834
18.98,1.7074328884519564e-14,8.34142518510809e-14,0.0,-2.0074088590441774,0.9987247656535704,-0.00030701367867682456,-0.00023952427454138753,-1.2033447024137292,0.23239066389667679,-0.029045961482947642,-366.773603648824,697.1883841780134,-331.0865546039099,-0.6717740747203834
19.0,1.6110545047465988e-14,7.8694145107137e-14,0.0,-2.0074088590441774,0.9987247656535704,-0.00030701367867682456,-0.00023952427454138753,-1.2033447024137292,0.23239066389667679,-0.029045961482947642,-366.773603648824,697.1883841780134,-331.0865546039099,-0.6717740747203834
19.02,1.5201108653987037e-14,7.424090504540487e-14,0.0,-2.0074088590441774,0.9987247656535704,-0.00030701367867682456,-0.00023952427454138753,-1.2033447024137292,0.23239066389667679,-0.029045961482947642,-366.773603648824,697.1883841780134,-331.0865546039099,-0.6717740747203834
19.04,1.434295835378523e-14,7.003945708072906e-14,0.0,-2.0074088590441774,0.9987247656535704,-0.00030701367867682456,-0.00023952427454138753,-1.2033447024137292,0.23239066389667679,-0.029045961482947642,-366.773603648824,697.1883841780134,-331.0865546039099,-0.6717740747203834
19.06,1.3533205042622982e-14,6.607557733540418e-14,0.0,-2.0074088590441774,0.9987247656535704,-0.00030701367867682456,-0.00023952427454138753,-1.2033447024137292,0.23239066389667679,-0.029045961482947642,-366.773603648824,697.1883841780134,-331.0865546039099,-0.6717740747203834
19.080000000000002,1.2769122182833368e-14,6.233584467993414e-14,0.0,-2.0074088590441774,0.9987247656535704,-0.00030701367867682456,-0.00023952427454138753,-1.2033447024137292,0.23239066389667679,-0.029045961482947642,-366.773603648824,697.1883841780134,-331.0865546039099,-0.6717740747203834
19.1,1.2048136667060645e-14,5.880759547485004e-14,0.0,-2.0074088590441774,0.9987247656535704,-0.00030701367867682456,-0.00023952427454138753,-1.2033447024137292,0.23239066389667679,-0.029045961482947642,-366.773603648824,697.1883841780134,-331.0865546039099,-0.6717740747203834
19.12,1.1367820194784802e-14,5.5478880860736553e-14,0.0,-2.0074088590441774,0.9987247656535704,-0.00030701367867682456,-0.00023952427454138753,-1.2033447024137292,0.23239066389667679,-0.029045961482947642,-366.773603648824,697.1883841780134,-331.0865546039099,-0.6717740747203834
19.14,1.0725881132892734e-14,5.233842645455854e-14,0.0,-2.0074088590441774,0.9987247656535704,-0.00030701367867682456,-0.00023952427454138753,-1.2033447024137292,0.23239066389667679,-0.029045961482947642,-366.773603648824,697.1883841780134,-331.0865546039099,-0.6717740747203834
19.16,1.0120156833162213e-14,4.937559431565737e-14,0.0,-2.0074088590441774,0.9987247656535704,-0.00030701367867682456,-0.00023952427454138753,-1.2033447024137292,0.23239066389667679,-0.029045961482947642,-366.773603648824,697.1883841780134,-331.0865546039099,-0.6717740747203834
19.18,9.548606381046064e-15,4.658034705430544e-14,0.0,-2.0074088590441774,0.9987247656535704,-0.00030701367867682456,-0.00023952427454138753,-1.2033447024137292,0.23239066389667679,-0.029045961482947642,-366.773603648824,697.1883841780134,-331.0865546039099,-0.6717740747203834
19.2,9.009303751576786e-15,4.394321396216653e-14,0.0,-2.0074088590441774,0.9987247656535704,-0.00030701367867682456,-0.00023952427454138753,-1.2033447024137292,0.23239066389667679,-0.029045961482947642,-366.773603648824,697.1883841780134,-331.0865546039099,-0.6717740747203834
19.22,8.500431349565475e-15,4.145525905089059e-14,0.0,-2.0074088590441774,0.9987247656535704,-0.00030701367867682456,-0.00023952427454138753,-1.2033447024137292,0.23239066389667679,-0.029045961482947642,-366.773603648824,697.1883841780134,-331.0865546039099,-0.6717740747203834
19.240000000000002,8.0202739125467e-15,3.9108050891419715e-14,0.0,-2.0074088590441774,0.9987247656535704,-0.00030701367867682456,-0.00023952427454138753,-1.2033447024137292,0.23239066389667679,-0.029045961482947642,-366.773603648824,697.1883841780134,-331.0865546039099,-0.6717740747203834
19.26,7.567212756128042e-15,3.689363415287432e-14,0.0,-2.0074088590441774,0.9987247656535704,-0.00030701367867682456,-0.00023952427454138753,-1.2033447024137292,0.23239066389667679,-0.029045961482947642,-366.773603648824,697.1883841780134,-331.0865546039099,-0.6717740747203834
19.28,7.139720342540225e-15,3.4804502744788614e-14,0.0,-2.0074088590441774,0.9987247656535704,-0.00030701367867682456,-0.00023952427454138753,-1.2033447024137292,0.23239066389667679,-0.029045961482947642,-366.773603648824,697.1883841780134,-331.0865546039099,-0.6717740747203834
19.3,6.736355154262166e-15,3.2833574473346536e-14,0.0,-2.0074088590441774,0.9987247656535704,-0.00030701367867682456,-0.00023952427454138753,-1.2033447024137292,0.23239066389667679,-0.029045961482947642,-366.773603648824,697.1883841780134,-331.0865546039099,-0.6717740747203834
19.32,6.355756855607424e-15,3.097416712559536e-14,0.0,-2.0074088590441774,0.9987247656535704,-0.00030701367867682456,-0.00023952427454138753,-1.2033447024137292,0.23239066389667679,-0.029045961482947642,-366.773603648824,697.1883841780134,-331.0865546039099,-0.6717740747203834
19.34,5.9966417261188115e-15,2.9219975901639425e-14,0.0,-2.0074088590441774,0.9987247656535704,-0.00030701367867682456,-0.00023952427454138753,-1.2033447024137292,0.23239066389667679,-0.029045961482947642,-366.773603648824,697.1883841780134,-331.0865546039099,-0.6717740747203834
19.36,5.657798350522189e-15,2.7565052118841445e-14,0.0,-2.0074088590441774,0.9987247656535704,-0.00030701367867682456,-0.00023952427454138753,-1.2033447024137292,0.23239066389667679,-0.029045961482947642,-366.773603648824,697.1883841780134,-331.0865546039099,-0.6717740747203834
19.38,5.338083550844812e-15,2.600378311642407e-14,0.0,-2.0074088590441774,0.9987247656535704,-0.00030701367867682456,-0.00023952427454138753,-1.2033447024137292,0.23239066389667679,-0.029045961482947642,-366.773603648824,697.1883841780134,-331.0865546039099,-0.6717740747203834
19.400000000000002,5.036418547109992e-15,2.4530873292847466e-14,0.0,-2.0074088590441774,0.9987247656535704,-0.00030701367867682456,-0.00023952427454138753,-1.2033447024137292,0.23239066389667679,-0.029045961482947642,-366.773603648824,697.1883841780134,-331.0865546039099,-0.6717740747203834
19.42,4.751785333781598e-15,2.3141326212326517e-14,0.0,-2.0074088590441774,0.9987247656535704,-0.00030701367867682456,-0.00023952427454138753,-1.2033447024137292,0.23239066389667679,-0.029045961482947642,-366.773603648824,697.1883841780134,-331.0865546039099,-0.6717740747203834
19.44,4.483223259849519e-15,2.1830427719890136e-14,0.0,-2.0074088590441774,0.9987247656535704,-0.00030701367867682456,-0.00023952427454138753,-1.2033447024137292,0.23239066389667679,-0.029045961482947642,-366.773603648824,697.1883841780134,-331.0865546039099,-0.6717740747203834
19.46,4.229825801127683e-15,2.059373000877209e-14,0.0,-2.0074088590441774,0.9987247656535704,-0.00030701367867682456,-0.00023952427454138753,-1.2033447024137292,0.23239066389667679,-0.029045961482947642,-366.773603648824,697.1883841780134,-331.0865546039099,-0.6717740747203834
19.48,3.9907375139749095e-15,1.9427036585981206e-14,0.0,-2.0074088590441774,0.9987247656535704,-0.00030701367867682456,-0.00023952427454138753,-1.2033447024137292,0.23239066389667679,-0.029045961482947642,-366.773603648824,697.1883841780134,-331.0865546039099,-0.6717740747203834
19.5,3.7651511602547136e-15,1.832638808570952e-14,0.0,-2.0074088590441774,0.9987247656535704,-0.00030701367867682456,-0.00023952427454138753,-1.2033447024137292,0.23239066389667679,-0.029045961482947642,-366.773603648824,697.1883841780134,-331.0865546039099,-0.6717740747203834
19.52,3.5523049939207125e-15,1.7288048882763234e-14,0.0,-2.0074088590441774,0.9987247656535704,-0.00030701367867682456,-0.00023952427454138753,-1.2033447024137292,0.23239066389667679,-0.029045961482947642,-366.773603648824,697.1883841780134,-331.0865546039099,-0.6717740747203834
19.54,3.3514802001532904e-15,1.630849446096278e-14,0.0,-2.0074088590441774,0.9987247656535704,-0.00030701367867682456,-0.00023952427454138753,-1.2033447024137292,0.23239066389667679,-0.029045961482947642,-366.773603648824,697.1883841780134,-331.0865546039099,-0.6717740747203834
19.56,3.16199847848191e-15,1.5384399493961677e-14,0.0,-2.0074088590441774,0.9987247656535704,-0.00030701367867682456,-0.00023952427454138753,-1.2033447024137292,0.23239066389667679,-0.029045961482947642,-366.773603648824,697.1883841780134,-331.0865546039099,-0.6717740747203834
19.580000000000002,2.983219761807739e-15,1.4512626598347204e-14,0.0,-2.0074088590441774,0.9987247656535704,-0.00030701367867682456,-0.00023952427454138753,-1.2033447024137292,0.23239066389667679,-0.029045961482947642,-366.773603648824,697.1883841780134,-331.0865546039099,-0.6717740747203834
19.6,2.814540063694864e-15,1.369021572121546e-14,0.0,-2.0074088590441774,0.9987247656535704,-0.00030701367867682456,-0.00023952427454138753,-1.2033447024137292,0.23239066389667679,-0.029045961482947642,-366.773603648824,697.1883841780134,-331.0865546039099,-0.6717740747203834
19.62,2.6553894467257055e-15,1.2914374126250943e-14,0.0,-2.0074088590441774,0.9987247656535704,-0.00030701367867682456,-0.00023952427454138753,-1.2033447024137292,0.23239066389667679,-0.029045961482947642,-366.773603648824,697.1883841780134,-331.0865546039099,-0.6717740747203834
19.64,2.5052301051214095e-15,1.218246694492278e-14,0.0,-2.0074088590441774,0.9987247656535704,-0.00030701367867682456,-0.00023952427454138753,-1.2033447024137292,0.23239066389667679,-0.029045961482947642,-366.773603648824,697.1883841780134,-331.0865546039099,-0.6717740747203834
19.66,2.363554555208289e-15,1.1492008260649193e-14,0.0,-2.0074088590441774,0.9987247656535704,-0.00030701367867682456,-0.00023952427454138753,-1.2033447024137292,0.23239066389667679,-0.029045961482947642,-366.773603648824,697.1883841780134,-331.0865546039099,-0.6717740747203834
19.68,2.229883927672091e-15,1.0840652696039215e-14,0.0,-2.0074088590441774,0.9987247656535704,-0.00030701367867682456,-0.00023952427454138753,-1.2033447024137292,0.23239066389667679,-0.029045961482947642,-366.773603648824,697.1883841780134,-331.0865546039099,-0.6717740747203834
19.7,2.1037663558815305e-15,1.0226187474822377e-14,0.0,-2.0074088590441774,0.9987247656535704,-0.00030701367867682456,-0.00023952427454138753,-1.2033447024137292,0.23239066389667679,-0.029045961482947642,-366.773603648824,697.1883841780134,-331.0865546039099,-0.6717740747203834
19.72,1.9847754548834288e-15,9.646524931716017e-15,0.0,-2.0074088590441774,0.9987247656535704,-0.00030701367867682456,-0.00023952427454138753,-1.2033447024137292,0.23239066389667679,-0.029045961482947642,-366.773603648824,697.1883841780134,-331.0865546039099,-0.6717740747203834
19.740000000000002,1.872508885974604e-15,9.099695444965821e-15,0.0,-2.0074088590441774,0.9987247656535704,-0.00030701367867682456,-0.00023952427454138753,-1.2033447024137292,0.23239066389667679,-0.029045961482947642,-366.773603648824,697.1883841780134,-331.0865546039099,-0.6717740747203834
19.76,1.766587002041727e-15,8.583840767784627e-15,0.0,-2.0074088590441774,0.9987247656535704,-0.00030701367867682456,-0.00023952427454138753,-1.2033447024137292,0.23239066389667679,-0.029045961482947642,-366.773603648824,697.1883841780134,-331.0865546039099,-0.6717740747203834
19.78,1.6666515691297913e-15,8.097207736059895e-15,0.0,-2.0074088590441774,0.9987247656535704,-0.00030701367867682456,-0.00023952427454138753,-1.2033447024137292,0.23239066389667679,-0.029045961482947642,-366.773603648824,697.1883841780134,-331.0865546039099,-0.6717740747203834
19.8,1.5723645599553198e-15,7.63814233132937e-15,0.0,-2.0074088590441774,0.9987247656535704,-0.00030701367867682456,-0.00023952427454138753,-1.2033447024137292,0.23239066389667679,-0.029045961482947642,-366.773603648824,697.1883841780134,-331.0865546039099,-0.6717740747203834
19.82,1.4834070153201923e-15,7.205084078805343e-15,0.0,-2.0074088590441774,0.9987247656535704,-0.00030701367867682456,-0.00023952427454138753,-1.2033447024137292,0.23239066389667679,-0.029045961482947642,-366.773603648824,697.1883841780134,-331.0865546039099,-0.6717740747203834
19.84,1.3994779696093908e-15,6.796560761643015e-15,0.0,-2.0074088590441774,0.9987247656535704,-0.00030701367867682456,-0.00023952427454138753,-1.2033447024137292,0.23239066389667679,-0.029045961482947642,-366.773603648824,697.1883841780134,-331.0865546039099,-0.6717740747203834
19.86,1.3202934367701009e-15,6.41118343360279e-15,0.0,-2.0074088590441774,0.9987247656535704,-0.00030701367867682456,-0.00023952427454138753,-1.2033447024137292,0.23239066389667679,-0.029045961482947642,-366.773603648824,697.1883841780134,-331.0865546039099,-0.6717740747203834
19.88,1.2455854533718832e-15,6.047641713276297e-15,0.0,-2.0074088590441774,0.9987247656535704,-0.00030701367867682456,-0.00023952427454138753,-1.2033447024137292,0.23239066389667679,-0.029045961482947642,-366.773603648824,697.1883841780134,-331.0865546039099,-0.6717740747203834
19.900000000000002,1.175101175538537e-15,5.704699343993184e-15,0.0,-2.0074088590441774,0.9987247656535704,-0.00030701367867682456,-0.00023952427454138753,-1.2033447024137292,0.23239066389667679,-0.029045961482947642,-366.773603648824,697.1883841780134,-331.0865546039099,-0.6717740747203834
19.92,1.1086020267225813e-15,5.381190004452446e-15,0.0,-2.0074088590441774,0.9987247656535704,-0.00030701367867682456,-0.00023952427454138753,-1.2033447024137292,0.23239066389667679,-0.029045961482947642,-366.773603648824,697.1883841780134,-331.0865546039099,-0.6717740747203834
19.94,1.045862893463117e-15,5.076013355849392e-15,0.0,-2.0074088590441774,0.9987247656535704,-0.00030701367867682456,-0.00023952427454138753,-1.2033447024137292,0.23239066389667679,-0.029045961482947642,-366.773603648824,697.1883841780134,-331.0865546039099,-0.6717740747203834
19.96,9.866713664288583e-16,4.788131312291723e-15,0.0,-2.0074088590441774,0.9987247656535704,-0.00030701367867682456,-0.00023952427454138753,-1.2033447024137292,0.23239066389667679,-0.029045961482947642,-366.773603648824,697.1883841780134,-331.0865546039099,-0.6717740747203834
19.98,9.308270241992304e-16,4.516564521789044e-15,0.0,-2.0074088590441774,0.9987247656535704,-0.00030701367867682456,-0.00023952427454138753,-1.2033447024137292,0.23239066389667679,-0.029045961482947642,-366.773603648824,697.1883841780134,-331.0865546039099,-0.6717740747203834
