t,y,u,ref,a1_est,a2_est,b1_est,b2_est,r1,r2,r3,s0,s1,s2,t0
0.0,0.1,36.67736036488241,0.0,-2.006320008667282,1.0,-0.0002928370247095777,-0.0002928370247095777,-1.2033447024137292,0.23239066389667679,-0.029045961482947642,-366.77360364882406,697.1883841780135,-331.08655460390986,-0.6717740747203834
0.02,0.08994786730288706,7.407172307005297,0.0,-2.006320008667282,1.0,-0.0002928370247095777,-0.0002928370247095777,-1.2033447024137292,0.23239066389667679,-0.029045961482947642,-366.77360364882406,697.1883841780135,-331.08655460390986,-0.6717740747203834
0.04,0.06792691810994303,-4.2982468344970215,0.0,-2.006320008667282,1.0,-0.0002928370247095777,-0.0002928370247095777,-1.2033447024137292,0.23239066389667679,-0.029045961482947642,-366.77360364882406,697.1883841780135,-331.08655460390986,-0.6717740747203834
0.06,0.045734355946650124,-6.631475310396019,0.0,-2.006320032584605,0.9999999734097943,-0.00029086744236012124,-0.0002830844391607027,-1.2033447024137292,0.23239066389667679,-0.029045961482947642,-366.77360364882406,697.1883841780135,-331.08655460390986,-0.6717740747203834
0.08,0.027329610582443133,-6.137922489307557,0.0,-2.006320432421621,0.9999994190305143,-0.0003332519869275757,-0.00027452681134157133,-1.2033447024137292,0.23239066389667679,-0.029045961482947642,-366.77360364882406,697.1883841780135,-331.08655460390986,-0.6717740747203834
0.1,0.013132275263548645,-5.065075055598583,0.0,-2.0063559544133995,0.999945638106541,-0.00034176160537491653,-0.00027349316556573113,-1.2033447024137292,0.23239066389667679,-0.029045961482947642,-366.77360364882406,697.1883841780135,-331.08655460390986,-0.6717740747203834
0.12,0.0025886739596148647,-4.018998818013747,0.0,-2.0063502132814657,0.9999329010116277,-0.0003480101390369683,-0.0002727409609375332,-1.2033447024137292,0.23239066389667679,-0.029045961482947642,-366.77360364882406,697.1883841780135,-331.08655460390986,-0.6717740747203834
0.14,-0.0049960094040104,-3.126724658937998,0.0,-2.006271914640242,1.0000002975033944,-0.00035428305333423026,-0.00027153007974273116,-1.2033447024137292,0.23239066389667679,-0.029045961482947642,-366.77360364882406,697.1883841780135,-331.08655460390986,-0.6717740747203834
0.16,-0.0102466079721018,-2.3936201907970243,0.0,-2.006120729374453,1.0001497049234063,-0.00036112298666407495,-0.0002697252908790874,-1.2033447024137292,0.23239066389667679,-0.029045961482947642,-366.77360364882406,697.1883841780135,-331.08655460390986,-0.6717740747203834
0.18,-0.013682728873201749,-1.7992235032828168,0.0,-2.0059151590391657,1.0003614412705475,-0.0003682774522785114,-0.00026747163305631616,-1.2033447024137292,0.23239066389667679,-0.029045961482947642,-366.77360364882406,697.1883841780135,-331.08655460390986,-0.6717740747203834
0.2,-0.015726297169825813,-1.3207149905252118,0.0,-2.0056815421203003,1.0006067254061481,-0.0003752684947138042,-0.00026501336943479166,-1.2033447024137292,0.23239066389667679,-0.029045961482947642,-366.77360364882406,697.1883841780135,-331.08655460390986,-0.6717740747203834
0.22,-0.016716836046115083,-0.9379476882010778,0.0,-2.005443804666552,1.0008590519031788,-0.00038170175761070954,-0.0002625730358418385,-1.2033447024137292,0.23239066389667679,-0.029045961482947642,-366.77360364882406,697.1883841780135,-331.08655460390986,-0.6717740747203834
0.24,-0.01692615915299584,-0.6340627484000048,0.0,-2.005218493869162,1.0010998175121606,-0.00038736228461413525,-0.00026030011910709684,-1.2033447024137292,0.23239066389667679,-0.029045961482947642,-366.77360364882406,697.1883841780135,-331.08655460390986,-0.6717740747203834
0.26,-0.016570887778201388,-0.3951495263091851,0.0,-2.005014719152786,1.0013185451333448,-0.00039218825149674375,-0.00025827196799648654,-1.2033447024137292,0.23239066389667679,-0.029045961482947642,-366.77360364882406,697.1883841780135,-331.08655460390986,-0.6717740747203834
0.28,-0.015822784239037848,-0.20976725579026967,0.0,-2.004836217658456,1.0015107088738702,-0.0003962110208916854,-0.00025651520615151824,-1.2033447024137292,0.23239066389667679,-0.029045961482947642,-366.77360364882406,697.1883841780135,-331.08655460390986,-0.6717740747203834
0.3,-0.014817206506694637,-0.06850720827523252,0.0,-2.004683520909605,1.0016753887353027,-0.000399505547228832,-0.00025502720825488085,-1.2033447024137292,0.23239066389667679,-0.029045961482947642,-366.77360364882406,697.1883841780135,-331.08655460390986,-0.6717740747203834
0.32,-0.01366000774706361,0.03637554498946766,0.0,-2.0045554961526184,1.0018135788007112,-0.0004021605392049324,-0.00025379092283422835,-1.2033447024137292,0.23239066389667679,-0.029045961482947642,-366.77360364882406,697.1883841780135,-331.08655460390986,-0.6717740747203834
0.34,-0.012433162387210608,0.11126496771122274,0.0,-2.0044502507839925,1.0019271819822402,-0.00040426395723118925,-0.0002527833120516642,-1.2033447024137292,0.23239066389667679,-0.029045961482947642,-366.77360364882406,697.1883841780135,-331.08655460390986,-0.6717740747203834
0.36,-0.011199352223908502,0.16143163510577885,0.0,-2.004365598552143,1.0020184836172314,-0.0004058974159870892,-0.00025197954498138846,-1.2033447024137292,0.23239066389667679,-0.029045961482947642,-366.77360364882406,697.1883841780135,-331.08655460390986,-0.6717740747203834
0.38,-0.010005703681117365,0.19123491291936345,0.0,-2.0042992777295567,1.0020898989155944,-0.00040713479004174917,-0.00025135486505042324,-1.2033447024137292,0.23239066389667679,-0.029045961482947642,-366.77360364882406,697.1883841780135,-331.08655460390986,-0.6717740747203834
0.4,-0.008886832124953418,0.20428810938986394,0.0,-2.0042490503272776,1.0021438532088411,-0.00040804230673972347,-0.000250885392594926,-1.2033447024137292,0.23239066389667679,-0.029045961482947642,-366.77360364882406,697.1883841780135,-331.08655460390986,-0.6717740747203834
0.42,-0.007867320416517307,0.2035934541449761,0.0,-2.004212756542987,1.0021827130886338,-0.0004086787958867697,-0.0002505485655416654,-1.2033447024137292,0.23239066389667679,-0.029045961482947642,-366.77360364882406,697.1883841780135,-331.08655460390986,-0.6717740747203834
0.44,-0.006963735524403646,0.19165246330438127,0.0,-2.004188361221821,1.002208727427325,-0.00040909558100404674,-0.0002503235520879824,-1.2033447024137292,0.23239066389667679,-0.029045961482947642,-366.77360364882406,697.1883841780135,-331.08655460390986,-0.6717740747203834
0.46,-0.0061862680184428965,0.17055619617538853,0.0,-2.004174006337106,1.0022239624503773,-0.0004093359335545769,-0.00025019174988703363,-1.2033447024137292,0.23239066389667679,-0.029045961482947642,-366.77360364882406,697.1883841780135,-331.08655460390986,-0.6717740747203834
0.48,-0.005540063785392195,0.14205906248405656,0.0,-2.0041680707210685,1.0022302293015815,-0.0004094342218608265,-0.00025013736650729727,-1.2033447024137292,0.23239066389667679,-0.029045961482947642,-366.77360364882406,697.1883841780135,-331.08655460390986,-0.6717740747203834
0.5,-0.005026304671232477,0.10763916006965549,0.0,-2.004169231965365,1.0022290096663486,-0.0004094149645862208,-0.00025014801953064956,-1.2033447024137292,0.23239066389667679,-0.029045961482947642,-366.77360364882406,697.1883841780135,-331.08655460390986,-0.6717740747203834
0.52,-0.0046430844250345445,0.06854757641959008,0.0,-2.004176523210213,1.002221387551332,-0.0004092920008546597,-0.00025021527779293403,-1.2033447024137292,0.23239066389667679,-0.029045961482947642,-366.77360364882406,697.1883841780135,-331.08655460390986,-0.6717740747203834
0.54,-0.004386117865817647,0.02584864536476983,0.0,-2.0041893778180895,1.002207995056946,-0.0004090679513842068,-0.0002503350716421071,-1.2033447024137292,0.23239066389667679,-0.029045961482947642,-366.77360364882406,697.1883841780135,-331.08655460390986,-0.6717740747203834
0.56,-0.004249314271049196,-0.019547208996079913,0.0,-2.004207656481268,1.0021889782665305,-0.0004087340923052183,-0.0002505079177734028,-1.2033447024137292,0.23239066389667679,-0.029045961482947642,-366.77360364882406,697.1883841780135,-331.08655460390986,-0.6717740747203834
0.58,-0.004225240314537519,-0.06685670221319574,0.0,-2.0042316532645845,1.0021639872033798,-0.00040827071231191493,-0.00025073892464693624,-1.2033447024137292,0.23239066389667679,-0.029045961482947642,-366.77360364882406,697.1883841780135,-331.08655460390986,-0.6717740747203834
0.6,-0.004305493236046209,-0.1154018942405174,0.0,-2.0042620788731322,1.0021321918155965,-0.0004076479835630494,-0.0002510375624151885,-1.2033447024137292,0.23239066389667679,-0.029045961482947642,-366.77360364882406,697.1883841780135,-331.08655460390986,-0.6717740747203834
0.62,-0.004481001120388138,-0.16459246681368822,0.0,-2.0043000208058794,1.0020923244303201,-0.0004068273494251522,-0.0002514171945631783,-1.2033447024137292,0.23239066389667679,-0.029045961482947642,-366.77360364882406,697.1883841780135,-331.08655460390986,-0.6717740747203834
0.64,-0.0047422640489888125,-0.21391133284892702,0.0,-2.0043468810219456,1.0020427480626855,-0.0004057634143602752,-0.00025189437762288973,-1.2033447024137292,0.23239066389667679,-0.029045961482947642,-366.77360364882406,697.1883841780135,-331.08655460390986,-0.6717740747203834
0.66,-0.005079547338063628,-0.2629029700619235,0.0,-2.004404292498822,1.0019815491516884,-0.0004044063063539122,-0.00025248794264388523,-1.2033447024137292,0.23239066389667679,-0.029045961482947642,-366.77360364882406,697.1883841780135,-331.08655460390986,-0.6717740747203834
0.68,-0.0054830359929099225,-0.31116398014568286,0.0,-2.004474016869149,1.0019066524158433,-0.0004027044628844038,-0.0002532178805110407,-1.2033447024137292,0.23239066389667679,-0.029045961482947642,-366.77360364882406,697.1883841780135,-331.08655460390986,-0.6717740747203834
0.7000000000000001,-0.005942957803772961,-0.35833546451477544,0.0,-2.0045578264229924,1.0018159542970224,-0.0004006077618547491,-0.0002541040651880143,-1.2033447024137292,0.23239066389667679,-0.029045961482947642,-366.77360364882406,697.1883841780135,-331.08655460390986,-0.6717740747203834
0.72,-0.00644968111660355,-0.40409688125984483,0.0,-2.004657375274131,1.0017074697458457,-0.0003980708771033222,-0.0002551648656612103,-1.2033447024137292,0.23239066389667679,-0.029045961482947642,-366.77360364882406,697.1883841780135,-331.08655460390986,-0.6717740747203834
0.74,-0.00699379217533044,-0.4481611083880508,0.0,-2.0047740663461577,1.001579484959685,-0.00039505668703427487,-0.0002564157178878662,-1.2033447024137292,0.23239066389667679,-0.029045961482947642,-366.77360364882406,697.1883841780135,-331.08655460390986,-0.6717740747203834
0.76,-0.0075661560046618335,-0.490270487986059,0.0,-2.0049089227631347,1.0014307064183006,-0.00039153951288412134,-0.00025786774929334737,-1.2033447024137292,0.23239066389667679,-0.029045961482947642,-366.77360364882406,697.1883841780135,-331.08655460390986,-0.6717740747203834
0.78,-0.008157964045861455,-0.5301936665604285,0.0,-2.0050624737745544,1.0012603946890744,-0.00038750792291889093,-0.0002595265652719534,-1.2033447024137292,0.23239066389667679,-0.029045961482947642,-366.77360364882406,697.1883841780135,-331.08655460390986,-0.6717740747203834
0.8,-0.008760771141210662,-0.5677230800763173,0.0,-2.0052346659585543,1.001068470625016,-0.0003829668250917427,-0.00026139131374052827,-1.2033447024137292,0.23239066389667679,-0.029045961482947642,-366.77360364882406,697.1883841780135,-331.08655460390986,-0.6717740747203834
0.8200000000000001,-0.009366523960406395,-0.6026729594464381,0.0,-2.0054248096388263,1.0008555823342697,-0.0003779385959957981,-0.0002634541347559396,-1.2033447024137292,0.23239066389667679,-0.029045961482947642,-366.77360364882406,697.1883841780135,-331.08655460390986,-0.6717740747203834
0.84,-0.009967582553022304,-0.6348777545024459,0.0,-2.0056315679569976,1.0006231239887144,-0.00037246306434982176,-0.00026570007476266135,-1.2033447024137292,0.23239066389667679,-0.029045961482947642,-366.77360364882406,697.1883841780135,-331.08655460390986,-0.6717740747203834
0.86,-0.010556736378256174,-0.6641908927063818,0.0,-2.0058529919752632,1.000373202067587,-0.0003665962785622066,-0.00026810750051715025,-1.2033447024137292,0.23239066389667679,-0.029045961482947642,-366.77360364882406,697.1883841780135,-331.08655460390986,-0.6717740747203834
0.88,-0.011127215892505607,-0.6904838037677803,0.0,-2.006086600082607,1.0001085504147098,-0.0003604081246602402,-0.0002706489921166981,-1.2033447024137292,0.23239066389667679,-0.029045961482947642,-366.77360364882406,697.1883841780135,-331.08655460390986,-0.6717740747203834
0.9,-0.01167270055542741,-0.7136451535303733,0.0,-2.0063294947235315,0.9998324015348278,-0.0003539789988915452,-0.0002732926375107733,-1.2033447024137292,0.23239066389667679,-0.029045961482947642,-366.77360364882406,697.1883841780135,-331.08655460390986,-0.6717740747203834
0.92,-0.012187323936714387,-0.7335802404790055,0.0,-2.0065785050709,0.9995483267090959,-0.0003473958517106425,-0.0002760036033994162,-1.2033447024137292,0.23239066389667679,-0.029045961482947642,-366.77360364882406,697.1883841780135,-331.08655460390986,-0.6717740747203834
0.9400000000000001,-0.012665676461260707,-0.750210516403421,0.0,-2.0068303415838615,0.9992600607665376,-0.0003407479844913921,-0.00027874582882808744,-1.2033447024137292,0.23239066389667679,-0.029045961482947642,-366.77360364882406,697.1883841780135,-331.08655460390986,-0.6717740747203834
0.96,-0.013102806213481638,-0.7634731994761956,0.0,-2.007081747893982,0.9989713281370165,-0.000334122985989727,-0.0002814836830396572,-1.2033447024137292,0.23239066389667679,-0.029045961482947642,-366.77360364882406,697.1883841780135,-331.08655460390986,-0.6717740747203834
0.98,-0.013494218127253425,-0.7733209535326604,0.0,-2.0073296371041027,0.9986856851398154,-0.00032760314488230693,-0.00028418344764396245,-1.2033447024137292,0.23239066389667679,-0.029045961482947642,-366.77360364882406,697.1883841780135,-331.08655460390986,-0.6717740747203834
1.0,-0.013835871812129762,-0.7797216119059067,0.0,-2.0075712028603547,0.9984063898724376,-0.000321262582237602,-0.0002868145193113497,-1.2033447024137292,0.23239066389667679,-0.029045961482947642,-366.77360364882406,697.1883841780135,-331.08655460390986,-0.6717740747203834
1.02,-0.014124178205821295,-0.7826579279533971,0.0,-2.00780399968399,0.9981363064332182,-0.0003151652350804414,-0.000289350274388111,-1.2033447024137292,0.23239066389667679,-0.029045961482947642,-366.77360364882406,697.1883841780135,-331.08655460390986,-0.6717740747203834
1.04,-0.014355995194663344,-0.7821273375621032,0.0,-2.0080259911985596,0.9978778454824052,-0.000309363711395207,-0.00029176858204766894,-1.2033447024137292,0.23239066389667679,-0.029045961482947642,-366.77360364882406,697.1883841780135,-331.08655460390986,-0.6717740747203834
1.06,-0.014528622305718998,-0.77814172155765,0.0,-2.0082355683920206,0.997632939094761,-0.0003038989453215824,-0.0002940519905991857,-1.2033447024137292,0.23239066389667679,-0.029045961482947642,-366.77360364882406,697.1883841780135,-331.08655460390986,-0.6717740747203834
1.08,-0.014639794544452928,-0.7707271581672541,0.0,-2.0084315425196126,0.9974030449522002,-0.0002988005186733792,-0.0002961876381600345,-1.2033447024137292,0.23239066389667679,-0.029045961482947642,-366.77360364882406,697.1883841780135,-331.08655460390986,-0.6717740747203834
1.1,-0.014687675429079766,-0.7599236575747117,0.0,-2.0086131185777334,0.9971891733090066,-0.0002940874832531417,-0.00029816695299541315,-1.2033447024137292,0.23239066389667679,-0.029045961482947642,-366.77360364882406,697.1883841780135,-331.08655460390986,-0.6717740747203834
1.12,-0.014670849255521423,-0.7457848722214091,0.0,-2.0087798555848093,0.996991929712839,-0.0002897695138041127,-0.0002999852118393051,-1.2033447024137292,0.23239066389667679,-0.029045961482947642,-366.77360364882406,697.1883841780135,-331.08655460390986,-0.6717740747203834
1.1400000000000001,-0.014588312614397626,-0.7283777778998853,0.0,-2.008931619447572,0.9968115669031014,-0.0002858482365976308,-0.0003016410192562054,-1.2033447024137292,0.23239066389667679,-0.029045961482947642,-366.77360364882406,697.1883841780135,-331.08655460390986,-0.6717740747203834
1.16,-0.014439465172793951,-0.7077823218956154,0.0,-2.0090685332647387,0.9966480403039328,-0.00028231860554005786,-0.00030313576081017794,-1.2033447024137292,0.23239066389667679,-0.029045961482947642,-366.77360364882406,697.1883841780135,-331.08655460390986,-0.6717740747203834
1.18,-0.014224099728012777,-0.6840910354888003,0.0,-2.00919092879106,0.996501062778607,-0.0002791702291810463,-0.0003044730703794463,-1.2033447024137292,0.23239066389667679,-0.029045961482947642,-366.77360364882406,697.1883841780135,-331.08655460390986,-0.6717740747203834
1.2,-0.013942391537538663,-0.6574086090557049,0.0,-2.009299301654892,0.9963701555820526,-0.0002763885828334001,-0.00030565833958125823,-1.2033447024137292,0.23239066389667679,-0.029045961482947642,-366.77360364882406,697.1883841780135,-331.08655460390986,-0.6717740747203834
1.22,-0.013594886928552657,-0.6278514288253687,0.0,-2.0093942719202,0.9962546935873096,-0.00027395606691122716,-0.00030669828633732055,-1.2033447024137292,0.23239066389667679,-0.029045961482947642,-366.77360364882406,697.1883841780135,-331.08655460390986,-0.6717740747203834
1.24,-0.0131824911911003,-0.5955470750683867,0.0,-2.009476550772304,0.9961539437929475,-0.00027185289404250783,-0.0003076005907877339,-1.2033447024137292,0.23239066389667679,-0.029045961482947642,-366.77360364882406,697.1883841780135,-331.08655460390986,-0.6717740747203834
1.26,-0.012706455761099677,-0.5606337821285252,0.0,-2.009546913500218,0.9960670968209111,-0.00027005780327852706,-0.0003083736001951383,-1.2033447024137292,0.23239066389667679,-0.029045961482947642,-366.77360364882406,697.1883841780135,-331.08655460390986,-0.6717740747203834
1.28,-0.012168364702466261,-0.523259861264339,0.0,-2.0096061785303676,0.9959932916034662,-0.0002685486103643309,-0.0003090260999793553,-1.2033447024137292,0.23239066389667679,-0.029045961482947642,-366.77360364882406,697.1883841780135,-331.08655460390986,-0.6717740747203834
1.3,-0.011570120501467081,-0.48358308775263814,0.0,-2.0096551920041357,0.9959316337688614,-0.00026730260950290997,-0.00030956714522276633,-1.2033447024137292,0.23239066389667679,-0.029045961482947642,-366.77360364882406,697.1883841780135,-331.08655460390986,-0.6717740747203834
1.32,-0.010913929190769247,-0.44177005412322606,0.0,-2.0096948172469693,0.9958812084099244,-0.0002662968454020065,-0.0003100059454696738,-1.2033447024137292,0.23239066389667679,-0.029045961482947642,-366.77360364882406,697.1883841780135,-331.08655460390986,-0.6717740747203834
1.34,-0.010202284825318837,-0.3979954917490614,0.0,-2.0097259284130917,0.9958410879991161,-0.0002655082756337378,-0.0003103517950084644,-1.2033447024137292,0.23239066389667679,-0.029045961482947642,-366.77360364882406,697.1883841780135,-331.08655460390986,-0.6717740747203834
1.36,-0.009437953337003382,-0.3524415633111774,0.0,-2.009749407575523,0.9958103362335312,-0.0002649138433114768,-0.00031061404072835164,-1.2033447024137292,0.23239066389667679,-0.029045961482947642,-366.77360364882406,697.1883841780135,-331.08655460390986,-0.6717740747203834
1.3800000000000001,-0.008623955799866863,-0.30529712889688554,0.0,-2.0097661445407087,0.9957880085831969,-0.0002644904794651981,-0.00031080207980659026,-1.2033447024137292,0.23239066389667679,-0.029045961482947642,-366.77360364882406,697.1883841780135,-331.08655460390986,-0.6717740747203834
1.4000000000000001,-0.0077635511423353116,-0.25675698867665586,0.0,-2.0097770386814995,0.9957731502981236,-0.00026421505377044577,-0.0003109253797001652,-1.2033447024137292,0.23239066389667679,-0.029045961482947642,-366.77360364882406,697.1883841780135,-331.08655460390986,-0.6717740747203834
1.42,-0.006860218347367398,-0.20702110524250517,0.0,-2.0097830020883474,0.9957647926198899,-0.0002640642917934287,-0.0003109935130443383,-1.2033447024137292,0.23239066389667679,-0.029045961482947642,-366.77360364882406,697.1883841780135,-331.08655460390986,-0.6717740747203834
1.44,-0.005917638185583836,-0.15629380878359855,0.0,-2.0097849633285554,0.995761947952236,-0.00026401467684998564,-0.00031101620001279583,-1.2033447024137292,0.23239066389667679,-0.029045961482947642,-366.77360364882406,697.1883841780135,-331.08655460390986,-0.6717740747203834
1.46,-0.004939674530186314,-0.10478298832729879,0.0,-2.0097838710746303,0.9957636047768637,-0.000264042355001321,-0.00031100335043856366,-1.2033447024137292,0.23239066389667679,-0.029045961482947642,-366.77360364882406,697.1883841780135,-331.08655460390986,-0.6717740747203834
1.48,-0.003930355305798102,-0.052699272289051136,0.0,-2.009780696817957,0.9957687231543729,-0.00026412306255327035,-0.0003109650975549245,-1.2033447024137292,0.23239066389667679,-0.029045961482947642,-366.77360364882406,697.1883841780135,-331.08655460390986,-0.6717740747203834
1.5,-0.0028938531262191324,-0.00025520156060061805,0.0,-2.009776435831738,0.995776231718713,-0.00026423209647339534,-0.000310911814675678,-1.2033447024137292,0.23239066389667679,-0.029045961482947642,-366.77360364882406,697.1883841780135,-331.08655460390986,-0.6717740747203834
1.52,-0.0018344656784647145,0.05233560167583649,0.0,-2.00977210550263,0.9957850271421542,-0.0002643443490176509,-0.0003108541056469023,-1.2033447024137292,0.23239066389667679,-0.029045961482947642,-366.77360364882406,697.1883841780135,-331.08655460390986,-0.6717740747203834
1.54,-0.0007565959123515386,0.1048592662813091,0.0,-2.0097687401360123,0.995793977094035,-0.00026443442802372835,-0.00031080275969430946,-1.2033447024137292,0.23239066389667679,-0.029045961482947642,-366.77360364882406,697.1883841780135,-331.08655460390986,-0.6717740747203834
1.56,0.0003352679036850142,0.1571025025934169,0.0,-2.0097673813843366,0.9958019277096439,-0.0002644768830817334,-0.00031076866165900005,-1.2033447024137292,0.23239066389667679,-0.029045961482947642,-366.77360364882406,697.1883841780135,-331.08655460390986,-0.6717740747203834
1.58,0.0014365721988893899,0.20885342799895798,0.0,-2.0097690635851513,0.995807716488149,-0.00026444655432796373,-0.00031076264990945055,-1.2033447024137292,0.23239066389667679,-0.029045961482947642,-366.77360364882406,697.1883841780135,-331.08655460390986,-0.6717740747203834
1.6,0.002542718126400498,0.259902384780211,0.0,-2.0097747935589227,0.9958101913105454,-0.0002643190541215998,-0.000310795316795444,-1.2033447024137292,0.23239066389667679,-0.029045961482947642,-366.77360364882406,697.1883841780135,-331.08655460390986,-0.6717740747203834
1.62,0.003649081537020018,0.31004274746535365,0.0,-2.009785524832873,0.9958082358753287,-0.0002640713817446885,-0.0003108767506562041,-1.2033447024137292,0.23239066389667679,-0.029045961482947642,-366.77360364882406,697.1883841780135,-331.08655460390986,-0.6717740747203834
1.6400000000000001,0.004751032838350503,0.3590717170078237,0.0,-2.009802126833488,0.99580080127265,-0.00026368265734805506,-0.00031101622421556,-1.2033447024137292,0.23239066389667679,-0.029045961482947642,-366.77360364882406,697.1883841780135,-331.08655460390986,-0.6717740747203834
1.6600000000000001,0.005843956677593544,0.40679109920881723,0.0,-2.009825350304325,0.9957869426689783,-0.0002631349442257856,-0.00031122184148830117,-1.2033447024137292,0.23239066389667679,-0.029045961482947642,-366.77360364882406,697.1883841780135,-331.08655460390986,-0.6717740747203834
1.68,0.006923271387022142,0.4530080648796169,0.0,-2.009855790993049,0.9957658592092719,-0.00026241410970646216,-0.0003115001634580938,-1.2033447024137292,0.23239066389667679,-0.029045961482947642,-366.77360364882406,697.1883841780135,-331.08655460390986,-0.6717740747203834
1.7,0.007984448132068066,0.4975358893138548,0.0,-2.0098938544026024,0.9957369343688278,-0.0002615106571505514,-0.0003118558406700657,-1.2033447024137292,0.23239066389667679,-0.029045961482947642,-366.77360364882406,697.1883841780135,-331.08655460390986,-0.6717740747203834
1.72,0.009023029703051084,0.5401946687035577,0.0,-2.0099397249689246,0.9956997732554316,-0.00026042044827295096,-0.00031229128701106766,-1.2033447024137292,0.23239066389667679,-0.029045961482947642,-366.77360364882406,697.1883841780135,-331.08655460390986,-0.6717740747203834
1.74,0.010034648892787974,0.5808120111886147,0.0,-2.00999334325066,0.9956542329523114,-0.0002591452301049783,-0.0003128064316612453,-1.2033447024137292,0.23239066389667679,-0.029045961482947642,-366.77360364882406,697.1883841780135,-331.08655460390986,-0.6717740747203834
1.76,0.011015046403614588,0.6192237002741378,0.0,-2.010054394458694,0.9956004420680004,-0.00025769288758268266,-0.0003133985840489089,-1.2033447024137292,0.23239066389667679,-0.029045961482947642,-366.77360364882406,697.1883841780135,-331.08655460390986,-0.6717740747203834
1.78,0.01196008822871659,0.6552743283905618,0.0,-2.010122310849408,0.9955388063212232,-0.00025607736249419184,-0.0003140624388775759,-1.2033447024137292,0.23239066389667679,-0.029045961482947642,-366.77360364882406,697.1883841780135,-331.08655460390986,-0.6717740747203834
1.8,0.012865782454068869,0.6888178984052453,0.0,-2.010196289198157,0.9954699982287011,-0.00025431821121595354,-0.00031479023526836795,-1.2033447024137292,0.23239066389667679,-0.029045961482947642,-366.77360364882406,697.1883841780135,-331.08655460390986,-0.6717740747203834
1.82,0.013728295428723211,0.719718390927002,0.0,-2.010275322924171,0.9953949306398255,-0.00025243981326530577,-0.0003155720673833386,-1.2033447024137292,0.23239066389667679,-0.029045961482947642,-366.77360364882406,697.1883841780135,-331.08655460390986,-0.6717740747203834
1.84,0.014543967252654819,0.7478502952784765,0.0,-2.010358246720699,0.9953147157139537,-0.0002504702837701613,-0.00031639632623545216,-1.2033447024137292,0.23239066389667679,-0.029045961482947642,-366.77360364882406,697.1883841780135,-331.08655460390986,-0.6717740747203834
1.86,0.01530932653288714,0.7730991020493607,0.0,-2.0104437900633343,0.9952306126378625,-0.0002484401781098201,-0.0003172502369043658,-1.2033447024137292,0.23239066389667679,-0.029045961482947642,-366.77360364882406,697.1883841780135,-331.08655460390986,-0.6717740747203834
1.8800000000000001,0.016021104360173698,0.7953617551894506,0.0,-2.010530634998444,0.9951439686220797,-0.0002463810997154859,-0.00031812044491406937,-1.2033447024137292,0.23239066389667679,-0.029045961482947642,-366.77360364882406,697.1883841780135,-331.08655460390986,-0.6717740747203834
1.9000000000000001,0.016676247460145423,0.8145470616582877,0.0,-2.0106174733188,0.995056158280909,-0.00024432432844696497,-0.00031899360188529627,-1.2033447024137292,0.23239066389667679,-0.029045961482947642,-366.77360364882406,697.1883841780135,-331.08655460390986,-0.6717740747203834
1.92,0.017271930474556826,0.8305760567205442,0.0,-2.010703058633185,0.99496852632675,-0.00024229957675900716,-0.00031985690405303066,-1.2033447024137292,0.23239066389667679,-0.029045961482947642,-366.77360364882406,697.1883841780135,-331.08655460390986,-0.6717740747203834
1.94,0.0178055673301141,0.8433823230669447,0.0,-2.0107862498051965,0.9948823376864617,-0.00024033395715563637,-0.0003206985466521572,-1.2033447024137292,0.23239066389667679,-0.029045961482947642,-366.77360364882406,697.1883841780135,-331.08655460390986,-0.6717740747203834
1.96,0.018274821654373764,0.8529122620514418,0.0,-2.010866043548053,0.9947987378872563,-0.00023845121267904263,-0.0003215080702815872,-1.2033447024137292,0.23239066389667679,-0.029045961482947642,-366.77360364882406,697.1883841780135,-331.08655460390986,-0.6717740747203834
1.98,0.018677616200396686,0.8591253154695775,0.0,-2.010941595357733,0.9947187251271239,-0.00023667122862680397,-0.0003222765895286533,-1.2033447024137292,0.23239066389667679,-0.029045961482947642,-366.77360364882406,697.1883841780135,-331.08655460390986,-0.6717740747203834
2.0,0.019012141244258596,0.8668122124845385,0.0,-2.0110122292174366,0.9946431340903124,-0.00023500981379995483,-0.0003229969070099101,-1.2033447024137292,0.23239066389667679,-0.029045961482947642,-366.77360364882406,697.1883841780135,-331.08655460390986,-0.6717740747203834
2.02,0.0192754513027084,0.8702769073064524,0.0,-2.0110774374570655,0.9945726304760294,-0.00023347871702064912,-0.0003236635259254862,-1.1862606697877274,0.2154651346934682,-0.02920446490574094,-407.224642192565,760.5663698225022,-354.0479039208531,-0.706176290915947
2.04,0.019463715400830535,0.8677510243972246,0.0,-2.011136653869022,0.9945077206653486,-0.00023208357545726732,-0.0003242728566492457,-1.1862606697877274,0.2154651346934682,-0.02920446490574094,-407.224642192565,760.5663698225022,-354.0479039208531,-0.706176290915947
2.06,0.019574386994523508,0.8593378723644229,0.0,-2.0111897706167,0.9944487554590372,-0.00023083012997746364,-0.00032482179111799076,-1.1862606697877274,0.2154651346934682,-0.02920446490574094,-407.224642192565,760.5663698225022,-354.0479039208531,-0.706176290915947
2.08,0.01960668900771191,0.8456386980874588,0.0,-2.011236829988378,0.9943959058402628,-0.00022972051336715376,-0.0003253094657006909,-1.1862606697877274,0.2154651346934682,-0.02920446490574094,-407.224642192565,760.5663698225022,-354.0479039208531,-0.706176290915947
2.1,0.019561421163449548,0.8273079194906421,0.0,-2.011277971028913,0.9943492048659782,-0.00022875327338092564,-0.0003257365562519626,-1.1862606697877274,0.2154651346934682,-0.02920446490574094,-407.224642192565,760.5663698225022,-354.0479039208531,-0.706176290915947
2.12,0.019440620726924242,0.8049415761235096,0.0,-2.011313404561857,0.9943085802555027,-0.0002279241495734142,-0.00032610476463101575,-1.1862606697877274,0.2154651346934682,-0.02920446490574094,-407.224642192565,760.5663698225022,-354.0479039208531,-0.706176290915947
2.14,0.01924723728371495,0.7790580899231528,0.0,-2.0113433901698134,0.9942738821813888,-0.0002272269221265524,-0.00032641647141864387,-1.1862606697877274,0.2154651346934682,-0.02920446490574094,-407.224642192565,760.5663698225022,-354.0479039208531,-0.706176290915947
2.16,0.018984857661917365,0.750101709288465,0.0,-2.0113682161154096,0.9942449070051071,-0.00022665413341035006,-0.00032667447935995207,-1.1862606697877274,0.2154651346934682,-0.02920446490574094,-407.224642192565,760.5663698225022,-354.0479039208531,-0.706176290915947
2.18,0.018657483740007107,0.7184510710843537,0.0,-2.0113881837214933,0.9942214163048928,-0.00022619763543711848,-0.00032688182398937137,-1.1862606697877274,0.2154651346934682,-0.02920446490574094,-407.224642192565,760.5663698225022,-354.0479039208531,-0.706176290915947
2.2,0.01826935806199349,0.6844286407764664,0.0,-2.011403596326496,0.9942031510535918,-0.00022584897119010957,-0.0003270416411790581,-1.1862606697877274,0.2154651346934682,-0.02920446490574094,-407.224642192565,760.5663698225022,-354.0479039208531,-0.706176290915947
2.22,0.01782483071386008,0.6483099200559638,0.0,-2.011414752229848,0.9941898413587373,-0.00022559961621382277,-0.00032715708219751644,-1.1862606697877274,0.2154651346934682,-0.02920446490574094,-407.224642192565,760.5663698225022,-354.0479039208531,-0.706176290915947
2.24,0.01732826097342794,0.6103320436253359,0.0,-2.011421940825861,0.9941812124624619,-0.00022544111085294054,-0.0003272312664903168,-1.1862606697877274,0.2154651346934682,-0.02920446490574094,-407.224642192565,760.5663698225022,-354.0479039208531,-0.706176290915947
2.2600000000000002,0.016783947699326243,0.5707015913620057,0.0,-2.0114254411289485,0.9941769877793404,-0.00022536511167066154,-0.00032726726285231946,-1.1862606697877274,0.2154651346934682,-0.02920446490574094,-407.224642192565,760.5663698225022,-354.0479039208531,-0.706176290915947
2.2800000000000002,0.01619608300226887,0.5296015291272702,0.0,-2.0114255219886497,0.9941768897134506,-0.0002253633864849398,-0.00032726809079680543,-1.1862606697877274,0.2154651346934682,-0.02920446490574094,-407.224642192565,760.5663698225022,-354.0479039208531,-0.706176290915947
2.3000000000000003,0.01556872436163264,0.48719724580406976,0.0,-2.0114224434186445,0.9941806389027951,-0.00022542777283214956,-0.0003272367353405802,-1.1862606697877274,0.2154651346934682,-0.02920446490574094,-407.224642192565,760.5663698225022,-354.0479039208531,-0.706176290915947
2.32,0.014905780975016915,0.4436416932549477,0.0,-2.011416458589686,0.9941879524275543,-0.0002255501153276676,-0.00032717616983035636,-1.1862606697877274,0.2154651346934682,-0.02920446490574094,-407.224642192565,760.5663698225022,-354.0479039208531,-0.706176290915947
2.34,0.014211010734723556,0.3990796643304649,0.0,-2.0114078161476066,0.9941985414102567,-0.00022572219370391752,-0.00032708938267959946,-1.1862606697877274,0.2154651346934682,-0.02920446490574094,-407.224642192565,760.5663698225022,-354.0479039208531,-0.706176290915947
2.36,0.013488024797085416,0.3536512639500788,0.0,-2.0113967626084874,0.9942121083419515,-0.00022593565037047855,-0.00032697940490317574,-1.1862606697877274,0.2154651346934682,-0.02920446490574094,-407.224642192565,760.5663698225022,-354.0479039208531,-0.706176290915947
2.38,0.012740297237835943,0.3074946412128327,0.0,-2.011383544652999,0.9942283443931494,-0.00022618192411943608,-0.00032684933612195914,-1.1862606697877274,0.2154651346934682,-0.02920446490574094,-407.224642192565,760.5663698225022,-354.0479039208531,-0.706176290915947
2.4,0.01197117776306563,0.26074805785932403,0.0,-2.011368411192763,0.9942469269117903,-0.00022645219498690258,-0.00032670236728368573,-1.1862606697877274,0.2154651346934682,-0.02920446490574094,-407.224642192565,760.5663698225022,-354.0479039208531,-0.706176290915947
2.42,0.01118390586787021,0.21355137139104474,0.0,-2.011351615116544,0.9942675172706941,-0.0002267373441489537,-0.0003265417987466065,-1.1862606697877274,0.2154651346934682,-0.02920446490574094,-407.224642192565,760.5663698225022,-354.0479039208531,-0.706176290915947
2.44,0.010381625203262138,0.16604701080113887,0.0,-2.011333414646701,0.9942897592006131,-0.0002270279319468409,-0.0003263710526400869,-1.1862606697877274,0.2154651346934682,-0.02920446490574094,-407.224642192565,760.5663698225022,-354.0479039208531,-0.706176290915947
2.46,0.009567397227880307,0.11838052005584776,0.0,-2.0113140742501185,0.9943132777284694,-0.00022731419658124206,-0.00032619367859213757,-1.1862606697877274,0.2154651346934682,-0.02920446490574094,-407.224642192565,760.5663698225022,-354.0479039208531,-0.706176290915947
2.48,0.008744213487445807,0.07070073992350175,0.0,-2.011293865056,0.9943376788299351,-0.00022758607558121788,-0.00032601335203589257,-1.1862606697877274,0.2154651346934682,-0.02920446490574094,-407.224642192565,760.5663698225022,-354.0479039208531,-0.706176290915947
2.5,0.007915006085625146,0.022485109291821306,0.0,-2.011273064738277,0.9943625498976383,-0.00022783325174719255,-0.00032583386440955244,-1.1862606697877274,0.2154651346934682,-0.02920446490574094,-407.224642192565,760.5663698225022,-354.0479039208531,-0.706176290915947
2.52,0.007082853628471012,-0.025479461640254043,0.0,-2.011251956825432,0.9943874611176499,-0.0002280452248095922,-0.00032565910467740325,-1.1846944921705005,0.21390439537091016,-0.02920990320040963,-410.82477753119747,766.8315136176275,-356.7172969791009,-0.7105608926713906
2.54,0.006251001155895992,-0.072799512804197,0.0,-2.0112308220667083,0.994411931778688,-0.0002282102977083761,-0.0003254934146100057,-1.1846944921705005,0.21390439537091016,-0.02920990320040963,-410.82477753119747,766.8315136176275,-356.7172969791009,-0.7105608926713906
2.56,0.005422612476962588,-0.11928293741784365,0.0,-2.0112099371820054,0.9944355159650159,-0.00022831808526977928,-0.00032534058398286453,-1.1846944921705005,0.21390439537091016,-0.02920990320040963,-410.82477753119747,766.8315136176275,-356.7172969791009,-0.7105608926713906
2.58,0.004600695463394486,-0.16479616329603988,0.0,-2.011189584017719,0.9944577574096763,-0.00022835849520715353,-0.0003252044554536829,-1.1846944921705005,0.21390439537091016,-0.02920990320040963,-410.82477753119747,766.8315136176275,-356.7172969791009,-0.7105608926713906
2.6,0.0037881014590577826,-0.20921709046155235,0.0,-2.0111700428704076,0.994478196361125,-0.00022832178286366387,-0.00032508885228810675,-1.1846944921705005,0.21390439537091016,-0.02920990320040963,-410.82477753119747,766.8315136176275,-356.7172969791009,-0.7105608926713906
2.62,0.002987542902648011,-0.25242323143894085,0.0,-2.0111515872977805,0.9944963784602164,-0.00022819873593621945,-0.00032499748226850843,-1.1846944921705005,0.21390439537091016,-0.02920990320040963,-410.82477753119747,766.8315136176275,-356.7172969791009,-0.7105608926713906
2.64,0.0022016117287919157,-0.2942897209093097,0.0,-2.0111344797635664,0.994511862820954,-0.00022798087705039246,-0.0003249338579443772,-1.1846944921705005,0.21390439537091016,-0.02920990320040963,-410.82477753119747,766.8315136176275,-356.7172969791009,-0.7105608926713906
2.66,0.0014327943219404563,-0.3346898007123682,0.0,-2.0111189672740797,0.9945242301980245,-0.0002276606738359834,-0.0003249012215934691,-1.1846944921705005,0.21390439537091016,-0.02920990320040963,-410.82477753119747,766.8315136176275,-356.7172969791009,-0.7105608926713906
2.68,0.0006834823975129835,-0.37349590662991516,0.0,-2.011105276822495,0.994533091532332,-0.00022723175113556685,-0.00032490247016403966,-1.1846944921705005,0.21390439537091016,-0.02920990320040963,-410.82477753119747,766.8315136176275,-356.7172969791009,-0.7105608926713906
2.7,-4.4019931858430006e-05,-0.4105809007140958,0.0,-2.011093610732637,0.9945380967375465,-0.0002266890971704542,-0.00032494008086379376,-1.1846944921705005,0.21390439537091016,-0.02920990320040963,-410.82477753119747,766.8315136176275,-356.7172969791009,-0.7105608926713906
2.72,-0.0007474924432937747,-0.4458193246386279,0.0,-2.011084142086309,0.9945389434181333,-0.00022602925389284624,-0.00032501604010840365,-1.1846944921705005,0.21390439537091016,-0.02920990320040963,-410.82477753119747,766.8315136176275,-356.7172969791009,-0.7105608926713906
2.74,-0.0014247979444184516,-0.4790886263025289,0.0,-2.0110770104494233,0.9945353851421534,-0.0002252504813163034,-0.0003251317791849733,-1.1846944921705005,0.21390439537091016,-0.02920990320040963,-410.82477753119747,766.8315136176275,-356.7172969791009,-0.7105608926713906
2.7600000000000002,-0.0020738837770451044,-0.5102703330229278,0.0,-2.0110723181195684,0.9945272388699279,-0.00022435288600412286,-0.00032528812007448125,-1.1846944921705005,0.21390439537091016,-0.02920990320040963,-410.82477753119747,766.8315136176275,-356.7172969791009,-0.7105608926713906
2.7800000000000002,-0.0026927852192048466,-0.539251153704431,0.0,-2.0110701271090092,0.9945143911474487,-0.00022333850500291252,-0.0003254852346555478,-1.1846944921705005,0.21390439537091016,-0.02920990320040963,-410.82477753119747,766.8315136176275,-356.7172969791009,-0.7105608926713906
2.8000000000000003,-0.0032796303563193633,-0.5659239982537339,0.0,-2.011070457053581,0.9944968027089486,-0.00022221133829146569,-0.0003257226200391169,-1.1846944921705005,0.21390439537091016,-0.02920990320040963,-410.82477753119747,766.8315136176275,-356.7172969791009,-0.7105608926713906
2.82,-0.003832646032654728,-0.5901889069842723,0.0,-2.0110732841999774,0.9944745111954136,-0.000220977325192358,-0.000325999092087839,-1.1846944921705005,0.21390439537091016,-0.02920990320040963,-410.82477753119747,766.8315136176275,-356.7172969791009,-0.7105608926713906
2.84,-0.00435016453679085,-0.6119538862392921,0.0,-2.0110785415734065,0.9944476317821641,-0.00021964426302163674,-0.0003263127982952673,-1.1846944921705005,0.21390439537091016,-0.02920990320040963,-410.82477753119747,766.8315136176275,-356.7172969791009,-0.7105608926713906
2.86,-0.004830630717660751,-0.6311356491262775,0.0,-2.011086120367704,0.994416355613401,-0.0002182216693262474,-0.00032666125019920815,-1.1846944921705005,0.21390439537091016,-0.02920990320040963,-410.82477753119747,766.8315136176275,-356.7172969791009,-0.7105608926713906
2.88,-0.005272609269290163,-0.6476602622362619,0.0,-2.011095872535316,0.9943809460569107,-0.00021672059213353025,-0.0003270413744587016,-1.1846944921705005,0.21390439537091016,-0.02920990320040963,-410.82477753119747,766.8315136176275,-356.7172969791009,-0.7105608926713906
2.9,-0.005674791961653078,-0.661463700631785,0.0,-2.011107614490374,0.9943417329084882,-0.00021515337545278303,-0.0003274495807221162,-1.1846944921705005,0.21390439537091016,-0.02920990320040963,-410.82477753119747,766.8315136176275,-356.7172969791009,-0.7105608926713906
2.92,-0.006036004631382364,-0.6724923143405881,0.0,-2.0111211317798197,0.9942991047832133,-0.00021353338958492345,-0.000327881843540016,-1.1846944921705005,0.21390439537091016,-0.02920990320040963,-410.82477753119747,766.8315136176275,-356.7172969791009,-0.7105608926713906
2.94,-0.006355213779038365,-0.6807032101798186,0.0,-2.011136184530081,0.9942535000204406,-0.00021187473742114257,-0.0003283337949037547,-1.1846944921705005,0.21390439537091016,-0.02920990320040963,-410.82477753119747,766.8315136176275,-356.7172969791009,-0.7105608926713906
2.96,-0.006631532649079551,-0.6860645530436804,0.0,-2.011152513443867,0.9942053964941134,-0.00021019194872662738,-0.0003288008235706649,-1.1846944921705005,0.21390439537091016,-0.02920990320040963,-410.82477753119747,766.8315136176275,-356.7172969791009,-0.7105608926713906
2.98,-0.006864226694602692,-0.6885557908869931,0.0,-2.0111698461053558,0.9941553007554478,-0.00020849967437793512,-0.00032927817719354403,-1.1846944921705005,0.21390439537091016,-0.02920990320040963,-410.82477753119747,766.8315136176275,-356.7172969791009,-0.7105608926713906
3.0,-0.007052718351457444,-0.6881997545022113,0.0,-2.0111879033527527,0.9941037369399321,-0.00020681239170522648,-0.0003297610634012341,-1.1846944921705005,0.21390439537091016,-0.02920990320040963,-410.82477753119747,766.8315136176275,-356.7172969791009,-0.7105608926713906
3.02,-0.007196581710731672,-0.6848724207424461,0.0,-2.0112064054935446,0.9940512358468728,-0.0002051441306099354,-0.00033024474634733836,-1.1786148859717616,0.20783466905286416,-0.029219783081102662,-426.8290345840665,796.2900158416157,-370.19585017165934,-0.7348689141102411
3.04,-0.007295573367557046,-0.6785719516149362,0.0,-2.011225076379515,0.9939983228379432,-0.00020350815483326408,-0.0003307246586516197,-1.1786148859717616,0.20783466905286416,-0.029219783081102662,-426.8290345840665,796.2900158416157,-370.19585017165934,-0.7348689141102411
3.06,-0.007349676550445382,-0.6693516168510667,0.0,-2.011243657269826,0.9939455172566222,-0.00020191713097523185,-0.0003311963510427106,-1.1786148859717616,0.20783466905286416,-0.029219783081102662,-426.8290345840665,796.2900158416157,-370.19585017165934,-0.7348689141102411
3.08,-0.007359099634955172,-0.6572831472532754,0.0,-2.011261906322612,0.993893313997706,-0.0002003825782394787,-0.0003316557330774003,-1.1786148859717616,0.20783466905286416,-0.029219783081102662,-426.8290345840665,796.2900158416157,-370.19585017165934,-0.7348689141102411
3.1,-0.007324259350706644,-0.6424456969997411,0.0,-2.0112796007049254,0.9938421776116675,-0.00019891471521220547,-0.00033209909462903256,-1.1786148859717616,0.20783466905286416,-0.029219783081102662,-426.8290345840665,796.2900158416157,-370.19585017165934,-0.7348689141102411
3.12,-0.00724576246443177,-0.624923494555124,0.0,-2.011296539480481,0.9937925370324469,-0.00019752238542158996,-0.00033252312856417497,-1.1786148859717616,0.20783466905286416,-0.029219783081102662,-426.8290345840665,796.2900158416157,-370.19585017165934,-0.7348689141102411
3.14,-0.007124389649737184,-0.6048057812650405,0.0,-2.011312546172413,0.9937447809395249,-0.0001962130161887899,-0.000332924955249014,-1.1786148859717616,0.20783466905286416,-0.029219783081102662,-426.8290345840665,796.2900158416157,-370.19585017165934,-0.7348689141102411
3.16,-0.006961082035316002,-0.5821872265598236,0.0,-2.011327470710606,0.9936992541346277,-0.00019499260288189554,-0.00033330214127471377,-1.1786148859717616,0.20783466905286416,-0.029219783081102662,-426.8290345840665,796.2900158416157,-370.19585017165934,-0.7348689141102411
3.18,-0.006756930112750198,-0.5571683671479649,0.0,-2.0113411907580825,0.9936562549714878,-0.0001938657143242904,-0.0003336527104616045,-1.1786148859717616,0.20783466905286416,-0.029219783081102662,-426.8290345840665,796.2900158416157,-370.19585017165934,-0.7348689141102411
3.2,-0.0065131645359100526,-0.529855962294661,0.0,-2.011353612489021,0.9936160337265341,-0.00019283551516453368,-0.00033397514770024225,-1.1786148859717616,0.20783466905286416,-0.029219783081102662,-426.8290345840665,796.2900158416157,-370.19585017165934,-0.7348689141102411
3.22,-0.006231148356669255,-0.5003632394495351,0.0,-2.0113646709072923,0.9935787917554474,-0.0001919038011574089,-0.000334268396866309,-1.1786148859717616,0.20783466905286416,-0.029219783081102662,-426.8290345840665,796.2900158416157,-370.19585017165934,-0.7348689141102411
3.24,-0.005912370291354243,-0.46881002526454424,0.0,-2.01137432979192,0.9935446812771652,-0.00019107104372159773,-0.00033453185411070675,-1.1786148859717616,0.20783466905286416,-0.029219783081102662,-426.8290345840665,796.2900158416157,-370.19585017165934,-0.7348689141102411
3.2600000000000002,-0.005558438669262394,-0.43532276394981084,0.0,-2.0113825813460435,0.9935138056393307,-0.0001903364407273884,-0.0003347653576927219,-1.1786148859717616,0.20783466905286416,-0.029219783081102662,-426.8290345840665,796.2900158416157,-370.19585017165934,-0.7348689141102411
3.2800000000000002,-0.005171075771022878,-0.4000344283052663,0.0,-2.011389445612272,0.9934862199396987,-0.00018969797115444198,-0.00033496917531506526,-1.1786148859717616,0.20783466905286416,-0.029219783081102662,-426.8290345840665,796.2900158416157,-370.19585017165934,-0.7348689141102411
3.3000000000000003,-0.00475211231792821,-0.36308433083454283,0.0,-2.0113949697013624,0.9934619319034322,-0.00018915245199664524,-0.0003351439896751424,-1.1786148859717616,0.20783466905286416,-0.029219783081102662,-426.8290345840665,796.2900158416157,-370.19585017165934,-0.7348689141102411
3.3200000000000003,-0.00430348192241494,-0.3246178436270339,0.0,-2.011399226864105,0.9934409029445953,-0.0001886955965424321,-0.000335290882686314,-1.1786148859717616,0.20783466905286416,-0.029219783081102662,-426.8290345840665,796.2900158416157,-370.19585017165934,-0.7348689141102411
3.34,-0.003827215353986971,-0.2847860363939743,0.0,-2.0114023154190432,0.993423049369972,-0.00018832207389523096,-0.00033541131855942556,-1.1786148859717616,0.20783466905286416,-0.029219783081102662,-426.8290345840665,796.2900158416157,-370.19585017165934,-0.7348689141102411
3.36,-0.0033254345137860245,-0.24374524230211653,0.0,-2.011404357532055,0.9934082437133389,-0.00018802557029418363,-0.0003355071256795211,-1.1786148859717616,0.20783466905286416,-0.029219783081102662,-426.8290345840665,796.2900158416157,-370.19585017165934,-0.7348689141102411
3.38,-0.002800346044716041,-0.2016565611760499,0.0,-2.011405497828619,0.9933963162173448,-0.0001877988534257939,-0.0003355804769754184,-1.1786148859717616,0.20783466905286416,-0.029219783081102662,-426.8290345840665,796.2900158416157,-370.19585017165934,-0.7348689141102411
3.4,-0.0022542345326963175,-0.15868530932594319,0.0,-2.011405901806526,0.9933870565071148,-0.0001876338414580418,-0.0003356338682705664,-1.1786148859717616,0.20783466905286416,-0.029219783081102662,-426.8290345840665,796.2900158416157,-370.19585017165934,-0.7348689141102411
3.42,-0.0016894552785753766,-0.11500042478365943,0.0,-2.0114057540066144,0.993380215523431,-0.0001875216789531539,-0.00033567009393260376,-1.1786148859717616,0.20783466905286416,-0.029219783081102662,-426.8290345840665,796.2900158416157,-370.19585017165934,-0.7348689141102411
3.44,-0.0011084266398695619,-0.07077383615035801,0.0,-2.01140525589266,0.9933755078026144,-0.0001874528220941968,-0.00033569221901740996,-1.1786148859717616,0.20783466905286416,-0.029219783081102662,-426.8290345840665,796.2900158416157,-370.19585017165934,-0.7348689141102411
3.46,-0.0005136219572463661,-0.026179802625801316,0.0,-2.0114046233895233,0.9933726142036406,-0.00018741713576212916,-0.0003357035470430825,-1.1786148859717616,0.20783466905286416,-0.029219783081102662,-426.8290345840665,796.2900158416157,-370.19585017165934,-0.7348689141102411
3.48,9.243890698625024e-05,0.018605767860755934,0.0,-2.0114040840320193,0.9933711851890739,-0.00018740400489099135,-0.0003357075825425032,-1.1786148859717616,0.20783466905286416,-0.029219783081102662,-426.8290345840665,796.2900158416157,-370.19585017165934,-0.7348689141102411
3.5,0.0007071983817386381,0.06507445549850982,0.0,-2.0114038736862674,0.9933708447635506,-0.00018740246217882007,-0.0003357079876416468,-1.1786148859717616,0.20783466905286416,-0.029219783081102662,-426.8290345840665,796.2900158416157,-370.19585017165934,-0.7348689141102411
3.52,0.0013275817299138468,0.11145768431682788,0.0,-2.0114042328211355,0.9933711951603689,-0.0001874013336166686,-0.0003357085321040572,-1.1732735929701952,0.20251337929021065,-0.029239786320015553,-439.7941250164085,819.2425654584624,-380.20055900914343,-0.7521185670895768
3.54,0.0019499808113942864,0.15699180107356203,0.0,-2.011405382026831,0.9933718050371156,-0.00018738912571477178,-0.00033571311204881707,-1.1732735929701952,0.20251337929021065,-0.029239786320015553,-439.7941250164085,819.2425654584624,-380.20055900914343,-0.7521185670895768
3.56,0.002570895276920687,0.20143009753153743,0.0,-2.011407546578762,0.99337225170114,-0.00018735452984204885,-0.00033572552013124346,-1.1732735929701952,0.20251337929021065,-0.029239786320015553,-439.7941250164085,819.2425654584624,-380.20055900914343,-0.7521185670895768
3.58,0.003187129480345819,0.24467644646240086,0.0,-2.011410945297494,0.9933721087553703,-0.00018728671148895805,-0.00033574943574052,-1.1732735929701952,0.20251337929021065,-0.029239786320015553,-439.7941250164085,819.2425654584624,-380.20055900914343,-0.7521185670895768
3.6,0.003795796838612379,0.28666336932162517,0.0,-2.011415784703362,0.993370952496893,-0.00018717545725194048,-0.0003357883973198955,-1.1732735929701952,0.20251337929021065,-0.029239786320015553,-439.7941250164085,819.2425654584624,-380.20055900914343,-0.7521185670895768
3.62,0.004394274956070532,0.32732045972597734,0.0,-2.011422253221643,0.9933683716595936,-0.00018701134080837623,-0.00033584572710005696,-1.1732735929701952,0.20251337929021065,-0.029239786320015553,-439.7941250164085,819.2425654584624,-380.20055900914343,-0.7521185670895768
3.64,0.004980156475867179,0.3665681225406921,0.0,-2.011430515544567,0.9933639772027677,-0.0001867859058423184,-0.00033592444919085485,-1.1732735929701952,0.20251337929021065,-0.029239786320015553,-439.7941250164085,819.2425654584624,-380.20055900914343,-0.7521185670895768
3.66,0.005551206715490224,0.40431762874458993,0.0,-2.011440707449099,0.9933574117523303,-0.00018649185322892995,-0.00033602721133810985,-1.1732735929701952,0.20251337929021065,-0.029239786320015553,-439.7941250164085,819.2425654584624,-380.20055900914343,-0.7521185670895768
3.68,0.00610532991656907,0.44047270172637565,0.0,-2.011452931284201,0.9933483585523286,-0.00018612322074013936,-0.00033615621306158053,-1.1732735929701952,0.20251337929021065,-0.029239786320015553,-439.7941250164085,819.2425654584624,-380.20055900914343,-0.7521185670895768
3.7,0.0066405436873455985,0.47493148682468145,0.0,-2.011467252305522,0.9933365496789435,-0.00018567554411577327,-0.0003363131426590718,-1.1732735929701952,0.20251337929021065,-0.029239786320015553,-439.7941250164085,819.2425654584624,-380.20055900914343,-0.7521185670895768
3.72,0.007154960698050833,0.5075885982005395,0.0,-2.0114836960134252,0.9933217732065367,-0.00018514598900061155,-0.00033649912590302166,-1.1732735929701952,0.20251337929021065,-0.029239786320015553,-439.7941250164085,819.2425654584624,-380.20055900914343,-0.7521185670895768
3.74,0.007646776590071535,0.5383371293658065,0.0,-2.0115022466214105,0.9933038790111087,-0.00018453344447766256,-0.0003367146891387928,-1.1732735929701952,0.20251337929021065,-0.029239786320015553,-439.7941250164085,819.2425654584624,-380.20055900914343,-0.7521185670895768
3.7600000000000002,0.00811426307573453,0.5670705663759891,0.0,-2.011522846741679,0.9932827829317333,-0.00018383857081591528,-0.0003369597389955431,-1.1732735929701952,0.20251337929021065,-0.029239786320015553,-439.7941250164085,819.2425654584624,-380.20055900914343,-0.7521185670895768
3.7800000000000002,0.008555765265191145,0.5936845656083183,0.0,-2.0115453983236606,0.9932584690740789,-0.00018306379651184245,-0.00033723356017092266,-1.1732735929701952,0.20251337929021065,-0.029239786320015553,-439.7941250164085,819.2425654584624,-380.20055900914343,-0.7521185670895768
3.8000000000000003,0.008969702338526366,0.6180785729759527,0.0,-2.0115697648232436,0.9932309901249415,-0.00018221326257109128,-0.0003375348318422458,-1.1732735929701952,0.20251337929021065,-0.029239786320015553,-439.7941250164085,819.2425654584624,-380.20055900914343,-0.7521185670895768
3.8200000000000003,0.009354570774322325,0.6401572725895396,0.0,-2.011595774519914,0.9932004656455456,-0.00018129271502920465,-0.00033786166227190334,-1.1732735929701952,0.20251337929021065,-0.029239786320015553,-439.7941250164085,819.2425654584624,-380.20055900914343,-0.7521185670895768
3.84,0.009708949443466678,0.6598318612895195,0.0,-2.0116232248414723,0.9931670784157667,-0.00018030934969674386,-0.00033821164019908926,-1.1732735929701952,0.20251337929021065,-0.029239786320015553,-439.7941250164085,819.2425654584624,-380.20055900914343,-0.7521185670895768
3.86,0.0100315059739484,0.6770211516301532,0.0,-2.0116518875066625,0.993131069002209,-0.0001792716157829063,-0.0003385819007285027,-1.1732735929701952,0.20251337929021065,-0.029239786320015553,-439.7941250164085,819.2425654584624,-380.20055900914343,-0.7521185670895768
3.88,0.010321003885125263,0.6916525101963407,0.0,-2.011681514259445,0.9930927288113313,-0.00017818898718139291,-0.00033896920271530385,-1.1732735929701952,0.20251337929021065,-0.029239786320015553,-439.7941250164085,819.2425654584624,-380.20055900914343,-0.7521185670895768
3.9,0.010576310076068884,0.7036626409374922,0.0,-2.011711842947825,0.9930523919570874,-0.0001770717116300643,-0.00033937001416143263,-1.1732735929701952,0.20251337929021065,-0.029239786320015553,-439.7941250164085,819.2425654584624,-380.20055900914343,-0.7521185670895768
3.92,0.01079640233061699,0.7129982248211277,0.0,-2.0117426036964536,0.9930104263156873,-0.00017593054859626106,-0.0003397806019133403,-1.1732735929701952,0.20251337929021065,-0.029239786320015553,-439.7941250164085,819.2425654584624,-380.20055900914343,-0.7521185670895768
3.94,0.010980376570967095,0.7196164278247583,0.0,-2.0117735249351054,0.9929672241557819,-0.00017477650659151388,-0.0003401971219889099,-1.1732735929701952,0.20251337929021065,-0.029239786320015553,-439.7941250164085,819.2425654584624,-380.20055900914343,-0.7521185670895768
3.96,0.011127453651857102,0.7234852893285292,0.0,-2.011804339072428,0.9929231927213262,-0.00017362058976030232,-0.0003406157071388431,-1.1732735929701952,0.20251337929021065,-0.029239786320015553,-439.7941250164085,819.2425654584624,-380.20055900914343,-0.7521185670895768
3.98,0.01123698553883889,0.72458400254107,0.0,-2.0118347876426155,0.9928787451098331,-0.00017247356215807546,-0.0003410325487202522,-1.1732735929701952,0.20251337929021065,-0.029239786320015553,-439.7941250164085,819.2425654584624,-380.20055900914343,-0.7521185670895768
4.0,0.011308460757385317,0.7229322933001983,0.0,-2.0118646257976867,0.9928342917359584,-0.00017134573631392795,-0.000341443970568692,-1.1732735929701952,0.20251337929021065,-0.029239786320015553,-439.7941250164085,819.2425654584624,-380.20055900914343,-0.7521185670895768
4.0200000000000005,0.011341500486390588,0.7183903813404662,0.0,-2.011893626065575,0.9927902326056813,-0.0001702467906572911,-0.00034184649323482525,-1.1675140102375767,0.19677090714188392,-0.029256896904307255,-453.15283629617176,842.637363660868,-390.2528261395721,-0.7682987748755169
4.04,0.011335895247270559,0.7109576546453165,0.0,-2.011921579296147,0.9927469505256399,-0.00016918559428781674,-0.0003422368928121263,-1.1675140102375767,0.19677090714188392,-0.029256896904307255,-453.15283629617176,842.637363660868,-390.2528261395721,-0.7682987748755169
4.0600000000000005,0.011291653523035561,0.7006940030582227,0.0,-2.011948308923022,0.992704805398545,-0.0001681702293223441,-0.00034261220686103194,-1.1675140102375767,0.19677090714188392,-0.029256896904307255,-453.15283629617176,842.637363660868,-390.2528261395721,-0.7682987748755169
4.08,0.011208998157407907,0.687677464254622,0.0,-2.011973662165985,0.9926641288194495,-0.0001672077566435552,-0.00034296983996063424,-1.1675140102375767,0.19677090714188392,-0.029256896904307255,-453.15283629617176,842.637363660868,-390.2528261395721,-0.7682987748755169
4.1,0.011088345892176698,0.671991727625196,0.0,-2.0119975091426516,0.9926252219689917,-0.00016630414976049102,-0.0003433075532929132,-1.1675140102375767,0.19677090714188392,-0.029256896904307255,-453.15283629617176,842.637363660868,-390.2528261395721,-0.7682987748755169
4.12,0.010930285899383451,0.653723686524466,0.0,-2.0120197430306215,0.9925883534237818,-0.0001654642778257969,-0.0003436234619632256,-1.1675140102375767,0.19677090714188392,-0.029256896904307255,-453.15283629617176,842.637363660868,-390.2528261395721,-0.7682987748755169
4.14,0.01073556145448967,0.6329635993328215,0.0,-2.0120402800234936,0.9925537573670885,-0.00016469191003101077,-0.00034391603585103014,-1.1675140102375767,0.19677090714188392,-0.029256896904307255,-453.15283629617176,842.637363660868,-390.2528261395721,-0.7682987748755169
4.16,0.010505055191844193,0.6098057770191139,0.0,-2.0120590589492733,0.9925216324071731,-0.00016398973298757446,-0.00034418409831681995,-1.1675140102375767,0.19677090714188392,-0.029256896904307255,-453.15283629617176,842.637363660868,-390.2528261395721,-0.7682987748755169
4.18,0.010239777470392534,0.584349282657825,0.0,-2.012076040610646,0.9924921409666813,-0.00016335937698705834,-0.0003444268215689227,-1.1675140102375767,0.19677090714188392,-0.029256896904307255,-453.15283629617176,842.637363660868,-390.2528261395721,-0.7682987748755169
4.2,0.009940857222186796,0.5566985199138291,0.0,-2.0120912069262267,0.9924654091349332,-0.00016280144828902658,-0.0003446437191404864,-1.1675140102375767,0.19677090714188392,-0.029256896904307255,-453.15283629617176,842.637363660868,-390.2528261395721,-0.7682987748755169
4.22,0.009609534684246704,0.5269636800727816,0.0,-2.0121045599438117,0.9924415268678907,-0.0001623155652564234,-0.0003448346362603593,-1.1675140102375767,0.19677090714188392,-0.029256896904307255,-453.15283629617176,842.637363660868,-390.2528261395721,-0.7682987748755169
4.24,0.009247155484145316,0.4952610415013704,0.0,-2.0121161207843037,0.9924205484326438,-0.0001619003967159816,-0.0003449997388457253,-1.1675140102375767,0.19677090714188392,-0.029256896904307255,-453.15283629617176,842.637363660868,-390.2528261395721,-0.7682987748755169
4.26,0.008855165627656085,0.46171312445875207,0.0,-2.0121259285618605,0.9924024930112274,-0.0001615537014454693,-0.0003451395016902592,-1.1675140102375767,0.19677090714188392,-0.029256896904307255,-453.15283629617176,842.637363660868,-390.2528261395721,-0.7682987748755169
4.28,0.008435107013652757,0.4264487090378756,0.0,-2.012134039312692,0.9923873453986437,-0.000161272368188226,-0.0003452546962461649,-1.1675140102375767,0.19677090714188392,-0.029256896904307255,-453.15283629617176,842.637363660868,-390.2528261395721,-0.7682987748755169
4.3,0.007988613173704587,0.38960272702463644,0.0,-2.012140524952253,0.9923750567507514,-0.00016105245606541424,-0.00034534637822220265,-1.1675140102375767,0.19677090714188392,-0.029256896904307255,-453.15283629617176,842.637363660868,-390.2528261395721,-0.7682987748755169
4.32,0.007517404999615422,0.3513160402163677,0.0,-2.01214547226868,0.9923655453583846,-0.00016088923569256927,-0.0003454158750502216,-1.1675140102375767,0.19677090714188392,-0.029256896904307255,-453.15283629617176,842.637363660868,-390.2528261395721,-0.7682987748755169
4.34,0.007023286280620483,0.31173511857773095,0.0,-2.0121489819494593,0.9923586974441863,-0.00016077723170465882,-0.0003454647731137264,-1.1675140102375767,0.19677090714188392,-0.029256896904307255,-453.15283629617176,842.637363660868,-390.2528261395721,-0.7682987748755169
4.36,0.006508138922679632,0.27101163173376785,0.0,-2.0121511676286765,0.9923543679977218,-0.0001607102677459069,-0.0003454949044872206,-1.1675140102375767,0.19677090714188392,-0.029256896904307255,-453.15283629617176,842.637363660868,-390.2528261395721,-0.7682987748755169
4.38,0.005973917765408641,0.22930196693443222,0.0,-2.0121521549339487,0.9923523816821008,-0.0001606815152788506,-0.0003455083328076986,-1.1675140102375767,0.19677090714188392,-0.029256896904307255,-453.15283629617176,842.637363660868,-390.2528261395721,-0.7682987748755169
4.4,0.005422644947988489,0.1867666858964149,0.0,-2.0121520805054165,0.9923525338611255,-0.00016068354779946576,-0.00034550733779380486,-1.1675140102375767,0.19677090714188392,-0.029256896904307255,-453.15283629617176,842.637363660868,-390.2528261395721,-0.7682987748755169
4.42,0.0048564038045074845,0.14356993200236184,0.0,-2.0121510909541853,0.9923545918094097,-0.00016070840219775215,-0.0003454943978482279,-1.1675140102375767,0.19677090714188392,-0.029256896904307255,-453.15283629617176,842.637363660868,-390.2528261395721,-0.7682987748755169
4.44,0.004277332292251402,0.09987879827656207,0.0,-2.0121493417245446,0.9923582961783314,-0.00016074764905834712,-0.0003454721701304433,-1.1675140102375767,0.19677090714188392,-0.029256896904307255,-453.15283629617176,842.637363660868,-390.2528261395721,-0.7682987748755169
4.46,0.0036876159742612333,0.05586266547695218,0.0,-2.0121469958234273,0.9923633627973897,-0.00016079247363514262,-0.000345443467475799,-1.1675140102375767,0.19677090714188392,-0.029256896904307255,-453.15283629617176,842.637363660868,-390.2528261395721,-0.7682987748755169
4.48,0.0030894805907165273,0.011692518560729004,0.0,-2.0121442223821644,0.992369484892666,-0.0001608337690380624,-0.0003454112315697044,-1.1675140102375767,0.19677090714188392,-0.029256896904307255,-453.15283629617176,842.637363660868,-390.2528261395721,-0.7682987748755169
4.5,0.0024851842631590524,-0.03351671193872606,0.0,-2.0121411950199177,0.9923763358008143,-0.00016086224282249362,-0.0003453785018682046,-1.1675140102375767,0.19677090714188392,-0.029256896904307255,-453.15283629617176,842.637363660868,-390.2528261395721,-0.7682987748755169
4.5200000000000005,0.0018773188986368062,-0.07856736715740201,0.0,-2.0121380899854264,0.9923835722474484,-0.0001608685376600581,-0.00034534837989354375,-1.1642345772314429,0.19350346306876826,-0.029268885837325315,-460.7044239253445,855.7531872522715,-395.8259808180725,-0.7772174911452518
4.54,0.001268812962473617,-0.12291640623834159,0.0,-2.0121350649907424,0.9923907954121937,-0.00016084230160930588,-0.0003453243820115072,-1.1642345772314429,0.19350346306876826,-0.029268885837325315,-460.7044239253445,855.7531872522715,-395.8259808180725,-0.7772174911452518
4.5600000000000005,0.0006625177758565965,-0.1663557414741916,0.0,-2.012132276444983,0.9923976546804262,-0.00016077458752801604,-0.0003453093577554509,-1.1642345772314429,0.19350346306876826,-0.029268885837325315,-460.7044239253445,855.7531872522715,-395.8259808180725,-0.7772174911452518
4.58,6.10824085841219e-05,-0.20877356246605563,0.0,-2.0121298836300245,0.9924037911284425,-0.00016065694155678655,-0.0003453061695011969,-1.1642345772314429,0.19350346306876826,-0.029268885837325315,-460.7044239253445,855.7531872522715,-395.8259808180725,-0.7772174911452518
4.6000000000000005,-0.0005330474270518921,-0.25007563961775775,0.0,-2.012128041755247,0.9924088440202429,-0.00016048142407283013,-0.0003453176310260073,-1.1642345772314429,0.19350346306876826,-0.029268885837325315,-460.7044239253445,855.7531872522715,-395.8259808180725,-0.7772174911452518
4.62,-0.0011175997244561196,-0.2901654447273296,0.0,-2.0121268972291677,0.9924124602230556,-0.00016024075768501618,-0.0003453464105229335,-1.1642345772314429,0.19350346306876826,-0.029268885837325315,-460.7044239253445,855.7531872522715,-395.8259808180725,-0.7772174911452518
4.64,-0.0016904447455519476,-0.32894057817670935,0.0,-2.0121265842962752,0.9924143020369804,-0.0001599284901108291,-0.00034539495712141474,-1.1642345772314429,0.19350346306876826,-0.029268885837325315,-460.7044239253445,855.7531872522715,-395.8259808180725,-0.7772174911452518
4.66,-0.0022495687545689797,-0.36629321726594166,0.0,-2.0121272221879716,0.9924140543338296,-0.00015953915658041163,-0.00034546543979887547,-1.1642345772314429,0.19350346306876826,-0.029268885837325315,-460.7044239253445,855.7531872522715,-395.8259808180725,-0.7772174911452518
4.68,-0.0027930539519960117,-0.4021115369090422,0.0,-2.012128912555996,0.9924114314315458,-0.00015906843479202197,-0.00034555969234621015,-1.1642345772314429,0.19350346306876826,-0.029268885837325315,-460.7044239253445,855.7531872522715,-395.8259808180725,-0.7772174911452518
4.7,-0.003319064206578011,-0.43628137373311143,0.0,-2.012131737198721,0.9924061836696556,-0.0001585132847049528,-0.00034567916381606065,-1.1642345772314429,0.19350346306876826,-0.029268885837325315,-460.7044239253445,855.7531872522715,-395.8259808180725,-0.7772174911452518
4.72,-0.0038258358545514622,-0.46868793008607124,0.0,-2.012135756155966,0.9923981034802776,-0.000157872065192415,-0.00034582487601649155,-1.1642345772314429,0.19350346306876826,-0.029268885837325315,-460.7044239253445,855.7531872522715,-395.8259808180725,-0.7772174911452518
4.74,-0.0043116727740434525,-0.49921743416589115,0.0,-2.0121410062572873,0.9923870307055253,-0.00015714462020510346,-0.0003459973900653032,-1.1642345772314429,0.19350346306876826,-0.029268885837325315,-460.7044239253445,855.7531872522715,-395.8259808180725,-0.7772174911452518
4.76,-0.004774944959380298,-0.5277587081500322,0.0,-2.0121475001999545,0.9923728569171987,-0.0001563323283512781,-0.00034619678386193023,-1.1642345772314429,0.19350346306876826,-0.029268885837325315,-460.7044239253445,855.7531872522715,-395.8259808180725,-0.7772174911452518
4.78,-0.005214089869654338,-0.5542046141494288,0.0,-2.012155226215504,0.9923555285243478,-0.00015543811151458377,-0.00034642264192374987,-1.1642345772314429,0.19350346306876826,-0.029268885837325315,-460.7044239253445,855.7531872522715,-395.8259808180725,-0.7772174911452518
4.8,-0.005627615892886374,-0.5784533603787161,0.0,-2.0121641483606196,0.9923350485015173,-0.00015446640017917687,-0.00034667405848517785,-1.1642345772314429,0.19350346306876826,-0.029268885837325315,-460.7044239253445,855.7531872522715,-395.8259808180725,-0.7772174911452518
4.82,-0.006014107343073604,-0.6004096594368751,0.0,-2.0121742074408178,0.9923114766313667,-0.00015342305537428697,-0.0003469496541256636,-1.1642345772314429,0.19350346306876826,-0.029268885837325315,-460.7044239253445,855.7531872522715,-395.8259808180725,-0.7772174911452518
4.84,-0.006372230486347746,-0.6199857376341267,0.0,-2.012185322546076,0.9922849282255387,-0.00015231524942572205,-0.00034724760552506994,-1.1642345772314429,0.19350346306876826,-0.029268885837325315,-460.7044239253445,855.7531872522715,-395.8259808180725,-0.7772174911452518
4.86,-0.00670074017013314,-0.6371021993238671,0.0,-2.0121973931483836,0.992255571361819,-0.00015115130983899453,-0.0003475656872930054,-1.1642345772314429,0.19350346306876826,-0.029268885837325315,-460.7044239253445,855.7531872522715,-395.8259808180725,-0.7772174911452518
4.88,-0.006998486702564581,-0.6516887535461375,0.0,-2.0122103016846817,0.9922236227478729,-0.0001499405324730603,-0.0003479013242337761,-1.1642345772314429,0.19350346306876826,-0.029268885837325315,-460.7044239253445,855.7531872522715,-395.8259808180725,-0.7772174911452518
4.9,-0.0072644226966114235,-0.6636848123292518,0.0,-2.0122239165269646,0.9921893423863921,-0.000148692971558207,-0.0003482516519361751,-1.1642345772314429,0.19350346306876826,-0.029268885837325315,-460.7044239253445,855.7531872522715,-395.8259808180725,-0.7772174911452518
4.92,-0.007497609653237649,-0.6730399710054981,0.0,-2.012238095226122,0.9921530272682889,-0.00014741921497104789,-0.0003486135832520638,-1.1642345772314429,0.19350346306876826,-0.029268885837325315,-460.7044239253445,855.7531872522715,-395.8259808180725,-0.7772174911452518
4.94,-0.007697224110096566,-0.6797143811586837,0.0,-2.012252687908493,0.9921150043560129,-0.0001461301534624013,-0.0003489838780692104,-1.1642345772314429,0.19350346306876826,-0.029268885837325315,-460.7044239253445,855.7531872522715,-395.8259808180725,-0.7772174911452518
4.96,-0.007862563226720845,-0.6836790265338762,0.0,-2.0122675407042916,0.9920756231361803,-0.00014483675225310943,-0.00034935921379543496,-1.1642345772314429,0.19350346306876826,-0.029268885837325315,-460.7044239253445,855.7531872522715,-395.8259808180725,-0.7772174911452518
4.98,-0.007993049714317689,-0.6849159116001301,0.0,-2.0122824990945634,0.9920352480194411,-0.00014354983263337057,-0.0003497362541397761,-1.1642345772314429,0.19350346306876826,-0.029268885837325315,-460.7044239253445,855.7531872522715,-395.8259808180725,-0.7772174911452518
5.0,-0.008088236048686664,-0.6834228451592125,0.0,-2.0122974110769833,0.9919942508474663,-0.0001422798700266367,-0.0003501117140760758,-1.1642345772314429,0.19350346306876826,-0.029268885837325315,-460.7044239253445,855.7531872522715,-395.8259808180725,-0.7772174911452518
5.0200000000000005,-0.008147806560637539,-0.6790982362780016,0.0,-2.0123121300690094,0.9919530037351303,-0.00014103681353880092,-0.0003504824192695235,-1.157341389031199,0.18662297936216932,-0.029281590330970404,-477.84473544694634,886.6957373016794,-409.6514601407469,-0.8004582860132383
5.04,-0.008171609755127802,-0.6719545789157597,0.0,-2.012326517100711,0.9919118723700379,-0.0001398299244199936,-0.00035084536050059375,-1.157341389031199,0.18662297936216932,-0.029281590330970404,-477.84473544694634,886.6957373016794,-409.6514601407469,-0.8004582860132383
5.0600000000000005,-0.008159692268709199,-0.6620525285839459,0.0,-2.0123404520470203,0.9918712113114532,-0.0001386677848348463,-0.00035119769605250977,-1.157341389031199,0.18662297936216932,-0.029281590330970404,-477.84473544694634,886.6957373016794,-409.6514601407469,-0.8004582860132383
5.08,-0.008112291434698056,-0.6494669738912077,0.0,-2.012353826904885,0.9918313563524948,-0.0001375580215589479,-0.000351536883102668,-1.157341389031199,0.18662297936216932,-0.029281590330970404,-477.84473544694634,886.6957373016794,-409.6514601407469,-0.8004582860132383
5.1000000000000005,-0.00802981559300434,-0.6342774180224956,0.0,-2.0123665453638115,0.9917926218423566,-0.00013650722865332548,-0.0003518606666128889,-1.157341389031199,0.18662297936216932,-0.029281590330970404,-477.84473544694634,886.6957373016794,-409.6514601407469,-0.8004582860132383
5.12,-0.007912824697308488,-0.6165663950592125,0.0,-2.012378523775296,0.9917552975265486,-0.00013552093794808335,-0.0003521670818630174,-1.157341389031199,0.18662297936216932,-0.029281590330970404,-477.84473544694634,886.6957373016794,-409.6514601407469,-0.8004582860132383
5.14,-0.007762014283888665,-0.5964199076937385,0.0,-2.012389692124354,0.9917196455587788,-0.0001346036085030035,-0.00035245446407698207,-1.157341389031199,0.18662297936216932,-0.029281590330970404,-477.84473544694634,886.6957373016794,-409.6514601407469,-0.8004582860132383
5.16,-0.007578202924486485,-0.5739282226121866,0.0,-2.0123999947121716,0.9916858980825359,-0.0001337586285862907,-0.00035272145675807235,-1.157341389031199,0.18662297936216932,-0.029281590330970404,-477.84473544694634,886.6957373016794,-409.6514601407469,-0.8004582860132383
5.18,-0.0073623225930305744,-0.5491866180502565,0.0,-2.0124093905340112,0.991654255437252,-0.00013298832749048976,-0.0003529670163538774,-1.157341389031199,0.18662297936216932,-0.029281590330970404,-477.84473544694634,886.6957373016794,-409.6514601407469,-0.8004582860132383
5.2,-0.007115411286358741,-0.5222959890350514,0.0,-2.0124178533941466,0.9916248849254918,-0.00013229399520930525,-0.00035319041320110416,-1.157341389031199,0.18662297936216932,-0.029281590330970404,-477.84473544694634,886.6957373016794,-409.6514601407469,-0.8004582860132383
5.22,-0.006838607292280212,-0.4933632895476163,0.0,-2.0124253718073373,0.9915979200498226,-0.00013167590829567485,-0.00035339122929687537,-1.157341389031199,0.18662297936216932,-0.029281590330970404,-477.84473544694634,886.6957373016794,-409.6514601407469,-0.8004582860132383
5.24,-0.006533144582125422,-0.4625018111005436,0.0,-2.0124319487326816,0.9915734601281347,-0.00013113336050860438,-0.000353569353514642,-1.157341389031199,0.18662297936216932,-0.029281590330970404,-477.84473544694634,886.6957373016794,-409.6514601407469,-0.8004582860132383
5.26,-0.006200348892437401,-0.4298313053187777,0.0,-2.0124376011787257,0.9915515702055976,-0.00013066469717685594,-0.00035372497481081364,-1.157341389031199,0.18662297936216932,-0.029281590330970404,-477.84473544694634,886.6957373016794,-409.6514601407469,-0.8004582860132383
5.28,-0.005841634143940356,-0.39547796248750283,0.0,-2.012442359710451,0.9915322811950351,-0.00013026735255605446,-0.0003538585738520808,-1.157341389031199,0.18662297936216932,-0.029281590330970404,-477.84473544694634,886.6957373016794,-409.6514601407469,-0.8004582860132383
5.3,-0.005458498922341635,-0.3595742605197376,0.0,-2.012446267879928,0.9915155901935403,-0.00012993788982161415,-0.0003539709133597604,-1.157341389031199,0.18662297936216932,-0.029281590330970404,-477.84473544694634,886.6957373016794,-409.6514601407469,-0.8004582860132383
5.32,-0.005052522813362574,-0.32225869995002276,0.0,-2.0124493815936164,0.9915014609405858,-0.00012967204371033722,-0.0003540630273269878,-1.157341389031199,0.18662297936216932,-0.029281590330970404,-477.84473544694634,886.6957373016794,-409.6514601407469,-0.8004582860132383
5.34,-0.004625362443097546,-0.2836754407639416,0.0,-2.012451768420852,0.991489824400952,-0.00012946476618543346,-0.00035413620912416033,-1.157341389031199,0.18662297936216932,-0.029281590330970404,-477.84473544694634,886.6957373016794,-409.6514601407469,-0.8004582860132383
5.36,-0.0041787471243347075,-0.24397385637376928,0.0,-2.0124535068404277,0.9914805794737503,-0.0001293102758373897,-0.0003541919983742023,-1.157341389031199,0.18662297936216932,-0.029281590330970404,-477.84473544694634,886.6957373016794,-409.6514601407469,-0.8004582860132383
5.38,-0.00371447405031372,-0.20330801911075327,0.0,-2.012454685415572,0.9914735938460035,-0.00012920211203022247,-0.00035423216635797455,-1.157341389031199,0.18662297936216932,-0.029281590330970404,-477.84473544694634,886.6957373016794,-409.6514601407469,-0.8004582860132383
5.4,-0.003234403010203361,-0.16183613037048977,0.0,-2.01245540188239,0.9914687050249533,-0.000129133195040221,-0.00035425869960787677,-1.157341389031199,0.18662297936216932,-0.029281590330970404,-477.84473544694634,886.6957373016794,-409.6514601407469,-0.8004582860132383
5.42,-0.002740450626273291,-0.11971990719741926,0.0,-2.012455762133202,0.9914657215967957,-0.00012909589359283135,-0.0003542737812706282,-1.157341389031199,0.18662297936216932,-0.029281590330970404,-477.84473544694634,886.6957373016794,-409.6514601407469,-0.8004582860132383
5.44,-0.0022345841321931253,-0.0771239356919213,0.0,-2.0124558790744107,0.9914644247700902,-0.00012908210126162336,-0.000354279769775076,-1.157341389031199,0.18662297936216932,-0.029281590330970404,-477.84473544694634,886.6957373016794,-409.6514601407469,-0.8004582860132383
5.46,-0.001718814726119448,-0.034215000285078914,0.0,-2.0124558713388474,0.991464570268847,-0.00012908332313109734,-0.0003542791743340594,-1.157341389031199,0.18662297936216932,-0.029281590330970404,-477.84473544694634,886.6957373016794,-409.6514601407469,-0.8004582860132383
5.48,-0.001195190542073879,0.008838603341535509,0.0,-2.012455861835129,0.9914658906423689,-0.00012909077392330196,-0.0003542746268471229,-1.157341389031199,0.18662297936216932,-0.029281590330970404,-477.84473544694634,886.6957373016794,-409.6514601407469,-0.8004582860132383
5.5,-0.0006657892894670206,0.05302596904170944,0.0,-2.012455976121605,0.991468098055499,-0.00012909548843253064,-0.000354268849858202,-1.157341389031199,0.18662297936216932,-0.029281590330970404,-477.84473544694634,886.6957373016794,-409.6514601407469,-0.8004582860132383
5.5200000000000005,-0.00013304977834126958,0.09703012995612256,0.0,-2.012456340599987,0.9914708876132458,-0.00012908844459483365,-0.00035426462036264837,-1.1528744000465017,0.1821702289466014,-0.0292958289000997,-488.5868800880516,905.6737989327114,-417.9009007373184,-0.8139818926583243
5.54,0.0004002307401043837,0.14027597720126306,0.0,-2.0124570552481003,0.9914739062218625,-0.00012906008609135184,-0.0003542649612767555,-1.1528744000465017,0.1821702289466014,-0.0292958289000997,-488.5868800880516,905.6737989327114,-417.9009007373184,-0.8139818926583243
5.5600000000000005,0.0009313554176442716,0.18256594249253943,0.0,-2.0124582269114115,0.991476839536362,-0.00012900171275843393,-0.00035427245813117036,-1.1528744000465017,0.1821702289466014,-0.0292958289000997,-488.5868800880516,905.6737989327114,-417.9009007373184,-0.8139818926583243
5.58,0.0014578601853476375,0.22380801972442402,0.0,-2.0124599634221316,0.9914793643959234,-0.00012890508509000716,-0.00035428967506356514,-1.1528744000465017,0.1821702289466014,-0.0292958289000997,-488.5868800880516,905.6737989327114,-417.9009007373184,-0.8139818926583243
5.6000000000000005,0.001977507131708264,0.26392649334734897,0.0,-2.0124623676764917,0.9914811540520145,-0.000128762482523306,-0.00035431911634026465,-1.1528744000465017,0.1821702289466014,-0.0292958289000997,-488.5868800880516,905.6737989327114,-417.9009007373184,-0.8139818926583243
5.62,0.0024882449265122217,0.30283987384979333,0.0,-2.0124655336417803,0.9914818870896471,-0.0001285668365812263,-0.000354363145711176,-1.1528744000465017,0.1821702289466014,-0.0292958289000997,-488.5868800880516,905.6737989327114,-417.9009007373184,-0.8139818926583243
5.64,0.002988168937314616,0.3404573441534574,0.0,-2.012469543386608,0.9914812551944358,-0.00012831187905517475,-0.00035442391875392676,-1.1528744000465017,0.1821702289466014,-0.0292958289000997,-488.5868800880516,905.6737989327114,-417.9009007373184,-0.8139818926583243
5.66,0.0034754885760470136,0.3766796955068171,0.0,-2.012474464673342,0.9914789702068029,-0.0001279922915896832,-0.0003545033254833359,-1.1528744000465017,0.1821702289466014,-0.0292958289000997,-488.5868800880516,905.6737989327114,-417.9009007373184,-0.8139818926583243
5.68,0.0039485027164455275,0.41140130265519703,0.0,-2.0124803489948335,0.9914747707659396,-0.00012760384790951593,-0.00035460293971138133,-1.1528744000465017,0.1821702289466014,-0.0292958289000997,-488.5868800880516,905.6737989327114,-417.9009007373184,-0.8139818926583243
5.7,0.004405582446681414,0.4445123174367615,0.0,-2.0124872300550365,0.9914684285060462,-0.0001271435402480271,-0.00035472397505222823,-1.1528744000465017,0.1821702289466014,-0.0292958289000997,-488.5868800880516,905.6737989327114,-417.9009007373184,-0.8139818926583243
5.72,0.00484516009026252,0.475900848491884,0.0,-2.012495122719933,0.9914597536326186,-0.00012660968204884196,-0.0003548672489171845,-1.1528744000465017,0.1821702289466014,-0.0292958289000997,-488.5868800880516,905.6737989327114,-417.9009007373184,-0.8139818926583243
5.74,0.00526572339760191,0.5054550303179659,0.0,-2.0125040224645105,0.9914485996753687,-0.00012600198008179596,-0.0003550331560890376,-1.1528744000465017,0.1821702289466014,-0.0292958289000997,-488.5868800880516,905.6737989327114,-417.9009007373184,-0.8139818926583243
5.76,0.005665813868379634,0.5330649285117255,0.0,-2.0125139053319674,0.9914348672244595,-0.00012532157064181095,-0.00035522165322940467,-1.1528744000465017,0.1821702289466014,-0.0292958289000997,-488.5868800880516,905.6737989327114,-417.9009007373184,-0.8139818926583243
5.78,0.006044028258943004,0.5586242517507486,0.0,-2.0125247284073535,0.9914185064875072,-0.00012457101637257696,-0.0003554322552406562,-1.1528744000465017,0.1821702289466014,-0.0292958289000997,-488.5868800880516,905.6737989327114,-417.9009007373184,-0.8139818926583243
5.8,0.006399022440370423,0.5820318577293583,0.0,-2.0125364307909908,0.9913995185497657,-0.00012375426235279553,-0.0003556640438755801,-1.1528744000465017,0.1821702289466014,-0.0292958289000997,-488.5868800880516,905.6737989327114,-417.9009007373184,-0.8139818926583243
5.82,0.00672951689043518,0.603193052355159,0.0,-2.0125489350385286,0.9913779552753429,-0.0001228765522610381,-0.00035591568841424824,-1.1528744000465017,0.1821702289466014,-0.0292958289000997,-488.5868800880516,905.6737989327114,-417.9009007373184,-0.8139818926583243
5.84,0.007034303218874599,0.6220206898982514,0.0,-2.01256214901596,0.9913539178490605,-0.000121944307540985,-0.0003561854776528429,-1.1528744000465017,0.1821702289466014,-0.0292958289000997,-488.5868800880516,905.6737989327114,-417.9009007373184,-0.8139818926583243
5.86,0.007312251234928024,0.6384360872054529,0.0,-2.012575968101036,0.9913275540218444,-0.00012096497436884433,-0.00035647136191736784,-1.1528744000465017,0.1821702289466014,-0.0292958289000997,-488.5868800880516,905.6737989327114,-417.9009007373184,-0.8139818926583243
5.88,0.007562316165722809,0.6523697681616453,0.0,-2.0125902776489135,0.9912990541821679,-0.00011994684474258386,-0.0003567710033674624,-1.1528744000465017,0.1821702289466014,-0.0292958289000997,-488.5868800880516,905.6737989327114,-417.9009007373184,-0.8139818926583243
5.9,0.0077835457220032465,0.6637620558972481,0.0,-2.012604955630805,0.9912686464272754,-0.00011889885906640979,-0.0003570818325252771,-1.1528744000465017,0.1821702289466014,-0.0292958289000997,-488.5868800880516,905.6737989327114,-417.9009007373184,-0.8139818926583243
5.92,0.007975086783218743,0.6725635302638577,0.0,-2.0126198753507207,0.9912365908467701,-0.0001178303981355121,-0.0003574011087736118,-1.1528744000465017,0.1821702289466014,-0.0292958289000997,-488.5868800880516,905.6737989327114,-417.9009007373184,-0.8139818926583243
5.94,0.008136191537303822,0.6787353672544596,0.0,-2.0126349081473025,0.9912031732551093,-0.00011675107242836865,-0.0003577259825241656,-1.1528744000465017,0.1821702289466014,-0.0292958289000997,-488.5868800880516,905.6737989327114,-417.9009007373184,-0.8139818926583243
5.96,0.008266222962284367,0.6822495756304671,0.0,-2.0126499259949195,0.9911686986176028,-0.00011567051612688024,-0.00035805355685486283,-1.1528744000465017,0.1821702289466014,-0.0292958289000997,-488.5868800880516,905.6737989327114,-417.9009007373184,-0.8139818926583243
5.98,0.008364659578226625,0.6830891443052157,0.0,-2.0126648039297788,0.9911334844072393,-0.00011459819238973361,-0.00035838094663608776,-1.1528744000465017,0.1821702289466014,-0.0292958289000997,-488.5868800880516,905.6737989327114,-417.9009007373184,-0.8139818926583243
6.0,0.00843109943025034,0.6812285733782406,0.0,-2.0126794222416127,0.9910978541089912,-0.00011354321521020478,-0.00035870533348146446,-1.1528744000465017,0.1821702289466014,-0.0292958289000997,-488.5868800880516,905.6737989327114,-417.9009007373184,-0.8139818926583243
6.0200000000000005,0.008465269009162479,0.6766015322281844,0.0,-2.0126936683881627,0.9910621310571096,-0.00011251419181910364,-0.00035902401523611255,-1.1463293064345679,0.17563721819179143,-0.02930791175722351,-504.49773187290634,934.1786084921607,-430.5152536363225,-0.8343770170679342
6.04,0.008467052341514946,0.6692313780539313,0.0,-2.012707440443748,0.9910266326007177,-0.0001115191026375968,-0.000359334445189743,-1.1463293064345679,0.17563721819179143,-0.02930791175722351,-504.49773187290634,934.1786084921607,-430.5152536363225,-0.8343770170679342
6.0600000000000005,0.00843651166865411,0.6591777793268887,0.0,-2.012720653058013,0.9909916643012987,-0.00011056522037912997,-0.000359634268585078,-1.1463293064345679,0.17563721819179143,-0.02930791175722351,-504.49773187290634,934.1786084921607,-430.5152536363225,-0.8343770170679342
6.08,0.008373877220756385,0.6465111670881099,0.0,-2.0127332310308104,0.9909575163393568,-0.00010965895796267522,-0.00035992138898208886,-1.1463293064345679,0.17563721819179143,-0.02930791175722351,-504.49773187290634,934.1786084921607,-430.5152536363225,-0.8343770170679342
6.1000000000000005,0.008279529077221058,0.6313059519884856,0.0,-2.012745108720344,0.9909244611060936,-0.00010880580970857113,-0.0003601939581570248,-1.1463293064345679,0.17563721819179143,-0.02930791175722351,-504.49773187290634,934.1786084921607,-430.5152536363225,-0.8343770170679342
6.12,0.008153980391823325,0.6136397520581524,0.0,-2.012756230574814,0.9908927502426157,-0.00010801032391734694,-0.00036045037963554783,-1.1463293064345679,0.17563721819179143,-0.02930791175722351,-504.49773187290634,934.1786084921607,-430.5152536363225,-0.8343770170679342
6.140000000000001,0.007997863995661915,0.5935940525800721,0.0,-2.0127665516412194,0.9908626118857612,-0.00010727609063547831,-0.0003606893173984277,-1.1463293064345679,0.17563721819179143,-0.02930791175722351,-504.49773187290634,934.1786084921607,-430.5152536363225,-0.8343770170679342
6.16,0.00781192221443695,0.5712550556125243,0.0,-2.012776037845422,0.9908342484218299,-0.00010660573988354785,-0.00036090970316086463,-1.1463293064345679,0.17563721819179143,-0.02930791175722351,-504.49773187290634,934.1786084921607,-430.5152536363225,-0.8343770170679342
6.18,0.007596999264102831,0.5467144237607432,0.0,-2.0127846660447934,0.9908078347745635,-0.00010600094827182093,-0.0003611107404859157,-1.1463293064345679,0.17563721819179143,-0.02930791175722351,-504.49773187290634,934.1786084921607,-430.5152536363225,-0.8343770170679342
6.2,0.007354035563323213,0.5200698535635218,0.0,-2.0127924238930066,0.9907835171690744,-0.00010546245256997457,-0.00036129190574635646,-1.1463293064345679,0.17563721819179143,-0.02930791175722351,-504.49773187290634,934.1786084921607,-430.5152536363225,-0.8343770170679342
6.22,0.00708406337740481,0.4914254688167843,0.0,-2.012799309559909,0.9907614122948282,-0.00010499006904806857,-0.0003614529463845471,-1.1463293064345679,0.17563721819179143,-0.02930791175722351,-504.49773187290634,934.1786084921607,-430.5152536363225,-0.8343770170679342
6.24,0.006788203303392108,0.4608920400495142,0.0,-2.012805331345441,0.9907416067918327,-0.00010458271761486363,-0.00036159387696774366,-1.1463293064345679,0.17563721819179143,-0.02930791175722351,-504.49773187290634,934.1786084921607,-430.5152536363225,-0.8343770170679342
6.26,0.0064676611996871795,0.42858704303449685,0.0,-2.0128105072204288,0.9907241569922027,-0.00010423845001377329,-0.0003617149734770129,-1.1463293064345679,0.17563721819179143,-0.02930791175722351,-504.49773187290634,934.1786084921607,-430.5152536363225,-0.8343770170679342
6.28,0.006123725249938277,0.3946345726418499,0.0,-2.012814864320048,0.9907090888608411,-0.0001039544816022937,-0.0003618167661727753,-1.1463293064345679,0.17563721819179143,-0.02930791175722351,-504.49773187290634,934.1786084921607,-430.5152536363225,-0.8343770170679342
6.3,0.005757762927693854,0.35916512992431965,0.0,-2.012818438408437,0.9906963980927895,-0.00010372722653017387,-0.00036190003126881253,-1.1463293064345679,0.17563721819179143,-0.02930791175722351,-504.49773187290634,934.1786084921607,-430.5152536363225,-0.8343770170679342
6.32,0.005371217694471576,0.3223153005901171,0.0,-2.0128212733257493,0.9906860503399754,-0.00010355233643231976,-0.00036196578152842244,-1.1463293064345679,0.17563721819179143,-0.02930791175722351,-504.49773187290634,934.1786084921607,-430.5152536363225,-0.8343770170679342
6.34,0.004965605319406491,0.2842273423992738,0.0,-2.0128234204222664,0.9906779815558846,-0.00010342474305032356,-0.00036201525577784415,-1.1463293064345679,0.17563721819179143,-0.02930791175722351,-504.49773187290634,934.1786084921607,-430.5152536363225,-0.8343770170679342
6.36,0.004542509753965936,0.24504869779336907,0.0,-2.0128249379782215,0.9906720984624507,-0.0001033387054746618,-0.00036204990721940033,-1.1463293064345679,0.17563721819179143,-0.02930791175722351,-504.49773187290634,934.1786084921607,-430.5152536363225,-0.8343770170679342
6.38,0.004103578531257196,0.2049314465206113,0.0,-2.012825890602998,0.9906682791585419,-0.00010328786294063784,-0.0003620713903256919,-1.1463293064345679,0.17563721819179143,-0.02930791175722351,-504.49773187290634,934.1786084921607,-430.5152536363225,-0.8343770170679342
6.4,0.0036505176872260467,0.16403171129811459,0.0,-2.012826348603419,0.9906663739032021,-0.00010326529429558689,-0.0003620815460125352,-1.1463293064345679,0.17563721819179143,-0.02930791175722351,-504.49773187290634,934.1786084921607,-430.5152536363225,-0.8343770170679342
6.42,0.0031850862217592943,0.12250902783901266,0.0,-2.012826387308123,0.9906662061186189,-0.00010326358536349549,-0.00036208238472767214,-1.1463293064345679,0.17563721819179143,-0.02930791175722351,-504.49773187290634,934.1786084921607,-430.5152536363225,-0.8343770170679342
6.44,0.0027090901324639343,0.08052568891461287,0.0,-2.0128260863335945,0.9906675736669291,-0.0001032749054459566,-0.0003620760670603917,-1.1463293064345679,0.17563721819179143,-0.02930791175722351,-504.49773187290634,934.1786084921607,-430.5152536363225,-0.8343770170679342
6.46,0.0022243760638538637,0.03824607062665521,0.0,-2.0128255287774057,0.9906702504607108,-0.00010329109409721727,-0.00036206488147930377,-1.1463293064345679,0.17563721819179143,-0.02930791175722351,-504.49773187290634,934.1786084921607,-430.5152536363225,-0.8343770170679342
6.48,0.0017328246207733667,-0.00416405228048046,0.0,-2.012824800325671,0.9906739884685682,-0.0001033037590798912,-0.00036205121884659146,-1.1463293064345679,0.17563721819179143,-0.02930791175722351,-504.49773187290634,934.1786084921607,-430.5152536363225,-0.8343770170679342
6.5,0.0012363433980656612,-0.047458340627571885,0.0,-2.012823988264704,0.9906785201738894,-0.00010330438603610861,-0.0003620375434407555,-1.1463293064345679,0.17563721819179143,-0.02930791175722351,-504.49773187290634,934.1786084921607,-430.5152536363225,-0.8343770170679342
6.5200000000000005,0.0007371292312891532,-0.09054147102023558,0.0,-2.012823180391368,0.9906835615359798,-0.00010328445989260812,-0.00036202636034830766,-1.142490232199727,0.17180934337778483,-0.02931911117805778,-513.664808818083,950.3500576048867,-437.53079250838056,-0.8455437215764473
6.54,0.00023765997673208267,-0.13292598035827846,0.0,-2.0128224379074338,0.9906887741099049,-0.00010323487135655167,-0.0003620204832934291,-1.142490232199727,0.17180934337778483,-0.02931911117805778,-513.664808818083,950.3500576048867,-437.53079250838056,-0.8455437215764473
6.5600000000000005,-0.0002596757750399888,-0.17443194301692402,0.0,-2.0128218292200595,0.9906938681746371,-0.00010314761784990349,-0.0003620221366229506,-1.142490232199727,0.17180934337778483,-0.02931911117805778,-513.664808818083,950.3500576048867,-437.53079250838056,-0.8455437215764473
6.58,-0.0007526821875335271,-0.21496336735754545,0.0,-2.012821427465129,0.9906985425462791,-0.00010301517841481485,-0.00036203357055907166,-1.142490232199727,0.17180934337778483,-0.02931911117805778,-513.664808818083,950.3500576048867,-437.53079250838056,-0.8455437215764473
6.6000000000000005,-0.0012393472496647195,-0.25443543691554493,0.0,-2.012821304136273,0.9907024902521464,-0.00010283054956846839,-0.0003620570054756047,-1.142490232199727,0.17180934337778483,-0.02931911117805778,-513.664808818083,950.3500576048867,-437.53079250838056,-0.8455437215764473
6.62,-0.0017178084580173735,-0.29275713301656187,0.0,-2.012821525506698,0.990705407759113,-0.00010258738047535088,-0.0003620945397431934,-1.142490232199727,0.17180934337778483,-0.02931911117805778,-513.664808818083,950.3500576048867,-437.53079250838056,-0.8455437215764473
6.640000000000001,-0.0021863195820601977,-0.3298289618385804,0.0,-2.012822150542701,0.9907070024356942,-0.00010228012183899444,-0.00036214808230057474,-1.142490232199727,0.17180934337778483,-0.02931911117805778,-513.664808818083,950.3500576048867,-437.53079250838056,-0.8455437215764473
6.66,-0.0026432243442808387,-0.3655442599956408,0.0,-2.0128232294501993,0.9907069991106541,-0.00010190417285574131,-0.0003622192997317346,-1.142490232199727,0.17180934337778483,-0.02931911117805778,-513.664808818083,950.3500576048867,-437.53079250838056,-0.8455437215764473
6.68,-0.0030869374126470577,-0.3997912755185108,0.0,-2.0128248025741953,0.9907051462252485,-0.0001014560180251414,-0.00036230957103763634,-1.142490232199727,0.17180934337778483,-0.02931911117805778,-513.664808818083,950.3500576048867,-437.53079250838056,-0.8455437215764473
6.7,-0.0035159318657048046,-0.43245536372858084,0.0,-2.0128268995827443,0.9907012216106342,-0.00010093334605177514,-0.0003624199488796409,-1.142490232199727,0.17180934337778483,-0.02931911117805778,-513.664808818083,950.3500576048867,-437.53079250838056,-0.8455437215764473
6.72,-0.003928732061441488,-0.4634211098962281,0.0,-2.0128295389234734,0.9906950377493184,-0.00010033514362067675,-0.0003625511281630306,-1.142490232199727,0.17180934337778483,-0.02931911117805778,-513.664808818083,950.3500576048867,-437.53079250838056,-0.8455437215764473
6.74,-0.0043239108525637854,-0.4925743003549528,0.0,-2.0128327275525595,0.9906864463374916,-9.966175795116243e-05,-0.0003627034232361083,-1.142490232199727,0.17180934337778483,-0.02931911117805778,-513.664808818083,950.3500576048867,-437.53079250838056,-0.8455437215764473
6.76,-0.004700090172689943,-0.5198037016438978,0.0,-2.012836460936619,0.9906753419692291,-9.891492357881413e-05,-0.0003628767548111501,-1.142490232199727,0.17180934337778483,-0.02931911117805778,-513.664808818083,950.3500576048867,-437.53079250838056,-0.8455437215764473
6.78,-0.0050559441274691305,-0.5450026290490764,0.0,-2.01284072332474,0.9906616647879675,-9.80977506453256e-05,-0.0003630706473473971,-1.142490232199727,0.17180934337778483,-0.02931911117805778,-513.664808818083,950.3500576048867,-437.53079250838056,-0.8455437215764473
6.8,-0.005390203845023502,-0.5680703010975198,0.0,-2.0128454882824283,0.990645401988263,-9.721467396822924e-05,-0.00036328423718753173,-1.142490232199727,0.17180934337778483,-0.02931911117805778,-513.664808818083,950.3500576048867,-437.53079250838056,-0.8455437215764473
6.82,-0.005701663461383321,-0.5889129870758569,0.0,-2.0128507194721026,0.990626588098366,-9.627136418772296e-05,-0.00036351629125473765,-1.142490232199727,0.17180934337778483,-0.02931911117805778,-513.664808818083,950.3500576048867,-437.53079250838056,-0.8455437215764473
6.84,-0.005989186731996489,-0.6074449613914803,0.0,-2.0128563716566736,0.9906053040281193,-9.527460420790839e-05,-0.00036376523563397414,-1.142490232199727,0.17180934337778483,-0.02931911117805778,-513.664808818083,950.3500576048867,-437.53079250838056,-0.8455437215764473
6.86,-0.006251713865709257,-0.6235892824181221,0.0,-2.0128623918946027,0.990581674923003,-9.423213583173608e-05,-0.000364029192914182,-1.142490232199727,0.17180934337778483,-0.02931911117805778,-513.664808818083,950.3500576048867,-437.53079250838056,-0.8455437215764473
6.88,-0.006488268270426204,-0.6372784150685571,0.0,-2.0128687208875617,0.990555866919273,-9.315248281663347e-05,-0.00036430602679151655,-1.142490232199727,0.17180934337778483,-0.02931911117805778,-513.664808818083,950.3500576048867,-437.53079250838056,-0.8455437215764473
6.9,-0.0066979629790618654,-0.6484547163697663,0.0,-2.01287529443627,0.9905280829427809,-9.204475746743768e-05,-0.0003645933921548136,-1.142490232199727,0.17180934337778483,-0.02931911117805778,-513.664808818083,950.3500576048867,-437.53079250838056,-0.8455437215764473
6.92,-0.006880006590453135,-0.6570708022671753,0.0,-2.012882044956892,0.990498557731587,-9.091845829028568e-05,-0.00036488878871174544,-1.142490232199727,0.17180934337778483,-0.02931911117805778,-513.664808818083,950.3500576048867,-437.53079250838056,-0.8455437215764473
6.94,-0.007033708613430062,-0.6630898121881905,0.0,-2.0128889030098898,0.9904675522873884,-8.978326615626472e-05,-0.00036518961617439203,-1.142490232199727,0.17180934337778483,-0.02931911117805778,-513.664808818083,950.3500576048867,-437.53079250838056,-0.8455437215764473
6.96,-0.0071584841444348474,-0.666485585842101,0.0,-2.012895798795425,0.9904353479718829,-8.864884590848304e-05,-0.0003654932291018338,-1.142490232199727,0.17180934337778483,-0.02931911117805778,-513.664808818083,950.3500576048867,-437.53079250838056,-0.8455437215764473
6.98,-0.007253857841404442,-0.6672427645758052,0.0,-2.012902663574089,0.9904022404616691,-8.752465946817908e-05,-0.0003657969896798923,-1.142490232199727,0.17180934337778483,-0.02931911117805778,-513.664808818083,950.3500576048867,-437.53079250838056,-0.8455437215764473
7.0,-0.0073194671805932926,-0.6653051720933004,0.0,-2.01290943097836,0.9903685337605272,-8.641979535463059e-05,-0.00036609831698172757,-1.142490232199727,0.17180934337778483,-0.02931911117805778,-513.664808818083,950.3500576048867,-437.53079250838056,-0.8455437215764473
7.0200000000000005,-0.007355080126274678,-0.6606428970168827,0.0,-2.012916038188112,0.990334534443284,-8.534281824190018e-05,-0.0003663947315702043,-1.134816851493894,0.16414629570970726,-0.029329444215813186,-532.8283079032509,985.0837022657438,-453.1263439720614,-0.8709496095685222
7.04,-0.007360622800796137,-0.6532932064570809,0.0,-2.0129224323819415,0.9903005457961854,-8.430167976605461e-05,-0.0003666838804873609,-1.134816851493894,0.16414629570970726,-0.029329444215813186,-532.8283079032509,985.0837022657438,-453.1263439720614,-0.8709496095685222
7.0600000000000005,-0.007336185689811982,-0.6433175014701948,0.0,-2.012928569885741,0.9902668625571242,-8.330358640483928e-05,-0.000366963606732314,-1.134816851493894,0.16414629570970726,-0.029329444215813186,-532.8283079032509,985.0837022657438,-453.1263439720614,-0.8709496095685222
7.08,-0.007282009010292845,-0.6307838490154627,0.0,-2.0129344116688226,0.9902337680882989,-8.235488429822153e-05,-0.0003672319799382892,-1.134816851493894,0.16414629570970726,-0.029329444215813186,-532.8283079032509,985.0837022657438,-453.1263439720614,-0.8709496095685222
7.1000000000000005,-0.0071984648134672995,-0.6157631139304742,0.0,-2.0129399230596836,0.9902015316862557,-8.146101174030908e-05,-0.0003674872861296019,-1.134816851493894,0.16414629570970726,-0.029329444215813186,-532.8283079032509,985.0837022657438,-453.1263439720614,-0.8709496095685222
7.12,-0.0070860418831024405,-0.5983291276102749,0.0,-2.012945074381199,0.9901704053022364,-8.06264747198693e-05,-0.00036772803362966877,-1.134816851493894,0.16414629570970726,-0.029329444215813186,-532.8283079032509,985.0837022657438,-453.1263439720614,-0.8709496095685222
7.140000000000001,-0.006945334323879983,-0.5785596884139841,0.0,-2.0129498415649185,0.9901406204920299,-7.985483447700705e-05,-0.00036795296380508826,-1.134816851493894,0.16414629570970726,-0.029329444215813186,-532.8283079032509,985.0837022657438,-453.1263439720614,-0.8709496095685222
7.16,-0.006777033313956549,-0.5565375597564762,0.0,-2.012954206557838,0.9901123858863098,-7.914870416015836e-05,-0.0003681610601800118,-1.134816851493894,0.16414629570970726,-0.029329444215813186,-532.8283079032509,985.0837022657438,-453.1263439720614,-0.8709496095685222
7.18,-0.006581921255016821,-0.5323512799876229,0.0,-2.0129581575207727,0.9900858852050866,-7.850975335619102e-05,-0.00036835155428928987,-1.134816851493894,0.16414629570970726,-0.029329444215813186,-532.8283079032509,985.0837022657438,-453.1263439720614,-0.8709496095685222
7.2,-0.00636086760673242,-0.5060957530020801,0.0,-2.0129616888544515,0.990061275759676,-7.793871955865544e-05,-0.0003685239282819244,-1.134816851493894,0.16414629570970726,-0.029329444215813186,-532.8283079032509,985.0837022657438,-453.1263439720614,-0.8709496095685222
7.22,-0.0061148258057804016,-0.47787262581550993,0.0,-2.0129648010928287,0.9900386873674396,-7.74354257016303e-05,-0.0003686779146953626,-1.134816851493894,0.16414629570970726,-0.029329444215813186,-532.8283079032509,985.0837022657438,-453.1263439720614,-0.8709496095685222
7.24,-0.005844830786982761,-0.4477904705525436,0.0,-2.0129675006990126,0.9900182216047957,-7.699880296467486e-05,-0.00036881349387598097,-1.134816851493894,0.16414629570970726,-0.029329444215813186,-532.8283079032509,985.0837022657438,-453.1263439720614,-0.8709496095685222
7.26,-0.00555199673230595,-0.4159647927287215,0.0,-2.0129697997931917,0.9899999513310336,-7.662691819146128e-05,-0.00036893088947516166,-1.134816851493894,0.16414629570970726,-0.029329444215813186,-532.8283079032509,985.0837022657438,-453.1263439720614,-0.8709496095685222
7.28,-0.005237514768547679,-0.3825178892996658,0.0,-2.0129717158353673,0.9899839204261788,-7.631700546033772e-05,-0.00036903056236714093,-1.134816851493894,0.16414629570970726,-0.029329444215813186,-532.8283079032509,985.0837022657438,-453.1263439720614,-0.8709496095685222
7.3,-0.004902650415456064,-0.3475785798202981,0.0,-2.012973271279184,0.9899701436992719,-7.606550158727829e-05,-0.0003691132032328858,-1.134816851493894,0.16414629570970726,-0.029329444215813186,-532.8283079032509,985.0837022657438,-453.1263439720614,-0.8709496095685222
7.32,-0.004548740652867294,-0.31128183276878274,0.0,-2.0129744932070817,0.9899586069380512,-7.586808561306759e-05,-0.00036917972394320353,-1.134816851493894,0.16414629570970726,-0.029329444215813186,-532.8283079032509,985.0837022657438,-453.1263439720614,-0.8709496095685222
7.34,-0.004177190529134538,-0.2737683071238858,0.0,-2.0129754129516204,0.9899492670864112,-7.571972260798008e-05,-0.00036923124776148936,-1.134816851493894,0.16414629570970726,-0.029329444215813186,-532.8283079032509,985.0837022657438,-453.1263439720614,-0.8709496095685222
7.36,-0.0037894692749390773,-0.23518382694460827,0.0,-2.0129760657033238,0.9899420525514468,-7.56147123970215e-05,-0.00036926909827891894,-1.134816851493894,0.16414629570970726,-0.029329444215813186,-532.8283079032509,985.0837022657438,-453.1263439720614,-0.8709496095685222
7.38,-0.003387105918130012,-0.19567880427653553,0.0,-2.0129764901018268,0.9899368636567424,-7.554674404557462e-05,-0.00036929478689864297,-1.134816851493894,0.16414629570970726,-0.029329444215813186,-532.8283079032509,985.0837022657438,-453.1263439720614,-0.8709496095685222
7.4,-0.0029716844181057207,-0.1554076233328522,0.0,-2.0129767278045483,0.9899335732721727,-7.55089571263869e-05,-0.00036930999860673307,-1.134816851493894,0.16414629570970726,-0.029329444215813186,-532.8283079032509,985.0837022657438,-453.1263439720614,-0.8709496095685222
7.42,-0.0025448383540564567,-0.1145279967252463,0.0,-2.0129768230255625,0.9899320276622109,-7.549401089288354e-05,-0.00036931657571175205,-1.134816851493894,0.16414629570970726,-0.029329444215813186,-532.8283079032509,985.0837022657438,-453.1263439720614,-0.8709496095685222
7.44,-0.002108245211532102,-0.07320030256972847,0.0,-2.0129768220367916,0.989932047603864,-7.549416248960708e-05,-0.00036931649920738405,-1.134816851493894,0.16414629570970726,-0.029329444215813186,-532.8283079032509,985.0837022657438,-453.1263439720614,-0.8709496095685222
7.46,-0.0016636203176275109,-0.031586909640676744,0.0,-2.0129767726241194,0.9899334298311837,-7.55013552200242e-05,-0.0003693118674183316,-1.134816851493894,0.16414629570970726,-0.029329444215813186,-532.8283079032509,985.0837022657438,-453.1263439720614,-0.8709496095685222
7.48,-0.001212710477639812,0.010148503651203903,0.0,-2.0129767234924665,0.9899359488650623,-7.55073176498225e-05,-0.00036930487163299466,-1.134816851493894,0.16414629570970726,-0.029329444215813186,-532.8283079032509,985.0837022657438,-453.1263439720614,-0.8709496095685222
7.5,-0.0007572873663257255,0.05277190256855329,0.0,-2.012976723616279,0.9899393592840346,-7.550367394133903e-05,-0.00036929776851014906,-1.134816851493894,0.16414629570970726,-0.029329444215813186,-532.8283079032509,985.0837022657438,-453.1263439720614,-0.8709496095685222
7.5200000000000005,-0.0002994131426681595,0.09515952013012764,0.0,-2.012976821535161,0.9899433984834489,-7.54820652906484e-05,-0.00036929284917221097,-1.1303289480087662,0.15966998056420803,-0.029341032555441852,-543.7841312290187,1004.5751469685557,-461.6755994465819,-0.884583707045257
7.54,0.0001585733413027833,0.13682480883511558,0.0,-2.01297703317258,0.9899477455183816,-7.543371554276476e-05,-0.00036929266793451343,-1.1303289480087662,0.15966998056420803,-0.029341032555441852,-543.7841312290187,1004.5751469685557,-461.6755994465819,-0.884583707045257
7.5600000000000005,0.0006144357593396771,0.17760114143421912,0.0,-2.0129773881722532,0.9899521329610544,-7.535079489071537e-05,-0.0003692992281788412,-1.1303289480087662,0.15966998056420803,-0.029341032555441852,-543.7841312290187,1004.5751469685557,-461.6755994465819,-0.884583707045257
7.58,0.0010661405920477521,0.21740586014868718,0.0,-2.012977921828807,0.9899562794257775,-7.522593772387522e-05,-0.00036931456692752856,-1.1303289480087662,0.15966998056420803,-0.029341032555441852,-543.7841312290187,1004.5751469685557,-461.6755994465819,-0.884583707045257
7.6000000000000005,0.0015118414184673266,0.25616417542859715,0.0,-2.012978668691044,0.9899598945562539,-7.50522914734453e-05,-0.0003693407045196107,-1.1303289480087662,0.15966998056420803,-0.029341032555441852,-543.7841312290187,1004.5751469685557,-461.6755994465819,-0.884583707045257
7.62,0.001949838797956409,0.2937917728993337,0.0,-2.0129796594171867,0.9899626886142987,-7.482365012297315e-05,-0.0003693795523878088,-1.1303289480087662,0.15966998056420803,-0.029341032555441852,-543.7841312290187,1004.5751469685557,-461.6755994465819,-0.884583707045257
7.640000000000001,0.0023785431612667928,0.330193251760579,0.0,-2.0129809192157055,0.9899643801713471,-7.453460137755253e-05,-0.0003694328456133237,-1.1303289480087662,0.15966998056420803,-0.029341032555441852,-543.7841312290187,1004.5751469685557,-461.6755994465819,-0.884583707045257
7.66,0.002796446314680111,0.36526416547115803,0.0,-2.012982467004051,0.989964702716706,-7.418067186391369e-05,-0.0003695020914573536,-1.1303289480087662,0.15966998056420803,-0.029341032555441852,-543.7841312290187,1004.5751469685557,-461.6755994465819,-0.884583707045257
7.68,0.00320210151736981,0.3988937277424605,0.0,-2.0129843149712214,0.9899634107526601,-7.375846124611233e-05,-0.00036958852673627337,-1.1303289480087662,0.15966998056420803,-0.029341032555441852,-543.7841312290187,1004.5751469685557,-461.6755994465819,-0.884583707045257
7.7,0.003594110888269205,0.4309675095426829,0.0,-2.012986468426579,0.9899602854599846,-7.326575710724133e-05,-0.00036969308237183113,-1.1303289480087662,0.15966998056420803,-0.029341032555441852,-543.7841312290187,1004.5751469685557,-461.6755994465819,-0.884583707045257
7.72,0.003971118743442957,0.46136994532853615,0.0,-2.012988925873849,0.9899551398293084,-7.270162341612538e-05,-0.00036981635560533963,-1.1303289480087662,0.15966998056420803,-0.029341032555441852,-543.7841312290187,1004.5751469685557,-461.6755994465819,-0.884583707045257
7.74,0.004331809550481408,0.4899865814789094,0.0,-2.0129916792672113,0.9899478231050571,-7.206645679390584e-05,-0.0003699585908045176,-1.1303289480087662,0.15966998056420803,-0.029341032555441852,-543.7841312290187,1004.5751469685557,-461.6755994465819,-0.884583707045257
7.76,0.004674909335509496,0.5167060408281717,0.0,-2.0129947144155143,0.9899382243881255,-7.136200651651144e-05,-0.0003701196696467488,-1.1303289480087662,0.15966998056420803,-0.029341032555441852,-543.7841312290187,1004.5751469685557,-461.6755994465819,-0.884583707045257
7.78,0.004999189546438285,0.5414217006855513,0.0,-2.0129980115071002,0.9899262752627737,-7.059135611633801e-05,-0.00037029911113344526,-1.1303289480087662,0.15966998056420803,-0.029341032555441852,-543.7841312290187,1004.5751469685557,-461.6755994465819,-0.884583707045257
7.8,0.005303472545287018,0.5640330971361914,0.0,-2.0130015457322665,0.9899119513452469,-6.975886646268828e-05,-0.000370496081494249,-1.1303289480087662,0.15966998056420803,-0.029341032555441852,-543.7841312290187,1004.5751469685557,-461.6755994465819,-0.884583707045257
7.82,0.0055866380625355224,0.5844470779685296,0.0,-2.0130052879831046,0.9898952726932825,-6.887008218194596e-05,-0.00037070941362064977,-1.1303289480087662,0.15966998056420803,-0.029341032555441852,-543.7841312290187,1004.5751469685557,-461.6755994465819,-0.884583707045257
7.84,0.005847630091239137,0.6025787315709618,0.0,-2.0130092056116036,0.9898763030638273,-6.793160509719415e-05,-0.0003709376352578941,-1.1303289480087662,0.15966998056420803,-0.029341032555441852,-543.7841312290187,1004.5751469685557,-461.6755994465819,-0.884583707045257
7.86,0.006085463824801916,0.6183521208178422,0.0,-2.0130132632270072,0.9898551480570736,-6.695093990480533e-05,-0.00037117900481227955,-1.1303289480087662,0.15966998056420803,-0.029341032555441852,-543.7841312290187,1004.5751469685557,-461.6755994465819,-0.884583707045257
7.88,0.006299232348722695,0.6317008503086745,0.0,-2.013017423513027,0.9898319522340432,-6.593631846406693e-05,-0.00037143155332657865,-1.1303289480087662,0.15966998056420803,-0.029341032555441852,-543.7841312290187,1004.5751469685557,-461.6755994465819,-0.884583707045257
7.9,0.0064881128837763775,0.6425684931919385,0.0,-2.0130216480452088,0.9898068953383492,-6.489650979059057e-05,-0.0003716931309618796,-1.1303289480087662,0.15966998056420803,-0.029341032555441852,-543.7841312290187,1004.5751469685557,-461.6755994465819,-0.884583707045257
7.92,0.00665137244737337,0.6509089008068613,0.0,-2.013025898088972,0.9897801877870082,-6.384062308855796e-05,-0.00037196145621371104,-1.1303289480087662,0.15966998056420803,-0.029341032555441852,-543.7841312290187,1004.5751469685557,-461.6755994465819,-0.884583707045257
7.94,0.0067883728532981795,0.6566864150148903,0.0,-2.013030135359822,0.9897520656179287,-6.277791094670602e-05,-0.0003722341660876807,-1.1303289480087662,0.15966998056420803,-0.029341032555441852,-543.7841312290187,1004.5751469685557,-461.6755994465819,-0.884583707045257
7.96,0.006898575009914072,0.6598759996809221,0.0,-2.0130343227291494,0.9897227850918559,-6.171757921055272e-05,-0.0003725088655589386,-1.1303289480087662,0.15966998056420803,-0.029341032555441852,-543.7841312290187,1004.5751469685557,-461.6755994465819,-0.884583707045257
7.98,0.006981542505574123,0.6604633045499609,0.0,-2.0130384248617195,0.9896926171442887,-6.066860911155549e-05,-0.00037278317482551703,-1.1303289480087662,0.15966998056420803,-0.029341032555441852,-543.7841312290187,1004.5751469685557,-461.6755994465819,-0.884583707045257
8.0,0.007036944489586289,0.658375707562395,0.0,-2.0130424087743246,0.9896618418694928,-5.9639596082860605e-05,-0.00037305477311687905,-1.1303289480087662,0.15966998056420803,-0.029341032555441852,-543.7841312290187,1004.5751469685557,-461.6755994465819,-0.884583707045257
8.02,0.007064578064400988,0.6536081269357072,0.0,-2.013046244308777,0.9896307431963575,-5.86386084285781e-05,-0.00037332143811105305,-1.1222794697490586,0.15162977205386924,-0.02935030230481077,-563.8928804326935,1041.0675350286444,-478.08548106193587,-0.9108264659847335
8.040000000000001,0.007064393685780462,0.646205845279274,0.0,-2.0130499124204237,0.9895996023424904,-5.7673096837352835e-05,-0.00037358106552586615,-1.1222794697490586,0.15162977205386924,-0.02935030230481077,-563.8928804326935,1041.0675350286444,-478.08548106193587,-0.9108264659847335
8.06,0.007036491903859754,0.636229597436212,0.0,-2.013053398973427,0.9895686941034977,-5.674976201772568e-05,-0.000373831755314646,-1.1222794697490586,0.15162977205386924,-0.02935030230481077,-563.8928804326935,1041.0675350286444,-478.08548106193587,-0.9108264659847335
8.08,0.006981106641707695,0.6237440712215642,0.0,-2.0130566914132424,0.989538285100743,-5.587447751807028e-05,-0.0003740718042849315,-1.1222794697490586,0.15162977205386924,-0.02935030230481077,-563.8928804326935,1041.0675350286444,-478.08548106193587,-0.9108264659847335
8.1,0.0068985884412265715,0.6088161942199763,0.0,-2.013059778629463,0.9895086308034889,-5.5052249146360214e-05,-0.0003742996984905133,-1.1222794697490586,0.15162977205386924,-0.02935030230481077,-563.8928804326935,1041.0675350286444,-478.08548106193587,-0.9108264659847335
8.120000000000001,0.006789391365321688,0.5915159921413354,0.0,-2.0130626514438497,0.9894799720680465,-5.428719028074425e-05,-0.00037451412171631763,-1.1222794697490586,0.15162977205386924,-0.02935030230481077,-563.8928804326935,1041.0675350286444,-478.08548106193587,-0.9108264659847335
8.14,0.00665406363095259,0.5719178182795586,0.0,-2.0130653030260772,0.9894525319927583,-5.35825072591191e-05,-0.0003747139671282954,-1.1222794697490586,0.15162977205386924,-0.02935030230481077,-563.8928804326935,1041.0675350286444,-478.08548106193587,-0.9108264659847335
8.16,0.006493241191193561,0.5501014235869933,0.0,-2.0130677291174317,0.9894265133113287,-5.2940493264649264e-05,-0.00037489834670373427,-1.1222794697490586,0.15162977205386924,-0.02935030230481077,-563.8928804326935,1041.0675350286444,-478.08548106193587,-0.9108264659847335
8.18,0.006307643423189516,0.5261527681426476,0.0,-2.0130699280799007,0.9894020963229819,-5.2362529989073533e-05,-0.00037506659728795067,-1.1222794697490586,0.15162977205386924,-0.02935030230481077,-563.8928804326935,1041.0675350286444,-478.08548106193587,-0.9108264659847335
8.2,0.006098070197256207,0.5001645737681041,0.0,-2.0130719008122053,0.9893794372961598,-5.184909640937898e-05,-0.00037521828342657195,-1.1222794697490586,0.15162977205386924,-0.02935030230481077,-563.8928804326935,1041.0675350286444,-478.08548106193587,-0.9108264659847335
8.22,0.005865399745908105,0.47223664068020116,0.0,-2.0130736505734825,0.9893586672697018,-5.139978395984392e-05,-0.0003753531974289245,-1.1222794697490586,0.15162977205386924,-0.02935030230481077,-563.8928804326935,1041.0675350286444,-478.08548106193587,-0.9108264659847335
8.24,0.0056105868855079255,0.4424759573537332,0.0,-2.013075182749301,0.9893398911771956,-5.101331738599592e-05,-0.00037547135714788456,-1.1222794697490586,0.15162977205386924,-0.02935030230481077,-563.8928804326935,1041.0675350286444,-478.08548106193587,-0.9108264659847335
8.26,0.0053346612598069686,0.41099663416459237,0.0,-2.0130765045877017,0.9893231872278063,-5.068758065774023e-05,-0.00037557300190914806,-1.1222794697490586,0.15162977205386924,-0.02935030230481077,-563.8928804326935,1041.0675350286444,-478.08548106193587,-0.9108264659847335
8.28,0.005038725372452306,0.37791969048862234,0.0,-2.0130776249261038,0.9893086064879346,-5.0419647488009545e-05,-0.0003756585869368824,-1.1222794697490586,0.15162977205386924,-0.02935030230481077,-563.8928804326935,1041.0675350286444,-478.08548106193587,-0.9108264659847335
8.3,0.004723952255063729,0.3433727226534382,0.0,-2.0130785539237155,0.9892961726213422,-5.020581623208723e-05,-0.0003757287765194115,-1.1222794697490586,0.15162977205386924,-0.02935030230481077,-563.8928804326935,1041.0675350286444,-478.08548106193587,-0.9108264659847335
8.32,0.004391582680248888,0.30748947712083696,0.0,-2.013079302808774,0.9892858817600569,-5.0041649208967845e-05,-0.0003757844360474458,-1.1222794697490586,0.15162977205386924,-0.02935030230481077,-563.8928804326935,1041.0675350286444,-478.08548106193587,-0.9108264659847335
8.34,0.004042921876882866,0.27040934992830534,0.0,-2.01307988364565,0.9892777024936447,-4.992201676479849e-05,-0.00037582662294640025,-1.1222794697490586,0.15162977205386924,-0.02935030230481077,-563.8928804326935,1041.0675350286444,-478.08548106193587,-0.9108264659847335
8.36,0.0036793357403781483,0.23227683009205424,0.0,-2.01308030912355,0.9892715759796882,-4.984114666524897e-05,-0.0003758565764201877,-1.1222794697490586,0.15162977205386924,-0.02935030230481077,-563.8928804326935,1041.0675350286444,-478.08548106193587,-0.9108264659847335
8.38,0.0033022465556737392,0.19324090153378765,0.0,-2.0130805923661805,0.9892674161929008,-4.97926796335982e-05,-0.0003758757058327072,-1.1222794697490586,0.15162977205386924,-0.02935030230481077,-563.8928804326935,1041.0675350286444,-478.08548106193587,-0.9108264659847335
8.4,0.0029131282674121858,0.15345441530928783,0.0,-2.0130807467601888,0.9892651103436707,-4.9769732021234716e-05,-0.0003758855774803101,-1.1222794697490586,0.15162977205386924,-0.02935030230481077,-563.8928804326935,1041.0675350286444,-478.08548106193587,-0.9108264659847335
8.42,0.0025135013420699097,0.11307344150308435,0.0,-2.013080785799314,0.9892645195083302,-4.9764966684284215e-05,-0.00037588789945897213,-1.1222794697490586,0.15162977205386924,-0.02935030230481077,-563.8928804326935,1041.0675350286444,-478.08548106193587,-0.9108264659847335
8.44,0.0021049272723191524,0.07225660816679413,0.0,-2.0130807229408743,0.9892654795224658,-4.9770673124297545e-05,-0.00037588450430813355,-1.1222794697490586,0.15162977205386924,-0.02935030230481077,-563.8928804326935,1041.0675350286444,-478.08548106193587,-0.9108264659847335
8.46,0.001689002775913015,0.031164433052022628,0.0,-2.0130805714713222,0.9892678021944052,-4.977885781463323e-05,-0.0003758773291234254,-1.1222794697490586,0.15162977205386924,-0.02935030230481077,-563.8928804326935,1041.0675350286444,-478.08548106193587,-0.9108264659847335
8.48,0.0012673537410447361,-0.010041347358645786,0.0,-2.013080344378059,0.9892712768979578,-4.978134536476703e-05,-0.00037586839287597764,-1.1222794697490586,0.15162977205386924,-0.02935030230481077,-563.8928804326935,1041.0675350286444,-478.08548106193587,-0.9108264659847335
8.5,0.0008416289682365253,-0.05204020606702156,0.0,-2.013080054225374,0.9892756726008306,-4.976989076539465e-05,-0.0003758597707590288,-1.1222794697490586,0.15162977205386924,-0.02935030230481077,-563.8928804326935,1041.0675350286444,-478.08548106193587,-0.9108264659847335
8.52,0.0004137402534748341,-0.0937829027425284,0.0,-2.0130797130332447,0.9892807403773282,-4.9736302410120016e-05,-0.00037585356550345504,-1.1177761146396257,0.14713680094174555,-0.029360686302119885,-574.952419876153,1060.8014556566875,-486.773495388948,-0.9244596084138675
8.540000000000001,-1.4155852490879174e-05,-0.1348186101617908,0.0,-2.0130792983850467,0.9892861649869613,-4.967202149577277e-05,-0.000375852173936623,-1.1177761146396257,0.14713680094174555,-0.029360686302119885,-574.952419876153,1060.8014556566875,-486.773495388948,-0.9244596084138675
8.56,-0.0004400061264081753,-0.17499429096389849,0.0,-2.0130788041461067,0.9892916949394513,-4.956949768597586e-05,-0.0003758573497196688,-1.1177761146396257,0.14713680094174555,-0.029360686302119885,-574.952419876153,1060.8014556566875,-486.773495388948,-0.9244596084138675
8.58,-0.0008619476671341709,-0.21423164144998919,0.0,-2.0130782328523025,0.9892970613252977,-4.942165259088086e-05,-0.0003758709200721176,-1.1177761146396257,0.14713680094174555,-0.029360686302119885,-574.952419876153,1060.8014556566875,-486.773495388948,-0.9244596084138675
8.6,-0.0012782880076538904,-0.25245604202570443,0.0,-2.0130775888539882,0.9893019830042332,-4.9221929882822146e-05,-0.000375894722322229,-1.1177761146396257,0.14713680094174555,-0.029360686302119885,-574.952419876153,1060.8014556566875,-486.773495388948,-0.9244596084138675
8.620000000000001,-0.001687464642663005,-0.28958130713105124,0.0,-2.0130768754818678,0.9893061770261922,-4.89644365884724e-05,-0.0003759304989814394,-1.1177761146396257,0.14713680094174555,-0.029360686302119885,-574.952419876153,1060.8014556566875,-486.773495388948,-0.9244596084138675
8.64,-0.0020880092815582507,-0.32550924342486987,0.0,-2.0130760942031523,0.9893093665826086,-4.864409590392089e-05,-0.00037597982729191035,-1.1177761146396257,0.14713680094174555,-0.029360686302119885,-574.952419876153,1060.8014556566875,-486.773495388948,-0.9244596084138675
8.66,-0.0024785214839011414,-0.3601323749425958,0.0,-2.013075244590834,0.9893112875920326,-4.8256794793442994e-05,-0.00037604406933693633,-1.1177761146396257,0.14713680094174555,-0.029360686302119885,-574.952419876153,1060.8014556566875,-486.773495388948,-0.9244596084138675
8.68,-0.002857651122633471,-0.39333709049229604,0.0,-2.0130743246473397,0.9893116946936079,-4.779951724917399e-05,-0.0003761243326170352,-1.1177761146396257,0.14713680094174555,-0.029360686302119885,-574.952419876153,1060.8014556566875,-486.773495388948,-0.9244596084138675
8.700000000000001,-0.003224088116709393,-0.4250066140367862,0.0,-2.013073331295258,0.9893103668139921,-4.727045532004946e-05,-0.00037622143825706805,-1.1177761146396257,0.14713680094174555,-0.029360686302119885,-574.952419876153,1060.8014556566875,-486.773495388948,-0.9244596084138675
8.72,-0.0035765578394905298,-0.4550236570731384,0.0,-2.013072260933111,0.9893071122379646,-4.666909117801212e-05,-0.000376335896814506,-1.1177761146396257,0.14713680094174555,-0.029360686302119885,-574.952419876153,1060.8014556566875,-486.773495388948,-0.9244596084138675
8.74,-0.003913820779617137,-0.483272716671958,0.0,-2.01307110998698,0.9893017730480955,-4.599624504175403e-05,-0.0003764678922892897,-1.1177761146396257,0.14713680094174555,-0.029360686302119885,-574.952419876153,1060.8014556566875,-486.773495388948,-0.9244596084138675
8.76,-0.004234675243339087,-0.5096420195091669,0.0,-2.01306987540959,0.9892942287903607,-4.5254085599553525e-05,-0.0003766172748673157,-1.1177761146396257,0.14713680094174555,-0.029360686302119885,-574.952419876153,1060.8014556566875,-486.773495388948,-0.9244596084138675
8.78,-0.00453796210151345,-0.5340251321899995,0.0,-2.013068555095796,0.9892843992358733,-4.4446101537163254e-05,-0.00037678356266167165,-1.1177761146396257,0.14713680094174555,-0.029360686302119885,-574.952419876153,1060.8014556566875,-486.773495388948,-0.9244596084138675
8.8,-0.004822570785409466,-0.5563222697678346,0.0,-2.013067148198113,0.9892722461355976,-4.3577034768747546e-05,-0.0003769659523838499,-1.1177761146396257,0.14713680094174555,-0.029360686302119885,-574.952419876153,1060.8014556566875,-486.773495388948,-0.9244596084138675
8.82,-0.005087445915208063,-0.5764413399412743,0.0,-2.013065655337744,0.9892577739020141,-4.265277787334216e-05,-0.0003771633385241081,-1.1177761146396257,0.14713680094174555,-0.029360686302119885,-574.952419876153,1060.8014556566875,-486.773495388948,-0.9244596084138675
8.84,-0.0053315940997924,-0.5942987616146737,0.0,-2.013064078715481,0.9892410291961418,-4.168023994010548e-05,-0.0003773743402738231,-1.1177761146396257,0.14713680094174555,-0.029360686302119885,-574.952419876153,1060.8014556566875,-486.773495388948,-0.9244596084138675
8.86,-0.005554090575123382,-0.6098200947449878,0.0,-2.013062422132958,0.9892220994462516,-4.066718641797493e-05,-0.00037759733511004586,-1.1177761146396257,0.14713680094174555,-0.029360686302119885,-574.952419876153,1060.8014556566875,-486.773495388948,-0.9244596084138675
8.88,-0.00575408545225598,-0.6229405148589954,0.0,-2.013060690938504,0.9892011103717854,-3.9622059566605305e-05,-0.00037783049770864335,-1.1177761146396257,0.14713680094174555,-0.029360686302119885,-574.952419876153,1060.8014556566875,-486.773495388948,-0.9244596084138675
8.9,-0.005930809427111857,-0.6336051611452046,0.0,-2.0130588919135723,0.9891782226283247,-3.8553786664097946e-05,-0.0003780718426775551,-1.1177761146396257,0.14713680094174555,-0.029360686302119885,-574.952419876153,1060.8014556566875,-486.773495388948,-0.9244596084138675
8.92,-0.006083578865443791,-0.6417693822626869,0.0,-2.013057033115935,0.9891536277235273,-3.747158323052881e-05,-0.00037831926951789374,-1.1177761146396257,0.14713680094174555,-0.029360686302119885,-574.952419876153,1060.8014556566875,-486.773495388948,-0.9244596084138675
8.94,-0.0062118002211491415,-0.6473988993636823,0.0,-2.013055123694897,0.9891275433773364,-3.6384758198944115e-05,-0.0003785706082311254,-1.1177761146396257,0.14713680094174555,-0.029360686302119885,-574.952419876153,1060.8014556566875,-486.773495388948,-0.9244596084138675
8.96,-0.0063149737773544375,-0.6504699015872505,0.0,-2.0130531736920863,0.9891002085113028,-3.5302527266998985e-05,-0.0003788236640893813,-1.1177761146396257,0.14713680094174555,-0.029360686302119885,-574.952419876153,1060.8014556566875,-486.773495388948,-0.9244596084138675
8.98,-0.006392696720355748,-0.6509690855696522,0.0,-2.013051193839241,0.9890718780515673,-3.4233839677000615e-05,-0.0003790762602596179,-1.1177761146396257,0.14713680094174555,-0.029360686302119885,-574.952419876153,1060.8014556566875,-486.773495388948,-0.9244596084138675
9.0,-0.006444665569121587,-0.6487961431333364,0.0,-2.0130491953620733,0.9890428177190613,-3.318722250014248e-05,-0.0003793262772016977,-1.1177761146396257,0.14713680094174555,-0.029360686302119885,-574.952419876153,1060.8014556566875,-486.773495388948,-0.9244596084138675
9.02,-0.006470706541998238,-0.6439788361701876,0.0,-2.0130471897969624,0.9890132989607461,-3.217064524504713e-05,-0.00037957168802369996,-1.1084682620323942,0.1378368878268797,-0.02936862579448537,-598.5466389065191,1103.8923232136563,-506.30123492908325,-0.9555506219456229
9.040000000000001,-0.006470799630512202,-0.6365743563410916,0.0,-2.0130452006768267,0.9889835913398292,-3.119142928320123e-05,-0.00037981056337870253,-1.1084682620323942,0.1378368878268797,-0.02936862579448537,-598.5466389065191,1103.8923232136563,-506.30123492908325,-0.9555506219456229
9.06,-0.006445062421008284,-0.6266438085067574,0.0,-2.0130432498338715,0.9889539608960368,-3.0256119124350947e-05,-0.00038004120531232076,-1.1084682620323942,0.1378368878268797,-0.02936862579448537,-598.5466389065191,1103.8923232136563,-506.30123492908325,-0.9555506219456229
9.08,-0.006393729883044843,-0.6142485649352196,0.0,-2.0130413560085425,0.988924669216783,-2.9370430868062886e-05,-0.00038026207768935687,-1.1084682620323942,0.1378368878268797,-0.02936862579448537,-598.5466389065191,1103.8923232136563,-506.30123492908325,-0.9555506219456229
9.1,-0.006317138481441878,-0.5994514548814662,0.0,-2.013039535304731,0.9888959696363748,-2.8539218942223942e-05,-0.000380471805059576,-1.1084682620323942,0.1378368878268797,-0.02936862579448537,-598.5466389065191,1103.8923232136563,-506.30123492908325,-0.9555506219456229
9.120000000000001,-0.00621571515677636,-0.5823185460770389,0.0,-2.0130378017473936,0.9888681033001022,-2.7766452278077198e-05,-0.0003806691871129067,-1.1084682620323942,0.1378368878268797,-0.02936862579448537,-598.5466389065191,1103.8923232136563,-506.30123492908325,-0.9555506219456229
9.14,-0.006089970141871813,-0.5629206690057673,0.0,-2.0130361676316437,0.9888412957744158,-2.705519871472303e-05,-0.00038085321278571446,-1.1084682620323942,0.1378368878268797,-0.02936862579448537,-598.5466389065191,1103.8923232136563,-506.30123492908325,-0.9555506219456229
9.16,-0.005940492489707831,-0.541334569774835,0.0,-2.013034643667567,0.9888157542849072,-2.6407617632594584e-05,-0.00038102307064623694,-1.1084682620323942,0.1378368878268797,-0.02936862579448537,-598.5466389065191,1103.8923232136563,-506.30123492908325,-0.9555506219456229
9.18,-0.005767947371514424,-0.5176437127238492,0.0,-2.013033238975178,0.9887916655244906,-2.5824960650006343e-05,-0.0003811781553750103,-1.1084682620323942,0.1378368878268797,-0.02936862579448537,-598.5466389065191,1103.8923232136563,-506.30123492908325,-0.9555506219456229
9.200000000000001,-0.005573074408984989,-0.4919387760889067,0.0,-2.0130319609822815,0.9887691939469156,-2.5307579898167155e-05,-0.0003813180708274665,-1.1084682620323942,0.1378368878268797,-0.02936862579448537,-598.5466389065191,1103.8923232136563,-506.30123492908325,-0.9555506219456229
9.22,-0.005356686486806404,-0.46431788698258397,0.0,-2.0130308152682668,0.9887484804589616,-2.485494317543461e-05,-0.0003814426302662075,-1.1084682620323942,0.1378368878268797,-0.02936862579448537,-598.5466389065191,1103.8923232136563,-506.30123492908325,-0.9555506219456229
9.24,-0.005119668644904035,-0.4348866405057884,0.0,-2.0130298053867697,0.9887296414306036,-2.446565520945213e-05,-0.00038155185431763063,-1.1084682620323942,0.1378368878268797,-0.02936862579448537,-598.5466389065191,1103.8923232136563,-506.30123492908325,-0.9555506219456229
9.26,-0.004862976774553692,-0.4037579442876427,0.0,-2.0130289326911353,0.988712767952459,-2.4137484315488426e-05,-0.0003816459671288859,-1.1084682620323942,0.1378368878268797,-0.02936862579448537,-598.5466389065191,1103.8923232136563,-506.30123492908325,-0.9555506219456229
9.28,-0.0045876359410847055,-0.37105172498345584,0.0,-2.01302819617913,0.9886979252825567,-2.3867393905227684e-05,-0.0003817253910984503,-1.1084682620323942,0.1378368878268797,-0.02936862579448537,-598.5466389065191,1103.8923232136563,-506.30123492908325,-0.9555506219456229
9.3,-0.004294738231426145,-0.3368945279775491,0.0,-2.013027592367549,0.9886851524389887,-2.365157854284389e-05,-0.00038179074043816625,-1.1084682620323942,0.1378368878268797,-0.02936862579448537,-598.5466389065191,1103.8923232136563,-506.30123492908325,-0.9555506219456229
9.32,-0.003985440080678952,-0.30141903624474825,0.0,-2.0130271152031853,0.9886744619104603,-2.348550453226154e-05,-0.0003818428137056973,-1.1084682620323942,0.1378368878268797,-0.02936862579448537,-598.5466389065191,1103.8923232136563,-506.30123492908325,-0.9555506219456229
9.34,-0.003660959071722273,-0.2647635293811924,0.0,-2.013026756013914,0.9886658394725271,-2.3363955320469612e-05,-0.00038188258533151454,-1.1084682620323942,0.1378368878268797,-0.02936862579448537,-598.5466389065191,1103.8923232136563,-506.30123492908325,-0.9555506219456229
9.36,-0.003322570228899536,-0.22707129944805116,0.0,-2.0130265035021075,0.9886592441128075,-2.328108228699206e-05,-0.00038191119606005125,-1.1084682620323942,0.1378368878268797,-0.02936862579448537,-598.5466389065191,1103.8923232136563,-506.30123492908325,-0.9555506219456229
9.38,-0.002971601843963917,-0.18849003652985652,0.0,-2.013026343781966,0.988654608083182,-2.323046173165769e-05,-0.0003819299421358325,-1.1084682620323942,0.1378368878268797,-0.02936862579448537,-598.5466389065191,1103.8923232136563,-506.30123492908325,-0.9555506219456229
9.4,-0.002609430882258102,-0.1491711938559595,0.0,-2.01302626046228,0.9886518371104576,-2.32051590469738e-05,-0.00038194026299656104,-1.1084682620323942,0.1378368878268797,-0.02936862579448537,-598.5466389065191,1103.8923232136563,-506.30123492908325,-0.9555506219456229
9.42,-0.0022374780215926593,-0.10926933988592946,0.0,-2.0130262347763934,0.9886508108086111,-2.3197801144541188e-05,-0.00038194372719051347,-1.1084682620323942,0.1378368878268797,-0.02936862579448537,-598.5466389065191,1103.8923232136563,-506.30123492908325,-0.9555506219456229
9.44,-0.001857202377182128,-0.06894150289660025,0.0,-2.0130262457614037,0.9886513833449703,-2.320065817769512e-05,-0.00038194201621867687,-1.1084682620323942,0.1378368878268797,-0.02936862579448537,-598.5466389065191,1103.8923232136563,-506.30123492908325,-0.9555506219456229
9.46,-0.0014700959645288598,-0.028346512196920998,0.0,-2.0130262704887563,0.9886533844188512,-2.320573544839823e-05,-0.000381936906016213,-1.1084682620323942,0.1378368878268797,-0.02936862579448537,-598.5466389065191,1103.8923232136563,-506.30123492908325,-0.9555506219456229
9.48,-0.0010776779493362615,0.012355660889207698,0.0,-2.013026284348137,0.988656620613577,-2.3204876094513095e-05,-0.00038193024583552397,-1.1084682620323942,0.1378368878268797,-0.02936862579448537,-598.5466389065191,1103.8923232136563,-506.30123492908325,-0.9555506219456229
9.5,-0.0006814887300305508,0.053843502432981596,0.0,-2.0130262613858423,0.9886608771807187,-2.3189874719336532e-05,-0.00038192393437605536,-1.1084682620323942,0.1378368878268797,-0.02936862579448537,-598.5466389065191,1103.8923232136563,-506.30123492908325,-0.9555506219456229
9.52,-0.00028332956769562545,0.09505089121981831,0.0,-2.013026174697534,0.9886659203082426,-2.3152601553619513e-05,-0.00038191989312378417,-1.1033851112816047,0.1327640560659983,-0.029378944784393703,-611.2257276956743,1126.6472265939296,-516.39278341598,-0.971284517724725
9.540000000000001,0.00011476158144541147,0.1355340933089455,0.0,-2.013025957904183,0.9886714391065209,-2.3084688476835852e-05,-0.00038192033760177347,-1.1033851112816047,0.1327640560659983,-0.029378944784393703,-611.2257276956743,1126.6472265939296,-516.39278341598,-0.971284517724725
9.56,0.0005108617595032004,0.17515551322492776,0.0,-2.013025567138025,0.9886772000548536,-2.297870011302935e-05,-0.00038192680025021374,-1.1033851112816047,0.1327640560659983,-0.029378944784393703,-611.2257276956743,1126.6472265939296,-516.39278341598,-0.971284517724725
9.58,0.0009032442215034919,0.2138495989032294,0.0,-2.0130249692513886,0.9886829481123613,-2.282765564228906e-05,-0.00038194091923311925,-1.1033851112816047,0.1327640560659983,-0.029378944784393703,-611.2257276956743,1126.6472265939296,-516.39278341598,-0.971284517724725
9.6,0.001290351148103057,0.25154950406800997,0.0,-2.0130241344796405,0.9886884114078651,-2.262509591035811e-05,-0.0003819643691072429,-1.1033851112816047,0.1327640560659983,-0.029378944784393703,-611.2257276956743,1126.6472265939296,-516.39278341598,-0.971284517724725
9.620000000000001,0.001670748010539875,0.28817274539447263,0.0,-2.0130230339967183,0.9886933128496981,-2.236523370466027e-05,-0.0003819987444686086,-1.1033851112816047,0.1327640560659983,-0.029378944784393703,-611.2257276956743,1126.6472265939296,-516.39278341598,-0.971284517724725
9.64,0.0020430852694621852,0.3236221489544934,0.0,-2.013021639794355,0.9886973787205512,-2.2043112491042498e-05,-0.000382045485248821,-1.1033851112816047,0.1327640560659983,-0.029378944784393703,-611.2257276956743,1126.6472265939296,-516.39278341598,-0.971284517724725
9.66,0.0024060713764059802,0.35778972824804983,0.0,-2.0130199254817693,0.9887003455014661,-2.1654757140742236e-05,-0.00038210582733861373,-1.1033851112816047,0.1327640560659983,-0.029378944784393703,-611.2257276956743,1126.6472265939296,-516.39278341598,-0.971284517724725
9.68,0.002758455775085069,0.39056066544734314,0.0,-2.013017867420889,0.9887019659323453,-2.1197307362356413e-05,-0.0003821807658167678,-1.1033851112816047,0.1327640560659983,-0.029378944784393703,-611.2257276956743,1126.6472265939296,-516.39278341598,-0.971284517724725
9.700000000000001,0.0030990197657840245,0.42181684297383215,0.0,-2.0130154459338163,0.9887020145914954,-2.0669126062869397e-05,-0.00038227102662906283,-1.1033851112816047,0.1327640560659983,-0.029378944784393703,-611.2257276956743,1126.6472265939296,-516.39278341598,-0.971284517724725
9.72,0.0034265732378245825,0.4514398429487113,0.0,-2.013012646431255,0.9887002929807377,-2.0069876299510508e-05,-0.0003823770460194305,-1.1033851112816047,0.1327640560659983,-0.029378944784393703,-611.2257276956743,1126.6472265939296,-516.39278341598,-0.971284517724725
9.74,0.00373995558918583,0.4793134307318041,0.0,-2.013009460361093,0.9886966340125619,-1.9400562226693584e-05,-0.0003824989578911102,-1.1033851112816047,0.1327640560659983,-0.029378944784393703,-611.2257276956743,1126.6472265939296,-516.39278341598,-0.971284517724725
9.76,0.004038039474215728,0.5053255680355953,0.0,-2.013005885911481,0.9886909057738622,-1.866353136871435e-05,-0.0003826365893238094,-1.1033851112816047,0.1327640560659983,-0.029378944784393703,-611.2257276956743,1126.6472265939296,-516.39278341598,-0.971284517724725
9.78,0.004319736314633146,0.5293700135639355,0.0,-2.0130019284323963,0.9886830144445208,-1.78624375439015e-05,-0.000382789464292797,-1.1033851112816047,0.1327640560659983,-0.029378944784393703,-611.2257276956743,1126.6472265939296,-516.39278341598,-0.971284517724725
9.8,0.0045840027653154935,0.5513475732193047,0.0,-2.012997600564924,0.9886729062684925,-1.7002165725476363e-05,-0.00038295681538424596,-1.1033851112816047,0.1327640560659983,-0.029378944784393703,-611.2257276956743,1126.6472265939296,-516.39278341598,-0.971284517724725
9.82,0.004829847541544399,0.5711670603669563,0.0,-2.0129929220880936,0.9886605685067504,-1.6088721946096166e-05,-0.00038313760302193363,-1.1033851112816047,0.1327640560659983,-0.029378944784393703,-611.2257276956743,1126.6472265939296,-516.39278341598,-0.971284517724725
9.84,0.0050563381891057715,0.5887460214665646,0.0,-2.0129879195090328,0.9886460293421683,-1.5129092934461938e-05,-0.00038333054143989913,-1.1033851112816047,0.1327640560659983,-0.029378944784393703,-611.2257276956743,1126.6472265939296,-516.39278341598,-0.971284517724725
9.86,0.005262607516020824,0.6040112752300004,0.0,-2.0129826254336254,0.9886293567519945,-1.4131081422733345e-05,-0.00038353413037957475,-1.1033851112816047,0.1327640560659983,-0.029378944784393703,-611.2257276956743,1126.6472265939296,-516.39278341598,-0.971284517724725
9.88,0.005447859509299523,0.6168993056045785,0.0,-2.0129770777621125,0.9886106564094898,-1.3103123913898966e-05,-0.0003837466912824686,-1.1033851112816047,0.1327640560659983,-0.029378944784393703,-611.2257276956743,1126.6472265939296,-516.39278341598,-0.971284517724725
9.9,0.00561137463704075,0.6273565411080779,0.0,-2.012971318757583,0.9885900687182109,-1.205409810972204e-05,-0.000383966406610109,-1.1033851112816047,0.1327640560659983,-0.029378944784393703,-611.2257276956743,1126.6472265939296,-516.39278341598,-0.971284517724725
9.92,0.0057525144906200925,0.6353395459056446,0.0,-2.0129653940355223,0.9885677651167308,-1.0993127170853005e-05,-0.0003841913608632356,-1.1033851112816047,0.1327640560659983,-0.029378944784393703,-611.2257276956743,1126.6472265939296,-516.39278341598,-0.971284517724725
9.94,0.005870725758364561,0.640815141771454,0.0,-2.012959351520115,0.9885439438157451,-9.929387543825897e-06,-0.00038441958189525425,-1.1033851112816047,0.1327640560659983,-0.029378944784393703,-611.2257276956743,1126.6472265939296,-516.39278341598,-0.971284517724725
9.96,0.0059655435452677106,0.6437604748557938,0.0,-2.0129532404083554,0.988518825142233,-8.871926310178488e-06,-0.00038464908121515725,-1.1033851112816047,0.1327640560659983,-0.029378944784393703,-611.2257276956743,1126.6472265939296,-516.39278341598,-0.971284517724725
9.98,0.006036594066508957,0.6441630369537846,0.0,-2.012947110176876,0.9884926466665688,-7.829492977442086e-06,-0.00038487789214001637,-1.1033851112816047,0.1327640560659983,-0.029378944784393703,-611.2257276956743,1126.6472265939296,-516.39278341598,-0.971284517724725
10.0,0.006083596748758923,0.6419021931241256,0.0,-2.0129410096593294,0.9884656582792399,-6.810389440056159e-06,-0.00038510410486923004,-1.1033851112816047,0.1327640560659983,-0.029378944784393703,-611.2257276956743,1126.6472265939296,-516.39278341598,-0.971284517724725
10.02,0.006106400461958287,0.6370330824131689,0.0,-2.0129349862147254,0.9884381173659793,-5.822340590096612e-06,-0.0003853258977922123,-1.0930373235237287,0.12242303920247075,-0.029385715678741937,-637.6283617432456,1175.0275933902055,-538.4050923514931,-1.005860704533568
10.040000000000001,0.006105005671853503,0.629621705128929,0.0,-2.012929099834914,0.9884102795129921,-4.872374502200741e-06,-0.00038554153135030543,-1.0930373235237287,0.12242303920247075,-0.029385715678741937,-637.6283617432456,1175.0275933902055,-538.4050923514931,-1.005860704533568
10.06,0.006079537794041199,0.6197279589206497,0.0,-2.0129234035331764,0.9883824000825338,-3.966752869998692e-06,-0.000385749524610753,-1.0930373235237287,0.12242303920247075,-0.029385715678741937,-637.6283617432456,1175.0275933902055,-538.4050923514931,-1.005860704533568
10.08,0.006030224804498207,0.6074091024187898,0.0,-2.012917943255043,0.9883547338381723,-3.11092646958355e-06,-0.0003859485193414855,-1.0930373235237287,0.12242303920247075,-0.029385715678741937,-637.6283617432456,1175.0275933902055,-538.4050923514931,-1.005860704533568
10.1,0.005957382863490912,0.5927235671427469,0.0,-2.012912758889718,0.9883275300547586,-2.3095016402276923e-06,-0.0003861372891935299,-1.0930373235237287,0.12242303920247075,-0.029385715678741937,-637.6283617432456,1175.0275933902055,-538.4050923514931,-1.005860704533568
10.120000000000001,0.005861407657556575,0.5757335186322581,0.0,-2.012907884809037,0.9883010280567324,-1.5662137437426911e-06,-0.00038631476182712505,-1.0930373235237287,0.12242303920247075,-0.029385715678741937,-637.6283617432456,1175.0275933902055,-538.4050923514931,-1.005860704533568
10.14,0.005742769445936848,0.5565065656917965,0.0,-2.0129033500244833,0.9882754536264672,-8.839087441557927e-07,-0.0003864800355706501,-1.0930373235237287,0.12242303920247075,-0.029385715678741937,-637.6283617432456,1175.0275933902055,-538.4050923514931,-1.005860704533568
10.16,0.005602010418632748,0.535116901609507,0.0,-2.012899178130076,0.9882510161524245,-2.6453370534597743e-07,-0.0003866323902696166,-1.0930373235237287,0.12242303920247075,-0.029385715678741937,-637.6283617432456,1175.0275933902055,-538.4050923514931,-1.005860704533568
10.18,0.005439743385782877,0.5116460192051535,0.0,-2.0128953871367132,0.9882279063774753,2.9086380450433796e-07,-0.0003867712935677961,-1.0930373235237287,0.12242303920247075,-0.029385715678741937,-637.6283617432456,1175.0275933902055,-538.4050923514931,-1.005860704533568
10.200000000000001,0.005256651100268963,0.4861830885742755,0.0,-2.012891989264211,0.9882062946324287,7.821279755145225e-07,-0.00038689640361331005,-1.0930373235237287,0.12242303920247075,-0.029385715678741937,-637.6283617432456,1175.0275933902055,-538.4050923514931,-1.005860704533568
10.22,0.005053485726300771,0.4588250674402461,0.0,-2.0128889907348455,0.988186329454982,1.209979555863929e-06,-0.00038700756897129475,-1.0930373235237287,0.12242303920247075,-0.029385715678741937,-637.6283617432456,1175.0275933902055,-538.4050923514931,-1.005860704533568
10.24,0.004831068128669184,0.42967660306317446,0.0,-2.0128863915972115,0.9881681365068841,1.5759941391073496e-06,-0.00038710482638796347,-1.0930373235237287,0.12242303920247075,-0.029385715678741937,-637.6283617432456,1175.0275933902055,-538.4050923514931,-1.005860704533568
10.26,0.004590286780255096,0.3988497750406607,0.0,-2.012884185598427,0.9881518177157752,1.8825748017740439e-06,-0.0003871883969253982,-1.0930373235237287,0.12242303920247075,-0.029385715678741937,-637.6283617432456,1175.0275933902055,-538.4050923514931,-1.005860704533568
10.28,0.004332096176069096,0.36646371921495874,0.0,-2.0128823601152064,0.9881374505832295,2.1329197440272922e-06,-0.00038725868085555393,-1.0930373235237287,0.12242303920247075,-0.029385715678741937,-637.6283617432456,1175.0275933902055,-538.4050923514931,-1.005860704533568
10.3,0.004057514706715629,0.33264416459890506,0.0,-2.0128808961496705,0.9881250876164913,2.330985296359642e-06,-0.00038731625156890846,-1.0930373235237287,0.12242303920247075,-0.029385715678741937,-637.6283617432456,1175.0275933902055,-538.4050923514931,-1.005860704533568
10.32,0.0037676219882675326,0.29752290800456943,0.0,-2.0128797683934074,0.9881147558576276,2.481444326011856e-06,-0.00038736184862497614,-1.0930373235237287,0.12242303920247075,-0.029385715678741937,-637.6283617432456,1175.0275933902055,-538.4050923514931,-1.005860704533568
10.34,0.003463555673968473,0.26123724501636053,0.0,-2.012878945362718,0.9881064564999039,2.5896397434657106e-06,-0.0003873963699543859,-1.0930373235237287,0.12242303920247075,-0.029385715678741937,-637.6283617432456,1175.0275933902055,-538.4050923514931,-1.005860704533568
10.36,0.003146507790085188,0.22392937109712396,0.0,-2.01287838960857,0.9881001645967409,2.661532503819741e-06,-0.0003874208631199556,-1.0930373235237287,0.12242303920247075,-0.029385715678741937,-637.6283617432456,1175.0275933902055,-538.4050923514931,-1.005860704533568
10.38,0.002817720646896739,0.18574576280819066,0.0,-2.012878058006009,0.9880958288832793,2.703643248089208e-06,-0.00038743651546072083,-1.0930373235237287,0.12242303920247075,-0.029385715678741937,-637.6283617432456,1175.0275933902055,-538.4050923514931,-1.005860704533568
10.4,0.002478482378905926,0.14683654627390635,0.0,-2.012877902129149,0.9880933717440167,2.7229865595097847e-06,-0.0003874446428810086,-1.0930373235237287,0.12242303920247075,-0.029385715678741937,-637.6283617432456,1175.0275933902055,-538.4050923514931,-1.005860704533568
10.42,0.0021301221678394883,0.10735485792366797,0.0,-2.0128778687189417,0.9880926893716976,2.7269967415744245e-06,-0.00038744667700922,-1.0930373235237287,0.12242303920247075,-0.029385715678741937,-637.6283617432456,1175.0275933902055,-538.4050923514931,-1.005860704533568
10.44,0.0017740051993887789,0.06745620109882194,0.0,-2.012877900251351,0.9880936521721239,2.7234440754106568e-06,-0.0003874441504404201,-1.0930373235237287,0.12242303920247075,-0.029385715678741937,-637.6283617432456,1175.0275933902055,-538.4050923514931,-1.005860704533568
10.46,0.0014115274009144597,0.027297801120885395,0.0,-2.0128779356130577,0.9880961054761185,2.7203406987160394e-06,-0.0003874386797956108,-1.0930373235237287,0.12242303920247075,-0.029385715678741937,-637.6283617432456,1175.0275933902055,-538.4050923514931,-1.005860704533568
10.48,0.0010441100032634685,-0.012962039175923423,0.0,-2.0128779108901376,0.9880998706228468,2.7258355753531215e-06,-0.0003874319463804476,-1.0930373235237287,0.12242303920247075,-0.029385715678741937,-637.6283617432456,1175.0275933902055,-538.4050923514931,-1.005860704533568
10.5,0.0006731939658242,-0.053972020733777645,0.0,-2.0128777602722003,0.9881047464772846,2.7480984958607893e-06,-0.00038742567430825886,-1.0930373235237287,0.12242303920247075,-0.029385715678741937,-637.6283617432456,1175.0275933902055,-538.4050923514931,-1.005860704533568
10.52,0.00030047074776361465,-0.09467890063990651,0.0,-2.0128774170701895,0.9881105114381897,2.795193656666078e-06,-0.00038742160606595354,-1.0875615302579575,0.116956988707915,-0.029395458449957567,-651.4299694371095,1199.8980247462812,-549.4909716506982,-1.0229163415268177
10.540000000000001,-7.214750088382123e-05,-0.13465704476878088,0.0,-2.0128767728335437,0.9881168527606163,2.875313012903801e-06,-0.00038742181237038455,-1.0875615302579575,0.116956988707915,-0.029395458449957567,-651.4299694371095,1199.8980247462812,-549.4909716506982,-1.0229163415268177
10.56,-0.000442871352835778,-0.17378505974893438,0.0,-2.0128757453633113,0.9881235533208124,2.9957394184611133e-06,-0.00038742757785854924,-1.0875615302579575,0.116956988707915,-0.029395458449957567,-651.4299694371095,1199.8980247462812,-549.4909716506982,-1.0229163415268177
10.58,-0.000810106114130689,-0.2120073327893337,0.0,-2.012874266179494,0.9881303692653879,3.163315478570363e-06,-0.00038744034653681825,-1.0875615302579575,0.116956988707915,-0.029395458449957567,-651.4299694371095,1199.8980247462812,-549.4909716506982,-1.0229163415268177
10.6,-0.0011724177136506501,-0.24926106674477058,0.0,-2.0128722726485506,0.9881370345837875,3.3843542577300036e-06,-0.0003874616347977629,-1.0875615302579575,0.116956988707915,-0.029395458449957567,-651.4299694371095,1199.8980247462812,-549.4909716506982,-1.0229163415268177
10.620000000000001,-0.0015284837517739718,-0.2854639201688241,0.0,-2.012869705952055,0.9881432744670834,3.664472770289882e-06,-0.00038749289447618395,-1.0875615302579575,0.116956988707915,-0.029395458449957567,-651.4299694371095,1199.8980247462812,-549.4909716506982,-1.0229163415268177
10.64,-0.0018770546790885844,-0.3205167931002177,0.0,-2.0128665118624705,0.9881488147435945,4.008423806298449e-06,-0.00038753543161387197,-1.0875615302579575,0.116956988707915,-0.029395458449957567,-651.4299694371095,1199.8980247462812,-549.4909716506982,-1.0229163415268177
10.66,-0.002216927951386287,-0.3543090045717016,0.0,-2.012862642532927,0.9881533889700054,4.419941323739943e-06,-0.0003875903580728996,-1.0875615302579575,0.116956988707915,-0.029395458449957567,-651.4299694371095,1199.8980247462812,-549.4909716506982,-1.0229163415268177
10.68,-0.002546932946241999,-0.38672308795858173,0.0,-2.012858058522729,0.988156744554467,4.901607775498204e-06,-0.00038765855847024177,-1.0875615302579575,0.116956988707915,-0.029395458449957567,-651.4299694371095,1199.8980247462812,-549.4909716506982,-1.0229163415268177
10.700000000000001,-0.0028659238976354124,-0.4176387769291642,0.0,-2.0128527307105903,0.9881586483610989,5.45475034001286e-06,-0.0003877406662138218,-1.0875615302579575,0.116956988707915,-0.029395458449957567,-651.4299694371095,1199.8980247462812,-549.4909716506982,-1.0229163415268177
10.72,-0.003172778495195771,-0.44693620879291096,0.0,-2.0128466419068243,0.9881588918498548,6.079371543197125e-06,-0.0003878370470854294,-1.0875615302579575,0.116956988707915,-0.029395458449957567,-651.4299694371095,1199.8980247462812,-549.4909716506982,-1.0229163415268177
10.74,-0.0034664002861511823,-0.47449844621895,0.0,-2.0128397880492654,0.988157295675982,6.774117971264867e-06,-0.0003879477901203625,-1.0875615302579575,0.116956988707915,-0.029395458449957567,-651.4299694371095,1199.8980247462812,-549.4909716506982,-1.0229163415268177
10.76,-0.0037457234593536097,-0.5002134269356684,0.0,-2.0128321789174395,0.9881537136327165,7.5362888515051515e-06,-0.0003880727057621249,-1.0875615302579575,0.116956988707915,-0.029395458449957567,-651.4299694371095,1199.8980247462812,-549.4909716506982,-1.0229163415268177
10.78,-0.004009718960456805,-0.5239754464977752,0.0,-2.012823838340043,0.9881480358136417,8.361884338451796e-06,-0.00038821133120176286,-1.0875615302579575,0.116956988707915,-0.029395458449957567,-651.4299694371095,1199.8980247462812,-549.4909716506982,-1.0229163415268177
10.8,-0.0042574011865723895,-0.545686269271016,0.0,-2.012814803904553,0.9881401908837665,9.245691479026685e-06,-0.0003883629426448798,-1.0875615302579575,0.116956988707915,-0.029395458449957567,-651.4299694371095,1199.8980247462812,-549.4909716506982,-1.0229163415268177
10.82,-0.004487834743720051,-0.5652559499247797,0.0,-2.012805126204999,0.9881301473763124,1.0181404131498382e-05,-0.0003885265740374603,-1.0875615302579575,0.116956988707915,-0.029395458449957567,-651.4299694371095,1199.8980247462812,-549.4909716506982,-1.0229163415268177
10.84,-0.004700140929332757,-0.5826034338051582,0.0,-2.012794867684848,0.988117913971317,1.1161771670851769e-05,-0.0003887010415536163,-1.0875615302579575,0.116956988707915,-0.029395458449957567,-651.4299694371095,1199.8980247462812,-549.4909716506982,-1.0229163415268177
10.86,-0.004893503733984438,-0.597656990974144,0.0,-2.012784101146717,0.9881035387576231,1.217877020878558e-05,-0.00038888497293229076,-1.0875615302579575,0.116956988707915,-0.029395458449957567,-651.4299694371095,1199.8980247462812,-549.4909716506982,-1.0229163415268177
10.88,-0.005067175250362026,-0.6103545263676757,0.0,-2.012772908009692,0.9880871075265704,1.3223789350863044e-05,-0.0003890768405718114,-1.0875615302579575,0.116956988707915,-0.029395458449957567,-651.4299694371095,1199.8980247462812,-549.4909716506982,-1.0229163415268177
10.9,-0.005220480441518099,-0.6206437978589069,0.0,-2.0127613763986067,0.9880687411889814,1.4287827238184441e-05,-0.0003892749971714929,-1.0875615302579575,0.116956988707915,-0.029395458449957567,-651.4299694371095,1199.8980247462812,-549.4909716506982,-1.0229163415268177
10.92,-0.005352821261856567,-0.6284825651970125,0.0,-2.012749599148395,0.9880485924430109,1.536168677153295e-05,-0.0003894777126604017,-1.0875615302579575,0.116956988707915,-0.029395458449957567,-651.4299694371095,1199.8980247462812,-549.4909716506982,-1.0229163415268177
10.94,-0.005463680149134,-0.6338386857440315,0.0,-2.0127376718010836,0.9880268418463688,1.6436166454443307e-05,-0.000389683211178435,-1.0875615302579575,0.116956988707915,-0.029395458449957567,-651.4299694371095,1199.8980247462812,-549.4909716506982,-1.0229163415268177
10.96,-0.0055526229189124905,-0.6366901675174735,0.0,-2.0127256906640913,0.9880036934609803,1.750224014895136e-05,-0.0003898897069689508,-1.0875615302579575,0.116956988707915,-0.029395458449957567,-651.4299694371095,1199.8980247462812,-549.4909716506982,-1.0229163415268177
10.98,-0.00561930109816189,-0.6370251860118277,0.0,-2.012713750987078,0.9879793702411702,1.8551221125508934e-05,-0.0003900954381937548,-1.0875615302579575,0.116956988707915,-0.029395458449957567,-651.4299694371095,1199.8980247462812,-549.4909716506982,-1.0229163415268177
11.0,-0.005663453734980291,-0.6346939291588705,0.0,-2.012701945301731,0.9879541093289553,1.9574907006729992e-05,-0.0003902986978740059,-1.0875615302579575,0.116956988707915,-0.029395458449957567,-651.4299694371095,1199.8980247462812,-549.4909716506982,-1.0229163415268177
11.02,-0.005684952098665957,-0.6297878975368879,0.0,-2.0126903619554906,0.9879281574037976,2.0565703455467966e-05,-0.0003904978613764132,-1.075534395820319,0.1049352801510968,-0.029400884330777945,-682.4499099221773,1257.003252217991,-575.6168903929768,-1.063548097163188
11.040000000000001,-0.005683819869837076,-0.6223845736869628,0.0,-2.012679102046018,0.9879017591322967,2.1516791369360588e-05,-0.00039069135595024614,-1.075534395820319,0.1049352801510968,-0.029400884330777945,-682.4499099221773,1257.003252217991,-575.6168903929768,-1.063548097163188
11.06,-0.005660192630070173,-0.6125419479553803,0.0,-2.012668253888752,0.9878751628546718,2.2422096184534085e-05,-0.000390877927051093,-1.075534395820319,0.1049352801510968,-0.029400884330777945,-682.4499099221773,1257.003252217991,-575.6168903929768,-1.063548097163188
11.08,-0.0056142927312221496,-0.6003118989858452,0.0,-2.0126578937450383,0.9878486211193611,2.327633966594001e-05,-0.00039105638642005083,-1.075534395820319,0.1049352801510968,-0.029400884330777945,-682.4499099221773,1257.003252217991,-575.6168903929768,-1.063548097163188
11.1,-0.005546417015567569,-0.5857475428878107,0.0,-2.0126480877999358,0.9878223837938597,2.407508000900241e-05,-0.0003912256420912957,-1.075534395820319,0.1049352801510968,-0.029400884330777945,-682.4499099221773,1257.003252217991,-575.6168903929768,-1.063548097163188
11.120000000000001,-0.00545693116499626,-0.5689066862841154,0.0,-2.0126388928103394,0.9877966927433787,2.481474324908493e-05,-0.00039138473497604454,-1.075534395820319,0.1049352801510968,-0.029400884330777945,-682.4499099221773,1257.003252217991,-575.6168903929768,-1.063548097163188
11.14,-0.005346267387754495,-0.5498536182910679,0.0,-2.0126303560651952,0.9877717780076638,2.54926446607876e-05,-0.00039153285980791474,-1.075534395820319,0.1049352801510968,-0.029400884330777945,-682.4499099221773,1257.003252217991,-575.6168903929768,-1.063548097163188
11.16,-0.005214923781284847,-0.5286601118268774,0.0,-2.012622515109695,0.9877478549149259,2.610699951005058e-05,-0.0003916693763343883,-1.075534395820319,0.1049352801510968,-0.029400884330777945,-682.4499099221773,1257.003252217991,-575.6168903929768,-1.063548097163188
11.18,-0.005063464420391097,-0.5054059435636843,0.0,-2.0126153974246996,0.9877251218346371,2.6656923528326516e-05,-0.0003917938148581722,-1.075534395820319,0.1049352801510968,-0.029400884330777945,-682.4499099221773,1257.003252217991,-575.6168903929768,-1.063548097163188
11.200000000000001,-0.004892519579685596,-0.4801790749925353,0.0,-2.0126090201420466,0.987703758404069,2.7142424107389793e-05,-0.00039190587806287974,-1.075534395820319,0.1049352801510968,-0.029400884330777945,-682.4499099221773,1257.003252217991,-575.6168903929768,-1.063548097163188
11.22,-0.004702785723593985,-0.4530755863539133,0.0,-2.01260338983283,0.9876839241122284,2.7564383483495768e-05,-0.00039200544020386263,-1.075534395820319,0.1049352801510968,-0.029400884330777945,-682.4499099221773,1257.003252217991,-575.6168903929768,-1.063548097163188
11.24,-0.004495025051264546,-0.42419943189667897,0.0,-2.012598502385224,0.9876657571486723,2.7924535183665965e-05,-0.00039209254440972403,-1.075534395820319,0.1049352801510968,-0.029400884330777945,-682.4499099221773,1257.003252217991,-575.6168903929768,-1.063548097163188
11.26,-0.004270064490292727,-0.39366206847150104,0.0,-2.012594342977294,0.9876493734432594,2.8225434824478603e-05,-0.00039216739863982613,-1.075534395820319,0.1049352801510968,-0.029400884330777945,-682.4499099221773,1257.003252217991,-575.6168903929768,-1.063548097163188
11.28,-0.004028794104558671,-0.3615819961723268,0.0,-2.0125908861446526,0.9876348658404259,2.8470426050936694e-05,-0.000392230370676083,-1.075534395820319,0.1049352801510968,-0.029400884330777945,-682.4499099221773,1257.003252217991,-575.6168903929768,-1.063548097163188
11.3,-0.003772164926938459,-0.3280842391167669,0.0,-2.012588095941114,0.9876223033686042,2.866360203352271e-05,-0.00039228198237666235,-1.075534395820319,0.1049352801510968,-0.029400884330777945,-682.4499099221773,1257.003252217991,-575.6168903929768,-1.063548097163188
11.32,-0.0035011862545053325,-0.2932997862144963,0.0,-2.012585926191541,0.9876117305818389,2.880976255116077e-05,-0.0003923229032855817,-1.075534395820319,0.1049352801510968,-0.029400884330777945,-682.4499099221773,1257.003252217991,-575.6168903929768,-1.063548097163188
11.34,-0.003216922457822637,-0.25736500558843844,0.0,-2.012584320838798,0.9876031669664717,2.8914366313030827e-05,-0.00039235394357744834,-1.075534395820319,0.1049352801510968,-0.029400884330777945,-682.4499099221773,1257.003252217991,-575.6168903929768,-1.063548097163188
11.36,-0.002920489361425322,-0.22042104184343536,0.0,-2.01258321439031,0.9875966064208892,2.8983477843773898e-05,-0.0003923760462220512,-1.075534395820319,0.1049352801510968,-0.029400884330777945,-682.4499099221773,1257.003252217991,-575.6168903929768,-1.063548097163188
11.38,-0.0026130502527377014,-0.18261320222187916,0.0,-2.01258253247332,0.9875920168306284,2.9023708000170738e-05,-0.00039239027818009165,-1.075534395820319,0.1049352801510968,-0.029400884330777945,-682.4499099221773,1257.003252217991,-575.6168903929768,-1.063548097163188
11.4,-0.002295811573796634,-0.1440903355884659,0.0,-2.0125821925110436,0.9875893397744006,2.904214702414673e-05,-0.00039239782038987203,-1.075534395820319,0.1049352801510968,-0.029400884330777945,-682.4499099221773,1257.003252217991,-575.6168903929768,-1.063548097163188
11.42,-0.0019700183457452736,-0.10500420682983747,0.0,-2.01258210453391,0.9875884904084159,2.9046288986096178e-05,-0.0003923999562766577,-1.075534395820319,0.1049352801510968,-0.029400884330777945,-682.4499099221773,1257.003252217991,-575.6168903929768,-1.063548097163188
11.44,-0.001636949371190031,-0.06550886847698889,0.0,-2.0125821721406174,0.9875893575862592,2.9043946549193175e-05,-0.0003923980585131391,-1.075534395820319,0.1049352801510968,-0.029400884330777945,-682.4499099221773,1257.003252217991,-575.6168903929768,-1.063548097163188
11.46,-0.0012979122547300964,-0.025760030927748173,0.0,-2.0125822936224473,0.9875918042787895,2.904315520183195e-05,-0.00039239357378276213,-1.075534395820319,0.1049352801510968,-0.029400884330777945,-682.4499099221773,1257.003252217991,-575.6168903929768,-1.063548097163188
11.48,-0.0009542382776759452,0.014085567496506895,0.0,-2.0125823632609627,0.9875956683623532,2.905206646801223e-05,-0.0003923880053490136,-1.075534395820319,0.1049352801510968,-0.029400884330777945,-682.4499099221773,1257.003252217991,-575.6168903929768,-1.063548097163188
11.5,-0.0006072771592726218,0.0546803119809847,0.0,-2.0125822728037384,0.9876007638431601,2.9078830114047852e-05,-0.00039238289331388715,-1.075534395820319,0.1049352801510968,-0.029400884330777945,-682.4499099221773,1257.003252217991,-575.6168903929768,-1.063548097163188
11.52,-0.000258628791331845,0.09494372903153517,0.0,-2.0125819131151568,0.987606882580216,2.9131466013948865e-05,-0.00039237979255700694,-1.0693356930757913,0.09874614170193129,-0.029410448626139927,-698.2900910579374,1285.6859354786866,-588.4789619849249,-1.0831175641759117
11.540000000000001,8.989404155827253e-05,0.13445919697577358,0.0,-2.012581129887144,0.9876137061359131,2.9217956003591457e-05,-0.0003923806142739637,-1.0693356930757913,0.09874614170193129,-0.029410448626139927,-698.2900910579374,1285.6859354786866,-588.4789619849249,-1.0831175641759117
11.56,0.0004366150353811299,0.1731257094105898,0.0,-2.0125798006180116,0.9876210375715044,2.934548043639778e-05,-0.00039238638562963813,-1.0693356930757913,0.09874614170193129,-0.029410448626139927,-698.2900910579374,1285.6859354786866,-588.4789619849249,-1.0831175641759117
11.58,0.0007800584800699614,0.21090256034453317,0.0,-2.012577818924583,0.9876286466990009,2.952081635955695e-05,-0.00039239835356079215,-1.0693356930757913,0.09874614170193129,-0.029410448626139927,-698.2900910579374,1285.6859354786866,-588.4789619849249,-1.0831175641759117
11.6,0.0011189055632130924,0.24773385876131365,0.0,-2.012575086208099,0.9876362739998209,2.9750207156863554e-05,-0.00039241787870878905,-1.0693356930757913,0.09874614170193129,-0.029410448626139927,-698.2900910579374,1285.6859354786866,-588.4789619849249,-1.0831175641759117
11.620000000000001,0.0014519397574963566,0.28353855259022054,0.0,-2.0125715102513198,0.987643646545684,3.003917516355625e-05,-0.0003924462730969899,-1.0693356930757913,0.09874614170193129,-0.029410448626139927,-698.2900910579374,1285.6859354786866,-588.4789619849249,-1.0831175641759117
11.64,0.0017780062670679653,0.3182158879981642,0.0,-2.0125670070826036,0.9876504887907945,3.0392344011478415e-05,-0.0003924847104312628,-1.0693356930757913,0.09874614170193129,-0.029410448626139927,-698.2900910579374,1285.6859354786866,-588.4789619849249,-1.0831175641759117
11.66,0.0020959868871224894,0.35165245783312715,0.0,-2.012561503908179,0.987656530140233,3.08132815493151e-05,-0.0003925341790226618,-1.0693356930757913,0.09874614170193129,-0.029410448626139927,-698.2900910579374,1285.6859354786866,-588.4789619849249,-1.0831175641759117
11.68,0.0024047867356946466,0.38372809895404897,0.0,-2.0125549421288174,0.9876615112104896,3.130436966444817e-05,-0.0003925954534761771,-1.0693356930757913,0.09874614170193129,-0.029410448626139927,-698.2900910579374,1285.6859354786866,-588.4789619849249,-1.0831175641759117
11.700000000000001,0.0027033292550148105,0.41432043664607876,0.0,-2.0125472800104216,0.9876651894937839,3.1866706646300566e-05,-0.00039266907606539937,-1.0693356930757913,0.09874614170193129,-0.029410448626139927,-698.2900910579374,1285.6859354786866,-588.4789619849249,-1.0831175641759117
11.72,0.0029905566558178125,0.44330829796845234,0.0,-2.012538494793656,0.9876673445850378,3.2500046452072505e-05,-0.0003927553451236371,-1.0693356930757913,0.09874614170193129,-0.029410448626139927,-698.2900910579374,1285.6859354786866,-588.4789619849249,-1.0831175641759117
11.74,0.0032654337292889663,0.47057423547429067,0.0,-2.0125285841263056,0.9876677829344106,3.3202777557658565e-05,-0.0003928543097481732,-1.0693356930757913,0.09874614170193129,-0.029410448626139927,-698.2900910579374,1285.6859354786866,-588.4789619849249,-1.0831175641759117
11.76,0.0035269535528105254,0.4960063672798271,0.0,-2.0125175667646604,0.987666342018092,3.397194227345315e-05,-0.0003929657706078682,-1.0693356930757913,0.09874614170193129,-0.029410448626139927,-698.2900910579374,1285.6859354786866,-588.4789619849249,-1.0831175641759117
11.78,0.0037741440758770786,0.5194997022281358,0.0,-2.0125054825386695,0.9876628937977336,3.4803295601561524e-05,-0.0003930892867119038,-1.0693356930757913,0.09874614170193129,-0.029410448626139927,-698.2900910579374,1285.6859354786866,-588.4789619849249,-1.0831175641759117
11.8,0.004006074915669841,0.5409570850331472,0.0,-2.0124923916147894,0.9876573473438539,3.569140098955175e-05,-0.0003932241879147899,-1.0693356930757913,0.09874614170193129,-0.029410448626139927,-698.2900910579374,1285.6859354786866,-588.4789619849249,-1.0831175641759117
11.82,0.0042218639408818015,0.5602898663365633,0.0,-2.012478373121776,0.9876496505233993,3.6629758776952665e-05,-0.0003933695927745659,-1.0693356930757913,0.09874614170193129,-0.029410448626139927,-698.2900910579374,1285.6859354786866,-588.4789619849249,-1.0831175641759117
11.84,0.004420683397778095,0.5774183769563395,0.0,-2.01246352322869,0.9876397906905251,3.7610961821852145e-05,-0.0003935244311872648,-1.0693356930757913,0.09874614170193129,-0.029410448626139927,-698.2900910579374,1285.6859354786866,-588.4789619849249,-1.0831175641759117
11.86,0.0046017654515889475,0.5922722644017873,0.0,-2.0124479527814403,0.9876277943664983,3.86268718164382e-05,-0.00039368747102634476,-1.0693356930757913,0.09874614170193129,-0.029410448626139927,-698.2900910579374,1285.6859354786866,-588.4789619849249,-1.0831175641759117
11.88,0.0047644070937394156,0.6047907328342499,0.0,-2.012431784614359,0.9876137259435035,3.96688092125402e-05,-0.0003938573478513728,-1.0693356930757913,0.09874614170193129,-0.029410448626139927,-698.2900910579374,1285.6859354786866,-588.4789619849249,-1.0831175641759117
11.9,0.0049079744127943255,0.6149227145793273,0.0,-2.0124151506568118,0.987597685492797,4.072774951182529e-05,-0.0003940325966384801,-1.0693356930757913,0.09874614170193129,-0.029410448626139927,-698.2900910579374,1285.6859354786866,-588.4789619849249,-1.0831175641759117
11.92,0.005031906253517381,0.6226269915252526,0.0,-2.0123981889519817,0.9875798057959538,4.1794518922915265e-05,-0.00039421168443880007,-1.0693356930757913,0.09874614170193129,-0.029410448626139927,-698.2900910579374,1285.6859354786866,-588.4789619849249,-1.0831175641759117
11.94,0.005135717301013377,0.6278722776460358,0.0,-2.012381040696479,0.9875602487460576,4.2859983008402804e-05,-0.0003943930428936186,-1.0693356930757913,0.09874614170193129,-0.029410448626139927,-698.2900910579374,1285.6859354786866,-588.4789619849249,-1.0831175641759117
11.96,0.005219000630665838,0.630637268940264,0.0,-2.0123638473962204,0.9875392012821667,4.391522286608066e-05,-0.0003945750996210064,-1.0693356930757913,0.09874614170193129,-0.029410448626139927,-698.2900910579374,1285.6859354786866,-588.4789619849249,-1.0831175641759117
11.98,0.005281429763101615,0.6309106637492495,0.0,-2.012346748217431,0.987516871025127,4.495169451981669e-05,-0.0003947563076267333,-1.0693356930757913,0.09874614170193129,-0.029410448626139927,-698.2900910579374,1285.6859354786866,-588.4789619849249,-1.0831175641759117
12.0,0.005322760259225117,0.6285147302224187,0.0,-2.0123298775929452,0.987493481776815,4.596136843528668e-05,-0.0003949351720665614,-1.0693356930757913,0.09874614170193129,-0.029410448626139927,-698.2900910579374,1285.6859354786866,-588.4789619849249,-1.0831175641759117
12.02,0.005342882547802428,0.6235785065498863,0.0,-2.0123133631247083,0.9874692690299733,4.693684732713705e-05,-0.0003951102738805,-1.0554798061205948,0.08489435338187855,-0.029414547261283883,-734.3196862148319,1352.2540802053365,-619.0644074051728,-1.1300134146681995
12.040000000000001,0.005341839420115372,0.616189668219951,0.0,-2.01229734377458,0.9874444654947315,4.7871617410167076e-05,-0.000395280207831932,-1.0554798061205948,0.08489435338187855,-0.029414547261283883,-734.3196862148319,1352.2540802053365,-619.0644074051728,-1.1300134146681995
12.06,0.005319771662493925,0.6064022582615805,0.0,-2.0122819418998543,0.9874193121503743,4.8759838646964576e-05,-0.0003954439671124393,-1.0554798061205948,0.08489435338187855,-0.029414547261283883,-734.3196862148319,1352.2540802053365,-619.0644074051728,-1.1300134146681995
12.08,0.005276891128237825,0.5942613501655373,0.0,-2.0122672628832525,0.9873940597418943,4.959643477869285e-05,-0.00039560053868555067,-1.0554798061205948,0.08489435338187855,-0.029414547261283883,-734.3196862148319,1352.2540802053365,-619.0644074051728,-1.1300134146681995
12.1,0.005213471538243643,0.5798141840377488,0.0,-2.0122533980776325,0.987368959044838,5.037715427509445e-05,-0.0003957489653332498,-1.0554798061205948,0.08489435338187855,-0.029414547261283883,-734.3196862148319,1352.2540802053365,-619.0644074051728,-1.1300134146681995
12.120000000000001,0.00512984639531643,0.5631142923358243,0.0,-2.0122404255459467,0.9873442544834025,5.1098610716688346e-05,-0.00039588840284074985,-1.0554798061205948,0.08489435338187855,-0.029414547261283883,-734.3196862148319,1352.2540802053365,-619.0644074051728,-1.1300134146681995
12.14,0.005026409437329281,0.5442230926929871,0.0,-2.0122284097379532,0.9873201801710823,5.175830739200116e-05,-0.00039601814592883227,-1.0554798061205948,0.08489435338187855,-0.029414547261283883,-734.3196862148319,1352.2540802053365,-619.0644074051728,-1.1300134146681995
12.16,0.004903615846694161,0.523210530600673,0.0,-2.012217400923039,0.9872969571277457,5.235464828028e-05,-0.00039613763878519923,-1.0554798061205948,0.08489435338187855,-0.029414547261283883,-734.3196862148319,1352.2540802053365,-619.0644074051728,-1.1300134146681995
12.18,0.004761983440471488,0.5001552628259546,0.0,-2.0122074346777663,0.9872747911391174,5.2886937157647154e-05,-0.00039624647878165245,-1.0554798061205948,0.08489435338187855,-0.029414547261283883,-734.3196862148319,1352.2540802053365,-619.0644074051728,-1.1300134146681995
12.200000000000001,0.004602093460700701,0.47514456306208736,0.0,-2.0121985315151614,0.9872538710353999,5.335536665745077e-05,-0.00039634441665136263,-1.0554798061205948,0.08489435338187855,-0.029414547261283883,-734.3196862148319,1352.2540802053365,-619.0644074051728,-1.1300134146681995
12.22,0.004424590781108725,0.44827404549453276,0.0,-2.0121906966733496,0.9872343672652323,5.376099910758032e-05,-0.0003964313545129313,-1.0554798061205948,0.08489435338187855,-0.029414547261283883,-734.3196862148319,1352.2540802053365,-619.0644074051728,-1.1300134146681995
12.24,0.004230183461256192,0.4196472687792953,0.0,-2.012183920058191,0.9872164306778063,5.410574076486947e-05,-0.00039650734250854495,-1.0554798061205948,0.08489435338187855,-0.029414547261283883,-734.3196862148319,1352.2540802053365,-619.0644074051728,-1.1300134146681995
12.26,0.004019641648077053,0.3893752629948582,0.0,-2.0121781763272426,0.9872001914474929,5.4392310717957064e-05,-0.00039657257454596054,-1.0554798061205948,0.08489435338187855,-0.029414547261283883,-734.3196862148319,1352.2540802053365,-619.0644074051728,-1.1300134146681995
12.280000000000001,0.0037937958636684557,0.35757600791406136,0.0,-2.0121734251020404,0.987185758092921,5.4624205300490025e-05,-0.00039662738344687054,-1.0554798061205948,0.08489435338187855,-0.029414547261283883,-734.3196862148319,1352.2540802053365,-619.0644074051728,-1.1300134146681995
12.3,0.003553534737428934,0.32437388083073415,0.0,-2.012169611299297,0.9871732165583812,5.4805658398955365e-05,-0.0003966722356546094,-1.0554798061205948,0.08489435338187855,-0.029414547261283883,-734.3196862148319,1352.2540802053365,-619.0644074051728,-1.1300134146681995
12.32,0.003299802247485437,0.28989908521174396,0.0,-2.012166665577464,0.9871626293403525,5.49415975948589e-05,-0.0003967077255321035,-1.0554798061205948,0.08489435338187855,-0.029414547261283883,-734.3196862148319,1352.2540802053365,-619.0644074051728,-1.1300134146681995
12.34,0.003033594535919291,0.2542870668775216,0.0,-2.012164504901885,0.9871540346562712,5.503759567954139e-05,-0.00039673456918277273,-1.0554798061205948,0.08489435338187855,-0.029414547261283883,-734.3196862148319,1352.2540802053365,-619.0644074051728,-1.1300134146681995
12.36,0.00275595635796662,0.2176779215220066,0.0,-2.0121630332385085,0.9871474456665775,5.509981674631518e-05,-0.0003967535976504455,-1.0554798061205948,0.08489435338187855,-0.029414547261283883,-734.3196862148319,1352.2540802053365,-619.0644074051728,-1.1300134146681995
12.38,0.0024679772193685026,0.18021579570208057,0.0,-2.0121621423920124,0.9871428497746363,5.513495581816299e-05,-0.00039676574929758994,-1.0554798061205948,0.08489435338187855,-0.029414547261283883,-734.3196862148319,1352.2540802053365,-619.0644074051728,-1.1300134146681995
12.4,0.0021707872496888026,0.14204828252586565,0.0,-2.0121617130086236,0.9871402080421142,5.5150170827912226e-05,-0.00039677206112394444,-1.0554798061205948,0.08489435338187855,-0.029414547261283883,-734.3196862148319,1352.2540802053365,-619.0644074051728,-1.1300134146681995
12.42,0.0018655528534448616,0.10332581287242193,0.0,-2.012161615766329,0.98713945476944,5.515300574653807e-05,-0.000396773658770338,-1.0554798061205948,0.08489435338187855,-0.029414547261283883,-734.3196862148319,1352.2540802053365,-619.0644074051728,-1.1300134146681995
12.44,0.0015534721757099585,0.0642010429162957,0.0,-2.0121617127752023,0.9871404973014701,5.515130376761425e-05,-0.0003967717449563817,-1.0554798061205948,0.08489435338187855,-0.029414547261283883,-734.3196862148319,1352.2540802053365,-619.0644074051728,-1.1300134146681995
12.46,0.0012357704145146832,0.024828238809926434,0.0,-2.0121618592078336,0.9871432161266545,5.5153109712056306e-05,-0.0003967675861273833,-1.0554798061205948,0.08489435338187855,-0.029414547261283883,-734.3196862148319,1352.2540802053365,-619.0644074051728,-1.1300134146681995
12.48,0.0009136950089405019,-0.014637340420320836,0.0,-2.0121619051741333,0.9871474653429814,5.516656122201573e-05,-0.00039676249713662814,-1.0554798061205948,0.08489435338187855,-0.029414547261283883,-734.3196862148319,1352.2540802053365,-619.0644074051728,-1.1300134146681995
12.5,0.0005885107291214685,-0.0548455738569475,0.0,-2.012161697846002,0.9871530735647843,5.519976886381866e-05,-0.0003967578238649562,-1.0554798061205948,0.08489435338187855,-0.029414547261283883,-734.3196862148319,1352.2540802053365,-619.0644074051728,-1.1300134146681995
12.52,0.0002617305759484382,-0.09469192123475569,0.0,-2.0121610838256068,0.9871598453402352,5.5260685944328894e-05,-0.0003967549237797325,-1.0485257386868596,0.07794950589138624,-0.02942376720452667,-752.3069434189639,1384.9631634687273,-633.8083350755693,-1.1521150258058739
12.540000000000001,-6.492982669371785e-05,-0.13377377747502012,0.0,-2.012159863930264,0.9871674504705397,5.535703112671981e-05,-0.0003967555615771848,-1.0485257386868596,0.07794950589138624,-0.02942376720452667,-752.3069434189639,1384.9631634687273,-633.8083350755693,-1.1521150258058739
12.56,-0.00038990515968033435,-0.1720137439100755,0.0,-2.0121578737187553,0.9871757146877892,5.5495858713077557e-05,-0.0003967604720897592,-1.0485257386868596,0.07794950589138624,-0.02942376720452667,-752.3069434189639,1384.9631634687273,-633.8083350755693,-1.1521150258058739
12.58,-0.0007118342032626955,-0.20938602671623033,0.0,-2.012154967461881,0.9871844219786727,5.568386859007096e-05,-0.0003967706938513988,-1.0485257386868596,0.07794950589138624,-0.02942376720452667,-752.3069434189639,1384.9631634687273,-633.8083350755693,-1.1521150258058739
12.6,-0.0010295055823047869,-0.2458395684104169,0.0,-2.0121510097456783,0.987193317932695,5.5927213681814364e-05,-0.0003967874313177831,-1.0485257386868596,0.07794950589138624,-0.02942376720452667,-752.3069434189639,1384.9631634687273,-633.8083350755693,-1.1521150258058739
12.620000000000001,-0.0013417980488872484,-0.2812920020858063,0.0,-2.0121458748939878,0.9872021294273928,5.623128494950319e-05,-0.00039681185569712373,-1.0485257386868596,0.07794950589138624,-0.02942376720452667,-752.3069434189639,1384.9631634687273,-633.8083350755693,-1.1521150258058739
12.64,-0.0016476394993092894,-0.31563874122383667,0.0,-2.0121394501205514,0.987210577323104,5.660052536120887e-05,-0.0003968450044448044,-1.0485257386868596,0.07794950589138624,-0.02942376720452667,-752.3069434189639,1384.9631634687273,-633.8083350755693,-1.1521150258058739
12.66,-0.0019459838630103464,-0.3487622440340884,0.0,-2.012131639729015,0.9872183846153084,5.7038274194250616e-05,-0.0003968877372938169,-1.0485257386868596,0.07794950589138624,-0.02942376720452667,-752.3069434189639,1384.9631634687273,-633.8083350755693,-1.1521150258058739
12.68,-0.002235800623189739,-0.3805389898333686,0.0,-2.012122369137209,0.9872252828097609,5.7546643654746514e-05,-0.00039694071504441157,-1.0485257386868596,0.07794950589138624,-0.02942376720452667,-752.3069434189639,1384.9631634687273,-633.8083350755693,-1.1521150258058739
12.700000000000001,-0.002516072419219145,-0.4108444011044682,0.0,-2.012111588229679,0.9872310176297427,5.812643120305766e-05,-0.0003970043879009177,-1.0485257386868596,0.07794950589138624,-0.02942376720452667,-752.3069434189639,1384.9631634687273,-633.8083350755693,-1.1521150258058739
12.72,-0.0027857974940944364,-0.4395562530747345,0.0,-2.0120992738296333,0.9872353543515101,5.87770704943024e-05,-0.00039707898941907785,-1.0485257386868596,0.07794950589138624,-0.02942376720452667,-752.3069434189639,1384.9631634687273,-633.8083350755693,-1.1521150258058739
12.74,-0.0030439948147642283,-0.4665570131633954,0.0,-2.0120854312010996,0.9872380827639105,5.94966225569287e-05,-0.000397164535101948,-1.0485257386868596,0.07794950589138624,-0.02942376720452667,-752.3069434189639,1384.9631634687273,-633.8083350755693,-1.1521150258058739
12.76,-0.0032897104547975884,-0.4917354344770231,0.0,-2.0120700945588545,0.9872390216390663,6.0281807291661594e-05,-0.0003972608254893733,-1.0485257386868596,0.07794950589138624,-0.02942376720452667,-752.3069434189639,1384.9631634687273,-633.8083350755693,-1.1521150258058739
12.780000000000001,-0.0035220243561571076,-0.5149876370705078,0.0,-2.012053326612308,0.987238022564403,6.11280737678262e-05,-0.0003973674537504679,-1.0485257386868596,0.07794950589138624,-0.02942376720452667,-752.3069434189639,1384.9631634687273,-633.8083350755693,-1.1521150258058739
12.8,-0.0037400569442450882,-0.5362178434267338,0.0,-2.012035217208961,0.987234972987301,6.202970622258597e-05,-0.0003974838177328294,-1.0485257386868596,0.07794950589138624,-0.02942376720452667,-752.3069434189639,1384.9631634687273,-633.8083350755693,-1.1521150258058739
12.82,-0.003942975306428193,-0.5553388844486686,0.0,-2.012015881175563,0.987229798349435,6.297996122431489e-05,-0.00039760913626534156,-1.0485257386868596,0.07794950589138624,-0.02942376720452667,-752.3069434189639,1384.9631634687273,-633.8083350755693,-1.1521150258058739
12.84,-0.004129998794812493,-0.5722725551385168,0.0,-2.0119954554810406,0.9872224632298781,6.397123024643112e-05,-0.00039774246931059546,-1.0485257386868596,0.07794950589138624,-0.02942376720452667,-752.3069434189639,1384.9631634687273,-633.8083350755693,-1.1521150258058739
12.86,-0.0043004040057473035,-0.5869498722139012,0.0,-2.0119740958642263,0.9872129714667249,6.499522100450168e-05,-0.00039788274136152703,-1.0485257386868596,0.07794950589138624,-0.02942376720452667,-752.3069434189639,1384.9631634687273,-633.8083350755693,-1.1521150258058739
12.88,-0.004453529140738569,-0.5993112667897869,0.0,-2.0119519730807944,0.9872013652795999,6.604315040683132e-05,-0.0003980287673083672,-1.0485257386868596,0.07794950589138624,-0.02942376720452667,-752.3069434189639,1384.9631634687273,-633.8083350755693,-1.1521150258058739
12.9,-0.004588777780058308,-0.6093067320540496,0.0,-2.0119292689271204,0.9871877234643773,6.710594188800599e-05,-0.00039817927988847234,-1.0485257386868596,0.07794950589138624,-0.02942376720452667,-752.3069434189639,1384.9631634687273,-633.8083350755693,-1.1521150258058739
12.92,-0.0047056221110439445,-0.6168959370148391,0.0,-2.01190617219404,0.9871721587725063,6.817442022833432e-05,-0.0003983329577839128,-1.0485257386868596,0.07794950589138624,-0.02942376720452667,-752.3069434189639,1384.9631634687273,-633.8083350755693,-1.1521150258058739
12.94,-0.0048036056544749515,-0.6220483116673847,0.0,-2.0118828746913593,0.9871548146177019,6.923949766219108e-05,-0.0003984884534506162,-1.0485257386868596,0.07794950589138624,-0.02942376720452667,-752.3069434189639,1384.9631634687273,-633.8083350755693,-1.1521150258058739
12.96,-0.004882345528874582,-0.6247431054138918,0.0,-2.011859567465652,0.9871358612710961,7.029234606695412e-05,-0.00039864441984118013,-1.0485257386868596,0.07794950589138624,-0.02942376720452667,-752.3069434189639,1384.9631634687273,-633.8083350755693,-1.1521150258058739
12.98,-0.004941534286849317,-0.6249694185431635,0.0,-2.0118364373110693,0.987115491712191,7.132455120506074e-05,-0.0003987995353086393,-1.0485257386868596,0.07794950589138624,-0.02942376720452667,-752.3069434189639,1384.9631634687273,-633.8083350755693,-1.1521150258058739
13.0,-0.004980941351333004,-0.6225137173867361,0.0,-2.0118136636474944,0.9870939172982058,7.232824625999676e-05,-0.0003989525261348294,-1.0485257386868596,0.07794950589138624,-0.02942376720452667,-752.3069434189639,1384.9631634687273,-633.8083350755693,-1.1521150258058739
13.02,-0.005000476297328172,-0.6175537490272041,0.0,-2.011791415814364,0.9870713634005053,7.329622316459837e-05,-0.0003991021862983368,-1.0321833768634237,0.06160978164015934,-0.029426404776735665,-795.1982387660519,1464.5144592092277,-670.523812344969,-1.2075919017933745
13.040000000000001,-0.005000202687699384,-0.6101886972767063,0.0,-2.0117698704308156,0.9870480512681249,7.422231407463979e-05,-0.0003992472587974712,-1.0321833768634237,0.06160978164015934,-0.029426404776735665,-795.1982387660519,1464.5144592092277,-670.523812344969,-1.2075919017933745
13.06,-0.004980266202495187,-0.6004658272000448,0.0,-2.0117491868891197,0.9870242156515525,7.510089706794931e-05,-0.0003993870262332289,-1.0321833768634237,0.06160978164015934,-0.029426404776735665,-795.1982387660519,1464.5144592092277,-670.523812344969,-1.2075919017933745
13.08,-0.004940866355224111,-0.5884209674433595,0.0,-2.011729501892826,0.9870001081935298,7.592706480689724e-05,-0.0003995206564914174,-1.0321833768634237,0.06160978164015934,-0.029426404776735665,-795.1982387660519,1464.5144592092277,-670.523812344969,-1.2075919017933745
13.1,-0.004882251905737822,-0.5740944112916944,0.0,-2.011710933522546,0.9869759830814371,7.66967282773007e-05,-0.00039964732073406435,-1.0321833768634237,0.06160978164015934,-0.029426404776735665,-795.1982387660519,1464.5144592092277,-670.523812344969,-1.2075919017933745
13.120000000000001,-0.0048047233561520075,-0.5575353571617938,0.0,-2.011693582245285,0.9869520891760671,7.740667028617361e-05,-0.0003997662850137023,-1.0321833768634237,0.06160978164015934,-0.029426404776735665,-795.1982387660519,1464.5144592092277,-670.523812344969,-1.2075919017933745
13.14,-0.004708636496505478,-0.5388027920122259,0.0,-2.0116775303166996,0.9869286661096931,7.805457106518659e-05,-0.0003998769429173399,-1.0321833768634237,0.06160978164015934,-0.029426404776735665,-795.1982387660519,1464.5144592092277,-670.523812344969,-1.2075919017933745
13.16,-0.004594405352814352,-0.5179654227106448,0.0,-2.011662840922515,0.9869059418633324,7.863901614938011e-05,-0.0003999788236228601,-1.0321833768634237,0.06160978164015934,-0.029426404776735665,-795.1982387660519,1464.5144592092277,-670.523812344969,-1.2075919017933745
13.18,-0.0044625041889564685,-0.4951013333091002,0.0,-2.0116495575119706,0.9868841309019101,7.915949124238648e-05,-0.00040007159201260896,-1.0321833768634237,0.06160978164015934,-0.029426404776735665,-795.1982387660519,1464.5144592092277,-670.523812344969,-1.2075919017933745
13.200000000000001,-0.0043134685495522145,-0.4702975357621953,0.0,-2.0116377034048702,0.9868634325879977,7.961636706940453e-05,-0.0004001550461540995,-1.0321833768634237,0.06160978164015934,-0.029426404776735665,-795.1982387660519,1464.5144592092277,-670.523812344969,-1.2075919017933745
13.22,-0.004147895419687175,-0.44364946728970783,0.0,-2.011627281650557,0.9868440297736077,8.001087655289642e-05,-0.0004002291137050458,-1.0321833768634237,0.06160978164015934,-0.029426404776735665,-795.1982387660519,1464.5144592092277,-670.523812344969,-1.2075919017933745
13.24,-0.003966442602497821,-0.4152604595751722,0.0,-2.0116182750984706,0.9868260875138012,8.03450861318104e-05,-0.00040029384779395816,-1.0321833768634237,0.06160978164015934,-0.029426404776735665,-795.1982387660519,1464.5144592092277,-670.523812344969,-1.2075919017933745
13.26,-0.0037698274192453866,-0.3852411935617502,0.0,-2.0116106466436543,0.9868097518611045,8.062186251431728e-05,-0.00040034942263204664,-1.0321833768634237,0.06160978164015934,-0.029426404776735665,-795.1982387660519,1464.5144592092277,-670.523812344969,-1.2075919017933745
13.280000000000001,-0.0035588248301283596,-0.3537091467037243,0.0,-2.0116043396202814,0.9867951487101567,8.084483561640201e-05,-0.00040039612897284214,-1.0321833768634237,0.06160978164015934,-0.029426404776735665,-795.1982387660519,1464.5144592092277,-670.523812344969,-1.2075919017933745
13.3,-0.003334265063149826,-0.3207880353443554,0.0,-2.011599278327825,0.9867823826720455,8.101835792438589e-05,-0.0004004343694376573,-1.0321833768634237,0.06160978164015934,-0.029426404776735665,-795.1982387660519,1464.5144592092277,-670.523812344969,-1.2075919017933745
13.32,-0.0030970308260536905,-0.28660725261357806,0.0,-2.011595368686299,0.9867715359682457,8.114746005399066e-05,-0.00040046465364772265,-1.0321833768634237,0.06160978164015934,-0.029426404776735665,-795.1982387660519,1464.5144592092277,-670.523812344969,-1.2075919017933745
13.34,-0.002848054164574269,-0.25130130126933736,0.0,-2.011592499028144,0.9867626673452706,8.123780187960785e-05,-0.0004004875930426136,-1.0321833768634237,0.06160978164015934,-0.029426404776735665,-795.1982387660519,1464.5144592092277,-670.523812344969,-1.2075919017933745
13.36,-0.0025883130198779197,-0.21500922066742273,0.0,-2.0115905410440957,0.9867558110231212,8.129561829089452e-05,-0.00040050389521717765,-1.0321833768634237,0.06160978164015934,-0.029426404776735665,-795.1982387660519,1464.5144592092277,-670.523812344969,-1.2075919017933745
13.38,-0.0023188275294826776,-0.17787400724698751,0.0,-2.0115893509081726,0.9867509757032575,8.132765841315533e-05,-0.0004005143575744868,-1.0321833768634237,0.06160978164015934,-0.029426404776735665,-795.1982387660519,1464.5144592092277,-670.523812344969,-1.2075919017933745
13.4,-0.0020406561090872796,-0.14004202829681411,0.0,-2.011588770612251,0.9867481436747185,8.134111701773518e-05,-0.00040051986007079806,-1.0321833768634237,0.06160978164015934,-0.029426404776735665,-795.1982387660519,1464.5144592092277,-670.523812344969,-1.2075919017933745
13.42,-0.0017548913474386978,-0.10166242919861454,0.0,-2.011588629543114,0.9867472700696309,8.134355686195792e-05,-0.00040052135682131277,-1.0321833768634237,0.06160978164015934,-0.029426404776735665,-795.1982387660519,1464.5144592092277,-670.523812344969,-1.2075919017933745
13.44,-0.0014626557424053705,-0.06288653478998192,0.0,-2.0115887463339357,0.9867482823309199,8.134282084765628e-05,-0.00040051986634460045,-1.0321833768634237,0.06160978164015934,-0.029426404776735665,-795.1982387660519,1464.5144592092277,-670.523812344969,-1.2075919017933745
13.46,-0.001165097303489113,-0.023867245848586086,0.0,-2.011588931017546,0.9867510799646076,8.134693318254493e-05,-0.0004005164602509743,-1.0321833768634237,0.06160978164015934,-0.029426404776735665,-795.1982387660519,1464.5144592092277,-670.523812344969,-1.2075919017933745
13.48,-0.0008633850439240046,0.015241567962168412,0.0,-2.011588987500261,0.9867555346556711,8.13639891736572e-05,-0.00040051225022753856,-1.0321833768634237,0.06160978164015934,-0.029426404776735665,-795.1982387660519,1464.5144592092277,-670.523812344969,-1.2075919017933745
13.5,-0.0005587043840221909,0.055103374263221226,0.0,-2.011588716362504,0.9867614908288505,8.140203387316704e-05,-0.0004005083732411386,-1.0321833768634237,0.06160978164015934,-0.029426404776735665,-795.1982387660519,1464.5144592092277,-670.523812344969,-1.2075919017933745
13.52,-0.0002524919378451909,0.09456476894578092,0.0,-2.0115879179760467,0.9867687667330318,8.146893051922724e-05,-0.000400505974969613,-1.0241785849454212,0.053614013449215694,-0.029435428503794527,-816.1800689076056,1502.8366505574663,-687.8897946872811,-1.2332130374204182
13.540000000000001,5.362090484224095e-05,0.13323694823692153,0.0,-2.0115863476003586,0.9867770134037687,8.157204068732917e-05,-0.00040050666552169035,-1.0241785849454212,0.053614013449215694,-0.029435428503794527,-816.1800689076056,1502.8366505574663,-687.8897946872811,-1.2332130374204182
13.56,0.0003581717037951749,0.17107294131390272,0.0,-2.0115837973202417,0.9867860859986881,8.171830458687046e-05,-0.00040051085725753197,-1.0241785849454212,0.053614013449215694,-0.029435428503794527,-816.1800689076056,1502.8366505574663,-687.8897946872811,-1.2332130374204182
13.58,0.000659908458992906,0.20806527101831415,0.0,-2.0115800796448773,0.9867957864910663,8.191438104350301e-05,-0.000400519370615778,-1.0241785849454212,0.053614013449215694,-0.029435428503794527,-816.1800689076056,1502.8366505574663,-687.8897946872811,-1.2332130374204182
13.6,0.0009577217701556744,0.24416743649430464,0.0,-2.011575019823004,0.9868058661059524,8.216635761894251e-05,-0.00040053325374130846,-1.0241785849454212,0.053614013449215694,-0.029435428503794527,-816.1800689076056,1502.8366505574663,-687.8897946872811,-1.2332130374204182
13.620000000000001,0.0012505790642735543,0.27929407468828377,0.0,-2.011568456481446,0.986816050810769,8.247950442550879e-05,-0.00040055353419344225,-1.0241785849454212,0.053614013449215694,-0.029435428503794527,-816.1800689076056,1502.8366505574663,-687.8897946872811,-1.2332130374204182
13.64,0.001537483715049628,0.3133352485062975,0.0,-2.0115602462652724,0.9868260569079854,8.28580865736581e-05,-0.0004005811056163688,-1.0241785849454212,0.053614013449215694,-0.029435428503794527,-816.1800689076056,1502.8366505574663,-687.8897946872811,-1.2332130374204182
13.66,0.0018174548524564575,0.34616847413784846,0.0,-2.011550269383016,0.9868355999662357,8.330521770339759e-05,-0.0004006166899818179,-1.0241785849454212,0.053614013449215694,-0.029435428503794527,-816.1800689076056,1502.8366505574663,-687.8897946872811,-1.2332130374204182
13.68,0.002089520309281739,0.37766674262356886,0.0,-2.011538434613003,0.98684440125775,8.382274936954513e-05,-0.00040066082682287227,-1.0241785849454212,0.053614013449215694,-0.029435428503794527,-816.1800689076056,1502.8366505574663,-687.8897946872811,-1.2332130374204182
13.700000000000001,0.002352717061239425,0.40770358171755666,0.0,-2.0115246832488167,0.9868521934559547,8.441119698158288e-05,-0.00040071387046866657,-1.0241785849454212,0.053614013449215694,-0.029435428503794527,-816.1800689076056,1502.8366505574663,-687.8897946872811,-1.2332130374204182
13.72,0.002606095594810532,0.43615621562960255,0.0,-2.0115089918222715,0.9868587260793741,8.506970408240183e-05,-0.0004007759901499952,-1.0241785849454212,0.053614013449215694,-0.029435428503794527,-816.1800689076056,1502.8366505574663,-687.8897946872811,-1.2332130374204182
13.74,0.0028487260749906745,0.46290753848633975,0.0,-2.011491373568384,0.9868637706985175,8.579604603710843e-05,-0.000400847172258331,-1.0241785849454212,0.053614013449215694,-0.029435428503794527,-816.1800689076056,1502.8366505574663,-687.8897946872811,-1.2332130374204182
13.76,0.003079705089330766,0.4878473549272009,0.0,-2.0114718786523604,0.9868671257646346,8.658667290821403e-05,-0.0004009272250962381,-1.0241785849454212,0.053614013449215694,-0.029435428503794527,-816.1800689076056,1502.8366505574663,-687.8897946872811,-1.2332130374204182
13.780000000000001,0.0032981622977927318,0.5108731729181546,0.0,-2.0114505932175577,0.9868686208739396,8.743678979889391e-05,-0.0004010157865585392,-1.0241785849454212,0.053614013449215694,-0.029435428503794527,-816.1800689076056,1502.8366505574663,-687.8897946872811,-1.2332130374204182
13.8,0.003503266649634022,0.5318907269180263,0.0,-2.0114276373486693,0.9868681202852766,8.834047141689388e-05,-0.00040111233502184833,-1.0241785849454212,0.053614013449215694,-0.029435428503794527,-816.1800689076056,1502.8366505574663,-687.8897946872811,-1.2332130374204182
13.82,0.0036942320215842396,0.5508143408791544,0.0,-2.011403162077384,0.9868655255414165,8.929080618049463e-05,-0.00040121620347752674,-1.0241785849454212,0.053614013449215694,-0.029435428503794527,-816.1800689076056,1502.8366505574663,-687.8897946872811,-1.2332130374204182
13.84,0.0038703222386425986,0.5675671964604054,0.0,-2.01137734558672,0.9868607770926627,9.028006398552135e-05,-0.000401326596686759,-1.0241785849454212,0.053614013449215694,-0.029435428503794527,-816.1800689076056,1502.8366505574663,-687.8897946872811,-1.2332130374204182
13.86,0.0040308554937019524,0.5820815438776739,0.0,-2.0113503887927497,0.9868538548776287,9.129988088774532e-05,-0.0004014426109061544,-1.0241785849454212,0.053614013449215694,-0.029435428503794527,-816.1800689076056,1502.8366505574663,-687.8897946872811,-1.2332130374204182
13.88,0.004175208206368193,0.5942988754313961,0.0,-2.011322510496329,0.9868447778730058,9.234145350388984e-05,-0.0004015632555540006,-1.0241785849454212,0.053614013449215694,-0.029435428503794527,-816.1800689076056,1502.8366505574663,-687.8897946872811,-1.2332130374204182
13.9,0.004302818368310305,0.6041700712672219,0.0,-2.0112939423013163,0.9868336026764426,9.339573592479246e-05,-0.00040168747607470724,-1.0241785849454212,0.053614013449215694,-0.029435428503794527,-816.1800689076056,1502.8366505574663,-687.8897946872811,-1.2332130374204182
13.92,0.004413188420520827,0.6116555208543961,0.0,-2.011264923489242,0.9868204212302775,9.44536323497168e-05,-0.00040181417721535124,-1.0241785849454212,0.053614013449215694,-0.029435428503794527,-816.1800689076056,1502.8366505574663,-687.8897946872811,-1.2332130374204182
13.94,0.004505887701882131,0.616725220345035,0.0,-2.011235696024238,0.9868053578262534,9.550617943276414e-05,-0.0004019422459487543,-1.0241785849454212,0.053614013449215694,-0.029435428503794527,-816.1800689076056,1502.8366505574663,-687.8897946872811,-1.2332130374204182
13.96,0.004580554501235848,0.6193588443661292,0.0,-2.011206499837888,0.9867885655512871,9.654471339204364e-05,-0.0004020705733515721,-1.0241785849454212,0.053614013449215694,-0.029435428503794527,-816.1800689076056,1502.8366505574663,-687.8897946872811,-1.2332130374204182
13.98,0.004636897738190902,0.6195457901639521,0.0,-2.011177568513875,0.9867702223419456,9.756101816506189e-05,-0.00040219807485959795,-1.0241785849454212,0.053614013449215694,-0.029435428503794527,-816.1800689076056,1502.8366505574663,-687.8897946872811,-1.2332130374204182
14.0,0.004674698291894602,0.6170332734630487,0.0,-2.0111491254594616,0.9867505268116225,9.85474521900153e-05,-0.00040232370846061136,-1.0241785849454212,0.053614013449215694,-0.029435428503794527,-816.1800689076056,1502.8366505574663,-687.8897946872811,-1.2332130374204182
14.02,0.004693883762346203,0.6120565076737425,0.0,-2.011121380617583,0.9867296940013809,9.949705265311895e-05,-0.0004024464905329536,-1.004838900228115,0.03427549432224911,-0.029436594094133947,-867.3577467832299,1598.0802074519138,-732.0211613541509,-1.2987006854667018
14.040000000000001,0.004694537085668012,0.6047248302777894,0.0,-2.0110945424444067,0.9867079328250566,0.00010040410976381963,-0.00040256529080755113,-1.004838900228115,0.03427549432224911,-0.029436594094133947,-867.3577467832299,1598.0802074519138,-732.0211613541509,-1.2987006854667018
14.06,0.004676804983602264,0.5950743279976659,0.0,-2.011068808497522,0.986685471606052,0.00010126324054951865,-0.0004026797318138434,-1.004838900228115,0.03427549432224911,-0.029436594094133947,-867.3577467832299,1598.0802074519138,-732.0211613541509,-1.2987006854667018
14.08,0.004640869985172209,0.5831289943079827,0.0,-2.0110443474240953,0.9866625643487755,0.00010206970192016537,-0.0004027891675993853,-1.004838900228115,0.03427549432224911,-0.029436594094133947,-867.3577467832299,1598.0802074519138,-732.0211613541509,-1.2987006854667018
14.1,0.004586952469767055,0.5689217755894616,0.0,-2.011021303847,0.9866394695587898,0.00010281957126280475,-0.0004028928905632688,-1.004838900228115,0.03427549432224911,-0.029436594094133947,-867.3577467832299,1598.0802074519138,-732.0211613541509,-1.2987006854667018
14.120000000000001,0.004515318598995283,0.5524983060296423,0.0,-2.0109997999711897,0.9866164405666996,0.00010350981541929864,-0.0004029902751166926,-1.004838900228115,0.03427549432224911,-0.029436594094133947,-867.3577467832299,1598.0802074519138,-732.0211613541509,-1.2987006854667018
14.14,0.004426286838387519,0.5339162159910343,0.0,-2.0109799348573474,0.986593722141206,0.0001041383107515783,-0.00040308081729682396,-1.004838900228115,0.03427549432224911,-0.029436594094133947,-867.3577467832299,1598.0802074519138,-732.0211613541509,-1.2987006854667018
14.16,0.004320232108328133,0.5132439129669326,0.0,-2.0109617833515245,0.9865715488308373,0.00010470384195110545,-0.00040316413656278107,-1.004838900228115,0.03427549432224911,-0.029436594094133947,-867.3577467832299,1598.0802074519138,-732.0211613541509,-1.2987006854667018
14.18,0.0041975880214296015,0.49055957139403905,0.0,-2.0109453953433944,0.9865501435658643,0.00010520608910574844,-0.00040323996962529803,-1.004838900228115,0.03427549432224911,-0.029436594094133947,-867.3577467832299,1598.0802074519138,-732.0211613541509,-1.2987006854667018
14.200000000000001,0.004058847727414187,0.46595033488170784,0.0,-2.010930795426093,0.9865297162511931,0.00010564560675336933,-0.0004033081641254952,-1.004838900228115,0.03427549432224911,-0.029436594094133947,-867.3577467832299,1598.0802074519138,-732.0211613541509,-1.2987006854667018
14.22,0.003904563737677271,0.43951164877135,0.0,-2.0109179828833166,0.9865104623523254,0.00010602379704172633,-0.0004033686732515434,-1.004838900228115,0.03427549432224911,-0.029436594094133947,-867.3577467832299,1598.0802074519138,-732.0211613541509,-1.2987006854667018
14.24,0.003735346978817902,0.4113466649791963,0.0,-2.010906931923406,0.9864925614965318,0.00010634287845794094,-0.000403421551079513,-1.004838900228115,0.03427549432224911,-0.029436594094133947,-867.3577467832299,1598.0802074519138,-732.0211613541509,-1.2987006854667018
14.26,0.0035518652448875026,0.3815656850090303,0.0,-2.0108975921022476,0.9864761760943935,0.00010660585107282159,-0.0004034669483621433,-1.004838900228115,0.03427549432224911,-0.029436594094133947,-867.3577467832299,1598.0802074519138,-732.0211613541509,-1.2987006854667018
14.280000000000001,0.0033548411673989067,0.35028562088848925,0.0,-2.010889888899778,0.9864614499757001,0.00010681645874501434,-0.00040350510856938544,-1.004838900228115,0.03427549432224911,-0.029436594094133947,-867.3577467832299,1598.0802074519138,-732.0211613541509,-1.2987006854667018
14.3,0.0031450497889532517,0.31762946163668343,0.0,-2.0108837244347444,0.9864485070310691,0.00010697914825750018,-0.0004035363640277216,-1.004838900228115,0.03427549432224911,-0.029436594094133947,-867.3577467832299,1598.0802074519138,-732.0211613541509,-1.2987006854667018
14.32,0.0029233158041285594,0.2837257376367917,0.0,-2.010878978319372,0.9864374498540258,0.00010709902493587959,-0.0004035611320137559,-1.004838900228115,0.03427549432224911,-0.029436594094133947,-867.3577467832299,1598.0802074519138,-732.0211613541509,-1.2987006854667018
14.34,0.0026905105162776783,0.2487079784157143,0.0,-2.0108755086699537,0.9864283583857733,0.00010718180393987419,-0.00040357991064877144,-1.004838900228115,0.03427549432224911,-0.029436594094133947,-867.3577467832299,1598.0802074519138,-732.0211613541509,-1.2987006854667018
14.36,0.0024475485486944956,0.2127141614110616,0.0,-2.0108731533011213,0.9864212885752692,0.0001072337561415597,-0.00040359327442591157,-1.004838900228115,0.03427549432224911,-0.029436594094133947,-867.3577467832299,1598.0802074519138,-732.0211613541509,-1.2987006854667018
14.38,0.00219538434171853,0.1758861507570045,0.0,-2.0108717311404125,0.9864162710796422,0.00010726164731982584,-0.0004036018691868258,-1.004838900228115,0.03427549432224911,-0.029436594094133947,-867.3577467832299,1598.0802074519138,-732.0211613541509,-1.2987006854667018
14.4,0.0019350084626914323,0.1383691261112155,0.0,-2.0108710439053086,0.9864133100435413,0.00010727266932598416,-0.00040360640635471896,-1.004838900228115,0.03427549432224911,-0.029436594094133947,-867.3577467832299,1598.0802074519138,-732.0211613541509,-1.2987006854667018
14.42,0.0016674437525365272,0.10031100222525607,0.0,-2.0108708780867532,0.9864123820098943,0.00010727436192457334,-0.00040360765622939943,-1.004838900228115,0.03427549432224911,-0.029436594094133947,-867.3577467832299,1598.0802074519138,-732.0211613541509,-1.2987006854667018
14.44,0.0013937413306563517,0.06186184046529532,0.0,-2.010871007280777,0.9864134350277735,0.0001072745241998218,-0.00040360644016030473,-1.004838900228115,0.03427549432224911,-0.029436594094133947,-867.3577467832299,1598.0802074519138,-732.0211613541509,-1.2987006854667018
14.46,0.0011149764784409702,0.023173253804262953,0.0,-2.0108711949028075,0.9864163880345153,0.000107281114751776,-0.0004036036214382387,-1.004838900228115,0.03427549432224911,-0.029436594094133947,-867.3577467832299,1598.0802074519138,-732.0211613541509,-1.2987006854667018
14.48,0.0008322444207814967,-0.015602192933223655,0.0,-2.010871197307268,0.9864211305977958,0.00010730214039044245,-0.0004036000947875289,-1.004838900228115,0.03427549432224911,-0.029436594094133947,-867.3577467832299,1598.0802074519138,-732.0211613541509,-1.2987006854667018
14.5,0.0005466560243773703,-0.055143524138681926,0.0,-2.010870767318067,0.9864275231076627,0.00010734553366640257,-0.00040359677439858247,-1.004838900228115,0.03427549432224911,-0.029436594094133947,-867.3577467832299,1598.0802074519138,-732.0211613541509,-1.2987006854667018
14.52,0.000259577053062102,-0.09423825394619906,0.0,-2.0108696581538417,0.9864353975074218,0.0001074190203349864,-0.0004035945805160138,-0.9955789838775037,0.025024360185311113,-0.029445376307807428,-891.9386707898382,1643.159596143889,-752.5493288266257,-1.3284034725749005
14.540000000000001,-2.7441441598916733e-05,-0.13251809051617666,0.0,-2.0108675831202274,0.9864443768319842,0.00010752948363723137,-0.00040359497683296685,-0.9955789838775037,0.025024360185311113,-0.029445376307807428,-891.9386707898382,1643.159596143889,-752.5493288266257,-1.3284034725749005
14.56,-0.000313038645712721,-0.1699737641175949,0.0,-2.0108642892454345,0.9864543537192167,0.00010768374212596542,-0.0004035980076785812,-0.9955789838775037,0.025024360185311113,-0.029445376307807428,-891.9386707898382,1643.159596143889,-752.5493288266257,-1.3284034725749005
14.58,-0.0005960690672303518,-0.20661664310285366,0.0,-2.010859545117927,0.9864651513918115,0.00010788842238611451,-0.0004036042654668669,-0.9955789838775037,0.025024360185311113,-0.029445376307807428,-891.9386707898382,1643.159596143889,-752.5493288266257,-1.3284034725749005
14.6,-0.0008755188081435491,-0.24240124487090423,0.0,-2.0108531354889507,0.9864765256372862,0.0001081495260092171,-0.00040361464565602,-0.9955789838775037,0.025024360185311113,-0.029445376307807428,-891.9386707898382,1643.159596143889,-752.5493288266257,-1.3284034725749005
14.620000000000001,-0.0011504345775739519,-0.27723541043378863,0.0,-2.0108448633515237,0.9864881994430704,0.00010847215444316849,-0.00040363002943473745,-0.9955789838775037,0.025024360185311113,-0.029445376307807428,-891.9386707898382,1643.159596143889,-752.5493288266257,-1.3284034725749005
14.64,-0.0014198850033725645,-0.3110015351108209,0.0,-2.0108345559945335,0.986499882792713,0.0001088603351663024,-0.00040365115636269443,-0.9955789838775037,0.025024360185311113,-0.029445376307807428,-891.9386707898382,1643.159596143889,-752.5493288266257,-1.3284034725749005
14.66,-0.0016829450890696205,-0.3435714556726977,0.0,-2.0108220717460936,0.9865112823894384,0.00010931689747573192,-0.0004036785990634545,-0.9955789838775037,0.025024360185311113,-0.029445376307807428,-891.9386707898382,1643.159596143889,-752.5493288266257,-1.3284034725749005
14.68,-0.0019386934219435877,-0.3748149745296158,0.0,-2.0108073057632296,0.9865221079093223,0.00010984338236298651,-0.0004037127679741324,-0.9955789838775037,0.025024360185311113,-0.029445376307807428,-891.9386707898382,1643.159596143889,-752.5493288266257,-1.3284034725749005
14.700000000000001,-0.002186215531076694,-0.40460448469418125,0.0,-2.0107901943557684,0.9865320775543672,0.00011043998550772647,-0.0004037539194460392,-0.9955789838775037,0.025024360185311113,-0.029445376307807428,-891.9386707898382,1643.159596143889,-752.5493288266257,-1.3284034725749005
14.72,-0.002424609828751664,-0.43281747981703933,0.0,-2.0107707177653653,0.9865409235988066,0.00011110553571091703,-0.00040380216184792946,-0.9955789838775037,0.025024360185311113,-0.029445376307807428,-891.9386707898382,1643.159596143889,-752.5493288266257,-1.3284034725749005
14.74,-0.0026529943354917773,-0.4593379511494447,0.0,-2.0107489014317257,0.9865483979011096,0.00011183751057103766,-0.00040385746044249384,-0.9955789838775037,0.025024360185311113,-0.029445376307807428,-891.9386707898382,1643.159596143889,-752.5493288266257,-1.3284034725749005
14.76,-0.0028705133277003025,-0.4840572018682786,0.0,-2.0107248158049376,0.9865542771616884,0.00011263208966392254,-0.0004039196426188566,-0.9955789838775037,0.025024360185311113,-0.029445376307807428,-891.9386707898382,1643.159596143889,-752.5493288266257,-1.3284034725749005
14.780000000000001,-0.0030763435304170844,-0.5068743581027002,0.0,-2.0106985747856716,0.9865583676786379,0.00011348424372430282,-0.00040398840465779656,-0.9955789838775037,0.025024360185311113,-0.029445376307807428,-891.9386707898382,1643.159596143889,-752.5493288266257,-1.3284034725749005
14.8,-0.003269699720809445,-0.527696723417081,0.0,-2.010670332907484,0.9865605093788465,0.00011438785659549964,-0.00040406332069078396,-0.9955789838775037,0.025024360185311113,-0.029445376307807428,-891.9386707898382,1643.159596143889,-752.5493288266257,-1.3284034725749005
14.82,-0.0034498397246358133,-0.546440052380844,0.0,-2.0106402814132682,0.9865605789486613,0.00011533587515707029,-0.00040414385408396825,-0.9955789838775037,0.025024360185311113,-0.029445376307807428,-891.9386707898382,1643.159596143889,-752.5493288266257,-1.3284034725749005
14.84,-0.003616068838470972,-0.5630287803753832,0.0,-2.0106086434141277,0.986558491946018,0.00011632048118714692,-0.0004042293711435703,-0.9955789838775037,0.025024360185311113,-0.029445376307807428,-891.9386707898382,1643.159596143889,-752.5493288266257,-1.3284034725749005
14.86,-0.0037677437274785705,-0.5773962262145022,0.0,-2.0105756683478866,0.9865542038378257,0.00011733327826626114,-0.0004043191567914489,-0.9955789838775037,0.025024360185311113,-0.029445376307807428,-891.9386707898382,1643.159596143889,-752.5493288266257,-1.3284034725749005
14.88,-0.0039042758493830006,-0.589484773426928,0.0,-2.010541625972046,0.9865477099669899,0.00011836548644313603,-0.00040441243169292125,-0.9955789838775037,0.025024360185311113,-0.029445376307807428,-891.9386707898382,1643.159596143889,-752.5493288266257,-1.3284034725749005
14.9,-0.004025134449294235,-0.5992460307675929,0.0,-2.010506800130214,0.9865390445082668,0.0001194081374690053,-0.00040450837022685767,-0.9955789838775037,0.025024360185311113,-0.029445376307807428,-891.9386707898382,1643.159596143889,-752.5493288266257,-1.3284034725749005
14.92,-0.004129849161890773,-0.6066409701692235,0.0,-2.0104714825215515,0.9865282785177161,0.00012045226392991759,-0.0004046061186619636,-0.9955789838775037,0.025024360185311113,-0.029445376307807428,-891.9386707898382,1643.159596143889,-752.5493288266257,-1.3284034725749005
14.94,-0.004218012249412093,-0.6116400395088335,0.0,-2.010435966680961,0.9865155172145437,0.00012148907648999568,-0.0004047048129320393,-0.9955789838775037,0.025024360185311113,-0.029445376307807428,-891.9386707898382,1643.159596143889,-752.5493288266257,-1.3284034725749005
14.96,-0.004289280496937837,-0.6142232475148945,0.0,-2.010400542346072,0.9865008966555021,0.00012251012460069875,-0.0004048035954741072,-0.9955789838775037,0.025024360185311113,-0.029445376307807428,-891.9386707898382,1643.159596143889,-752.5493288266257,-1.3284034725749005
14.98,-0.004343376780804457,-0.6143802184242528,0.0,-2.0103654903488253,0.9864845799708364,0.00012350743731867657,-0.0004049016306932933,-0.9955789838775037,0.025024360185311113,-0.029445376307807428,-891.9386707898382,1643.159596143889,-752.5493288266257,-1.3284034725749005
15.0,-0.004380091321724245,-0.6118098683997262,0.0,-2.010331078128104,0.9864667533281173,0.0001244736421946495,-0.00040499811873416367,-0.9955789838775037,0.025024360185311113,-0.029445376307807428,-891.9386707898382,1643.159596143889,-752.5493288266257,-1.3284034725749005
15.02,-0.004399370582580536,-0.6068223494125369,0.0,-2.010297555918702,0.986447621778067,0.00012540206144967035,-0.000405092307358068,-0.9723331019455851,0.0017781133599695902,-0.0294450114143845,-953.9648790399289,1758.9751425615043,-806.4169648577567,-1.4067013361815641
15.040000000000001,-0.004401318201796661,-0.5995354603600791,0.0,-2.010265155584909,0.9864273814813413,0.00012628756564647708,-0.0004051831439154204,-0.9723331019455851,0.0017781133599695902,-0.0294450114143845,-953.9648790399289,1758.9751425615043,-806.4169648577567,-1.4067013361815641
15.06,-0.004386079150449239,-0.5899671507732684,0.0,-2.010234117469203,0.9864062543762685,0.00012712500265701652,-0.0004052706785666568,-0.9723331019455851,0.0017781133599695902,-0.0294450114143845,-953.9648790399289,1758.9751425615043,-806.4169648577567,-1.4067013361815641
15.08,-0.0043538145750498195,-0.5781260999187373,0.0,-2.010204645036551,0.9863844995611691,0.00012790975655299066,-0.0004053544563149388,-0.9723331019455851,0.0017781133599695902,-0.0294450114143845,-953.9648790399289,1758.9751425615043,-806.4169648577567,-1.4067013361815641
15.1,-0.004304713499715178,-0.564037960404477,0.0,-2.010176910126929,0.9863623814380913,0.00012863805873973013,-0.0004054338744584219,-0.9723331019455851,0.0017781133599695902,-0.0294450114143845,-953.9648790399289,1758.9751425615043,-806.4169648577567,-1.4067013361815641
15.120000000000001,-0.004239007178524844,-0.5477462590298088,0.0,-2.0101510562870257,0.9863401578909305,0.0001293070691315955,-0.0004055084104384094,-0.9723331019455851,0.0017781133599695902,-0.0294450114143845,-953.9648790399289,1758.9751425615043,-806.4169648577567,-1.4067013361815641
15.14,-0.004156978147687744,-0.5293087199877952,0.0,-2.0101271985054554,0.9863180783437155,0.0001299148753996105,-0.0004055776671528174,-0.9723331019455851,0.0017781133599695902,-0.0294450114143845,-953.9648790399289,1758.9751425615043,-806.4169648577567,-1.4067013361815641
15.16,-0.004058964737013124,-0.5087944161679832,0.0,-2.010105422184572,0.9862963835199702,0.0001304604725142537,-0.00040564136103479574,-0.9723331019455851,0.0017781133599695902,-0.0294450114143845,-953.9648790399289,1758.9751425615043,-806.4169648577567,-1.4067013361815641
15.18,-0.00394536285162053,-0.4862820962813682,0.0,-2.0100857824672707,0.9862753047148078,0.00013094373781677652,-0.0004056993054519526,-0.9723331019455851,0.0017781133599695902,-0.0294450114143845,-953.9648790399289,1758.9751425615043,-806.4169648577567,-1.4067013361815641
15.200000000000001,-0.003816626213417914,-0.4618591895753153,0.0,-2.01006830404758,0.9862550625398672,0.00013136540344983,-0.0004057513995939666,-0.9723331019455851,0.0017781133599695902,-0.0294450114143845,-953.9648790399289,1758.9751425615043,-806.4169648577567,-1.4067013361815641
15.22,-0.0036732656826746197,-0.4356211220312079,0.0,-2.0100529813479238,0.9862358654176888,0.0001317270260507687,-0.00040579762167332323,-0.9723331019455851,0.0017781133599695902,-0.0294450114143845,-953.9648790399289,1758.9751425615043,-806.4169648577567,-1.4067013361815641
15.24,-0.0035158479684931038,-0.40767076189628665,0.0,-2.010039778948447,0.9862179079978841,0.0001320309538224851,-0.0004058380243604778,-0.9723331019455851,0.0017781133599695902,-0.0294450114143845,-953.9648790399289,1758.9751425615043,-806.4169648577567,-1.4067013361815641
15.26,-0.0033449938887008626,-0.3781179136167608,0.0,-2.0100286321971526,0.9862013695617166,0.0001322802911944869,-0.0004058727312450652,-0.9723331019455851,0.0017781133599695902,-0.0294450114143845,-953.9648790399289,1758.9751425615043,-806.4169648577567,-1.4067013361815641
15.280000000000001,-0.003161376270216961,-0.3470788245563196,0.0,-2.0100194479656994,0.9861864124284762,0.0001324788610990808,-0.00040590193375126973,-0.9723331019455851,0.0017781133599695902,-0.0294450114143845,-953.9648790399289,1758.9751425615043,-806.4169648577567,-1.4067013361815641
15.3,-0.002965717547039486,-0.3146756884505514,0.0,-2.010012105541927,0.9861731803578423,0.00013263116456505242,-0.00040592588822855805,-0.9723331019455851,0.0017781133599695902,-0.0294450114143845,-953.9648790399289,1758.9751425615043,-806.4169648577567,-1.4067013361815641
15.32,-0.0027587870954487756,-0.28103613835298014,0.0,-2.01000645767018,0.986161796940201,0.00013274233698663148,-0.0004059449130484717,-0.9723331019455851,0.0017781133599695902,-0.0294450114143845,-953.9648790399289,1758.9751425615043,-806.4169648577567,-1.4067013361815641
15.34,-0.002541398336494987,-0.24629272613046488,0.0,-2.010002331766586,0.9861523639731206,0.00013281810011574275,-0.00040595938556992224,-0.9723331019455851,0.0017781133599695902,-0.0294450114143845,-953.9648790399289,1758.9751425615043,-806.4169648577567,-1.4067013361815641
15.36,-0.002314405630433405,-0.21058238775552704,0.0,-2.0099995313491843,0.9861449598330468,0.00013286470858319023,-0.0004059697388377772,-0.9723331019455851,0.0017781133599695902,-0.0294450114143845,-953.9648790399289,1758.9751425615043,-806.4169648577567,-1.4067013361815641
15.38,-0.002078700984634588,-0.17404589485751,0.0,-2.009997837732209,0.9861396378649432,0.00013288888960104808,-0.00040597645787291174,-0.9723331019455851,0.0017781133599695902,-0.0294450114143845,-953.9648790399289,1758.9751425615043,-806.4169648577567,-1.4067013361815641
15.4,-0.0018352105946210832,-0.13682729366679022,0.0,-2.009997012039296,0.9861364248278031,0.0001328977744536375,-0.00040598007540584564,-0.9723331019455851,0.0017781133599695902,-0.0294450114143845,-953.9648790399289,1758.9751425615043,-806.4169648577567,-1.4067013361815641
15.42,-0.0015848912367327768,-0.09907333287516429,0.0,-2.0099967975914264,0.9861353194497475,0.00013289882046432978,-0.00040598116690569264,-0.9723331019455851,0.0017781133599695902,-0.0294450114143845,-953.9648790399289,1758.9751425615043,-806.4169648577567,-1.4067013361815641
15.44,-0.0013287265302402,-0.060932882206779296,0.0,-2.0099969227213172,0.9861362911617226,0.00013289972234453829,-0.00040598034476469364,-0.9723331019455851,0.0017781133599695902,-0.0294450114143845,-953.9648790399289,1758.9751425615043,-806.4169648577567,-1.4067013361815641
15.46,-0.0010677230862812244,-0.02255634362721992,0.0,-2.0099971040562,0.986139279092452,0.0001329083121994456,-0.0004059782515183841,-0.9723331019455851,0.0017781133599695902,-0.0294450114143845,-953.9648790399289,1758.9751425615043,-806.4169648577567,-1.4067013361815641
15.48,-0.000802906560749099,0.015904942747003707,0.0,-2.0099970502951177,0.9861441914180444,0.00013293244798506597,-0.00040597555201385405,-0.9723331019455851,0.0017781133599695902,-0.0294450114143845,-953.9648790399289,1758.9751425615043,-806.4169648577567,-1.4067013361815641
15.5,-0.0005353176280909746,0.05515601176668525,0.0,-2.009996466484989,0.986150905166025,0.00013297989087624894,-0.00040597292448431646,-0.9723331019455851,0.0017781133599695902,-0.0294450114143845,-953.9648790399289,1758.9751425615043,-806.4169648577567,-1.4067013361815641
15.52,-0.0002662587704110051,0.09390105323457074,0.0,-2.0099950587720796,0.9861592665742326,0.00013305817279524293,-0.00040597105054681796,-0.9614313878384434,-0.009114990959122517,-0.029453621202434044,-983.2795001423182,1812.950720595007,-831.1128550354084,-1.4416345827199524
15.540000000000001,2.792513571626791e-06,0.13180111343506523,0.0,-2.0099925035967137,0.9861688585115516,0.00013317353440493954,-0.0004059712490333175,-0.9614313878384434,-0.009114990959122517,-0.029453621202434044,-983.2795001423182,1812.950720595007,-831.1128550354084,-1.4416345827199524
15.56,0.0002705755058764175,0.16889575075988378,0.0,-2.0099885015365673,0.9861796246787385,0.000133332700877733,-0.0004059731506225806,-0.9614313878384434,-0.009114990959122517,-0.029453621202434044,-983.2795001423182,1812.950720595007,-831.1128550354084,-1.4416345827199524
15.58,0.0005360490943872882,0.2052156892170397,0.0,-2.0099827747020926,0.9861914149216565,0.00013354230358680292,-0.0004059771169854564,-0.9614313878384434,-0.009114990959122517,-0.029453621202434044,-983.2795001423182,1812.950720595007,-831.1128550354084,-1.4416345827199524
15.6,0.0007982887366804262,0.24071144742078357,0.0,-2.009975066237115,0.9862039882222037,0.00013380824218106192,-0.00040598390076635783,-0.9614313878384434,-0.009114990959122517,-0.029453621202434044,-983.2795001423182,1812.950720595007,-831.1128550354084,-1.4416345827199524
15.620000000000001,0.0010564115397633722,0.27527963521064325,0.0,-2.0099651437529005,0.9862170624008266,0.00013413540061679981,-0.0004059942328938037,-0.9614313878384434,-0.009114990959122517,-0.029453621202434044,-983.2795001423182,1812.950720595007,-831.1128550354084,-1.4416345827199524
15.64,0.0013095424757589144,0.30879314937177305,0.0,-2.0099528062596925,0.9862303400107483,0.0001345275178035259,-0.0004060086831685639,-0.9614313878384434,-0.009114990959122517,-0.029453621202434044,-983.2795001423182,1812.950720595007,-831.1128550354084,-1.4416345827199524
15.66,0.0015568052649660097,0.34111835991600625,0.0,-2.0099378917177075,0.9862435184970754,0.00013498710383191847,-0.00040602765869309865,-0.9614313878384434,-0.009114990959122517,-0.029453621202434044,-983.2795001423182,1812.950720595007,-831.1128550354084,-1.4416345827199524
15.68,0.0017973242741374821,0.3721229997956797,0.0,-2.009920283340892,0.9862562956879439,0.00013551537633140872,-0.00040605143089791565,-0.9614313878384434,-0.009114990959122517,-0.029453621202434044,-983.2795001423182,1812.950720595007,-831.1128550354084,-1.4416345827199524
15.700000000000001,0.0020302303710181355,0.4016795343063679,0.0,-2.009899914110374,0.986268374966863,0.00013611221997638173,-0.0004060801554728813,-0.9614313878384434,-0.009114990959122517,-0.029453621202434044,-983.2795001423182,1812.950720595007,-831.1128550354084,-1.4416345827199524
15.72,0.0022546677377417897,0.42966664181685876,0.0,-2.0098767694875757,0.9862794709258825,0.00013677617630143872,-0.0004061138827382914,-0.9614313878384434,-0.009114990959122517,-0.029453621202434044,-983.2795001423182,1812.950720595007,-831.1128550354084,-1.4416345827199524
15.74,0.002469800517975285,0.45596994991139306,0.0,-2.009850888409431,0.9862893152595223,0.00013750446841707324,-0.00040615256310725647,-0.9614313878384434,-0.009114990959122517,-0.029453621202434044,-983.2795001423182,1812.950720595007,-831.1128550354084,-1.4416345827199524
15.76,0.0026748189311742174,0.48048247965754726,0.0,-2.009822362641549,0.9862976625169116,0.0001382930619960727,-0.00040619605135769056,-0.9614313878384434,-0.009114990959122517,-0.029453621202434044,-983.2795001423182,1812.950720595007,-831.1128550354084,-1.4416345827199524
15.780000000000001,0.0028689447749353668,0.5031049730949495,0.0,-2.0097913345763465,0.9863042953838258,0.00013913676124112782,-0.00040624411166226407,-0.9614313878384434,-0.009114990959122517,-0.029453621202434044,-983.2795001423182,1812.950720595007,-831.1128550354084,-1.4416345827199524
15.8,0.003051436338762095,0.5237461715722873,0.0,-2.009757993601743,0.9863090292372687,0.00014002933642484378,-0.0004062964241923627,-0.9614313878384434,-0.009114990959122517,-0.029453621202434044,-983.2795001423182,1812.950720595007,-831.1128550354084,-1.4416345827199524
15.82,0.0032215927831093093,0.5423230699060465,0.0,-2.009722571216442,0.9863117157809106,0.00014096367791427392,-0.00040635259350658374,-0.9614313878384434,-0.009114990959122517,-0.029453621202434044,-983.2795001423182,1812.950720595007,-831.1128550354084,-1.4416345827199524
15.84,0.0033787580405143284,0.558761153722361,0.0,-2.0096853351158734,0.9863122456339587,0.00014193197035271155,-0.00040641215860489965,-0.9614313878384434,-0.009114990959122517,-0.029453621202434044,-983.2795001423182,1812.950720595007,-831.1128550354084,-1.4416345827199524
15.860000000000001,0.0035223242887165982,0.5729946201295544,0.0,-2.0096465825096614,0.9863105498102507,0.00014292587990835255,-0.00040647460433973335,-0.9614313878384434,-0.009114990959122517,-0.029453621202434044,-983.2795001423182,1812.950720595007,-831.1128550354084,-1.4416345827199524
15.88,0.0036517350361737547,0.5849665791387342,0.0,-2.0096066329521163,0.9863066000863225,0.0001439367472376494,-0.00040653937376830264,-0.9614313878384434,-0.009114990959122517,-0.029453621202434044,-983.2795001423182,1812.950720595007,-831.1128550354084,-1.4416345827199524
15.9,0.003766487851243467,0.5946292325323048,0.0,-2.0095658209700336,0.9863004083134208,0.000144955779034068,-0.0004066058809833583,-0.9614313878384434,-0.009114990959122517,-0.029453621202434044,-983.2795001423182,1812.950720595007,-831.1128550354084,-1.4416345827199524
15.92,0.0038661367585158726,0.6019440269737548,0.0,-2.009524488757543,0.9862920247756002,0.00014597423168543228,-0.00040667352395877077,-0.9614313878384434,-0.009114990959122517,-0.029453621202434044,-983.2795001423182,1812.950720595007,-831.1128550354084,-1.4416345827199524
15.94,0.003950294319584512,0.6068817785800765,0.0,-2.009482979178325,0.986281535731749,0.00014698358155353883,-0.00040674169698200533,-0.9614313878384434,-0.009114990959122517,-0.029453621202434044,-983.2795001423182,1812.950720595007,-831.1128550354084,-1.4416345827199524
15.96,0.004018633410792837,0.6094227666627334,0.0,-2.0094416292747797,0.9862690603023466,0.00014797567760797185,-0.00040680980230743175,-0.9614313878384434,-0.009114990959122517,-0.029453621202434044,-983.2795001423182,1812.950720595007,-831.1128550354084,-1.4416345827199524
15.98,0.004070888706984189,0.6095567948278786,0.0,-2.0094007644360743,0.9862547468719254,0.0001489428734727064,-0.00040687726074307377,-0.9614313878384434,-0.009114990959122517,-0.029453621202434044,-983.2795001423182,1812.950720595007,-831.1128550354084,-1.4416345827199524
16.0,0.004106857877786246,0.6069263891830535,0.0,-2.0093606933266366,0.9862387691766098,0.00014987813726837266,-0.0004069435209697628,-0.9614313878384434,-0.009114990959122517,-0.029453621202434044,-983.2795001423182,1812.950720595007,-831.1128550354084,-1.4416345827199524
16.02,0.0041265069930187005,0.6019371716353531,0.0,-2.009321703627698,0.9862213222345684,0.00015077513885977737,-0.00040700806747790975,-0.9332662023957371,-0.037282029701764474,-0.02945176790249844,-1059.0069120847672,1954.7775160390202,-897.3060843656043,-1.5354804113512026
16.04,0.00412996013571556,0.5947093931549172,0.0,-2.0092840351080348,0.986202588568445,0.00015162949054893954,-0.00040706984976844065,-0.9332662023957371,-0.037282029701764474,-0.02945176790249844,-1059.0069120847672,1954.7775160390202,-897.3060843656043,-1.5354804113512026
16.06,0.0041173550126559775,0.5852327060265894,0.0,-2.0092479779402734,0.9861827832442385,0.00015243625054966466,-0.00040712946785983865,-0.9332662023957371,-0.037282029701764474,-0.02945176790249844,-1059.0069120847672,1954.7775160390202,-897.3060843656043,-1.5354804113512026
16.080000000000002,0.004088825318453197,0.5734976204252713,0.0,-2.009213773660993,0.9861621732753346,0.0001531908841511968,-0.0004071866523241935,-0.9332662023957371,-0.037282029701764474,-0.02945176790249844,-1059.0069120847672,1954.7775160390202,-897.3060843656043,-1.5354804113512026
16.1,0.00404452586981613,0.5595246095094162,0.0,-2.0091816202859833,0.9861410295166395,0.00015388978013763748,-0.00040724087555482494,-0.9332662023957371,-0.037282029701764474,-0.02945176790249844,-1059.0069120847672,1954.7775160390202,-897.3060843656043,-1.5354804113512026
16.12,0.0039846535774201155,0.5433579841618915,0.0,-2.009151680268253,0.9861196128991547,0.00015453032375894993,-0.0004072917119015109,-0.9332662023957371,-0.037282029701764474,-0.02945176790249844,-1059.0069120847672,1954.7775160390202,-897.3060843656043,-1.5354804113512026
16.14,0.003909457566424274,0.5250574087003811,0.0,-2.009124082058046,0.9860981756955354,0.00015511084542516257,-0.00040733888001039277,-0.9332662023957371,-0.037282029701764474,-0.02945176790249844,-1059.0069120847672,1954.7775160390202,-897.3060843656043,-1.5354804113512026
16.16,0.0038192426772197807,0.5046933537550984,0.0,-2.0090989194555537,0.9860769635244143,0.00015563056801019208,-0.00040738220305500626,-0.9332662023957371,-0.037282029701764474,-0.02945176790249844,-1059.0069120847672,1954.7775160390202,-897.3060843656043,-1.5354804113512026
16.18,0.0037143700561718253,0.48234521949959064,0.0,-2.0090762510477393,0.9860562152913098,0.00015608956861952784,-0.0004074215765560035,-0.9332662023957371,-0.037282029701764474,-0.02945176790249844,-1059.0069120847672,1954.7775160390202,-897.3060843656043,-1.5354804113512026
16.2,0.0035952565754893855,0.4581005368339144,0.0,-2.009056100166357,0.9860361618438878,0.00015648874687556902,-0.00040745695291060247,-0.9332662023957371,-0.037282029701764474,-0.02945176790249844,-1059.0069120847672,1954.7775160390202,-897.3060843656043,-1.5354804113512026
16.22,0.0034623736995928562,0.4320544815626902,0.0,-2.009038455245608,0.9860170241867545,0.00015682979371541692,-0.00040748833483643924,-0.9332662023957371,-0.037282029701764474,-0.02945176790249844,-1059.0069120847672,1954.7775160390202,-897.3060843656043,-1.5354804113512026
16.240000000000002,0.003316245988461967,0.4043094464180095,0.0,-2.009023270428669,0.9859990116257136,0.00015711515861815216,-0.00040751577206801884,-0.9332662023957371,-0.037282029701764474,-0.02945176790249844,-1059.0069120847672,1954.7775160390202,-897.3060843656043,-1.5354804113512026
16.26,0.0031574493022142724,0.37497460704670904,0.0,-2.0090104663398765,0.9859823199342875,0.0001573480148693266,-0.0004075393590075662,-0.9332662023957371,-0.037282029701764474,-0.02945176790249844,-1059.0069120847672,1954.7775160390202,-897.3060843656043,-1.5354804113512026
16.28,0.002986608739521891,0.34416547016044935,0.0,-2.0089999309915516,0.9859671295383591,0.00015753222272418647,-0.0004075592326393885,-0.9332662023957371,-0.037282029701764474,-0.02945176790249844,-1059.0069120847672,1954.7775160390202,-897.3060843656043,-1.5354804113512026
16.3,0.0028043963340695474,0.31200340248099967,0.0,-2.0089915208263003,0.98595360369498,0.00015767229007816508,-0.00040757557052477036,-0.9332662023957371,-0.037282029701764474,-0.02945176790249844,-1059.0069120847672,1954.7775160390202,-897.3060843656043,-1.5354804113512026
16.32,0.0026115285297002547,0.27861514069512117,0.0,-2.0089850619172105,0.9859418866455354,0.00015777332990895247,-0.0004075885888017202,-0.9332662023957371,-0.037282029701764474,-0.02945176790249844,-1059.0069120847672,1954.7775160390202,-897.3060843656043,-1.5354804113512026
16.34,0.0024087634527724124,0.2441322831959139,0.0,-2.0089803513652176,0.9859321017344665,0.0001578410134487951,-0.0004075985401188325,-0.9332662023957371,-0.037282029701764474,-0.02945176790249844,-1059.0069120847672,1954.7775160390202,-897.3060843656043,-1.5354804113512026
16.36,0.002196897998910152,0.2086907648152814,0.0,-2.0089771589463488,0.9859243494985189,0.00015788151781858165,-0.0004076057114211722,-0.9332662023957371,-0.037282029701764474,-0.02945176790249844,-1059.0069120847672,1954.7775160390202,-897.3060843656043,-1.5354804113512026
16.38,0.00197676475053263,0.17243031609444548,0.0,-2.0089752290713383,0.9859187057472634,0.0001579014667237604,-0.0004076104214961122,-0.9332662023957371,-0.037282029701764474,-0.02945176790249844,-1059.0069120847672,1954.7775160390202,-897.3060843656043,-1.5354804113512026
16.4,0.0017492287410953845,0.13549390886425983,0.0,-2.0089742831254442,0.9859152196727786,0.0001579078627932055,-0.0004076130181813141,-0.9332662023957371,-0.037282029701764474,-0.02945176790249844,-1059.0069120847672,1954.7775160390202,-897.3060843656043,-1.5354804113512026
16.42,0.001515184081730079,0.09802719005120575,0.0,-2.008974022256334,0.9859139120441707,0.00015790801025124496,-0.00040761387513676154,-0.9332662023957371,-0.037282029701764474,-0.02945176790249844,-1059.0069120847672,1954.7775160390202,-897.3060843656043,-1.5354804113512026
16.44,0.0012755504658551096,0.0601779057336608,0.0,-2.008974130671805,0.9859147735600478,0.0001579094268637987,-0.00040761338808911957,-0.9332662023957371,-0.037282029701764474,-0.02945176790249844,-1059.0069120847672,1954.7775160390202,-897.3060843656043,-1.5354804113512026
16.46,0.0010312695672641346,0.02209531751835493,0.0,-2.008974279496228,0.9859177634479821,0.00015791974450084177,-0.00040761197047078397,-0.9332662023957371,-0.037282029701764474,-0.02945176790249844,-1059.0069120847672,1954.7775160390202,-897.3060843656043,-1.5354804113512026
16.48,0.0007833013472337983,-0.01607038658058892,0.0,-2.0089741312144684,0.9859228084129973,0.00015794659821063972,-0.000407610048398489,-0.9332662023957371,-0.037282029701764474,-0.02945176790249844,-1059.0069120847672,1954.7775160390202,-897.3060843656043,-1.5354804113512026
16.5,0.0005326202861823037,-0.05505575572519122,0.0,-2.0089733447047187,0.9859298020455918,0.00015799750439689017,-0.000407608054967549,-0.9332662023957371,-0.037282029701764474,-0.02945176790249844,-1059.0069120847672,1954.7775160390202,-897.3060843656043,-1.5354804113512026
16.52,0.0002804713221026961,-0.09345936108379405,0.0,-2.0089715808276845,0.9859386048023084,0.00015807972950543503,-0.00040760642387714706,-0.9203003233380435,-0.050239463478832735,-0.02946021318312381,-1094.3080217935483,2020.020032311768,-927.2887582230161,-1.5767477047974559
16.54,2.82609970897749e-05,-0.13098873840684905,0.0,-2.0089684895703948,0.9859487438752297,0.00015819867212122816,-0.0004076063428869148,-0.9203003233380435,-0.050239463478832735,-0.02946021318312381,-1094.3080217935483,2020.020032311768,-927.2887582230161,-1.5767477047974559
16.56,-0.00022285210176927871,-0.16774499967235912,0.0,-2.0089637224237067,0.9859602332171303,0.0001583610230538808,-0.00040760697177396623,-0.9203003233380435,-0.050239463478832735,-0.02946021318312381,-1094.3080217935483,2020.020032311768,-927.2887582230161,-1.5767477047974559
16.580000000000002,-0.0004719291725207896,-0.2037739785712745,0.0,-2.008956952335772,0.9859729539053836,0.0001585734505641344,-0.00040760845008682556,-0.9203003233380435,-0.050239463478832735,-0.02946021318312381,-1094.3080217935483,2020.020032311768,-927.2887582230161,-1.5767477047974559
16.6,-0.0007181263578228706,-0.23901293372953758,0.0,-2.008947882014593,0.9859866634363362,0.00015884169016154167,-0.00040761140903224123,-0.9203003233380435,-0.050239463478832735,-0.02946021318312381,-1094.3080217935483,2020.020032311768,-927.2887582230161,-1.5767477047974559
16.62,-0.00096061979209606,-0.2733419112054867,0.0,-2.008936247038335,0.9860010707144393,0.00015917030949105047,-0.0004076164241220811,-0.9203003233380435,-0.050239463478832735,-0.02946021318312381,-1094.3080217935483,2020.020032311768,-927.2887582230161,-1.5767477047974559
16.64,-0.001198580923139285,-0.30662374975282086,0.0,-2.00892182204487,0.9860158699297222,0.00015956267502726878,-0.0004076238740636474,-0.9203003233380435,-0.050239463478832735,-0.02946021318312381,-1094.3080217935483,2020.020032311768,-927.2887582230161,-1.5767477047974559
16.66,-0.00143117548442808,-0.3387211312401184,0.0,-2.0089044284550974,0.9860307495578317,0.00016002092652639505,-0.0004076339831197398,-0.9203003233380435,-0.050239463478832735,-0.02946021318312381,-1094.3080217935483,2020.020032311768,-927.2887582230161,-1.5767477047974559
16.68,-0.0016575696842806012,-0.36950175999461904,0.0,-2.0088839411131114,0.9860453959176054,0.00016054593728093635,-0.0004076468777130522,-0.9203003233380435,-0.050239463478832735,-0.02946021318312381,-1094.3080217935483,2020.020032311768,-927.2887582230161,-1.5767477047974559
16.7,-0.0018769374135360842,-0.3988395967261996,0.0,-2.008860292923632,0.9860594977288365,0.00016113728257803072,-0.000407662615577665,-0.9203003233380435,-0.050239463478832735,-0.02946021318312381,-1094.3080217935483,2020.020032311768,-927.2887582230161,-1.5767477047974559
16.72,-0.002088466901935717,-0.42661522024463616,0.0,-2.00883347745018,0.9860727520210417,0.00016179323522649947,-0.000407681195807679,-0.9203003233380435,-0.050239463478832735,-0.02946021318312381,-1094.3080217935483,2020.020032311768,-927.2887582230161,-1.5767477047974559
16.740000000000002,-0.002291366650109943,-0.4527161039221587,0.0,-2.008803549592543,0.9860848705597872,0.0001625107963610829,-0.00040770256199752303,-0.9203003233380435,-0.050239463478832735,-0.02946021318312381,-1094.3080217935483,2020.020032311768,-927.2887582230161,-1.5767477047974559
16.76,-0.002484870728289854,-0.47703691272253124,0.0,-2.0087706244320134,0.9860955861535388,0.0001632857628586904,-0.0004077266044737715,-0.9203003233380435,-0.050239463478832735,-0.02946021318312381,-1094.3080217935483,2020.020032311768,-927.2887582230161,-1.5767477047974559
16.78,-0.0026682435352668892,-0.4994798060323539,0.0,-2.00873487433498,0.9861046584590032,0.00016411282919204608,-0.0004077531634457667,-0.9203003233380435,-0.050239463478832735,-0.02946021318312381,-1094.3080217935483,2020.020032311768,-927.2887582230161,-1.5767477047974559
16.8,-0.0028407840864997274,-0.5199547321753977,0.0,-2.008696524455622,0.986111879030287,0.00016498571953320947,-0.00040778203334759073,-0.9203003233380435,-0.050239463478832735,-0.02946021318312381,-1094.3080217935483,2020.020032311768,-927.2887582230161,-1.5767477047974559
16.82,-0.0030018298837161577,-0.5383797088232406,0.0,-2.008655846845615,0.9861170754241312,0.0001658973444944988,-0.00040781296825522867,-0.9203003233380435,-0.050239463478832735,-0.02946021318312381,-1094.3080217935483,2020.020032311768,-927.2887582230161,-1.5767477047974559
16.84,-0.003150760407115401,-0.5546810859600024,0.0,-2.008613153439127,0.9861201142307806,0.00016683997587199623,-0.00040784568818375374,-0.9203003233380435,-0.050239463478832735,-0.02946021318312381,-1094.3080217935483,2020.020032311768,-927.2887582230161,-1.5767477047974559
16.86,-0.0032870002622344082,-0.5687937882137319,0.0,-2.008568788223926,0.9861209029609714,0.00016780543217478653,-0.00040787988603476887,-0.9203003233380435,-0.050239463478832735,-0.02946021318312381,-1094.3080217935483,2020.020032311768,-927.2887582230161,-1.5767477047974559
16.88,-0.0034100220059195352,-0.5806615333766743,0.0,-2.008523118929943,0.9861193907817111,0.00016878526762646647,-0.0004079152349372697,-0.9203003233380435,-0.050239463478832735,-0.02946021318312381,-1094.3080217935483,2020.020032311768,-927.2887582230161,-1.5767477047974559
16.9,-0.0035193486696205225,-0.5902370242263386,0.0,-2.008476528564878,0.9861155681515534,0.0001697709576984142,-0.0004079513957142888,-0.9203003233380435,-0.050239463478832735,-0.02946021318312381,-1094.3080217935483,2020.020032311768,-927.2887582230161,-1.5767477047974559
16.92,-0.0036145559933397145,-0.5974821111918922,0.0,-2.00842940710427,0.9861094654554768,0.00017075407501234818,-0.0004079880242173472,-0.9203003233380435,-0.050239463478832735,-0.02946021318312381,-1094.3080217935483,2020.020032311768,-927.2887582230161,-1.5767477047974559
16.94,-0.003695274379852864,-0.602367923850207,0.0,-2.0083821436045786,0.9861011507772617,0.00017172645053304894,-0.00040802477829854047,-0.9203003233380435,-0.050239463478832735,-0.02946021318312381,-1094.3080217935483,2020.020032311768,-927.2887582230161,-1.5767477047974559
16.96,-0.0037611905760767546,-0.6048749696499754,0.0,-2.0083351189569587,0.9860907269719488,0.00017268031624367562,-0.00040806132423088464,-0.9203003233380435,-0.050239463478832735,-0.02946021318312381,-1094.3080217935483,2020.020032311768,-927.2887582230161,-1.5767477047974559
16.98,-0.0038120490864788767,-0.6049931986022781,0.0,-2.008288699441836,0.9860783282123861,0.00017360842683722974,-0.00040809734243581154,-0.9203003233380435,-0.050239463478832735,-0.02946021318312381,-1094.3080217935483,2020.020032311768,-927.2887582230161,-1.5767477047974559
17.0,-0.003847653322086838,-0.6022963192256494,0.0,-2.0082432311852676,0.9860641161830707,0.0001745041592593846,-0.00040813253242737613,-0.9203003233380435,-0.050239463478832735,-0.02946021318312381,-1094.3080217935483,2020.020032311768,-927.2887582230161,-1.5767477047974559
17.02,-0.0038679911515603774,-0.5973173201460708,0.0,-2.00819903556178,0.986048276083343,0.00017536159011352002,-0.0004081666169314747,-0.8857546669721005,-0.08478839649907115,-0.029456936528828383,-1187.8662686495522,2195.7409965884185,-1009.5647285716439,-1.690000632778217
17.04,-0.003873207506410609,-0.5901664735321073,0.0,-2.0081563362745314,0.9860309760145468,0.00017617726217655276,-0.0004081984190349378,-0.8857546669721005,-0.08478839649907115,-0.029456936528828383,-1187.8662686495522,2195.7409965884185,-1009.5647285716439,-1.690000632778217
17.06,-0.0038634257471718172,-0.5807901438652093,0.0,-2.008115488798243,0.9860124236105572,0.00017694637691289,-0.00040822929218014805,-0.8857546669721005,-0.08478839649907115,-0.029456936528828383,-1187.8662686495522,2195.7409965884185,-1009.5647285716439,-1.690000632778217
17.080000000000002,-0.003838745534052803,-0.5691597062065338,0.0,-2.0080767781263043,0.9859928980370655,0.0001776644046127013,-0.00040825912606148434,-0.8857546669721005,-0.08478839649907115,-0.029456936528828383,-1187.8662686495522,2195.7409965884185,-1009.5647285716439,-1.690000632778217
17.1,-0.0037992860244544144,-0.5552957619888103,0.0,-2.0080404252008592,0.9859726765419442,0.00017832790787657607,-0.0004082874121250619,-0.8857546669721005,-0.08478839649907115,-0.029456936528828383,-1187.8662686495522,2195.7409965884185,-1009.5647285716439,-1.690000632778217
17.12,-0.003745212183920192,-0.5392474836727181,0.0,-2.0080066068807514,0.9859520202340117,0.00017893454847218483,-0.0004083138159090412,-0.8857546669721005,-0.08478839649907115,-0.029456936528828383,-1187.8662686495522,2195.7409965884185,-1009.5647285716439,-1.690000632778217
17.14,-0.0036767432419911113,-0.5210778204331159,0.0,-2.007975461778453,0.9859311817442966,0.0001794829348264986,-0.00040833818852097575,-0.8857546669721005,-0.08478839649907115,-0.029456936528828383,-1187.8662686495522,2195.7409965884185,-1009.5647285716439,-1.690000632778217
17.16,-0.003594153616786615,-0.5008584500355995,0.0,-2.0079470898722334,0.9859104102384181,0.00017997252710443,-0.0004083604725075813,-0.8857546669721005,-0.08478839649907115,-0.029456936528828383,-1187.8662686495522,2195.7409965884185,-1009.5647285716439,-1.690000632778217
17.18,-0.0034977719963609237,-0.47866885997469477,0.0,-2.0079215516430065,0.9858899514721065,0.00018040359268107982,-0.0004083806497719359,-0.8857546669721005,-0.08478839649907115,-0.029456936528828383,-1187.8662686495522,2195.7409965884185,-1009.5647285716439,-1.690000632778217
17.2,-0.003387980172692124,-0.4545962352332416,0.0,-2.007898868015823,0.9858700458175795,0.00018077717722646885,-0.00040839872602898306,-0.8857546669721005,-0.08478839649907115,-0.029456936528828383,-1187.8662686495522,2195.7409965884185,-1009.5647285716439,-1.690000632778217
17.22,-0.0032652117604668254,-0.4287352431688787,0.0,-2.0078790208722315,0.9858509260029921,0.00018109507594393057,-0.00040841472801301555,-0.8857546669721005,-0.08478839649907115,-0.029456936528828383,-1187.8662686495522,2195.7409965884185,-1009.5647285716439,-1.690000632778217
17.240000000000002,-0.0031299507099389083,-0.4011876759213274,0.0,-2.007861953829237,0.9858328149933491,0.0001813598021216854,-0.0004084287026475515,-0.8857546669721005,-0.08478839649907115,-0.029456936528828383,-1187.8662686495522,2195.7409965884185,-1009.5647285716439,-1.690000632778217
17.26,-0.0029827295783375176,-0.37206203069862814,0.0,-2.007847573156695,0.9858159239802515,0.00018157455347123726,-0.0004084407158909315,-0.8857546669721005,-0.08478839649907115,-0.029456936528828383,-1187.8662686495522,2195.7409965884185,-1009.5647285716439,-1.690000632778217
17.28,-0.0028241275681004604,-0.3414730652160341,0.0,-2.0078357488090655,0.9858004503973827,0.00018174317655927623,-0.00040845085136173375,-0.8857546669721005,-0.08478839649907115,-0.029456936528828383,-1187.8662686495522,2195.7409965884185,-1009.5647285716439,-1.690000632778217
17.3,-0.002654768350479658,-0.309541334943655,0.0,-2.007826315588281,0.985786575911341,0.00018187012897813798,-0.000408459208983337,-0.8857546669721005,-0.08478839649907115,-0.029456936528828383,-1187.8662686495522,2195.7409965884185,-1009.5647285716439,-1.690000632778217
17.32,-0.002475317691429981,-0.2763927113060801,0.0,-2.007819074474066,0.9857744643620625,0.00018196043842439978,-0.000408465903702468,-0.8857546669721005,-0.08478839649907115,-0.029456936528828383,-1187.8662686495522,2195.7409965884185,-1009.5647285716439,-1.690000632778217
17.34,-0.0022864808944275407,-0.24215788072617073,0.0,-2.007813794173715,0.98576425964206,0.00018201965754963598,-0.0004084710642498805,-0.8857546669721005,-0.08478839649907115,-0.029456936528828383,-1187.8662686495522,2195.7409965884185,-1009.5647285716439,-1.690000632778217
17.36,-0.002089000073929355,-0.20697182574292766,0.0,-2.007810212957036,0.9857560835177562,0.00018205381325024498,-0.0004084748318946605,-0.8857546669721005,-0.08478839649907115,-0.029456936528828383,-1187.8662686495522,2195.7409965884185,-1009.5647285716439,-1.690000632778217
17.38,-0.0018836512730260615,-0.17097329003440725,0.0,-2.0078080408524173,0.9857500334126744,0.00018206934896239932,-0.0004084773591447379,-0.8857546669721005,-0.08478839649907115,-0.029456936528828383,-1187.8662686495522,2195.7409965884185,-1009.5647285716439,-1.690000632778217
17.400000000000002,-0.0016712414389135717,-0.1343042293414034,0.0,-2.0078069622851014,0.985746180190858,0.00018207305853833953,-0.00040847880834808794,-0.8857546669721005,-0.08478839649907115,-0.029456936528828383,-1187.8662686495522,2195.7409965884185,-1009.5647285716439,-1.690000632778217
17.42,-0.0014526052699355575,-0.0971092503488575,0.0,-2.007806639237624,0.9857445659985805,0.00018207201041867872,-0.00040847935015136824,-0.8857546669721005,-0.08478839649907115,-0.029456936528828383,-1187.8662686495522,2195.7409965884185,-1009.5647285716439,-1.690000632778217
17.44,-0.0012286019480566273,-0.059535039594403066,0.0,-2.0078067150040013,0.9857452022420011,0.0001820734610960517,-0.0004084791617772247,-0.8857546669721005,-0.08478839649907115,-0.029456936528828383,-1187.8662686495522,2195.7409965884185,-1009.5647285716439,-1.690000632778217
17.46,-0.001000111770793499,-0.021729784583550085,0.0,-2.0078068185928966,0.9857480677966537,0.00018208475729634228,-0.0004084784250891728,-0.8857546669721005,-0.08478839649907115,-0.029456936528828383,-1187.8662686495522,2195.7409965884185,-1009.5647285716439,-1.690000632778217
17.48,-0.0007680326967335858,0.0161574107459814,0.0,-2.0078065698102163,0.9857531075598875,0.00018211322688433464,-0.0004084773244241275,-0.8857546669721005,-0.08478839649907115,-0.029456936528828383,-1187.8662686495522,2195.7409965884185,-1009.5647285716439,-1.690000632778217
17.5,-0.0005332768189129714,0.054903549098520917,0.0,-2.007805585018479,0.9857602314680967,0.0001821660592194597,-0.0004084760441871345,-0.8857546669721005,-0.08478839649907115,-0.029456936528828383,-1187.8662686495522,2195.7409965884185,-1009.5647285716439,-1.690000632778217
17.52,-0.0002970380742926774,0.09296817389894835,0.0,-2.0078034835296314,0.9857693141046936,0.00018225017651781283,-0.0004084747662203934,-0.8701093440586085,-0.1004253834203777,-0.029465272521013757,-1230.9836782863827,2275.7139191924025,-1046.4694003985996,-1.7391594925801528
17.54,-6.0654203351388075e-05,0.1301337422083646,0.0,-2.0077999037785093,0.9857798069358391,0.00018236989053120844,-0.00040847456050561114,-0.8701093440586085,-0.1004253834203777,-0.029465272521013757,-1230.9836782863827,2275.7139191924025,-1046.4694003985996,-1.7391594925801528
17.56,0.00017482201479592906,0.16657810376166188,0.0,-2.0077944431938204,0.9857918240783482,0.0001825320013663669,-0.00040847405654970804,-0.8701093440586085,-0.1004253834203777,-0.029465272521013757,-1230.9836782863827,2275.7139191924025,-1046.4694003985996,-1.7391594925801528
17.580000000000002,0.0004085508485888621,0.20235099423330624,0.0,-2.007786723082454,0.9858052808822505,0.0001827432521603388,-0.00040847320434088467,-0.8701093440586085,-0.1004253834203777,-0.029465272521013757,-1230.9836782863827,2275.7139191924025,-1046.4694003985996,-1.7391594925801528
17.6,0.0006397577844036986,0.2373630138060438,0.0,-2.0077764101905977,0.9858199239593682,0.00018300910167366358,-0.00040847254924097584,-0.8701093440586085,-0.1004253834203777,-0.029465272521013757,-1230.9836782863827,2275.7139191924025,-1046.4694003985996,-1.7391594925801528
17.62,0.0008676656751313129,0.27147377262321426,0.0,-2.007763214163787,0.9858354491384188,0.00018333367288976148,-0.00040847249685400434,-0.8701093440586085,-0.1004253834203777,-0.029465272521013757,-1230.9836782863827,2275.7139191924025,-1046.4694003985996,-1.7391594925801528
17.64,0.0010914841474597616,0.30453872666233833,0.0,-2.007746890112112,0.9858515434738653,0.00018371988780602403,-0.00040847320242752257,-0.8701093440586085,-0.1004253834203777,-0.029465272521013757,-1230.9836782863827,2275.7139191924025,-1046.4694003985996,-1.7391594925801528
17.66,0.0013104169615088777,0.3364206185052204,0.0,-2.0077272464220033,0.9858678887442277,0.00018416949911803716,-0.0004084746904185772,-0.8701093440586085,-0.1004253834203777,-0.029465272521013757,-1230.9836782863827,2275.7139191924025,-1046.4694003985996,-1.7391594925801528
17.68,0.001523670584500923,0.36698945347037254,0.0,-2.0077041522169097,0.9858841613496798,0.00018468305135329417,-0.00040847694282519526,-0.8701093440586085,-0.1004253834203777,-0.029465272521013757,-1230.9836782863827,2275.7139191924025,-1046.4694003985996,-1.7391594925801528
17.7,0.001730460961585082,0.39612153300631975,0.0,-2.007677542304505,0.9859000365107036,0.00018525984313259424,-0.00040847992661283226,-0.8701093440586085,-0.1004253834203777,-0.029465272521013757,-1230.9836782863827,2275.7139191924025,-1046.4694003985996,-1.7391594925801528
17.72,0.0019300190793164708,0.42369936052287127,0.0,-2.0076474196196754,0.9859151949432479,0.00018589792403777024,-0.0004084835958371947,-0.8701093440586085,-0.1004253834203777,-0.029465272521013757,-1230.9836782863827,2275.7139191924025,-1046.4694003985996,-1.7391594925801528
17.740000000000002,0.0021215959196611615,0.4496119845522811,0.0,-2.0076138555042653,0.9859293300063565,0.00018659413180911153,-0.0004084878907082783,-0.8701093440586085,-0.1004253834203777,-0.029465272521013757,-1230.9836782863827,2275.7139191924025,-1046.4694003985996,-1.7391594925801528
17.76,0.002304467003404063,0.47375540037201036,0.0,-2.0075769879898893,0.9859421545311435,0.00018734416673944838,-0.00040849273868206483,-0.8701093440586085,-0.1004253834203777,-0.029465272521013757,-1230.9836782863827,2275.7139191924025,-1046.4694003985996,-1.7391594925801528
17.78,0.0024779365615137283,0.4960329107479376,0.0,-2.0075370181774717,0.9859534070635911,0.0001881426988335291,-0.00040849805678058206,-0.8701093440586085,-0.1004253834203777,-0.029465272521013757,-1230.9836782863827,2275.7139191924025,-1046.4694003985996,-1.7391594925801528
17.8,0.0026413413520185794,0.5163554504815637,0.0,-2.0074942048643796,0.9859628573357798,0.00018898350285863393,-0.0004085037541424975,-0.8701093440586085,-0.1004253834203777,-0.029465272521013757,-1230.9836782863827,2275.7139191924025,-1046.4694003985996,-1.7391594925801528
17.82,0.0027940541459617703,0.5346418871040672,0.0,-2.007448857662142,0.9859703107851789,0.00018985961551964923,-0.0004085097344989537,-0.8701093440586085,-0.1004253834203777,-0.029465272521013757,-1230.9836782863827,2275.7139191924025,-1046.4694003985996,-1.7391594925801528
17.84,0.002935486906328158,0.5508193001505873,0.0,-2.0074013289223407,0.985975611978644,0.0001907635080974966,-0.00040851589856380466,-0.8701093440586085,-0.1004253834203777,-0.029465272521013757,-1230.9836782863827,2275.7139191924025,-1046.4694003985996,-1.7391594925801528
17.86,0.003065093679255626,0.5648232365702547,0.0,-2.007352004833386,0.9859786468599264,0.00019168726740051493,-0.0004085221463432951,-0.8701093440586085,-0.1004253834203777,-0.029465272521013757,-1230.9836782863827,2275.7139191924025,-1046.4694003985996,-1.7391594925801528
17.88,0.003182373211695938,0.5765979392448426,0.0,-2.007301296067389,0.985979343806783,0.00019262277791059305,-0.0004085283793318935,-0.8701093440586085,-0.1004253834203777,-0.029465272521013757,-1230.9836782863827,2275.7139191924025,-1046.4694003985996,-1.7391594925801528
17.900000000000002,0.0032868713056147005,0.5860965462021984,0.0,-2.0072496283471915,0.9859776735456334,0.0001935618985129291,-0.00040853450254445814,-0.8701093440586085,-0.1004253834203777,-0.029465272521013757,-1230.9836782863827,2275.7139191924025,-1046.4694003985996,-1.7391594925801528
17.92,0.00337818291585058,0.593281258675317,0.0,-2.0071974332722125,0.985973648023667,0.00019449662808398017,-0.0004085404263387791,-0.8701093440586085,-0.1004253834203777,-0.029465272521013757,-1230.9836782863827,2275.7139191924025,-1046.4694003985996,-1.7391594925801528
17.94,0.0034559539966092312,0.5981234765462583,0.0,-2.00714513969267,0.9859673183779254,0.0001954192553623001,-0.0004085460679945514,-0.8701093440586085,-0.1004253834203777,-0.029465272521013757,-1230.9836782863827,2275.7139191924025,-1046.4694003985996,-1.7391594925801528
17.96,0.0035198831000045868,0.6006038999762157,0.0,-2.007093165860706,0.9859587721668629,0.00019632248982180342,-0.00040855135302866424,-0.8701093440586085,-0.1004253834203777,-0.029465272521013757,-1230.9836782863827,2275.7139191924025,-1046.4694003985996,-1.7391594925801528
17.98,0.0035697227289947482,0.6007125963074371,0.0,-2.007041912520045,0.9859481300421059,0.00019719957158968648,-0.0004085562162402316,-0.8701093440586085,-0.1004253834203777,-0.029465272521013757,-1230.9836782863827,2275.7139191924025,-1046.4694003985996,-1.7391594925801528
18.0,0.00360528044636505,0.597940619495906,0.0,-2.00699175702876,0.9859355420376504,0.00019804435970195873,-0.0004085606024909873,-0.8701093440586085,-0.1004253834203777,-0.029465272521013757,-1230.9836782863827,2275.7139191924025,-1046.4694003985996,-1.7391594925801528
18.02,0.0036265686218721884,0.5929914305117762,0.0,-2.006943048547462,0.9859211836425567,0.00019885139908722705,-0.0004085644672370932,-0.8273570955464085,-0.14318217071051964,-0.029460733743071843,-1347.537293590111,2495.2004248265557,-1149.5392214873166,-1.8760902508713995
18.04,0.0036337514758193116,0.5859388782478828,0.0,-2.0068959589837205,0.9859052073204606,0.0001996183715375568,-0.00040856631416123594,-0.8273570955464085,-0.14318217071051964,-0.029460733743071843,-1347.537293590111,2495.2004248265557,-1149.5392214873166,-1.8760902508713995
18.06,0.0036269273120118524,0.5766667162487613,0.0,-2.0068509383281374,0.985887812748192,0.00020034049161621838,-0.0004085685699656148,-0.8273570955464085,-0.14318217071051964,-0.029460733743071843,-1347.537293590111,2495.2004248265557,-1149.5392214873166,-1.8760902508713995
18.080000000000002,0.003606155229726264,0.5651331939671723,0.0,-2.0068083197022926,0.9858692966863901,0.00020101314652075242,-0.0004085711973911838,-0.8273570955464085,-0.14318217071051964,-0.029460733743071843,-1347.537293590111,2495.2004248265557,-1149.5392214873166,-1.8760902508713995
18.1,0.0035715202420736124,0.5513693978922101,0.0,-2.006768337127946,0.9858499403348147,0.00020163313658137433,-0.00040857361194610237,-0.8273570955464085,-0.14318217071051964,-0.029460733743071843,-1347.537293590111,2495.2004248265557,-1149.5392214873166,-1.8760902508713995
18.12,0.00352316014312209,0.5354331398424684,0.0,-2.006731174062023,0.9858299998110981,0.00020219848087740322,-0.0004085755798087809,-0.8273570955464085,-0.14318217071051964,-0.029460733743071843,-1347.537293590111,2495.2004248265557,-1149.5392214873166,-1.8760902508713995
18.14,0.003461268190299089,0.517389795544195,0.0,-2.0066969756666415,0.9858097252459186,0.00020270809613869793,-0.00040857711688359485,-0.8273570955464085,-0.14318217071051964,-0.029460733743071843,-1347.537293590111,2495.2004248265557,-1149.5392214873166,-1.8760902508713995
18.16,0.0033860906228248997,0.4973106477242688,0.0,-2.0066658462317264,0.9857893683274771,0.00020316167229541513,-0.0004085782969072227,-0.8273570955464085,-0.14318217071051964,-0.029460733743071843,-1347.537293590111,2495.2004248265557,-1149.5392214873166,-1.8760902508713995
18.18,0.0032979249685381644,0.4752744071135525,0.0,-2.006637846774381,0.985769180749918,0.00020355964451895255,-0.00040857918603432884,-0.8273570955464085,-0.14318217071051964,-0.029460733743071843,-1347.537293590111,2495.2004248265557,-1149.5392214873166,-1.8760902508713995
18.2,0.0031971190225852466,0.45136766500862446,0.0,-2.0066129949324267,0.985749410965337,0.00020390317582649832,-0.0004085798402542053,-0.8273570955464085,-0.14318217071051964,-0.029460733743071843,-1347.537293590111,2495.2004248265557,-1149.5392214873166,-1.8760902508713995
18.22,0.003084069751229327,0.425684561514842,0.0,-2.006591265809846,0.9857303015761497,0.00020419413101014142,-0.00040858031068164363,-0.8273570955464085,-0.14318217071051964,-0.029460733743071843,-1347.537293590111,2495.2004248265557,-1149.5392214873166,-1.8760902508713995
18.240000000000002,0.0029592219000378287,0.3983263063335582,0.0,-2.0065725929774,0.9857120871853687,0.0002044350455076352,-0.0004085806444668596,-0.8273570955464085,-0.14318217071051964,-0.029460733743071843,-1347.537293590111,2495.2004248265557,-1149.5392214873166,-1.8760902508713995
18.26,0.0028230663413432613,0.3694007339919037,0.0,-2.006556869499188,0.9856949923256149,0.00020462909266594012,-0.0004085808835574661,-0.8273570955464085,-0.14318217071051964,-0.029460733743071843,-1347.537293590111,2495.2004248265557,-1149.5392214873166,-1.8760902508713995
18.28,0.0026761382127237503,0.33902187247680704,0.0,-2.006543949039811,0.9856792293428506,0.00020478004985638874,-0.0004085810634289176,-0.8273570955464085,-0.14318217071051964,-0.029460733743071843,-1347.537293590111,2495.2004248265557,-1149.5392214873166,-1.8760902508713995
18.3,0.0025190148691889226,0.30730949423987725,0.0,-2.006533647105601,0.9856649962175936,0.00020489226266849167,-0.00040858121217489607,-0.8273570955464085,-0.14318217071051964,-0.029460733743071843,-1347.537293590111,2495.2004248265557,-1149.5392214873166,-1.8760902508713995
18.32,0.0023523136589238664,0.2743886423999716,0.0,-2.0065257424675385,0.9856524743128804,0.00020497060611554088,-0.0004085813498210927,-0.8273570955464085,-0.14318217071051964,-0.029460733743071843,-1347.537293590111,2495.2004248265557,-1149.5392214873166,-1.8760902508713995
18.34,0.0021766895318259464,0.24038913508322646,0.0,-2.006519978826642,0.9856418260365734,0.00020502044163874382,-0.0004085814877698366,-0.8273570955464085,-0.14318217071051964,-0.029460733743071843,-1347.537293590111,2495.2004248265557,-1149.5392214873166,-1.8760902508713995
18.36,0.001992832491702072,0.20544505131938237,0.0,-2.0065160667994197,0.9856331924171473,0.00020504756855556602,-0.0004085816283648521,-0.8273570955464085,-0.14318217071051964,-0.029460733743071843,-1347.537293590111,2495.2004248265557,-1149.5392214873166,-1.8760902508713995
18.38,0.0018014649038508236,0.16969420083062178,0.0,-2.0065136863127675,0.985626690611087,0.00020505816851993855,-0.00040858176459062067,-0.8273570955464085,-0.14318217071051964,-0.029460733743071843,-1347.537293590111,2495.2004248265557,-1149.5392214873166,-1.8760902508713995
18.400000000000002,0.0016033386700445998,0.13327757965074216,0.0,-2.0065124895024162,0.985622411381121,0.0002050587415959617,-0.0004085818799227292,-0.8273570955464085,-0.14318217071051964,-0.029460733743071843,-1347.537293590111,2495.2004248265557,-1149.5392214873166,-1.8760902508713995
18.42,0.0013992322831283249,0.09633881357288426,0.0,-2.0065121042062914,0.9856204166062164,0.00020505603271269321,-0.0004085819483460718,-0.8273570955464085,-0.14318217071051964,-0.029460733743071843,-1347.537293590111,2495.2004248265557,-1149.5392214873166,-1.8760902508713995
18.44,0.0011899477736607676,0.0590235914990597,0.0,-2.0065121381331132,0.9856207369058756,0.00020505694757571967,-0.0004085819345593308,-0.8273570955464085,-0.14318217071051964,-0.029460733743071843,-1347.537293590111,2495.2004248265557,-1149.5392214873166,-1.8760902508713995
18.46,0.0009763075613008947,0.021479090904895345,0.0,-2.0065121837664535,0.9856233694817033,0.00020506845756681192,-0.0004085817943847783,-0.8273570955464085,-0.14318217071051964,-0.029460733743071843,-1347.537293590111,2495.2004248265557,-1149.5392214873166,-1.8760902508713995
18.48,0.000759151223835533,-0.016146602426039942,0.0,-2.0065118240347877,0.9856282762966366,0.00020509749376331382,-0.00040858147540091935,-0.8273570955464085,-0.14318217071051964,-0.029460733743071843,-1347.537293590111,2495.2004248265557,-1149.5392214873166,-1.8760902508713995
18.5,0.0005393321969586716,-0.05467814285401812,0.0,-2.0065106387390474,0.9856353827249642,0.00020515083094022166,-0.00040858091781146395,-0.8273570955464085,-0.14318217071051964,-0.029460733743071843,-1347.537293590111,2495.2004248265557,-1149.5392214873166,-1.8760902508713995
18.52,0.0003179993667814917,-0.09239636152194221,0.0,-2.006508211681836,0.9856445768119155,0.00020523496325027703,-0.00040858005555752887,-0.8082652988690644,-0.16226569966095605,-0.029469001469979487,-1400.7667365379639,2594.257530022158,-1195.4256355704838,-1.9348420862885123
18.54,9.642036672175263e-05,-0.1292072591705382,0.0,-2.0065041917338244,0.985655209634213,0.0002053528332272191,-0.000408579860964316,-0.8082652988690644,-0.16226569966095605,-0.029469001469979487,-1400.7667365379639,2594.257530022158,-1195.4256355704838,-1.9348420862885123
18.56,-0.00012446378416890082,-0.16537721050721838,0.0,-2.0064981108623785,0.9856675402228694,0.00020551161895662913,-0.0004085783651467094,-0.8082652988690644,-0.16226569966095605,-0.029469001469979487,-1400.7667365379639,2594.257530022158,-1195.4256355704838,-1.9348420862885123
18.580000000000002,-0.00034390537115646866,-0.20093411226805172,0.0,-2.006489538377027,0.9856815127729589,0.00020571812885647394,-0.00040857540222837197,-0.8082652988690644,-0.16226569966095605,-0.029469001469979487,-1400.7667365379639,2594.257530022158,-1195.4256355704838,-1.9348420862885123
18.6,-0.0005611832068713107,-0.23574559683360358,0.0,-2.0064781166237697,0.9856968451985997,0.00020597732866643246,-0.00040857148192489256,-0.8082652988690644,-0.16226569966095605,-0.029469001469979487,-1400.7667365379639,2594.257530022158,-1195.4256355704838,-1.9348420862885123
18.62,-0.0007755540940289985,-0.2696531148988471,0.0,-2.0064635392174917,0.9857132180066637,0.00020629274112312344,-0.00040856680145686194,-0.8082652988690644,-0.16226569966095605,-0.029469001469979487,-1400.7667365379639,2594.257530022158,-1195.4256355704838,-1.9348420862885123
18.64,-0.0009862603470750268,-0.3025124384871432,0.0,-2.0064455471428855,0.9857303165598148,0.00020666680623402102,-0.0004085612498049271,-0.8082652988690644,-0.16226569966095605,-0.029469001469979487,-1400.7667365379639,2594.257530022158,-1195.4256355704838,-1.9348420862885123
18.66,-0.00119254258337443,-0.3341908417080727,0.0,-2.00642393930873,0.9857478198615028,0.00020710090893864816,-0.0004085546487978944,-0.8082652988690644,-0.16226569966095605,-0.029469001469979487,-1400.7667365379639,2594.257530022158,-1195.4256355704838,-1.9348420862885123
18.68,-0.001393647110325781,-0.36456150114462227,0.0,-2.0063985822959083,0.985765396133416,0.000207595293247429,-0.00040854685316040384,-0.8082652988690644,-0.16226569966095605,-0.029469001469979487,-1400.7667365379639,2594.257530022158,-1195.4256355704838,-1.9348420862885123
18.7,-0.0015888306926354744,-0.39350251067663417,0.0,-2.00636941540095,0.9857827086427081,0.00020814901128087822,-0.0004085377519575301,-0.8082652988690644,-0.16226569966095605,-0.029469001469979487,-1400.7667365379639,2594.257530022158,-1195.4256355704838,-1.9348420862885123
18.72,-0.0017773649207911543,-0.42089767591195254,0.0,-2.006336452438924,0.9857994240130046,0.00020875993005133695,-0.00040852725753740384,-0.8082652988690644,-0.16226569966095605,-0.029469001469979487,-1400.7667365379639,2594.257530022158,-1195.4256355704838,-1.9348420862885123
18.740000000000002,-0.0019585405162580696,-0.4466372279748452,0.0,-2.0062997814348713,0.985815219967452,0.00020942478074456217,-0.0004085153048537026,-0.8082652988690644,-0.16226569966095605,-0.029469001469979487,-1400.7667365379639,2594.257530022158,-1195.4256355704838,-1.9348420862885123
18.76,-0.002131671399402267,-0.47061825192172646,0.0,-2.0062595623371005,0.9858297924015891,0.00021013924034311263,-0.0004085018550879771,-0.8082652988690644,-0.16226569966095605,-0.029469001469979487,-1400.7667365379639,2594.257530022158,-1195.4256355704838,-1.9348420862885123
18.78,-0.002296098439277813,-0.49274501812811783,0.0,-2.006216022697674,0.9858428619184773,0.00021089804182420572,-0.0004084868980548611,-0.8082652988690644,-0.16226569966095605,-0.029469001469979487,-1400.7667365379639,2594.257530022158,-1195.4256355704838,-1.9348420862885123
18.8,-0.0024511929008787397,-0.5129293044708231,0.0,-2.00616945145424,0.9858541796559511,0.00021169510934591275,-0.0004084704526329802,-0.8082652988690644,-0.16226569966095605,-0.029469001469979487,-1400.7667365379639,2594.257530022158,-1195.4256355704838,-1.9348420862885123
18.82,-0.0025963596203305256,-0.5310907103693863,0.0,-2.0061201911141135,0.9858635321603947,0.0002125237129586851,-0.0004084525659255234,-0.8082652988690644,-0.16226569966095605,-0.029469001469979487,-1400.7667365379639,2594.257530022158,-1195.4256355704838,-1.9348420862885123
18.84,-0.0027310399266857574,-0.547156949082781,0.0,-2.006068628720986,0.985870745133497,0.00021337663612648695,-0.0004084333116037283,-0.8082652988690644,-0.16226569966095605,-0.029469001469979487,-1400.7667365379639,2594.257530022158,-1195.4256355704838,-1.9348420862885123
18.86,-0.002854714320239718,-0.5610641119255004,0.0,-2.006015186016523,0.9858756859664736,0.00021424634900567928,-0.00040841278759580333,-0.8082652988690644,-0.16226569966095605,-0.029469001469979487,-1400.7667365379639,2594.257530022158,-1195.4256355704838,-1.9348420862885123
18.88,-0.0029669049137429878,-0.5727569026269391,0.0,-2.005960309215177,0.985878265048958,0.00021512518069286576,-0.0004083911132376759,-0.8082652988690644,-0.16226569966095605,-0.029469001469979487,-1400.7667365379639,2594.257530022158,-1195.4256355704838,-1.9348420862885123
18.900000000000002,-0.003067177641148995,-0.5821888407758844,0.0,-2.005904458793071,0.9858784359014943,0.00021600548431257145,-0.00040836842603536285,-0.8082652988690644,-0.16226569966095605,-0.029469001469979487,-1400.7667365379639,2594.257530022158,-1195.4256355704838,-1.9348420862885123
18.92,-0.003155144237104361,-0.5893224331047038,0.0,-2.005848099651324,0.9858761942331576,0.00021687978978016727,-0.00040834487820371954,-0.8082652988690644,-0.16226569966095605,-0.029469001469979487,-1400.7667365379639,2594.257530022158,-1195.4256355704838,-1.9348420862885123
18.94,-0.0032304639891873347,-0.5941293114138371,0.0,-2.005791691955196,0.9858715760666382,0.00021774094025331803,-0.00040832063313674436,-0.8082652988690644,-0.16226569966095605,-0.029469001469979487,-1400.7667365379639,2594.257530022158,-1195.4256355704838,-1.9348420862885123
18.96,-0.0032928452640086396,-0.5965903361272776,0.0,-2.005735682879907,0.9858646550998622,0.0002185822095656934,-0.00040829586194406916,-0.8082652988690644,-0.16226569966095605,-0.029469001469979487,-1400.7667365379639,2594.257530022158,-1195.4256355704838,-1.9348420862885123
18.98,-0.003342046807750253,-0.5966956647444708,0.0,-2.005680499418939,0.9858555394855995,0.00021939739920739704,-0.000408270740163832,-0.8082652988690644,-0.16226569966095605,-0.029469001469979487,-1400.7667365379639,2594.257530022158,-1195.4256355704838,-1.9348420862885123
19.0,-0.00337787882143117,-0.5938355225419454,0.0,-2.005626542337346,0.9858443682097497,0.00022018091458547788,-0.0004082454447356618,-0.8082652988690644,-0.16226569966095605,-0.029469001469979487,-1400.7667365379639,2594.257530022158,-1195.4256355704838,-1.9348420862885123
19.02,-0.003400382224533771,-0.5889473951641013,0.0,-2.005574181286081,0.9858313072373135,0.00022092782129435777,-0.00040822015129089647,-0.7548473339752826,-0.21568924640138867,-0.02946341962332877,-1547.285004588267,2870.8481773569147,-1325.6638495162952,-2.1006767476466566
19.04,-0.0034097368741409593,-0.5820154671409027,0.0,-2.0055234852158264,0.9858164915326543,0.00022163715615641848,-0.00040819275135771285,-0.7548473339752826,-0.21568924640138867,-0.02946341962332877,-1547.285004588267,2870.8481773569147,-1325.6638495162952,-2.1006767476466566
19.06,-0.0034060016220639855,-0.5728410033554908,0.0,-2.005475055131517,0.9858001131538501,0.00022230392015704166,-0.00040816728388970685,-0.7548473339752826,-0.21568924640138867,-0.02946341962332877,-1547.285004588267,2870.8481773569147,-1325.6638495162952,-2.1006767476466566
19.080000000000002,-0.0033891911890215174,-0.5613904520059256,0.0,-2.005429269700155,0.9857824938805577,0.00022292334038309886,-0.0004081435514093744,-0.7548473339752826,-0.21568924640138867,-0.02946341962332877,-1547.285004588267,2870.8481773569147,-1325.6638495162952,-2.1006767476466566
19.1,-0.0033593627562408263,-0.5477193880243444,0.0,-2.005386354247492,0.9857639121980003,0.00022349259729099284,-0.00040812075085381493,-0.7548473339752826,-0.21568924640138867,-0.02946341962332877,-1547.285004588267,2870.8481773569147,-1325.6638495162952,-2.1006767476466566
19.12,-0.0033166330835493587,-0.5318926866537167,0.0,-2.0053464904466938,0.9857446123032733,0.00022401015811113474,-0.0004080988129254401,-0.7548473339752826,-0.21568924640138867,-0.02946341962332877,-1547.285004588267,2870.8481773569147,-1325.6638495162952,-2.1006767476466566
19.14,-0.003261171818023304,-0.5139734128877705,0.0,-2.0053098293976257,0.9857248405777927,0.00022447524125012542,-0.0004080779710609112,-0.7548473339752826,-0.21568924640138867,-0.02946341962332877,-1547.285004588267,2870.8481773569147,-1325.6638495162952,-2.1006767476466566
19.16,-0.0031931974700651535,-0.49403065264066226,0.0,-2.0052764788947846,0.9857048512359523,0.000224887731793182,-0.0004080584258832474,-0.7548473339752826,-0.21568924640138867,-0.02946341962332877,-1547.285004588267,2870.8481773569147,-1325.6638495162952,-2.1006767476466566
19.18,-0.003112976863560196,-0.47214250651992107,0.0,-2.0052464989446532,0.9856849003648335,0.00022524820286459255,-0.00040804031272616666,-0.7548473339752826,-0.21568924640138867,-0.02946341962332877,-1547.285004588267,2870.8481773569147,-1325.6638495162952,-2.1006767476466566
19.2,-0.0030208247411291356,-0.44839534477394544,0.0,-2.005219903044251,0.985665241860926,0.00022555790565415444,-0.00040802373462666157,-0.7548473339752826,-0.21568924640138867,-0.02946341962332877,-1547.285004588267,2870.8481773569147,-1325.6638495162952,-2.1006767476466566
19.22,-0.002917102701160904,-0.42288288098773896,0.0,-2.0051966598209296,0.9856461253581172,0.00022581873852858448,-0.0004080087720621024,-0.7548473339752826,-0.21568924640138867,-0.02946341962332877,-1547.285004588267,2870.8481773569147,-1325.6638495162952,-2.1006767476466566
19.240000000000002,-0.002802217770947754,-0.39570572091999195,0.0,-2.005176694094121,0.9856277942801953,0.0002260332148012433,-0.00040799547969344146,-0.7548473339752826,-0.21568924640138867,-0.02946341962332877,-1547.285004588267,2870.8481773569147,-1325.6638495162952,-2.1006767476466566
19.26,-0.0026766208165261373,-0.3669710269442641,0.0,-2.005159887851803,0.985610483644483,0.0002262044320796184,-0.00040798388361855213,-0.7548473339752826,-0.21568924640138867,-0.02946341962332877,-1547.285004588267,2870.8481773569147,-1325.6638495162952,-2.1006767476466566
19.28,-0.0025408048012036635,-0.3367921191572991,0.0,-2.0051460813785953,0.985594417781152,0.00022633604102338098,-0.00040797398059439155,-0.7548473339752826,-0.21568924640138867,-0.02946341962332877,-1547.285004588267,2870.8481773569147,-1325.6638495162952,-2.1006767476466566
19.3,-0.0023953028747517977,-0.3052880235322195,0.0,-2.005135074549421,0.9855798080147514,0.00022643221203606787,-0.0004079657377662839,-0.7548473339752826,-0.21568924640138867,-0.02946341962332877,-1547.285004588267,2870.8481773569147,-1325.6638495162952,-2.1006767476466566
19.32,-0.002240686295328046,-0.2725829965709859,0.0,-2.0051266283098075,0.9855668502621896,0.00022649759894182093,-0.00040795909241794504,-0.7548473339752826,-0.21568924640138867,-0.02946341962332877,-1547.285004588267,2870.8481773569147,-1325.6638495162952,-2.1006767476466566
19.34,-0.002077562195585255,-0.2388060335705166,0.0,-2.00512046641335,0.9855557225140341,0.00022653729853025514,-0.00040795395185595,-0.7548473339752826,-0.21568924640138867,-0.02946341962332877,-1547.285004588267,2870.8481773569147,-1325.6638495162952,-2.1006767476466566
19.36,-0.001906571204137409,-0.20409035965648456,0.0,-2.0051162775110862,0.9855465821975097,0.00022655680462580074,-0.00040795019355859414,-0.7548473339752826,-0.21568924640138867,-0.02946341962332877,-1547.285004588267,2870.8481773569147,-1325.6638495162952,-2.1006767476466566
19.38,-0.001728384932514811,-0.1685729041503263,0.0,-2.0051137176960023,0.9855395634420788,0.0002265619552674954,-0.0004079476656602274,-0.7548473339752826,-0.21568924640138867,-0.02946341962332877,-1547.285004588267,2870.8481773569147,-1325.6638495162952,-2.1006767476466566
19.400000000000002,-0.001543703337896081,-0.1323937603579894,0.0,-2.005112413608024,0.9855347742886419,0.00022655887165617922,-0.00040794618783745963,-0.7548473339752826,-0.21568924640138867,-0.02946341962332877,-1547.285004588267,2870.8481773569147,-1325.6638495162952,-2.1006767476466566
19.42,-0.0013532519724344882,-0.09569563309087792,0.0,-2.0051119662002925,0.9855322939059268,0.00022655388772276766,-0.0004079455526747954,-0.7548473339752826,-0.21568924640138867,-0.02946341962332877,-1547.285004588267,2870.8481773569147,-1325.6638495162952,-2.1006767476466566
19.44,-0.0011577791303900207,-0.05862327605968634,0.0,-2.0051119552539056,0.9855321699013472,0.00022655346950195416,-0.0004079455275894951,-0.7548473339752826,-0.21568924640138867,-0.02946341962332877,-1547.285004588267,2870.8481773569147,-1325.6638495162952,-2.1006767476466566
19.46,-0.0009580529046224378,-0.021322921350253668,0.0,-2.0051119447043813,0.9855344158362376,0.0002265641239676972,-0.00040794585738779824,-0.7548473339752826,-0.21568924640138867,-0.02946341962332877,-1547.285004588267,2870.8481773569147,-1325.6638495162952,-2.1006767476466566
19.48,-0.0007548581642362736,0.016058296887972327,0.0,-2.0051114888085584,0.985539009074755,0.00022659229759589423,-0.0004079462675089569,-0.7548473339752826,-0.21568924640138867,-0.02946341962332877,-1547.285004588267,2870.8481773569147,-1325.6638495162952,-2.1006767476466566
19.5,-0.0005489934654288493,0.05440110795539855,0.0,-2.0051101391359323,0.9855458891101467,0.00022664426564942078,-0.00040794646798982974,-0.7548473339752826,-0.21568924640138867,-0.02946341962332877,-1547.285004588267,2870.8481773569147,-1325.6638495162952,-2.1006767476466566
19.52,-0.00034156899793651076,0.09175371131152402,0.0,-2.005107452314868,0.9855549565189035,0.00022672601399788834,-0.0004079461581509081,-0.7312778111868654,-0.23925050761380154,-0.029471681199333005,-1613.7299390274372,2994.8816093131372,-1383.3227349014733,-2.1710646157751508
19.54,-0.00013377793630368114,0.12822831807267565,0.0,-2.00510311657019,0.9855654319666101,0.0002268387934251625,-0.000407946227481563,-0.7312778111868654,-0.23925050761380154,-0.029471681199333005,-1613.7299390274372,2994.8816093131372,-1383.3227349014733,-2.1710646157751508
19.56,7.355712787952308e-05,0.1641761981623691,0.0,-2.0050965750754512,0.985577788080736,0.00022699064399833824,-0.0004079440407657465,-0.7312778111868654,-0.23925050761380154,-0.029471681199333005,-1613.7299390274372,2994.8816093131372,-1383.3227349014733,-2.1710646157751508
19.580000000000002,0.00027976637717603333,0.19955566570398459,0.0,-2.0050873529726707,0.9855919713931884,0.00022718828974518346,-0.00040793946417650893,-0.7312778111868654,-0.23925050761380154,-0.029471681199333005,-1613.7299390274372,2994.8816093131372,-1383.3227349014733,-2.1710646157751508
19.6,0.0004841619989539815,0.23418175573790823,0.0,-2.005075090274436,0.9856076443880258,0.000227435857188483,-0.0004079330167742614,-0.7312778111868654,-0.23925050761380154,-0.029471681199333005,-1613.7299390274372,2994.8816093131372,-1383.3227349014733,-2.1710646157751508
19.62,0.000686025637157907,0.26789369768071297,0.0,-2.00505947393223,0.985624480521933,0.0002277361712543189,-0.00040792459347528426,-0.7312778111868654,-0.23925050761380154,-0.029471681199333005,-1613.7299390274372,2994.8816093131372,-1383.3227349014733,-2.1710646157751508
19.64,0.0008846321233881363,0.3005581405897343,0.0,-2.005040232638671,0.9856421753631057,0.00022809125535321726,-0.00040791377897918306,-0.7312778111868654,-0.23925050761380154,-0.029471681199333005,-1613.7299390274372,2994.8816093131372,-1383.3227349014733,-2.1710646157751508
19.66,0.0010792599387120863,0.3320473907449645,0.0,-2.005017158777876,0.985660408159926,0.000228502184190897,-0.00040790022812661205,-0.7312778111868654,-0.23925050761380154,-0.029471681199333005,-1613.7299390274372,2994.8816093131372,-1383.3227349014733,-2.1710646157751508
19.68,0.0012691941813772149,0.36223548958875224,0.0,-2.004990120307851,0.9856788395378441,0.00022896892376716535,-0.0004078837012758468,-0.7312778111868654,-0.23925050761380154,-0.029471681199333005,-1613.7299390274372,2994.8816093131372,-1383.3227349014733,-2.1710646157751508
19.7,0.001453729852699503,0.39100112064363224,0.0,-2.004959063373429,0.985697123358808,0.0002294903062329627,-0.00040786401377098996,-0.7312778111868654,-0.23925050761380154,-0.029471681199333005,-1613.7299390274372,2994.8816093131372,-1383.3227349014733,-2.1710646157751508
19.72,0.001632176041797414,0.4182291730351485,0.0,-2.0049240128172885,0.985714916165643,0.0002300640670250165,-0.0004078410276709165,-0.7312778111868654,-0.23925050761380154,-0.029471681199333005,-1613.7299390274372,2994.8816093131372,-1383.3227349014733,-2.1710646157751508
19.740000000000002,0.0018038599785588738,0.4438110178088871,0.0,-2.004885071673886,0.9857318843673666,0.00023068690356844564,-0.0004078146641077452,-0.7312778111868654,-0.23925050761380154,-0.029471681199333005,-1613.7299390274372,2994.8816093131372,-1383.3227349014733,-2.1710646157751508
19.76,0.00196813068211814,0.4676447080780819,0.0,-2.0048424185576974,0.9857477112682722,0.00023135455730836376,-0.0004077849099099651,-0.7312778111868654,-0.23925050761380154,-0.029471681199333005,-1613.7299390274372,2994.8816093131372,-1383.3227349014733,-2.1710646157751508
19.78,0.0021243623162488477,0.48963533207906207,0.0,-2.0047963026645705,0.9857621039464022,0.0002320619231004155,-0.00040775181738255973,-0.7312778111868654,-0.23925050761380154,-0.029471681199333005,-1613.7299390274372,2994.8816093131372,-1383.3227349014733,-2.1710646157751508
19.8,0.0022719573252435424,0.5096953858605708,0.0,-2.0047470367478817,0.9857747994079008,0.00023280318209322574,-0.0004077155016611465,-0.7312778111868654,-0.23925050761380154,-0.029471681199333005,-1613.7299390274372,2994.8816093131372,-1383.3227349014733,-2.1710646157751508
19.82,0.002410349357609697,0.5277451042499162,0.0,-2.0046949885064413,0.9857855697050821,0.000233571951178563,-0.0004076761368760041,-0.7312778111868654,-0.23925050761380154,-0.029471681199333005,-1613.7299390274372,2994.8816093131372,-1383.3227349014733,-2.1710646157751508
19.84,0.002539005974867185,0.5437127555300192,0.0,-2.004640570793541,0.9857942258918445,0.00023436144213445734,-0.00040763395090161474,-0.7312778111868654,-0.23925050761380154,-0.029471681199333005,-1613.7299390274372,2994.8816093131372,-1383.3227349014733,-2.1710646157751508
19.86,0.0026574311483178173,0.5575349080969909,0.0,-2.004584231076399,0.9858006207494674,0.0002351646239419408,-0.00040758921876296974,-0.7312778111868654,-0.23925050761380154,-0.029471681199333005,-1613.7299390274372,2994.8816093131372,-1383.3227349014733,-2.1710646157751508
19.88,0.0027651675475606303,0.5691566683742529,0.0,-2.0045264405906646,0.9858046502672406,0.00023597438210138852,-0.00040754225509310343,-0.7312778111868654,-0.23925050761380154,-0.029471681199333005,-1613.7299390274372,2994.8816093131372,-1383.3227349014733,-2.1710646157751508
19.900000000000002,0.002861798622627084,0.5785318872860762,0.0,-2.0044676836131585,0.9858062539257328,0.00023678366942769767,-0.0004074934060596611,-0.7312778111868654,-0.23925050761380154,-0.029471681199333005,-1613.7299390274372,2994.8816093131372,-1383.3227349014733,-2.1710646157751508
19.92,0.00294695048017683,0.5856233337071056,0.0,-2.0044084472242876,0.9858054138874448,0.00023758564379476867,-0.0004074430411181379,-0.7312778111868654,-0.23925050761380154,-0.029471681199333005,-1613.7299390274372,2994.8816093131372,-1383.3227349014733,-2.1710646157751508
19.94,0.0030202935535517442,0.5904028340097306,0.0,-2.0043492118623703,0.9858021532412541,0.00023837378948185443,-0.00040739154490189195,-0.7312778111868654,-0.23925050761380154,-0.029471681199333005,-1613.7299390274372,2994.8816093131372,-1383.3227349014733,-2.1710646157751508
19.96,0.003081544066146417,0.5928513769499129,0.0,-2.004290442893824,0.9857965334730996,0.00023914202000805933,-0.000407339309512659,-0.7312778111868654,-0.23925050761380154,-0.029471681199333005,-1613.7299390274372,2994.8816093131372,-1383.3227349014733,-2.1710646157751508
19.98,0.003130465287388985,0.5929591832827048,0.0,-2.0042325833424797,0.9857886513468975,0.00023988476152427143,-0.0004072867274184321,-0.7312778111868654,-0.23925050761380154,-0.029471681199333005,-1613.7299390274372,2994.8816093131372,-1383.3227349014733,-2.1710646157751508
