t,y,u,ref,a1_est,a2_est,b1_est,b2_est,r1,r2,r3,s0,s1,s2,t0
0.0,0.1,34.06625316695299,0.0,-2.006320008667282,1.0,-0.0002928370247095777,-0.0002928370247095777,-1.2033447024137292,0.23239066389667679,-0.029045961482947642,-366.77360364882406,697.1883841780135,-331.08655460390986,-0.6717740747203834
0.02,0.09039448733016113,11.709801315505572,0.0,-2.006320008667282,1.0,-0.0002928370247095777,-0.0002928370247095777,-1.2033447024137292,0.23239066389667679,-0.029045961482947642,-366.77360364882406,697.1883841780135,-331.08655460390986,-0.6717740747203834
0.04,0.06801773981671444,-7.150980719067818,0.0,-2.006320008667282,1.0,-0.0002928370247095777,-0.0002928370247095777,-1.2033447024137292,0.23239066389667679,-0.029045961482947642,-366.77360364882406,697.1883841780135,-331.08655460390986,-0.6717740747203834
0.06,0.044739640121349365,-6.768511659152951,0.0,-2.006319709763251,1.0000003306662166,-0.0003315573817029058,-0.0004054826152289385,-1.2033447024137292,0.23239066389667679,-0.029045961482947642,-366.77360364882406,697.1883841780135,-331.08655460390986,-0.6717740747203834
0.08,0.02581379796388714,-6.023316439354749,0.0,-2.0063196067408375,1.0000004785185117,-0.00030920207200214265,-0.0004131663936917131,-1.2033447024137292,0.23239066389667679,-0.029045961482947642,-366.77360364882406,697.1883841780135,-331.08655460390986,-0.6717740747203834
0.1,0.010794800282766609,-6.63311925359271,0.0,-2.002880216923998,1.0046871017333394,-0.0003130181964892581,-0.0003820152860190618,-1.2033447024137292,0.23239066389667679,-0.029045961482947642,-366.77360364882406,697.1883841780135,-331.08655460390986,-0.6717740747203834
0.12,-0.0004501769173515086,-5.973681488645719,0.0,-1.9983057403389548,1.0119427994345482,-0.00028879336489388634,-0.0003385574032580041,-1.2033447024137292,0.23239066389667679,-0.029045961482947642,-366.77360364882406,697.1883841780135,-331.08655460390986,-0.6717740747203834
0.14,-0.008006299579758803,-0.138959060063236,0.0,-1.9995828882046989,1.0126333725315535,-0.00010466593792060695,-0.0003683833487109828,-1.2033447024137292,0.23239066389667679,-0.029045961482947642,-366.77360364882406,697.1883841780135,-331.08655460390986,-0.6717740747203834
0.16,-0.013823030391485115,-2.4728828556786975,0.0,-1.9977640434933632,1.0136202556517,-0.0002032842489330501,-0.00034796896272389863,-1.2033447024137292,0.23239066389667679,-0.029045961482947642,-366.77360364882406,697.1883841780135,-331.08655460390986,-0.6717740747203834
0.18,-0.018962349083579695,-6.851082361733216,0.0,-1.9987655334963332,1.0112785806736375,-0.00016608520188003136,-0.00037321709276881847,-1.2033447024137292,0.23239066389667679,-0.029045961482947642,-366.77360364882406,697.1883841780135,-331.08655460390986,-0.6717740747203834
0.2,-0.02149166644262351,4.797673226301173,0.0,-2.0139560022617893,0.9992406131554221,0.00012152007991031428,-0.0005259553554204262,-1.2033447024137292,0.23239066389667679,-0.029045961482947642,-366.77360364882406,697.1883841780135,-331.08655460390986,-0.6717740747203834
0.22,-0.023555594922417954,-2.280125815787037,0.0,-1.99000003692516,1.0267730361995102,-0.0005110957333365792,-0.00022312897987477042,-1.2033447024137292,0.23239066389667679,-0.029045961482947642,-366.77360364882406,697.1883841780135,-331.08655460390986,-0.6717740747203834
0.24,-0.026505411220983415,-5.354868838562101,0.0,-1.9923176533503044,1.0182843895363023,-0.00032357079501555406,-0.00032927675489259547,-1.2033447024137292,0.23239066389667679,-0.029045961482947642,-366.77360364882406,697.1883841780135,-331.08655460390986,-0.6717740747203834
0.26,-0.02738780437414376,0.765653971093263,0.0,-2.000360749953907,1.0117645072223693,-0.000216176879827967,-0.00040590411826138886,-1.2033447024137292,0.23239066389667679,-0.029045961482947642,-366.77360364882406,697.1883841780135,-331.08655460390986,-0.6717740747203834
0.28,-0.02709994150683935,-2.7795863804966032,0.0,-1.9954263247997885,1.0163260051395153,-0.0003088089603521663,-0.0003639426583273573,-1.2033447024137292,0.23239066389667679,-0.029045961482947642,-366.77360364882406,697.1883841780135,-331.08655460390986,-0.6717740747203834
0.3,-0.026393811118321297,-0.5227876049738587,0.0,-1.997472487799564,1.0164917746357987,-0.0003298653232217494,-0.0003501531955285131,-1.2033447024137292,0.23239066389667679,-0.029045961482947642,-366.77360364882406,697.1883841780135,-331.08655460390986,-0.6717740747203834
0.32,-0.024887794436689467,1.2251285608722258,0.0,-1.9987073483246893,1.015365672710957,-0.0003135655630266117,-0.00036064235987131026,-1.2033447024137292,0.23239066389667679,-0.029045961482947642,-366.77360364882406,697.1883841780135,-331.08655460390986,-0.6717740747203834
0.34,-0.02374464693896311,-3.735953845806044,0.0,-1.9963706050663488,1.016713972491196,-0.00032047277307737634,-0.0003559472038504031,-1.2033447024137292,0.23239066389667679,-0.029045961482947642,-366.77360364882406,697.1883841780135,-331.08655460390986,-0.6717740747203834
0.36,-0.02201650290122819,2.1864698200230857,0.0,-2.0020606307691247,1.0139596695106325,-0.00032825728107510247,-0.00037067730153116026,-1.2033447024137292,0.23239066389667679,-0.029045961482947642,-366.77360364882406,697.1883841780135,-331.08655460390986,-0.6717740747203834
0.38,-0.019973892710166866,2.1748902101827223,0.0,-1.9999020636948024,1.016497694975024,-0.00036897289704669237,-0.0003466147293219948,-1.2033447024137292,0.23239066389667679,-0.029045961482947642,-366.77360364882406,697.1883841780135,-331.08655460390986,-0.6717740747203834
0.4,-0.01933437415874217,0.04682687996995849,0.0,-1.9972527917877108,1.0162469320065424,-0.00031297412812633353,-0.0003721999571144274,-1.2033447024137292,0.23239066389667679,-0.029045961482947642,-366.77360364882406,697.1883841780135,-331.08655460390986,-0.6717740747203834
0.42,-0.019467497983664653,-3.5022639013446657,0.0,-1.9923076546606027,1.0187195483238332,-0.0003016514894578846,-0.0003494524269109713,-1.2033447024137292,0.23239066389667679,-0.029045961482947642,-366.77360364882406,697.1883841780135,-331.08655460390986,-0.6717740747203834
0.44,-0.018711983045809368,1.035501686704487,0.0,-1.9939218883889618,1.0176293266047927,-0.00029194308798453884,-0.0003610556191769493,-1.2033447024137292,0.23239066389667679,-0.029045961482947642,-366.77360364882406,697.1883841780135,-331.08655460390986,-0.6717740747203834
0.46,-0.01735251383463304,-4.320198450088268,0.0,-1.9914400915434856,1.0204411385933394,-0.000343157939888794,-0.00033503620792482496,-1.2033447024137292,0.23239066389667679,-0.029045961482947642,-366.77360364882406,697.1883841780135,-331.08655460390986,-0.6717740747203834
0.48,-0.015140971264426206,1.6656883013236268,0.0,-1.9945530428039933,1.0204184114614678,-0.0003874495625336338,-0.0003095738116537206,-1.2033447024137292,0.23239066389667679,-0.029045961482947642,-366.77360364882406,697.1883841780135,-331.08655460390986,-0.6717740747203834
0.5,-0.012247898640835135,2.048479051945617,0.0,-1.9954674824692709,1.0189283323179696,-0.00036084790560194735,-0.000323297098099268,-1.2033447024137292,0.23239066389667679,-0.029045961482947642,-366.77360364882406,697.1883841780135,-331.08655460390986,-0.6717740747203834
0.52,-0.010519776069509813,-2.672537441986428,0.0,-1.9952360264171984,1.0188143716915816,-0.00034820568299835777,-0.00033124963672890743,-1.2033447024137292,0.23239066389667679,-0.029045961482947642,-366.77360364882406,697.1883841780135,-331.08655460390986,-0.6717740747203834
0.54,-0.008675391053767736,1.7315984920188847,0.0,-1.99817882889862,1.0169705555904254,-0.0003687600864157861,-0.00034429532442739407,-1.2033447024137292,0.23239066389667679,-0.029045961482947642,-366.77360364882406,697.1883841780135,-331.08655460390986,-0.6717740747203834
0.56,-0.00661031046723106,4.128683080909951,0.0,-1.9984666253538197,1.0164660902087974,-0.0003606597273701425,-0.0003492208925513177,-1.2033447024137292,0.23239066389667679,-0.029045961482947642,-366.77360364882406,697.1883841780135,-331.08655460390986,-0.6717740747203834
0.58,-0.006303070152204386,2.5665090477459174,0.0,-1.9980000536167657,1.0158150849360257,-0.00030881858364517026,-0.00037749284131337075,-1.2033447024137292,0.23239066389667679,-0.029045961482947642,-366.77360364882406,697.1883841780135,-331.08655460390986,-0.6717740747203834
0.6,-0.007996218122751232,-3.3937183359350644,0.0,-1.993991774404128,1.0150707721072434,-0.00019311517377894758,-0.0003848685814086849,-1.2033447024137292,0.23239066389667679,-0.029045961482947642,-366.77360364882406,697.1883841780135,-331.08655460390986,-0.6717740747203834
0.62,-0.009497681479954131,-1.4118600635502108,0.0,-1.9920692074153654,1.0155314674306855,-0.00018266159163962464,-0.0003719714903890264,-1.2033447024137292,0.23239066389667679,-0.029045961482947642,-366.77360364882406,697.1883841780135,-331.08655460390986,-0.6717740747203834
0.64,-0.009651986908895504,-3.761956018093219,0.0,-1.9901020749624436,1.0176313981031773,-0.00023289418809606974,-0.0003428355947380152,-1.2033447024137292,0.23239066389667679,-0.029045961482947642,-366.77360364882406,697.1883841780135,-331.08655460390986,-0.6717740747203834
0.66,-0.008352284307513036,-1.279233845001107,0.0,-1.990791124185693,1.0176951230688105,-0.000225540153046201,-0.00033447071833381573,-1.2033447024137292,0.23239066389667679,-0.029045961482947642,-366.77360364882406,697.1883841780135,-331.08655460390986,-0.6717740747203834
0.68,-0.00562918047050014,-0.10492745396094827,0.0,-1.9917588502557455,1.0153494653476047,-0.0001705771297457203,-0.00035006130486870876,-1.2033447024137292,0.23239066389667679,-0.029045961482947642,-366.77360364882406,697.1883841780135,-331.08655460390986,-0.6717740747203834
0.7000000000000001,-0.0025363254098741263,4.204993808965953,0.0,-1.9913819031042073,1.0145975373250726,-0.00016400370764337133,-0.0003342766687313846,-1.2033447024137292,0.23239066389667679,-0.029045961482947642,-366.77360364882406,697.1883841780135,-331.08655460390986,-0.6717740747203834
0.72,-0.0006601475116939982,1.862912901134643,0.0,-1.9914339165868944,1.0150542855875548,-0.00016364608142971257,-0.00033556607146990414,-1.2033447024137292,0.23239066389667679,-0.029045961482947642,-366.77360364882406,697.1883841780135,-331.08655460390986,-0.6717740747203834
0.74,-0.000565048337147758,-2.2580657025953004,0.0,-1.9913635267221408,1.014618553418329,-0.0001331170518467684,-0.00034446041688274343,-1.2033447024137292,0.23239066389667679,-0.029045961482947642,-366.77360364882406,697.1883841780135,-331.08655460390986,-0.6717740747203834
0.76,-0.000357804934060769,-1.6959135401342846,0.0,-1.9922028631707254,1.0139345457935172,-0.000136779480533282,-0.00035626154340306004,-1.2033447024137292,0.23239066389667679,-0.029045961482947642,-366.77360364882406,697.1883841780135,-331.08655460390986,-0.6717740747203834
0.78,0.0010050485148354396,2.6339808835502687,0.0,-1.9927018216416874,1.0121773212543177,-9.757340658456487e-05,-0.00037817835121464646,-1.2033447024137292,0.23239066389667679,-0.029045961482947642,-366.77360364882406,697.1883841780135,-331.08655460390986,-0.6717740747203834
0.8,0.0020995537855052447,1.091004475950871,0.0,-1.9929539649498564,1.012228987609875,-0.00010098630448591056,-0.00037983624420814257,-1.2033447024137292,0.23239066389667679,-0.029045961482947642,-366.77360364882406,697.1883841780135,-331.08655460390986,-0.6717740747203834
0.8200000000000001,0.0021165169764619306,-0.6075446566002831,0.0,-1.9930911254911352,1.0120035070545959,-9.413650421011537e-05,-0.00038339275982176256,-1.2033447024137292,0.23239066389667679,-0.029045961482947642,-366.77360364882406,697.1883841780135,-331.08655460390986,-0.6717740747203834
0.84,0.0020052820583851285,2.3498622428188307,0.0,-1.9931335473762841,1.011950651083937,-9.454042471916774e-05,-0.00038452947099968754,-1.2033447024137292,0.23239066389667679,-0.029045961482947642,-366.77360364882406,697.1883841780135,-331.08655460390986,-0.6717740747203834
0.86,0.0013965064425402731,-1.9986543184677839,0.0,-1.9932358960173016,1.012482002150221,-0.00010865373032180987,-0.00037518483196879066,-1.2033447024137292,0.23239066389667679,-0.029045961482947642,-366.77360364882406,697.1883841780135,-331.08655460390986,-0.6717740747203834
0.88,0.0006937107844130035,-0.7189527820464647,0.0,-1.9931906741869894,1.0127202647519233,-0.00011413626742420227,-0.00037282479818380785,-1.2033447024137292,0.23239066389667679,-0.029045961482947642,-366.77360364882406,697.1883841780135,-331.08655460390986,-0.6717740747203834
0.9,0.0007911150452286871,-2.019161898361518,0.0,-1.993168012385281,1.0127801511669718,-0.0001157376686332432,-0.00037184197109619974,-1.2033447024137292,0.23239066389667679,-0.029045961482947642,-366.77360364882406,697.1883841780135,-331.08655460390986,-0.6717740747203834
0.92,0.0016953400886727842,1.9821952300676755,0.0,-1.9924066575628143,1.0133577987649656,-0.00011484048704245914,-0.0003617876877948855,-1.2033447024137292,0.23239066389667679,-0.029045961482947642,-366.77360364882406,697.1883841780135,-331.08655460390986,-0.6717740747203834
0.9400000000000001,0.002621105605786175,3.0367749115618814,0.0,-1.9925329173361044,1.0134800783480638,-0.00011905519466089547,-0.0003612256265629285,-1.2033447024137292,0.23239066389667679,-0.029045961482947642,-366.77360364882406,697.1883841780135,-331.08655460390986,-0.6717740747203834
0.96,0.0020937015357781097,-1.7218281365101165,0.0,-1.9937062620347006,1.0119794044785428,-8.122174647293487e-05,-0.00038481468239115306,-1.2033447024137292,0.23239066389667679,-0.029045961482947642,-366.77360364882406,697.1883841780135,-331.08655460390986,-0.6717740747203834
0.98,0.0011944665561078945,-0.7269887108402502,0.0,-1.9937128728845592,1.01199157765762,-8.179469384727123e-05,-0.00038479530834490625,-1.2033447024137292,0.23239066389667679,-0.029045961482947642,-366.77360364882406,697.1883841780135,-331.08655460390986,-0.6717740747203834
1.0,0.0010198840764574836,0.4973004193674491,0.0,-1.9935983558045172,1.0122382835827664,-8.792085236812618e-05,-0.0003803577444164961,-1.2033447024137292,0.23239066389667679,-0.029045961482947642,-366.77360364882406,697.1883841780135,-331.08655460390986,-0.6717740747203834
1.02,0.0009190084506659258,-0.1465861799275896,0.0,-1.9938825698894151,1.0119953839005218,-8.869180920584161e-05,-0.0003838507042017612,-1.2033447024137292,0.23239066389667679,-0.029045961482947642,-366.77360364882406,697.1883841780135,-331.08655460390986,-0.6717740747203834
1.04,0.0007212389145302032,0.37140842416545883,0.0,-1.9939611617346722,1.0118628253836137,-8.656459200288329e-05,-0.0003854333577557387,-1.2033447024137292,0.23239066389667679,-0.029045961482947642,-366.77360364882406,697.1883841780135,-331.08655460390986,-0.6717740747203834
1.06,0.0004621913430869146,0.06159566205836464,0.0,-1.9939571167673615,1.01191162446955,-8.82650241767435e-05,-0.0003839639845867651,-1.2033447024137292,0.23239066389667679,-0.029045961482947642,-366.77360364882406,697.1883841780135,-331.08655460390986,-0.6717740747203834
1.08,7.926521647742243e-05,0.06997305647483085,0.0,-1.994000077126384,1.011748333187682,-8.560706137827063e-05,-0.0003853120993103904,-1.2033447024137292,0.23239066389667679,-0.029045961482947642,-366.77360364882406,697.1883841780135,-331.08655460390986,-0.6717740747203834
1.1,-0.0003416881455245951,-2.6718681194050933,0.0,-1.9939293099677042,1.0117196821184429,-8.581341350468966e-05,-0.0003843684425277265,-1.2033447024137292,0.23239066389667679,-0.029045961482947642,-366.77360364882406,697.1883841780135,-331.08655460390986,-0.6717740747203834
1.12,-2.8698241662404784e-06,1.3790004656855936,0.0,-1.9940177160988057,1.0118347436095483,-8.643689632726923e-05,-0.00038432822701525444,-1.2033447024137292,0.23239066389667679,-0.029045961482947642,-366.77360364882406,697.1883841780135,-331.08655460390986,-0.6717740747203834
1.1400000000000001,0.0007145298574248757,-2.8678259041407115,0.0,-1.9940773586433957,1.0122435294102823,-9.918200690530951e-05,-0.0003803637185463939,-1.2033447024137292,0.23239066389667679,-0.029045961482947642,-366.77360364882406,697.1883841780135,-331.08655460390986,-0.6717740747203834
1.16,0.0018724281532544072,2.9114677923663854,0.0,-1.9927106403128823,1.014225955003634,-0.00014116293067659364,-0.0003473126549445718,-1.2033447024137292,0.23239066389667679,-0.029045961482947642,-366.77360364882406,697.1883841780135,-331.08655460390986,-0.6717740747203834
1.18,0.003029381850896172,-1.6446183977524091,0.0,-1.9927918645381062,1.014846930291626,-0.00015482527642060636,-0.0003411265490962878,-1.2033447024137292,0.23239066389667679,-0.029045961482947642,-366.77360364882406,697.1883841780135,-331.08655460390986,-0.6717740747203834
1.2,0.00383450165822682,1.884253912889616,0.0,-1.9911729700942915,1.017039961757008,-0.00021024581458105736,-0.0003067283507847118,-1.2033447024137292,0.23239066389667679,-0.029045961482947642,-366.77360364882406,697.1883841780135,-331.08655460390986,-0.6717740747203834
1.22,0.004593683184003345,1.7778838014479539,0.0,-1.991170720494238,1.0170091770102079,-0.00020970919998314656,-0.0003071180733192533,-1.2033447024137292,0.23239066389667679,-0.029045961482947642,-366.77360364882406,697.1883841780135,-331.08655460390986,-0.6717740747203834
1.24,0.00430949958677434,-1.2300263071650404,0.0,-1.991716997626461,1.0164839337883977,-0.00019790410015197425,-0.0003146105232388105,-1.2033447024137292,0.23239066389667679,-0.029045961482947642,-366.77360364882406,697.1883841780135,-331.08655460390986,-0.6717740747203834
1.26,0.0038921214394156945,0.5154345605462105,0.0,-1.9916529642618137,1.016604750526678,-0.00020391275624006826,-0.0003156345986043214,-1.2033447024137292,0.23239066389667679,-0.029045961482947642,-366.77360364882406,697.1883841780135,-331.08655460390986,-0.6717740747203834
1.28,0.0037085983626408622,-3.0044824424003673,0.0,-1.9917015161894975,1.0166774451391392,-0.00020661352865922886,-0.0003139985141900419,-1.2033447024137292,0.23239066389667679,-0.029045961482947642,-366.77360364882406,697.1883841780135,-331.08655460390986,-0.6717740747203834
1.3,0.00427739306354569,0.8089996004164002,0.0,-1.9901447008122155,1.0182321658718945,-0.0002231384439258715,-0.00029686771828340994,-1.2033447024137292,0.23239066389667679,-0.029045961482947642,-366.77360364882406,697.1883841780135,-331.08655460390986,-0.6717740747203834
1.32,0.005516134224726702,3.4905520501502982,0.0,-1.989425943094771,1.017541400539326,-0.0001973740714664407,-0.0003040066307028642,-1.2033447024137292,0.23239066389667679,-0.029045961482947642,-366.77360364882406,697.1883841780135,-331.08655460390986,-0.6717740747203834
1.34,0.005530691478665415,-2.4117200176340967,0.0,-1.9907000024735002,1.016719616129879,-0.00018512310909641854,-0.00031833182076327704,-1.2033447024137292,0.23239066389667679,-0.029045961482947642,-366.77360364882406,697.1883841780135,-331.08655460390986,-0.6717740747203834
1.36,0.005264287928063968,2.568252965869232,0.0,-1.990042914139476,1.0179921663046647,-0.0002269476135352669,-0.00030866862455408397,-1.2033447024137292,0.23239066389667679,-0.029045961482947642,-366.77360364882406,697.1883841780135,-331.08655460390986,-0.6717740747203834
1.3800000000000001,0.0049853168002411815,-2.9829932178699754,0.0,-1.9902261959849767,1.0189157910348612,-0.00025095322231335695,-0.00029293798841189205,-1.2033447024137292,0.23239066389667679,-0.029045961482947642,-366.77360364882406,697.1883841780135,-331.08655460390986,-0.6717740747203834
1.4000000000000001,0.0048593040451368336,0.045539312868785764,0.0,-1.9884357764526222,1.0215964474482204,-0.00029618656630106934,-0.00026280913153750536,-1.2033447024137292,0.23239066389667679,-0.029045961482947642,-366.77360364882406,697.1883841780135,-331.08655460390986,-0.6717740747203834
1.42,0.005624185951014319,0.00402116084564863,0.0,-1.9879962070701345,1.0206192676695258,-0.00026548903617797375,-0.00027819595478715636,-1.2033447024137292,0.23239066389667679,-0.029045961482947642,-366.77360364882406,697.1883841780135,-331.08655460390986,-0.6717740747203834
1.44,0.006410099344628757,2.275982984117579,0.0,-1.9860299015950076,1.021802169359274,-0.0002741454245036395,-0.0002591131741566592,-1.2033447024137292,0.23239066389667679,-0.029045961482947642,-366.77360364882406,697.1883841780135,-331.08655460390986,-0.6717740747203834
1.46,0.006568870909516162,1.6831474240459503,0.0,-1.9860944574633081,1.0217937487948234,-0.0002741138163271458,-0.0002592539458601403,-1.2033447024137292,0.23239066389667679,-0.029045961482947642,-366.77360364882406,697.1883841780135,-331.08655460390986,-0.6717740747203834
1.48,0.0056098053216154155,-2.7087774296096363,0.0,-1.9866982732828025,1.0212247843289368,-0.0002606173438133199,-0.0002642479184426092,-1.2033447024137292,0.23239066389667679,-0.029045961482947642,-366.77360364882406,697.1883841780135,-331.08655460390986,-0.6717740747203834
1.5,0.004986533060345877,0.775213920076494,0.0,-1.9864380441670821,1.0217445622698356,-0.000273550117724675,-0.000268621626024445,-1.2033447024137292,0.23239066389667679,-0.029045961482947642,-366.77360364882406,697.1883841780135,-331.08655460390986,-0.6717740747203834
1.52,0.004960986072046014,3.6542454366542936,0.0,-1.9863461360142365,1.0216806089199277,-0.00026979019865605765,-0.000270095982277824,-1.2033447024137292,0.23239066389667679,-0.029045961482947642,-366.77360364882406,697.1883841780135,-331.08655460390986,-0.6717740747203834
1.54,0.0036696993882747086,-2.859834207151823,0.0,-1.9889540040017872,1.0191805958540503,-0.0002452478780036112,-0.0003012960006239886,-1.2033447024137292,0.23239066389667679,-0.029045961482947642,-366.77360364882406,697.1883841780135,-331.08655460390986,-0.6717740747203834
1.56,0.0021689781367905635,-2.0931490301269564,0.0,-1.9889407024341363,1.0196223563458502,-0.00025604901436249644,-0.0002991551774995771,-1.2033447024137292,0.23239066389667679,-0.029045961482947642,-366.77360364882406,697.1883841780135,-331.08655460390986,-0.6717740747203834
1.58,0.002132376912820809,1.7642588349757495,0.0,-1.9892091990143173,1.0188949756134906,-0.00023050009429002118,-0.00031593534637623617,-1.2033447024137292,0.23239066389667679,-0.029045961482947642,-366.77360364882406,697.1883841780135,-331.08655460390986,-0.6717740747203834
1.6,0.002205563529711472,-0.5414763599923127,0.0,-1.9897684082733138,1.0186056882304575,-0.00023601342580338016,-0.00032086732795583205,-1.2033447024137292,0.23239066389667679,-0.029045961482947642,-366.77360364882406,697.1883841780135,-331.08655460390986,-0.6717740747203834
1.62,0.001934614454754407,-1.1117644013874877,0.0,-1.9895806265759959,1.0188946393719975,-0.00024111486956353637,-0.0003171689236594352,-1.2033447024137292,0.23239066389667679,-0.029045961482947642,-366.77360364882406,697.1883841780135,-331.08655460390986,-0.6717740747203834
1.6400000000000001,0.002160021174725778,-2.2043434685568175,0.0,-1.9896035703998332,1.018618246478713,-0.00023543489725846528,-0.00032311722202237286,-1.2033447024137292,0.23239066389667679,-0.029045961482947642,-366.77360364882406,697.1883841780135,-331.08655460390986,-0.6717740747203834
1.6600000000000001,0.0033701552519563196,4.5595691418453725,0.0,-1.9883754953580959,1.018655305989037,-0.00021927081741904346,-0.000320230931961358,-1.2033447024137292,0.23239066389667679,-0.029045961482947642,-366.77360364882406,697.1883841780135,-331.08655460390986,-0.6717740747203834
1.68,0.003911898833368131,-1.105504952990036,0.0,-1.9894681304320436,1.018969986761602,-0.0002350937644431574,-0.00032221808042202465,-1.2033447024137292,0.23239066389667679,-0.029045961482947642,-366.77360364882406,697.1883841780135,-331.08655460390986,-0.6717740747203834
1.7,0.003466897001636015,0.5528279995301855,0.0,-1.988914270961152,1.0200100068177667,-0.0002632565375605394,-0.00030909152305164827,-1.2033447024137292,0.23239066389667679,-0.029045961482947642,-366.77360364882406,697.1883841780135,-331.08655460390986,-0.6717740747203834
1.72,0.003205648888091585,-1.7901923092300056,0.0,-1.988895993586997,1.0200685587379832,-0.00026414138058644866,-0.00030797544308123847,-1.2033447024137292,0.23239066389667679,-0.029045961482947642,-366.77360364882406,697.1883841780135,-331.08655460390986,-0.6717740747203834
1.74,0.0033270045500175707,3.9146280214859486,0.0,-1.9880318857014159,1.0209523092826198,-0.0002719859488107105,-0.0002991186752487113,-1.2033447024137292,0.23239066389667679,-0.029045961482947642,-366.77360364882406,697.1883841780135,-331.08655460390986,-0.6717740747203834
1.76,0.0028472776966512936,0.0018430253994718981,0.0,-1.989008243468831,1.0213544064275428,-0.00029451078906077326,-0.00029357472296463017,-1.2033447024137292,0.23239066389667679,-0.029045961482947642,-366.77360364882406,697.1883841780135,-331.08655460390986,-0.6717740747203834
1.78,0.0012386643020427756,-0.04209999631712291,0.0,-1.9894240981348237,1.0200147344527717,-0.00026517579599403824,-0.0003068836548639011,-1.2033447024137292,0.23239066389667679,-0.029045961482947642,-366.77360364882406,697.1883841780135,-331.08655460390986,-0.6717740747203834
1.8,-0.0003503322343175177,-2.370480964802996,0.0,-1.988530128565435,1.020415981819375,-0.0002712984700280948,-0.00028894744630547544,-1.2033447024137292,0.23239066389667679,-0.029045961482947642,-366.77360364882406,697.1883841780135,-331.08655460390986,-0.6717740747203834
1.82,-0.001235050067765349,0.22548845237952397,0.0,-1.9885513785083933,1.0204824530346401,-0.0002713177845307779,-0.0002888597276076123,-1.2033447024137292,0.23239066389667679,-0.029045961482947642,-366.77360364882406,697.1883841780135,-331.08655460390986,-0.6717740747203834
1.84,-0.001499440588017894,0.8354406177629571,0.0,-1.9885227625118165,1.0205324659527801,-0.0002812350926110308,-0.00028714427306010385,-1.2033447024137292,0.23239066389667679,-0.029045961482947642,-366.77360364882406,697.1883841780135,-331.08655460390986,-0.6717740747203834
1.86,-0.0020839864160126995,0.30226864345224114,0.0,-1.9887316189203683,1.019821933967832,-0.00027586230222893034,-0.00029750676753332976,-1.2033447024137292,0.23239066389667679,-0.029045961482947642,-366.77360364882406,697.1883841780135,-331.08655460390986,-0.6717740747203834
1.8800000000000001,-0.0030148655583371485,-1.4920933639166036,0.0,-1.9880837516765806,1.019640277959503,-0.00026873093501936083,-0.0002969812962462257,-1.2033447024137292,0.23239066389667679,-0.029045961482947642,-366.77360364882406,697.1883841780135,-331.08655460390986,-0.6717740747203834
1.9000000000000001,-0.0036163760727072995,-1.2648749440111497,0.0,-1.9877962012445647,1.0196488484369823,-0.0002683379804734624,-0.00029557202435163043,-1.2033447024137292,0.23239066389667679,-0.029045961482947642,-366.77360364882406,697.1883841780135,-331.08655460390986,-0.6717740747203834
1.92,-0.0034334054407173177,-0.8290332470992918,0.0,-1.9878488732469093,1.0196199469798328,-0.0002673090332347911,-0.000295975644752926,-1.2033447024137292,0.23239066389667679,-0.029045961482947642,-366.77360364882406,697.1883841780135,-331.08655460390986,-0.6717740747203834
1.94,-0.0026589641110203355,-0.7481160090934165,0.0,-1.9879124356349809,1.019572170310197,-0.0002638616941740876,-0.00029462526623604625,-1.2033447024137292,0.23239066389667679,-0.029045961482947642,-366.77360364882406,697.1883841780135,-331.08655460390986,-0.6717740747203834
1.96,-0.001439481433509268,-0.31116646847073737,0.0,-1.987954453166565,1.0193101007818823,-0.0002594164346022873,-0.00029224824702608665,-1.2033447024137292,0.23239066389667679,-0.029045961482947642,-366.77360364882406,697.1883841780135,-331.08655460390986,-0.6717740747203834
1.98,8.110052064611364e-05,2.7148522394212615,0.0,-1.9878297217739331,1.0187390022093878,-0.00025362196907220973,-0.0002909575782535332,-1.2033447024137292,0.23239066389667679,-0.029045961482947642,-366.77360364882406,697.1883841780135,-331.08655460390986,-0.6717740747203834
2.0,0.0008983069577089065,-0.19705641967319343,0.0,-1.9879713184998933,1.0189280619496135,-0.000254343857383723,-0.0002917356273297075,-1.2033447024137292,0.23239066389667679,-0.029045961482947642,-366.77360364882406,697.1883841780135,-331.08655460390986,-0.6717740747203834
2.02,0.0009838871204877777,-2.916515147687772,0.0,-1.9879631674724358,1.0190042401327528,-0.0002610386001511428,-0.0002901440496366472,-1.198851616381698,0.2273558760687466,-0.028504259687048634,-323.9174725833499,665.3734871128702,-342.16982626286773,-0.7138117333478678
2.04,0.001987453729009431,2.8923308090463147,0.0,-1.988881810303818,1.0172159671594951,-0.00024808594569317865,-0.0003179756075371607,-1.198851616381698,0.2273558760687466,-0.028504259687048634,-323.9174725833499,665.3734871128702,-342.16982626286773,-0.7138117333478678
2.06,0.0030106646715419073,2.939255465275253,0.0,-1.9887669278097857,1.0171191254421927,-0.00024487654726271257,-0.00031838122624582276,-1.198851616381698,0.2273558760687466,-0.028504259687048634,-323.9174725833499,665.3734871128702,-342.16982626286773,-0.7138117333478678
2.08,0.002345206648074968,-2.0310006257372653,0.0,-1.989951765440154,1.0158544717968954,-0.00021384974094336206,-0.0003393033599590612,-1.198851616381698,0.2273558760687466,-0.028504259687048634,-323.9174725833499,665.3734871128702,-342.16982626286773,-0.7138117333478678
2.1,0.0014286018361141526,-3.3543382549501244,0.0,-1.990139286220709,1.0158797074469539,-0.00021979311779164848,-0.0003417158875989739,-1.198851616381698,0.2273558760687466,-0.028504259687048634,-323.9174725833499,665.3734871128702,-342.16982626286773,-0.7138117333478678
2.12,0.0020980501603371764,2.5493309612229647,0.0,-1.9906634831559773,1.014565458126182,-0.000180739605105633,-0.00037121591156247144,-1.198851616381698,0.2273558760687466,-0.028504259687048634,-323.9174725833499,665.3734871128702,-342.16982626286773,-0.7138117333478678
2.14,0.0030164949624895392,2.345164562975308,0.0,-1.9905623614627155,1.0145617952368087,-0.00017895361581333281,-0.0003707880018174119,-1.198851616381698,0.2273558760687466,-0.028504259687048634,-323.9174725833499,665.3734871128702,-342.16982626286773,-0.7138117333478678
2.16,0.0025207213485842453,-0.8334966812939593,0.0,-1.991447187336971,1.0136479565116163,-0.00016063005824885047,-0.00038561535651010287,-1.198851616381698,0.2273558760687466,-0.028504259687048634,-323.9174725833499,665.3734871128702,-342.16982626286773,-0.7138117333478678
2.18,0.0015982086530939629,-1.6094924164439361,0.0,-1.9913578498608697,1.0136427853384316,-0.00015733837304881477,-0.00038401916309863235,-1.198851616381698,0.2273558760687466,-0.028504259687048634,-323.9174725833499,665.3734871128702,-342.16982626286773,-0.7138117333478678
2.2,0.0014011931819006937,3.3429864241237572,0.0,-1.9914423550187699,1.0135374395315433,-0.00015376278271482093,-0.0003880264535135784,-1.198851616381698,0.2273558760687466,-0.028504259687048634,-323.9174725833499,665.3734871128702,-342.16982626286773,-0.7138117333478678
2.22,0.0007054024877981702,0.38870497323203557,0.0,-1.992768389503961,1.0130961788864257,-0.00017692344489848838,-0.00039357409338479523,-1.198851616381698,0.2273558760687466,-0.028504259687048634,-323.9174725833499,665.3734871128702,-342.16982626286773,-0.7138117333478678
2.24,-0.0010787068031082336,-3.9974033768726764,0.0,-1.9928926078856501,1.0104151086170068,-0.0001216796724063635,-0.0004181470817598012,-1.198851616381698,0.2273558760687466,-0.028504259687048634,-323.9174725833499,665.3734871128702,-342.16982626286773,-0.7138117333478678
2.2600000000000002,-0.0018128744282339107,0.48193589832412354,0.0,-1.9929236981454561,1.0104099867889174,-0.00012165301210566899,-0.0004185115196119605,-1.198851616381698,0.2273558760687466,-0.028504259687048634,-323.9174725833499,665.3734871128702,-342.16982626286773,-0.7138117333478678
2.2800000000000002,-0.001529042239767224,-0.3993998900219504,0.0,-1.9928477071553758,1.0109330114040622,-0.0001536508411887485,-0.00041118501981854774,-1.198851616381698,0.2273558760687466,-0.028504259687048634,-323.9174725833499,665.3734871128702,-342.16982626286773,-0.7138117333478678
2.3000000000000003,-0.0012790431299682257,0.6319543054055912,0.0,-1.9930246818498678,1.0106261578030775,-0.00015102941431559825,-0.00041666062229011507,-1.198851616381698,0.2273558760687466,-0.028504259687048634,-323.9174725833499,665.3734871128702,-342.16982626286773,-0.7138117333478678
2.32,-0.001105228100952533,1.257451085076316,0.0,-1.9927612773914698,1.0110010180563018,-0.00015434053934968825,-0.00041358129177632494,-1.198851616381698,0.2273558760687466,-0.028504259687048634,-323.9174725833499,665.3734871128702,-342.16982626286773,-0.7138117333478678
2.34,-0.0014916855451416345,-1.0025571830043447,0.0,-1.992460573491081,1.0109445205142473,-0.00014622133307996184,-0.0004165464939466332,-1.198851616381698,0.2273558760687466,-0.028504259687048634,-323.9174725833499,665.3734871128702,-342.16982626286773,-0.7138117333478678
2.36,-0.0019622128988571533,-1.5913110047448802,0.0,-1.9918947219229002,1.0109005164487106,-0.0001385576330148855,-0.0004148289885112994,-1.198851616381698,0.2273558760687466,-0.028504259687048634,-323.9174725833499,665.3734871128702,-342.16982626286773,-0.7138117333478678
2.38,-0.0016855623789792714,-1.3417332028345887,0.0,-1.9917953285069105,1.010973549578858,-0.0001400043192646767,-0.00041361806023997337,-1.198851616381698,0.2273558760687466,-0.028504259687048634,-323.9174725833499,665.3734871128702,-342.16982626286773,-0.7138117333478678
2.4,-0.0005606619781150701,0.002443541315858999,0.0,-1.9917222886931982,1.010833154191912,-0.00013227330629849695,-0.00041237432861579627,-1.198851616381698,0.2273558760687466,-0.028504259687048634,-323.9174725833499,665.3734871128702,-342.16982626286773,-0.7138117333478678
2.42,0.0009528884416187989,1.9092086220585127,0.0,-1.9912363142458929,1.0105629770046007,-0.0001245922982561995,-0.0004080517681142562,-1.198851616381698,0.2273558760687466,-0.028504259687048634,-323.9174725833499,665.3734871128702,-342.16982626286773,-0.7138117333478678
2.44,0.0019126590951202185,2.615459762647175,0.0,-1.991189756375539,1.0105463027168924,-0.00012468528331633895,-0.00040765988484048056,-1.198851616381698,0.2273558760687466,-0.028504259687048634,-323.9174725833499,665.3734871128702,-342.16982626286773,-0.7138117333478678
2.46,0.0015595298441650326,-1.1499745955637009,0.0,-1.9915259766756042,1.0105831920548818,-0.00010724350726060292,-0.0004107623495019557,-1.198851616381698,0.2273558760687466,-0.028504259687048634,-323.9174725833499,665.3734871128702,-342.16982626286773,-0.7138117333478678
2.48,0.0007871095802490341,-0.9795097064393548,0.0,-1.9913917147077143,1.0105563133701847,-0.00010227043155324105,-0.0004093943198450838,-1.198851616381698,0.2273558760687466,-0.028504259687048634,-323.9174725833499,665.3734871128702,-342.16982626286773,-0.7138117333478678
2.5,0.0006432554077498594,0.21438328456158706,0.0,-1.9913190914060608,1.0106542023213236,-0.00010446674597101708,-0.0004070428861251235,-1.198851616381698,0.2273558760687466,-0.028504259687048634,-323.9174725833499,665.3734871128702,-342.16982626286773,-0.7138117333478678
2.52,0.0007275238994353365,-0.3069648718860427,0.0,-1.9914746016737555,1.0105501912454744,-0.00010625046629023901,-0.0004084760259911294,-1.1496335611794541,0.17837628146645873,-0.02874272028700457,-365.62985521973854,732.3827138884292,-367.5172270245771,-0.7643683558864193
2.54,0.0008435016565353015,0.935000782400436,0.0,-1.9914781693462056,1.010546741442803,-0.00010622210656855159,-0.00040852629957695947,-1.1496335611794541,0.17837628146645873,-0.02874272028700457,-365.62985521973854,732.3827138884292,-367.5172270245771,-0.7643683558864193
2.56,0.0007808982598664407,-2.9202375140329018,0.0,-1.9915929606283012,1.010607917776273,-0.00010788662902816383,-0.00040787884710265893,-1.1496335611794541,0.17837628146645873,-0.02874272028700457,-365.62985521973854,732.3827138884292,-367.5172270245771,-0.7643683558864193
2.58,0.0013045807462234928,-1.8109941506399638,0.0,-1.9914389032458055,1.011038840222321,-0.0001177960720821148,-0.000403948325909919,-1.1496335611794541,0.17837628146645873,-0.02874272028700457,-365.62985521973854,732.3827138884292,-367.5172270245771,-0.7643683558864193
2.6,0.0032219861531022536,3.3678012803626722,0.0,-1.9904609525740917,1.009265674285751,-6.932697808762652e-05,-0.0004194869106634546,-1.1496335611794541,0.17837628146645873,-0.02874272028700457,-365.62985521973854,732.3827138884292,-367.5172270245771,-0.7643683558864193
2.62,0.004703869416749413,-0.22305922543718903,0.0,-1.9896213311080653,1.0092546636796953,-6.455660124405816e-05,-0.0004139175509707219,-1.1496335611794541,0.17837628146645873,-0.02874272028700457,-365.62985521973854,732.3827138884292,-367.5172270245771,-0.7643683558864193
2.64,0.005294593811843021,5.14501184253728,0.0,-1.9878416529857226,1.0103002725202057,-0.00010503281002692907,-0.00039345000067081507,-1.1496335611794541,0.17837628146645873,-0.02874272028700457,-365.62985521973854,732.3827138884292,-367.5172270245771,-0.7643683558864193
2.66,0.0044774727675272455,-2.7760891247592356,0.0,-1.9887291625117054,1.0120637468259819,-0.00011612452764760728,-0.0003669942409161015,-1.1496335611794541,0.17837628146645873,-0.02874272028700457,-365.62985521973854,732.3827138884292,-367.5172270245771,-0.7643683558864193
2.68,0.0029949548006707677,-1.2679753304880967,0.0,-1.988631871689456,1.012600473501621,-0.0001293374467536095,-0.0003637540102325791,-1.1496335611794541,0.17837628146645873,-0.02874272028700457,-365.62985521973854,732.3827138884292,-367.5172270245771,-0.7643683558864193
2.7,0.0027156094928562284,-2.54682347810237,0.0,-1.9886558797936058,1.0125402851909189,-0.00012769331077843392,-0.0003653383997602174,-1.1496335611794541,0.17837628146645873,-0.02874272028700457,-365.62985521973854,732.3827138884292,-367.5172270245771,-0.7643683558864193
2.72,0.003570535941116728,3.319403153083268,0.0,-1.986325280258764,1.014361161709999,-0.00011750138828057304,-0.000342985903161194,-1.1496335611794541,0.17837628146645873,-0.02874272028700457,-365.62985521973854,732.3827138884292,-367.5172270245771,-0.7643683558864193
2.74,0.004221792277854876,-0.8389283943988968,0.0,-1.9869625917770108,1.0143835135111685,-0.00012464034207539045,-0.000344975381631965,-1.1496335611794541,0.17837628146645873,-0.02874272028700457,-365.62985521973854,732.3827138884292,-367.5172270245771,-0.7643683558864193
2.7600000000000002,0.004173362620449515,2.9692357671534992,0.0,-1.9860030244731772,1.0153789534981867,-0.00014580599577121244,-0.0003315774213887686,-1.1496335611794541,0.17837628146645873,-0.02874272028700457,-365.62985521973854,732.3827138884292,-367.5172270245771,-0.7643683558864193
2.7800000000000002,0.003527481588290827,-0.27265753683769267,0.0,-1.9863690981375883,1.0163347397898193,-0.0001578548163955852,-0.00031323352471919437,-1.1496335611794541,0.17837628146645873,-0.02874272028700457,-365.62985521973854,732.3827138884292,-367.5172270245771,-0.7643683558864193
2.8000000000000003,0.002114243000071997,-3.5813516592669448,0.0,-1.98681079353723,1.0152451364974322,-0.00013887490681796348,-0.0003206528070642684,-1.1496335611794541,0.17837628146645873,-0.02874272028700457,-365.62985521973854,732.3827138884292,-367.5172270245771,-0.7643683558864193
2.82,0.0018429604186002094,1.5764855903155683,0.0,-1.9870923745831592,1.0152417950981885,-0.00013543766003929294,-0.0003301266511775679,-1.1496335611794541,0.17837628146645873,-0.02874272028700457,-365.62985521973854,732.3827138884292,-367.5172270245771,-0.7643683558864193
2.84,0.002170423546576495,-5.24255501807602,0.0,-1.9876482425900222,1.0152496005495268,-0.00015010630574643604,-0.0003298666384968834,-1.1496335611794541,0.17837628146645873,-0.02874272028700457,-365.62985521973854,732.3827138884292,-367.5172270245771,-0.7643683558864193
2.86,0.0035851606289072566,3.480495785002492,0.0,-1.9841152382232705,1.0192140790978683,-0.0001930175053628287,-0.0002731467344321098,-1.1496335611794541,0.17837628146645873,-0.02874272028700457,-365.62985521973854,732.3827138884292,-367.5172270245771,-0.7643683558864193
2.88,0.005538554850088428,4.91996297603501,0.0,-1.9833082525064578,1.0183282056478886,-0.00017047448006173306,-0.00027920816774728446,-1.1496335611794541,0.17837628146645873,-0.02874272028700457,-365.62985521973854,732.3827138884292,-367.5172270245771,-0.7643683558864193
2.9,0.005067027734236317,-0.3576384101226946,0.0,-1.986233582612084,1.01657323982073,-0.0001365541973104083,-0.0003143301913711298,-1.1496335611794541,0.17837628146645873,-0.02874272028700457,-365.62985521973854,732.3827138884292,-367.5172270245771,-0.7643683558864193
2.92,0.003291529194094159,-1.9438115428471083,0.0,-1.985964631007409,1.0164780983417026,-0.00011455042463912305,-0.0003069355853780602,-1.1496335611794541,0.17837628146645873,-0.02874272028700457,-365.62985521973854,732.3827138884292,-367.5172270245771,-0.7643683558864193
2.94,0.002210778683113036,-1.013138836002485,0.0,-1.9858279389993825,1.0165418037288556,-0.0001159678898692688,-0.00030189750508974566,-1.1496335611794541,0.17837628146645873,-0.02874272028700457,-365.62985521973854,732.3827138884292,-367.5172270245771,-0.7643683558864193
2.96,0.002009901985974969,-2.6684559485797736,0.0,-1.985883016843092,1.0164871043436838,-0.00011688771794706979,-0.00030207215178456134,-1.1496335611794541,0.17837628146645873,-0.02874272028700457,-365.62985521973854,732.3827138884292,-367.5172270245771,-0.7643683558864193
2.98,0.002899832249120454,0.11593573355452369,0.0,-1.984349446869414,1.0176667040828826,-0.00010908302859760935,-0.0002883214032377659,-1.1496335611794541,0.17837628146645873,-0.02874272028700457,-365.62985521973854,732.3827138884292,-367.5172270245771,-0.7643683558864193
3.0,0.00455555883801946,4.360719914398602,0.0,-1.982442694643739,1.0174270021096212,-8.621418445047426e-05,-0.00028318747238502293,-1.1496335611794541,0.17837628146645873,-0.02874272028700457,-365.62985521973854,732.3827138884292,-367.5172270245771,-0.7643683558864193
3.02,0.004929163205200743,3.910722987669754,0.0,-1.9829464437894742,1.017340577782278,-8.561164651768341e-05,-0.0002866970324040923,-1.1581767977781081,0.1867276706296222,-0.028550872851514048,-453.95016801919877,944.8415460194893,-491.9481372565501,-1.0567592562593942
3.04,0.0029117660186434866,-10.076887767409033,0.0,-1.9839738331751569,1.016242899477057,-3.701558406669883e-05,-0.0002941520508647105,-1.1581767977781081,0.1867276706296222,-0.028550872851514048,-453.95016801919877,944.8415460194893,-491.9481372565501,-1.0567592562593942
3.06,0.002718451462088834,4.646987906070834,0.0,-1.9867190831457542,1.0173276332843295,-9.236117088460744e-05,-0.0003299593113980865,-1.1581767977781081,0.1867276706296222,-0.028550872851514048,-453.95016801919877,944.8415460194893,-491.9481372565501,-1.0567592562593942
3.08,0.004132392798750587,1.170785861717035,0.0,-1.9879104625259305,1.0191500553462574,-0.00016078017502073043,-0.0003068765144954419,-1.1581767977781081,0.1867276706296222,-0.028550872851514048,-453.95016801919877,944.8415460194893,-491.9481372565501,-1.0567592562593942
3.1,0.003868806210789637,0.2534019102183416,0.0,-1.9892196494651688,1.0177985917018268,-0.00014709277396717063,-0.00032823266846477764,-1.1581767977781081,0.1867276706296222,-0.028550872851514048,-453.95016801919877,944.8415460194893,-491.9481372565501,-1.0567592562593942
3.12,0.0032126191784477404,-4.942338648616766,0.0,-1.9890077947794893,1.0185594389915151,-0.00014170232191434022,-0.0003110167408942003,-1.1581767977781081,0.1867276706296222,-0.028550872851514048,-453.95016801919877,944.8415460194893,-491.9481372565501,-1.0567592562593942
3.14,0.003949821945057796,0.16727149975715694,0.0,-1.988632364080696,1.0188907594158159,-0.00014262812038602247,-0.0003135436006048404,-1.1581767977781081,0.1867276706296222,-0.028550872851514048,-453.95016801919877,944.8415460194893,-491.9481372565501,-1.0567592562593942
3.16,0.006110293521518678,2.2108005318283643,0.0,-1.9879862828424386,1.0187397461808327,-0.00013239701503482313,-0.0003136509608431214,-1.1581767977781081,0.1867276706296222,-0.028550872851514048,-453.95016801919877,944.8415460194893,-491.9481372565501,-1.0567592562593942
3.18,0.007613010275156591,-1.835396714874026,0.0,-1.9881237411466663,1.0187043773958961,-0.00013232901004599546,-0.0003146959377899325,-1.1581767977781081,0.1867276706296222,-0.028550872851514048,-453.95016801919877,944.8415460194893,-491.9481372565501,-1.0567592562593942
3.2,0.00905390720890308,-0.4343151392889175,0.0,-1.9861141946714518,1.0185993759892344,-0.000145143849991095,-0.0003122473345661137,-1.1581767977781081,0.1867276706296222,-0.028550872851514048,-453.95016801919877,944.8415460194893,-491.9481372565501,-1.0567592562593942
3.22,0.011216647808273996,1.4602269926216978,0.0,-1.9833935159426206,1.017742762947978,-0.00013189307064055908,-0.0003191115009381637,-1.1581767977781081,0.1867276706296222,-0.028550872851514048,-453.95016801919877,944.8415460194893,-491.9481372565501,-1.0567592562593942
3.24,0.013149873718192569,2.5339083319605957,0.0,-1.9803436321630137,1.0179902869587538,-0.00012938690176810246,-0.0003095301751219118,-1.1581767977781081,0.1867276706296222,-0.028550872851514048,-453.95016801919877,944.8415460194893,-491.9481372565501,-1.0567592562593942
3.2600000000000002,0.013996687572290084,1.1080002160166638,0.0,-1.9802370701704024,1.0179999005983729,-0.0001296062801220762,-0.00030932266996937127,-1.1581767977781081,0.1867276706296222,-0.028550872851514048,-453.95016801919877,944.8415460194893,-491.9481372565501,-1.0567592562593942
3.2800000000000002,0.013865588436324417,-1.6068166738116008,0.0,-1.9814923205303554,1.0177619142097643,-0.000124206715221492,-0.00030940114781437874,-1.1581767977781081,0.1867276706296222,-0.028550872851514048,-453.95016801919877,944.8415460194893,-491.9481372565501,-1.0567592562593942
3.3000000000000003,0.01396817251579175,-0.6581895509051379,0.0,-1.9816725764492689,1.0177125975171057,-0.00012390180518151678,-0.00030915020078703013,-1.1581767977781081,0.1867276706296222,-0.028550872851514048,-453.95016801919877,944.8415460194893,-491.9481372565501,-1.0567592562593942
3.3200000000000003,0.014822234625037121,-2.056433991023968,0.0,-1.9825943053297095,1.0174777593301816,-0.0001266011647389758,-0.00030958524302121494,-1.1581767977781081,0.1867276706296222,-0.028550872851514048,-453.95016801919877,944.8415460194893,-491.9481372565501,-1.0567592562593942
3.34,0.01656480479458009,-0.13327126650257748,0.0,-1.9801979432883923,1.018254896720917,-0.00012407996347313117,-0.0003022084037277267,-1.1581767977781081,0.1867276706296222,-0.028550872851514048,-453.95016801919877,944.8415460194893,-491.9481372565501,-1.0567592562593942
3.36,0.019053184437503128,4.767373063083093,0.0,-1.977630564226319,1.0185777826923288,-0.00011723616370132142,-0.00029740901443316533,-1.1581767977781081,0.1867276706296222,-0.028550872851514048,-453.95016801919877,944.8415460194893,-491.9481372565501,-1.0567592562593942
3.38,0.020305229786274918,-2.339562780286741,0.0,-1.9846700623950724,1.0174171597124502,-0.00011922005266285219,-0.0003176043836876092,-1.1581767977781081,0.1867276706296222,-0.028550872851514048,-453.95016801919877,944.8415460194893,-491.9481372565501,-1.0567592562593942
3.4,0.020974798208953135,-1.0658293546311284,0.0,-1.9843168546960928,1.0175379049863298,-0.0001213159859512504,-0.0003168531186065723,-1.1581767977781081,0.1867276706296222,-0.028550872851514048,-453.95016801919877,944.8415460194893,-491.9481372565501,-1.0567592562593942
3.42,0.022773885390956403,2.2269903230151877,0.0,-1.9851375107489402,1.0175291670163407,-0.00012412964353132792,-0.0003147962017110047,-1.1581767977781081,0.1867276706296222,-0.028550872851514048,-453.95016801919877,944.8415460194893,-491.9481372565501,-1.0567592562593942
3.44,0.024376966309453768,0.7648591998424723,0.0,-1.9919746210285247,1.0156436561995947,-0.00013219264542197403,-0.0003354800289674707,-1.1581767977781081,0.1867276706296222,-0.028550872851514048,-453.95016801919877,944.8415460194893,-491.9481372565501,-1.0567592562593942
3.46,0.02525825368149238,-0.583134300170502,0.0,-1.9991403859865937,1.0134416799191717,-0.00011777157562466276,-0.0003531213943855662,-1.1581767977781081,0.1867276706296222,-0.028550872851514048,-453.95016801919877,944.8415460194893,-491.9481372565501,-1.0567592562593942
3.48,0.02624594807942379,-2.7582983262498084,0.0,-2.006293592701546,1.0118398872758723,-0.00011494015947893927,-0.00035364448236312624,-1.1581767977781081,0.1867276706296222,-0.028550872851514048,-453.95016801919877,944.8415460194893,-491.9481372565501,-1.0567592562593942
3.5,0.02837758164984436,-1.659633623018955,0.0,-2.0091000883489727,1.011093446024365,-0.00011762838549322705,-0.0003569105720777931,-1.1581767977781081,0.1867276706296222,-0.028550872851514048,-453.95016801919877,944.8415460194893,-491.9481372565501,-1.0567592562593942
3.52,0.031981648771781,1.0697042503440708,0.0,-2.009629835960282,1.0109991246736552,-0.00011902387121745392,-0.00035785849633520516,-1.146922310554951,0.17565226765785505,-0.028729957102904023,-456.1465335769717,880.9078571404943,-425.5863501726119,-0.8250266090889764
3.54,0.03596044422728758,0.7741471930140689,0.0,-2.012211070817584,1.010588581221238,-0.00012261194629856125,-0.00036505518884020116,-1.146922310554951,0.17565226765785505,-0.028729957102904023,-456.1465335769717,880.9078571404943,-425.5863501726119,-0.8250266090889764
3.56,0.03962684908680739,3.6742432985567133,0.0,-2.0132578955707774,1.0104376334064709,-0.00012191860567068932,-0.0003674136920218186,-1.146922310554951,0.17565226765785505,-0.028729957102904023,-456.1465335769717,880.9078571404943,-425.5863501726119,-0.8250266090889764
3.58,0.0422421281939116,-1.3335318067844133,0.0,-2.023690244473969,1.0093999685448256,-0.00011873390154276349,-0.00037624348978736747,-1.146922310554951,0.17565226765785505,-0.028729957102904023,-456.1465335769717,880.9078571404943,-425.5863501726119,-0.8250266090889764
3.6,0.04443945389393125,0.9149653143122101,0.0,-2.024401133084771,1.0092072531678087,-0.00011679161339026207,-0.00037716336111475476,-1.146922310554951,0.17565226765785505,-0.028729957102904023,-456.1465335769717,880.9078571404943,-425.5863501726119,-0.8250266090889764
3.62,0.047039944607156395,-0.5771220482725095,0.0,-2.029054037093015,1.0085032884790124,-0.00012420663305257919,-0.0003750907037345513,-1.146922310554951,0.17565226765785505,-0.028729957102904023,-456.1465335769717,880.9078571404943,-425.5863501726119,-0.8250266090889764
3.64,0.04983871851039651,3.956103647769233,0.0,-2.027633064007886,1.0090084164150839,-0.0001247894236506917,-0.0003714623768451777,-1.146922310554951,0.17565226765785505,-0.028729957102904023,-456.1465335769717,880.9078571404943,-425.5863501726119,-0.8250266090889764
3.66,0.05196424468232344,-6.29554736512939,0.0,-2.036387601843151,1.0069230289701745,-0.00013274513517000966,-0.00038146816256628464,-1.146922310554951,0.17565226765785505,-0.028729957102904023,-456.1465335769717,880.9078571404943,-425.5863501726119,-0.8250266090889764
3.68,0.05510185147315699,5.464518518784821,0.0,-2.022757393023725,1.013378723466529,-0.0001787494494701011,-0.0003477270950616079,-1.146922310554951,0.17565226765785505,-0.028729957102904023,-456.1465335769717,880.9078571404943,-425.5863501726119,-0.8250266090889764
3.7,0.05883062264586305,3.576510440561238,0.0,-2.0264850855281202,1.013176498780836,-0.00019834871023046032,-0.00034534396104181147,-1.146922310554951,0.17565226765785505,-0.028729957102904023,-456.1465335769717,880.9078571404943,-425.5863501726119,-0.8250266090889764
3.72,0.06028850637161552,-3.073221657373489,0.0,-2.029173681946935,1.011590995064772,-0.00018581993683445533,-0.0003617989948575461,-1.146922310554951,0.17565226765785505,-0.028729957102904023,-456.1465335769717,880.9078571404943,-425.5863501726119,-0.8250266090889764
3.74,0.06197995056049931,7.821975001848421,0.0,-2.0227511548807127,1.01359511888615,-0.00020439042643165462,-0.00037561295550948647,-1.146922310554951,0.17565226765785505,-0.028729957102904023,-456.1465335769717,880.9078571404943,-425.5863501726119,-0.8250266090889764
3.7600000000000002,0.06267532335125375,-3.0181518506291116,0.0,-2.0348189222429847,1.0100328508868472,-0.00024894363834002554,-0.00037105844101021994,-1.146922310554951,0.17565226765785505,-0.028729957102904023,-456.1465335769717,880.9078571404943,-425.5863501726119,-0.8250266090889764
3.7800000000000002,0.06236289424848268,-0.4405610664517994,0.0,-2.033354101068081,1.0119464534102558,-0.0002653506904667142,-0.0003612575051102345,-1.146922310554951,0.17565226765785505,-0.028729957102904023,-456.1465335769717,880.9078571404943,-425.5863501726119,-0.8250266090889764
3.8000000000000003,0.0634548118762818,-1.1397581279202598,0.0,-2.0324124944744897,1.012293130802181,-0.00026113554881595504,-0.000365103106759589,-1.146922310554951,0.17565226765785505,-0.028729957102904023,-456.1465335769717,880.9078571404943,-425.5863501726119,-0.8250266090889764
3.8200000000000003,0.06540906411612468,5.576438566117819,0.0,-2.0276877756798,1.0163019835504472,-0.00025114092843651404,-0.0003381208017013386,-1.146922310554951,0.17565226765785505,-0.028729957102904023,-456.1465335769717,880.9078571404943,-425.5863501726119,-0.8250266090889764
3.84,0.06648031237607545,0.6421266211386278,0.0,-2.0310460721406565,1.014784401404434,-0.00025941351344937346,-0.0003469404497509108,-1.146922310554951,0.17565226765785505,-0.028729957102904023,-456.1465335769717,880.9078571404943,-425.5863501726119,-0.8250266090889764
3.86,0.06615483851340154,-1.295004256513499,0.0,-2.031152906046801,1.0146820356996924,-0.0002585456903438264,-0.00034736547839247633,-1.146922310554951,0.17565226765785505,-0.028729957102904023,-456.1465335769717,880.9078571404943,-425.5863501726119,-0.8250266090889764
3.88,0.06643773305626066,2.483681578692574,0.0,-2.0292057218267763,1.0158503532347873,-0.00025794679243393504,-0.0003549480059629936,-1.146922310554951,0.17565226765785505,-0.028729957102904023,-456.1465335769717,880.9078571404943,-425.5863501726119,-0.8250266090889764
3.9,0.06679287686181856,2.500467942340285,0.0,-2.029637003861123,1.0155020083520983,-0.0002596558498301528,-0.0003559969194664924,-1.146922310554951,0.17565226765785505,-0.028729957102904023,-456.1465335769717,880.9078571404943,-425.5863501726119,-0.8250266090889764
3.92,0.06611387763185309,2.218865844217916,0.0,-2.0308317365911646,1.0140618224847777,-0.0002559305783160618,-0.0003625988904398451,-1.146922310554951,0.17565226765785505,-0.028729957102904023,-456.1465335769717,880.9078571404943,-425.5863501726119,-0.8250266090889764
3.94,0.06447373337063574,-1.6262298239323503,0.0,-2.032830475216461,1.0115619775197553,-0.0002475964009758971,-0.0003608090975359648,-1.146922310554951,0.17565226765785505,-0.028729957102904023,-456.1465335769717,880.9078571404943,-425.5863501726119,-0.8250266090889764
3.96,0.06306756078319421,-2.6399749641214614,0.0,-2.032872485824647,1.0114687807968592,-0.0002473850421256057,-0.0003607552472674911,-1.146922310554951,0.17565226765785505,-0.028729957102904023,-456.1465335769717,880.9078571404943,-425.5863501726119,-0.8250266090889764
3.98,0.06330603831049648,1.5207030675488484,0.0,-2.031054046887724,1.0141157029218488,-0.0002332000746663451,-0.000360143617124098,-1.146922310554951,0.17565226765785505,-0.028729957102904023,-456.1465335769717,880.9078571404943,-425.5863501726119,-0.8250266090889764
4.0,0.06427125848888672,-1.894700146599996,0.0,-2.0295826692629935,1.0154991779228506,-0.00022101681493486946,-0.0003506535838239822,-1.146922310554951,0.17565226765785505,-0.028729957102904023,-456.1465335769717,880.9078571404943,-425.5863501726119,-0.8250266090889764
4.0200000000000005,0.06575150179601168,4.460428676656321,0.0,-2.024779514837241,1.0200161527251896,-0.00022714157499372837,-0.0003122399586855079,-1.1749201606263224,0.2033961425069478,-0.028475981880625306,-428.9829161384221,820.5659383655769,-392.3124514309177,-0.7294292037633378
4.04,0.0668974528639654,5.703003555527185,0.0,-2.0227445332621996,1.0203759118301927,-0.00021793446047114256,-0.00031122808151135277,-1.1749201606263224,0.2033961425069478,-0.028475981880625306,-428.9829161384221,820.5659383655769,-392.3124514309177,-0.7294292037633378
4.0600000000000005,0.06549709217916992,1.2791723124716192,0.0,-2.023951589948694,1.0192317538845217,-0.00020595006443098273,-0.0003194636277639056,-1.1749201606263224,0.2033961425069478,-0.028475981880625306,-428.9829161384221,820.5659383655769,-392.3124514309177,-0.7294292037633378
4.08,0.062470666031589094,-0.9286704878777576,0.0,-2.0242533714764877,1.0185039593188125,-0.00019628901903586155,-0.0003149130797087249,-1.1749201606263224,0.2033961425069478,-0.028475981880625306,-428.9829161384221,820.5659383655769,-392.3124514309177,-0.7294292037633378
4.1,0.059736280678050285,-0.5052480726466677,0.0,-2.0242228794186885,1.018720583279101,-0.00019651418631304521,-0.0003162106032830224,-1.1749201606263224,0.2033961425069478,-0.028475981880625306,-428.9829161384221,820.5659383655769,-392.3124514309177,-0.7294292037633378
4.12,0.057798118527015975,4.504494910347685,0.0,-2.024174141704524,1.0195826572480196,-0.00019387263682412486,-0.00031548518127820643,-1.1749201606263224,0.2033961425069478,-0.028475981880625306,-428.9829161384221,820.5659383655769,-392.3124514309177,-0.7294292037633378
4.14,0.05505597502824853,-1.5705029107347386,0.0,-2.0246213255373906,1.0151202217939934,-0.00020514747630393678,-0.00033124587118878266,-1.1749201606263224,0.2033961425069478,-0.028475981880625306,-428.9829161384221,820.5659383655769,-392.3124514309177,-0.7294292037633378
4.16,0.05180392617379268,0.8461366162868589,0.0,-2.0244959499178576,1.0145932105565718,-0.00020216907478702852,-0.0003323304177459672,-1.1749201606263224,0.2033961425069478,-0.028475981880625306,-428.9829161384221,820.5659383655769,-392.3124514309177,-0.7294292037633378
4.18,0.04909079075537975,-0.7391205485115109,0.0,-2.0245875763476313,1.0125851110759785,-0.00021214178532851356,-0.00032281497606954,-1.1749201606263224,0.2033961425069478,-0.028475981880625306,-428.9829161384221,820.5659383655769,-392.3124514309177,-0.7294292037633378
4.2,0.046656432949419936,-2.301857953574004,0.0,-2.024396613124301,1.0116057810213799,-0.00021212081917517268,-0.0003262650815535051,-1.1749201606263224,0.2033961425069478,-0.028475981880625306,-428.9829161384221,820.5659383655769,-392.3124514309177,-0.7294292037633378
4.22,0.04540618716531577,4.780085819671986,0.0,-2.024427404073711,1.013180474319605,-0.00020720795108335988,-0.0003247857574495368,-1.1749201606263224,0.2033961425069478,-0.028475981880625306,-428.9829161384221,820.5659383655769,-392.3124514309177,-0.7294292037633378
4.24,0.04371786720556143,-4.487432000570417,0.0,-2.0253732219656624,1.0105719924684806,-0.00023008826236978574,-0.0003370366642489221,-1.1749201606263224,0.2033961425069478,-0.028475981880625306,-428.9829161384221,820.5659383655769,-392.3124514309177,-0.7294292037633378
4.26,0.042220199922987485,-0.6932718853318587,0.0,-2.0262450135390258,1.0139139327939712,-0.00025723869592061326,-0.00032156510067550906,-1.1749201606263224,0.2033961425069478,-0.028475981880625306,-428.9829161384221,820.5659383655769,-392.3124514309177,-0.7294292037633378
4.28,0.04250478248437272,2.53325627559929,0.0,-2.024825129253989,1.014560152287304,-0.00022997442742600524,-0.00033513078254354597,-1.1749201606263224,0.2033961425069478,-0.028475981880625306,-428.9829161384221,820.5659383655769,-392.3124514309177,-0.7294292037633378
4.3,0.04251962649300928,0.7646259150102606,0.0,-2.0244167372319497,1.015233432204747,-0.0002262301718996574,-0.00032533330606288714,-1.1749201606263224,0.2033961425069478,-0.028475981880625306,-428.9829161384221,820.5659383655769,-392.3124514309177,-0.7294292037633378
4.32,0.04183833764293522,1.05245217265132,0.0,-2.0237978010097373,1.0158984992176088,-0.0002332972325501473,-0.00032114780634891535,-1.1749201606263224,0.2033961425069478,-0.028475981880625306,-428.9829161384221,820.5659383655769,-392.3124514309177,-0.7294292037633378
4.34,0.04088977899097299,0.6131215907060283,0.0,-2.0232970352694877,1.0162228373516693,-0.0002341158653707329,-0.0003243277826837232,-1.1749201606263224,0.2033961425069478,-0.028475981880625306,-428.9829161384221,820.5659383655769,-392.3124514309177,-0.7294292037633378
4.36,0.039712264501277746,3.9095570019035626,0.0,-2.023020368139948,1.0169007235542853,-0.0002355881381723605,-0.00032395991313802,-1.1749201606263224,0.2033961425069478,-0.028475981880625306,-428.9829161384221,820.5659383655769,-392.3124514309177,-0.7294292037633378
4.38,0.037462392455367116,-1.0849416993737888,0.0,-2.0233728441734646,1.0157451686765515,-0.0002351274725254875,-0.00032360321023632444,-1.1749201606263224,0.2033961425069478,-0.028475981880625306,-428.9829161384221,820.5659383655769,-392.3124514309177,-0.7294292037633378
4.4,0.03462275470453302,0.1075563293922821,0.0,-2.0233680049733054,1.0157324424313834,-0.00023502196569022285,-0.0003236028001934803,-1.1749201606263224,0.2033961425069478,-0.028475981880625306,-428.9829161384221,820.5659383655769,-392.3124514309177,-0.7294292037633378
4.42,0.03228785916122024,-4.147547701476029,0.0,-2.023253873321388,1.0151359591905404,-0.0002375064235462442,-0.0003196140973794492,-1.1749201606263224,0.2033961425069478,-0.028475981880625306,-428.9829161384221,820.5659383655769,-392.3124514309177,-0.7294292037633378
4.44,0.0313393393479012,0.9956712817463353,0.0,-2.0244669752291315,1.018747461696602,-0.00023421405515936907,-0.00030814565979491164,-1.1749201606263224,0.2033961425069478,-0.028475981880625306,-428.9829161384221,820.5659383655769,-392.3124514309177,-0.7294292037633378
4.46,0.031511299800872604,5.171542956178439,0.0,-2.0239421161269773,1.0194770840548908,-0.0002167852061144688,-0.00030492746995160566,-1.1749201606263224,0.2033961425069478,-0.028475981880625306,-428.9829161384221,820.5659383655769,-392.3124514309177,-0.7294292037633378
4.48,0.030077389130685573,-3.5973314557400036,0.0,-2.0243115476587326,1.0182086340216912,-0.0002154483769172967,-0.00032366112493517634,-1.1749201606263224,0.2033961425069478,-0.028475981880625306,-428.9829161384221,820.5659383655769,-392.3124514309177,-0.7294292037633378
4.5,0.028372833546144553,3.530917846882624,0.0,-2.0249586781941575,1.0198116576172347,-0.0002447177828142325,-0.00032719041557300975,-1.1749201606263224,0.2033961425069478,-0.028475981880625306,-428.9829161384221,820.5659383655769,-392.3124514309177,-0.7294292037633378
4.5200000000000005,0.02686697080443262,-3.695555869708885,0.0,-2.0257796823455965,1.019368674246507,-0.00026632834846232445,-0.0003088386401802468,-1.1839734321209614,0.21246750126078243,-0.02849406913982102,-403.6119130415611,769.8351222470117,-366.9072551441173,-0.6840459386670241
4.54,0.02557910550106964,1.556056513230641,0.0,-2.0268538057470895,1.0216720210655783,-0.0002805091053766732,-0.0002941987632564202,-1.1839734321209614,0.21246750126078243,-0.02849406913982102,-403.6119130415611,769.8351222470117,-366.9072551441173,-0.6840459386670241
4.5600000000000005,0.025079154313632196,-1.7339369953847852,0.0,-2.0270569283495723,1.0215431210583912,-0.0002861694487633754,-0.00029145270782426506,-1.1839734321209614,0.21246750126078243,-0.02849406913982102,-403.6119130415611,769.8351222470117,-366.9072551441173,-0.6840459386670241
4.58,0.024789756035099034,1.7979828328671115,0.0,-2.0272468411290756,1.0227490785399997,-0.0002894367487229737,-0.0002791427733395048,-1.1839734321209614,0.21246750126078243,-0.02849406913982102,-403.6119130415611,769.8351222470117,-366.9072551441173,-0.6840459386670241
4.6000000000000005,0.024638257957948037,-1.521305928323054,0.0,-2.027419585620547,1.0227204187143055,-0.00029134257453944487,-0.00027862458171788035,-1.1839734321209614,0.21246750126078243,-0.02849406913982102,-403.6119130415611,769.8351222470117,-366.9072551441173,-0.6840459386670241
4.62,0.02456146121094643,1.1145637280224356,0.0,-2.0272397531385136,1.0234140690395284,-0.00029656075152733425,-0.0002720072343423127,-1.1839734321209614,0.21246750126078243,-0.02849406913982102,-403.6119130415611,769.8351222470117,-366.9072551441173,-0.6840459386670241
4.64,0.024758940180823925,4.531359225440932,0.0,-2.026990494401842,1.023398568237116,-0.00029448812077153993,-0.0002729045442758841,-1.1839734321209614,0.21246750126078243,-0.02849406913982102,-403.6119130415611,769.8351222470117,-366.9072551441173,-0.6840459386670241
4.66,0.023460109127729382,-3.1608902677944517,0.0,-2.0278852715156694,1.0225825919200051,-0.0002899060900070627,-0.00028485225420420444,-1.1839734321209614,0.21246750126078243,-0.02849406913982102,-403.6119130415611,769.8351222470117,-366.9072551441173,-0.6840459386670241
4.68,0.02190836307885194,3.816078430634901,0.0,-2.028074491797277,1.0229657247975543,-0.0002974998796792524,-0.0002864503658237709,-1.1839734321209614,0.21246750126078243,-0.02849406913982102,-403.6119130415611,769.8351222470117,-366.9072551441173,-0.6840459386670241
4.7,0.02030323044664001,-4.1989776231546125,0.0,-2.0289012131243016,1.0222148613138404,-0.00032617814994455476,-0.0002607776776249621,-1.1839734321209614,0.21246750126078243,-0.02849406913982102,-403.6119130415611,769.8351222470117,-366.9072551441173,-0.6840459386670241
4.72,0.018938534176893722,-2.690544683813078,0.0,-2.029406433899995,1.0230659188326634,-0.00033220746487916684,-0.00025623814759470365,-1.1839734321209614,0.21246750126078243,-0.02849406913982102,-403.6119130415611,769.8351222470117,-366.9072551441173,-0.6840459386670241
4.74,0.019710601833005777,2.4761671356539456,0.0,-2.0288801457883223,1.023519739510045,-0.000309423290400572,-0.0002677267693454091,-1.1839734321209614,0.21246750126078243,-0.02849406913982102,-403.6119130415611,769.8351222470117,-366.9072551441173,-0.6840459386670241
4.76,0.02067000482998039,0.2299067053067816,0.0,-2.0289577731981123,1.0234695147100334,-0.00031098540978277147,-0.00026949526874426883,-1.1839734321209614,0.21246750126078243,-0.02849406913982102,-403.6119130415611,769.8351222470117,-366.9072551441173,-0.6840459386670241
4.78,0.020967780645109943,4.708494862170166,0.0,-2.0286870134224695,1.023514344443623,-0.00031420765229496966,-0.0002656890578282197,-1.1839734321209614,0.21246750126078243,-0.02849406913982102,-403.6119130415611,769.8351222470117,-366.9072551441173,-0.6840459386670241
4.8,0.019952272107647762,-0.6824567504851888,0.0,-2.0305934747802667,1.0244049175016519,-0.0003128641206543818,-0.0002530745589594714,-1.1839734321209614,0.21246750126078243,-0.02849406913982102,-403.6119130415611,769.8351222470117,-366.9072551441173,-0.6840459386670241
4.82,0.01788416217903138,0.04212891803199992,0.0,-2.0301420742727245,1.0235648955645607,-0.0002950882182294367,-0.00025149090409799763,-1.1839734321209614,0.21246750126078243,-0.02849406913982102,-403.6119130415611,769.8351222470117,-366.9072551441173,-0.6840459386670241
4.84,0.01611654131709885,-1.3061395072572433,0.0,-2.029818349109784,1.0227351308300416,-0.0002970303661847486,-0.00023469428465147673,-1.1839734321209614,0.21246750126078243,-0.02849406913982102,-403.6119130415611,769.8351222470117,-366.9072551441173,-0.6840459386670241
4.86,0.014820865237711608,3.284095512199973,0.0,-2.0292547067431532,1.0216636337924783,-0.00029778240837855847,-0.00023727978664186974,-1.1839734321209614,0.21246750126078243,-0.02849406913982102,-403.6119130415611,769.8351222470117,-366.9072551441173,-0.6840459386670241
4.88,0.013039694990553578,-2.815906148225987,0.0,-2.028347228901799,1.018886913023529,-0.0003150237475489768,-0.0002423683868608068,-1.1839734321209614,0.21246750126078243,-0.02849406913982102,-403.6119130415611,769.8351222470117,-366.9072551441173,-0.6840459386670241
4.9,0.011203858243319362,-1.5994346879281425,0.0,-2.0272599224297116,1.0174253626655638,-0.0003038387000844166,-0.0002456462355929921,-1.1839734321209614,0.21246750126078243,-0.02849406913982102,-403.6119130415611,769.8351222470117,-366.9072551441173,-0.6840459386670241
4.92,0.010731705000414628,-2.973012818380781,0.0,-2.027102815221875,1.0170390518666765,-0.0003095863091950483,-0.00024126189796979774,-1.1839734321209614,0.21246750126078243,-0.02849406913982102,-403.6119130415611,769.8351222470117,-366.9072551441173,-0.6840459386670241
4.94,0.011666265359754778,-0.37034211712529164,0.0,-2.02729858747057,1.0179109730484839,-0.0003017537891898328,-0.00023145016862732281,-1.1839734321209614,0.21246750126078243,-0.02849406913982102,-403.6119130415611,769.8351222470117,-366.9072551441173,-0.6840459386670241
4.96,0.013653537720664893,2.965096475632208,0.0,-2.026340225773801,1.017675050224513,-0.00028779437185951564,-0.00022380743234559416,-1.1839734321209614,0.21246750126078243,-0.02849406913982102,-403.6119130415611,769.8351222470117,-366.9072551441173,-0.6840459386670241
4.98,0.014967343539058271,2.9512182985870807,0.0,-2.026661622321974,1.0178335026273329,-0.0002887877494967608,-0.00022639612922446435,-1.1839734321209614,0.21246750126078243,-0.02849406913982102,-403.6119130415611,769.8351222470117,-366.9072551441173,-0.6840459386670241
5.0,0.014643439869708447,0.6364734583805762,0.0,-2.027748545621287,1.0185755675398913,-0.0002768301618512166,-0.00022714201049222924,-1.1839734321209614,0.21246750126078243,-0.02849406913982102,-403.6119130415611,769.8351222470117,-366.9072551441173,-0.6840459386670241
5.0200000000000005,0.013361599604211927,-5.595629336340146,0.0,-2.028113077013462,1.0188133287705614,-0.0002621085572906319,-0.00021543775576004506,-1.2022166026443952,0.23072620363086677,-0.02850960098647163,-488.61380465869644,927.5129100185111,-439.7229849121936,-0.8238795523787062
5.04,0.013616281835707324,2.041122211959161,0.0,-2.028309091751333,1.019306550621896,-0.00026568009954552077,-0.00022518992594842976,-1.2022166026443952,0.23072620363086677,-0.02850960098647163,-488.61380465869644,927.5129100185111,-439.7229849121936,-0.8238795523787062
5.0600000000000005,0.014997808355247246,0.2697674480262813,0.0,-2.0289408793441757,1.0194341655760903,-0.0002799260892339186,-0.00022627123934698695,-1.2022166026443952,0.23072620363086677,-0.02850960098647163,-488.61380465869644,927.5129100185111,-439.7229849121936,-0.8238795523787062
5.08,0.01579748478211684,-2.970841220706169,0.0,-2.0290738071252723,1.019344050725026,-0.00027865243093968704,-0.00023131536167815854,-1.2022166026443952,0.23072620363086677,-0.02850960098647163,-488.61380465869644,927.5129100185111,-439.7229849121936,-0.8238795523787062
5.1000000000000005,0.017487848075547596,3.773255511941442,0.0,-2.0275203825842776,1.0182756255607395,-0.00027977406324834406,-0.0002384751838275075,-1.2022166026443952,0.23072620363086677,-0.02850960098647163,-488.61380465869644,927.5129100185111,-439.7229849121936,-0.8238795523787062
5.12,0.019053813923902208,-5.113816975173448,0.0,-2.0285642114127835,1.0188930398426883,-0.00028723994343530374,-0.000239533059047499,-1.2022166026443952,0.23072620363086677,-0.02850960098647163,-488.61380465869644,927.5129100185111,-439.7229849121936,-0.8238795523787062
5.14,0.021132647807355066,5.537827488999055,0.0,-2.0262523036301308,1.018128649341551,-0.0003182380205241592,-0.00021720009974998756,-1.2022166026443952,0.23072620363086677,-0.02850960098647163,-488.61380465869644,927.5129100185111,-439.7229849121936,-0.8238795523787062
5.16,0.02322095236241886,7.893858466807664,0.0,-2.0267682376359004,1.0185063246837482,-0.00032196147781130235,-0.00021576016273458441,-1.2022166026443952,0.23072620363086677,-0.02850960098647163,-488.61380465869644,927.5129100185111,-439.7229849121936,-0.8238795523787062
5.18,0.02152388151834714,-7.035674067066012,0.0,-2.029707731192711,1.0191917439654685,-0.0002736442611162926,-0.000256934133051381,-1.2022166026443952,0.23072620363086677,-0.02850960098647163,-488.61380465869644,927.5129100185111,-439.7229849121936,-0.8238795523787062
5.2,0.019711676124239404,-0.034273228269798395,0.0,-2.030167827170552,1.0195382350189977,-0.00031170612803012115,-0.0002811868020246117,-1.2022166026443952,0.23072620363086677,-0.02850960098647163,-488.61380465869644,927.5129100185111,-439.7229849121936,-0.8238795523787062
5.22,0.020093904374797196,-4.150087844246207,0.0,-2.0301378726085515,1.0195361523752529,-0.00031076555505481993,-0.00028195993228944224,-1.2022166026443952,0.23072620363086677,-0.02850960098647163,-488.61380465869644,927.5129100185111,-439.7229849121936,-0.8238795523787062
5.24,0.021828154020591285,2.4953589233585403,0.0,-2.030342941099905,1.0224033147506355,-0.0003001123206153436,-0.00023514763462954954,-1.2022166026443952,0.23072620363086677,-0.02850960098647163,-488.61380465869644,927.5129100185111,-439.7229849121936,-0.8238795523787062
5.26,0.024184806170622755,5.547460530503384,0.0,-2.0286216266228543,1.0215416315193813,-0.0002860314498238317,-0.0002318050263762246,-1.2022166026443952,0.23072620363086677,-0.02850960098647163,-488.61380465869644,927.5129100185111,-439.7229849121936,-0.8238795523787062
5.28,0.02433983547289769,-2.6790925533600642,0.0,-2.0300278329426016,1.0221139270420943,-0.00028160482284770216,-0.0002426891753607793,-1.2022166026443952,0.23072620363086677,-0.02850960098647163,-488.61380465869644,927.5129100185111,-439.7229849121936,-0.8238795523787062
5.3,0.023809006921966632,1.6762380901023093,0.0,-2.0290953179402544,1.021631300454997,-0.00030517117108009857,-0.00025327827580070943,-1.2022166026443952,0.23072620363086677,-0.02850960098647163,-488.61380465869644,927.5129100185111,-439.7229849121936,-0.8238795523787062
5.32,0.023722208012352343,0.0013172809682546749,0.0,-2.0289799614462822,1.0215847679454308,-0.0003043604480425857,-0.00025458543711474586,-1.2022166026443952,0.23072620363086677,-0.02850960098647163,-488.61380465869644,927.5129100185111,-439.7229849121936,-0.8238795523787062
5.34,0.02329422267883265,0.03431274775763277,0.0,-2.0289382837587007,1.0219103397674763,-0.0003055112977666867,-0.00025140573173426873,-1.2022166026443952,0.23072620363086677,-0.02850960098647163,-488.61380465869644,927.5129100185111,-439.7229849121936,-0.8238795523787062
5.36,0.023003007048361584,1.5937065136593715,0.0,-2.02870305393106,1.0220165926215625,-0.00030528928811776254,-0.00025281445710994524,-1.2022166026443952,0.23072620363086677,-0.02850960098647163,-488.61380465869644,927.5129100185111,-439.7229849121936,-0.8238795523787062
5.38,0.022380550483982097,1.2182159026851842,0.0,-2.0287879252863235,1.0219140138130762,-0.0003055586275607244,-0.0002531681312828712,-1.2022166026443952,0.23072620363086677,-0.02850960098647163,-488.61380465869644,927.5129100185111,-439.7229849121936,-0.8238795523787062
5.4,0.02107632182724011,1.931083995501355,0.0,-2.0288190869863536,1.0215289050378222,-0.000303156609429037,-0.00025350906257213146,-1.2022166026443952,0.23072620363086677,-0.02850960098647163,-488.61380465869644,927.5129100185111,-439.7229849121936,-0.8238795523787062
5.42,0.01898327645216343,-0.9513248265358709,0.0,-2.0284945798772744,1.020313810792412,-0.0002976126523658192,-0.00024832677708480947,-1.2022166026443952,0.23072620363086677,-0.02850960098647163,-488.61380465869644,927.5129100185111,-439.7229849121936,-0.8238795523787062
5.44,0.016723351799074762,-4.261011300355185,0.0,-2.027615059154947,1.0188938888232004,-0.0002914806963532163,-0.0002453807744829122,-1.2022166026443952,0.23072620363086677,-0.02850960098647163,-488.61380465869644,927.5129100185111,-439.7229849121936,-0.8238795523787062
5.46,0.016095234228565094,3.760038888107979,0.0,-2.028188194408819,1.019893204601868,-0.0002894048618406713,-0.0002478613974010816,-1.2022166026443952,0.23072620363086677,-0.02850960098647163,-488.61380465869644,927.5129100185111,-439.7229849121936,-0.8238795523787062
5.48,0.015715514521114807,0.8271119507126112,0.0,-2.028337744273915,1.018464381342006,-0.0003159622057762168,-0.0002582436496518217,-1.2022166026443952,0.23072620363086677,-0.02850960098647163,-488.61380465869644,927.5129100185111,-439.7229849121936,-0.8238795523787062
5.5,0.014092015862266865,-5.63990027154132,0.0,-2.0274055742555137,1.0165514215127287,-0.0003012899476309767,-0.0002749146903169829,-1.2022166026443952,0.23072620363086677,-0.02850960098647163,-488.61380465869644,927.5129100185111,-439.7229849121936,-0.8238795523787062
5.5200000000000005,0.013966785457670168,2.9480727536670095,0.0,-2.028004127803467,1.0176313637927883,-0.0003089138564635043,-0.00029350953414198966,-1.1946853826030404,0.22322809710300545,-0.028542714499965084,-389.8487802998746,738.6627078573239,-349.46702411507306,-0.6530965576234469
5.54,0.014718010333366094,1.5787303586263794,0.0,-2.028516591987048,1.0175429614995009,-0.0003234024376935024,-0.0002948507573506496,-1.1946853826030404,0.22322809710300545,-0.028542714499965084,-389.8487802998746,738.6627078573239,-349.46702411507306,-0.6530965576234469
5.5600000000000005,0.014236794831172564,0.6232915690206273,0.0,-2.028534594648333,1.016863923670201,-0.000317613412419686,-0.0003094650995263385,-1.1946853826030404,0.22322809710300545,-0.028542714499965084,-389.8487802998746,738.6627078573239,-349.46702411507306,-0.6530965576234469
5.58,0.01320079311031748,-0.8097995787105603,0.0,-2.0289297432622595,1.0169904865315478,-0.00031075992171970265,-0.0003002400709269217,-1.1946853826030404,0.22322809710300545,-0.028542714499965084,-389.8487802998746,738.6627078573239,-349.46702411507306,-0.6530965576234469
5.6000000000000005,0.012302829214834735,-3.90186463290805,0.0,-2.028795545826746,1.0166171392023726,-0.00030932251641309914,-0.0002978346368111194,-1.1946853826030404,0.22322809710300545,-0.028542714499965084,-389.8487802998746,738.6627078573239,-349.46702411507306,-0.6530965576234469
5.62,0.012862245287231995,1.3023097296574004,0.0,-2.0290907886783796,1.0176817604787636,-0.00030466076530720823,-0.00029842368973725616,-1.1946853826030404,0.22322809710300545,-0.028542714499965084,-389.8487802998746,738.6627078573239,-349.46702411507306,-0.6530965576234469
5.64,0.014264128944190834,-2.550326086636254,0.0,-2.028807482827989,1.0176505187331026,-0.0002998240888685048,-0.00029662512682187235,-1.1946853826030404,0.22322809710300545,-0.028542714499965084,-389.8487802998746,738.6627078573239,-349.46702411507306,-0.6530965576234469
5.66,0.016121569434073283,3.6651093627467533,0.0,-2.0268499794781523,1.0173128151810273,-0.000303157746556473,-0.00026938258475478976,-1.1946853826030404,0.22322809710300545,-0.028542714499965084,-389.8487802998746,738.6627078573239,-349.46702411507306,-0.6530965576234469
5.68,0.01775451024094177,5.903849317650393,0.0,-2.0263971170830914,1.0169856625509437,-0.00030118896574123907,-0.00026964477116970083,-1.1946853826030404,0.22322809710300545,-0.028542714499965084,-389.8487802998746,738.6627078573239,-349.46702411507306,-0.6530965576234469
5.7,0.01669800008432058,-1.2495134649690618,0.0,-2.0291157951674883,1.018408684114205,-0.0002780875803502274,-0.0002843667254280765,-1.1946853826030404,0.22322809710300545,-0.028542714499965084,-389.8487802998746,738.6627078573239,-349.46702411507306,-0.6530965576234469
5.72,0.014384291932900042,-0.5699913239118954,0.0,-2.0290412697354796,1.0182994124664928,-0.00026292132095358836,-0.0002752240752079437,-1.1946853826030404,0.22322809710300545,-0.028542714499965084,-389.8487802998746,738.6627078573239,-349.46702411507306,-0.6530965576234469
5.74,0.012694236181634877,-2.9727717553310162,0.0,-2.02864513794841,1.0176178844251738,-0.0002646165041287053,-0.00026135011316096783,-1.1946853826030404,0.22322809710300545,-0.028542714499965084,-389.8487802998746,738.6627078573239,-349.46702411507306,-0.6530965576234469
5.76,0.01212176254361886,-1.7065403646081703,0.0,-2.0292849087842146,1.0186613762448886,-0.0002628411365922499,-0.00025851377108984354,-1.1946853826030404,0.22322809710300545,-0.028542714499965084,-389.8487802998746,738.6627078573239,-349.46702411507306,-0.6530965576234469
5.78,0.012996053927788307,-0.07464394166413113,0.0,-2.0293178459210313,1.0195213067394804,-0.0002502957874260466,-0.000253774680093009,-1.1946853826030404,0.22322809710300545,-0.028542714499965084,-389.8487802998746,738.6627078573239,-349.46702411507306,-0.6530965576234469
5.8,0.014474024337423515,2.9056071432450032,0.0,-2.0285041203121543,1.0196379716268924,-0.00024068632868515612,-0.00024160477408646702,-1.1946853826030404,0.22322809710300545,-0.028542714499965084,-389.8487802998746,738.6627078573239,-349.46702411507306,-0.6530965576234469
5.82,0.015214558699660846,-0.6721568955004327,0.0,-2.028701568524647,1.0197411080494592,-0.00024101111417189377,-0.0002424868215361184,-1.1946853826030404,0.22322809710300545,-0.028542714499965084,-389.8487802998746,738.6627078573239,-349.46702411507306,-0.6530965576234469
5.84,0.015397291842822906,0.3080215951392189,0.0,-2.0278809448195196,1.0192945837208067,-0.00024955838303385245,-0.0002427965018347789,-1.1946853826030404,0.22322809710300545,-0.028542714499965084,-389.8487802998746,738.6627078573239,-349.46702411507306,-0.6530965576234469
5.86,0.015783948685013694,3.8806535551665635,0.0,-2.027062431008756,1.0188064016046117,-0.00024812184449746145,-0.00024811293067587674,-1.1946853826030404,0.22322809710300545,-0.028542714499965084,-389.8487802998746,738.6627078573239,-349.46702411507306,-0.6530965576234469
5.88,0.0150439284761896,-4.404758154206442,0.0,-2.0278923091810053,1.0188083988237044,-0.00024847665153829274,-0.00025184995057845716,-1.1946853826030404,0.22322809710300545,-0.028542714499965084,-389.8487802998746,738.6627078573239,-349.46702411507306,-0.6530965576234469
5.9,0.014552453672167714,-0.5440731550221658,0.0,-2.028502798119311,1.0201094462919882,-0.00027286607585632033,-0.0002554719899919566,-1.1946853826030404,0.22322809710300545,-0.028542714499965084,-389.8487802998746,738.6627078573239,-349.46702411507306,-0.6530965576234469
5.92,0.015601970473819797,2.0254653153054702,0.0,-2.0272121505541265,1.019716216492973,-0.0002519064523039368,-0.00026718750845659833,-1.1946853826030404,0.22322809710300545,-0.028542714499965084,-389.8487802998746,738.6627078573239,-349.46702411507306,-0.6530965576234469
5.94,0.016316343561808385,1.7316720327032709,0.0,-2.0268668821178397,1.0198810976902632,-0.00024907787769567216,-0.0002594307474031097,-1.1946853826030404,0.22322809710300545,-0.028542714499965084,-389.8487802998746,738.6627078573239,-349.46702411507306,-0.6530965576234469
5.96,0.016033766514284217,0.47659758640864447,0.0,-2.0267489710914863,1.019835966700886,-0.0002498409021232901,-0.00025921851870223093,-1.1946853826030404,0.22322809710300545,-0.028542714499965084,-389.8487802998746,738.6627078573239,-349.46702411507306,-0.6530965576234469
5.98,0.015205949424292865,-2.391562092912833,0.0,-2.026662230374993,1.0198233245550734,-0.00025095651198213316,-0.0002602743999794033,-1.1946853826030404,0.22322809710300545,-0.028542714499965084,-389.8487802998746,738.6627078573239,-349.46702411507306,-0.6530965576234469
6.0,0.015034929218452436,3.4551329383922456,0.0,-2.026636327123658,1.0205922066458186,-0.00025370342316915627,-0.00026700310149124133,-1.1946853826030404,0.22322809710300545,-0.028542714499965084,-389.8487802998746,738.6627078573239,-349.46702411507306,-0.6530965576234469
6.0200000000000005,0.01464751333184329,0.6224927741907305,0.0,-2.026757952355133,1.0205350293747193,-0.0002558767177102998,-0.0002672517585051625,-1.1890715091431252,0.21753301281218013,-0.02846150366905492,-443.845154291687,846.9666281735745,-403.8735656920726,-0.7520918101851634
6.04,0.013158734345794027,1.152786102858176,0.0,-2.0268315784289572,1.020699388295684,-0.000257469248338478,-0.0002662648819589316,-1.1890715091431252,0.21753301281218013,-0.02846150366905492,-443.845154291687,846.9666281735745,-403.8735656920726,-0.7520918101851634
6.0600000000000005,0.011233295274443708,-3.0751393407316,0.0,-2.026710109821004,1.020460672174954,-0.00025620078678554735,-0.0002626707835304399,-1.1890715091431252,0.21753301281218013,-0.02846150366905492,-443.845154291687,846.9666281735745,-403.8735656920726,-0.7520918101851634
6.08,0.009941750843902265,2.168408214712979,0.0,-2.028241441184088,1.0225206831227143,-0.00026110792737494583,-0.00026460755744500957,-1.1890715091431252,0.21753301281218013,-0.02846150366905492,-443.845154291687,846.9666281735745,-403.8735656920726,-0.7520918101851634
6.1000000000000005,0.008978541094395163,0.6477848004413174,0.0,-2.0281072922863923,1.022208999967792,-0.00026430376304757306,-0.00026434942266782504,-1.1890715091431252,0.21753301281218013,-0.02846150366905492,-443.845154291687,846.9666281735745,-403.8735656920726,-0.7520918101851634
6.12,0.007247427713893529,-2.0677052363055,0.0,-2.0278005063170577,1.0217696802502343,-0.00026283215868392966,-0.00026660926078301536,-1.1890715091431252,0.21753301281218013,-0.02846150366905492,-443.845154291687,846.9666281735745,-403.8735656920726,-0.7520918101851634
6.140000000000001,0.005977912358997648,0.36104655448854484,0.0,-2.028505272407302,1.022608147787712,-0.0002653114259719244,-0.0002713336877352933,-1.1890715091431252,0.21753301281218013,-0.02846150366905492,-443.845154291687,846.9666281735745,-403.8735656920726,-0.7520918101851634
6.16,0.005245937790172184,-0.5522060334038796,0.0,-2.0286626686407536,1.022856359010299,-0.00026369340298764094,-0.00027137988910642307,-1.1890715091431252,0.21753301281218013,-0.02846150366905492,-443.845154291687,846.9666281735745,-403.8735656920726,-0.7520918101851634
6.18,0.004603095258266193,4.1436219449475775,0.0,-2.0291756661533014,1.0236072451038203,-0.00026368652064966505,-0.000267432007397158,-1.1890715091431252,0.21753301281218013,-0.02846150366905492,-443.845154291687,846.9666281735745,-403.8735656920726,-0.7520918101851634
6.2,0.002937654771798365,-9.208576502492747,0.0,-2.0286765442814,1.0227470123829194,-0.0002666908786224625,-0.0002668427275458582,-1.1890715091431252,0.21753301281218013,-0.02846150366905492,-443.845154291687,846.9666281735745,-403.8735656920726,-0.7520918101851634
6.22,0.0027739860576123138,1.4727899047162687,0.0,-2.0345329081101,1.0284870254442848,-0.0003179776683700422,-0.00026860656664401097,-1.1890715091431252,0.21753301281218013,-0.02846150366905492,-443.845154291687,846.9666281735745,-403.8735656920726,-0.7520918101851634
6.24,0.004893167151776129,0.9266195109384325,0.0,-2.0327960501372466,1.0274351118609866,-0.00026927683654748237,-0.0002795395361433896,-1.1890715091431252,0.21753301281218013,-0.02846150366905492,-443.845154291687,846.9666281735745,-403.8735656920726,-0.7520918101851634
6.26,0.006340645066213875,3.770802836523505,0.0,-2.0320788726335692,1.0280335495953397,-0.0002672700994605807,-0.000230005264595662,-1.1890715091431252,0.21753301281218013,-0.02846150366905492,-443.845154291687,846.9666281735745,-403.8735656920726,-0.7520918101851634
6.28,0.006452648485413324,0.4449200045077326,0.0,-2.0312908335353703,1.027260717719811,-0.00026881573887450834,-0.00023208981107309271,-1.1890715091431252,0.21753301281218013,-0.02846150366905492,-443.845154291687,846.9666281735745,-403.8735656920726,-0.7520918101851634
6.3,0.00537094260483966,0.4117461719737773,0.0,-2.0310489754878893,1.0269838967164913,-0.0002791262957515247,-0.00023581592913466073,-1.1890715091431252,0.21753301281218013,-0.02846150366905492,-443.845154291687,846.9666281735745,-403.8735656920726,-0.7520918101851634
6.32,0.004072320941739674,2.3317390079176814,0.0,-2.0311318308963466,1.0270537575391687,-0.0002809122785806552,-0.00024134157299498442,-1.1890715091431252,0.21753301281218013,-0.02846150366905492,-443.845154291687,846.9666281735745,-403.8735656920726,-0.7520918101851634
6.34,0.001996047779695891,-5.196587610558138,0.0,-2.030335802310377,1.026110612892894,-0.00027957681760797093,-0.00024036575800211643,-1.1890715091431252,0.21753301281218013,-0.02846150366905492,-443.845154291687,846.9666281735745,-403.8735656920726,-0.7520918101851634
6.36,0.0007713241912571092,0.11045334200901102,0.0,-2.0337191258396676,1.0294994460577618,-0.00029512828025133746,-0.00024484339015976047,-1.1890715091431252,0.21753301281218013,-0.02846150366905492,-443.845154291687,846.9666281735745,-403.8735656920726,-0.7520918101851634
6.38,0.001040882948091111,1.732591722050194,0.0,-2.0341562979749965,1.0301888290130528,-0.0002797053115506662,-0.00024813445606462184,-1.1890715091431252,0.21753301281218013,-0.02846150366905492,-443.845154291687,846.9666281735745,-403.8735656920726,-0.7520918101851634
6.4,0.0007773085750085365,-1.7677943847002873,0.0,-2.034278231552731,1.0303901371895992,-0.0002791868407639535,-0.00024524798649233696,-1.1890715091431252,0.21753301281218013,-0.02846150366905492,-443.845154291687,846.9666281735745,-403.8735656920726,-0.7520918101851634
6.42,0.0005289556024121705,2.9827780035298646,0.0,-2.034648421334799,1.0306569967564603,-0.00028728231943182466,-0.0002471070187271205,-1.1890715091431252,0.21753301281218013,-0.02846150366905492,-443.845154291687,846.9666281735745,-403.8735656920726,-0.7520918101851634
6.44,-7.184655325820738e-05,0.5524215857057055,0.0,-2.034718275362795,1.0307177107942487,-0.00028929769651685585,-0.0002455343836227715,-1.1890715091431252,0.21753301281218013,-0.02846150366905492,-443.845154291687,846.9666281735745,-403.8735656920726,-0.7520918101851634
6.46,-0.0017083399396218195,-2.7530375401324085,0.0,-2.0343287193762727,1.0303430063571153,-0.0002856984465573616,-0.0002468138270344464,-1.1890715091431252,0.21753301281218013,-0.02846150366905492,-443.845154291687,846.9666281735745,-403.8735656920726,-0.7520918101851634
6.48,-0.0027112100253028682,-3.349779283193226,0.0,-2.0352111447237253,1.031010986454162,-0.0002890628219741284,-0.0002544395775841988,-1.1890715091431252,0.21753301281218013,-0.02846150366905492,-443.845154291687,846.9666281735745,-403.8735656920726,-0.7520918101851634
6.5,-0.001944090932623552,6.486557737430899,0.0,-2.036827275189606,1.0327684119551046,-0.0002717628699669535,-0.00025440690313492334,-1.1890715091431252,0.21753301281218013,-0.02846150366905492,-443.845154291687,846.9666281735745,-403.8735656920726,-0.7520918101851634
6.5200000000000005,-0.002107823304352526,-0.8961922558912043,0.0,-2.0373665652314124,1.0327417242083037,-0.0002957018030969927,-0.000273027100485448,-1.18945095066865,0.21757604797234825,-0.028125097303698245,-421.2273795730851,807.3820356259639,-386.84644548042195,-0.6917894275427161
6.54,-0.0039219404826767576,-1.1866993668303663,0.0,-2.0367787655423744,1.0322943350887248,-0.0002849788343520656,-0.0002760176162635059,-1.18945095066865,0.21757604797234825,-0.028125097303698245,-421.2273795730851,807.3820356259639,-386.84644548042195,-0.6917894275427161
6.5600000000000005,-0.005150901401380659,-1.499935700587187,0.0,-2.0364987967293353,1.0322488459103687,-0.0002843292303875873,-0.00026763818439319386,-1.18945095066865,0.21757604797234825,-0.028125097303698245,-421.2273795730851,807.3820356259639,-386.84644548042195,-0.6917894275427161
6.58,-0.005625681224070789,-0.7667931926699976,0.0,-2.036351454704139,1.032104286133811,-0.00028472280653633685,-0.0002679448516091262,-1.18945095066865,0.21757604797234825,-0.028125097303698245,-421.2273795730851,807.3820356259639,-386.84644548042195,-0.6917894275427161
6.6000000000000005,-0.005472244736778515,1.545104640194006,0.0,-2.036345289364604,1.0320984719760413,-0.0002847629671255952,-0.0002679756696250357,-1.18945095066865,0.21757604797234825,-0.028125097303698245,-421.2273795730851,807.3820356259639,-386.84644548042195,-0.6917894275427161
6.62,-0.005581307361625954,-1.5486619405720794,0.0,-2.0360695122604597,1.0319148851425899,-0.00028774330159882916,-0.00027222289228184555,-1.18945095066865,0.21757604797234825,-0.028125097303698245,-421.2273795730851,807.3820356259639,-386.84644548042195,-0.6917894275427161
6.640000000000001,-0.005724602553297163,-1.880115436792797,0.0,-2.0360794151908412,1.0319188929400427,-0.00028784425885807695,-0.00027220670334538697,-1.18945095066865,0.21757604797234825,-0.028125097303698245,-421.2273795730851,807.3820356259639,-386.84644548042195,-0.6917894275427161
6.66,-0.0049000222200991555,2.553946253777065,0.0,-2.036069063266239,1.031709993367612,-0.00028501019915354704,-0.0002750539157064548,-1.18945095066865,0.21757604797234825,-0.028125097303698245,-421.2273795730851,807.3820356259639,-386.84644548042195,-0.6917894275427161
6.68,-0.004303731952507457,-0.626682881631575,0.0,-2.0364044752630193,1.032067753157497,-0.00029079797085421107,-0.00027943658447062726,-1.18945095066865,0.21757604797234825,-0.028125097303698245,-421.2273795730851,807.3820356259639,-386.84644548042195,-0.6917894275427161
6.7,-0.004299008951633763,-2.0812083738519638,0.0,-2.036402757792417,1.032082830600251,-0.0002903059399925568,-0.00027966140732344776,-1.18945095066865,0.21757604797234825,-0.028125097303698245,-421.2273795730851,807.3820356259639,-386.84644548042195,-0.6917894275427161
6.72,-0.0035284926918391323,-0.622336710407736,0.0,-2.036078984336992,1.031439175197742,-0.00029001553083461684,-0.0002863050494831529,-1.18945095066865,0.21757604797234825,-0.028125097303698245,-421.2273795730851,807.3820356259639,-386.84644548042195,-0.6917894275427161
6.74,-0.0019885842654245867,4.662012980330824,0.0,-2.035465754939555,1.0308068480260515,-0.00028241602302773197,-0.00028327348064034736,-1.18945095066865,0.21757604797234825,-0.028125097303698245,-421.2273795730851,807.3820356259639,-386.84644548042195,-0.6917894275427161
6.76,-0.0016442087409969434,0.04134394330037949,0.0,-2.036888335286132,1.0321936121417485,-0.0002871167828791035,-0.0002917211223297854,-1.18945095066865,0.21757604797234825,-0.028125097303698245,-421.2273795730851,807.3820356259639,-386.84644548042195,-0.6917894275427161
6.78,-0.0026875396729545867,2.311031984524296,0.0,-2.03687620684356,1.0324362988814013,-0.00027633916918914854,-0.00029076068182575,-1.18945095066865,0.21757604797234825,-0.028125097303698245,-421.2273795730851,807.3820356259639,-386.84644548042195,-0.6917894275427161
6.8,-0.004436714279994262,-5.3276740582013,0.0,-2.0363702075671237,1.0329072703421722,-0.0002690437961682444,-0.00025946383048319527,-1.18945095066865,0.21757604797234825,-0.028125097303698245,-421.2273795730851,807.3820356259639,-386.84644548042195,-0.6917894275427161
6.82,-0.005330560144536858,-2.1604158600279098,0.0,-2.037574513530773,1.033942561240785,-0.0002742001750840653,-0.00026061105191013266,-1.18945095066865,0.21757604797234825,-0.028125097303698245,-421.2273795730851,807.3820356259639,-386.84644548042195,-0.6917894275427161
6.84,-0.004065338867443246,2.363084824346548,0.0,-2.037936728046005,1.0342806348966291,-0.0002609971719001803,-0.00026365809991524443,-1.18945095066865,0.21757604797234825,-0.028125097303698245,-421.2273795730851,807.3820356259639,-386.84644548042195,-0.6917894275427161
6.86,-0.0028851614376824626,2.972420765714425,0.0,-2.0380112120372753,1.0342069963405618,-0.00026625681285429064,-0.00027221008422260187,-1.18945095066865,0.21757604797234825,-0.028125097303698245,-421.2273795730851,807.3820356259639,-386.84644548042195,-0.6917894275427161
6.88,-0.003285643547070228,-1.1970824102066366,0.0,-2.0388964999961745,1.0354011209195289,-0.0002560065089935199,-0.00027928778086025056,-1.18945095066865,0.21757604797234825,-0.028125097303698245,-421.2273795730851,807.3820356259639,-386.84644548042195,-0.6917894275427161
6.9,-0.004226773623975155,-1.0765770170749107,0.0,-2.0387942083943296,1.0356289657843676,-0.0002486973707749338,-0.0002735517904937349,-1.18945095066865,0.21757604797234825,-0.028125097303698245,-421.2273795730851,807.3820356259639,-386.84644548042195,-0.6917894275427161
6.92,-0.0045288116831055545,2.677355485341626,0.0,-2.03856401007965,1.0355492128865043,-0.0002496211984844083,-0.0002694881728510981,-1.18945095066865,0.21757604797234825,-0.028125097303698245,-421.2273795730851,807.3820356259639,-386.84644548042195,-0.6917894275427161
6.94,-0.0053282327148191835,-5.183342102410721,0.0,-2.0370799501498014,1.0341604580965862,-0.000258140878904061,-0.0002779020720592141,-1.18945095066865,0.21757604797234825,-0.028125097303698245,-421.2273795730851,807.3820356259639,-386.84644548042195,-0.6917894275427161
6.96,-0.005427498346392264,-2.4918605832482648,0.0,-2.038244966040311,1.0350508074987,-0.0002658422117147359,-0.0002769374662237403,-1.18945095066865,0.21757604797234825,-0.028125097303698245,-421.2273795730851,807.3820356259639,-386.84644548042195,-0.6917894275427161
6.98,-0.00331351894769331,1.1959371849064198,0.0,-2.0376448120127315,1.0342768064709933,-0.0002445007519843189,-0.0002838519331290308,-1.18945095066865,0.21757604797234825,-0.028125097303698245,-421.2273795730851,807.3820356259639,-386.84644548042195,-0.6917894275427161
7.0,-0.0008409911961219903,1.9314695659378622,0.0,-2.0367719656848022,1.033632103922494,-0.00023530385687541995,-0.00027057063625493256,-1.18945095066865,0.21757604797234825,-0.028125097303698245,-421.2273795730851,807.3820356259639,-386.84644548042195,-0.6917894275427161
7.0200000000000005,0.0007104020280981401,2.3104230296126413,0.0,-2.0360099564868333,1.0328429328736015,-0.00023611085115850624,-0.0002681354972207965,-1.1781573739900548,0.20627971530494899,-0.028122341314894068,-473.96174161975546,910.6791225630775,-437.49763576103334,-0.7802548177113233
7.04,0.0010241021696880516,1.8564701719194237,0.0,-2.0367029035405158,1.033639159788555,-0.00023360961807269846,-0.000266365882253349,-1.1781573739900548,0.20627971530494899,-0.028122341314894068,-473.96174161975546,910.6791225630775,-437.49763576103334,-0.7802548177113233
7.0600000000000005,0.00012405465383914777,-1.6735647770420174,0.0,-2.0374760237201395,1.034713120359434,-0.0002240901332179043,-0.00025857511121416536,-1.1781573739900548,0.20627971530494899,-0.028122341314894068,-473.96174161975546,910.6791225630775,-437.49763576103334,-0.7802548177113233
7.08,-0.0008287702328143404,1.6511494412511212,0.0,-2.037258633483114,1.0345973359017488,-0.00022095408434437918,-0.00025532942666165706,-1.1781573739900548,0.20627971530494899,-0.028122341314894068,-473.96174161975546,910.6791225630775,-437.49763576103334,-0.7802548177113233
7.1000000000000005,-0.0017802686785174137,-5.702036873527739,0.0,-2.0362348011395817,1.0336073703026747,-0.0002285665491815977,-0.00024746528077530154,-1.1781573739900548,0.20627971530494899,-0.028122341314894068,-473.96174161975546,910.6791225630775,-437.49763576103334,-0.7802548177113233
7.12,-0.0015567716769670952,5.031120737226792,0.0,-2.0376673958540286,1.0350228763846117,-0.00023326329748665775,-0.00024383501448093915,-1.1781573739900548,0.20627971530494899,-0.028122341314894068,-473.96174161975546,910.6791225630775,-437.49763576103334,-0.7802548177113233
7.140000000000001,-0.0011466466187836928,-5.165484775037676,0.0,-2.039319244521127,1.0363151629808525,-0.00027319170126537064,-0.00024049017584144958,-1.1781573739900548,0.20627971530494899,-0.028122341314894068,-473.96174161975546,910.6791225630775,-437.49763576103334,-0.7802548177113233
7.16,-0.000704421965296595,3.3854731283482984,0.0,-2.0401944795827265,1.037212329667509,-0.0002847497628547071,-0.00022870390592065994,-1.1781573739900548,0.20627971530494899,-0.028122341314894068,-473.96174161975546,910.6791225630775,-437.49763576103334,-0.7802548177113233
7.18,0.0002546030613917409,-3.8734604711416605,0.0,-2.0423000225902093,1.0394535949217432,-0.00030204671432658756,-0.00021454838096394567,-1.1781573739900548,0.20627971530494899,-0.028122341314894068,-473.96174161975546,910.6791225630775,-437.49763576103334,-0.7802548177113233
7.2,0.0013581378454434582,2.341313635561038,0.0,-2.0424270190868223,1.0397087171093269,-0.00030924894175410404,-0.00020232909963467178,-1.1781573739900548,0.20627971530494899,-0.028122341314894068,-473.96174161975546,910.6791225630775,-437.49763576103334,-0.7802548177113233
7.22,0.0029189261695387802,0.4167480758841626,0.0,-2.0430442988436597,1.0403241062358142,-0.0003124148971226686,-0.0002002731302789118,-1.1781573739900548,0.20627971530494899,-0.028122341314894068,-473.96174161975546,910.6791225630775,-437.49763576103334,-0.7802548177113233
7.24,0.003690502524499148,1.3298817850037352,0.0,-2.0431799177718752,1.0404305360462967,-0.0003117927229378974,-0.0002016340941888497,-1.1781573739900548,0.20627971530494899,-0.028122341314894068,-473.96174161975546,910.6791225630775,-437.49763576103334,-0.7802548177113233
7.26,0.003973928961805082,0.8817553683553205,0.0,-2.0439728901652474,1.0412576570908012,-0.0003104368888844288,-0.0001979907290152136,-1.1781573739900548,0.20627971530494899,-0.028122341314894068,-473.96174161975546,910.6791225630775,-437.49763576103334,-0.7802548177113233
7.28,0.0036348270369356934,-2.3000000432239016,0.0,-2.044424654854276,1.0416500335246006,-0.0003067709705692517,-0.0001963535006925833,-1.1781573739900548,0.20627971530494899,-0.028122341314894068,-473.96174161975546,910.6791225630775,-437.49763576103334,-0.7802548177113233
7.3,0.003734008954099667,-0.1998964257316902,0.0,-2.0444167900417614,1.041655047811968,-0.0003077538437467192,-0.00019750313657716028,-1.1781573739900548,0.20627971530494899,-0.028122341314894068,-473.96174161975546,910.6791225630775,-437.49763576103334,-0.7802548177113233
7.32,0.0045888463477503335,1.0329657815777566,0.0,-2.044367372187185,1.041633728006631,-0.0003070506376430802,-0.00019755563285948693,-1.1781573739900548,0.20627971530494899,-0.028122341314894068,-473.96174161975546,910.6791225630775,-437.49763576103334,-0.7802548177113233
7.34,0.005228734826840208,-3.201142684694301,0.0,-2.044581493850033,1.0417184328971663,-0.0003079459450646463,-0.00019991095869733165,-1.1781573739900548,0.20627971530494899,-0.028122341314894068,-473.96174161975546,910.6791225630775,-437.49763576103334,-0.7802548177113233
7.36,0.006536579048041162,1.086228803587482,0.0,-2.043284249030534,1.0407042228260832,-0.0003120951741822535,-0.000199629037685215,-1.1781573739900548,0.20627971530494899,-0.028122341314894068,-473.96174161975546,910.6791225630775,-437.49763576103334,-0.7802548177113233
7.38,0.008505047915859952,-1.0395855023905551,0.0,-2.0414933316530948,1.0392820260787818,-0.0003028216495327047,-0.00019973204516929391,-1.1781573739900548,0.20627971530494899,-0.028122341314894068,-473.96174161975546,910.6791225630775,-437.49763576103334,-0.7802548177113233
7.4,0.010513603568748423,4.367966865668455,0.0,-2.0381489371315937,1.0368867470735468,-0.00030341892662281403,-0.0001831528936308907,-1.1781573739900548,0.20627971530494899,-0.028122341314894068,-473.96174161975546,910.6791225630775,-437.49763576103334,-0.7802548177113233
7.42,0.011614000966317341,6.730964782909026,0.0,-2.038057308347763,1.0368086641265735,-0.00030330065077907305,-0.00018320345704658954,-1.1781573739900548,0.20627971530494899,-0.028122341314894068,-473.96174161975546,910.6791225630775,-437.49763576103334,-0.7802548177113233
7.44,0.009537856399906335,-2.8066084954648476,0.0,-2.0416941914687543,1.0395544505643404,-0.00027062231934083013,-0.0001846324173978027,-1.1781573739900548,0.20627971530494899,-0.028122341314894068,-473.96174161975546,910.6791225630775,-437.49763576103334,-0.7802548177113233
7.46,0.006372879322869132,-5.722013227881902,0.0,-2.0408968333253235,1.038880486486979,-0.00025361641680419225,-0.00017282482305305808,-1.1781573739900548,0.20627971530494899,-0.028122341314894068,-473.96174161975546,910.6791225630775,-437.49763576103334,-0.7802548177113233
7.48,0.005745613345849278,-0.9956811661767739,0.0,-2.0428899648086225,1.0411052304713708,-0.00024870353996005596,-0.00019166245736072356,-1.1781573739900548,0.20627971530494899,-0.028122341314894068,-473.96174161975546,910.6791225630775,-437.49763576103334,-0.7802548177113233
7.5,0.007121811230436131,5.19922769485888,0.0,-2.0435552439303097,1.0424062653853363,-0.00023585925690482222,-0.0001836499891498103,-1.1781573739900548,0.20627971530494899,-0.028122341314894068,-473.96174161975546,910.6791225630775,-437.49763576103334,-0.7802548177113233
7.5200000000000005,0.007312104531422807,-2.4711877599012704,0.0,-2.04428913154788,1.0420811397043013,-0.000244989519450686,-0.00020578400972681054,-1.1903685096219325,0.21824154212992872,-0.027873032507996116,-540.4223871298441,1041.1173445701977,-501.56776965573437,-0.8728122153804913
7.54,0.006749767128623796,-3.9263492919371155,0.0,-2.0441891095473097,1.0420569291414616,-0.00025379608387111907,-0.00020576786502564127,-1.1903685096219325,0.21824154212992872,-0.027873032507996116,-540.4223871298441,1041.1173445701977,-501.56776965573437,-0.8728122153804913
7.5600000000000005,0.008103471500057097,1.44926333113471,0.0,-2.042436374664167,1.040649599704491,-0.00024430263573592306,-0.00022958187418036644,-1.1903685096219325,0.21824154212992872,-0.027873032507996116,-540.4223871298441,1041.1173445701977,-501.56776965573437,-0.8728122153804913
7.58,0.010233751382747607,1.4348627653435675,0.0,-2.0408959357107657,1.0399975611194034,-0.00022891537983104078,-0.00021885813843025708,-1.1903685096219325,0.21824154212992872,-0.027873032507996116,-540.4223871298441,1041.1173445701977,-501.56776965573437,-0.8728122153804913
7.6000000000000005,0.01158417614787855,1.1153211486793944,0.0,-2.0385907090312547,1.0384506845283714,-0.00023021993527092623,-0.00020641650331783504,-1.1903685096219325,0.21824154212992872,-0.027873032507996116,-540.4223871298441,1041.1173445701977,-501.56776965573437,-0.8728122153804913
7.62,0.01226107807120647,5.253055236246723,0.0,-2.035603806543087,1.0359195307578646,-0.00023531988022287284,-0.00021147822024677681,-1.1903685096219325,0.21824154212992872,-0.027873032507996116,-540.4223871298441,1041.1173445701977,-501.56776965573437,-0.8728122153804913
7.640000000000001,0.011150727810211201,-0.7683895150446922,0.0,-2.0368337549496576,1.036795726529339,-0.00023287386117723147,-0.00020864789377908312,-1.1903685096219325,0.21824154212992872,-0.027873032507996116,-540.4223871298441,1041.1173445701977,-501.56776965573437,-0.8728122153804913
7.66,0.008797676930720635,-5.430351793405023,0.0,-2.0368342589815125,1.0367964248541963,-0.0002328854154314098,-0.00020865179462505824,-1.1903685096219325,0.21824154212992872,-0.027873032507996116,-540.4223871298441,1041.1173445701977,-501.56776965573437,-0.8728122153804913
7.68,0.008315369364488224,1.2451980019291176,0.0,-2.0388702776170686,1.0393719329140199,-0.00023374845443965218,-0.00023232979051924593,-1.1903685096219325,0.21824154212992872,-0.027873032507996116,-540.4223871298441,1041.1173445701977,-501.56776965573437,-0.8728122153804913
7.7,0.009111135804178369,-0.674005441900507,0.0,-2.0390264936002613,1.0399944800141019,-0.0002251677788964444,-0.00022931814245777998,-1.1903685096219325,0.21824154212992872,-0.027873032507996116,-540.4223871298441,1041.1173445701977,-501.56776965573437,-0.8728122153804913
7.72,0.009797223725225374,0.06078705197207235,0.0,-2.039081062398708,1.0410450105315083,-0.0002254232171373985,-0.00021114013655463364,-1.1903685096219325,0.21824154212992872,-0.027873032507996116,-540.4223871298441,1041.1173445701977,-501.56776965573437,-0.8728122153804913
7.74,0.010724792030001713,-0.21551948364157603,0.0,-2.0368517821498964,1.0394815145373348,-0.0002223695829754192,-0.00021436516950481264,-1.1903685096219325,0.21824154212992872,-0.027873032507996116,-540.4223871298441,1041.1173445701977,-501.56776965573437,-0.8728122153804913
7.76,0.011765446557406689,9.351545330242491,0.0,-2.0343979462231685,1.0380807621805266,-0.00022053115534935647,-0.00020994100983911707,-1.1903685096219325,0.21824154212992872,-0.027873032507996116,-540.4223871298441,1041.1173445701977,-501.56776965573437,-0.8728122153804913
7.78,0.010205298606741645,-3.878254084857936,0.0,-2.038095225373058,1.0404913260018067,-0.0002238560361109307,-0.00021157103375869207,-1.1903685096219325,0.21824154212992872,-0.027873032507996116,-540.4223871298441,1041.1173445701977,-501.56776965573437,-0.8728122153804913
7.8,0.007107000655306983,-0.007945882704779805,0.0,-2.038901486066185,1.041346083043911,-0.00023687127866848728,-0.0002135290128000316,-1.1903685096219325,0.21824154212992872,-0.027873032507996116,-540.4223871298441,1041.1173445701977,-501.56776965573437,-0.8728122153804913
7.82,0.005191596990915055,0.19976747193632494,0.0,-2.0383039660703375,1.0406565516564827,-0.00024030009722827373,-0.00020080091711724874,-1.1903685096219325,0.21824154212992872,-0.027873032507996116,-540.4223871298441,1041.1173445701977,-501.56776965573437,-0.8728122153804913
7.84,0.003252830836974207,-4.066656438513773,0.0,-2.0347065023009305,1.0362299896972695,-0.00024243421114757835,-0.00021293668881726337,-1.1903685096219325,0.21824154212992872,-0.027873032507996116,-540.4223871298441,1041.1173445701977,-501.56776965573437,-0.8728122153804913
7.86,0.002466985250884083,1.2903754763306283,0.0,-2.0356760657033037,1.037330562972249,-0.00024281202586092808,-0.00021285523371831848,-1.1903685096219325,0.21824154212992872,-0.027873032507996116,-540.4223871298441,1041.1173445701977,-501.56776965573437,-0.8728122153804913
7.88,0.0025097257976858895,0.561052967447988,0.0,-2.0351516630271065,1.0364956347114729,-0.0002508042054232724,-0.00021433447270889085,-1.1903685096219325,0.21824154212992872,-0.027873032507996116,-540.4223871298441,1041.1173445701977,-501.56776965573437,-0.8728122153804913
7.9,0.0020261629469100553,-0.8793071686270013,0.0,-2.034515473676873,1.0355993277911273,-0.00024980321753082755,-0.0002214721034841961,-1.1903685096219325,0.21824154212992872,-0.027873032507996116,-540.4223871298441,1041.1173445701977,-501.56776965573437,-0.8728122153804913
7.92,0.0016486019860453196,4.967167106372987,0.0,-2.034469147536612,1.0355485652652372,-0.0002492533946737004,-0.00022061903561024996,-1.1903685096219325,0.21824154212992872,-0.027873032507996116,-540.4223871298441,1041.1173445701977,-501.56776965573437,-0.8728122153804913
7.94,8.438455836473616e-05,-4.502824909596182,0.0,-2.033845116810389,1.0345683429733967,-0.00025502294377384996,-0.0002185310089968559,-1.1903685096219325,0.21824154212992872,-0.027873032507996116,-540.4223871298441,1041.1173445701977,-501.56776965573437,-0.8728122153804913
7.96,-0.001615275887484487,-3.257054346231234,0.0,-2.0331448498386595,1.0339145136453864,-0.0002506040640410181,-0.00021832412570385704,-1.1903685096219325,0.21824154212992872,-0.027873032507996116,-540.4223871298441,1041.1173445701977,-501.56776965573437,-0.8728122153804913
7.98,-0.0010527675418996632,2.0466175647108704,0.0,-2.0334076338949822,1.0341580592956827,-0.0002477494033846648,-0.00022141012798240507,-1.1903685096219325,0.21824154212992872,-0.027873032507996116,-540.4223871298441,1041.1173445701977,-501.56776965573437,-0.8728122153804913
8.0,-0.00014245286319928088,3.9202382892180347,0.0,-2.032991491670875,1.0333457987231702,-0.00025806026170567753,-0.00023344188157794165,-1.1903685096219325,0.21824154212992872,-0.027873032507996116,-540.4223871298441,1041.1173445701977,-501.56776965573437,-0.8728122153804913
8.02,-0.0009803546906732253,-0.9886970781050337,0.0,-2.0335747833950175,1.0338415738319306,-0.0002498752210258729,-0.0002487284391753636,-1.1860398216302799,0.2141349981236075,-0.02809517649332758,-469.65355066826095,907.5165699992391,-438.65210427768216,-0.7890849467039623
8.040000000000001,-0.0026829161469556855,-4.122828361687558,0.0,-2.0328878131934127,1.0336065710504732,-0.00023617456716506428,-0.00024021028997791004,-1.1860398216302799,0.2141349981236075,-0.02809517649332758,-469.65355066826095,907.5165699992391,-438.65210427768216,-0.7890849467039623
8.06,-0.002905596296011736,-1.5933588743780431,0.0,-2.0336347788823135,1.034188859662237,-0.00023607880720043217,-0.0002460079429093734,-1.1860398216302799,0.2141349981236075,-0.02809517649332758,-469.65355066826095,907.5165699992391,-438.65210427768216,-0.7890849467039623
8.08,-0.0014727364378138586,0.3954046482351834,0.0,-2.034233292825942,1.0349532484122277,-0.0002249461483507888,-0.00024152071261111842,-1.1860398216302799,0.2141349981236075,-0.02809517649332758,-469.65355066826095,907.5165699992391,-438.65210427768216,-0.7890849467039623
8.1,0.00030162027574128403,1.6839707334833798,0.0,-2.03352174889054,1.034468014884331,-0.00021796028850785398,-0.00022978964213639873,-1.1860398216302799,0.2141349981236075,-0.02809517649332758,-469.65355066826095,907.5165699992391,-438.65210427768216,-0.7890849467039623
8.120000000000001,0.0014689653213055063,3.507414707146837,0.0,-2.032043694292913,1.0329817069500296,-0.00021781934803954798,-0.00022676238147048225,-1.1860398216302799,0.2141349981236075,-0.02809517649332758,-469.65355066826095,907.5165699992391,-438.65210427768216,-0.7890849467039623
8.14,0.0011253660766181804,1.9192830131764582,0.0,-2.032733261909762,1.0337237669861723,-0.00021596749786191076,-0.00022598156732132297,-1.1860398216302799,0.2141349981236075,-0.02809517649332758,-469.65355066826095,907.5165699992391,-438.65210427768216,-0.7890849467039623
8.16,-0.0008002575856927072,-7.5016603417323475,0.0,-2.032748468816922,1.033972700760566,-0.00020627468570643114,-0.00022032454267899258,-1.1860398216302799,0.2141349981236075,-0.02809517649332758,-469.65355066826095,907.5165699992391,-438.65210427768216,-0.7890849467039623
8.18,-0.0010962139590852027,3.6070497295900594,0.0,-2.037264309960419,1.037651488639643,-0.00022747998717119862,-0.0002485563388719267,-1.1860398216302799,0.2141349981236075,-0.02809517649332758,-469.65355066826095,907.5165699992391,-438.65210427768216,-0.7890849467039623
8.2,-0.00025861423964562854,-1.0280251201851947,0.0,-2.037280545826582,1.037642372097336,-0.00022923331869311917,-0.00024847239821621116,-1.1860398216302799,0.2141349981236075,-0.02809517649332758,-469.65355066826095,907.5165699992391,-438.65210427768216,-0.7890849467039623
8.22,-0.00017788273608320446,4.044664100206052,0.0,-2.0386115151000395,1.0392969937837848,-0.00023694057115630147,-0.00022668577268987526,-1.1860398216302799,0.2141349981236075,-0.02809517649332758,-469.65355066826095,907.5165699992391,-438.65210427768216,-0.7890849467039623
8.24,-0.0009816590145691924,1.330785636442538,0.0,-2.0394621720734682,1.0403137914870806,-0.00023775037599430593,-0.0002201870503849403,-1.1860398216302799,0.2141349981236075,-0.02809517649332758,-469.65355066826095,907.5165699992391,-438.65210427768216,-0.7890849467039623
8.26,-0.0033657687458306415,-4.564229563392287,0.0,-2.0379464892304937,1.0389951931306112,-0.00022634622781855644,-0.0002203953975298864,-1.1860398216302799,0.2141349981236075,-0.02809517649332758,-469.65355066826095,907.5165699992391,-438.65210427768216,-0.7890849467039623
8.28,-0.004824288156389223,-0.7443016953361665,0.0,-2.040197116718646,1.0408133181315513,-0.00023290626595112035,-0.00023168176080934718,-1.1860398216302799,0.2141349981236075,-0.02809517649332758,-469.65355066826095,907.5165699992391,-438.65210427768216,-0.7890849467039623
8.3,-0.0047587811570756885,-1.103769359254969,0.0,-2.0410429368379996,1.041653266715035,-0.00022769576846884892,-0.00023218407778168577,-1.1860398216302799,0.2141349981236075,-0.02809517649332758,-469.65355066826095,907.5165699992391,-438.65210427768216,-0.7890849467039623
8.32,-0.004182172709125466,3.211053450474776,0.0,-2.0425547306020206,1.0432423678418399,-0.00022356226751193801,-0.0002200584748190958,-1.1860398216302799,0.2141349981236075,-0.02809517649332758,-469.65355066826095,907.5165699992391,-438.65210427768216,-0.7890849467039623
8.34,-0.004249081036407756,-3.906092945239614,0.0,-2.04274199370095,1.0435209130675251,-0.0002251742580073491,-0.00022112990784951,-1.1860398216302799,0.2141349981236075,-0.02809517649332758,-469.65355066826095,907.5165699992391,-438.65210427768216,-0.7890849467039623
8.36,-0.0041393138013236155,0.24607803885604085,0.0,-2.044002922299988,1.0440050026331722,-0.00024191836734308231,-0.0002198301355894999,-1.1860398216302799,0.2141349981236075,-0.02809517649332758,-469.65355066826095,907.5165699992391,-438.65210427768216,-0.7890849467039623
8.38,-0.002983930751537769,1.6783636871980483,0.0,-2.0427812301514208,1.042421939545181,-0.00022992055047965832,-0.00022819133405936831,-1.1860398216302799,0.2141349981236075,-0.02809517649332758,-469.65355066826095,907.5165699992391,-438.65210427768216,-0.7890849467039623
8.4,-0.0024109511612923824,5.106158540426701,0.0,-2.042535827505409,1.042173996796218,-0.00022882334438683075,-0.00022090493179170191,-1.1860398216302799,0.2141349981236075,-0.02809517649332758,-469.65355066826095,907.5165699992391,-438.65210427768216,-0.7890849467039623
8.42,-0.0038399601067913725,3.353903885060356,0.0,-2.0435874283930655,1.043692906366118,-0.0002221538437807365,-0.0002183628323123405,-1.1860398216302799,0.2141349981236075,-0.02809517649332758,-469.65355066826095,907.5165699992391,-438.65210427768216,-0.7890849467039623
8.44,-0.007770631105873111,-6.455111686023748,0.0,-2.0389341509266043,1.0406776893490048,-0.00018029677818927738,-0.00019811611807927064,-1.1860398216302799,0.2141349981236075,-0.02809517649332758,-469.65355066826095,907.5165699992391,-438.65210427768216,-0.7890849467039623
8.46,-0.010842321959809028,-5.668687661673634,0.0,-2.039682340376628,1.041286134738026,-0.00018254035536897193,-0.00020073689086694038,-1.1860398216302799,0.2141349981236075,-0.02809517649332758,-469.65355066826095,907.5165699992391,-438.65210427768216,-0.7890849467039623
8.48,-0.010432460846198885,2.09088568233431,0.0,-2.0447840572507743,1.045942608967097,-0.00016367268123046748,-0.00020823393259908655,-1.1860398216302799,0.2141349981236075,-0.02809517649332758,-469.65355066826095,907.5165699992391,-438.65210427768216,-0.7890849467039623
8.5,-0.009040894531112256,-2.988058849528025,0.0,-2.0440155068633703,1.0451369724741917,-0.00017044345893847982,-0.00021544476261101884,-1.1860398216302799,0.2141349981236075,-0.02809517649332758,-469.65355066826095,907.5165699992391,-438.65210427768216,-0.7890849467039623
8.52,-0.007443745527598284,3.2748898811752936,0.0,-2.044274239637409,1.044960820461853,-0.00017381203685078967,-0.00020323700970982143,-1.1705757442467846,0.19837196484585923,-0.0277962205990746,-647.7696578308208,1254.423229723631,-607.6970452717386,-1.043473378928296
8.540000000000001,-0.005977640939508884,-4.676035551325878,0.0,-2.0457155205924633,1.0467313803722986,-0.0001777277525303242,-0.00020091387718934757,-1.1705757442467846,0.19837196484585923,-0.0277962205990746,-647.7696578308208,1254.423229723631,-607.6970452717386,-1.043473378928296
8.56,-0.004139009330245736,1.2731934701681293,0.0,-2.04454820853999,1.0448680222523357,-0.00018765480721155318,-0.00019378675902423985,-1.1705757442467846,0.19837196484585923,-0.0277962205990746,-647.7696578308208,1254.423229723631,-607.6970452717386,-1.043473378928296
8.58,-0.001330073492829637,2.0946939986149706,0.0,-2.0430799556878645,1.0432440555892344,-0.0001829588997500627,-0.00019628327543685388,-1.1705757442467846,0.19837196484585923,-0.0277962205990746,-647.7696578308208,1254.423229723631,-607.6970452717386,-1.043473378928296
8.6,0.00048421618391135987,2.1861366131410036,0.0,-2.043160670511562,1.0433260383602478,-0.00018294317827640265,-0.00019662027725908982,-1.1705757442467846,0.19837196484585923,-0.0277962205990746,-647.7696578308208,1254.423229723631,-607.6970452717386,-1.043473378928296
8.620000000000001,0.0010479806989436942,-2.1109812614816326,0.0,-2.044698781186917,1.045034188381814,-0.00018022519110356313,-0.00019450711723076244,-1.1705757442467846,0.19837196484585923,-0.0277962205990746,-647.7696578308208,1254.423229723631,-607.6970452717386,-1.043473378928296
8.64,0.0015963600947023187,3.3293281267794868,0.0,-2.0443677579807584,1.044644550081056,-0.00018160625587683218,-0.00019584935734374748,-1.1705757442467846,0.19837196484585923,-0.0277962205990746,-647.7696578308208,1254.423229723631,-607.6970452717386,-1.043473378928296
8.66,0.0017980525732434359,-3.595229638723623,0.0,-2.0467599361052256,1.0469746549316326,-0.00018895709202366008,-0.0001896246573473041,-1.1705757442467846,0.19837196484585923,-0.0277962205990746,-647.7696578308208,1254.423229723631,-607.6970452717386,-1.043473378928296
8.68,0.002088974788898274,-7.667342271436354,0.0,-2.0467267743633117,1.0469354981734547,-0.00018808937508841918,-0.00019002658434866582,-1.1705757442467846,0.19837196484585923,-0.0277962205990746,-647.7696578308208,1254.423229723631,-607.6970452717386,-1.043473378928296
8.700000000000001,0.005691182485127015,8.736142918171447,0.0,-2.043293887098662,1.0437306864098224,-0.00017059716212371718,-0.00020305716431103597,-1.1705757442467846,0.19837196484585923,-0.0277962205990746,-647.7696578308208,1254.423229723631,-607.6970452717386,-1.043473378928296
8.72,0.009016420409370212,-0.6316827343315925,0.0,-2.0493261257764512,1.0485691429810646,-0.00020156474291187042,-0.00022090963804374927,-1.1705757442467846,0.19837196484585923,-0.0277962205990746,-647.7696578308208,1254.423229723631,-607.6970452717386,-1.043473378928296
8.74,0.010025445921443268,-1.5788956986708444,0.0,-2.0480570158188014,1.0474680844041677,-0.00020877855745844224,-0.000214705526005646,-1.1705757442467846,0.19837196484585923,-0.0277962205990746,-647.7696578308208,1254.423229723631,-607.6970452717386,-1.043473378928296
8.76,0.011745129377589984,7.230605861615105,0.0,-2.0433877496637445,1.0428286700430793,-0.00021010904987830433,-0.00023329857229785646,-1.1705757442467846,0.19837196484585923,-0.0277962205990746,-647.7696578308208,1254.423229723631,-607.6970452717386,-1.043473378928296
8.78,0.011884153724803252,-6.892688804419803,0.0,-2.048856580622284,1.046740620780262,-0.00022007652995920156,-0.0002390333591837129,-1.1705757442467846,0.19837196484585923,-0.0277962205990746,-647.7696578308208,1254.423229723631,-607.6970452717386,-1.043473378928296
8.8,0.011999352817871825,1.5043372944592974,0.0,-2.048376232957756,1.0468925901265504,-0.00024086238454413286,-0.00023822960471141255,-1.1705757442467846,0.19837196484585923,-0.0277962205990746,-647.7696578308208,1254.423229723631,-607.6970452717386,-1.043473378928296
8.82,0.013768175905122092,-1.3665072502837092,0.0,-2.048642653967074,1.0470926909228853,-0.00024209136128511638,-0.00023716959637274353,-1.1705757442467846,0.19837196484585923,-0.0277962205990746,-647.7696578308208,1254.423229723631,-607.6970452717386,-1.043473378928296
8.84,0.01558364288697678,7.098823147636406,0.0,-2.0477128017449298,1.0471163062836402,-0.0002412419587180069,-0.00022524221574712498,-1.1705757442467846,0.19837196484585923,-0.0277962205990746,-647.7696578308208,1254.423229723631,-607.6970452717386,-1.043473378928296
8.86,0.01581920954332924,-4.1397486148500295,0.0,-2.0541609922635233,1.0520421880212705,-0.00024770331712130274,-0.0002227961677092763,-1.1705757442467846,0.19837196484585923,-0.0277962205990746,-647.7696578308208,1254.423229723631,-607.6970452717386,-1.043473378928296
8.88,0.015288362434293386,0.3932954435331224,0.0,-2.0537393981389154,1.0519955945174044,-0.0002551538974841747,-0.0002227665604743365,-1.1705757442467846,0.19837196484585923,-0.0277962205990746,-647.7696578308208,1254.423229723631,-607.6970452717386,-1.043473378928296
8.9,0.015951086278797943,-4.847042145730752,0.0,-2.054194437461275,1.052262649139897,-0.0002566178317677765,-0.0002201284118291454,-1.1705757442467846,0.19837196484585923,-0.0277962205990746,-647.7696578308208,1254.423229723631,-607.6970452717386,-1.043473378928296
8.92,0.018018632267167843,9.181910762553276,0.0,-2.0533648075045576,1.053595446889877,-0.00025294237560851324,-0.00020424705966587615,-1.1705757442467846,0.19837196484585923,-0.0277962205990746,-647.7696578308208,1254.423229723631,-607.6970452717386,-1.043473378928296
8.94,0.018930934520940072,-5.619375415767804,0.0,-2.0605737952244705,1.0583467706830634,-0.0002755931788639795,-0.00021001886907115819,-1.1705757442467846,0.19837196484585923,-0.0277962205990746,-647.7696578308208,1254.423229723631,-607.6970452717386,-1.043473378928296
8.96,0.018919858675704906,4.9405222202254,0.0,-2.059283125409966,1.0583369914822618,-0.00029644937242168345,-0.00020216074675573248,-1.1705757442467846,0.19837196484585923,-0.0277962205990746,-647.7696578308208,1254.423229723631,-607.6970452717386,-1.043473378928296
8.98,0.01922711780329841,2.025605524741076,0.0,-2.0625009551986384,1.0606331153515358,-0.000304154041273843,-0.00018868170450338844,-1.1705757442467846,0.19837196484585923,-0.0277962205990746,-647.7696578308208,1254.423229723631,-607.6970452717386,-1.043473378928296
9.0,0.017616370676703234,-0.03624484207189882,0.0,-2.0622716013647167,1.0582311066854566,-0.000294122696872778,-0.00020400518691614857,-1.1705757442467846,0.19837196484585923,-0.0277962205990746,-647.7696578308208,1254.423229723631,-607.6970452717386,-1.043473378928296
9.02,0.015534498976084238,0.6249435987371023,0.0,-2.062226215841268,1.0569445619019926,-0.0002846358147863551,-0.00018918502091209004,-1.1954642442066106,0.2229453085215438,-0.02748106431493329,-546.0684556441479,1049.0177103291878,-503.7796120965207,-0.8303574114809328
9.040000000000001,0.013378423501707329,-8.912437974074695,0.0,-2.058210260809972,1.050468817963944,-0.00028294339391197695,-0.0001821670514688227,-1.1954642442066106,0.2229453085215438,-0.02748106431493329,-546.0684556441479,1049.0177103291878,-503.7796120965207,-0.8303574114809328
9.06,0.013733543726576564,2.3041292279173273,0.0,-2.0619767934037174,1.0557642375291187,-0.00028468063067618407,-0.00018134766043329382,-1.1954642442066106,0.2229453085215438,-0.02748106431493329,-546.0684556441479,1049.0177103291878,-503.7796120965207,-0.8303574114809328
9.08,0.016110431479496406,1.2084118196928042,0.0,-2.062537003654729,1.0555788183598853,-0.00029499705264372664,-0.00018409147902016825,-1.1954642442066106,0.2229453085215438,-0.02748106431493329,-546.0684556441479,1049.0177103291878,-503.7796120965207,-0.8303574114809328
9.1,0.01756067310537223,1.729278194538654,0.0,-2.063235030095043,1.0557164874339167,-0.0002955910658646629,-0.0001912810218800599,-1.1954642442066106,0.2229453085215438,-0.02748106431493329,-546.0684556441479,1049.0177103291878,-503.7796120965207,-0.8303574114809328
9.120000000000001,0.01826177634458019,2.671856070225389,0.0,-2.064890848279052,1.0569976191818256,-0.0002945628020410359,-0.0001894558074589371,-1.1954642442066106,0.2229453085215438,-0.02748106431493329,-546.0684556441479,1049.0177103291878,-503.7796120965207,-0.8303574114809328
9.14,0.017789713746466835,-2.1584976873985626,0.0,-2.0680530678996547,1.0588171635916193,-0.00029046475025171507,-0.00018639315554475172,-1.1954642442066106,0.2229453085215438,-0.02748106431493329,-546.0684556441479,1049.0177103291878,-503.7796120965207,-0.8303574114809328
9.16,0.017279777990799834,-3.191960940600023,0.0,-2.068102655538744,1.0588021696519736,-0.0002900858440406877,-0.00018613065968261396,-1.1954642442066106,0.2229453085215438,-0.02748106431493329,-546.0684556441479,1049.0177103291878,-503.7796120965207,-0.8303574114809328
9.18,0.018445581216793475,1.941380066332668,0.0,-2.067230756620204,1.059228405931308,-0.0002856910608395706,-0.0001894035383224144,-1.1954642442066106,0.2229453085215438,-0.02748106431493329,-546.0684556441479,1049.0177103291878,-503.7796120965207,-0.8303574114809328
9.200000000000001,0.020094110562022326,5.95639028086519,0.0,-2.0671177775525895,1.0592058964187834,-0.00028513515444833704,-0.00018895256857094831,-1.1954642442066106,0.2229453085215438,-0.02748106431493329,-546.0684556441479,1049.0177103291878,-503.7796120965207,-0.8303574114809328
9.22,0.019557394540285364,-6.044223366534844,0.0,-2.0722373065515467,1.061655986275621,-0.00028336865280359887,-0.00020202829022856987,-1.1954642442066106,0.2229453085215438,-0.02748106431493329,-546.0684556441479,1049.0177103291878,-503.7796120965207,-0.8303574114809328
9.24,0.019170017853263523,1.8534796372709863,0.0,-2.070782765156506,1.0616131585649187,-0.0003033729126865983,-0.00021189696026646494,-1.1954642442066106,0.2229453085215438,-0.02748106431493329,-546.0684556441479,1049.0177103291878,-503.7796120965207,-0.8303574114809328
9.26,0.020130741529371415,-1.604307710796256,0.0,-2.070700080841547,1.0615853176873296,-0.0003029294443589416,-0.00021220050892052961,-1.1954642442066106,0.2229453085215438,-0.02748106431493329,-546.0684556441479,1049.0177103291878,-503.7796120965207,-0.8303574114809328
9.28,0.02114572270620173,5.964825800423774,0.0,-2.070062208923088,1.0627133910209623,-0.0003021886799850031,-0.00019862736353935676,-1.1954642442066106,0.2229453085215438,-0.02748106431493329,-546.0684556441479,1049.0177103291878,-503.7796120965207,-0.8303574114809328
9.3,0.02101775006333782,-5.812577181779911,0.0,-2.0742017950753833,1.0650891994459855,-0.0003072582223913725,-0.00019679823852629502,-1.1954642442066106,0.2229453085215438,-0.02748106431493329,-546.0684556441479,1049.0177103291878,-503.7796120965207,-0.8303574114809328
9.32,0.020978047492535724,2.2454742121790723,0.0,-2.073201648669988,1.066512642250042,-0.0003286833399490639,-0.00019509752053949978,-1.1954642442066106,0.2229453085215438,-0.02748106431493329,-546.0684556441479,1049.0177103291878,-503.7796120965207,-0.8303574114809328
9.34,0.022115245341889595,2.100259136015027,0.0,-2.071621985417248,1.065783544885841,-0.0003225233689873061,-0.0001994321580965122,-1.1954642442066106,0.2229453085215438,-0.02748106431493329,-546.0684556441479,1049.0177103291878,-503.7796120965207,-0.8303574114809328
9.36,0.022119956597972855,1.4099416216549145,0.0,-2.0716222628207936,1.0657833816603943,-0.0003225233954228365,-0.0001994352211926964,-1.1954642442066106,0.2229453085215438,-0.02748106431493329,-546.0684556441479,1049.0177103291878,-503.7796120965207,-0.8303574114809328
9.38,0.021236819800105868,6.333608162651551,0.0,-2.0717941163298415,1.0658405644899622,-0.0003221054958990698,-0.00019901811164058764,-1.1954642442066106,0.2229453085215438,-0.02748106431493329,-546.0684556441479,1049.0177103291878,-503.7796120965207,-0.8303574114809328
9.4,0.018220840706771137,-1.713570270422771,0.0,-2.072530059899993,1.062832256474978,-0.00031256760812044433,-0.00018793426797422696,-1.1954642442066106,0.2229453085215438,-0.02748106431493329,-546.0684556441479,1049.0177103291878,-503.7796120965207,-0.8303574114809328
9.42,0.013967393562007633,-9.231165678802352,0.0,-2.066112876718579,1.0545378186667735,-0.0002858626370686201,-0.00017687674503103507,-1.1954642442066106,0.2229453085215438,-0.02748106431493329,-546.0684556441479,1049.0177103291878,-503.7796120965207,-0.8303574114809328
9.44,0.013006890614076866,6.365384438140218,0.0,-2.0723610294369474,1.062149512731484,-0.0002864770714046888,-0.00019233414724079958,-1.1954642442066106,0.2229453085215438,-0.02748106431493329,-546.0684556441479,1049.0177103291878,-503.7796120965207,-0.8303574114809328
9.46,0.012967725660871917,-7.082563598258785,0.0,-2.06666349293878,1.0519702869092407,-0.0003414364886769543,-0.00021937213639878835,-1.1954642442066106,0.2229453085215438,-0.02748106431493329,-546.0684556441479,1049.0177103291878,-503.7796120965207,-0.8303574114809328
9.48,0.013220525866636093,-3.385130153696193,0.0,-2.0694562161568317,1.0561463119189627,-0.00035037870025309454,-0.0002008754292276625,-1.1954642442066106,0.2229453085215438,-0.02748106431493329,-546.0684556441479,1049.0177103291878,-503.7796120965207,-0.8303574114809328
9.5,0.016621889561725757,1.955225044914091,0.0,-2.0622322678968428,1.0511694048093196,-0.000321167459518271,-0.00021892593058802027,-1.1954642442066106,0.2229453085215438,-0.02748106431493329,-546.0684556441479,1049.0177103291878,-503.7796120965207,-0.8303574114809328
9.52,0.020546979623647817,6.905706499068248,0.0,-2.0554542266116136,1.047013189252571,-0.0002995765068446845,-0.00018979375709270914,-1.202298426668627,0.23004016075669767,-0.02774173408807067,-519.042146099848,991.086245232819,-472.84807246692594,-0.8039733339552219
9.540000000000001,0.022007742791511638,3.514895365718031,0.0,-2.057377117190653,1.0485868894092456,-0.00029964000678963645,-0.00019170082822723153,-1.202298426668627,0.23004016075669767,-0.02774173408807067,-519.042146099848,991.086245232819,-472.84807246692594,-0.8039733339552219
9.56,0.020556869721099727,-6.642177832805938,0.0,-2.0599718643016316,1.0506856394000184,-0.00029246756425066505,-0.00018809810761549842,-1.202298426668627,0.23004016075669767,-0.02774173408807067,-519.042146099848,991.086245232819,-472.84807246692594,-0.8039733339552219
9.58,0.02015149827988409,5.242161929161675,0.0,-2.056766580383201,1.0500563489783021,-0.00032009165559805647,-0.00022795142859620697,-1.202298426668627,0.23004016075669767,-0.02774173408807067,-519.042146099848,991.086245232819,-472.84807246692594,-0.8039733339552219
9.6,0.02028337088480715,0.12341256132268441,0.0,-2.0572618357571866,1.0498488122130978,-0.00032545187147929236,-0.00022723100620636858,-1.202298426668627,0.23004016075669767,-0.02774173408807067,-519.042146099848,991.086245232819,-472.84807246692594,-0.8039733339552219
9.620000000000001,0.018972558905027002,2.2191264738424534,0.0,-2.0574261676938193,1.0502818273282937,-0.0003264720925637435,-0.0002253556426893999,-1.202298426668627,0.23004016075669767,-0.02774173408807067,-519.042146099848,991.086245232819,-472.84807246692594,-0.8039733339552219
9.64,0.017095792624928365,-2.6839393585956577,0.0,-2.0577892635138557,1.0498198841792301,-0.0003247111459344565,-0.00021865877092139505,-1.202298426668627,0.23004016075669767,-0.02774173408807067,-519.042146099848,991.086245232819,-472.84807246692594,-0.8039733339552219
9.66,0.015463170486753428,2.231678559028712,0.0,-2.058836030439529,1.0513983981947106,-0.0003265480886877717,-0.00021890488344775353,-1.202298426668627,0.23004016075669767,-0.02774173408807067,-519.042146099848,991.086245232819,-472.84807246692594,-0.8039733339552219
9.68,0.014060678673272743,-0.4864197111609494,0.0,-2.0572335558201336,1.048518544931361,-0.00033113390738553596,-0.00021713688326484073,-1.202298426668627,0.23004016075669767,-0.02774173408807067,-519.042146099848,991.086245232819,-472.84807246692594,-0.8039733339552219
9.700000000000001,0.012236032183964213,-5.157077785723615,0.0,-2.055181624434722,1.0456011393445408,-0.0003290100164936693,-0.00022060581829218807,-1.202298426668627,0.23004016075669767,-0.02774173408807067,-519.042146099848,991.086245232819,-472.84807246692594,-0.8039733339552219
9.72,0.012141200832787103,5.693681755905461,0.0,-2.0579504101169843,1.0496535857122933,-0.0003292663082901283,-0.0002253535727916459,-1.202298426668627,0.23004016075669767,-0.02774173408807067,-519.042146099848,991.086245232819,-472.84807246692594,-0.8039733339552219
9.74,0.011965984033709886,-1.402650562703995,0.0,-2.0578467915747436,1.0475026350543135,-0.0003481920538492231,-0.00023352792443056018,-1.202298426668627,0.23004016075669767,-0.02774173408807067,-519.042146099848,991.086245232819,-472.84807246692594,-0.8039733339552219
9.76,0.010609929231440413,0.5090648019972175,0.0,-2.05734536618053,1.0466651347491442,-0.00034506114311468923,-0.00023632547634657805,-1.202298426668627,0.23004016075669767,-0.02774173408807067,-519.042146099848,991.086245232819,-472.84807246692594,-0.8039733339552219
9.78,0.009582582048549924,1.3682540260532017,0.0,-2.0574127077510176,1.0462946324997446,-0.00034496177680034564,-0.00022909911038308039,-1.202298426668627,0.23004016075669767,-0.02774173408807067,-519.042146099848,991.086245232819,-472.84807246692594,-0.8039733339552219
9.8,0.00806607367071592,-5.860932579222455,0.0,-2.0544608653879854,1.0420687326017302,-0.00034474476766891364,-0.00023359322954387803,-1.202298426668627,0.23004016075669767,-0.02774173408807067,-519.042146099848,991.086245232819,-472.84807246692594,-0.8039733339552219
9.82,0.00791612196547356,0.8920797603767401,0.0,-2.056937400405326,1.045218534918502,-0.00034839144973158393,-0.00023522267451043193,-1.202298426668627,0.23004016075669767,-0.02774173408807067,-519.042146099848,991.086245232819,-472.84807246692594,-0.8039733339552219
9.84,0.00927121521514462,-0.777760020233099,0.0,-2.0568867865377993,1.0453284747741591,-0.0003462224637338609,-0.00023493572053573145,-1.202298426668627,0.23004016075669767,-0.02774173408807067,-519.042146099848,991.086245232819,-472.84807246692594,-0.8039733339552219
9.86,0.010651422730507206,0.20605300874869426,0.0,-2.0561146363706326,1.0453529956654204,-0.0003441359580888276,-0.00022476728662119752,-1.202298426668627,0.23004016075669767,-0.02774173408807067,-519.042146099848,991.086245232819,-472.84807246692594,-0.8039733339552219
9.88,0.012266351434369816,4.062996877467539,0.0,-2.0520116978486875,1.0420142411258855,-0.00034154394575985593,-0.00022534083083670231,-1.202298426668627,0.23004016075669767,-0.02774173408807067,-519.042146099848,991.086245232819,-472.84807246692594,-0.8039733339552219
9.9,0.012708776534436743,1.6276315724497668,0.0,-2.0530806670334703,1.0428353264574488,-0.00034194507663332064,-0.0002260317289160033,-1.202298426668627,0.23004016075669767,-0.02774173408807067,-519.042146099848,991.086245232819,-472.84807246692594,-0.8039733339552219
9.92,0.01156524383727051,2.635739435323947,0.0,-2.0538756220967853,1.0433630646414593,-0.0003388171783486558,-0.00022513784551078032,-1.202298426668627,0.23004016075669767,-0.02774173408807067,-519.042146099848,991.086245232819,-472.84807246692594,-0.8039733339552219
9.94,0.009246418216137836,0.05512582466709892,0.0,-2.054051010531358,1.0426726257558638,-0.00033088293341326666,-0.000212627701244854,-1.202298426668627,0.23004016075669767,-0.02774173408807067,-519.042146099848,991.086245232819,-472.84807246692594,-0.8039733339552219
9.96,0.006198084880542797,-4.74684506831694,0.0,-2.048843884837551,1.0364915696892945,-0.00032011701943712495,-0.00020553386264556548,-1.202298426668627,0.23004016075669767,-0.02774173408807067,-519.042146099848,991.086245232819,-472.84807246692594,-0.8039733339552219
9.98,0.004562805672513272,-3.8398513663726526,0.0,-2.049175046567968,1.036860694701809,-0.00032028652669703427,-0.00020589339256768045,-1.202298426668627,0.23004016075669767,-0.02774173408807067,-519.042146099848,991.086245232819,-472.84807246692594,-0.8039733339552219
10.0,0.00547083233963659,7.575776367431873,0.0,-2.052453422586555,1.040906155114598,-0.00031102171387630977,-0.0002028338751983263,-1.202298426668627,0.23004016075669767,-0.02774173408807067,-519.042146099848,991.086245232819,-472.84807246692594,-0.8039733339552219
10.02,0.0053194431875754605,-0.4121613605738137,0.0,-2.0520910674936412,1.037116087989915,-0.00035270590935404446,-0.00024910898327779827,-1.199695197970844,0.22770166881755793,-0.02800647084671403,-423.94085625571836,800.6145858018599,-377.32748645288007,-0.653756906738728
10.040000000000001,0.0031039402584130543,-5.991354260998357,0.0,-2.0493198832723447,1.0337897875671265,-0.00031830296017695174,-0.0002578483864995294,-1.199695197970844,0.22770166881755793,-0.02800647084671403,-423.94085625571836,800.6145858018599,-377.32748645288007,-0.653756906738728
10.06,0.0027832314448685844,-3.6721316911521718,0.0,-2.0495480779129944,1.0340047620650252,-0.0003190393415401125,-0.00026071557091520293,-1.199695197970844,0.22770166881755793,-0.02800647084671403,-423.94085625571836,800.6145858018599,-377.32748645288007,-0.653756906738728
10.08,0.005309924071921628,0.7654354158724734,0.0,-2.0507514429573432,1.0359068329886068,-0.0003055513074339674,-0.00025571452317498536,-1.199695197970844,0.22770166881755793,-0.02800647084671403,-423.94085625571836,800.6145858018599,-377.32748645288007,-0.653756906738728
10.1,0.008721353068922962,2.6196565635335056,0.0,-2.0495649087023455,1.0350876906977549,-0.0003003791949599866,-0.0002493305926668644,-1.199695197970844,0.22770166881755793,-0.02800647084671403,-423.94085625571836,800.6145858018599,-377.32748645288007,-0.653756906738728
10.120000000000001,0.01119666286626022,3.108042183924644,0.0,-2.0515554592200607,1.0368829615624229,-0.00030107454151846193,-0.000251782466869299,-1.199695197970844,0.22770166881755793,-0.02800647084671403,-423.94085625571836,800.6145858018599,-377.32748645288007,-0.653756906738728
10.14,0.012065567934923114,0.6505174469852464,0.0,-2.0594984921146557,1.0442466453706951,-0.00029615050041700337,-0.0002490976610376764,-1.199695197970844,0.22770166881755793,-0.02800647084671403,-423.94085625571836,800.6145858018599,-377.32748645288007,-0.653756906738728
10.16,0.0119101692420211,-1.06250348588028,0.0,-2.063543104579614,1.047755232698003,-0.0002894945328683879,-0.00024281595450840825,-1.199695197970844,0.22770166881755793,-0.02800647084671403,-423.94085625571836,800.6145858018599,-377.32748645288007,-0.653756906738728
10.18,0.011950675673868767,-1.690121657678941,0.0,-2.0643065549188293,1.0482147786325389,-0.00028859157818957856,-0.0002403912980867936,-1.199695197970844,0.22770166881755793,-0.02800647084671403,-423.94085625571836,800.6145858018599,-377.32748645288007,-0.653756906738728
10.200000000000001,0.012872710919464651,0.783174585510604,0.0,-2.0639908043255852,1.0482064557001198,-0.00028778070770472275,-0.00024035520687185026,-1.199695197970844,0.22770166881755793,-0.02800647084671403,-423.94085625571836,800.6145858018599,-377.32748645288007,-0.653756906738728
10.22,0.014141663937789126,-0.30480170607189905,0.0,-2.064374210916306,1.048385409858895,-0.00028870082450946827,-0.00024107033264347035,-1.199695197970844,0.22770166881755793,-0.02800647084671403,-423.94085625571836,800.6145858018599,-377.32748645288007,-0.653756906738728
10.24,0.015359915409130042,1.166682705774952,0.0,-2.0633167490968134,1.0477375814717325,-0.00028850289442909426,-0.00023960795348478738,-1.199695197970844,0.22770166881755793,-0.02800647084671403,-423.94085625571836,800.6145858018599,-377.32748645288007,-0.653756906738728
10.26,0.01642288110150046,0.4028909708529511,0.0,-2.063424532391414,1.0478146113624038,-0.00028855055395638477,-0.00023959919037985203,-1.199695197970844,0.22770166881755793,-0.02800647084671403,-423.94085625571836,800.6145858018599,-377.32748645288007,-0.653756906738728
10.28,0.017130072362013495,1.779779099400806,0.0,-2.0629122720055313,1.0474928216236172,-0.00028869104475096,-0.00023942497862363242,-1.199695197970844,0.22770166881755793,-0.02800647084671403,-423.94085625571836,800.6145858018599,-377.32748645288007,-0.653756906738728
10.3,0.017306459639475438,-4.393397921395136,0.0,-2.064566809452097,1.0484913931817974,-0.00028864859652325876,-0.0002386642559700695,-1.199695197970844,0.22770166881755793,-0.02800647084671403,-423.94085625571836,800.6145858018599,-377.32748645288007,-0.653756906738728
10.32,0.0183574453375628,2.5204574302613088,0.0,-2.0609081993132223,1.0475719157665122,-0.0002949213275069716,-0.00024017144838346343,-1.199695197970844,0.22770166881755793,-0.02800647084671403,-423.94085625571836,800.6145858018599,-377.32748645288007,-0.653756906738728
10.34,0.02007282279347919,1.6310200746923709,0.0,-2.0592030909863057,1.0465529673963214,-0.00029049966007179914,-0.00024006893953417306,-1.199695197970844,0.22770166881755793,-0.02800647084671403,-423.94085625571836,800.6145858018599,-377.32748645288007,-0.653756906738728
10.36,0.020699616292235955,-0.991297963198924,0.0,-2.0582502599371244,1.046111685786072,-0.00029091667964791396,-0.0002372551778610066,-1.199695197970844,0.22770166881755793,-0.02800647084671403,-423.94085625571836,800.6145858018599,-377.32748645288007,-0.653756906738728
10.38,0.021269926941145455,2.1390594694865888,0.0,-2.0530547292663006,1.0427371328803559,-0.00029523722740840434,-0.00024366902528801752,-1.199695197970844,0.22770166881755793,-0.02800647084671403,-423.94085625571836,800.6145858018599,-377.32748645288007,-0.653756906738728
10.4,0.021638633603819714,-0.8822333540768521,0.0,-2.052312482173042,1.0423821470441672,-0.00029456337632631046,-0.0002439812456825943,-1.199695197970844,0.22770166881755793,-0.02800647084671403,-423.94085625571836,800.6145858018599,-377.32748645288007,-0.653756906738728
10.42,0.02177613436031536,0.8429559676490177,0.0,-2.0503239556622095,1.0423800747695484,-0.00029780258454378925,-0.00024129170166878845,-1.199695197970844,0.22770166881755793,-0.02800647084671403,-423.94085625571836,800.6145858018599,-377.32748645288007,-0.653756906738728
10.44,0.022062744781110828,1.4145052090130197,0.0,-2.0484307699524926,1.0417888412794711,-0.00029608022818419154,-0.00024320895415611425,-1.199695197970844,0.22770166881755793,-0.02800647084671403,-423.94085625571836,800.6145858018599,-377.32748645288007,-0.653756906738728
10.46,0.021827891252798347,0.6562361139382031,0.0,-2.0479738000234144,1.0418951584801608,-0.0002960767380493639,-0.00024230223845256836,-1.199695197970844,0.22770166881755793,-0.02800647084671403,-423.94085625571836,800.6145858018599,-377.32748645288007,-0.653756906738728
10.48,0.02112475028984994,-0.4557074902350262,0.0,-2.0476487920267044,1.0420510179778815,-0.0002967678691342456,-0.00024264841576108548,-1.199695197970844,0.22770166881755793,-0.02800647084671403,-423.94085625571836,800.6145858018599,-377.32748645288007,-0.653756906738728
10.5,0.020496397605360147,3.8700087024329353,0.0,-2.0475163205290268,1.0429804788874228,-0.0002975739238000332,-0.0002439499087484648,-1.199695197970844,0.22770166881755793,-0.02800647084671403,-423.94085625571836,800.6145858018599,-377.32748645288007,-0.653756906738728
10.52,0.01899796594266249,-1.2337131301739612,0.0,-2.0473729053807213,1.040727866450591,-0.00029955889021099846,-0.00024428691163013534,-1.1916398443130964,0.21954912052188016,-0.027909276208783636,-456.51434130702734,873.2875834091291,-417.4966836388465,-0.7234415367450491
10.540000000000001,0.016847762952826355,-0.5138811789938194,0.0,-2.0467896481208174,1.039799339661823,-0.0002976542515502975,-0.00024423800939577965,-1.1916398443130964,0.21954912052188016,-0.027909276208783636,-456.51434130702734,873.2875834091291,-417.4966836388465,-0.7234415367450491
10.56,0.015315700401451283,-0.4785568147957835,0.0,-2.0460260907611745,1.038594417184475,-0.00029791127789930805,-0.00024211623770205727,-1.1916398443130964,0.21954912052188016,-0.027909276208783636,-456.51434130702734,873.2875834091291,-417.4966836388465,-0.7234415367450491
10.58,0.014171008879537438,-2.233522903404552,0.0,-2.045031927664526,1.0371668664358482,-0.0002984785017331964,-0.0002432692894878582,-1.1916398443130964,0.21954912052188016,-0.027909276208783636,-456.51434130702734,873.2875834091291,-417.4966836388465,-0.7234415367450491
10.6,0.013909980340829962,-0.8142047576994345,0.0,-2.0466649511645336,1.0397672910274343,-0.00029727124402447597,-0.00024153812472746346,-1.1916398443130964,0.21954912052188016,-0.027909276208783636,-456.51434130702734,873.2875834091291,-417.4966836388465,-0.7234415367450491
10.620000000000001,0.014629246657894527,4.3326536664453705,0.0,-2.046908617420811,1.0413096635680295,-0.0002914129661325072,-0.0002381946145758457,-1.1916398443130964,0.21954912052188016,-0.027909276208783636,-456.51434130702734,873.2875834091291,-417.4966836388465,-0.7234415367450491
10.64,0.014410762878691289,-1.4259294481281461,0.0,-2.048232404086375,1.0413393131642164,-0.00029550833592042737,-0.0002444656133963539,-1.1916398443130964,0.21954912052188016,-0.027909276208783636,-456.51434130702734,873.2875834091291,-417.4966836388465,-0.7234415367450491
10.66,0.013432263152125182,-3.7665277079481134,0.0,-2.0481428466278238,1.0416221577121803,-0.0002988829652789596,-0.00024445380567495497,-1.1916398443130964,0.21954912052188016,-0.027909276208783636,-456.51434130702734,873.2875834091291,-417.4966836388465,-0.7234415367450491
10.68,0.014059035649673791,-1.3723648933763806,0.0,-2.047126530558281,1.0425316197677004,-0.00029613655235041016,-0.00026006663635231604,-1.1916398443130964,0.21954912052188016,-0.027909276208783636,-456.51434130702734,873.2875834091291,-417.4966836388465,-0.7234415367450491
10.700000000000001,0.016279344032731603,6.323705362522533,0.0,-2.044005626725259,1.0429021739786042,-0.0002708386833654384,-0.00024418237368788653,-1.1916398443130964,0.21954912052188016,-0.027909276208783636,-456.51434130702734,873.2875834091291,-417.4966836388465,-0.7234415367450491
10.72,0.017152837728582816,-0.025337389725623716,0.0,-2.0453065938431534,1.0437531100678912,-0.00027298987735576715,-0.0002473390498293161,-1.1916398443130964,0.21954912052188016,-0.027909276208783636,-456.51434130702734,873.2875834091291,-417.4966836388465,-0.7234415367450491
10.74,0.016290645152543064,1.3243239555740811,0.0,-2.0428537405188005,1.0421348329863143,-0.0002830979870345445,-0.00024708067476998484,-1.1916398443130964,0.21954912052188016,-0.027909276208783636,-456.51434130702734,873.2875834091291,-417.4966836388465,-0.7234415367450491
10.76,0.01515106614549247,-0.8809988658078789,0.0,-2.0425856844816397,1.0419859709038009,-0.0002834103679423219,-0.0002486815570670794,-1.1916398443130964,0.21954912052188016,-0.027909276208783636,-456.51434130702734,873.2875834091291,-417.4966836388465,-0.7234415367450491
10.78,0.013977434954995217,-0.07182473218864072,0.0,-2.043691558856458,1.043822744846699,-0.0002849637302797168,-0.0002485528124306486,-1.1916398443130964,0.21954912052188016,-0.027909276208783636,-456.51434130702734,873.2875834091291,-417.4966836388465,-0.7234415367450491
10.8,0.013171125574311065,0.5190821330443629,0.0,-2.0443451893727658,1.0449998033099086,-0.00028427688524776607,-0.00024917915675471645,-1.1916398443130964,0.21954912052188016,-0.027909276208783636,-456.51434130702734,873.2875834091291,-417.4966836388465,-0.7234415367450491
10.82,0.01231709254342504,-2.3774982750654647,0.0,-2.044608072432131,1.0454460887281118,-0.0002841306688940321,-0.0002487491043263353,-1.1916398443130964,0.21954912052188016,-0.027909276208783636,-456.51434130702734,873.2875834091291,-417.4966836388465,-0.7234415367450491
10.84,0.012085068604317201,2.3537674494616976,0.0,-2.046564093849643,1.0488395610818622,-0.00028529632829394453,-0.00024787309340161816,-1.1916398443130964,0.21954912052188016,-0.027909276208783636,-456.51434130702734,873.2875834091291,-417.4966836388465,-0.7234415367450491
10.86,0.011936369274409532,3.107917176679222,0.0,-2.046566282512438,1.048829535729931,-0.00028535911337162606,-0.0002478858510952009,-1.1916398443130964,0.21954912052188016,-0.027909276208783636,-456.51434130702734,873.2875834091291,-417.4966836388465,-0.7234415367450491
10.88,0.010263848093905794,-0.3295042968770039,0.0,-2.0456912826767386,1.0467989873326444,-0.0002812516350061519,-0.00025319596467680643,-1.1916398443130964,0.21954912052188016,-0.027909276208783636,-456.51434130702734,873.2875834091291,-417.4966836388465,-0.7234415367450491
10.9,0.007842624937554384,-6.358844587680542,0.0,-2.0440692169506702,1.0447122792302241,-0.00027465178429824874,-0.00024812407412846103,-1.1916398443130964,0.21954912052188016,-0.027909276208783636,-456.51434130702734,873.2875834091291,-417.4966836388465,-0.7234415367450491
10.92,0.007429497844682907,-0.6046517132497327,0.0,-2.051939995149969,1.0538461690245189,-0.00027773675407380454,-0.00026040951155394506,-1.1916398443130964,0.21954912052188016,-0.027909276208783636,-456.51434130702734,873.2875834091291,-417.4966836388465,-0.7234415367450491
10.94,0.009102430509108656,0.7923884937172447,0.0,-2.053856398760212,1.0573333705830752,-0.0002565078891099865,-0.00025303882706281025,-1.1916398443130964,0.21954912052188016,-0.027909276208783636,-456.51434130702734,873.2875834091291,-417.4966836388465,-0.7234415367450491
10.96,0.010777916285057674,3.425371941972073,0.0,-2.0520746331989352,1.0570965909723034,-0.0002483902719736047,-0.00023182252679547128,-1.1916398443130964,0.21954912052188016,-0.027909276208783636,-456.51434130702734,873.2875834091291,-417.4966836388465,-0.7234415367450491
10.98,0.01128648392413703,3.6835677848950965,0.0,-2.050767054100891,1.0559927032908052,-0.00024837177203921625,-0.00023134784212053595,-1.1916398443130964,0.21954912052188016,-0.027909276208783636,-456.51434130702734,873.2875834091291,-417.4966836388465,-0.7234415367450491
11.0,0.009784766135473215,-1.621344533043294,0.0,-2.053292130628508,1.0579561896204248,-0.0002417600845017646,-0.00022860950053115532,-1.1916398443130964,0.21954912052188016,-0.027909276208783636,-456.51434130702734,873.2875834091291,-417.4966836388465,-0.7234415367450491
11.02,0.00774103393243135,-7.082543969983637,0.0,-2.052979139134866,1.0575110350765753,-0.00023881341898316665,-0.00022595346769834187,-1.1769567653080029,0.20442310893896493,-0.027466343630962096,-534.6269264935594,1042.9694590039824,-509.18906580251166,-0.8465332920886571
11.040000000000001,0.008294956562310699,3.554103961911377,0.0,-2.058682218106051,1.0645262272480072,-0.00023611036361266208,-0.0002391792121656634,-1.1769567653080029,0.20442310893896493,-0.027466343630962096,-534.6269264935594,1042.9694590039824,-509.18906580251166,-0.8465332920886571
11.06,0.009934535082626953,3.5952848135288047,0.0,-2.058777720511968,1.064352156691431,-0.00023992511582065154,-0.0002409819946565598,-1.1769567653080029,0.20442310893896493,-0.027466343630962096,-534.6269264935594,1042.9694590039824,-509.18906580251166,-0.8465332920886571
11.08,0.009543406645132152,-2.996198515288206,0.0,-2.0598527100005333,1.0645114886465679,-0.00023667949321979818,-0.0002545117835794943,-1.1769567653080029,0.20442310893896493,-0.027466343630962096,-534.6269264935594,1042.9694590039824,-509.18906580251166,-0.8465332920886571
11.1,0.009037171825541116,5.260146974887495,0.0,-2.058736995920921,1.063602273868965,-0.0002419328771347226,-0.0002597389891677151,-1.1769567653080029,0.20442310893896493,-0.027466343630962096,-534.6269264935594,1042.9694590039824,-509.18906580251166,-0.8465332920886571
11.120000000000001,0.007925111605344698,-6.241544564032124,0.0,-2.0610606419322566,1.0642952312999847,-0.0002536969876520578,-0.0002478078592491921,-1.1769567653080029,0.20442310893896493,-0.027466343630962096,-534.6269264935594,1042.9694590039824,-509.18906580251166,-0.8465332920886571
11.14,0.007150533073751612,3.034677111135659,0.0,-2.063775269949773,1.0674701779360825,-0.0002612795175804608,-0.0002449794513020677,-1.1769567653080029,0.20442310893896493,-0.027466343630962096,-534.6269264935594,1042.9694590039824,-509.18906580251166,-0.8465332920886571
11.16,0.007360209351284253,4.016862465324651,0.0,-2.0649254686986365,1.067676701301928,-0.0002764053818092253,-0.0002353119119224473,-1.1769567653080029,0.20442310893896493,-0.027466343630962096,-534.6269264935594,1042.9694590039824,-509.18906580251166,-0.8465332920886571
11.18,0.005551509973037537,-9.819896053494077,0.0,-2.0586102034048968,1.0590241135425384,-0.00026753990039258315,-0.00026823256423098016,-1.1769567653080029,0.20442310893896493,-0.027466343630962096,-534.6269264935594,1042.9694590039824,-509.18906580251166,-0.8465332920886571
11.200000000000001,0.005477222594488252,0.3677636341137127,0.0,-2.0620897350476417,1.0627342724310325,-0.0002834430234040844,-0.0002808378909816897,-1.1769567653080029,0.20442310893896493,-0.027466343630962096,-534.6269264935594,1042.9694590039824,-509.18906580251166,-0.8465332920886571
11.22,0.008205443984042438,4.02613962575955,0.0,-2.0616230402965994,1.0625271256766586,-0.0002773124358698895,-0.0002815816129873709,-1.1769567653080029,0.20442310893896493,-0.027466343630962096,-534.6269264935594,1042.9694590039824,-509.18906580251166,-0.8465332920886571
11.24,0.009698879173318,8.573402936188462,0.0,-2.063076242972529,1.063233064998288,-0.0002810848921568912,-0.00029565124858399954,-1.1769567653080029,0.20442310893896493,-0.027466343630962096,-534.6269264935594,1042.9694590039824,-509.18906580251166,-0.8465332920886571
11.26,0.0075641831349652225,-12.680623393091851,0.0,-2.082306945408224,1.0809406160572332,-0.000255387884450464,-0.0002874214236185696,-1.1769567653080029,0.20442310893896493,-0.027466343630962096,-534.6269264935594,1042.9694590039824,-509.18906580251166,-0.8465332920886571
11.28,0.006680048042732423,3.0699178701855594,0.0,-2.086540141725741,1.0852481849779037,-0.0002969843977497119,-0.0003134290955844019,-1.1769567653080029,0.20442310893896493,-0.027466343630962096,-534.6269264935594,1042.9694590039824,-509.18906580251166,-0.8465332920886571
11.3,0.008652441561900552,1.2072925807105932,0.0,-2.087737428282617,1.0858579617221737,-0.000311795642593923,-0.00030652054462676763,-1.1769567653080029,0.20442310893896493,-0.027466343630962096,-534.6269264935594,1042.9694590039824,-509.18906580251166,-0.8465332920886571
11.32,0.00942704146077927,-1.3109007996018511,0.0,-2.08734292013239,1.0850796245216408,-0.00031212987219598706,-0.00031386386975777936,-1.1769567653080029,0.20442310893896493,-0.027466343630962096,-534.6269264935594,1042.9694590039824,-509.18906580251166,-0.8465332920886571
11.34,0.010291555810387789,-0.9335675338877651,0.0,-2.0850229325361513,1.0829951472527934,-0.00031342035596434987,-0.00031669332626415854,-1.1769567653080029,0.20442310893896493,-0.027466343630962096,-534.6269264935594,1042.9694590039824,-509.18906580251166,-0.8465332920886571
11.36,0.011878333431707296,1.4916513314785869,0.0,-2.0815494605822216,1.0803037391698993,-0.00031044449601036993,-0.00031745917119728353,-1.1769567653080029,0.20442310893896493,-0.027466343630962096,-534.6269264935594,1042.9694590039824,-509.18906580251166,-0.8465332920886571
11.38,0.013376768410254723,1.720616181312523,0.0,-2.0789148901906436,1.0783021746323678,-0.0003080137809079836,-0.0003150568970703895,-1.1769567653080029,0.20442310893896493,-0.027466343630962096,-534.6269264935594,1042.9694590039824,-509.18906580251166,-0.8465332920886571
11.4,0.014019164930058614,-1.8667798043665633,0.0,-2.077247929758646,1.0769936838354457,-0.00030833208809150455,-0.0003143694322052306,-1.1769567653080029,0.20442310893896493,-0.027466343630962096,-534.6269264935594,1042.9694590039824,-509.18906580251166,-0.8465332920886571
11.42,0.0147929529505183,7.652620751663863,0.0,-2.071787707006173,1.0729281942476394,-0.0003124261425663969,-0.00031850048054081844,-1.1769567653080029,0.20442310893896493,-0.027466343630962096,-534.6269264935594,1042.9694590039824,-509.18906580251166,-0.8465332920886571
11.44,0.01396613738400561,-5.799787203751162,0.0,-2.0788799956141877,1.0778026204428206,-0.0003200546524950645,-0.00031630527268173853,-1.1769567653080029,0.20442310893896493,-0.027466343630962096,-534.6269264935594,1042.9694590039824,-509.18906580251166,-0.8465332920886571
11.46,0.012685104845066863,-0.04511105347665101,0.0,-2.080906469706025,1.0809894905432105,-0.00033681177856609724,-0.0003162856239239217,-1.1769567653080029,0.20442310893896493,-0.027466343630962096,-534.6269264935594,1042.9694590039824,-509.18906580251166,-0.8465332920886571
11.48,0.013195679636944182,-0.08213373433278637,0.0,-2.0804185665814203,1.0810029306461761,-0.0003332114614275604,-0.0003211932369775913,-1.1769567653080029,0.20442310893896493,-0.027466343630962096,-534.6269264935594,1042.9694590039824,-509.18906580251166,-0.8465332920886571
11.5,0.013826905657260597,0.829900926971388,0.0,-2.0813519101942455,1.0830594634413804,-0.0003304584487271492,-0.00031233515944052595,-1.1769567653080029,0.20442310893896493,-0.027466343630962096,-534.6269264935594,1042.9694590039824,-509.18906580251166,-0.8465332920886571
11.52,0.014326564386902196,1.5212288703903507,0.0,-2.0801411469070046,1.0823840273991128,-0.0003298529514700674,-0.0003118420477029858,-1.162907829456207,0.18974300139859304,-0.026835171942386177,-426.8239998741004,831.6238717706441,-405.41299907245,-0.6131271759064926
11.540000000000001,0.014228345450110562,-1.4674382927027407,0.0,-2.0804472525025917,1.082539982455329,-0.00032979031594391426,-0.0003119224131726905,-1.162907829456207,0.18974300139859304,-0.026835171942386177,-426.8239998741004,831.6238717706441,-405.41299907245,-0.6131271759064926
11.56,0.014204296624887406,0.9001326897099402,0.0,-2.079364608640517,1.0823870098324788,-0.000331968673674051,-0.00031324396688222917,-1.162907829456207,0.18974300139859304,-0.026835171942386177,-426.8239998741004,831.6238717706441,-405.41299907245,-0.6131271759064926
11.58,0.014436124467845353,4.609801722376012,0.0,-2.0789854709027744,1.0823120115887976,-0.0003312449871452476,-0.00031352105805899217,-1.162907829456207,0.18974300139859304,-0.026835171942386177,-426.8239998741004,831.6238717706441,-405.41299907245,-0.6131271759064926
11.6,0.01314585877860266,-0.8803542147245222,0.0,-2.080540373764431,1.0812635674269608,-0.0003308988638367062,-0.0003199878060220832,-1.162907829456207,0.18974300139859304,-0.026835171942386177,-426.8239998741004,831.6238717706441,-405.41299907245,-0.6131271759064926
11.620000000000001,0.010846671844138208,-3.835392988744444,0.0,-2.078254034974912,1.077787493347168,-0.00031878841287351204,-0.00031518364545123724,-1.162907829456207,0.18974300139859304,-0.026835171942386177,-426.8239998741004,831.6238717706441,-405.41299907245,-0.6131271759064926
11.64,0.00999688748489884,1.6812712070904379,0.0,-2.079150015095038,1.078932774750711,-0.00031909510693583994,-0.00031731999335857117,-1.162907829456207,0.18974300139859304,-0.026835171942386177,-426.8239998741004,831.6238717706441,-405.41299907245,-0.6131271759064926
11.66,0.009841051184079633,-3.052658522665321,0.0,-2.076012179425022,1.074441906689972,-0.000327574283428449,-0.00032212113003252894,-1.162907829456207,0.18974300139859304,-0.026835171942386177,-426.8239998741004,831.6238717706441,-405.41299907245,-0.6131271759064926
11.68,0.010148980785118271,1.7453126504726848,0.0,-2.0777736160105102,1.0771074186052807,-0.000328588951684613,-0.00031605672449956976,-1.162907829456207,0.18974300139859304,-0.026835171942386177,-426.8239998741004,831.6238717706441,-405.41299907245,-0.6131271759064926
11.700000000000001,0.010903871162998652,-2.688352738392119,0.0,-2.0783524292041675,1.0774401500051498,-0.00033015135064449146,-0.00031586538133167346,-1.162907829456207,0.18974300139859304,-0.026835171942386177,-426.8239998741004,831.6238717706441,-405.41299907245,-0.6131271759064926
11.72,0.012003806489069424,0.587076868742161,0.0,-2.0762908366390413,1.0770085201566924,-0.0003317753649697284,-0.0003066476727713897,-1.162907829456207,0.18974300139859304,-0.026835171942386177,-426.8239998741004,831.6238717706441,-405.41299907245,-0.6131271759064926
11.74,0.013794888223175018,1.577854832073236,0.0,-2.0698791173412485,1.071948921892789,-0.0003239167853746083,-0.000307785757811746,-1.162907829456207,0.18974300139859304,-0.026835171942386177,-426.8239998741004,831.6238717706441,-405.41299907245,-0.6131271759064926
11.76,0.015039246409129398,5.389907493381464,0.0,-2.065262989190553,1.0685328680231558,-0.0003219643442782618,-0.0003018510412506081,-1.162907829456207,0.18974300139859304,-0.026835171942386177,-426.8239998741004,831.6238717706441,-405.41299907245,-0.6131271759064926
11.78,0.014338490390637863,-1.2200888311086784,0.0,-2.072902805811222,1.0746034478113549,-0.0003194034691853501,-0.00030043316112438794,-1.162907829456207,0.18974300139859304,-0.026835171942386177,-426.8239998741004,831.6238717706441,-405.41299907245,-0.6131271759064926
11.8,0.012507429737666921,-0.1695446106865388,0.0,-2.073067119789315,1.074489778314232,-0.0003160169829142387,-0.00029875933951562287,-1.162907829456207,0.18974300139859304,-0.026835171942386177,-426.8239998741004,831.6238717706441,-405.41299907245,-0.6131271759064926
11.82,0.011162307962128679,-1.1315403048686772,0.0,-2.0720968550640966,1.0728460080064037,-0.0003157282672934178,-0.0002926533046979902,-1.162907829456207,0.18974300139859304,-0.026835171942386177,-426.8239998741004,831.6238717706441,-405.41299907245,-0.6131271759064926
11.84,0.010268708603939858,0.11708466345612023,0.0,-2.0711451563425043,1.0716173317737032,-0.0003158733996396159,-0.0002933378637840614,-1.162907829456207,0.18974300139859304,-0.026835171942386177,-426.8239998741004,831.6238717706441,-405.41299907245,-0.6131271759064926
11.86,0.009737056763995399,0.16497634229254488,0.0,-2.0700736904468604,1.0700452697692415,-0.0003169447759442236,-0.00029405526967128887,-1.162907829456207,0.18974300139859304,-0.026835171942386177,-426.8239998741004,831.6238717706441,-405.41299907245,-0.6131271759064926
11.88,0.00918434815413117,0.7576446017635704,0.0,-2.0691860427115336,1.0686435132741832,-0.00031719096774804264,-0.00029545100722304255,-1.162907829456207,0.18974300139859304,-0.026835171942386177,-426.8239998741004,831.6238717706441,-405.41299907245,-0.6131271759064926
11.9,0.008419518337215357,-1.2316762857741774,0.0,-2.0682764432033482,1.0669489832105514,-0.0003169905213858688,-0.0002956342938841368,-1.162907829456207,0.18974300139859304,-0.026835171942386177,-426.8239998741004,831.6238717706441,-405.41299907245,-0.6131271759064926
11.92,0.007846708556905923,-2.57500832855634,0.0,-2.0679400178322136,1.066449455424191,-0.0003166481753932955,-0.00029556525841514363,-1.162907829456207,0.18974300139859304,-0.026835171942386177,-426.8239998741004,831.6238717706441,-405.41299907245,-0.6131271759064926
11.94,0.008438187126489314,0.19697280068919287,0.0,-2.0689085343724165,1.0682494098977884,-0.0003143071829084522,-0.0002958879866611925,-1.162907829456207,0.18974300139859304,-0.026835171942386177,-426.8239998741004,831.6238717706441,-405.41299907245,-0.6131271759064926
11.96,0.009779344317113055,5.045482013258402,0.0,-2.0677791755619346,1.0679941272021283,-0.0003082286055531228,-0.00029166590262566424,-1.162907829456207,0.18974300139859304,-0.026835171942386177,-426.8239998741004,831.6238717706441,-405.41299907245,-0.6131271759064926
11.98,0.009647207136842431,1.5278666472947569,0.0,-2.0722583861207635,1.0711637294528864,-0.0003113615468635895,-0.0002998831367481042,-1.162907829456207,0.18974300139859304,-0.026835171942386177,-426.8239998741004,831.6238717706441,-405.41299907245,-0.6131271759064926
12.0,0.007651222405931745,-2.461979847541791,0.0,-2.074030510203073,1.0720142074613275,-0.00029511981934704756,-0.0002952598827015214,-1.162907829456207,0.18974300139859304,-0.026835171942386177,-426.8239998741004,831.6238717706441,-405.41299907245,-0.6131271759064926
12.02,0.005977131268135454,-6.2087603524459265,0.0,-2.072607061649548,1.0702943326848373,-0.00029101793466712085,-0.0002881936945789945,-1.1652376245146276,0.1923759177821307,-0.027138293267503104,-465.8986604134347,900.6025682114466,-435.3831770370434,-0.6792692390316539
12.040000000000001,0.006879874112659747,6.727964703558726,0.0,-2.0804903500273015,1.0796079263158311,-0.00028437611276368525,-0.00029078949455185217,-1.1652376245146276,0.1923759177821307,-0.027138293267503104,-465.8986604134347,900.6025682114466,-435.3831770370434,-0.6792692390316539
12.06,0.00767407549048975,-0.9726119249106553,0.0,-2.081937274390875,1.07898977992974,-0.00031144625881587737,-0.00030762350256922526,-1.1652376245146276,0.1923759177821307,-0.027138293267503104,-465.8986604134347,900.6025682114466,-435.3831770370434,-0.6792692390316539
12.08,0.006831454356164801,-1.5280305722410068,0.0,-2.0818373900427387,1.0786569662840375,-0.00030783798331278627,-0.0003109218121112206,-1.1652376245146276,0.1923759177821307,-0.027138293267503104,-465.8986604134347,900.6025682114466,-435.3831770370434,-0.6792692390316539
12.1,0.0067642683479487535,0.01373856741851398,0.0,-2.081676495950386,1.078518899090644,-0.0003079162254167855,-0.0003117805346093037,-1.1652376245146276,0.1923759177821307,-0.027138293267503104,-465.8986604134347,900.6025682114466,-435.3831770370434,-0.6792692390316539
12.120000000000001,0.007183261361362307,-0.6062737317726035,0.0,-2.081654940497113,1.0784704142181625,-0.0003080440185558471,-0.000311888803034165,-1.1652376245146276,0.1923759177821307,-0.027138293267503104,-465.8986604134347,900.6025682114466,-435.3831770370434,-0.6792692390316539
12.14,0.00782116277909696,5.1861280118706015,0.0,-2.081306100777311,1.0784409297292783,-0.0003074672948519445,-0.00031036737986644855,-1.1652376245146276,0.1923759177821307,-0.027138293267503104,-465.8986604134347,900.6025682114466,-435.3831770370434,-0.6792692390316539
12.16,0.007167389937254273,0.7735944648121125,0.0,-2.0865326348108275,1.082213383623637,-0.0003117939602415782,-0.0003122727694681852,-1.1652376245146276,0.1923759177821307,-0.027138293267503104,-465.8986604134347,900.6025682114466,-435.3831770370434,-0.6792692390316539
12.18,0.004813741593932356,-7.149395065630988,0.0,-2.0839824005229635,1.0787785142198476,-0.00029177413389614104,-0.00030935850318681006,-1.1652376245146276,0.1923759177821307,-0.027138293267503104,-465.8986604134347,900.6025682114466,-435.3831770370434,-0.6792692390316539
12.200000000000001,0.0043575666488176795,0.4923602991814864,0.0,-2.0883065591905283,1.0834398010072523,-0.0002979120232611914,-0.00032213551230463386,-1.1652376245146276,0.1923759177821307,-0.027138293267503104,-465.8986604134347,900.6025682114466,-435.3831770370434,-0.6792692390316539
12.22,0.005878338259516273,2.1235901640465853,0.0,-2.0886087674175906,1.0838926495102919,-0.0002954945676699231,-0.00032163780351960946,-1.1652376245146276,0.1923759177821307,-0.027138293267503104,-465.8986604134347,900.6025682114466,-435.3831770370434,-0.6792692390316539
12.24,0.006670229204064752,3.088970301715812,0.0,-2.0887297709420443,1.083743499209866,-0.00029653819724728605,-0.0003260914903502467,-1.1652376245146276,0.1923759177821307,-0.027138293267503104,-465.8986604134347,900.6025682114466,-435.3831770370434,-0.6792692390316539
12.26,0.005977882348911416,-8.202482357491009,0.0,-2.0942957528205794,1.0887282366502162,-0.00029150426828875703,-0.000323732908201136,-1.1652376245146276,0.1923759177821307,-0.027138293267503104,-465.8986604134347,900.6025682114466,-435.3831770370434,-0.6792692390316539
12.280000000000001,0.006820714287840818,6.489254529417591,0.0,-2.09398165747647,1.089281777046312,-0.00031161570585134016,-0.00033945636447399897,-1.1652376245146276,0.1923759177821307,-0.027138293267503104,-465.8986604134347,900.6025682114466,-435.3831770370434,-0.6792692390316539
12.3,0.008208357974664118,3.9131241357592295,0.0,-2.09866082356141,1.0930116294187777,-0.00032877863602194117,-0.00033858005172454777,-1.1652376245146276,0.1923759177821307,-0.027138293267503104,-465.8986604134347,900.6025682114466,-435.3831770370434,-0.6792692390316539
12.32,0.0066017867338965495,-4.52103799791704,0.0,-2.0992768152583667,1.0921268961135244,-0.00031444595227937835,-0.00036245620286389624,-1.1652376245146276,0.1923759177821307,-0.027138293267503104,-465.8986604134347,900.6025682114466,-435.3831770370434,-0.6792692390316539
12.34,0.005214964855614741,-0.7717646990630831,0.0,-2.0991495810123593,1.0920372200347024,-0.0003176389993674487,-0.0003666490059855117,-1.1652376245146276,0.1923759177821307,-0.027138293267503104,-465.8986604134347,900.6025682114466,-435.3831770370434,-0.6792692390316539
12.36,0.005411003481455977,3.1761494364748364,0.0,-2.0991181632908718,1.0919961918078984,-0.0003177303708175669,-0.0003665818424806569,-1.1652376245146276,0.1923759177821307,-0.027138293267503104,-465.8986604134347,900.6025682114466,-435.3831770370434,-0.6792692390316539
12.38,0.004937158438740537,-1.431229106538812,0.0,-2.095768260215633,1.0874507444367136,-0.00032287181103252143,-0.00037950426196798156,-1.1652376245146276,0.1923759177821307,-0.027138293267503104,-465.8986604134347,900.6025682114466,-435.3831770370434,-0.6792692390316539
12.4,0.003983548201126836,-4.616542679258028,0.0,-2.0951976924094056,1.0867143106979673,-0.0003203625424129358,-0.0003794625427964838,-1.1652376245146276,0.1923759177821307,-0.027138293267503104,-465.8986604134347,900.6025682114466,-435.3831770370434,-0.6792692390316539
12.42,0.00482610827421705,-0.09968430511858895,0.0,-2.09649602567645,1.0885681137789147,-0.0003188419316535896,-0.0003870857557843169,-1.1652376245146276,0.1923759177821307,-0.027138293267503104,-465.8986604134347,900.6025682114466,-435.3831770370434,-0.6792692390316539
12.44,0.007080238650852612,1.376916907748682,0.0,-2.0944266019382276,1.0875933554056048,-0.00030425483013641594,-0.0003789828053248382,-1.1652376245146276,0.1923759177821307,-0.027138293267503104,-465.8986604134347,900.6025682114466,-435.3831770370434,-0.6792692390316539
12.46,0.009005105629624017,0.2146409021993514,0.0,-2.0879641623299827,1.0821703142816155,-0.00029888705851798474,-0.00036635926802345144,-1.1652376245146276,0.1923759177821307,-0.027138293267503104,-465.8986604134347,900.6025682114466,-435.3831770370434,-0.6792692390316539
12.48,0.010520834707447652,3.9850394255316397,0.0,-2.074991344228601,1.0702678278995066,-0.0002999809785808846,-0.0003658734883256378,-1.1652376245146276,0.1923759177821307,-0.027138293267503104,-465.8986604134347,900.6025682114466,-435.3831770370434,-0.6792692390316539
12.5,0.010873312799845969,0.4574755076757242,0.0,-2.0747913044109247,1.0700898692940601,-0.0002999584083768817,-0.0003659240481587907,-1.1652376245146276,0.1923759177821307,-0.027138293267503104,-465.8986604134347,900.6025682114466,-435.3831770370434,-0.6792692390316539
12.52,0.009993663948760651,1.440925939288572,0.0,-2.072988469345672,1.0687888000325054,-0.00030432571462610464,-0.00036711192259572425,-1.1530218309436708,0.18019835214417762,-0.027176521200506832,-406.6382632006734,783.8388915032207,-377.78659581587215,-0.5859675133259006
12.540000000000001,0.008621281010513564,1.761516471556734,0.0,-2.073065242276162,1.068784303677204,-0.00030407273268069927,-0.00036637291681096494,-1.1530218309436708,0.18019835214417762,-0.027176521200506832,-406.6382632006734,783.8388915032207,-377.78659581587215,-0.5859675133259006
12.56,0.006365626954580914,2.3340099351146137,0.0,-2.069996315761183,1.0649645461523447,-0.0003011004013368959,-0.00036527028229554654,-1.1530218309436708,0.18019835214417762,-0.027176521200506832,-406.6382632006734,783.8388915032207,-377.78659581587215,-0.5859675133259006
12.58,0.002950904864463032,-3.355185746518425,0.0,-2.0569529980727896,1.0505017675939012,-0.0002897490688733366,-0.00035753030133482255,-1.1530218309436708,0.18019835214417762,-0.027176521200506832,-406.6382632006734,783.8388915032207,-377.78659581587215,-0.5859675133259006
12.6,-0.00014612715296708802,-5.473206718861506,0.0,-2.054045981692483,1.0474857825077535,-0.0002875566067573439,-0.0003561092178147477,-1.1530218309436708,0.18019835214417762,-0.027176521200506832,-406.6382632006734,783.8388915032207,-377.78659581587215,-0.5859675133259006
12.620000000000001,-0.0006588036768564193,5.875330790730868,0.0,-2.0746662529199797,1.0688818636509676,-0.00028055499676200727,-0.0003625349470945619,-1.1530218309436708,0.18019835214417762,-0.027176521200506832,-406.6382632006734,783.8388915032207,-377.78659581587215,-0.5859675133259006
12.64,-0.0012934008637089977,-1.6235425674325077,0.0,-2.0660132770460446,1.0592969309824818,-0.00029889545399202304,-0.000377511865462052,-1.1530218309436708,0.18019835214417762,-0.027176521200506832,-406.6382632006734,783.8388915032207,-377.78659581587215,-0.5859675133259006
12.66,-0.003181253417755887,1.8617363672150908,0.0,-2.0674209367908527,1.060687502839027,-0.00030134484835760486,-0.00037576559299650294,-1.1530218309436708,0.18019835214417762,-0.027176521200506832,-406.6382632006734,783.8388915032207,-377.78659581587215,-0.5859675133259006
12.68,-0.005158960189099249,-3.2085805593437233,0.0,-2.0634939181276417,1.057396311108714,-0.000300290787446968,-0.0003600546072646251,-1.1530218309436708,0.18019835214417762,-0.027176521200506832,-406.6382632006734,783.8388915032207,-377.78659581587215,-0.5859675133259006
12.700000000000001,-0.006774876328833515,0.5980906941398523,0.0,-2.0680840304598047,1.0618025775855005,-0.0003029193522112946,-0.00035930213602632,-1.1530218309436708,0.18019835214417762,-0.027176521200506832,-406.6382632006734,783.8388915032207,-377.78659581587215,-0.5859675133259006
12.72,-0.007669177682233336,-0.7580840545001233,0.0,-2.0659847560132425,1.0598799219124009,-0.00030440823162089216,-0.000358352165379881,-1.1530218309436708,0.18019835214417762,-0.027176521200506832,-406.6382632006734,783.8388915032207,-377.78659581587215,-0.5859675133259006
12.74,-0.008565097844201378,-0.048125080681867605,0.0,-2.067246440382126,1.0610357190193607,-0.0003046320146350093,-0.0003573186398646034,-1.1530218309436708,0.18019835214417762,-0.027176521200506832,-406.6382632006734,783.8388915032207,-377.78659581587215,-0.5859675133259006
12.76,-0.009279069689779153,2.5861021787534266,0.0,-2.0673529891207614,1.0611184371128644,-0.0003046313479163957,-0.0003573618255948129,-1.1530218309436708,0.18019835214417762,-0.027176521200506832,-406.6382632006734,783.8388915032207,-377.78659581587215,-0.5859675133259006
12.780000000000001,-0.010794857154441057,-3.775936255639143,0.0,-2.0615365397028445,1.0565573535772614,-0.0003035257718585246,-0.00035843688995707554,-1.1530218309436708,0.18019835214417762,-0.027176521200506832,-406.6382632006734,783.8388915032207,-377.78659581587215,-0.5859675133259006
12.8,-0.012030473749023912,0.5633180679362937,0.0,-2.0661602918446644,1.0602905882946023,-0.0003088968599400673,-0.0003602780441669254,-1.1530218309436708,0.18019835214417762,-0.027176521200506832,-406.6382632006734,783.8388915032207,-377.78659581587215,-0.5859675133259006
12.82,-0.012401420789597266,0.27456518597300716,0.0,-2.065275082181776,1.0596408616381259,-0.00030993237687622853,-0.000359430450457571,-1.1530218309436708,0.18019835214417762,-0.027176521200506832,-406.6382632006734,783.8388915032207,-377.78659581587215,-0.5859675133259006
12.84,-0.013096083444127823,-1.3831601395691668,0.0,-2.064246618531595,1.0588183532913116,-0.00030979848335529705,-0.00036062791675072327,-1.1530218309436708,0.18019835214417762,-0.027176521200506832,-406.6382632006734,783.8388915032207,-377.78659581587215,-0.5859675133259006
12.86,-0.013548905488387518,-4.099004001927362,0.0,-2.0656651428499235,1.0595964502837636,-0.00031078519682001477,-0.00036168899689664757,-1.1530218309436708,0.18019835214417762,-0.027176521200506832,-406.6382632006734,783.8388915032207,-377.78659581587215,-0.5859675133259006
12.88,-0.012482137340059768,4.743041410828552,0.0,-2.0727128584677397,1.0632086851096891,-0.0003070038414155655,-0.00036364291291708233,-1.1530218309436708,0.18019835214417762,-0.027176521200506832,-406.6382632006734,783.8388915032207,-377.78659581587215,-0.5859675133259006
12.9,-0.01168285202340628,-5.229061917847196,0.0,-2.0731594121864894,1.0640478616207332,-0.00031024503059314467,-0.00036525825854861414,-1.1530218309436708,0.18019835214417762,-0.027176521200506832,-406.6382632006734,783.8388915032207,-377.78659581587215,-0.5859675133259006
12.92,-0.01081508443798757,1.7891029673259204,0.0,-2.074464584196149,1.060709266425327,-0.00033702531445431227,-0.00034979265332875863,-1.1530218309436708,0.18019835214417762,-0.027176521200506832,-406.6382632006734,783.8388915032207,-377.78659581587215,-0.5859675133259006
12.94,-0.00900839897863167,3.1300485318517506,0.0,-2.0651465832380773,1.0491980905621765,-0.0003222212818967981,-0.00036177096761799975,-1.1530218309436708,0.18019835214417762,-0.027176521200506832,-406.6382632006734,783.8388915032207,-377.78659581587215,-0.5859675133259006
12.96,-0.008699086601299536,2.4170470727420064,0.0,-2.063788631101267,1.0472823397174285,-0.00032250948317798467,-0.00035634330222595565,-1.1530218309436708,0.18019835214417762,-0.027176521200506832,-406.6382632006734,783.8388915032207,-377.78659581587215,-0.5859675133259006
12.98,-0.010069073514004224,0.7932003625331738,0.0,-2.065119847629606,1.0493216647505916,-0.0003186289016521036,-0.00035315972705322727,-1.1530218309436708,0.18019835214417762,-0.027176521200506832,-406.6382632006734,783.8388915032207,-377.78659581587215,-0.5859675133259006
13.0,-0.012442719492865923,-0.7891580649935287,0.0,-2.061919833188009,1.047537819457848,-0.00031029508371723305,-0.0003441079090876964,-1.1530218309436708,0.18019835214417762,-0.027176521200506832,-406.6382632006734,783.8388915032207,-377.78659581587215,-0.5859675133259006
13.02,-0.014896184103170302,-1.5585298588460867,0.0,-2.0539087548388206,1.0408542383489665,-0.0003049534633800147,-0.000337542921496208,-1.1717600175631393,0.19966590525882788,-0.027905887695688497,-404.6812611591675,766.9303322616322,-362.86143352488045,-0.6123624224159484
13.040000000000001,-0.016756382526481397,-3.04223665575146,0.0,-2.046630920035291,1.0345474476530443,-0.00030375346532676007,-0.00033571204895644935,-1.1717600175631393,0.19966590525882788,-0.027905887695688497,-404.6812611591675,766.9303322616322,-362.86143352488045,-0.6123624224159484
13.06,-0.01737541533686758,2.0833890687826475,0.0,-2.0505165615381067,1.0378345597432224,-0.0003033743309374909,-0.00033528550816230884,-1.1717600175631393,0.19966590525882788,-0.027905887695688497,-404.6812611591675,766.9303322616322,-362.86143352488045,-0.6123624224159484
13.08,-0.017823513617607555,-2.8331492708900745,0.0,-2.042740184264729,1.0321626807625974,-0.00031072950666285906,-0.0003403594326343385,-1.1717600175631393,0.19966590525882788,-0.027905887695688497,-404.6812611591675,766.9303322616322,-362.86143352488045,-0.6123624224159484
13.1,-0.018164737158109033,1.7002123218990035,0.0,-2.044455469099547,1.0332780739097047,-0.0003122186095770373,-0.0003392073156413736,-1.1717600175631393,0.19966590525882788,-0.027905887695688497,-404.6812611591675,766.9303322616322,-362.86143352488045,-0.6123624224159484
13.120000000000001,-0.01828905046882993,-6.64677181768903,0.0,-2.042660739809564,1.0339816112083589,-0.0003168409071466583,-0.0003341651179460287,-1.1717600175631393,0.19966590525882788,-0.027905887695688497,-404.6812611591675,766.9303322616322,-362.86143352488045,-0.6123624224159484
13.14,-0.017080680538451177,1.009488078391179,0.0,-2.052662361149089,1.0390672346008505,-0.00032613913843988534,-0.00032548156455635405,-1.1717600175631393,0.19966590525882788,-0.027905887695688497,-404.6812611591675,766.9303322616322,-362.86143352488045,-0.6123624224159484
13.16,-0.014329749796071113,1.6555539482533028,0.0,-2.0484663744223837,1.0330217563781625,-0.0003117758106047808,-0.0003259049237799436,-1.1717600175631393,0.19966590525882788,-0.027905887695688497,-404.6812611591675,766.9303322616322,-362.86143352488045,-0.6123624224159484
13.18,-0.01244970480891149,1.7804261490042994,0.0,-2.045393812764532,1.0289459569023147,-0.00031029345831535323,-0.0003173745374172763,-1.1717600175631393,0.19966590525882788,-0.027905887695688497,-404.6812611591675,766.9303322616322,-362.86143352488045,-0.6123624224159484
13.200000000000001,-0.01165442873101903,-4.472423422969275,0.0,-2.0454452528797193,1.029009271365586,-0.0003102730156114206,-0.00031734984210022264,-1.1717600175631393,0.19966590525882788,-0.027905887695688497,-404.6812611591675,766.9303322616322,-362.86143352488045,-0.6123624224159484
13.22,-0.010144544246946904,5.601787463256715,0.0,-2.034344425375368,1.01343479663498,-0.0003225374689566506,-0.00033164993069261976,-1.1717600175631393,0.19966590525882788,-0.027905887695688497,-404.6812611591675,766.9303322616322,-362.86143352488045,-0.6123624224159484
13.24,-0.009029492371243064,1.9366620019275347,0.0,-2.039903949322335,1.0200158284673184,-0.0003310824353706078,-0.00033039803097626303,-1.1717600175631393,0.19966590525882788,-0.027905887695688497,-404.6812611591675,766.9303322616322,-362.86143352488045,-0.6123624224159484
13.26,-0.010178935707141065,-0.5780863741774882,0.0,-2.0410728032382255,1.0225440394872296,-0.0003204470037499043,-0.00033627128384169095,-1.1717600175631393,0.19966590525882788,-0.027905887695688497,-404.6812611591675,766.9303322616322,-362.86143352488045,-0.6123624224159484
13.280000000000001,-0.011790528451881162,-3.4215190267930553,0.0,-2.0408595903920905,1.0238479088290349,-0.00031264124226749014,-0.0003231291454822159,-1.1717600175631393,0.19966590525882788,-0.027905887695688497,-404.6812611591675,766.9303322616322,-362.86143352488045,-0.6123624224159484
13.3,-0.012305497785587245,2.893482643318426,0.0,-2.044242322936221,1.0265339834919427,-0.00031366876680918756,-0.000325821829115653,-1.1717600175631393,0.19966590525882788,-0.027905887695688497,-404.6812611591675,766.9303322616322,-362.86143352488045,-0.6123624224159484
13.32,-0.012743619675336949,-3.5766719119438486,0.0,-2.037087496257811,1.0210667297978335,-0.0003237898904924923,-0.00032966966747412777,-1.1717600175631393,0.19966590525882788,-0.027905887695688497,-404.6812611591675,766.9303322616322,-362.86143352488045,-0.6123624224159484
13.34,-0.013062240873199835,1.7438554264881239,0.0,-2.040366205165131,1.0235294238975012,-0.0003273871511479407,-0.00032709296109622026,-1.1717600175631393,0.19966590525882788,-0.027905887695688497,-404.6812611591675,766.9303322616322,-362.86143352488045,-0.6123624224159484
13.36,-0.012926750011633202,-1.5989137803660856,0.0,-2.0398382287826182,1.0244455398671242,-0.00033266684793603103,-0.000322179552619534,-1.1717600175631393,0.19966590525882788,-0.027905887695688497,-404.6812611591675,766.9303322616322,-362.86143352488045,-0.6123624224159484
13.38,-0.012915393994167322,-0.5382923332928495,0.0,-2.0400481692817785,1.024571836348102,-0.00033284663593580177,-0.0003218415648913557,-1.1717600175631393,0.19966590525882788,-0.027905887695688497,-404.6812611591675,766.9303322616322,-362.86143352488045,-0.6123624224159484
13.4,-0.012359866891766795,-0.39769429258828043,0.0,-2.0400438899872393,1.0245436925710945,-0.0003328184550441512,-0.00032189916615463725,-1.1717600175631393,0.19966590525882788,-0.027905887695688497,-404.6812611591675,766.9303322616322,-362.86143352488045,-0.6123624224159484
13.42,-0.011608383541180092,0.2100937263399527,0.0,-2.0400773465165,1.0243418542748843,-0.00033253939728502635,-0.0003213789356647872,-1.1717600175631393,0.19966590525882788,-0.027905887695688497,-404.6812611591675,766.9303322616322,-362.86143352488045,-0.6123624224159484
13.44,-0.010875330870449241,2.3795069086543195,0.0,-2.0400344143334284,1.0242655078727547,-0.0003325146167158054,-0.0003213626795754822,-1.1717600175631393,0.19966590525882788,-0.027905887695688497,-404.6812611591675,766.9303322616322,-362.86143352488045,-0.6123624224159484
13.46,-0.010969288295389453,1.033444291378022,0.0,-2.0424927785309386,1.0283696898155639,-0.00033207329077105546,-0.00032136508837223623,-1.1717600175631393,0.19966590525882788,-0.027905887695688497,-404.6812611591675,766.9303322616322,-362.86143352488045,-0.6123624224159484
13.48,-0.012131938679474175,-0.3160647735099362,0.0,-2.041498821736716,1.0297380403915382,-0.00032205420745656766,-0.0003165779845210869,-1.1717600175631393,0.19966590525882788,-0.027905887695688497,-404.6812611591675,766.9303322616322,-362.86143352488045,-0.6123624224159484
13.5,-0.013581318601033714,-1.6664207534258029,0.0,-2.0356229609629906,1.026322839230519,-0.00031354141271956,-0.0003053006643297887,-1.1717600175631393,0.19966590525882788,-0.027905887695688497,-404.6812611591675,766.9303322616322,-362.86143352488045,-0.6123624224159484
13.52,-0.014536045746672298,-1.3172922967837153,0.0,-2.028931263686656,1.0211005946441811,-0.0003114386158130947,-0.00030188823401069374,-1.1923600907646479,0.22080583022978761,-0.028445739465139744,-382.1990214478068,727.5171744829812,-345.9596391249313,-0.6414860897567594
13.540000000000001,-0.014708998755793228,-0.9520421058370874,0.0,-2.024484909283475,1.017685915389076,-0.00031285340703346437,-0.00030225051101337615,-1.1923600907646479,0.22080583022978761,-0.028445739465139744,-382.1990214478068,727.5171744829812,-345.9596391249313,-0.6414860897567594
13.56,-0.014310444737268549,2.188833912407789,0.0,-2.0226428631169493,1.0165393952661346,-0.0003140677451290693,-0.0003038656276626604,-1.1923600907646479,0.22080583022978761,-0.028445739465139744,-382.1990214478068,727.5171744829812,-345.9596391249313,-0.6414860897567594
13.58,-0.014364465919564473,-3.8549378263528102,0.0,-2.0210726107685923,1.0179161320759713,-0.00031817242696110306,-0.00030868227712676745,-1.1923600907646479,0.22080583022978761,-0.028445739465139744,-382.1990214478068,727.5171744829812,-345.9596391249313,-0.6414860897567594
13.6,-0.014021429325062033,-1.523533089090348,0.0,-2.021994482818197,1.0179443436899773,-0.00032099279027116684,-0.0003089650040747821,-1.1923600907646479,0.22080583022978761,-0.028445739465139744,-382.1990214478068,727.5171744829812,-345.9596391249313,-0.6414860897567594
13.620000000000001,-0.01219216610068991,1.30255213354415,0.0,-2.0207259727068188,1.0155274638252108,-0.00031579829941116855,-0.0003113643779838867,-1.1923600907646479,0.22080583022978761,-0.028445739465139744,-382.1990214478068,727.5171744829812,-345.9596391249313,-0.6414860897567594
13.64,-0.010375253195300575,-2.629575782709652,0.0,-2.0207526591947182,1.0155639579282063,-0.00031584884580459143,-0.00031143850437214906,-1.1923600907646479,0.22080583022978761,-0.028445739465139744,-382.1990214478068,727.5171744829812,-345.9596391249313,-0.6414860897567594
13.66,-0.008235322433658694,2.4200834829975935,0.0,-2.008989623495029,1.0011638464307362,-0.00031813992517941534,-0.0003076616036272589,-1.1923600907646479,0.22080583022978761,-0.028445739465139744,-382.1990214478068,727.5171744829812,-345.9596391249313,-0.6414860897567594
13.68,-0.006086101619255659,1.441698977582305,0.0,-2.0061812632470963,0.9980364218558017,-0.0003161787155662813,-0.00030803942650866386,-1.1923600907646479,0.22080583022978761,-0.028445739465139744,-382.1990214478068,727.5171744829812,-345.9596391249313,-0.6414860897567594
13.700000000000001,-0.005106190251145475,-1.42623719988969,0.0,-2.005640981756169,0.9974266205162237,-0.00031637279228005025,-0.0003077325923705649,-1.1923600907646479,0.22080583022978761,-0.028445739465139744,-382.1990214478068,727.5171744829812,-345.9596391249313,-0.6414860897567594
13.72,-0.004163076039411141,0.6057106271652433,0.0,-1.9979460938645228,0.9885519407861146,-0.00032077195363934075,-0.0003153150114570811,-1.1923600907646479,0.22080583022978761,-0.028445739465139744,-382.1990214478068,727.5171744829812,-345.9596391249313,-0.6414860897567594
13.74,-0.0030059949652627488,2.8412152926696104,0.0,-1.9946310924566535,0.9848414139191779,-0.00031867444140032706,-0.0003168727450927488,-1.1923600907646479,0.22080583022978761,-0.028445739465139744,-382.1990214478068,727.5171744829812,-345.9596391249313,-0.6414860897567594
13.76,-0.0028772941601676013,-1.109222471958768,0.0,-1.9975157839433506,0.9880427474970277,-0.00031883707522822234,-0.0003189982603410105,-1.1923600907646479,0.22080583022978761,-0.028445739465139744,-382.1990214478068,727.5171744829812,-345.9596391249313,-0.6414860897567594
13.780000000000001,-0.003273967451619537,0.056342423890793025,0.0,-1.9971260419619055,0.9874941994469071,-0.00032055880555035486,-0.00031988906540805865,-1.1923600907646479,0.22080583022978761,-0.028445739465139744,-382.1990214478068,727.5171744829812,-345.9596391249313,-0.6414860897567594
13.8,-0.0033830117246525823,1.789281409986939,0.0,-1.997160052839029,0.9875678226522564,-0.0003206032836181391,-0.0003194058031217914,-1.1923600907646479,0.22080583022978761,-0.028445739465139744,-382.1990214478068,727.5171744829812,-345.9596391249313,-0.6414860897567594
13.82,-0.0040538997335941435,-2.9399783453460673,0.0,-1.9949840687470297,0.9857347736368512,-0.00032064292461409557,-0.0003218682883319355,-1.1923600907646479,0.22080583022978761,-0.028445739465139744,-382.1990214478068,727.5171744829812,-345.9596391249313,-0.6414860897567594
13.84,-0.004413446409452765,-1.9686095647397446,0.0,-1.9970991796089659,0.9874635767434261,-0.00032421784645250354,-0.0003231754337781209,-1.1923600907646479,0.22080583022978761,-0.028445739465139744,-382.1990214478068,727.5171744829812,-345.9596391249313,-0.6414860897567594
13.86,-0.0033634849996283084,1.8980473756273288,0.0,-1.9983782945774264,0.9882214312759613,-0.00031733898372429177,-0.0003263723439244774,-1.1923600907646479,0.22080583022978761,-0.028445739465139744,-382.1990214478068,727.5171744829812,-345.9596391249313,-0.6414860897567594
13.88,-0.0023141192659485972,1.6316534374822989,0.0,-1.9982640723935596,0.9880964486000124,-0.00031670203171865416,-0.00032561657691599326,-1.1923600907646479,0.22080583022978761,-0.028445739465139744,-382.1990214478068,727.5171744829812,-345.9596391249313,-0.6414860897567594
13.9,-0.0023130022739175668,-3.9773145003497783,0.0,-1.9997341569290688,0.9897468776794625,-0.00031551135191789677,-0.0003270904129945243,-1.1923600907646479,0.22080583022978761,-0.028445739465139744,-382.1990214478068,727.5171744829812,-345.9596391249313,-0.6414860897567594
13.92,-0.001639609099789724,3.797147534573183,0.0,-1.9954964964968296,0.9843361713614098,-0.0003254209803518991,-0.0003386430812402032,-1.1923600907646479,0.22080583022978761,-0.028445739465139744,-382.1990214478068,727.5171744829812,-345.9596391249313,-0.6414860897567594
13.94,-0.0009238204632588564,-0.6383675294966853,0.0,-1.9981935275066354,0.9870969723862907,-0.00033186036831507783,-0.0003379975044284214,-1.1923600907646479,0.22080583022978761,-0.028445739465139744,-382.1990214478068,727.5171744829812,-345.9596391249313,-0.6414860897567594
13.96,-0.0011388775621419078,-0.553959026383708,0.0,-1.9981321914279648,0.9869722077981554,-0.00033418935364505886,-0.0003355684539481161,-1.1923600907646479,0.22080583022978761,-0.028445739465139744,-382.1990214478068,727.5171744829812,-345.9596391249313,-0.6414860897567594
13.98,-0.0010119752595411618,-0.9736380833325156,0.0,-1.9969661917291133,0.985631609409345,-0.00033449816398900604,-0.00033934225364370415,-1.1923600907646479,0.22080583022978761,-0.028445739465139744,-382.1990214478068,727.5171744829812,-345.9596391249313,-0.6414860897567594
14.0,-0.00044413187884297903,0.7563932942499594,0.0,-1.9972388865085409,0.9858656043651461,-0.0003328295592583447,-0.00033752812165849445,-1.1923600907646479,0.22080583022978761,-0.028445739465139744,-382.1990214478068,727.5171744829812,-345.9596391249313,-0.6414860897567594
14.02,0.00018452183511588345,2.038727298131704,0.0,-1.9967848883748736,0.9854132541272591,-0.0003320852647417115,-0.0003370313792213458,-1.2096473968003576,0.23912331602642134,-0.029475919226063674,-313.6919218917299,589.423012074211,-276.3190902661522,-0.5880000836715332
14.040000000000001,-4.173057791344004e-06,-0.24656471386395085,0.0,-1.9991999452388562,0.9878618788484818,-0.000331409375876234,-0.00033903987888473356,-1.2096473968003576,0.23912331602642134,-0.029475919226063674,-313.6919218917299,589.423012074211,-276.3190902661522,-0.5880000836715332
14.06,-0.000717705857611268,0.11461427161184012,0.0,-1.9994153784306592,0.9882085908652162,-0.0003281251836508747,-0.0003370376430936447,-1.2096473968003576,0.23912331602642134,-0.029475919226063674,-313.6919218917299,589.423012074211,-276.3190902661522,-0.5880000836715332
14.08,-0.0013971345614123285,-1.9930375422955138,0.0,-1.998035254765986,0.9869770828581462,-0.0003269870906985324,-0.00033261363352576933,-1.2096473968003576,0.23912331602642134,-0.029475919226063674,-313.6919218917299,589.423012074211,-276.3190902661522,-0.5880000836715332
14.1,-0.001535322005801582,2.3963246661492543,0.0,-1.9996376456085476,0.9885441851304831,-0.00032741145304221784,-0.000332525604621279,-1.2096473968003576,0.23912331602642134,-0.029475919226063674,-313.6919218917299,589.423012074211,-276.3190902661522,-0.5880000836715332
14.120000000000001,-0.0018013100399807962,0.13220222840861728,0.0,-1.9975061579212035,0.9864438421150811,-0.0003353095315055985,-0.00033435871425771096,-1.2096473968003576,0.23912331602642134,-0.029475919226063674,-313.6919218917299,589.423012074211,-276.3190902661522,-0.5880000836715332
14.14,-0.002819127405475128,-2.3093459013436552,0.0,-1.993156060353766,0.9824175278203252,-0.00032786065648697066,-0.0003382391662497771,-1.2096473968003576,0.23912331602642134,-0.029475919226063674,-313.6919218917299,589.423012074211,-276.3190902661522,-0.5880000836715332
14.16,-0.0032172167120014124,-4.903889680788932,0.0,-1.993176163313262,0.9824343106299996,-0.000327881245483252,-0.0003382844512268653,-1.2096473968003576,0.23912331602642134,-0.029475919226063674,-313.6919218917299,589.423012074211,-276.3190902661522,-0.5880000836715332
14.18,-0.0015233470936254594,3.082417034143342,0.0,-2.001454292340208,0.9901821156880919,-0.00031336632769237127,-0.00033519692776156626,-1.2096473968003576,0.23912331602642134,-0.029475919226063674,-313.6919218917299,589.423012074211,-276.3190902661522,-0.5880000836715332
14.200000000000001,0.0006942858784861094,5.571879022531408,0.0,-2.0015263816172877,0.990250742386165,-0.00031359380901160145,-0.00033534258858962417,-1.2096473968003576,0.23912331602642134,-0.029475919226063674,-313.6919218917299,589.423012074211,-276.3190902661522,-0.5880000836715332
14.22,0.00038200925645512064,-2.979868536941975,0.0,-2.02210391898004,1.0108757785866636,-0.0003057933143460544,-0.0003658573846939823,-1.2096473968003576,0.23912331602642134,-0.029475919226063674,-313.6919218917299,589.423012074211,-276.3190902661522,-0.5880000836715332
14.24,-0.0006868891750632991,-2.725443090569672,0.0,-2.022066862860045,1.0108311606768428,-0.0003059640203608477,-0.0003659860868855698,-1.2096473968003576,0.23912331602642134,-0.029475919226063674,-313.6919218917299,589.423012074211,-276.3190902661522,-0.5880000836715332
14.26,-8.940257874084391e-05,3.6749059239152606,0.0,-2.0221823109412806,1.010737446120247,-0.0003024526366982947,-0.0003780831261198298,-1.2096473968003576,0.23912331602642134,-0.029475919226063674,-313.6919218917299,589.423012074211,-276.3190902661522,-0.5880000836715332
14.280000000000001,0.0002294810270243639,-2.4649339135578776,0.0,-2.0204681851551483,1.0082665725035969,-0.000318116684706782,-0.00039476409357123147,-1.2096473968003576,0.23912331602642134,-0.029475919226063674,-313.6919218917299,589.423012074211,-276.3190902661522,-0.5880000836715332
14.3,0.0001954904415904899,0.9107245473495738,0.0,-2.020808965561318,1.008545634985183,-0.0003234032117231282,-0.00039187765839789686,-1.2096473968003576,0.23912331602642134,-0.029475919226063674,-313.6919218917299,589.423012074211,-276.3190902661522,-0.5880000836715332
14.32,0.000617865397811193,0.8335168773065205,0.0,-2.0228537155252058,1.0106424422503342,-0.00032594179726223453,-0.0003876939504297471,-1.2096473968003576,0.23912331602642134,-0.029475919226063674,-313.6919218917299,589.423012074211,-276.3190902661522,-0.5880000836715332
14.34,0.0005333668957589888,-3.309199532336985,0.0,-2.022639477677172,1.0102906245419323,-0.00032553919097640967,-0.000391971755385892,-1.2096473968003576,0.23912331602642134,-0.029475919226063674,-313.6919218917299,589.423012074211,-276.3190902661522,-0.5880000836715332
14.36,0.0011772106886860216,1.6496872207911206,0.0,-2.0212361746594967,1.0087702395464726,-0.00032961145130937247,-0.0003964422837714562,-1.2096473968003576,0.23912331602642134,-0.029475919226063674,-313.6919218917299,589.423012074211,-276.3190902661522,-0.5880000836715332
14.38,0.002314461322453397,2.453780812040221,0.0,-2.0216976533761923,1.0091948352974505,-0.0003306841602338064,-0.00039653225022097806,-1.2096473968003576,0.23912331602642134,-0.029475919226063674,-313.6919218917299,589.423012074211,-276.3190902661522,-0.5880000836715332
14.4,0.0022646954438156407,-1.7108771220525711,0.0,-2.0254266246762773,1.0125156872662242,-0.0003295226094849607,-0.0004056106196084458,-1.2096473968003576,0.23912331602642134,-0.029475919226063674,-313.6919218917299,589.423012074211,-276.3190902661522,-0.5880000836715332
14.42,0.0020116938376252775,0.9709931938079581,0.0,-2.0246231111724535,1.0116967785608575,-0.0003316223381369404,-0.00040737320376330814,-1.2096473968003576,0.23912331602642134,-0.029475919226063674,-313.6919218917299,589.423012074211,-276.3190902661522,-0.5880000836715332
14.44,0.0019880710478543478,-0.6960306874769961,0.0,-2.025585653802628,1.0124749999054985,-0.00033383996961704713,-0.00040390246924961425,-1.2096473968003576,0.23912331602642134,-0.029475919226063674,-313.6919218917299,589.423012074211,-276.3190902661522,-0.5880000836715332
14.46,0.0018964939241506113,1.4380048633404379,0.0,-2.025694165261217,1.012606691526871,-0.0003339339818535913,-0.00040366698980000786,-1.2096473968003576,0.23912331602642134,-0.029475919226063674,-313.6919218917299,589.423012074211,-276.3190902661522,-0.5880000836715332
14.48,0.0015996255431374668,1.7086941246270575,0.0,-2.026460498433641,1.0130821075467358,-0.0003354393680313346,-0.0004017187709287433,-1.2096473968003576,0.23912331602642134,-0.029475919226063674,-313.6919218917299,589.423012074211,-276.3190902661522,-0.5880000836715332
14.5,0.00039139801561660767,-4.492722874111754,0.0,-2.0225850872581757,1.00879330767143,-0.0003283489382405227,-0.0004031144034177643,-1.2096473968003576,0.23912331602642134,-0.029475919226063674,-313.6919218917299,589.423012074211,-276.3190902661522,-0.5880000836715332
14.52,9.110208571536425e-07,0.06918652950693271,0.0,-2.027841896081716,1.0139678088332613,-0.0003358681761344599,-0.00040913709505467047,-1.1819849244231793,0.2106307662634343,-0.028645841840255135,-320.26553243720355,603.1595516882525,-283.42212375963595,-0.5281045085873126
14.540000000000001,0.000905804960027897,1.4171789665750734,0.0,-2.028276599521087,1.0144983560872112,-0.0003327296486737914,-0.000409425390655215,-1.1819849244231793,0.2106307662634343,-0.028645841840255135,-320.26553243720355,603.1595516882525,-283.42212375963595,-0.5281045085873126
14.56,0.0013811610153031419,-1.181468629295775,0.0,-2.02820345424444,1.01429010973093,-0.00033374691120819126,-0.00041304250899017116,-1.1819849244231793,0.2106307662634343,-0.028645841840255135,-320.26553243720355,603.1595516882525,-283.42212375963595,-0.5281045085873126
14.58,0.0017962212801179646,-0.5527727352669729,0.0,-2.025905683510871,1.0119904033322442,-0.000335752699172004,-0.00041372533667228894,-1.1819849244231793,0.2106307662634343,-0.028645841840255135,-320.26553243720355,603.1595516882525,-283.42212375963595,-0.5281045085873126
14.6,0.002730482751506191,0.8616448261772407,0.0,-2.0223654591870748,1.0086091038733989,-0.0003331054385199877,-0.0004158054395896333,-1.1819849244231793,0.2106307662634343,-0.028645841840255135,-320.26553243720355,603.1595516882525,-283.42212375963595,-0.5281045085873126
14.620000000000001,0.0035915523085592767,0.5547865731209339,0.0,-2.020641552587043,1.0070702172292558,-0.00033166203503933237,-0.00041414056495301716,-1.1819849244231793,0.2106307662634343,-0.028645841840255135,-320.26553243720355,603.1595516882525,-283.42212375963595,-0.5281045085873126
14.64,0.004060539721184383,-0.35932186176181236,0.0,-2.019095705132323,1.0056439638221186,-0.00033183351001108666,-0.00041372906996097115,-1.1819849244231793,0.2106307662634343,-0.028645841840255135,-320.26553243720355,603.1595516882525,-283.42212375963595,-0.5281045085873126
14.66,0.004497950710192278,1.6131470541844612,0.0,-2.015996498512712,1.0028261126013165,-0.0003324763980844762,-0.0004151947581565453,-1.1819849244231793,0.2106307662634343,-0.028645841840255135,-320.26553243720355,603.1595516882525,-283.42212375963595,-0.5281045085873126
14.68,0.004596626758993069,1.2815750984557948,0.0,-2.0173292025890976,1.003943983720281,-0.00033306017114785233,-0.00041498831006654035,-1.1819849244231793,0.2106307662634343,-0.028645841840255135,-320.26553243720355,603.1595516882525,-283.42212375963595,-0.5281045085873126
14.700000000000001,0.0038766815285111575,0.13308453873334392,0.0,-2.018323134963934,1.0044451147918125,-0.00032997934579401706,-0.0004150981419803929,-1.1819849244231793,0.2106307662634343,-0.028645841840255135,-320.26553243720355,603.1595516882525,-283.42212375963595,-0.5281045085873126
14.72,0.0027669759297286284,-0.23258319040525222,0.0,-2.017145444310452,1.0029155855256442,-0.0003258872683067928,-0.0004107938547669738,-1.1819849244231793,0.2106307662634343,-0.028645841840255135,-320.26553243720355,603.1595516882525,-283.42212375963595,-0.5281045085873126
14.74,0.0017038942452969872,0.626203727802142,0.0,-2.0136266423319413,0.999054718785956,-0.00032420965433493714,-0.00040812009685032435,-1.1819849244231793,0.2106307662634343,-0.028645841840255135,-320.26553243720355,603.1595516882525,-283.42212375963595,-0.5281045085873126
14.76,0.0005363143971233821,-4.101142823546449,0.0,-2.0058098505538418,0.9906815167024632,-0.00032333920060247724,-0.000407732481960425,-1.1819849244231793,0.2106307662634343,-0.028645841840255135,-320.26553243720355,603.1595516882525,-283.42212375963595,-0.5281045085873126
14.780000000000001,0.0003897148945173341,0.9234594182936551,0.0,-2.016335529617583,1.0015341022366178,-0.000327859774363451,-0.00040800399006558625,-1.1819849244231793,0.2106307662634343,-0.028645841840255135,-320.26553243720355,603.1595516882525,-283.42212375963595,-0.5281045085873126
14.8,0.0011761217302728058,0.9843042121908133,0.0,-2.016512321053647,1.0017713839162194,-0.0003263641171056192,-0.00040776747498709383,-1.1819849244231793,0.2106307662634343,-0.028645841840255135,-320.26553243720355,603.1595516882525,-283.42212375963595,-0.5281045085873126
14.82,0.0014112982431901439,0.8111338820760386,0.0,-2.0164938496751676,1.0017099893813073,-0.00032644893232354965,-0.00040890242788252037,-1.1819849244231793,0.2106307662634343,-0.028645841840255135,-320.26553243720355,603.1595516882525,-283.42212375963595,-0.5281045085873126
14.84,0.0011296239825902593,-3.283922131007331,0.0,-2.018356806711989,1.0035769044764637,-0.0003248401311475224,-0.000407088520317108,-1.1819849244231793,0.2106307662634343,-0.028645841840255135,-320.26553243720355,603.1595516882525,-283.42212375963595,-0.5281045085873126
14.86,0.001579212440488593,4.8308064834910915,0.0,-2.018434224092687,1.003720718199183,-0.00032997944070621663,-0.0004126972692396271,-1.1819849244231793,0.2106307662634343,-0.028645841840255135,-320.26553243720355,603.1595516882525,-283.42212375963595,-0.5281045085873126
14.88,0.001585798168595381,-3.0878512191740377,0.0,-2.024606810533574,1.0090258000399153,-0.00034871891139057437,-0.00041436049460179085,-1.1819849244231793,0.2106307662634343,-0.028645841840255135,-320.26553243720355,603.1595516882525,-283.42212375963595,-0.5281045085873126
14.9,0.0010920061169939685,0.8533904256769702,0.0,-2.027209458132107,1.0117366186629106,-0.00035980530029835735,-0.00040942527691105403,-1.1819849244231793,0.2106307662634343,-0.028645841840255135,-320.26553243720355,603.1595516882525,-283.42212375963595,-0.5281045085873126
14.92,0.001259447928295801,1.113837325024405,0.0,-2.0281139677103854,1.012620556242573,-0.00036165548360047185,-0.0004057034963718011,-1.1819849244231793,0.2106307662634343,-0.028645841840255135,-320.26553243720355,603.1595516882525,-283.42212375963595,-0.5281045085873126
14.94,0.0008587728137948168,0.7642458948450415,0.0,-2.0261775283193297,1.0103791345319013,-0.0003614604260817106,-0.000411370553302769,-1.1819849244231793,0.2106307662634343,-0.028645841840255135,-320.26553243720355,603.1595516882525,-283.42212375963595,-0.5281045085873126
14.96,-8.644691926261242e-05,-2.827572322863295,0.0,-2.0250776610808456,1.009281610936282,-0.00035663531419486555,-0.0004073904533942878,-1.1819849244231793,0.2106307662634343,-0.028645841840255135,-320.26553243720355,603.1595516882525,-283.42212375963595,-0.5281045085873126
14.98,-0.00042799465220820905,-0.5700754221946056,0.0,-2.028063620028713,1.0122235084506996,-0.0003594669807920446,-0.0004101951444717478,-1.1819849244231793,0.2106307662634343,-0.028645841840255135,-320.26553243720355,603.1595516882525,-283.42212375963595,-0.5281045085873126
15.0,0.0002227096253329777,1.473766634624245,0.0,-2.0293368026864123,1.0136139831188422,-0.0003553308799333926,-0.0004100715574168423,-1.1819849244231793,0.2106307662634343,-0.028645841840255135,-320.26553243720355,603.1595516882525,-283.42212375963595,-0.5281045085873126
15.02,0.0006101872111070023,0.8121825206174036,0.0,-2.0293821132386443,1.0135640194085227,-0.00035664477875008626,-0.00041278960034612735,-1.1844109302150567,0.21306818414944345,-0.028657253934386666,-312.72916316931884,587.1903428757423,-274.97251719448656,-0.5113374880628977
15.040000000000001,0.0003321107573112146,0.650366573174258,0.0,-2.0308284755969295,1.015043966453365,-0.00035461999500245855,-0.0004130929086599968,-1.1844109302150567,0.21306818414944345,-0.028657253934386666,-312.72916316931884,587.1903428757423,-274.97251719448656,-0.5113374880628977
15.06,-0.00037215524647422725,-1.4619178683588383,0.0,-2.0313932715196765,1.015756863107201,-0.0003510723793670886,-0.0004081484510647344,-1.1844109302150567,0.21306818414944345,-0.028657253934386666,-312.72916316931884,587.1903428757423,-274.97251719448656,-0.5113374880628977
15.08,-0.0008411210709031383,-1.4668870738699133,0.0,-2.031496826796243,1.015857098585389,-0.0003511765862631261,-0.00040824551010481554,-1.1844109302150567,0.21306818414944345,-0.028657253934386666,-312.72916316931884,587.1903428757423,-274.97251719448656,-0.5113374880628977
15.1,-0.0004577405512098101,-1.2854880210979072,0.0,-2.033551434441898,1.0179248645633625,-0.00034893097266026695,-0.00040882153702249697,-1.1844109302150567,0.21306818414944345,-0.028657253934386666,-312.72916316931884,587.1903428757423,-274.97251719448656,-0.5113374880628977
15.120000000000001,0.0007287442576233589,4.708962305089386,0.0,-2.0336794178623148,1.0183134464570534,-0.0003408038643616914,-0.00040075505184488833,-1.1844109302150567,0.21306818414944345,-0.028657253934386666,-312.72916316931884,587.1903428757423,-274.97251719448656,-0.5113374880628977
15.14,0.0009173154306117644,-3.567646452672826,0.0,-2.0435952644330566,1.0278127855313137,-0.000352201736529529,-0.00041116952809363975,-1.1844109302150567,0.21306818414944345,-0.028657253934386666,-312.72916316931884,587.1903428757423,-274.97251719448656,-0.5113374880628977
15.16,0.000777465159310219,2.168863130008252,0.0,-2.04193447719623,1.0258124851352797,-0.00036998834690064045,-0.00041168550729458076,-1.1844109302150567,0.21306818414944345,-0.028657253934386666,-312.72916316931884,587.1903428757423,-274.97251719448656,-0.5113374880628977
15.18,0.0010521440589809279,0.07968409535925236,0.0,-2.04570022539623,1.0295647447584488,-0.00037586598125703436,-0.0004036144610697445,-1.1844109302150567,0.21306818414944345,-0.028657253934386666,-312.72916316931884,587.1903428757423,-274.97251719448656,-0.5113374880628977
15.200000000000001,0.0006750150691281334,0.674132008294948,0.0,-2.0451052653873165,1.0288936916434317,-0.0003749618250417473,-0.0004057032761081295,-1.1844109302150567,0.21306818414944345,-0.028657253934386666,-312.72916316931884,587.1903428757423,-274.97251719448656,-0.5113374880628977
15.22,8.14069418856694e-05,0.39852598844201936,0.0,-2.0457035887904462,1.0295523697228863,-0.00037323634188266046,-0.0004002958758807787,-1.1844109302150567,0.21306818414944345,-0.028657253934386666,-312.72916316931884,587.1903428757423,-274.97251719448656,-0.5113374880628977
15.24,-0.000825800646251549,0.5678671294113448,0.0,-2.0418948328075577,1.025710098806232,-0.0003702816462542673,-0.0003992113749244968,-1.1844109302150567,0.21306818414944345,-0.028657253934386666,-312.72916316931884,587.1903428757423,-274.97251719448656,-0.5113374880628977
15.26,-0.0020212227465491936,-2.26111726633679,0.0,-2.034258151870381,1.018238061897312,-0.0003659116094154989,-0.0003952396423915026,-1.1844109302150567,0.21306818414944345,-0.028657253934386666,-312.72916316931884,587.1903428757423,-274.97251719448656,-0.5113374880628977
15.280000000000001,-0.0027335743473976427,-0.033732040069215596,0.0,-2.0345409563679517,1.018511193668672,-0.00036605327803696316,-0.00039532481301061544,-1.1844109302150567,0.21306818414944345,-0.028657253934386666,-312.72916316931884,587.1903428757423,-274.97251719448656,-0.5113374880628977
15.3,-0.0027911878996329477,-3.668202254158059,0.0,-2.032361039222035,1.0164058695980966,-0.00036808501066707967,-0.0003952823308098077,-1.1844109302150567,0.21306818414944345,-0.028657253934386666,-312.72916316931884,587.1903428757423,-274.97251719448656,-0.5113374880628977
15.32,-0.0017823825805122488,2.2832719014201555,0.0,-2.041150352666479,1.0247096787835006,-0.00036578131833530037,-0.0003821025195001003,-1.1844109302150567,0.21306818414944345,-0.028657253934386666,-312.72916316931884,587.1903428757423,-274.97251719448656,-0.5113374880628977
15.34,-0.0003792854740326415,-0.5949277068876322,0.0,-2.0411536720738,1.0247130491618468,-0.0003657888008766848,-0.0003821047890185389,-1.1844109302150567,0.21306818414944345,-0.028657253934386666,-312.72916316931884,587.1903428757423,-274.97251719448656,-0.5113374880628977
15.36,0.0005270051611528258,1.088687874082997,0.0,-2.0360474814487275,1.0194614921934295,-0.0003682040522394803,-0.00037316765759926203,-1.1844109302150567,0.21306818414944345,-0.028657253934386666,-312.72916316931884,587.1903428757423,-274.97251719448656,-0.5113374880628977
15.38,0.0012920352993880965,2.6107809119553353,0.0,-2.0347442311665813,1.0181225678338874,-0.00036796362715742583,-0.00037393623496720667,-1.1844109302150567,0.21306818414944345,-0.028657253934386666,-312.72916316931884,587.1903428757423,-274.97251719448656,-0.5113374880628977
15.4,0.000981890625962219,-1.1417205374789305,0.0,-2.041486428773782,1.024801181442492,-0.00036588421872360837,-0.0003754442962573134,-1.1844109302150567,0.21306818414944345,-0.028657253934386666,-312.72916316931884,587.1903428757423,-274.97251719448656,-0.5113374880628977
15.42,0.0002477567786730884,1.0730878707467288,0.0,-2.0415811061931723,1.0249285200109326,-0.00036438542229923443,-0.00037447996419714817,-1.1844109302150567,0.21306818414944345,-0.028657253934386666,-312.72916316931884,587.1903428757423,-274.97251719448656,-0.5113374880628977
15.44,-0.00046471311629658245,-1.8025278295239902,0.0,-2.0396024387973912,1.0229509860172583,-0.0003652286299737991,-0.0003663439547366031,-1.1844109302150567,0.21306818414944345,-0.028657253934386666,-312.72916316931884,587.1903428757423,-274.97251719448656,-0.5113374880628977
15.46,-0.0009665130894935916,0.3581118008460473,0.0,-2.040949918109564,1.0243094948172802,-0.0003659867516351275,-0.00036592564449437325,-1.1844109302150567,0.21306818414944345,-0.028657253934386666,-312.72916316931884,587.1903428757423,-274.97251719448656,-0.5113374880628977
15.48,-0.0010514431330442128,-1.1475378240488356,0.0,-2.0397686218029305,1.0231323418149572,-0.00036762840628038525,-0.0003651841663003082,-1.1844109302150567,0.21306818414944345,-0.028657253934386666,-312.72916316931884,587.1903428757423,-274.97251719448656,-0.5113374880628977
15.5,-0.000911845281306766,-3.8534080640210497,0.0,-2.0413046039722174,1.0246647368006443,-0.0003677184313724236,-0.00036298889798428504,-1.1844109302150567,0.21306818414944345,-0.028657253934386666,-312.72916316931884,587.1903428757423,-274.97251719448656,-0.5113374880628977
15.52,0.0006864513782760728,2.553851390502918,0.0,-2.0386182611739083,1.0216876622659545,-0.00035855252992011445,-0.00036301898248875994,-1.1868652145470953,0.21529460892632052,-0.028429394379225374,-343.6697420653486,645.3126263688013,-302.18813953577626,-0.5452552323231856
15.540000000000001,0.0026696453224882167,2.0254477356723255,0.0,-2.0317052889177,1.0151274368201577,-0.00034631262177247887,-0.00035659704031353365,-1.1868652145470953,0.21529460892632052,-0.028429394379225374,-343.6697420653486,645.3126263688013,-302.18813953577626,-0.5452552323231856
15.56,0.003328727856716049,1.4253855034824037,0.0,-2.028686306450114,1.012204120518744,-0.0003469148719913778,-0.0003534910986060011,-1.1868652145470953,0.21529460892632052,-0.028429394379225374,-343.6697420653486,645.3126263688013,-302.18813953577626,-0.5452552323231856
15.58,0.0029983222376191755,0.11115707675965947,0.0,-2.030886372040781,1.0144113791425637,-0.00034554229727812904,-0.00035154675955397196,-1.1868652145470953,0.21529460892632052,-0.028429394379225374,-343.6697420653486,645.3126263688013,-302.18813953577626,-0.5452552323231856
15.6,0.0022369119234524008,-0.2650927549215596,0.0,-2.030957087143022,1.014473002483881,-0.00034530925037422816,-0.0003512557982316692,-1.1868652145470953,0.21529460892632052,-0.028429394379225374,-343.6697420653486,645.3126263688013,-302.18813953577626,-0.5452552323231856
15.620000000000001,0.0015347168085041865,1.7332292039400155,0.0,-2.031300170411416,1.0148608604599836,-0.0003455578440455235,-0.000351760963864319,-1.1868652145470953,0.21529460892632052,-0.028429394379225374,-343.6697420653486,645.3126263688013,-302.18813953577626,-0.5452552323231856
15.64,0.0004122966488305706,-0.23137596441425945,0.0,-2.026355557822888,1.0094596349254348,-0.0003453500042947926,-0.00035159918579723265,-1.1868652145470953,0.21529460892632052,-0.028429394379225374,-343.6697420653486,645.3126263688013,-302.18813953577626,-0.5452552323231856
15.66,-0.0011473158147821685,-2.120679836480945,0.0,-2.0208531138184145,1.003877329737855,-0.00034060979645762453,-0.00035074398421324095,-1.1868652145470953,0.21529460892632052,-0.028429394379225374,-343.6697420653486,645.3126263688013,-302.18813953577626,-0.5452552323231856
15.68,-0.00202541105460445,1.4781733649098165,0.0,-2.024477176904697,1.0074541211900665,-0.0003417903190121045,-0.00035303796635916375,-1.1868652145470953,0.21529460892632052,-0.028429394379225374,-343.6697420653486,645.3126263688013,-302.18813953577626,-0.5452552323231856
15.700000000000001,-0.0027281571937601504,-4.600667267142754,0.0,-2.01709919993209,1.0000258648927978,-0.00034642076086684604,-0.00035502924263887886,-1.1868652145470953,0.21529460892632052,-0.028429394379225374,-343.6697420653486,645.3126263688013,-302.18813953577626,-0.5452552323231856
15.72,-0.002533768278019709,1.6794920473929968,0.0,-2.0350901384856117,1.0173373229344627,-0.0003564044372692789,-0.0003456654893764677,-1.1868652145470953,0.21529460892632052,-0.028429394379225374,-343.6697420653486,645.3126263688013,-302.18813953577626,-0.5452552323231856
15.74,-0.0014999692426135637,0.9787760465370758,0.0,-2.034556479377408,1.0167495554069017,-0.00035201525849650573,-0.0003457553539959909,-1.1868652145470953,0.21529460892632052,-0.028429394379225374,-343.6697420653486,645.3126263688013,-302.18813953577626,-0.5452552323231856
15.76,-0.0012540880737121475,2.7287598388644927,0.0,-2.0344133636494113,1.0165853084577952,-0.00035215464965265787,-0.00034355403427815354,-1.1868652145470953,0.21529460892632052,-0.028429394379225374,-343.6697420653486,645.3126263688013,-302.18813953577626,-0.5452552323231856
15.780000000000001,-0.0021018353203300466,-2.6398085115019785,0.0,-2.0412064307523834,1.0242906156759364,-0.00034666973294793533,-0.00033475425174252465,-1.1868652145470953,0.21529460892632052,-0.028429394379225374,-343.6697420653486,645.3126263688013,-302.18813953577626,-0.5452552323231856
15.8,-0.0029889156813363146,-2.5723362949091166,0.0,-2.043352154652013,1.0260587809503834,-0.0003522538454537587,-0.0003380281010494893,-1.1868652145470953,0.21529460892632052,-0.028429394379225374,-343.6697420653486,645.3126263688013,-302.18813953577626,-0.5452552323231856
15.82,-0.0023685841172145466,2.316178722709904,0.0,-2.0493740489025485,1.0313707574684954,-0.0003449349507778156,-0.0003481585228090467,-1.1868652145470953,0.21529460892632052,-0.028429394379225374,-343.6697420653486,645.3126263688013,-302.18813953577626,-0.5452552323231856
15.84,-0.00168821100541564,3.3875655200259063,0.0,-2.049225648148463,1.0312143872878492,-0.0003465026356461614,-0.00034975585015498465,-1.1868652145470953,0.21529460892632052,-0.028429394379225374,-343.6697420653486,645.3126263688013,-302.18813953577626,-0.5452552323231856
15.860000000000001,-0.002688771571852306,-2.6572806311274624,0.0,-2.0522320942769783,1.0350189115761723,-0.00033799675539772806,-0.00036005665472731537,-1.1868652145470953,0.21529460892632052,-0.028429394379225374,-343.6697420653486,645.3126263688013,-302.18813953577626,-0.5452552323231856
15.88,-0.003920181062419104,-0.8760418853615057,0.0,-2.0526706036674747,1.0352990782641482,-0.0003400418170551543,-0.0003616968445874941,-1.1868652145470953,0.21529460892632052,-0.028429394379225374,-343.6697420653486,645.3126263688013,-302.18813953577626,-0.5452552323231856
15.9,-0.004141686576612011,-0.4266872132993943,0.0,-2.0529960769350732,1.035585862658872,-0.00033982765991445664,-0.00036220513866263996,-1.1868652145470953,0.21529460892632052,-0.028429394379225374,-343.6697420653486,645.3126263688013,-302.18813953577626,-0.5452552323231856
15.92,-0.004007883858937198,0.31875560763639643,0.0,-2.0547087199871776,1.037211328872254,-0.00033901220733228326,-0.00036022261318643457,-1.1868652145470953,0.21529460892632052,-0.028429394379225374,-343.6697420653486,645.3126263688013,-302.18813953577626,-0.5452552323231856
15.94,-0.0038678048843100096,2.2128001125972094,0.0,-2.0546312721570352,1.0371771496951245,-0.00033911196888167233,-0.0003603861091714347,-1.1868652145470953,0.21529460892632052,-0.028429394379225374,-343.6697420653486,645.3126263688013,-302.18813953577626,-0.5452552323231856
15.96,-0.004493496932791621,1.534452145615219,0.0,-2.054454725727713,1.0381667361459526,-0.0003377627619151864,-0.00036118326616369303,-1.1868652145470953,0.21529460892632052,-0.028429394379225374,-343.6697420653486,645.3126263688013,-302.18813953577626,-0.5452552323231856
15.98,-0.006244908390512586,-2.6187218509600427,0.0,-2.045337884109652,1.0314903246397884,-0.0003190578270126132,-0.0003526744210924437,-1.1868652145470953,0.21529460892632052,-0.028429394379225374,-343.6697420653486,645.3126263688013,-302.18813953577626,-0.5452552323231856
16.0,-0.007718284146865147,-1.8956813127907937,0.0,-2.0394233597935556,1.0263835221878075,-0.0003135240089865649,-0.0003471347719301771,-1.1868652145470953,0.21529460892632052,-0.028429394379225374,-343.6697420653486,645.3126263688013,-302.18813953577626,-0.5452552323231856
16.02,-0.007918497504597135,3.405116048415989,0.0,-2.040257029922409,1.0271298764306052,-0.00031323731175485816,-0.0003474108521486324,-1.1796420152418685,0.20792077740180662,-0.02827876215993804,-375.5594257234052,709.9072925757855,-334.9434041809211,-0.5955373285405334
16.04,-0.008610757022471383,-2.427875020935023,0.0,-2.0241501177712102,1.0131096430832696,-0.00032549320402674965,-0.0003649105669602112,-1.1796420152418685,0.20792077740180662,-0.02827876215993804,-375.5594257234052,709.9072925757855,-334.9434041809211,-0.5955373285405334
16.06,-0.009643601974022416,-0.9108178412918622,0.0,-2.0230711271934663,1.0122600112802265,-0.00032404201892456376,-0.00036506177567436493,-1.1796420152418685,0.20792077740180662,-0.02827876215993804,-375.5594257234052,709.9072925757855,-334.9434041809211,-0.5955373285405334
16.080000000000002,-0.009759750670812332,-0.9166265708824333,0.0,-2.022424891128309,1.0118734162942824,-0.0003244040902539027,-0.0003637628559145068,-1.1796420152418685,0.20792077740180662,-0.02827876215993804,-375.5594257234052,709.9072925757855,-334.9434041809211,-0.5955373285405334
16.1,-0.009402465244459049,-0.005267232510128839,0.0,-2.0252411811855886,1.0140425220774691,-0.0003232132588369391,-0.00036090662650497716,-1.1796420152418685,0.20792077740180662,-0.02827876215993804,-375.5594257234052,709.9072925757855,-334.9434041809211,-0.5955373285405334
16.12,-0.00883465155019941,1.2195280350754119,0.0,-2.025413312071606,1.0136015111618704,-0.0003222261000622992,-0.00036002319448020283,-1.1796420152418685,0.20792077740180662,-0.02827876215993804,-375.5594257234052,709.9072925757855,-334.9434041809211,-0.5955373285405334
16.14,-0.008678236772729319,-0.6459238957066089,0.0,-2.0258597896621713,1.014560401487723,-0.0003223679680975883,-0.00036055168269475584,-1.1796420152418685,0.20792077740180662,-0.02827876215993804,-375.5594257234052,709.9072925757855,-334.9434041809211,-0.5955373285405334
16.16,-0.00874463291399131,1.1108086523389908,0.0,-2.025741121207535,1.0138726490104641,-0.00032365056860072996,-0.00036117824481103557,-1.1796420152418685,0.20792077740180662,-0.02827876215993804,-375.5594257234052,709.9072925757855,-334.9434041809211,-0.5955373285405334
16.18,-0.009002423608510847,-0.393546523722494,0.0,-2.025724502430826,1.014805020411968,-0.00032375533889357277,-0.00035903694895620834,-1.1796420152418685,0.20792077740180662,-0.02827876215993804,-375.5594257234052,709.9072925757855,-334.9434041809211,-0.5955373285405334
16.2,-0.00952714027457997,0.5882516883123861,0.0,-2.025210091675489,1.0145266166592528,-0.00032318160127505207,-0.00035899572994249574,-1.1796420152418685,0.20792077740180662,-0.02827876215993804,-375.5594257234052,709.9072925757855,-334.9434041809211,-0.5955373285405334
16.22,-0.01016908040511332,-1.7991433865494915,0.0,-2.0226527473694618,1.0132609014986258,-0.00032226973030278865,-0.0003560669100310644,-1.1796420152418685,0.20792077740180662,-0.02827876215993804,-375.5594257234052,709.9072925757855,-334.9434041809211,-0.5955373285405334
16.240000000000002,-0.010520716127212174,-0.2693549211834023,0.0,-2.0255007820828625,1.015309777803848,-0.00032381697127913117,-0.00035642302350669136,-1.1796420152418685,0.20792077740180662,-0.02827876215993804,-375.5594257234052,709.9072925757855,-334.9434041809211,-0.5955373285405334
16.26,-0.010333146353990469,0.7832981803990614,0.0,-2.026315677079576,1.015736704453268,-0.0003231176300229464,-0.0003567276178228061,-1.1796420152418685,0.20792077740180662,-0.02827876215993804,-375.5594257234052,709.9072925757855,-334.9434041809211,-0.5955373285405334
16.28,-0.010361373020998871,-0.22170957562337545,0.0,-2.0254316898229443,1.0153750605154255,-0.0003234092399586227,-0.000357991004541601,-1.1796420152418685,0.20792077740180662,-0.02827876215993804,-375.5594257234052,709.9072925757855,-334.9434041809211,-0.5955373285405334
16.3,-0.010619525946079584,-0.17246869713732804,0.0,-2.025237358890133,1.0154094378406755,-0.0003230428526115381,-0.0003578609366142762,-1.1796420152418685,0.20792077740180662,-0.02827876215993804,-375.5594257234052,709.9072925757855,-334.9434041809211,-0.5955373285405334
16.32,-0.010829369962026795,1.8224673118599544,0.0,-2.0248879832132256,1.0153883898815694,-0.00032283635074563144,-0.0003573159725499958,-1.1796420152418685,0.20792077740180662,-0.02827876215993804,-375.5594257234052,709.9072925757855,-334.9434041809211,-0.5955373285405334
16.34,-0.011590800669327545,-4.0411781401253535,0.0,-2.0199066322238295,1.0132598189786075,-0.0003216397489822422,-0.00035653399793724166,-1.1796420152418685,0.20792077740180662,-0.02827876215993804,-375.5594257234052,709.9072925757855,-334.9434041809211,-0.5955373285405334
16.36,-0.011775818088663934,-2.8532232399991875,0.0,-2.0285853707506094,1.0190956566104523,-0.00033139995985305816,-0.0003600706346199407,-1.1796420152418685,0.20792077740180662,-0.02827876215993804,-375.5594257234052,709.9072925757855,-334.9434041809211,-0.5955373285405334
16.38,-0.010016476909662416,4.698938116998061,0.0,-2.0322217752946394,1.018192480713837,-0.00030958315130008124,-0.0003671579753216966,-1.1796420152418685,0.20792077740180662,-0.02827876215993804,-375.5594257234052,709.9072925757855,-334.9434041809211,-0.5955373285405334
16.4,-0.008860914899851424,-0.4176996911079689,0.0,-2.0357836764914157,1.022932002223364,-0.0003198364836377769,-0.0003786334529142115,-1.1796420152418685,0.20792077740180662,-0.02827876215993804,-375.5594257234052,709.9072925757855,-334.9434041809211,-0.5955373285405334
16.42,-0.009014999121655827,2.6055627592654518,0.0,-2.0343547807417384,1.020879772917601,-0.0003231340075095147,-0.0003776240479847275,-1.1796420152418685,0.20792077740180662,-0.02827876215993804,-375.5594257234052,709.9072925757855,-334.9434041809211,-0.5955373285405334
16.44,-0.009866713133068698,-2.335146231267205,0.0,-2.043592052942984,1.033988504956032,-0.0003189044857570374,-0.0003526124757028958,-1.1796420152418685,0.20792077740180662,-0.02827876215993804,-375.5594257234052,709.9072925757855,-334.9434041809211,-0.5955373285405334
16.46,-0.010859972828149994,-3.034460211802114,0.0,-2.044084059822967,1.0343534345666305,-0.00031954059335625583,-0.0003527807901216679,-1.1796420152418685,0.20792077740180662,-0.02827876215993804,-375.5594257234052,709.9072925757855,-334.9434041809211,-0.5955373285405334
16.48,-0.010349549969802274,5.623625947184932,0.0,-2.051903169118732,1.0395694196175114,-0.00031589125119612624,-0.0003623483355233774,-1.1796420152418685,0.20792077740180662,-0.02827876215993804,-375.5594257234052,709.9072925757855,-334.9434041809211,-0.5955373285405334
16.5,-0.010662697905165535,-1.4252704016849123,0.0,-2.0450530986985984,1.0365317105080547,-0.00034190148497879793,-0.0003846950485494544,-1.1796420152418685,0.20792077740180662,-0.02827876215993804,-375.5594257234052,709.9072925757855,-334.9434041809211,-0.5955373285405334
16.52,-0.0122725950367422,-2.023058998339846,0.0,-2.0417330625963532,1.0343332406953012,-0.00033375999345470396,-0.0003858887587075268,-1.1748542516585732,0.20293607320326446,-0.028081821544691264,-342.5440323900372,653.956263665175,-311.9589433224445,-0.5467120473066557
16.54,-0.012950339635914672,-0.8504035321640231,0.0,-2.04387293823257,1.0354472970728668,-0.0003348769392681234,-0.0003927535892500309,-1.1748542516585732,0.20293607320326446,-0.028081821544691264,-342.5440323900372,653.956263665175,-311.9589433224445,-0.5467120473066557
16.56,-0.012868550636197315,2.318703381880561,0.0,-2.053434737974885,1.0432205623417827,-0.0003310321319156738,-0.00038888686902603285,-1.1748542516585732,0.20293607320326446,-0.028081821544691264,-342.5440323900372,653.956263665175,-311.9589433224445,-0.5467120473066557
16.580000000000002,-0.01329801940055147,-1.5088157728680236,0.0,-2.050268291162821,1.0414636498521697,-0.00033260782128572216,-0.00039229298938459306,-1.1748542516585732,0.20293607320326446,-0.028081821544691264,-342.5440323900372,653.956263665175,-311.9589433224445,-0.5467120473066557
16.6,-0.014048673364894713,1.3593412015015716,0.0,-2.0546214110498537,1.0437647176376514,-0.00033919270397495536,-0.0003933350604850727,-1.1748542516585732,0.20293607320326446,-0.028081821544691264,-342.5440323900372,653.956263665175,-311.9589433224445,-0.5467120473066557
16.62,-0.014844341150496947,1.5862198936709837,0.0,-2.052261725332377,1.0428341564062185,-0.00033949581714058956,-0.00038940068616918926,-1.1748542516585732,0.20293607320326446,-0.028081821544691264,-342.5440323900372,653.956263665175,-311.9589433224445,-0.5467120473066557
16.64,-0.0165962769232643,-4.392489415064068,0.0,-2.0378100009726188,1.0320843663369421,-0.00033099727930906804,-0.0003910472123933326,-1.1748542516585732,0.20293607320326446,-0.028081821544691264,-342.5440323900372,653.956263665175,-311.9589433224445,-0.5467120473066557
16.66,-0.01763146028054843,0.48593581497492977,0.0,-2.058404485699401,1.0477574514848562,-0.000346858577636456,-0.00040370438554687617,-1.1748542516585732,0.20293607320326446,-0.028081821544691264,-342.5440323900372,653.956263665175,-311.9589433224445,-0.5467120473066557
16.68,-0.017634282785607882,1.6389071964105462,0.0,-2.062046654955913,1.0503267960265203,-0.0003435036456365712,-0.00040483082197068733,-1.1748542516585732,0.20293607320326446,-0.028081821544691264,-342.5440323900372,653.956263665175,-311.9589433224445,-0.5467120473066557
16.7,-0.018370665840628127,2.163440371256584,0.0,-2.057274766416111,1.0469926021598366,-0.0003431193318087882,-0.0004101942083136267,-1.1748542516585732,0.20293607320326446,-0.028081821544691264,-342.5440323900372,653.956263665175,-311.9589433224445,-0.5467120473066557
16.72,-0.020336388062556228,-1.3203660734780849,0.0,-2.0447809216418937,1.0416500348431104,-0.00032660999815575895,-0.00039940531057097733,-1.1748542516585732,0.20293607320326446,-0.028081821544691264,-342.5440323900372,653.956263665175,-311.9589433224445,-0.5467120473066557
16.740000000000002,-0.022677458980851606,-3.3730974904120963,0.0,-2.028429577275113,1.0296447743646804,-0.00031207340636159493,-0.00038800755806963483,-1.1748542516585732,0.20293607320326446,-0.028081821544691264,-342.5440323900372,653.956263665175,-311.9589433224445,-0.5467120473066557
16.76,-0.023787819938195866,2.1443658033594875,0.0,-2.037339238094794,1.0367072097148435,-0.000313620254084224,-0.0003921974768745553,-1.1748542516585732,0.20293607320326446,-0.028081821544691264,-342.5440323900372,653.956263665175,-311.9589433224445,-0.5467120473066557
16.78,-0.0246887881797235,-2.911711033246181,0.0,-2.01264685661697,1.017863246230482,-0.00032517532700065944,-0.0003992943627525382,-1.1748542516585732,0.20293607320326446,-0.028081821544691264,-342.5440323900372,653.956263665175,-311.9589433224445,-0.5467120473066557
16.8,-0.025521153112386542,-0.7943231741564349,0.0,-2.020031395301096,1.0231241263854354,-0.00032956283527842183,-0.0003965256251913794,-1.1748542516585732,0.20293607320326446,-0.028081821544691264,-342.5440323900372,653.956263665175,-311.9589433224445,-0.5467120473066557
16.82,-0.02542992392097697,0.6139401756905083,0.0,-2.0210951976218414,1.0233507405051379,-0.00032873173306238653,-0.00039784088949201417,-1.1748542516585732,0.20293607320326446,-0.028081821544691264,-342.5440323900372,653.956263665175,-311.9589433224445,-0.5467120473066557
16.84,-0.02544658441798688,-2.611274439815911,0.0,-2.0191840623721964,1.022749358818517,-0.00032943187367756203,-0.0004001332942581836,-1.1748542516585732,0.20293607320326446,-0.028081821544691264,-342.5440323900372,653.956263665175,-311.9589433224445,-0.5467120473066557
16.86,-0.02503936591253038,6.35017595929954,0.0,-2.0218127453230723,1.0196174620560368,-0.0003340846518085712,-0.00040129548782410747,-1.1748542516585732,0.20293607320326446,-0.028081821544691264,-342.5440323900372,653.956263665175,-311.9589433224445,-0.5467120473066557
16.88,-0.02588487414460842,-2.1304743674352853,0.0,-2.031620659288235,1.0439258421541224,-0.0003569508725709953,-0.00039479967410220536,-1.1748542516585732,0.20293607320326446,-0.028081821544691264,-342.5440323900372,653.956263665175,-311.9589433224445,-0.5467120473066557
16.9,-0.028129198694979297,-3.1298673040996476,0.0,-2.019118841663535,1.0371754732084428,-0.0003291127265520654,-0.0003933060376354012,-1.1748542516585732,0.20293607320326446,-0.028081821544691264,-342.5440323900372,653.956263665175,-311.9589433224445,-0.5467120473066557
16.92,-0.029011536349456687,-2.5064146749434135,0.0,-2.016839181401745,1.0360476093737827,-0.00032835215956095924,-0.00038801199529217925,-1.1748542516585732,0.20293607320326446,-0.028081821544691264,-342.5440323900372,653.956263665175,-311.9589433224445,-0.5467120473066557
16.94,-0.02842746703652905,-1.6940247863728737,0.0,-2.02866448917972,1.0446159162096003,-0.0003222657112835066,-0.00038244329251131676,-1.1748542516585732,0.20293607320326446,-0.028081821544691264,-342.5440323900372,653.956263665175,-311.9589433224445,-0.5467120473066557
16.96,-0.026793547084765047,2.3320041865546086,0.0,-2.0318864950495352,1.0418285814018746,-0.00030943917191682507,-0.00036801448152297704,-1.1748542516585732,0.20293607320326446,-0.028081821544691264,-342.5440323900372,653.956263665175,-311.9589433224445,-0.5467120473066557
16.98,-0.025515695786897972,1.0924874079674045,0.0,-2.0343352937991717,1.0453796814336682,-0.0003115036223584338,-0.0003699892417476849,-1.1748542516585732,0.20293607320326446,-0.028081821544691264,-342.5440323900372,653.956263665175,-311.9589433224445,-0.5467120473066557
17.0,-0.02540151593027137,-2.001494226158509,0.0,-2.0404357895671583,1.0542574830322915,-0.00030765383552906837,-0.00037051233247001715,-1.1748542516585732,0.20293607320326446,-0.028081821544691264,-342.5440323900372,653.956263665175,-311.9589433224445,-0.5467120473066557
17.02,-0.025181756986680313,-0.32835185980466175,0.0,-2.037309797301458,1.048902591616636,-0.0003109343879475373,-0.00037617650910167156,-1.1699576998879868,0.19764946241684114,-0.027691762528854226,-337.7165119500467,666.480867297948,-329.33695672029353,-0.5726013723926083
17.04,-0.024439106957659905,1.1397849472526542,0.0,-2.0364950863157962,1.0469836003830428,-0.0003096524806308783,-0.0003773264747606105,-1.1699576998879868,0.19764946241684114,-0.027691762528854226,-337.7165119500467,666.480867297948,-329.33695672029353,-0.5726013723926083
17.06,-0.02408842805301637,-1.0767325008129829,0.0,-2.037566105214337,1.049773231570639,-0.0003104872113965256,-0.0003795762898678609,-1.1699576998879868,0.19764946241684114,-0.027691762528854226,-337.7165119500467,666.480867297948,-329.33695672029353,-0.5726013723926083
17.080000000000002,-0.023908424219008868,-3.576160707669234,0.0,-2.0371139746524833,1.0487076673290132,-0.0003112626989836706,-0.00037996679855213335,-1.1699576998879868,0.19764946241684114,-0.027691762528854226,-337.7165119500467,666.480867297948,-329.33695672029353,-0.5726013723926083
17.1,-0.022517399409235594,3.664120714498683,0.0,-2.0309502804840514,1.0351211686690691,-0.0003082614416822647,-0.00039028576353489816,-1.1699576998879868,0.19764946241684114,-0.027691762528854226,-337.7165119500467,666.480867297948,-329.33695672029353,-0.5726013723926083
17.12,-0.021294446401457015,0.043123914437776634,0.0,-2.0364219574604334,1.0425115890849543,-0.00031682605249746447,-0.00039381061950498813,-1.1699576998879868,0.19764946241684114,-0.027691762528854226,-337.7165119500467,666.480867297948,-329.33695672029353,-0.5726013723926083
17.14,-0.021291389403663933,0.33058374941005886,0.0,-2.0372057905267984,1.0437514823435536,-0.0003155194779616168,-0.000394704879429261,-1.1699576998879868,0.19764946241684114,-0.027691762528854226,-337.7165119500467,666.480867297948,-329.33695672029353,-0.5726013723926083
17.16,-0.021532286355630797,-2.9214559051383207,0.0,-2.0429365758237674,1.05227156937618,-0.00031242947077595926,-0.0003832442773516239,-1.1699576998879868,0.19764946241684114,-0.027691762528854226,-337.7165119500467,666.480867297948,-329.33695672029353,-0.5726013723926083
17.18,-0.021150750960842946,-3.1553976045360677,0.0,-2.0455972635036086,1.0522698633370358,-0.00031537733542033494,-0.00038563458707515557,-1.1699576998879868,0.19764946241684114,-0.027691762528854226,-337.7165119500467,666.480867297948,-329.33695672029353,-0.5726013723926083
17.2,-0.019123793865879944,1.1717008540885114,0.0,-2.0409822048262516,1.0411864557683368,-0.00029504210727032763,-0.0003856177100439335,-1.1699576998879868,0.19764946241684114,-0.027691762528854226,-337.7165119500467,666.480867297948,-329.33695672029353,-0.5726013723926083
17.22,-0.01663692558836659,3.238145118185676,0.0,-2.025159580781745,1.0220639821559387,-0.0002740872941020297,-0.00036863063130516694,-1.1699576998879868,0.19764946241684114,-0.027691762528854226,-337.7165119500467,666.480867297948,-329.33695672029353,-0.5726013723926083
17.240000000000002,-0.015546356277736898,3.470907177767113,0.0,-2.0295500951037146,1.0270679632345399,-0.000274469717080272,-0.00037079337972298235,-1.1699576998879868,0.19764946241684114,-0.027691762528854226,-337.7165119500467,666.480867297948,-329.33695672029353,-0.5726013723926083
17.26,-0.016518414051040917,0.29373087136444376,0.0,-2.061301101148814,1.0649929946210015,-0.00025146184529386043,-0.0003525613066429782,-1.1699576998879868,0.19764946241684114,-0.027691762528854226,-337.7165119500467,666.480867297948,-329.33695672029353,-0.5726013723926083
17.28,-0.018697118539964377,-4.583820884869932,0.0,-2.056939979963066,1.0676136467622217,-0.0002105567822338705,-0.00031250051774710035,-1.1699576998879868,0.19764946241684114,-0.027691762528854226,-337.7165119500467,666.480867297948,-329.33695672029353,-0.5726013723926083
17.3,-0.019737946408236798,-4.566059407018782,0.0,-2.0524760589947904,1.0639185175561465,-0.00020797736332920521,-0.0003082348312339301,-1.1699576998879868,0.19764946241684114,-0.027691762528854226,-337.7165119500467,666.480867297948,-329.33695672029353,-0.5726013723926083
17.32,-0.018224667221634315,1.2031138554320702,0.0,-2.0728924607562735,1.0811382541842312,-0.00019126993055387665,-0.000306771740262262,-1.1699576998879868,0.19764946241684114,-0.027691762528854226,-337.7165119500467,666.480867297948,-329.33695672029353,-0.5726013723926083
17.34,-0.01584197126700062,1.9537383291186545,0.0,-2.0724741532731157,1.0801755071642687,-0.0001855789405340037,-0.00030122638206454144,-1.1699576998879868,0.19764946241684114,-0.027691762528854226,-337.7165119500467,666.480867297948,-329.33695672029353,-0.5726013723926083
17.36,-0.014483697060103832,0.28089845185394413,0.0,-2.077377720996011,1.085863450177504,-0.00018619948301829201,-0.0003060644339732931,-1.1699576998879868,0.19764946241684114,-0.027691762528854226,-337.7165119500467,666.480867297948,-329.33695672029353,-0.5726013723926083
17.38,-0.01387125688269979,-0.8317457508729414,0.0,-2.083005322430004,1.0923289324275054,-0.0001845421389263347,-0.00030388883191759784,-1.1699576998879868,0.19764946241684114,-0.027691762528854226,-337.7165119500467,666.480867297948,-329.33695672029353,-0.5726013723926083
17.400000000000002,-0.013185187068781773,1.7115041374332773,0.0,-2.083304182074978,1.0926939765559576,-0.00018450145992725787,-0.00030365734923148605,-1.1699576998879868,0.19764946241684114,-0.027691762528854226,-337.7165119500467,666.480867297948,-329.33695672029353,-0.5726013723926083
17.42,-0.012840046496380776,-3.7663502067163486,0.0,-2.0920236290270102,1.1039584499160355,-0.0001888383498719853,-0.0003020487614510844,-1.1699576998879868,0.19764946241684114,-0.027691762528854226,-337.7165119500467,666.480867297948,-329.33695672029353,-0.5726013723926083
17.44,-0.011974371520904886,-3.053138120103225,0.0,-2.09049254985911,1.1004431543796271,-0.0001948748773111778,-0.0003019204403148792,-1.1699576998879868,0.19764946241684114,-0.027691762528854226,-337.7165119500467,666.480867297948,-329.33695672029353,-0.5726013723926083
17.46,-0.009187532335742054,2.1249798754725555,0.0,-2.067779274415312,1.0742757849652969,-0.00016576022795533973,-0.00030881745888380603,-1.1699576998879868,0.19764946241684114,-0.027691762528854226,-337.7165119500467,666.480867297948,-329.33695672029353,-0.5726013723926083
17.48,-0.00618698215491913,0.4708698022770266,0.0,-2.0520618768594896,1.057760482829429,-0.00015057359494595585,-0.000294941896776765,-1.1699576998879868,0.19764946241684114,-0.027691762528854226,-337.7165119500467,666.480867297948,-329.33695672029353,-0.5726013723926083
17.5,-0.003985670756828683,11.763835313736925,0.0,-2.0193881356865884,1.023606922910649,-0.00015022310931121343,-0.0002830108093869515,-1.1699576998879868,0.19764946241684114,-0.027691762528854226,-337.7165119500467,666.480867297948,-329.33695672029353,-0.5726013723926083
17.52,-0.0053922905449548504,-7.921162557856443,0.0,-2.08293727265728,1.0895860722208135,-0.00015578337737523636,-0.0002671108808092625,-1.1220727749677104,0.14873056935723084,-0.026657794389520477,-659.5711885936056,1295.2277406659678,-636.5869043649789,-0.930352292616478
17.54,-0.007958283027397184,-7.823936029118165,0.0,-2.0871186146247096,1.092773899327165,-0.00017889829823362807,-0.00027408234359442,-1.1220727749677104,0.14873056935723084,-0.026657794389520477,-659.5711885936056,1295.2277406659678,-636.5869043649789,-0.930352292616478
17.56,-0.005963973942734782,6.345933787457366,0.0,-2.0917603148810535,1.0958909318283303,-0.00016122950383563227,-0.00031627655223993644,-1.1220727749677104,0.14873056935723084,-0.026657794389520477,-659.5711885936056,1295.2277406659678,-636.5869043649789,-0.930352292616478
17.580000000000002,-0.0035745784897311694,3.1526187730746438,0.0,-2.0889144526221224,1.0927382501139027,-0.0001851355381054571,-0.00034139516797296126,-1.1220727749677104,0.14873056935723084,-0.026657794389520477,-659.5711885936056,1295.2277406659678,-636.5869043649789,-0.930352292616478
17.6,-0.00398927701299246,-3.792758268228333,0.0,-2.0958342729819837,1.1001591527836923,-0.00017644432902179957,-0.00035591064546460903,-1.1220727749677104,0.14873056935723084,-0.026657794389520477,-659.5711885936056,1295.2277406659678,-636.5869043649789,-0.930352292616478
17.62,-0.004241735219255811,-0.9673197521568389,0.0,-2.09595209561139,1.1002898862253547,-0.00017633687931673761,-0.0003557114758910365,-1.1220727749677104,0.14873056935723084,-0.026657794389520477,-659.5711885936056,1295.2277406659678,-636.5869043649789,-0.930352292616478
17.64,-0.003127088354603148,2.7525771904985668,0.0,-2.0968387182695394,1.101348786590904,-0.000179478177927836,-0.0003534533847785708,-1.1220727749677104,0.14873056935723084,-0.026657794389520477,-659.5711885936056,1295.2277406659678,-636.5869043649789,-0.930352292616478
17.66,-0.0025549922976987687,-1.522682899082647,0.0,-2.0986734770967983,1.103352983536836,-0.0001854728069971955,-0.0003655277869181626,-1.1220727749677104,0.14873056935723084,-0.026657794389520477,-659.5711885936056,1295.2277406659678,-636.5869043649789,-0.930352292616478
17.68,-0.002359200843093844,-4.76334865315778,0.0,-2.1007809014630943,1.1057177067605,-0.0001826698554603344,-0.0003658867276049214,-1.1220727749677104,0.14873056935723084,-0.026657794389520477,-659.5711885936056,1295.2277406659678,-636.5869043649789,-0.930352292616478
17.7,-0.0003375412417235259,4.273778219724367,0.0,-2.095548854182639,1.1001794365145243,-0.00017985330758402428,-0.00037038821613586537,-1.1220727749677104,0.14873056935723084,-0.026657794389520477,-659.5711885936056,1295.2277406659678,-636.5869043649789,-0.930352292616478
17.72,0.0018253485553497736,2.6231000582447352,0.0,-2.106232691807119,1.1106641525944325,-0.0001927434093961271,-0.0003763854267325948,-1.1220727749677104,0.14873056935723084,-0.026657794389520477,-659.5711885936056,1295.2277406659678,-636.5869043649789,-0.930352292616478
17.740000000000002,0.0019801162669634124,-2.103837456684102,0.0,-2.116645295247198,1.1210355563835472,-0.00018835979702060626,-0.0003850679493204087,-1.1220727749677104,0.14873056935723084,-0.026657794389520477,-659.5711885936056,1295.2277406659678,-636.5869043649789,-0.930352292616478
17.76,0.0019953396255046538,0.896520867068682,0.0,-2.121296717765893,1.125793789050459,-0.00018591590429862872,-0.00038056307079434266,-1.1220727749677104,0.14873056935723084,-0.026657794389520477,-659.5711885936056,1295.2277406659678,-636.5869043649789,-0.930352292616478
17.78,0.002376719934908467,-1.0041245353887391,0.0,-2.127222241188775,1.1314571431265619,-0.0001917805884691174,-0.00037487823805107444,-1.1220727749677104,0.14873056935723084,-0.026657794389520477,-659.5711885936056,1295.2277406659678,-636.5869043649789,-0.930352292616478
17.8,0.0028046312074407253,-3.0620045696828866,0.0,-2.127018833598643,1.1310228750459277,-0.00019115789750847174,-0.00037806531675873016,-1.1220727749677104,0.14873056935723084,-0.026657794389520477,-659.5711885936056,1295.2277406659678,-636.5869043649789,-0.930352292616478
17.82,0.00444097414892989,0.4546272432260783,0.0,-2.125597943195385,1.1296832144674214,-0.00019030353130621794,-0.00037833970409288653,-1.1220727749677104,0.14873056935723084,-0.026657794389520477,-659.5711885936056,1295.2277406659678,-636.5869043649789,-0.930352292616478
17.84,0.006868913634462689,3.7247627065829674,0.0,-2.124073449504144,1.1282485044297628,-0.0001888859805195942,-0.0003776723241948594,-1.1220727749677104,0.14873056935723084,-0.026657794389520477,-659.5711885936056,1295.2277406659678,-636.5869043649789,-0.930352292616478
17.86,0.008116419800354246,-2.953416936458604,0.0,-2.1348834368564447,1.1385287254001548,-0.00019201253093162807,-0.00038320253525849337,-1.1220727749677104,0.14873056935723084,-0.026657794389520477,-659.5711885936056,1295.2277406659678,-636.5869043649789,-0.930352292616478
17.88,0.009189346366531258,5.401808590660484,0.0,-2.1225531725911555,1.1266867195346637,-0.00019673954634163315,-0.0003849641024248382,-1.1220727749677104,0.14873056935723084,-0.026657794389520477,-659.5711885936056,1295.2277406659678,-636.5869043649789,-0.930352292616478
17.900000000000002,0.009603413516589308,0.9968822367098156,0.0,-2.1495809696795662,1.152138827799674,-0.00021169378586601362,-0.0003757648560103516,-1.1220727749677104,0.14873056935723084,-0.026657794389520477,-659.5711885936056,1295.2277406659678,-636.5869043649789,-0.930352292616478
17.92,0.008204498557411052,-11.869409146962647,0.0,-2.1507585932421636,1.1520168061929417,-0.00019730645432678869,-0.0003819198803388122,-1.1220727749677104,0.14873056935723084,-0.026657794389520477,-659.5711885936056,1295.2277406659678,-636.5869043649789,-0.930352292616478
17.94,0.010041189365707994,5.596187417279847,0.0,-2.1514189845375737,1.1543793954765516,-0.00021024216222458294,-0.00041395272456283013,-1.1220727749677104,0.14873056935723084,-0.026657794389520477,-659.5711885936056,1295.2277406659678,-636.5869043649789,-0.930352292616478
17.96,0.013778328213542084,0.8842970326214159,0.0,-2.1549659060483703,1.1574497153200236,-0.00021813333289378407,-0.0004155053142419505,-1.1220727749677104,0.14873056935723084,-0.026657794389520477,-659.5711885936056,1295.2277406659678,-636.5869043649789,-0.930352292616478
17.98,0.015704995052181803,1.297085003562134,0.0,-2.1370882879688744,1.142068514169642,-0.00022148399796810607,-0.0003790631637769066,-1.1220727749677104,0.14873056935723084,-0.026657794389520477,-659.5711885936056,1295.2277406659678,-636.5869043649789,-0.930352292616478
18.0,0.017092210248457796,2.937584739526436,0.0,-2.1132613516699,1.1192441515618967,-0.00021968170097366618,-0.0003873100890227033,-1.1220727749677104,0.14873056935723084,-0.026657794389520477,-659.5711885936056,1295.2277406659678,-636.5869043649789,-0.930352292616478
18.02,0.017347579919780417,-0.2009677366483169,0.0,-2.1160424188941627,1.1217091905728829,-0.00021984394175139654,-0.0003871684535671031,-1.099276754592861,0.1251711323220059,-0.025894377729144945,-514.270952111992,1010.6192454906686,-496.99645253600306,-0.6481591573263588
18.04,0.016911334869647007,1.7729235388161015,0.0,-2.11438673995521,1.1204629951257044,-0.0002209479452577529,-0.0003878679173080413,-1.099276754592861,0.1251711323220059,-0.025894377729144945,-514.270952111992,1010.6192454906686,-496.99645253600306,-0.6481591573263588
18.06,0.016121708519901353,-0.5759324219069493,0.0,-2.1169037026772006,1.1213390884745733,-0.00022115761102694455,-0.0003835633875194825,-1.099276754592861,0.1251711323220059,-0.025894377729144945,-514.270952111992,1010.6192454906686,-496.99645253600306,-0.6481591573263588
18.080000000000002,0.015083497287281393,-0.2600677949109257,0.0,-2.1144332630636216,1.1180071418976834,-0.00021924042928488216,-0.000383671807452121,-1.099276754592861,0.1251711323220059,-0.025894377729144945,-514.270952111992,1010.6192454906686,-496.99645253600306,-0.6481591573263588
18.1,0.014385387119874797,-3.0878280966341496,0.0,-2.11147090899429,1.1139225177939553,-0.00021917192749766517,-0.0003820125834667562,-1.099276754592861,0.1251711323220059,-0.025894377729144945,-514.270952111992,1010.6192454906686,-496.99645253600306,-0.6481591573263588
18.12,0.014758459625156786,1.1533429302792282,0.0,-2.117691792691581,1.1219499793627563,-0.00021905519337199196,-0.0003799793931022498,-1.099276754592861,0.1251711323220059,-0.025894377729144945,-514.270952111992,1010.6192454906686,-496.99645253600306,-0.6481591573263588
18.14,0.01579122439758515,5.568076281757065,0.0,-2.1168961338349326,1.1218164917950677,-0.00021628404555223553,-0.0003787895886210897,-1.099276754592861,0.1251711323220059,-0.025894377729144945,-514.270952111992,1010.6192454906686,-496.99645253600306,-0.6481591573263588
18.16,0.014955781849987127,-9.648103905850046,0.0,-2.12520095975232,1.126600821739416,-0.00021794587277386624,-0.0003925364186415859,-1.099276754592861,0.1251711323220059,-0.025894377729144945,-514.270952111992,1010.6192454906686,-496.99645253600306,-0.6481591573263588
18.18,0.01540951343993695,9.95548295575325,0.0,-2.1303101431585922,1.1362790553293283,-0.0002597354860753477,-0.00040861495225039227,-1.099276754592861,0.1251711323220059,-0.025894377729144945,-514.270952111992,1010.6192454906686,-496.99645253600306,-0.6481591573263588
18.2,0.01587068755328028,-3.966008487008855,0.0,-2.1592650411355354,1.1601064443534639,-0.0003123921959106537,-0.00039611943835393367,-1.099276754592861,0.1251711323220059,-0.025894377729144945,-514.270952111992,1010.6192454906686,-496.99645253600306,-0.6481591573263588
18.22,0.014678498856039808,3.4478489299643753,0.0,-2.16719560597952,1.1696855133382331,-0.0003269557012735573,-0.00038235135886444875,-1.099276754592861,0.1251711323220059,-0.025894377729144945,-514.270952111992,1010.6192454906686,-496.99645253600306,-0.6481591573263588
18.240000000000002,0.013730783762963146,-9.367080456635316,0.0,-2.1803738867499662,1.180390804366528,-0.00033401616310042105,-0.0003529869216984622,-1.099276754592861,0.1251711323220059,-0.025894377729144945,-514.270952111992,1010.6192454906686,-496.99645253600306,-0.6481591573263588
18.26,0.01460303949059143,5.0640702021722,0.0,-2.224723733042949,1.2306211423422844,-0.00035660586601204064,-0.0003330098570064794,-1.099276754592861,0.1251711323220059,-0.025894377729144945,-514.270952111992,1010.6192454906686,-496.99645253600306,-0.6481591573263588
18.28,0.016827560379638503,5.397442439244194,0.0,-2.219258976277588,1.2262762369752973,-0.00034567514693696605,-0.0003325319707407696,-1.099276754592861,0.1251711323220059,-0.025894377729144945,-514.270952111992,1010.6192454906686,-496.99645253600306,-0.6481591573263588
18.3,0.01609538757989957,-1.3566626855628359,0.0,-2.2255945909320536,1.230454120807822,-0.00034366957911434877,-0.00035081845088969307,-1.099276754592861,0.1251711323220059,-0.025894377729144945,-514.270952111992,1010.6192454906686,-496.99645253600306,-0.6481591573263588
18.32,0.014281833526931985,1.3685499511017296,0.0,-2.2275447942156807,1.2320813911039794,-0.00034058843404975356,-0.00034759993318432173,-1.099276754592861,0.1251711323220059,-0.025894377729144945,-514.270952111992,1010.6192454906686,-496.99645253600306,-0.6481591573263588
18.34,0.012555046007865597,-5.173189608268281,0.0,-2.2189333718011315,1.2211190265372691,-0.0003385330905058327,-0.0003338686761939656,-1.099276754592861,0.1251711323220059,-0.025894377729144945,-514.270952111992,1010.6192454906686,-496.99645253600306,-0.6481591573263588
18.36,0.012021652842883574,0.2050750358131177,0.0,-2.2356828765319863,1.2395308427482414,-0.0003433904732112887,-0.0003323067628802257,-1.099276754592861,0.1251711323220059,-0.025894377729144945,-514.270952111992,1010.6192454906686,-496.99645253600306,-0.6481591573263588
18.38,0.01301896252484527,0.6660432110016135,0.0,-2.2384930176155993,1.2434465644738477,-0.00033756869099081015,-0.0003315028380750419,-1.099276754592861,0.1251711323220059,-0.025894377729144945,-514.270952111992,1010.6192454906686,-496.99645253600306,-0.6481591573263588
18.400000000000002,0.013843477692076792,3.7284914679050796,0.0,-2.2384882002253166,1.2448970101426793,-0.00033463486102681587,-0.0003223559917848711,-1.099276754592861,0.1251711323220059,-0.025894377729144945,-514.270952111992,1010.6192454906686,-496.99645253600306,-0.6481591573263588
18.42,0.013468738372410326,0.42641849104007257,0.0,-2.244617946088818,1.250062610802079,-0.00033537684505036776,-0.00032274372749962116,-1.099276754592861,0.1251711323220059,-0.025894377729144945,-514.270952111992,1010.6192454906686,-496.99645253600306,-0.6481591573263588
18.44,0.011962535795582329,-1.9511011927976376,0.0,-2.2452756349420118,1.2498784488815387,-0.0003307980164869492,-0.0003208597478729433,-1.099276754592861,0.1251711323220059,-0.025894377729144945,-514.270952111992,1010.6192454906686,-496.99645253600306,-0.6481591573263588
18.46,0.010978383330143749,-0.7616389210386489,0.0,-2.2456221723309358,1.2503065931470274,-0.0003310490799959372,-0.00032133162357925144,-1.099276754592861,0.1251711323220059,-0.025894377729144945,-514.270952111992,1010.6192454906686,-496.99645253600306,-0.6481591573263588
18.48,0.010857946413377286,0.1312587089760633,0.0,-2.2475837573471154,1.252606786086123,-0.0003305253223543079,-0.0003211933466049145,-1.099276754592861,0.1251711323220059,-0.025894377729144945,-514.270952111992,1010.6192454906686,-496.99645253600306,-0.6481591573263588
18.5,0.01099071606198685,1.7187075695084895,0.0,-2.249002707685366,1.254472485059452,-0.0003298277510212778,-0.00031972011292240977,-1.099276754592861,0.1251711323220059,-0.025894377729144945,-514.270952111992,1010.6192454906686,-496.99645253600306,-0.6481591573263588
18.52,0.010651243735163178,-3.238451870798095,0.0,-2.249101897050624,1.2543702486957535,-0.0003299578537366634,-0.0003200542081967573,-1.0761226694357795,0.09927848129686953,-0.02315581186109008,-675.7370485803619,1334.4225994418607,-659.2908329257515,-0.6052820642528207
18.54,0.010824096197755245,3.11637243223994,0.0,-2.2503790206616037,1.2570334084118906,-0.00033400036001802764,-0.0003210424508672994,-1.0761226694357795,0.09927848129686953,-0.02315581186109008,-675.7370485803619,1334.4225994418607,-659.2908329257515,-0.6052820642528207
18.56,0.011101106975947007,0.5626885550628362,0.0,-2.2502328618896685,1.2569365072021894,-0.0003337517348210143,-0.00032105590303786345,-1.0761226694357795,0.09927848129686953,-0.02315581186109008,-675.7370485803619,1334.4225994418607,-659.2908329257515,-0.6052820642528207
18.580000000000002,0.010370985571305153,-1.5008804708585206,0.0,-2.250417999003493,1.2573159339535769,-0.0003343637775596082,-0.00032027898920506385,-1.0761226694357795,0.09927848129686953,-0.02315581186109008,-675.7370485803619,1334.4225994418607,-659.2908329257515,-0.6052820642528207
18.6,0.009981128821753324,-0.171672871953076,0.0,-2.2500280732534947,1.2576135445267411,-0.000336107663690419,-0.00032427256512065406,-1.0761226694357795,0.09927848129686953,-0.02315581186109008,-675.7370485803619,1334.4225994418607,-659.2908329257515,-0.6052820642528207
18.62,0.010144108603868924,7.364471709691921,0.0,-2.251840889338169,1.2602858073282017,-0.0003343658865993634,-0.00032404565342995323,-1.0761226694357795,0.09927848129686953,-0.02315581186109008,-675.7370485803619,1334.4225994418607,-659.2908329257515,-0.6052820642528207
18.64,0.008264996767340401,-7.274651817568149,0.0,-2.250203760564647,1.256073675994145,-0.0003376238042339087,-0.00033161504530031434,-1.0761226694357795,0.09927848129686953,-0.02315581186109008,-675.7370485803619,1334.4225994418607,-659.2908329257515,-0.6052820642528207
18.66,0.006411852487510889,1.7892634844546471,0.0,-2.2592149352904465,1.265533216264785,-0.0003496611253088313,-0.0003350552346152867,-1.0761226694357795,0.09927848129686953,-0.02315581186109008,-675.7370485803619,1334.4225994418607,-659.2908329257515,-0.6052820642528207
18.68,0.006205512799333981,3.7514862935552316,0.0,-2.254796482444448,1.2604926611379923,-0.0003553934563437696,-0.0003283407960745847,-1.0761226694357795,0.09927848129686953,-0.02315581186109008,-675.7370485803619,1334.4225994418607,-659.2908329257515,-0.6052820642528207
18.7,0.0044158877936731535,-2.6456162720429828,0.0,-2.2258352417375242,1.2294395793467006,-0.0003523077240579236,-0.00035261111630295367,-1.0761226694357795,0.09927848129686953,-0.02315581186109008,-675.7370485803619,1334.4225994418607,-659.2908329257515,-0.6052820642528207
18.72,0.002330341050572328,-3.76716359341647,0.0,-2.2141817016237564,1.2174517617718656,-0.0003404857667941406,-0.0003453862263741684,-1.0761226694357795,0.09927848129686953,-0.02315581186109008,-675.7370485803619,1334.4225994418607,-659.2908329257515,-0.6052820642528207
18.740000000000002,0.0021374144397773394,3.272859855321553,0.0,-2.2119712610938294,1.2151784256365428,-0.0003404786947840446,-0.00034435539663409104,-1.0761226694357795,0.09927848129686953,-0.02315581186109008,-675.7370485803619,1334.4225994418607,-659.2908329257515,-0.6052820642528207
18.76,0.002102746930042036,-7.574184029901732,0.0,-2.1989046010700095,1.2011592711553354,-0.0003506294819429972,-0.00035450247716994074,-1.0761226694357795,0.09927848129686953,-0.02315581186109008,-675.7370485803619,1334.4225994418607,-659.2908329257515,-0.6052820642528207
18.78,0.003340952578833098,0.9928024675253688,0.0,-2.209826986912392,1.2125915638728886,-0.00036038865916909686,-0.00034508528983947183,-1.0761226694357795,0.09927848129686953,-0.02315581186109008,-675.7370485803619,1334.4225994418607,-659.2908329257515,-0.6052820642528207
18.8,0.006527537758374507,5.408370931138496,0.0,-2.1861677181079773,1.1899412611229947,-0.0003334417190466167,-0.0003453361627669978,-1.0761226694357795,0.09927848129686953,-0.02315581186109008,-675.7370485803619,1334.4225994418607,-659.2908329257515,-0.6052820642528207
18.82,0.007880925930043994,2.207542495408144,0.0,-2.175415547154369,1.1797990782949555,-0.00032891577956663725,-0.00033489885022285125,-1.0761226694357795,0.09927848129686953,-0.02315581186109008,-675.7370485803619,1334.4225994418607,-659.2908329257515,-0.6052820642528207
18.84,0.007053974819584726,0.2547927420040592,0.0,-2.168495551964977,1.1730281548565404,-0.00033135161443709535,-0.0003362895149129873,-1.0761226694357795,0.09927848129686953,-0.02315581186109008,-675.7370485803619,1334.4225994418607,-659.2908329257515,-0.6052820642528207
18.86,0.0055505629506161155,5.9768579261663595,0.0,-2.1680772554949916,1.172645075765317,-0.00033185518320406876,-0.0003371768936284611,-1.0761226694357795,0.09927848129686953,-0.02315581186109008,-675.7370485803619,1334.4225994418607,-659.2908329257515,-0.6052820642528207
18.88,0.002257395214705465,-1.9269751219311742,0.0,-2.1442945991032523,1.147171417914619,-0.00032245072829103263,-0.0003250767263525085,-1.0761226694357795,0.09927848129686953,-0.02315581186109008,-675.7370485803619,1334.4225994418607,-659.2908329257515,-0.6052820642528207
18.900000000000002,-0.002207450387474692,-8.700452890035818,0.0,-2.082174597032278,1.0847209496087138,-0.0002822667827740204,-0.00031130805459826454,-1.0761226694357795,0.09927848129686953,-0.02315581186109008,-675.7370485803619,1334.4225994418607,-659.2908329257515,-0.6052820642528207
18.92,-0.0035741563418037565,-0.3337477212957154,0.0,-2.0802082252085654,1.0827626018167344,-0.0002818515935315935,-0.0003105310341659316,-1.0761226694357795,0.09927848129686953,-0.02315581186109008,-675.7370485803619,1334.4225994418607,-659.2908329257515,-0.6052820642528207
18.94,-0.002317921129874616,-2.685307438485509,0.0,-2.070425243405093,1.072803978368316,-0.00028743672396719063,-0.00031388032864010146,-1.0761226694357795,0.09927848129686953,-0.02315581186109008,-675.7370485803619,1334.4225994418607,-659.2908329257515,-0.6052820642528207
18.96,-0.0001922455531916823,5.520487939274282,0.0,-2.078259072977843,1.080850564139101,-0.0002823986579963568,-0.0002944930255793274,-1.0761226694357795,0.09927848129686953,-0.02315581186109008,-675.7370485803619,1334.4225994418607,-659.2908329257515,-0.6052820642528207
18.98,0.0011019690883514852,-3.9813695285165114,0.0,-2.085149022912203,1.087743729635917,-0.00028596608221715986,-0.0002957849034636682,-1.0761226694357795,0.09927848129686953,-0.02315581186109008,-675.7370485803619,1334.4225994418607,-659.2908329257515,-0.6052820642528207
19.0,0.0019524372343942566,4.694344977084063,0.0,-2.067293485549137,1.0695538835403386,-0.00029797882755852844,-0.0002913907200037087,-1.0761226694357795,0.09927848129686953,-0.02315581186109008,-675.7370485803619,1334.4225994418607,-659.2908329257515,-0.6052820642528207
19.02,0.0026064619562203204,-4.840885939564399,0.0,-2.097732829068209,1.099831490022226,-0.0003123489722164376,-0.00027923166248959444,-1.1573663788760618,0.18377584409546602,-0.02640946521940435,-489.3225247812983,954.5720157023653,-465.91455772608833,-0.6650668050210967
19.04,0.0033198719610321,0.577208736254172,0.0,-2.0970039746343305,1.0992394763295337,-0.0003163438800649511,-0.00027606023664825466,-1.1573663788760618,0.18377584409546602,-0.02640946521940435,-489.3225247812983,954.5720157023653,-465.91455772608833,-0.6650668050210967
19.06,0.0053028201756745354,-4.7444040990968315,0.0,-2.1060104711732617,1.1079846029528264,-0.00032253333109223496,-0.00027293746468525735,-1.1573663788760618,0.18377584409546602,-0.02640946521940435,-489.3225247812983,954.5720157023653,-465.91455772608833,-0.6650668050210967
19.080000000000002,0.008539560216087812,5.87587545724048,0.0,-2.0896207108224205,1.0929128791480631,-0.00031539604588391544,-0.00025656396886102213,-1.1573663788760618,0.18377584409546602,-0.02640946521940435,-489.3225247812983,954.5720157023653,-465.91455772608833,-0.6650668050210967
19.1,0.011498977471825558,-0.554189894898176,0.0,-2.1398347085746234,1.1412552681178731,-0.0003414995451847917,-0.00026401258040763834,-1.1573663788760618,0.18377584409546602,-0.02640946521940435,-489.3225247812983,954.5720157023653,-465.91455772608833,-0.6650668050210967
19.12,0.012972778247570817,2.6209364028859072,0.0,-2.1577857758770014,1.1583314787734733,-0.00033923326574433483,-0.0002698188276572968,-1.1573663788760618,0.18377584409546602,-0.02640946521940435,-489.3225247812983,954.5720157023653,-465.91455772608833,-0.6650668050210967
19.14,0.013923406757631457,-4.684509389558687,0.0,-2.219390101259722,1.2171541440979523,-0.0003474039000304568,-0.0002502235517593187,-1.1573663788760618,0.18377584409546602,-0.02640946521940435,-489.3225247812983,954.5720157023653,-465.91455772608833,-0.6650668050210967
19.16,0.015566240013417328,-5.271206755467953,0.0,-2.2200437908236808,1.217708356918822,-0.0003472926881014916,-0.0002502831952411682,-1.1573663788760618,0.18377584409546602,-0.02640946521940435,-489.3225247812983,954.5720157023653,-465.91455772608833,-0.6650668050210967
19.18,0.02022241027353524,2.324263921070461,0.0,-2.1792228389062713,1.1813228650528436,-0.0003210239354259999,-0.00024948282026679707,-1.1573663788760618,0.18377584409546602,-0.02640946521940435,-489.3225247812983,954.5720157023653,-465.91455772608833,-0.6650668050210967
19.2,0.025869192738012747,1.0398006354985152,0.0,-2.148302673567693,1.1531581320308082,-0.0003008393251106694,-0.0002339481212229105,-1.1573663788760618,0.18377584409546602,-0.02640946521940435,-489.3225247812983,954.5720157023653,-465.91455772608833,-0.6650668050210967
19.22,0.030694628701835543,8.411797439595636,0.0,-2.081058624344482,1.0902509286734563,-0.00028764488203263263,-0.00021464586987203862,-1.1573663788760618,0.18377584409546602,-0.02640946521940435,-489.3225247812983,954.5720157023653,-465.91455772608833,-0.6650668050210967
19.240000000000002,0.03294777749445043,-3.5057091060224668,0.0,-2.1684669947458803,1.1723388292639894,-0.00030117681654694985,-0.00021259817770997826,-1.1573663788760618,0.18377584409546602,-0.02640946521940435,-489.3225247812983,954.5720157023653,-465.91455772608833,-0.6650668050210967
19.26,0.03397326863434327,-1.2853528431038042,0.0,-2.1457868913577305,1.1524001735846987,-0.0003099593717224653,-0.00021614948508511304,-1.1573663788760618,0.18377584409546602,-0.02640946521940435,-489.3225247812983,954.5720157023653,-465.91455772608833,-0.6650668050210967
19.28,0.036615481618191656,3.810803284355751,0.0,-2.123391190449474,1.1338805251712973,-0.00030180909324850483,-0.00022721512070145232,-1.1573663788760618,0.18377584409546602,-0.02640946521940435,-489.3225247812983,954.5720157023653,-465.91455772608833,-0.6650668050210967
19.3,0.03875009086381023,0.44783875974612997,0.0,-2.135148624267805,1.1416635627980432,-0.00030984531890785157,-0.00023672264508838416,-1.1573663788760618,0.18377584409546602,-0.02640946521940435,-489.3225247812983,954.5720157023653,-465.91455772608833,-0.6650668050210967
19.32,0.03988346717630515,0.6914710553153954,0.0,-2.1410500120748313,1.146006031958169,-0.0003092670182223463,-0.0002379895850617881,-1.1573663788760618,0.18377584409546602,-0.02640946521940435,-489.3225247812983,954.5720157023653,-465.91455772608833,-0.6650668050210967
19.34,0.04093548080817764,-2.12775012036396,0.0,-2.149101035608772,1.1516846870411157,-0.0003102143467314943,-0.00023552022037767755,-1.1573663788760618,0.18377584409546602,-0.02640946521940435,-489.3225247812983,954.5720157023653,-465.91455772608833,-0.6650668050210967
19.36,0.04266627289432375,-3.5387593472217205,0.0,-2.1453543083134927,1.1504441702196169,-0.00030920498380849023,-0.00023450876673890118,-1.1573663788760618,0.18377584409546602,-0.02640946521940435,-489.3225247812983,954.5720157023653,-465.91455772608833,-0.6650668050210967
19.38,0.046324174351317145,2.367725495453003,0.0,-2.120183971094356,1.135803895268295,-0.0002904975091856259,-0.0002265401832834427,-1.1573663788760618,0.18377584409546602,-0.02640946521940435,-489.3225247812983,954.5720157023653,-465.91455772608833,-0.6650668050210967
19.400000000000002,0.05061726443910417,0.22138835332466922,0.0,-2.09207499035055,1.1141071607659145,-0.0002704897797660269,-0.0002121347306152473,-1.1573663788760618,0.18377584409546602,-0.02640946521940435,-489.3225247812983,954.5720157023653,-465.91455772608833,-0.6650668050210967
19.42,0.05447287778176997,10.09592032113933,0.0,-2.034678114098064,1.066673039071573,-0.00026035389832055895,-0.00019071815554500015,-1.1573663788760618,0.18377584409546602,-0.02640946521940435,-489.3225247812983,954.5720157023653,-465.91455772608833,-0.6650668050210967
19.44,0.05565647617522295,1.5242564268528174,0.0,-2.0874440276730035,1.1119087844327251,-0.0002712223220579215,-0.0001892846312327482,-1.1573663788760618,0.18377584409546602,-0.02640946521940435,-489.3225247812983,954.5720157023653,-465.91455772608833,-0.6650668050210967
19.46,0.05379477317435819,-3.787213159705323,0.0,-2.0960740495974295,1.1150279821838311,-0.0002504541716778166,-0.00018454173503718713,-1.1573663788760618,0.18377584409546602,-0.02640946521940435,-489.3225247812983,954.5720157023653,-465.91455772608833,-0.6650668050210967
19.48,0.052934436363356915,1.518428076862862,0.0,-2.098314340897109,1.1190289533726672,-0.00025335714927321294,-0.00019163377935706356,-1.1573663788760618,0.18377584409546602,-0.02640946521940435,-489.3225247812983,954.5720157023653,-465.91455772608833,-0.6650668050210967
19.5,0.05307173390813335,0.6692926395907808,0.0,-2.080310144006538,1.0952300466160716,-0.0002598733098703694,-0.00019418999991417042,-1.1573663788760618,0.18377584409546602,-0.02640946521940435,-489.3225247812983,954.5720157023653,-465.91455772608833,-0.6650668050210967
19.52,0.05290460655133515,0.021057584878185376,0.0,-2.06467284448455,1.0741392465941184,-0.00025858910301475714,-0.00020448300183947406,-1.1800846146376236,0.20712576556386214,-0.02704115092623847,-551.0581738147025,1084.7640525873844,-534.5555102631382,-0.8496314904568544
19.54,0.052869776968375116,-0.14273931244235435,0.0,-2.059211947021813,1.0649616862159617,-0.00025765431322951953,-0.00020394378129639617,-1.1800846146376236,0.20712576556386214,-0.02704115092623847,-551.0581738147025,1084.7640525873844,-534.5555102631382,-0.8496314904568544
19.56,0.05320443605941122,1.3436007373125112,0.0,-2.054161714784653,1.0568413529388587,-0.0002580824677545799,-0.0002049976194253728,-1.1800846146376236,0.20712576556386214,-0.02704115092623847,-551.0581738147025,1084.7640525873844,-534.5555102631382,-0.8496314904568544
19.580000000000002,0.05352403622877802,-1.488189163104331,0.0,-2.0489200500881704,1.0471551585347332,-0.0002599542925260237,-0.0002081847661168331,-1.1800846146376236,0.20712576556386214,-0.02704115092623847,-551.0581738147025,1084.7640525873844,-534.5555102631382,-0.8496314904568544
19.6,0.05422394144205896,-5.9799727272081995,0.0,-2.0483475222369565,1.0460604237909124,-0.0002597926441691998,-0.00020848777690411064,-1.1800846146376236,0.20712576556386214,-0.02704115092623847,-551.0581738147025,1084.7640525873844,-534.5555102631382,-0.8496314904568544
19.62,0.05744947770588904,-0.6252823785759496,0.0,-2.0469591138026693,1.053730486358651,-0.00024814850449739515,-0.00020553322147348808,-1.1800846146376236,0.20712576556386214,-0.02704115092623847,-551.0581738147025,1084.7640525873844,-534.5555102631382,-0.8496314904568544
19.64,0.06296845109346562,14.39050282981084,0.0,-2.006691067074885,1.0239343982198672,-0.00019640706550586262,-0.0001758221376315208,-1.1800846146376236,0.20712576556386214,-0.02704115092623847,-551.0581738147025,1084.7640525873844,-534.5555102631382,-0.8496314904568544
19.66,0.06486351993809536,2.483234014327458,0.0,-2.0567896338959026,1.0678133921856985,-0.0002189555098266733,-0.00020611518954177387,-1.1800846146376236,0.20712576556386214,-0.02704115092623847,-551.0581738147025,1084.7640525873844,-534.5555102631382,-0.8496314904568544
19.68,0.06223871776486306,-9.257866949301555,0.0,-2.0649034551360383,1.07425926250418,-0.00020563460509715847,-0.00020370547019432316,-1.1800846146376236,0.20712576556386214,-0.02704115092623847,-551.0581738147025,1084.7640525873844,-534.5555102631382,-0.8496314904568544
19.7,0.06198649140309033,5.98077696750995,0.0,-2.0737448370716147,1.0915320563968012,-0.00023443162245510244,-0.0002789179854530774,-1.1800846146376236,0.20712576556386214,-0.02704115092623847,-551.0581738147025,1084.7640525873844,-534.5555102631382,-0.8496314904568544
19.72,0.0630833406617907,-0.253742903851526,0.0,-2.0644404043454383,1.0794175062898064,-0.0002449016564360345,-0.00028085112071766025,-1.1800846146376236,0.20712576556386214,-0.02704115092623847,-551.0581738147025,1084.7640525873844,-534.5555102631382,-0.8496314904568544
19.740000000000002,0.06290521859258079,1.304065387910299,0.0,-2.0760459877775994,1.093695549421385,-0.0002503978982075538,-0.00026945856819858343,-1.1800846146376236,0.20712576556386214,-0.02704115092623847,-551.0581738147025,1084.7640525873844,-534.5555102631382,-0.8496314904568544
19.76,0.06281740456113356,-4.699328532977462,0.0,-2.0758251296297487,1.0944340934674626,-0.000250462929760648,-0.00027208369565553215,-1.1800846146376236,0.20712576556386214,-0.02704115092623847,-551.0581738147025,1084.7640525873844,-534.5555102631382,-0.8496314904568544
19.78,0.06411821311413762,9.783634160541116,0.0,-2.1025291755159143,1.1294518262987163,-0.00025641147838945994,-0.000266957113873812,-1.1800846146376236,0.20712576556386214,-0.02704115092623847,-551.0581738147025,1084.7640525873844,-534.5555102631382,-0.8496314904568544
19.8,0.06433864740061157,0.6533862263921044,0.0,-2.1053697509916063,1.1280749274452457,-0.00027069974974438854,-0.0002709030497202258,-1.1800846146376236,0.20712576556386214,-0.02704115092623847,-551.0581738147025,1084.7640525873844,-534.5555102631382,-0.8496314904568544
19.82,0.06191625142329059,1.9929306103929076,0.0,-2.1024078868341483,1.1243710914219693,-0.00026666769498835636,-0.00027227764060081336,-1.1800846146376236,0.20712576556386214,-0.02704115092623847,-551.0581738147025,1084.7640525873844,-534.5555102631382,-0.8496314904568544
19.84,0.059111515509873286,0.6268651203971811,0.0,-2.08933380005339,1.1081209221943842,-0.00025892453034095464,-0.0002521875823230981,-1.1800846146376236,0.20712576556386214,-0.02704115092623847,-551.0581738147025,1084.7640525873844,-534.5555102631382,-0.8496314904568544
19.86,0.05591440071854401,-0.038869286753516474,0.0,-2.04018252093956,1.0542637714306033,-0.0002458914423575837,-0.00025055279501326276,-1.1800846146376236,0.20712576556386214,-0.02704115092623847,-551.0581738147025,1084.7640525873844,-534.5555102631382,-0.8496314904568544
19.88,0.05289849458471995,0.4344000866185309,0.0,-1.9881624917701008,0.9976330583977165,-0.00023495268029121924,-0.00024574063004795027,-1.1800846146376236,0.20712576556386214,-0.02704115092623847,-551.0581738147025,1084.7640525873844,-534.5555102631382,-0.8496314904568544
19.900000000000002,0.05010100219143233,-4.04266328330624,0.0,-1.927209272378765,0.9315350687955072,-0.00022569978510228616,-0.0002455261027800546,-1.1800846146376236,0.20712576556386214,-0.02704115092623847,-551.0581738147025,1084.7640525873844,-534.5555102631382,-0.8496314904568544
19.92,0.04867510240467495,-0.6857885013736249,0.0,-1.9161112112428604,0.9195121004564656,-0.00022379484256642026,-0.0002458305301393547,-1.1800846146376236,0.20712576556386214,-0.02704115092623847,-551.0581738147025,1084.7640525873844,-534.5555102631382,-0.8496314904568544
19.94,0.048939420025561176,-1.1712906711219344,0.0,-1.9101256405600688,0.9127193332255992,-0.00022574974956224522,-0.0002468154605326379,-1.1800846146376236,0.20712576556386214,-0.02704115092623847,-551.0581738147025,1084.7640525873844,-534.5555102631382,-0.8496314904568544
19.96,0.050055926193759204,4.674011146114138,0.0,-1.9152564351475816,0.9191151280975477,-0.00022388749361893927,-0.00024124817543458635,-1.1800846146376236,0.20712576556386214,-0.02704115092623847,-551.0581738147025,1084.7640525873844,-534.5555102631382,-0.8496314904568544
19.98,0.050464373541535885,0.17266816561325093,0.0,-1.9188151544466552,0.9212619974676027,-0.0002277553191857925,-0.000244309920458173,-1.1800846146376236,0.20712576556386214,-0.02704115092623847,-551.0581738147025,1084.7640525873844,-534.5555102631382,-0.8496314904568544
