t,y,u,ref,a1_est,a2_est,b1_est,b2_est,r1,r2,r3,s0,s1,s2,t0
0.0,0.1,34.06625316695298,0.0,-2.006320008667282,1.0,-0.0002928370247095777,-0.0002928370247095777,-1.2033447024137292,0.23239066389667679,-0.029045961482947642,-366.773603648824,697.1883841780134,-331.0865546039099,-0.6717740747203834
0.02,0.09039448733016114,11.70980131550558,0.0,-2.006320008667282,1.0,-0.0002928370247095777,-0.0002928370247095777,-1.2033447024137292,0.23239066389667679,-0.029045961482947642,-366.773603648824,697.1883841780134,-331.0865546039099,-0.6717740747203834
0.04,0.06801773981671444,-7.150980719067808,0.0,-2.006320008667282,1.0,-0.0002928370247095777,-0.0002928370247095777,-1.2033447024137292,0.23239066389667679,-0.029045961482947642,-366.773603648824,697.1883841780134,-331.0865546039099,-0.6717740747203834
0.06,0.044739640121349344,-6.76851165915293,0.0,-2.006320008667282,1.0,-0.0002928370247095777,-0.0002928370247095777,-1.2033447024137292,0.23239066389667679,-0.029045961482947642,-366.773603648824,697.1883841780134,-331.0865546039099,-0.6717740747203834
0.08,0.02581379796388711,-6.0233164393547165,0.0,-2.006320008667282,1.0,-0.0002928370247095777,-0.0002928370247095777,-1.2033447024137292,0.23239066389667679,-0.029045961482947642,-366.773603648824,697.1883841780134,-331.0865546039099,-0.6717740747203834
0.1,0.010794800282766547,-6.63311925359268,0.0,-2.006320008667282,1.0,-0.0002928370247095777,-0.0002928370247095777,-1.2033447024137292,0.23239066389667679,-0.029045961482947642,-366.773603648824,697.1883841780134,-331.0865546039099,-0.6717740747203834
0.12,-0.0004501769173516218,-5.973681488645695,0.0,-2.006320008667282,1.0,-0.0002928370247095777,-0.0002928370247095777,-1.2033447024137292,0.23239066389667679,-0.029045961482947642,-366.773603648824,697.1883841780134,-331.0865546039099,-0.6717740747203834
0.14,-0.008006299579758985,-0.13895906006322178,0.0,-2.006320008667282,1.0,-0.0002928370247095777,-0.0002928370247095777,-1.2033447024137292,0.23239066389667679,-0.029045961482947642,-366.773603648824,697.1883841780134,-331.0865546039099,-0.6717740747203834
0.16,-0.013823030391485393,-2.4728828556786966,0.0,-2.006320008667282,1.0,-0.0002928370247095777,-0.0002928370247095777,-1.2033447024137292,0.23239066389667679,-0.029045961482947642,-366.773603648824,697.1883841780134,-331.0865546039099,-0.6717740747203834
0.18,-0.01896234908358006,-6.851082361733218,0.0,-2.006320008667282,1.0,-0.0002928370247095777,-0.0002928370247095777,-1.2033447024137292,0.23239066389667679,-0.029045961482947642,-366.773603648824,697.1883841780134,-331.0865546039099,-0.6717740747203834
0.2,-0.021491666442623958,4.797673226301161,0.0,-2.006320008667282,1.0,-0.0002928370247095777,-0.0002928370247095777,-1.2033447024137292,0.23239066389667679,-0.029045961482947642,-366.773603648824,697.1883841780134,-331.0865546039099,-0.6717740747203834
0.22,-0.02355559492241848,-2.2801258157870503,0.0,-2.006320008667282,1.0,-0.0002928370247095777,-0.0002928370247095777,-1.2033447024137292,0.23239066389667679,-0.029045961482947642,-366.773603648824,697.1883841780134,-331.0865546039099,-0.6717740747203834
0.24,-0.026505411220984026,-5.354868838562121,0.0,-2.006320008667282,1.0,-0.0002928370247095777,-0.0002928370247095777,-1.2033447024137292,0.23239066389667679,-0.029045961482947642,-366.773603648824,697.1883841780134,-331.0865546039099,-0.6717740747203834
0.26,-0.027387804374144446,0.7656539710932382,0.0,-2.006320008667282,1.0,-0.0002928370247095777,-0.0002928370247095777,-1.2033447024137292,0.23239066389667679,-0.029045961482947642,-366.773603648824,697.1883841780134,-331.0865546039099,-0.6717740747203834
0.28,-0.027099941506840104,-2.7795863804966285,0.0,-2.006320008667282,1.0,-0.0002928370247095777,-0.0002928370247095777,-1.2033447024137292,0.23239066389667679,-0.029045961482947642,-366.773603648824,697.1883841780134,-331.0865546039099,-0.6717740747203834
0.3,-0.026393811118322105,-0.5227876049738844,0.0,-2.006320008667282,1.0,-0.0002928370247095777,-0.0002928370247095777,-1.2033447024137292,0.23239066389667679,-0.029045961482947642,-366.773603648824,697.1883841780134,-331.0865546039099,-0.6717740747203834
0.32,-0.024887794436690324,1.2251285608721982,0.0,-2.006320008667282,1.0,-0.0002928370247095777,-0.0002928370247095777,-1.2033447024137292,0.23239066389667679,-0.029045961482947642,-366.773603648824,697.1883841780134,-331.0865546039099,-0.6717740747203834
0.34,-0.023744646938964005,-3.7359538458060717,0.0,-2.006320008667282,1.0,-0.0002928370247095777,-0.0002928370247095777,-1.2033447024137292,0.23239066389667679,-0.029045961482947642,-366.773603648824,697.1883841780134,-331.0865546039099,-0.6717740747203834
0.36,-0.022016502901229112,2.1864698200230572,0.0,-2.006320008667282,1.0,-0.0002928370247095777,-0.0002928370247095777,-1.2033447024137292,0.23239066389667679,-0.029045961482947642,-366.773603648824,697.1883841780134,-331.0865546039099,-0.6717740747203834
0.38,-0.019973892710167807,2.174890210182692,0.0,-2.006320008667282,1.0,-0.0002928370247095777,-0.0002928370247095777,-1.2033447024137292,0.23239066389667679,-0.029045961482947642,-366.773603648824,697.1883841780134,-331.0865546039099,-0.6717740747203834
0.4,-0.019334374158743124,0.04682687996992696,0.0,-2.006320008667282,1.0,-0.0002928370247095777,-0.0002928370247095777,-1.2033447024137292,0.23239066389667679,-0.029045961482947642,-366.773603648824,697.1883841780134,-331.0865546039099,-0.6717740747203834
0.42,-0.019467497983665608,-3.5022639013446986,0.0,-2.006320008667282,1.0,-0.0002928370247095777,-0.0002928370247095777,-1.2033447024137292,0.23239066389667679,-0.029045961482947642,-366.773603648824,697.1883841780134,-331.0865546039099,-0.6717740747203834
0.44,-0.01871198304581031,1.0355016867044613,0.0,-2.006320008667282,1.0,-0.0002928370247095777,-0.0002928370247095777,-1.2033447024137292,0.23239066389667679,-0.029045961482947642,-366.773603648824,697.1883841780134,-331.0865546039099,-0.6717740747203834
0.46,-0.01735251383463396,-4.320198450088292,0.0,-2.006320008667282,1.0,-0.0002928370247095777,-0.0002928370247095777,-1.2033447024137292,0.23239066389667679,-0.029045961482947642,-366.773603648824,697.1883841780134,-331.0865546039099,-0.6717740747203834
0.48,-0.015140971264427094,1.6656883013236001,0.0,-2.006320008667282,1.0,-0.0002928370247095777,-0.0002928370247095777,-1.2033447024137292,0.23239066389667679,-0.029045961482947642,-366.773603648824,697.1883841780134,-331.0865546039099,-0.6717740747203834
0.5,-0.01224789864083598,2.0484790519455918,0.0,-2.006320008667282,1.0,-0.0002928370247095777,-0.0002928370247095777,-1.2033447024137292,0.23239066389667679,-0.029045961482947642,-366.773603648824,697.1883841780134,-331.0865546039099,-0.6717740747203834
0.52,-0.010519776069510602,-2.6725374419864503,0.0,-2.006320008667282,1.0,-0.0002928370247095777,-0.0002928370247095777,-1.2033447024137292,0.23239066389667679,-0.029045961482947642,-366.773603648824,697.1883841780134,-331.0865546039099,-0.6717740747203834
0.54,-0.008675391053768461,1.731598492018866,0.0,-2.006320008667282,1.0,-0.0002928370247095777,-0.0002928370247095777,-1.2033447024137292,0.23239066389667679,-0.029045961482947642,-366.773603648824,697.1883841780134,-331.0865546039099,-0.6717740747203834
0.56,-0.006610310467231712,4.128683080909935,0.0,-2.006320008667282,1.0,-0.0002928370247095777,-0.0002928370247095777,-1.2033447024137292,0.23239066389667679,-0.029045961482947642,-366.773603648824,697.1883841780134,-331.0865546039099,-0.6717740747203834
0.58,-0.0063030701522049605,2.5665090477459054,0.0,-2.006320008667282,1.0,-0.0002928370247095777,-0.0002928370247095777,-1.2033447024137292,0.23239066389667679,-0.029045961482947642,-366.773603648824,697.1883841780134,-331.0865546039099,-0.6717740747203834
0.6,-0.007996218122751732,-3.3937183359350747,0.0,-2.006320008667282,1.0,-0.0002928370247095777,-0.0002928370247095777,-1.2033447024137292,0.23239066389667679,-0.029045961482947642,-366.773603648824,697.1883841780134,-331.0865546039099,-0.6717740747203834
0.62,-0.009497681479954546,-1.4118600635502139,0.0,-2.006320008667282,1.0,-0.0002928370247095777,-0.0002928370247095777,-1.2033447024137292,0.23239066389667679,-0.029045961482947642,-366.773603648824,697.1883841780134,-331.0865546039099,-0.6717740747203834
0.64,-0.009651986908895828,-3.7619560180932163,0.0,-2.006320008667282,1.0,-0.0002928370247095777,-0.0002928370247095777,-1.2033447024137292,0.23239066389667679,-0.029045961482947642,-366.773603648824,697.1883841780134,-331.0865546039099,-0.6717740747203834
0.66,-0.008352284307513268,-1.279233845001099,0.0,-2.006320008667282,1.0,-0.0002928370247095777,-0.0002928370247095777,-1.2033447024137292,0.23239066389667679,-0.029045961482947642,-366.773603648824,697.1883841780134,-331.0865546039099,-0.6717740747203834
0.68,-0.00562918047050028,-0.10492745396093761,0.0,-2.006320008667282,1.0,-0.0002928370247095777,-0.0002928370247095777,-1.2033447024137292,0.23239066389667679,-0.029045961482947642,-366.773603648824,697.1883841780134,-331.0865546039099,-0.6717740747203834
0.7000000000000001,-0.0025363254098741835,4.204993808965962,0.0,-2.006320008667282,1.0,-0.0002928370247095777,-0.0002928370247095777,-1.2033447024137292,0.23239066389667679,-0.029045961482947642,-366.773603648824,697.1883841780134,-331.0865546039099,-0.6717740747203834
0.72,-0.0006601475116939828,1.8629129011346501,0.0,-2.006320008667282,1.0,-0.0002928370247095777,-0.0002928370247095777,-1.2033447024137292,0.23239066389667679,-0.029045961482947642,-366.773603648824,697.1883841780134,-331.0865546039099,-0.6717740747203834
0.74,-0.0005650483371476748,-2.2580657025952924,0.0,-2.006320008667282,1.0,-0.0002928370247095777,-0.0002928370247095777,-1.2033447024137292,0.23239066389667679,-0.029045961482947642,-366.773603648824,697.1883841780134,-331.0865546039099,-0.6717740747203834
0.76,-0.00035780493406062185,-1.695913540134275,0.0,-2.006320008667282,1.0,-0.0002928370247095777,-0.0002928370247095777,-1.2033447024137292,0.23239066389667679,-0.029045961482947642,-366.773603648824,697.1883841780134,-331.0865546039099,-0.6717740747203834
0.78,0.0010050485148356413,2.6339808835502767,0.0,-2.006320008667282,1.0,-0.0002928370247095777,-0.0002928370247095777,-1.2033447024137292,0.23239066389667679,-0.029045961482947642,-366.773603648824,697.1883841780134,-331.0865546039099,-0.6717740747203834
0.8,0.0020995537855055023,1.0910044759508812,0.0,-2.006320008667282,1.0,-0.0002928370247095777,-0.0002928370247095777,-1.2033447024137292,0.23239066389667679,-0.029045961482947642,-366.773603648824,697.1883841780134,-331.0865546039099,-0.6717740747203834
0.8200000000000001,0.0021165169764622415,-0.6075446566002712,0.0,-2.006320008667282,1.0,-0.0002928370247095777,-0.0002928370247095777,-1.2033447024137292,0.23239066389667679,-0.029045961482947642,-366.773603648824,697.1883841780134,-331.0865546039099,-0.6717740747203834
0.84,0.0020052820583854884,2.349862242818844,0.0,-2.006320008667282,1.0,-0.0002928370247095777,-0.0002928370247095777,-1.2033447024137292,0.23239066389667679,-0.029045961482947642,-366.773603648824,697.1883841780134,-331.0865546039099,-0.6717740747203834
0.86,0.0013965064425406778,-1.9986543184677692,0.0,-2.006320008667282,1.0,-0.0002928370247095777,-0.0002928370247095777,-1.2033447024137292,0.23239066389667679,-0.029045961482947642,-366.773603648824,697.1883841780134,-331.0865546039099,-0.6717740747203834
0.88,0.0006937107844134465,-0.7189527820464492,0.0,-2.006320008667282,1.0,-0.0002928370247095777,-0.0002928370247095777,-1.2033447024137292,0.23239066389667679,-0.029045961482947642,-366.773603648824,697.1883841780134,-331.0865546039099,-0.6717740747203834
0.9,0.0007911150452291676,-2.0191618983615007,0.0,-2.006320008667282,1.0,-0.0002928370247095777,-0.0002928370247095777,-1.2033447024137292,0.23239066389667679,-0.029045961482947642,-366.773603648824,697.1883841780134,-331.0865546039099,-0.6717740747203834
0.92,0.0016953400886732944,1.9821952300676915,0.0,-2.006320008667282,1.0,-0.0002928370247095777,-0.0002928370247095777,-1.2033447024137292,0.23239066389667679,-0.029045961482947642,-366.773603648824,697.1883841780134,-331.0865546039099,-0.6717740747203834
0.9400000000000001,0.002621105605786711,3.0367749115618974,0.0,-2.006320008667282,1.0,-0.0002928370247095777,-0.0002928370247095777,-1.2033447024137292,0.23239066389667679,-0.029045961482947642,-366.773603648824,697.1883841780134,-331.0865546039099,-0.6717740747203834
0.96,0.0020937015357786635,-1.7218281365101018,0.0,-2.006320008667282,1.0,-0.0002928370247095777,-0.0002928370247095777,-1.2033447024137292,0.23239066389667679,-0.029045961482947642,-366.773603648824,697.1883841780134,-331.0865546039099,-0.6717740747203834
0.98,0.0011944665561084617,-0.7269887108402355,0.0,-2.006320008667282,1.0,-0.0002928370247095777,-0.0002928370247095777,-1.2033447024137292,0.23239066389667679,-0.029045961482947642,-366.773603648824,697.1883841780134,-331.0865546039099,-0.6717740747203834
1.0,0.0010198840764580569,0.49730041936746205,0.0,-2.006320008667282,1.0,-0.0002928370247095777,-0.0002928370247095777,-1.2033447024137292,0.23239066389667679,-0.029045961482947642,-366.773603648824,697.1883841780134,-331.0865546039099,-0.6717740747203834
1.02,0.0009190084506664997,-0.14658617992757783,0.0,-2.006320008667282,1.0,-0.0002928370247095777,-0.0002928370247095777,-1.2033447024137292,0.23239066389667679,-0.029045961482947642,-366.773603648824,697.1883841780134,-331.0865546039099,-0.6717740747203834
1.04,0.0007212389145307742,0.3714084241654698,0.0,-2.006320008667282,1.0,-0.0002928370247095777,-0.0002928370247095777,-1.2033447024137292,0.23239066389667679,-0.029045961482947642,-366.773603648824,697.1883841780134,-331.0865546039099,-0.6717740747203834
1.06,0.00046219134308748017,0.06159566205837558,0.0,-2.006320008667282,1.0,-0.0002928370247095777,-0.0002928370247095777,-1.2033447024137292,0.23239066389667679,-0.029045961482947642,-366.773603648824,697.1883841780134,-331.0865546039099,-0.6717740747203834
1.08,7.92652164779783e-05,0.06997305647484048,0.0,-2.006320008667282,1.0,-0.0002928370247095777,-0.0002928370247095777,-1.2033447024137292,0.23239066389667679,-0.029045961482947642,-366.773603648824,697.1883841780134,-331.0865546039099,-0.6717740747203834
1.1,-0.000341688145524051,-2.6718681194050835,0.0,-2.006320008667282,1.0,-0.0002928370247095777,-0.0002928370247095777,-1.2033447024137292,0.23239066389667679,-0.029045961482947642,-366.773603648824,697.1883841780134,-331.0865546039099,-0.6717740747203834
1.12,-2.8698241657089483e-06,1.379000465685603,0.0,-2.006320008667282,1.0,-0.0002928370247095777,-0.0002928370247095777,-1.2033447024137292,0.23239066389667679,-0.029045961482947642,-366.773603648824,697.1883841780134,-331.0865546039099,-0.6717740747203834
1.1400000000000001,0.0007145298574253899,-2.867825904140704,0.0,-2.006320008667282,1.0,-0.0002928370247095777,-0.0002928370247095777,-1.2033447024137292,0.23239066389667679,-0.029045961482947642,-366.773603648824,697.1883841780134,-331.0865546039099,-0.6717740747203834
1.16,0.0018724281532549042,2.911467792366392,0.0,-2.006320008667282,1.0,-0.0002928370247095777,-0.0002928370247095777,-1.2033447024137292,0.23239066389667679,-0.029045961482947642,-366.773603648824,697.1883841780134,-331.0865546039099,-0.6717740747203834
1.18,0.0030293818508966524,-1.644618397752402,0.0,-2.006320008667282,1.0,-0.0002928370247095777,-0.0002928370247095777,-1.2033447024137292,0.23239066389667679,-0.029045961482947642,-366.773603648824,697.1883841780134,-331.0865546039099,-0.6717740747203834
1.2,0.0038345016582272814,1.8842539128896219,0.0,-2.006320008667282,1.0,-0.0002928370247095777,-0.0002928370247095777,-1.2033447024137292,0.23239066389667679,-0.029045961482947642,-366.773603648824,697.1883841780134,-331.0865546039099,-0.6717740747203834
1.22,0.004593683184003788,1.7778838014479583,0.0,-2.006320008667282,1.0,-0.0002928370247095777,-0.0002928370247095777,-1.2033447024137292,0.23239066389667679,-0.029045961482947642,-366.773603648824,697.1883841780134,-331.0865546039099,-0.6717740747203834
1.24,0.004309499586774768,-1.2300263071650333,0.0,-2.006320008667282,1.0,-0.0002928370247095777,-0.0002928370247095777,-1.2033447024137292,0.23239066389667679,-0.029045961482947642,-366.773603648824,697.1883841780134,-331.0865546039099,-0.6717740747203834
1.26,0.0038921214394161056,0.5154345605462172,0.0,-2.006320008667282,1.0,-0.0002928370247095777,-0.0002928370247095777,-1.2033447024137292,0.23239066389667679,-0.029045961482947642,-366.773603648824,697.1883841780134,-331.0865546039099,-0.6717740747203834
1.28,0.003708598362641253,-3.004482442400362,0.0,-2.006320008667282,1.0,-0.0002928370247095777,-0.0002928370247095777,-1.2033447024137292,0.23239066389667679,-0.029045961482947642,-366.773603648824,697.1883841780134,-331.0865546039099,-0.6717740747203834
1.3,0.0042773930635460625,0.8089996004164051,0.0,-2.006320008667282,1.0,-0.0002928370247095777,-0.0002928370247095777,-1.2033447024137292,0.23239066389667679,-0.029045961482947642,-366.773603648824,697.1883841780134,-331.0865546039099,-0.6717740747203834
1.32,0.005516134224727054,3.490552050150301,0.0,-2.006320008667282,1.0,-0.0002928370247095777,-0.0002928370247095777,-1.2033447024137292,0.23239066389667679,-0.029045961482947642,-366.773603648824,697.1883841780134,-331.0865546039099,-0.6717740747203834
1.34,0.005530691478665746,-2.4117200176340936,0.0,-2.006320008667282,1.0,-0.0002928370247095777,-0.0002928370247095777,-1.2033447024137292,0.23239066389667679,-0.029045961482947642,-366.773603648824,697.1883841780134,-331.0865546039099,-0.6717740747203834
1.36,0.0052642879280642785,2.568252965869234,0.0,-2.006320008667282,1.0,-0.0002928370247095777,-0.0002928370247095777,-1.2033447024137292,0.23239066389667679,-0.029045961482947642,-366.773603648824,697.1883841780134,-331.0865546039099,-0.6717740747203834
1.3800000000000001,0.004985316800241471,-2.9829932178699727,0.0,-2.006320008667282,1.0,-0.0002928370247095777,-0.0002928370247095777,-1.2033447024137292,0.23239066389667679,-0.029045961482947642,-366.773603648824,697.1883841780134,-331.0865546039099,-0.6717740747203834
1.4000000000000001,0.0048593040451371024,0.04553931286878843,0.0,-2.006320008667282,1.0,-0.0002928370247095777,-0.0002928370247095777,-1.2033447024137292,0.23239066389667679,-0.029045961482947642,-366.773603648824,697.1883841780134,-331.0865546039099,-0.6717740747203834
1.42,0.005624185951014571,0.004021160845652183,0.0,-2.006320008667282,1.0,-0.0002928370247095777,-0.0002928370247095777,-1.2033447024137292,0.23239066389667679,-0.029045961482947642,-366.773603648824,697.1883841780134,-331.0865546039099,-0.6717740747203834
1.44,0.00641009934462899,2.2759829841175807,0.0,-2.006320008667282,1.0,-0.0002928370247095777,-0.0002928370247095777,-1.2033447024137292,0.23239066389667679,-0.029045961482947642,-366.773603648824,697.1883841780134,-331.0865546039099,-0.6717740747203834
1.46,0.006568870909516376,1.6831474240459499,0.0,-2.006320008667282,1.0,-0.0002928370247095777,-0.0002928370247095777,-1.2033447024137292,0.23239066389667679,-0.029045961482947642,-366.773603648824,697.1883841780134,-331.0865546039099,-0.6717740747203834
1.48,0.005609805321615611,-2.7087774296096354,0.0,-2.006320008667282,1.0,-0.0002928370247095777,-0.0002928370247095777,-1.2033447024137292,0.23239066389667679,-0.029045961482947642,-366.773603648824,697.1883841780134,-331.0865546039099,-0.6717740747203834
1.5,0.004986533060346053,0.775213920076494,0.0,-2.006320008667282,1.0,-0.0002928370247095777,-0.0002928370247095777,-1.2033447024137292,0.23239066389667679,-0.029045961482947642,-366.773603648824,697.1883841780134,-331.0865546039099,-0.6717740747203834
1.52,0.0049609860720461725,3.654245436654294,0.0,-2.006320008667282,1.0,-0.0002928370247095777,-0.0002928370247095777,-1.2033447024137292,0.23239066389667679,-0.029045961482947642,-366.773603648824,697.1883841780134,-331.0865546039099,-0.6717740747203834
1.54,0.0036696993882748517,-2.859834207151822,0.0,-2.006320008667282,1.0,-0.0002928370247095777,-0.0002928370247095777,-1.2033447024137292,0.23239066389667679,-0.029045961482947642,-366.773603648824,697.1883841780134,-331.0865546039099,-0.6717740747203834
1.56,0.002168978136790692,-2.0931490301269533,0.0,-2.006320008667282,1.0,-0.0002928370247095777,-0.0002928370247095777,-1.2033447024137292,0.23239066389667679,-0.029045961482947642,-366.773603648824,697.1883841780134,-331.0865546039099,-0.6717740747203834
1.58,0.002132376912820921,1.7642588349757513,0.0,-2.006320008667282,1.0,-0.0002928370247095777,-0.0002928370247095777,-1.2033447024137292,0.23239066389667679,-0.029045961482947642,-366.773603648824,697.1883841780134,-331.0865546039099,-0.6717740747203834
1.6,0.0022055635297115656,-0.5414763599923123,0.0,-2.006320008667282,1.0,-0.0002928370247095777,-0.0002928370247095777,-1.2033447024137292,0.23239066389667679,-0.029045961482947642,-366.773603648824,697.1883841780134,-331.0865546039099,-0.6717740747203834
1.62,0.0019346144547544846,-1.1117644013874868,0.0,-2.006320008667282,1.0,-0.0002928370247095777,-0.0002928370247095777,-1.2033447024137292,0.23239066389667679,-0.029045961482947642,-366.773603648824,697.1883841780134,-331.0865546039099,-0.6717740747203834
1.6400000000000001,0.002160021174725839,-2.204343468556817,0.0,-2.006320008667282,1.0,-0.0002928370247095777,-0.0002928370247095777,-1.2033447024137292,0.23239066389667679,-0.029045961482947642,-366.773603648824,697.1883841780134,-331.0865546039099,-0.6717740747203834
1.6600000000000001,0.003370155251956365,4.5595691418453725,0.0,-2.006320008667282,1.0,-0.0002928370247095777,-0.0002928370247095777,-1.2033447024137292,0.23239066389667679,-0.029045961482947642,-366.773603648824,697.1883841780134,-331.0865546039099,-0.6717740747203834
1.68,0.003911898833368162,-1.105504952990036,0.0,-2.006320008667282,1.0,-0.0002928370247095777,-0.0002928370247095777,-1.2033447024137292,0.23239066389667679,-0.029045961482947642,-366.773603648824,697.1883841780134,-331.0865546039099,-0.6717740747203834
1.7,0.0034668970016360325,0.5528279995301855,0.0,-2.006320008667282,1.0,-0.0002928370247095777,-0.0002928370247095777,-1.2033447024137292,0.23239066389667679,-0.029045961482947642,-366.773603648824,697.1883841780134,-331.0865546039099,-0.6717740747203834
1.72,0.003205648888091587,-1.790192309230006,0.0,-2.006320008667282,1.0,-0.0002928370247095777,-0.0002928370247095777,-1.2033447024137292,0.23239066389667679,-0.029045961482947642,-366.773603648824,697.1883841780134,-331.0865546039099,-0.6717740747203834
1.74,0.003327004550017558,3.914628021485948,0.0,-2.006320008667282,1.0,-0.0002928370247095777,-0.0002928370247095777,-1.2033447024137292,0.23239066389667679,-0.029045961482947642,-366.773603648824,697.1883841780134,-331.0865546039099,-0.6717740747203834
1.76,0.002847277696651266,0.00184302539947101,0.0,-2.006320008667282,1.0,-0.0002928370247095777,-0.0002928370247095777,-1.2033447024137292,0.23239066389667679,-0.029045961482947642,-366.773603648824,697.1883841780134,-331.0865546039099,-0.6717740747203834
1.78,0.001238664302042734,-0.042099996317122135,0.0,-2.006320008667282,1.0,-0.0002928370247095777,-0.0002928370247095777,-1.2033447024137292,0.23239066389667679,-0.029045961482947642,-366.773603648824,697.1883841780134,-331.0865546039099,-0.6717740747203834
1.8,-0.0003503322343175769,-2.3704809648029954,0.0,-2.006320008667282,1.0,-0.0002928370247095777,-0.0002928370247095777,-1.2033447024137292,0.23239066389667679,-0.029045961482947642,-366.773603648824,697.1883841780134,-331.0865546039099,-0.6717740747203834
1.82,-0.0012350500677654251,0.22548845237952397,0.0,-2.006320008667282,1.0,-0.0002928370247095777,-0.0002928370247095777,-1.2033447024137292,0.23239066389667679,-0.029045961482947642,-366.773603648824,697.1883841780134,-331.0865546039099,-0.6717740747203834
1.84,-0.001499440588017986,0.8354406177629567,0.0,-2.006320008667282,1.0,-0.0002928370247095777,-0.0002928370247095777,-1.2033447024137292,0.23239066389667679,-0.029045961482947642,-366.773603648824,697.1883841780134,-331.0865546039099,-0.6717740747203834
1.86,-0.0020839864160128087,0.30226864345223936,0.0,-2.006320008667282,1.0,-0.0002928370247095777,-0.0002928370247095777,-1.2033447024137292,0.23239066389667679,-0.029045961482947642,-366.773603648824,697.1883841780134,-331.0865546039099,-0.6717740747203834
1.8800000000000001,-0.0030148655583372734,-1.4920933639166054,0.0,-2.006320008667282,1.0,-0.0002928370247095777,-0.0002928370247095777,-1.2033447024137292,0.23239066389667679,-0.029045961482947642,-366.773603648824,697.1883841780134,-331.0865546039099,-0.6717740747203834
1.9000000000000001,-0.0036163760727074405,-1.2648749440111524,0.0,-2.006320008667282,1.0,-0.0002928370247095777,-0.0002928370247095777,-1.2033447024137292,0.23239066389667679,-0.029045961482947642,-366.773603648824,697.1883841780134,-331.0865546039099,-0.6717740747203834
1.92,-0.003433405440717475,-0.8290332470992955,0.0,-2.006320008667282,1.0,-0.0002928370247095777,-0.0002928370247095777,-1.2033447024137292,0.23239066389667679,-0.029045961482947642,-366.773603648824,697.1883841780134,-331.0865546039099,-0.6717740747203834
1.94,-0.002658964111020508,-0.7481160090934209,0.0,-2.006320008667282,1.0,-0.0002928370247095777,-0.0002928370247095777,-1.2033447024137292,0.23239066389667679,-0.029045961482947642,-366.773603648824,697.1883841780134,-331.0865546039099,-0.6717740747203834
1.96,-0.0014394814335094554,-0.31116646847074325,0.0,-2.006320008667282,1.0,-0.0002928370247095777,-0.0002928370247095777,-1.2033447024137292,0.23239066389667679,-0.029045961482947642,-366.773603648824,697.1883841780134,-331.0865546039099,-0.6717740747203834
1.98,8.110052064591762e-05,2.7148522394212558,0.0,-2.006320008667282,1.0,-0.0002928370247095777,-0.0002928370247095777,-1.2033447024137292,0.23239066389667679,-0.029045961482947642,-366.773603648824,697.1883841780134,-331.0865546039099,-0.6717740747203834
2.0,0.0008983069577087013,-0.18799691349346315,0.0,-2.006320008667282,1.0,-0.0002928370247095777,-0.0002928370247095777,-1.2033447024137292,0.23239066389667679,-0.029045961482947642,-366.773603648824,697.1883841780134,-331.0865546039099,-0.6717740747203834
2.02,0.0009812341629095555,-3.3173451406571255,0.0,-2.006320008667282,1.0,-0.0002928370247095777,-0.0002928370247095777,-1.2033447024137292,0.23239066389667679,-0.029045961482947642,-366.773603648824,697.1883841780134,-331.0865546039099,-0.6717740747203834
2.04,0.0020968558223836034,2.7809144940053083,0.0,-2.006320008667282,1.0,-0.0002928370247095777,-0.0002928370247095777,-1.2033447024137292,0.23239066389667679,-0.029045961482947642,-366.773603648824,697.1883841780134,-331.0865546039099,-0.6717740747203834
2.06,0.003382817908824982,3.403659592519179,0.0,-2.006320008667282,1.0,-0.0002928370247095777,-0.0002928370247095777,-1.2033447024137292,0.23239066389667679,-0.029045961482947642,-366.773603648824,697.1883841780134,-331.0865546039099,-0.6717740747203834
2.08,0.0028790979845880614,-1.7251647166855735,0.0,-2.006320008667282,1.0,-0.0002928370247095777,-0.0002928370247095777,-1.2033447024137292,0.23239066389667679,-0.029045961482947642,-366.773603648824,697.1883841780134,-331.0865546039099,-0.6717740747203834
2.1,0.00190205240820925,-3.6542586215760524,0.0,-2.006320008667282,1.0,-0.0002928370247095777,-0.0002928370247095777,-1.2033447024137292,0.23239066389667679,-0.029045961482947642,-366.773603648824,697.1883841780134,-331.0865546039099,-0.6717740747203834
2.12,0.0025123184125747516,2.4281025472395013,0.0,-2.006320008667282,1.0,-0.0002928370247095777,-0.0002928370247095777,-1.2033447024137292,0.23239066389667679,-0.029045961482947642,-366.773603648824,697.1883841780134,-331.0865546039099,-0.6717740747203834
2.14,0.0034975266651194334,2.686851451298159,0.0,-2.006320008667282,1.0,-0.0002928370247095777,-0.0002928370247095777,-1.2033447024137292,0.23239066389667679,-0.029045961482947642,-366.773603648824,697.1883841780134,-331.0865546039099,-0.6717740747203834
2.16,0.003007001093040771,-0.5127293782227924,0.0,-2.006320008667282,1.0,-0.0002928370247095777,-0.0002928370247095777,-1.2033447024137292,0.23239066389667679,-0.029045961482947642,-366.773603648824,697.1883841780134,-331.0865546039099,-0.6717740747203834
2.18,0.001898820434158918,-1.60260262354194,0.0,-2.006320008667282,1.0,-0.0002928370247095777,-0.0002928370247095777,-1.2033447024137292,0.23239066389667679,-0.029045961482947642,-366.773603648824,697.1883841780134,-331.0865546039099,-0.6717740747203834
2.2,0.001422086553492231,3.6781938551802953,0.0,-2.006320008667282,1.0,-0.0002928370247095777,-0.0002928370247095777,-1.2033447024137292,0.23239066389667679,-0.029045961482947642,-366.773603648824,697.1883841780134,-331.0865546039099,-0.6717740747203834
2.22,0.00034653062986105584,0.8805688776385536,0.0,-2.006320008667282,1.0,-0.0002928370247095777,-0.0002928370247095777,-1.2033447024137292,0.23239066389667679,-0.029045961482947642,-366.773603648824,697.1883841780134,-331.0865546039099,-0.6717740747203834
2.24,-0.002061809090487596,-4.112585642425642,0.0,-2.006320008667282,1.0,-0.0002928370247095777,-0.0002928370247095777,-1.2033447024137292,0.23239066389667679,-0.029045961482947642,-366.773603648824,697.1883841780134,-331.0865546039099,-0.6717740747203834
2.2600000000000002,-0.0035367296729880743,0.18846425527065946,0.0,-2.006320008667282,1.0,-0.0002928370247095777,-0.0002928370247095777,-1.2033447024137292,0.23239066389667679,-0.029045961482947642,-366.773603648824,697.1883841780134,-331.0865546039099,-0.6717740747203834
2.2800000000000002,-0.0038848810794258333,-0.7124279953159331,0.0,-2.006320008667282,1.0,-0.0002928370247095777,-0.0002928370247095777,-1.2033447024137292,0.23239066389667679,-0.029045961482947642,-366.773603648824,697.1883841780134,-331.0865546039099,-0.6717740747203834
2.3000000000000003,-0.004104150316737574,0.4231432678938367,0.0,-2.006320008667282,1.0,-0.0002928370247095777,-0.0002928370247095777,-1.2033447024137292,0.23239066389667679,-0.029045961482947642,-366.773603648824,697.1883841780134,-331.0865546039099,-0.6717740747203834
2.32,-0.004264645196930337,1.2819893650074186,0.0,-2.006320008667282,1.0,-0.0002928370247095777,-0.0002928370247095777,-1.2033447024137292,0.23239066389667679,-0.029045961482947642,-366.773603648824,697.1883841780134,-331.0865546039099,-0.6717740747203834
2.34,-0.004951412987600876,-1.0462490281730354,0.0,-2.006320008667282,1.0,-0.0002928370247095777,-0.0002928370247095777,-1.2033447024137292,0.23239066389667679,-0.029045961482947642,-366.773603648824,697.1883841780134,-331.0865546039099,-0.6717740747203834
2.36,-0.005738506967827687,-1.9017495209068072,0.0,-2.006320008667282,1.0,-0.0002928370247095777,-0.0002928370247095777,-1.2033447024137292,0.23239066389667679,-0.029045961482947642,-366.773603648824,697.1883841780134,-331.0865546039099,-0.6717740747203834
2.38,-0.005698601000483855,-1.8831233679083923,0.0,-2.006320008667282,1.0,-0.0002928370247095777,-0.0002928370247095777,-1.2033447024137292,0.23239066389667679,-0.029045961482947642,-366.773603648824,697.1883841780134,-331.0865546039099,-0.6717740747203834
2.4,-0.004586378884906918,-0.5292141381954718,0.0,-2.006320008667282,1.0,-0.0002928370247095777,-0.0002928370247095777,-1.2033447024137292,0.23239066389667679,-0.029045961482947642,-366.773603648824,697.1883841780134,-331.0865546039099,-0.6717740747203834
2.42,-0.002796729611035733,1.7321506339823063,0.0,-2.006320008667282,1.0,-0.0002928370247095777,-0.0002928370247095777,-1.2033447024137292,0.23239066389667679,-0.029045961482947642,-366.773603648824,697.1883841780134,-331.0865546039099,-0.6717740747203834
2.44,-0.0013770189291547942,2.9479244365479826,0.0,-2.006320008667282,1.0,-0.0002928370247095777,-0.0002928370247095777,-1.2033447024137292,0.23239066389667679,-0.029045961482947642,-366.773603648824,697.1883841780134,-331.0865546039099,-0.6717740747203834
2.46,-0.0013365084679850165,-0.8551770784785293,0.0,-2.006320008667282,1.0,-0.0002928370247095777,-0.0002928370247095777,-1.2033447024137292,0.23239066389667679,-0.029045961482947642,-366.773603648824,697.1883841780134,-331.0865546039099,-0.6717740747203834
2.48,-0.00191727824870395,-0.9241550307984077,0.0,-2.006320008667282,1.0,-0.0002928370247095777,-0.0002928370247095777,-1.2033447024137292,0.23239066389667679,-0.029045961482947642,-366.773603648824,697.1883841780134,-331.0865546039099,-0.6717740747203834
2.5,-0.0019891119546700184,0.12127551820231419,0.0,-2.006320008667282,1.0,-0.0002928370247095777,-0.0002928370247095777,-1.2033447024137292,0.23239066389667679,-0.029045961482947642,-366.773603648824,697.1883841780134,-331.0865546039099,-0.6717740747203834
2.52,-0.0018384045601271474,-0.32986993929021874,0.0,-2.006320008667282,1.0,-0.0002928370247095777,-0.0002928370247095777,-1.2033447024137292,0.23239066389667679,-0.029045961482947642,-366.773603648824,697.1883841780134,-331.0865546039099,-0.6717740747203834
2.54,-0.0016382318178278625,0.8751704062948122,0.0,-2.006320008667282,1.0,-0.0002928370247095777,-0.0002928370247095777,-1.2033447024137292,0.23239066389667679,-0.029045961482947642,-366.773603648824,697.1883841780134,-331.0865546039099,-0.6717740747203834
2.56,-0.0016080966719465117,-2.830838043152225,0.0,-2.006320008667282,1.0,-0.0002928370247095777,-0.0002928370247095777,-1.2033447024137292,0.23239066389667679,-0.029045961482947642,-366.773603648824,697.1883841780134,-331.0865546039099,-0.6717740747203834
2.58,-0.00101543357283293,-2.2149723592883195,0.0,-2.006320008667282,1.0,-0.0002928370247095777,-0.0002928370247095777,-1.2033447024137292,0.23239066389667679,-0.029045961482947642,-366.773603648824,697.1883841780134,-331.0865546039099,-0.6717740747203834
2.6,0.001048411144375175,2.8249062517049808,0.0,-2.006320008667282,1.0,-0.0002928370247095777,-0.0002928370247095777,-1.2033447024137292,0.23239066389667679,-0.029045961482947642,-366.773603648824,697.1883841780134,-331.0865546039099,-0.6717740747203834
2.62,0.002940271748971393,-0.05196302708641376,0.0,-2.006320008667282,1.0,-0.0002928370247095777,-0.0002928370247095777,-1.2033447024137292,0.23239066389667679,-0.029045961482947642,-366.773603648824,697.1883841780134,-331.0865546039099,-0.6717740747203834
2.64,0.004038696882377563,5.258878958909491,0.0,-2.006320008667282,1.0,-0.0002928370247095777,-0.0002928370247095777,-1.2033447024137292,0.23239066389667679,-0.029045961482947642,-366.773603648824,697.1883841780134,-331.0865546039099,-0.6717740747203834
2.66,0.0036378836684946045,-1.9087139901610026,0.0,-2.006320008667282,1.0,-0.0002928370247095777,-0.0002928370247095777,-1.2033447024137292,0.23239066389667679,-0.029045961482947642,-366.773603648824,697.1883841780134,-331.0865546039099,-0.6717740747203834
2.68,0.002279020268452996,-1.1212548235684219,0.0,-2.006320008667282,1.0,-0.0002928370247095777,-0.0002928370247095777,-1.2033447024137292,0.23239066389667679,-0.029045961482947642,-366.773603648824,697.1883841780134,-331.0865546039099,-0.6717740747203834
2.7,0.0018218440822974392,-2.670804798269545,0.0,-2.006320008667282,1.0,-0.0002928370247095777,-0.0002928370247095777,-1.2033447024137292,0.23239066389667679,-0.029045961482947642,-366.773603648824,697.1883841780134,-331.0865546039099,-0.6717740747203834
2.72,0.0024866350318887348,2.8482558032656002,0.0,-2.006320008667282,1.0,-0.0002928370247095777,-0.0002928370247095777,-1.2033447024137292,0.23239066389667679,-0.029045961482947642,-366.773603648824,697.1883841780134,-331.0865546039099,-0.6717740747203834
2.74,0.003115178887158382,-0.6456323602213816,0.0,-2.006320008667282,1.0,-0.0002928370247095777,-0.0002928370247095777,-1.2033447024137292,0.23239066389667679,-0.029045961482947642,-366.773603648824,697.1883841780134,-331.0865546039099,-0.6717740747203834
2.7600000000000002,0.003118404356787773,2.9768949789017274,0.0,-2.006320008667282,1.0,-0.0002928370247095777,-0.0002928370247095777,-1.2033447024137292,0.23239066389667679,-0.029045961482947642,-366.773603648824,697.1883841780134,-331.0865546039099,-0.6717740747203834
2.7800000000000002,0.0024586616789593944,0.17378394293310429,0.0,-2.006320008667282,1.0,-0.0002928370247095777,-0.0002928370247095777,-1.2033447024137292,0.23239066389667679,-0.029045961482947642,-366.773603648824,697.1883841780134,-331.0865546039099,-0.6717740747203834
2.8000000000000003,0.0008918261384940093,-3.354261309223211,0.0,-2.006320008667282,1.0,-0.0002928370247095777,-0.0002928370247095777,-1.2033447024137292,0.23239066389667679,-0.029045961482947642,-366.773603648824,697.1883841780134,-331.0865546039099,-0.6717740747203834
2.82,0.00026198821696229535,1.1486111477055987,0.0,-2.006320008667282,1.0,-0.0002928370247095777,-0.0002928370247095777,-1.2033447024137292,0.23239066389667679,-0.029045961482947642,-366.773603648824,697.1883841780134,-331.0865546039099,-0.6717740747203834
2.84,0.0002797020288387822,-5.326803618899868,0.0,-2.006320008667282,1.0,-0.0002928370247095777,-0.0002928370247095777,-1.2033447024137292,0.23239066389667679,-0.029045961482947642,-366.773603648824,697.1883841780134,-331.0865546039099,-0.6717740747203834
2.86,0.0015227127969605978,2.6112372055302115,0.0,-2.006320008667282,1.0,-0.0002928370247095777,-0.0002928370247095777,-1.2033447024137292,0.23239066389667679,-0.029045961482947642,-366.773603648824,697.1883841780134,-331.0865546039099,-0.6717740747203834
2.88,0.0035705666293617795,4.879788287553203,0.0,-2.006320008667282,1.0,-0.0002928370247095777,-0.0002928370247095777,-1.2033447024137292,0.23239066389667679,-0.029045961482947642,-366.773603648824,697.1883841780134,-331.0865546039099,-0.6717740747203834
2.9,0.0034473520757483315,0.3799785320809974,0.0,-2.006320008667282,1.0,-0.0002928370247095777,-0.0002928370247095777,-1.2033447024137292,0.23239066389667679,-0.029045961482947642,-366.773603648824,697.1883841780134,-331.0865546039099,-0.6717740747203834
2.92,0.0018056818375939876,-1.5299682586554018,0.0,-2.006320008667282,1.0,-0.0002928370247095777,-0.0002928370247095777,-1.2033447024137292,0.23239066389667679,-0.029045961482947642,-366.773603648824,697.1883841780134,-331.0865546039099,-0.6717740747203834
2.94,0.0005121826505056486,-1.0741322437948488,0.0,-2.006320008667282,1.0,-0.0002928370247095777,-0.0002928370247095777,-1.2033447024137292,0.23239066389667679,-0.029045961482947642,-366.773603648824,697.1883841780134,-331.0865546039099,-0.6717740747203834
2.96,-1.5502784600921154e-05,-2.901718457305178,0.0,-2.006320008667282,1.0,-0.0002928370247095777,-0.0002928370247095777,-1.2033447024137292,0.23239066389667679,-0.029045961482947642,-366.773603648824,697.1883841780134,-331.0865546039099,-0.6717740747203834
2.98,0.0006209900694403208,-0.4725904454800025,0.0,-2.006320008667282,1.0,-0.0002928370247095777,-0.0002928370247095777,-1.2033447024137292,0.23239066389667679,-0.029045961482947642,-366.773603648824,697.1883841780134,-331.0865546039099,-0.6717740747203834
3.0,0.002249529876489893,3.2619927273625766,0.0,-2.006320008667282,1.0,-0.0002928370247095777,-0.0002928370247095777,-1.2033447024137292,0.23239066389667679,-0.029045961482947642,-366.773603648824,697.1883841780134,-331.0865546039099,-0.6717740747203834
3.02,0.0030754498439483956,3.916831672013116,0.0,-2.006320008667282,1.0,-0.0002928370247095777,-0.0002928370247095777,-1.2033447024137292,0.23239066389667679,-0.029045961482947642,-366.773603648824,697.1883841780134,-331.0865546039099,-0.6717740747203834
3.04,0.001818591109386894,-6.543595874653798,0.0,-2.006320008667282,1.0,-0.0002928370247095777,-0.0002928370247095777,-1.2033447024137292,0.23239066389667679,-0.029045961482947642,-366.773603648824,697.1883841780134,-331.0865546039099,-0.6717740747203834
3.06,0.0013424412586932402,3.1896903750662595,0.0,-2.006320008667282,1.0,-0.0002928370247095777,-0.0002928370247095777,-1.2033447024137292,0.23239066389667679,-0.029045961482947642,-366.773603648824,697.1883841780134,-331.0865546039099,-0.6717740747203834
3.08,0.0018569232081129142,1.1378623965187202,0.0,-2.006320008667282,1.0,-0.0002928370247095777,-0.0002928370247095777,-1.2033447024137292,0.23239066389667679,-0.029045961482947642,-366.773603648824,697.1883841780134,-331.0865546039099,-0.6717740747203834
3.1,0.0011158755579893428,0.6852822211820111,0.0,-2.006320008667282,1.0,-0.0002928370247095777,-0.0002928370247095777,-1.2033447024137292,0.23239066389667679,-0.029045961482947642,-366.773603648824,697.1883841780134,-331.0865546039099,-0.6717740747203834
3.12,-0.00015200360626953214,-3.479204228459511,0.0,-2.006320008667282,1.0,-0.0002928370247095777,-0.0002928370247095777,-1.2033447024137292,0.23239066389667679,-0.029045961482947642,-366.773603648824,697.1883841780134,-331.0865546039099,-0.6717740747203834
3.14,-0.000602679746544183,-0.42457537502330833,0.0,-2.006320008667282,1.0,-0.0002928370247095777,-0.0002928370247095777,-1.2033447024137292,0.23239066389667679,-0.029045961482947642,-366.773603648824,697.1883841780134,-331.0865546039099,-0.6717740747203834
3.16,8.600613997102784e-05,1.2078155897237108,0.0,-2.006320008667282,1.0,-0.0002928370247095777,-0.0002928370247095777,-1.2033447024137292,0.23239066389667679,-0.029045961482947642,-366.773603648824,697.1883841780134,-331.0865546039099,-0.6717740747203834
3.18,0.0005458738583106607,-1.52764265770798,0.0,-2.006320008667282,1.0,-0.0002928370247095777,-0.0002928370247095777,-1.2033447024137292,0.23239066389667679,-0.029045961482947642,-366.773603648824,697.1883841780134,-331.0865546039099,-0.6717740747203834
3.2,0.0011028486439805627,-0.675645077325302,0.0,-2.006320008667282,1.0,-0.0002928370247095777,-0.0002928370247095777,-1.2033447024137292,0.23239066389667679,-0.029045961482947642,-366.773603648824,697.1883841780134,-331.0865546039099,-0.6717740747203834
3.22,0.0023119971313161846,0.8011011864702899,0.0,-2.006320008667282,1.0,-0.0002928370247095777,-0.0002928370247095777,-1.2033447024137292,0.23239066389667679,-0.029045961482947642,-366.773603648824,697.1883841780134,-331.0865546039099,-0.6717740747203834
3.24,0.003499019578260164,2.0275527409234524,0.0,-2.006320008667282,1.0,-0.0002928370247095777,-0.0002928370247095777,-1.2033447024137292,0.23239066389667679,-0.029045961482947642,-366.773603648824,697.1883841780134,-331.0865546039099,-0.6717740747203834
3.2600000000000002,0.0038798270512093065,1.4538195693431684,0.0,-2.006320008667282,1.0,-0.0002928370247095777,-0.0002928370247095777,-1.2033447024137292,0.23239066389667679,-0.029045961482947642,-366.773603648824,697.1883841780134,-331.0865546039099,-0.6717740747203834
3.2800000000000002,0.0032656887004006074,-0.513582389162696,0.0,-2.006320008667282,1.0,-0.0002928370247095777,-0.0002928370247095777,-1.2033447024137292,0.23239066389667679,-0.029045961482947642,-366.773603648824,697.1883841780134,-331.0865546039099,-0.6717740747203834
3.3000000000000003,0.0023968553666786413,-0.16347853067483753,0.0,-2.006320008667282,1.0,-0.0002928370247095777,-0.0002928370247095777,-1.2033447024137292,0.23239066389667679,-0.029045961482947642,-366.773603648824,697.1883841780134,-331.0865546039099,-0.6717740747203834
3.3200000000000003,0.0017414378145804666,-1.55050838740772,0.0,-2.006320008667282,1.0,-0.0002928370247095777,-0.0002928370247095777,-1.2033447024137292,0.23239066389667679,-0.029045961482947642,-366.773603648824,697.1883841780134,-331.0865546039099,-0.6717740747203834
3.34,0.0015989441696128653,-0.48675534242959806,0.0,-2.006320008667282,1.0,-0.0002928370247095777,-0.0002928370247095777,-1.2033447024137292,0.23239066389667679,-0.029045961482947642,-366.773603648824,697.1883841780134,-331.0865546039099,-0.6717740747203834
3.36,0.002063141199967541,3.4240481270243404,0.0,-2.006320008667282,1.0,-0.0002928370247095777,-0.0002928370247095777,-1.2033447024137292,0.23239066389667679,-0.029045961482947642,-366.773603648824,697.1883841780134,-331.0865546039099,-0.6717740747203834
3.38,0.001680231419421128,-1.3045993492512045,0.0,-2.006320008667282,1.0,-0.0002928370247095777,-0.0002928370247095777,-1.2033447024137292,0.23239066389667679,-0.029045961482947642,-366.773603648824,697.1883841780134,-331.0865546039099,-0.6717740747203834
3.4,0.000687289405552456,-0.7209588945263432,0.0,-2.006320008667282,1.0,-0.0002928370247095777,-0.0002928370247095777,-1.2033447024137292,0.23239066389667679,-0.029045961482947642,-366.773603648824,697.1883841780134,-331.0865546039099,-0.6717740747203834
3.42,0.0002918492330372498,1.6322678568594653,0.0,-2.006320008667282,1.0,-0.0002928370247095777,-0.0002928370247095777,-1.2033447024137292,0.23239066389667679,-0.029045961482947642,-366.773603648824,697.1883841780134,-331.0865546039099,-0.6717740747203834
3.44,-0.0003686114732317552,0.8548017423059149,0.0,-2.006320008667282,1.0,-0.0002928370247095777,-0.0002928370247095777,-1.2033447024137292,0.23239066389667679,-0.029045961482947642,-366.773603648824,697.1883841780134,-331.0865546039099,-0.6717740747203834
3.46,-0.0017597076986771982,-0.0973056945966736,0.0,-2.006320008667282,1.0,-0.0002928370247095777,-0.0002928370247095777,-1.2033447024137292,0.23239066389667679,-0.029045961482947642,-366.773603648824,697.1883841780134,-331.0865546039099,-0.6717740747203834
3.48,-0.003383747681117562,-2.0468168887699885,0.0,-2.006320008667282,1.0,-0.0002928370247095777,-0.0002928370247095777,-1.2033447024137292,0.23239066389667679,-0.029045961482947642,-366.773603648824,697.1883841780134,-331.0865546039099,-0.6717740747203834
3.5,-0.004401299118739603,-1.6535501900245468,0.0,-2.006320008667282,1.0,-0.0002928370247095777,-0.0002928370247095777,-1.2033447024137292,0.23239066389667679,-0.029045961482947642,-366.773603648824,697.1883841780134,-331.0865546039099,-0.6717740747203834
3.52,-0.004363073578221035,0.2089332369646908,0.0,-2.006320008667282,1.0,-0.0002928370247095777,-0.0002928370247095777,-1.2033447024137292,0.23239066389667679,-0.029045961482947642,-366.773603648824,697.1883841780134,-331.0865546039099,-0.6717740747203834
3.54,-0.003929390097292703,-0.04331795527450566,0.0,-2.006320008667282,1.0,-0.0002928370247095777,-0.0002928370247095777,-1.2033447024137292,0.23239066389667679,-0.029045961482947642,-366.773603648824,697.1883841780134,-331.0865546039099,-0.6717740747203834
3.56,-0.0035690380711172094,2.253923116862628,0.0,-2.006320008667282,1.0,-0.0002928370247095777,-0.0002928370247095777,-1.2033447024137292,0.23239066389667679,-0.029045961482947642,-366.773603648824,697.1883841780134,-331.0865546039099,-0.6717740747203834
3.58,-0.003878584634105546,-1.5459892981748573,0.0,-2.006320008667282,1.0,-0.0002928370247095777,-0.0002928370247095777,-1.2033447024137292,0.23239066389667679,-0.029045961482947642,-366.773603648824,697.1883841780134,-331.0865546039099,-0.6717740747203834
3.6,-0.004419952241449681,-0.017956402034905672,0.0,-2.006320008667282,1.0,-0.0002928370247095777,-0.0002928370247095777,-1.2033447024137292,0.23239066389667679,-0.029045961482947642,-366.773603648824,697.1883841780134,-331.0865546039099,-0.6717740747203834
3.62,-0.004531277518512241,-1.254551402031488,0.0,-2.006320008667282,1.0,-0.0002928370247095777,-0.0002928370247095777,-1.2033447024137292,0.23239066389667679,-0.029045961482947642,-366.773603648824,697.1883841780134,-331.0865546039099,-0.6717740747203834
3.64,-0.004298607303412356,2.2371427348684882,0.0,-2.006320008667282,1.0,-0.0002928370247095777,-0.0002928370247095777,-1.2033447024137292,0.23239066389667679,-0.029045961482947642,-366.773603648824,697.1883841780134,-331.0865546039099,-0.6717740747203834
3.66,-0.0043808407639359245,-5.717156016678297,0.0,-2.006320008667282,1.0,-0.0002928370247095777,-0.0002928370247095777,-1.2033447024137292,0.23239066389667679,-0.029045961482947642,-366.773603648824,697.1883841780134,-331.0865546039099,-0.6717740747203834
3.68,-0.0034716956350389896,3.0451495154865063,0.0,-2.006320008667282,1.0,-0.0002928370247095777,-0.0002928370247095777,-1.2033447024137292,0.23239066389667679,-0.029045961482947642,-366.773603648824,697.1883841780134,-331.0865546039099,-0.6717740747203834
3.7,-0.0018020401859459266,2.0275750201318825,0.0,-2.006320008667282,1.0,-0.0002928370247095777,-0.0002928370247095777,-1.2033447024137292,0.23239066389667679,-0.029045961482947642,-366.773603648824,697.1883841780134,-331.0865546039099,-0.6717740747203834
3.72,-0.0016292515081770267,-3.053514288236587,0.0,-2.006320008667282,1.0,-0.0002928370247095777,-0.0002928370247095777,-1.2033447024137292,0.23239066389667679,-0.029045961482947642,-366.773603648824,697.1883841780134,-331.0865546039099,-0.6717740747203834
3.74,-0.0011663271736534107,5.2888442912347635,0.0,-2.006320008667282,1.0,-0.0002928370247095777,-0.0002928370247095777,-1.2033447024137292,0.23239066389667679,-0.029045961482947642,-366.773603648824,697.1883841780134,-331.0865546039099,-0.6717740747203834
3.7600000000000002,-0.0013653616294240323,-2.784535119376426,0.0,-2.006320008667282,1.0,-0.0002928370247095777,-0.0002928370247095777,-1.2033447024137292,0.23239066389667679,-0.029045961482947642,-366.773603648824,697.1883841780134,-331.0865546039099,-0.6717740747203834
3.7800000000000002,-0.0023063800499533047,-1.1607131059515314,0.0,-2.006320008667282,1.0,-0.0002928370247095777,-0.0002928370247095777,-1.2033447024137292,0.23239066389667679,-0.029045961482947642,-366.773603648824,697.1883841780134,-331.0865546039099,-0.6717740747203834
3.8000000000000003,-0.0021066631685594753,-1.8792663324804737,0.0,-2.006320008667282,1.0,-0.0002928370247095777,-0.0002928370247095777,-1.2033447024137292,0.23239066389667679,-0.029045961482947642,-366.773603648824,697.1883841780134,-331.0865546039099,-0.6717740747203834
3.8200000000000003,-0.001030043857579183,3.360942224409357,0.0,-2.006320008667282,1.0,-0.0002928370247095777,-0.0002928370247095777,-1.2033447024137292,0.23239066389667679,-0.029045961482947642,-366.773603648824,697.1883841780134,-331.0865546039099,-0.6717740747203834
3.84,-0.0003938243472162979,-0.11225563545893014,0.0,-2.006320008667282,1.0,-0.0002928370247095777,-0.0002928370247095777,-1.2033447024137292,0.23239066389667679,-0.029045961482947642,-366.773603648824,697.1883841780134,-331.0865546039099,-0.6717740747203834
3.86,-0.0007114293855267182,-1.7120870343922083,0.0,-2.006320008667282,1.0,-0.0002928370247095777,-0.0002928370247095777,-1.2033447024137292,0.23239066389667679,-0.029045961482947642,-366.773603648824,697.1883841780134,-331.0865546039099,-0.6717740747203834
3.88,-0.0004992957365042557,1.094747207828562,0.0,-2.006320008667282,1.0,-0.0002928370247095777,-0.0002928370247095777,-1.2033447024137292,0.23239066389667679,-0.029045961482947642,-366.773603648824,697.1883841780134,-331.0865546039099,-0.6717740747203834
3.9,-0.0001095377883015634,1.274639612781282,0.0,-2.006320008667282,1.0,-0.0002928370247095777,-0.0002928370247095777,-1.2033447024137292,0.23239066389667679,-0.029045961482947642,-366.773603648824,697.1883841780134,-331.0865546039099,-0.6717740747203834
3.92,-0.000414316293302084,1.1995192538898942,0.0,-2.006320008667282,1.0,-0.0002928370247095777,-0.0002928370247095777,-1.2033447024137292,0.23239066389667679,-0.029045961482947642,-366.773603648824,697.1883841780134,-331.0865546039099,-0.6717740747203834
3.94,-0.001446238449803761,-1.802115278129716,0.0,-2.006320008667282,1.0,-0.0002928370247095777,-0.0002928370247095777,-1.2033447024137292,0.23239066389667679,-0.029045961482947642,-366.773603648824,697.1883841780134,-331.0865546039099,-0.6717740747203834
3.96,-0.002310839053336908,-2.897899770523513,0.0,-2.006320008667282,1.0,-0.0002928370247095777,-0.0002928370247095777,-1.2033447024137292,0.23239066389667679,-0.029045961482947642,-366.773603648824,697.1883841780134,-331.0865546039099,-0.6717740747203834
3.98,-0.0018137095970573007,0.13374836741027973,0.0,-2.006320008667282,1.0,-0.0002928370247095777,-0.0002928370247095777,-1.2033447024137292,0.23239066389667679,-0.029045961482947642,-366.773603648824,697.1883841780134,-331.0865546039099,-0.6717740747203834
4.0,-0.0005185989314950151,-2.780590450024457,0.0,-2.006320008667282,1.0,-0.0002928370247095777,-0.0002928370247095777,-1.2033447024137292,0.23239066389667679,-0.029045961482947642,-366.773603648824,697.1883841780134,-331.0865546039099,-0.6717740747203834
4.0200000000000005,0.001548327515286234,2.615766033360982,0.0,-2.006320008667282,1.0,-0.0002928370247095777,-0.0002928370247095777,-1.2033447024137292,0.23239066389667679,-0.029045961482947642,-366.773603648824,697.1883841780134,-331.0865546039099,-0.6717740747203834
4.04,0.0036733076456015616,3.9915881780970826,0.0,-2.006320008667282,1.0,-0.0002928370247095777,-0.0002928370247095777,-1.2033447024137292,0.23239066389667679,-0.029045961482947642,-366.773603648824,697.1883841780134,-331.0865546039099,-0.6717740747203834
4.0600000000000005,0.003886639314651842,0.5666334089181007,0.0,-2.006320008667282,1.0,-0.0002928370247095777,-0.0002928370247095777,-1.2033447024137292,0.23239066389667679,-0.029045961482947642,-366.773603648824,697.1883841780134,-331.0865546039099,-0.6717740747203834
4.08,0.0027897302272579345,-1.2422294619930354,0.0,-2.006320008667282,1.0,-0.0002928370247095777,-0.0002928370247095777,-1.2033447024137292,0.23239066389667679,-0.029045961482947642,-366.773603648824,697.1883841780134,-331.0865546039099,-0.6717740747203834
4.1,0.0019082912475767051,-0.9479504126365752,0.0,-2.006320008667282,1.0,-0.0002928370247095777,-0.0002928370247095777,-1.2033447024137292,0.23239066389667679,-0.029045961482947642,-366.773603648824,697.1883841780134,-331.0865546039099,-0.6717740747203834
4.12,0.0016802769010348475,3.291386118610636,0.0,-2.006320008667282,1.0,-0.0002928370247095777,-0.0002928370247095777,-1.2033447024137292,0.23239066389667679,-0.029045961482947642,-366.773603648824,697.1883841780134,-331.0865546039099,-0.6717740747203834
4.14,0.0007766379967380645,-1.6811490060243095,0.0,-2.006320008667282,1.0,-0.0002928370247095777,-0.0002928370247095777,-1.2033447024137292,0.23239066389667679,-0.029045961482947642,-366.773603648824,697.1883841780134,-331.0865546039099,-0.6717740747203834
4.16,-0.0005936288453931132,0.28890417868820917,0.0,-2.006320008667282,1.0,-0.0002928370247095777,-0.0002928370247095777,-1.2033447024137292,0.23239066389667679,-0.029045961482947642,-366.773603648824,697.1883841780134,-331.0865546039099,-0.6717740747203834
4.18,-0.0015599465685559551,-1.0460910094131184,0.0,-2.006320008667282,1.0,-0.0002928370247095777,-0.0002928370247095777,-1.2033447024137292,0.23239066389667679,-0.029045961482947642,-366.773603648824,697.1883841780134,-331.0865546039099,-0.6717740747203834
4.2,-0.002314391258824213,-2.4316526424846496,0.0,-2.006320008667282,1.0,-0.0002928370247095777,-0.0002928370247095777,-1.2033447024137292,0.23239066389667679,-0.029045961482947642,-366.773603648824,697.1883841780134,-331.0865546039099,-0.6717740747203834
4.22,-0.0020650538054422176,3.5048226173716976,0.0,-2.006320008667282,1.0,-0.0002928370247095777,-0.0002928370247095777,-1.2033447024137292,0.23239066389667679,-0.029045961482947642,-366.773603648824,697.1883841780134,-331.0865546039099,-0.6717740747203834
4.24,-0.002143031280251635,-4.160938555999858,0.0,-2.006320008667282,1.0,-0.0002928370247095777,-0.0002928370247095777,-1.2033447024137292,0.23239066389667679,-0.029045961482947642,-366.773603648824,697.1883841780134,-331.0865546039099,-0.6717740747203834
4.26,-0.002042419114265843,-1.133616282072981,0.0,-2.006320008667282,1.0,-0.0002928370247095777,-0.0002928370247095777,-1.2033447024137292,0.23239066389667679,-0.029045961482947642,-366.773603648824,697.1883841780134,-331.0865546039099,-0.6717740747203834
4.28,-0.00040427729154732017,1.6039085976958043,0.0,-2.006320008667282,1.0,-0.0002928370247095777,-0.0002928370247095777,-1.2033447024137292,0.23239066389667679,-0.029045961482947642,-366.773603648824,697.1883841780134,-331.0865546039099,-0.6717740747203834
4.3,0.0010935903969888268,0.2570838689810391,0.0,-2.006320008667282,1.0,-0.0002928370247095777,-0.0002928370247095777,-1.2033447024137292,0.23239066389667679,-0.029045961482947642,-366.773603648824,697.1883841780134,-331.0865546039099,-0.6717740747203834
4.32,0.002053402249090217,0.571344066452436,0.0,-2.006320008667282,1.0,-0.0002928370247095777,-0.0002928370247095777,-1.2033447024137292,0.23239066389667679,-0.029045961482947642,-366.773603648824,697.1883841780134,-331.0865546039099,-0.6717740747203834
4.34,0.0027835977804558116,0.2609486692045023,0.0,-2.006320008667282,1.0,-0.0002928370247095777,-0.0002928370247095777,-1.2033447024137292,0.23239066389667679,-0.029045961482947642,-366.773603648824,697.1883841780134,-331.0865546039099,-0.6717740747203834
4.36,0.00328766046147974,3.1119524334746362,0.0,-2.006320008667282,1.0,-0.0002928370247095777,-0.0002928370247095777,-1.2033447024137292,0.23239066389667679,-0.029045961482947642,-366.773603648824,697.1883841780134,-331.0865546039099,-0.6717740747203834
4.38,0.0028247968267170317,-0.9675597002019987,0.0,-2.006320008667282,1.0,-0.0002928370247095777,-0.0002928370247095777,-1.2033447024137292,0.23239066389667679,-0.029045961482947642,-366.773603648824,697.1883841780134,-331.0865546039099,-0.6717740747203834
4.4,0.001751832273465826,-0.028248140826761192,0.0,-2.006320008667282,1.0,-0.0002928370247095777,-0.0002928370247095777,-1.2033447024137292,0.23239066389667679,-0.029045961482947642,-366.773603648824,697.1883841780134,-331.0865546039099,-0.6717740747203834
4.42,0.0009815478863174768,-3.693989528573818,0.0,-2.006320008667282,1.0,-0.0002928370247095777,-0.0002928370247095777,-1.2033447024137292,0.23239066389667679,-0.029045961482947642,-366.773603648824,697.1883841780134,-331.0865546039099,-0.6717740747203834
4.44,0.0013074753338183705,0.4734815401242427,0.0,-2.006320008667282,1.0,-0.0002928370247095777,-0.0002928370247095777,-1.2033447024137292,0.23239066389667679,-0.029045961482947642,-366.773603648824,697.1883841780134,-331.0865546039099,-0.6717740747203834
4.46,0.002584749460746769,4.1014334183758,0.0,-2.006320008667282,1.0,-0.0002928370247095777,-0.0002928370247095777,-1.2033447024137292,0.23239066389667679,-0.029045961482947642,-366.773603648824,697.1883841780134,-331.0865546039099,-0.6717740747203834
4.48,0.0025386602202447815,-3.1104253788519323,0.0,-2.006320008667282,1.0,-0.0002928370247095777,-0.0002928370247095777,-1.2033447024137292,0.23239066389667679,-0.029045961482947642,-366.773603648824,697.1883841780134,-331.0865546039099,-0.6717740747203834
4.5,0.002218413869445261,3.3703840557475218,0.0,-2.006320008667282,1.0,-0.0002928370247095777,-0.0002928370247095777,-1.2033447024137292,0.23239066389667679,-0.029045961482947642,-366.773603648824,697.1883841780134,-331.0865546039099,-0.6717740747203834
4.5200000000000005,0.0018360627467130658,-3.126268548096953,0.0,-2.006320008667282,1.0,-0.0002928370247095777,-0.0002928370247095777,-1.2033447024137292,0.23239066389667679,-0.029045961482947642,-366.773603648824,697.1883841780134,-331.0865546039099,-0.6717740747203834
4.54,0.0013938307166714424,1.4226028152290509,0.0,-2.006320008667282,1.0,-0.0002928370247095777,-0.0002928370247095777,-1.2033447024137292,0.23239066389667679,-0.029045961482947642,-366.773603648824,697.1883841780134,-331.0865546039099,-0.6717740747203834
4.5600000000000005,0.0014593035903208448,-1.5934877941040813,0.0,-2.006320008667282,1.0,-0.0002928370247095777,-0.0002928370247095777,-1.2033447024137292,0.23239066389667679,-0.029045961482947642,-366.773603648824,697.1883841780134,-331.0865546039099,-0.6717740747203834
4.58,0.001584040726177222,1.491988136818652,0.0,-2.006320008667282,1.0,-0.0002928370247095777,-0.0002928370247095777,-1.2033447024137292,0.23239066389667679,-0.029045961482947642,-366.773603648824,697.1883841780134,-331.0865546039099,-0.6717740747203834
4.6000000000000005,0.0017485119971333597,-1.5090197415901052,0.0,-2.006320008667282,1.0,-0.0002928370247095777,-0.0002928370247095777,-1.2033447024137292,0.23239066389667679,-0.029045961482947642,-366.773603648824,697.1883841780134,-331.0865546039099,-0.6717740747203834
4.62,0.0019290213805060017,0.7950434520809768,0.0,-2.006320008667282,1.0,-0.0002928370247095777,-0.0002928370247095777,-1.2033447024137292,0.23239066389667679,-0.029045961482947642,-366.773603648824,697.1883841780134,-331.0865546039099,-0.6717740747203834
4.64,0.002330800614652774,3.912076848902294,0.0,-2.006320008667282,1.0,-0.0002928370247095777,-0.0002928370247095777,-1.2033447024137292,0.23239066389667679,-0.029045961482947642,-366.773603648824,697.1883841780134,-331.0865546039099,-0.6717740747203834
4.66,0.0013688952237258683,-2.948666501063805,0.0,-2.006320008667282,1.0,-0.0002928370247095777,-0.0002928370247095777,-1.2033447024137292,0.23239066389667679,-0.029045961482947642,-366.773603648824,697.1883841780134,-331.0865546039099,-0.6717740747203834
4.68,0.0001335208311222637,3.2441626490998683,0.0,-2.006320008667282,1.0,-0.0002928370247095777,-0.0002928370247095777,-1.2033447024137292,0.23239066389667679,-0.029045961482947642,-366.773603648824,697.1883841780134,-331.0865546039099,-0.6717740747203834
4.7,-0.0011875420086261805,-3.935455413928146,0.0,-2.006320008667282,1.0,-0.0002928370247095777,-0.0002928370247095777,-1.2033447024137292,0.23239066389667679,-0.029045961482947642,-366.773603648824,697.1883841780134,-331.0865546039099,-0.6717740747203834
4.72,-0.0023136755951382,-2.736819484683284,0.0,-2.006320008667282,1.0,-0.0002928370247095777,-0.0002928370247095777,-1.2033447024137292,0.23239066389667679,-0.029045961482947642,-366.773603648824,697.1883841780134,-331.0865546039099,-0.6717740747203834
4.74,-0.0015005476307267313,1.8617824829168859,0.0,-2.006320008667282,1.0,-0.0002928370247095777,-0.0002928370247095777,-1.2033447024137292,0.23239066389667679,-0.029045961482947642,-366.773603648824,697.1883841780134,-331.0865546039099,-0.6717740747203834
4.76,-0.0004406610794915097,-0.07748741164745176,0.0,-2.006320008667282,1.0,-0.0002928370247095777,-0.0002928370247095777,-1.2033447024137292,0.23239066389667679,-0.029045961482947642,-366.773603648824,697.1883841780134,-331.0865546039099,-0.6717740747203834
4.78,9.393304066317416e-05,4.010674642486874,0.0,-2.006320008667282,1.0,-0.0002928370247095777,-0.0002928370247095777,-1.2033447024137292,0.23239066389667679,-0.029045961482947642,-366.773603648824,697.1883841780134,-331.0865546039099,-0.6717740747203834
4.8,-0.0005226620148796927,-0.7261809156101444,0.0,-2.006320008667282,1.0,-0.0002928370247095777,-0.0002928370247095777,-1.2033447024137292,0.23239066389667679,-0.029045961482947642,-366.773603648824,697.1883841780134,-331.0865546039099,-0.6717740747203834
4.82,-0.0021043816651847946,-0.11148441751329519,0.0,-2.006320008667282,1.0,-0.0002928370247095777,-0.0002928370247095777,-1.2033447024137292,0.23239066389667679,-0.029045961482947642,-366.773603648824,697.1883841780134,-331.0865546039099,-0.6717740747203834
4.84,-0.003454101742736211,-1.3559243821581275,0.0,-2.006320008667282,1.0,-0.0002928370247095777,-0.0002928370247095777,-1.2033447024137292,0.23239066389667679,-0.029045961482947642,-366.773603648824,697.1883841780134,-331.0865546039099,-0.6717740747203834
4.86,-0.004395943240561925,2.7573187967451394,0.0,-2.006320008667282,1.0,-0.0002928370247095777,-0.0002928370247095777,-1.2033447024137292,0.23239066389667679,-0.029045961482947642,-366.773603648824,697.1883841780134,-331.0865546039099,-0.6717740747203834
4.88,-0.00577594041017051,-2.678816527501951,0.0,-2.006320008667282,1.0,-0.0002928370247095777,-0.0002928370247095777,-1.2033447024137292,0.23239066389667679,-0.029045961482947642,-366.773603648824,697.1883841780134,-331.0865546039099,-0.6717740747203834
4.9,-0.007215434279176841,-1.6825407141856745,0.0,-2.006320008667282,1.0,-0.0002928370247095777,-0.0002928370247095777,-1.2033447024137292,0.23239066389667679,-0.029045961482947642,-366.773603648824,697.1883841780134,-331.0865546039099,-0.6717740747203834
4.92,-0.007423398441814984,-2.984939786305799,0.0,-2.006320008667282,1.0,-0.0002928370247095777,-0.0002928370247095777,-1.2033447024137292,0.23239066389667679,-0.029045961482947642,-366.773603648824,697.1883841780134,-331.0865546039099,-0.6717740747203834
4.94,-0.006311508189325365,-0.7037231536589177,0.0,-2.006320008667282,1.0,-0.0002928370247095777,-0.0002928370247095777,-1.2033447024137292,0.23239066389667679,-0.029045961482947642,-366.773603648824,697.1883841780134,-331.0865546039099,-0.6717740747203834
4.96,-0.004159354995022015,2.3495918805668152,0.0,-2.006320008667282,1.0,-0.0002928370247095777,-0.0002928370247095777,-1.2033447024137292,0.23239066389667679,-0.029045961482947642,-366.773603648824,697.1883841780134,-331.0865546039099,-0.6717740747203834
4.98,-0.002515456784944549,2.473995523254513,0.0,-2.006320008667282,1.0,-0.0002928370247095777,-0.0002928370247095777,-1.2033447024137292,0.23239066389667679,-0.029045961482947642,-366.773603648824,697.1883841780134,-331.0865546039099,-0.6717740747203834
5.0,-0.0022999752424301603,0.8189647356907033,0.0,-2.006320008667282,1.0,-0.0002928370247095777,-0.0002928370247095777,-1.2033447024137292,0.23239066389667679,-0.029045961482947642,-366.773603648824,697.1883841780134,-331.0865546039099,-0.6717740747203834
5.0200000000000005,-0.003063327195926176,-3.8471941541895474,0.0,-2.006320008667282,1.0,-0.0002928370247095777,-0.0002928370247095777,-1.2033447024137292,0.23239066389667679,-0.029045961482947642,-366.773603648824,697.1883841780134,-331.0865546039099,-0.6717740747203834
5.04,-0.0029592671656256246,1.6551947141007712,0.0,-2.006320008667282,1.0,-0.0002928370247095777,-0.0002928370247095777,-1.2033447024137292,0.23239066389667679,-0.029045961482947642,-366.773603648824,697.1883841780134,-331.0865546039099,-0.6717740747203834
5.0600000000000005,-0.0022320155634174303,0.07929396727028726,0.0,-2.006320008667282,1.0,-0.0002928370247095777,-0.0002928370247095777,-1.2033447024137292,0.23239066389667679,-0.029045961482947642,-366.773603648824,697.1883841780134,-331.0865546039099,-0.6717740747203834
5.08,-0.002026791098966041,-2.413023661005666,0.0,-2.006320008667282,1.0,-0.0002928370247095777,-0.0002928370247095777,-1.2033447024137292,0.23239066389667679,-0.029045961482947642,-366.773603648824,697.1883841780134,-331.0865546039099,-0.6717740747203834
5.1000000000000005,-0.0011509748070860435,2.534798441818846,0.0,-2.006320008667282,1.0,-0.0002928370247095777,-0.0002928370247095777,-1.2033447024137292,0.23239066389667679,-0.029045961482947642,-366.773603648824,697.1883841780134,-331.0865546039099,-0.6717740747203834
5.12,-0.0003180934985770286,-4.171354753806154,0.0,-2.006320008667282,1.0,-0.0002928370247095777,-0.0002928370247095777,-1.2033447024137292,0.23239066389667679,-0.029045961482947642,-366.773603648824,697.1883841780134,-331.0865546039099,-0.6717740747203834
5.14,0.0009920218143053146,3.7708118673206688,0.0,-2.006320008667282,1.0,-0.0002928370247095777,-0.0002928370247095777,-1.2033447024137292,0.23239066389667679,-0.029045961482947642,-366.773603648824,697.1883841780134,-331.0865546039099,-0.6717740747203834
5.16,0.002425701860042539,5.529256983018251,0.0,-2.006320008667282,1.0,-0.0002928370247095777,-0.0002928370247095777,-1.2033447024137292,0.23239066389667679,-0.029045961482947642,-366.773603648824,697.1883841780134,-331.0865546039099,-0.6717740747203834
5.18,0.001151315457287539,-5.3338549425745345,0.0,-2.006320008667282,1.0,-0.0002928370247095777,-0.0002928370247095777,-1.2033447024137292,0.23239066389667679,-0.029045961482947642,-366.773603648824,697.1883841780134,-331.0865546039099,-0.6717740747203834
5.2,-0.00017301290411714655,0.023833757679407874,0.0,-2.006320008667282,1.0,-0.0002928370247095777,-0.0002928370247095777,-1.2033447024137292,0.23239066389667679,-0.029045961482947642,-366.773603648824,697.1883841780134,-331.0865546039099,-0.6717740747203834
5.22,5.653600386366532e-05,-3.2761880203031435,0.0,-2.006320008667282,1.0,-0.0002928370247095777,-0.0002928370247095777,-1.2033447024137292,0.23239066389667679,-0.029045961482947642,-366.773603648824,697.1883841780134,-331.0865546039099,-0.6717740747203834
5.24,0.0012388518707918336,1.5045958566492867,0.0,-2.006320008667282,1.0,-0.0002928370247095777,-0.0002928370247095777,-1.2033447024137292,0.23239066389667679,-0.029045961482947642,-366.773603648824,697.1883841780134,-331.0865546039099,-0.6717740747203834
5.26,0.002947785369554233,3.6916019721463402,0.0,-2.006320008667282,1.0,-0.0002928370247095777,-0.0002928370247095777,-1.2033447024137292,0.23239066389667679,-0.029045961482947642,-366.773603648824,697.1883841780134,-331.0865546039099,-0.6717740747203834
5.28,0.003153717363155753,-2.2884922416657787,0.0,-2.006320008667282,1.0,-0.0002928370247095777,-0.0002928370247095777,-1.2033447024137292,0.23239066389667679,-0.029045961482947642,-366.773603648824,697.1883841780134,-331.0865546039099,-0.6717740747203834
5.3,0.0029687014844135013,1.1210135305755426,0.0,-2.006320008667282,1.0,-0.0002928370247095777,-0.0002928370247095777,-1.2033447024137292,0.23239066389667679,-0.029045961482947642,-366.773603648824,697.1883841780134,-331.0865546039099,-0.6717740747203834
5.32,0.0031443272608561875,-0.14195413835855364,0.0,-2.006320008667282,1.0,-0.0002928370247095777,-0.0002928370247095777,-1.2033447024137292,0.23239066389667679,-0.029045961482947642,-366.773603648824,697.1883841780134,-331.0865546039099,-0.6717740747203834
5.34,0.0030531219552696874,-0.099894721620442,0.0,-2.006320008667282,1.0,-0.0002928370247095777,-0.0002928370247095777,-1.2033447024137292,0.23239066389667679,-0.029045961482947642,-366.773603648824,697.1883841780134,-331.0865546039099,-0.6717740747203834
5.36,0.0030520342820850254,1.0580374790084475,0.0,-2.006320008667282,1.0,-0.0002928370247095777,-0.0002928370247095777,-1.2033447024137292,0.23239066389667679,-0.029045961482947642,-366.773603648824,697.1883841780134,-331.0865546039099,-0.6717740747203834
5.38,0.0027896572241222516,0.7957185076744868,0.0,-2.006320008667282,1.0,-0.0002928370247095777,-0.0002928370247095777,-1.2033447024137292,0.23239066389667679,-0.029045961482947642,-366.773603648824,697.1883841780134,-331.0865546039099,-0.6717740747203834
5.4,0.002002064745269063,1.391796912814916,0.0,-2.006320008667282,1.0,-0.0002928370247095777,-0.0002928370247095777,-1.2033447024137292,0.23239066389667679,-0.029045961482947642,-366.773603648824,697.1883841780134,-331.0865546039099,-0.6717740747203834
5.42,0.0005865409866918521,-0.6956431827292524,0.0,-2.006320008667282,1.0,-0.0002928370247095777,-0.0002928370247095777,-1.2033447024137292,0.23239066389667679,-0.029045961482947642,-366.773603648824,697.1883841780134,-331.0865546039099,-0.6717740747203834
5.44,-0.001029135194623776,-3.16404947005278,0.0,-2.006320008667282,1.0,-0.0002928370247095777,-0.0002928370247095777,-1.2033447024137292,0.23239066389667679,-0.029045961482947642,-366.773603648824,697.1883841780134,-331.0865546039099,-0.6717740747203834
5.46,-0.001521055551333396,2.6911055825341186,0.0,-2.006320008667282,1.0,-0.0002928370247095777,-0.0002928370247095777,-1.2033447024137292,0.23239066389667679,-0.029045961482947642,-366.773603648824,697.1883841780134,-331.0865546039099,-0.6717740747203834
5.48,-0.001884093676230436,0.4045229604454601,0.0,-2.006320008667282,1.0,-0.0002928370247095777,-0.0002928370247095777,-1.2033447024137292,0.23239066389667679,-0.029045961482947642,-366.773603648824,697.1883841780134,-331.0865546039099,-0.6717740747203834
5.5,-0.0031655521949110086,-5.449990653659773,0.0,-2.006320008667282,1.0,-0.0002928370247095777,-0.0002928370247095777,-1.2033447024137292,0.23239066389667679,-0.029045961482947642,-366.773603648824,697.1883841780134,-331.0865546039099,-0.6717740747203834
5.5200000000000005,-0.002989526871659547,2.6334465443005675,0.0,-2.006320008667282,1.0,-0.0002928370247095777,-0.0002928370247095777,-1.2033447024137292,0.23239066389667679,-0.029045961482947642,-366.773603648824,697.1883841780134,-331.0865546039099,-0.6717740747203834
5.54,-0.0020076138665784593,1.3614091461469986,0.0,-2.006320008667282,1.0,-0.0002928370247095777,-0.0002928370247095777,-1.2033447024137292,0.23239066389667679,-0.029045961482947642,-366.773603648824,697.1883841780134,-331.0865546039099,-0.6717740747203834
5.5600000000000005,-0.0022082274752510365,0.4633014598830677,0.0,-2.006320008667282,1.0,-0.0002928370247095777,-0.0002928370247095777,-1.2033447024137292,0.23239066389667679,-0.029045961482947642,-366.773603648824,697.1883841780134,-331.0865546039099,-0.6717740747203834
5.58,-0.0029571384049746478,-0.8904868950279898,0.0,-2.006320008667282,1.0,-0.0002928370247095777,-0.0002928370247095777,-1.2033447024137292,0.23239066389667679,-0.029045961482947642,-366.773603648824,697.1883841780134,-331.0865546039099,-0.6717740747203834
5.6000000000000005,-0.0035996435724579678,-3.8159806599485746,0.0,-2.006320008667282,1.0,-0.0002928370247095777,-0.0002928370247095777,-1.2033447024137292,0.23239066389667679,-0.029045961482947642,-366.773603648824,697.1883841780134,-331.0865546039099,-0.6717740747203834
5.62,-0.002886680237806508,1.0371719719982258,0.0,-2.006320008667282,1.0,-0.0002928370247095777,-0.0002928370247095777,-1.2033447024137292,0.23239066389667679,-0.029045961482947642,-366.773603648824,697.1883841780134,-331.0865546039099,-0.6717740747203834
5.64,-0.00137822832883934,-2.5866503421658344,0.0,-2.006320008667282,1.0,-0.0002928370247095777,-0.0002928370247095777,-1.2033447024137292,0.23239066389667679,-0.029045961482947642,-366.773603648824,697.1883841780134,-331.0865546039099,-0.6717740747203834
5.66,0.000575258247702903,3.235648480746937,0.0,-2.006320008667282,1.0,-0.0002928370247095777,-0.0002928370247095777,-1.2033447024137292,0.23239066389667679,-0.029045961482947642,-366.773603648824,697.1883841780134,-331.0865546039099,-0.6717740747203834
5.68,0.002342330501152569,5.370697747506485,0.0,-2.006320008667282,1.0,-0.0002928370247095777,-0.0002928370247095777,-1.2033447024137292,0.23239066389667679,-0.029045961482947642,-366.773603648824,697.1883841780134,-331.0865546039099,-0.6717740747203834
5.7,0.0016039563775896541,-1.3028076553790786,0.0,-2.006320008667282,1.0,-0.0002928370247095777,-0.0002928370247095777,-1.2033447024137292,0.23239066389667679,-0.029045961482947642,-366.773603648824,697.1883841780134,-331.0865546039099,-0.6717740747203834
5.72,-0.0003155060034532645,-0.6639604769625107,0.0,-2.006320008667282,1.0,-0.0002928370247095777,-0.0002928370247095777,-1.2033447024137292,0.23239066389667679,-0.029045961482947642,-366.773603648824,697.1883841780134,-331.0865546039099,-0.6717740747203834
5.74,-0.0016610199861217226,-2.926750330102969,0.0,-2.006320008667282,1.0,-0.0002928370247095777,-0.0002928370247095777,-1.2033447024137292,0.23239066389667679,-0.029045961482947642,-366.773603648824,697.1883841780134,-331.0865546039099,-0.6717740747203834
5.76,-0.0019655404213508123,-1.7612154419335897,0.0,-2.006320008667282,1.0,-0.0002928370247095777,-0.0002928370247095777,-1.2033447024137292,0.23239066389667679,-0.029045961482947642,-366.773603648824,697.1883841780134,-331.0865546039099,-0.6717740747203834
5.78,-0.0009096759146160994,-0.24370143919062515,0.0,-2.006320008667282,1.0,-0.0002928370247095777,-0.0002928370247095777,-1.2033447024137292,0.23239066389667679,-0.029045961482947642,-366.773603648824,697.1883841780134,-331.0865546039099,-0.6717740747203834
5.8,0.0007275528617088375,2.557979565213405,0.0,-2.006320008667282,1.0,-0.0002928370247095777,-0.0002928370247095777,-1.2033447024137292,0.23239066389667679,-0.029045961482947642,-366.773603648824,697.1883841780134,-331.0865546039099,-0.6717740747203834
5.82,0.0016916739725257215,-0.7806916043266128,0.0,-2.006320008667282,1.0,-0.0002928370247095777,-0.0002928370247095777,-1.2033447024137292,0.23239066389667679,-0.029045961482947642,-366.773603648824,697.1883841780134,-331.0865546039099,-0.6717740747203834
5.84,0.0021460312805312008,0.14266093323350737,0.0,-2.006320008667282,1.0,-0.0002928370247095777,-0.0002928370247095777,-1.2033447024137292,0.23239066389667679,-0.029045961482947642,-366.773603648824,697.1883841780134,-331.0865546039099,-0.6717740747203834
5.86,0.002800790078348458,3.510829312524488,0.0,-2.006320008667282,1.0,-0.0002928370247095777,-0.0002928370247095777,-1.2033447024137292,0.23239066389667679,-0.029045961482947642,-366.773603648824,697.1883841780134,-331.0865546039099,-0.6717740747203834
5.88,0.0024033774978396817,-4.246157916139083,0.0,-2.006320008667282,1.0,-0.0002928370247095777,-0.0002928370247095777,-1.2033447024137292,0.23239066389667679,-0.029045961482947642,-366.773603648824,697.1883841780134,-331.0865546039099,-0.6717740747203834
5.9,0.0022364866284057283,-0.6443353228411111,0.0,-2.006320008667282,1.0,-0.0002928370247095777,-0.0002928370247095777,-1.2033447024137292,0.23239066389667679,-0.029045961482947642,-366.773603648824,697.1883841780134,-331.0865546039099,-0.6717740747203834
5.92,0.003515843811788445,1.767595768120294,0.0,-2.006320008667282,1.0,-0.0002928370247095777,-0.0002928370247095777,-1.2033447024137292,0.23239066389667679,-0.029045961482947642,-366.773603648824,697.1883841780134,-331.0865546039099,-0.6717740747203834
5.94,0.00448849199786009,1.509639284428185,0.0,-2.006320008667282,1.0,-0.0002928370247095777,-0.0002928370247095777,-1.2033447024137292,0.23239066389667679,-0.029045961482947642,-366.773603648824,697.1883841780134,-331.0865546039099,-0.6717740747203834
5.96,0.0045298221568284966,0.34902832841890175,0.0,-2.006320008667282,1.0,-0.0002928370247095777,-0.0002928370247095777,-1.2033447024137292,0.23239066389667679,-0.029045961482947642,-366.773603648824,697.1883841780134,-331.0865546039099,-0.6717740747203834
5.98,0.00405550042102294,-2.339325362986734,0.0,-2.006320008667282,1.0,-0.0002928370247095777,-0.0002928370247095777,-1.2033447024137292,0.23239066389667679,-0.029045961482947642,-366.773603648824,697.1883841780134,-331.0865546039099,-0.6717740747203834
6.0,0.004189636800618784,2.366550573503291,0.0,-2.006320008667282,1.0,-0.0002928370247095777,-0.0002928370247095777,-1.2033447024137292,0.23239066389667679,-0.029045961482947642,-366.773603648824,697.1883841780134,-331.0865546039099,-0.6717740747203834
6.0200000000000005,0.00434228013757355,0.1910753489996826,0.0,-2.006320008667282,1.0,-0.0002928370247095777,-0.0002928370247095777,-1.2033447024137292,0.23239066389667679,-0.029045961482947642,-366.773603648824,697.1883841780134,-331.0865546039099,-0.6717740747203834
6.04,0.0037734072371124667,0.7773617733649846,0.0,-2.006320008667282,1.0,-0.0002928370247095777,-0.0002928370247095777,-1.2033447024137292,0.23239066389667679,-0.029045961482947642,-366.773603648824,697.1883841780134,-331.0865546039099,-0.6717740747203834
6.0600000000000005,0.002944789988333864,-2.5888395575651306,0.0,-2.006320008667282,1.0,-0.0002928370247095777,-0.0002928370247095777,-1.2033447024137292,0.23239066389667679,-0.029045961482947642,-366.773603648824,697.1883841780134,-331.0865546039099,-0.6717740747203834
6.08,0.002665249588132468,1.6942598629160166,0.0,-2.006320008667282,1.0,-0.0002928370247095777,-0.0002928370247095777,-1.2033447024137292,0.23239066389667679,-0.029045961482947642,-366.773603648824,697.1883841780134,-331.0865546039099,-0.6717740747203834
6.1000000000000005,0.002664518727272543,0.5155438354744875,0.0,-2.006320008667282,1.0,-0.0002928370247095777,-0.0002928370247095777,-1.2033447024137292,0.23239066389667679,-0.029045961482947642,-366.773603648824,697.1883841780134,-331.0865546039099,-0.6717740747203834
6.12,0.0020335179174281043,-1.6533851001771915,0.0,-2.006320008667282,1.0,-0.0002928370247095777,-0.0002928370247095777,-1.2033447024137292,0.23239066389667679,-0.029045961482947642,-366.773603648824,697.1883841780134,-331.0865546039099,-0.6717740747203834
6.140000000000001,0.001748570435019314,0.3126009989477718,0.0,-2.006320008667282,1.0,-0.0002928370247095777,-0.0002928370247095777,-1.2033447024137292,0.23239066389667679,-0.029045961482947642,-366.773603648824,697.1883841780134,-331.0865546039099,-0.6717740747203834
6.16,0.0018673044462931864,-0.43669163388000765,0.0,-2.006320008667282,1.0,-0.0002928370247095777,-0.0002928370247095777,-1.2033447024137292,0.23239066389667679,-0.029045961482947642,-366.773603648824,697.1883841780134,-331.0865546039099,-0.6717740747203834
6.18,0.0020341780763510563,3.4408215093518724,0.0,-2.006320008667282,1.0,-0.0002928370247095777,-0.0002928370247095777,-1.2033447024137292,0.23239066389667679,-0.029045961482947642,-366.773603648824,697.1883841780134,-331.0865546039099,-0.6717740747203834
6.2,0.0013341891956819023,-7.429198265829448,0.0,-2.006320008667282,1.0,-0.0002928370247095777,-0.0002928370247095777,-1.2033447024137292,0.23239066389667679,-0.029045961482947642,-366.773603648824,697.1883841780134,-331.0865546039099,-0.6717740747203834
6.22,0.001810576812371755,1.1205275230291232,0.0,-2.006320008667282,1.0,-0.0002928370247095777,-0.0002928370247095777,-1.2033447024137292,0.23239066389667679,-0.029045961482947642,-366.773603648824,697.1883841780134,-331.0865546039099,-0.6717740747203834
6.24,0.004145818155870337,0.6288066094245317,0.0,-2.006320008667282,1.0,-0.0002928370247095777,-0.0002928370247095777,-1.2033447024137292,0.23239066389667679,-0.029045961482947642,-366.773603648824,697.1883841780134,-331.0865546039099,-0.6717740747203834
6.26,0.0059949946418379335,3.0446535359073534,0.0,-2.006320008667282,1.0,-0.0002928370247095777,-0.0002928370247095777,-1.2033447024137292,0.23239066389667679,-0.029045961482947642,-366.773603648824,697.1883841780134,-331.0865546039099,-0.6717740747203834
6.28,0.006806357253638751,0.4895846673701696,0.0,-2.006320008667282,1.0,-0.0002928370247095777,-0.0002928370247095777,-1.2033447024137292,0.23239066389667679,-0.029045961482947642,-366.773603648824,697.1883841780134,-331.0865546039099,-0.6717740747203834
6.3,0.00662580633171646,0.554641627766834,0.0,-2.006320008667282,1.0,-0.0002928370247095777,-0.0002928370247095777,-1.2033447024137292,0.23239066389667679,-0.029045961482947642,-366.773603648824,697.1883841780134,-331.0865546039099,-0.6717740747203834
6.32,0.006181349584902754,2.1722517428473216,0.0,-2.006320008667282,1.0,-0.0002928370247095777,-0.0002928370247095777,-1.2033447024137292,0.23239066389667679,-0.029045961482947642,-366.773603648824,697.1883841780134,-331.0865546039099,-0.6717740747203834
6.34,0.004977439450399579,-3.9720133586876787,0.0,-2.006320008667282,1.0,-0.0002928370247095777,-0.0002928370247095777,-1.2033447024137292,0.23239066389667679,-0.029045961482947642,-366.773603648824,697.1883841780134,-331.0865546039099,-0.6717740747203834
6.36,0.0043320198352135835,0.2270718095748938,0.0,-2.006320008667282,1.0,-0.0002928370247095777,-0.0002928370247095777,-1.2033447024137292,0.23239066389667679,-0.029045961482947642,-366.773603648824,697.1883841780134,-331.0865546039099,-0.6717740747203834
6.38,0.004810624062681757,1.4879154872056772,0.0,-2.006320008667282,1.0,-0.0002928370247095777,-0.0002928370247095777,-1.2033447024137292,0.23239066389667679,-0.029045961482947642,-366.773603648824,697.1883841780134,-331.0865546039099,-0.6717740747203834
6.4,0.004817426269581327,-1.357382832336439,0.0,-2.006320008667282,1.0,-0.0002928370247095777,-0.0002928370247095777,-1.2033447024137292,0.23239066389667679,-0.029045961482947642,-366.773603648824,697.1883841780134,-331.0865546039099,-0.6717740747203834
6.42,0.00481645049433072,2.5280892943065076,0.0,-2.006320008667282,1.0,-0.0002928370247095777,-0.0002928370247095777,-1.2033447024137292,0.23239066389667679,-0.029045961482947642,-366.773603648824,697.1883841780134,-331.0865546039099,-0.6717740747203834
6.44,0.004503093105275066,0.6146757258485187,0.0,-2.006320008667282,1.0,-0.0002928370247095777,-0.0002928370247095777,-1.2033447024137292,0.23239066389667679,-0.029045961482947642,-366.773603648824,697.1883841780134,-331.0865546039099,-0.6717740747203834
6.46,0.003297888197450009,-2.063255133448033,0.0,-2.006320008667282,1.0,-0.0002928370247095777,-0.0002928370247095777,-1.2033447024137292,0.23239066389667679,-0.029045961482947642,-366.773603648824,697.1883841780134,-331.0865546039099,-0.6717740747203834
6.48,0.002537721712589078,-2.6549003926541133,0.0,-2.006320008667282,1.0,-0.0002928370247095777,-0.0002928370247095777,-1.2033447024137292,0.23239066389667679,-0.029045961482947642,-366.773603648824,697.1883841780134,-331.0865546039099,-0.6717740747203834
6.5,0.003175238591282328,5.723386558966782,0.0,-2.006320008667282,1.0,-0.0002928370247095777,-0.0002928370247095777,-1.2033447024137292,0.23239066389667679,-0.029045961482947642,-366.773603648824,697.1883841780134,-331.0865546039099,-0.6717740747203834
6.5200000000000005,0.0029342637523299708,-0.5015096565899908,0.0,-2.006320008667282,1.0,-0.0002928370247095777,-0.0002928370247095777,-1.2033447024137292,0.23239066389667679,-0.029045961482947642,-366.773603648824,697.1883841780134,-331.0865546039099,-0.6717740747203834
6.54,0.0011826840998999432,-0.7863848647762715,0.0,-2.006320008667282,1.0,-0.0002928370247095777,-0.0002928370247095777,-1.2033447024137292,0.23239066389667679,-0.029045961482947642,-366.773603648824,697.1883841780134,-331.0865546039099,-0.6717740747203834
6.5600000000000005,-0.00018427837367119738,-1.1489341228137673,0.0,-2.006320008667282,1.0,-0.0002928370247095777,-0.0002928370247095777,-1.2033447024137292,0.23239066389667679,-0.029045961482947642,-366.773603648824,697.1883841780134,-331.0865546039099,-0.6717740747203834
6.58,-0.0009856725132069062,-0.619731769898745,0.0,-2.006320008667282,1.0,-0.0002928370247095777,-0.0002928370247095777,-1.2033447024137292,0.23239066389667679,-0.029045961482947642,-366.773603648824,697.1883841780134,-331.0865546039099,-0.6717740747203834
6.6000000000000005,-0.0012753654889063216,1.3261428208934412,0.0,-2.006320008667282,1.0,-0.0002928370247095777,-0.0002928370247095777,-1.2033447024137292,0.23239066389667679,-0.029045961482947642,-366.773603648824,697.1883841780134,-331.0865546039099,-0.6717740747203834
6.62,-0.0017799818131948241,-1.3214307466643427,0.0,-2.006320008667282,1.0,-0.0002928370247095777,-0.0002928370247095777,-1.2033447024137292,0.23239066389667679,-0.029045961482947642,-366.773603648824,697.1883841780134,-331.0865546039099,-0.6717740747203834
6.640000000000001,-0.0022972278000588054,-1.666965941501065,0.0,-2.006320008667282,1.0,-0.0002928370247095777,-0.0002928370247095777,-1.2033447024137292,0.23239066389667679,-0.029045961482947642,-366.773603648824,697.1883841780134,-331.0865546039099,-0.6717740747203834
6.66,-0.001953881560462987,2.1099137925161027,0.0,-2.006320008667282,1.0,-0.0002928370247095777,-0.0002928370247095777,-1.2033447024137292,0.23239066389667679,-0.029045961482947642,-366.773603648824,697.1883841780134,-331.0865546039099,-0.6717740747203834
6.68,-0.0017525955167840275,-0.5614353879252274,0.0,-2.006320008667282,1.0,-0.0002928370247095777,-0.0002928370247095777,-1.2033447024137292,0.23239066389667679,-0.029045961482947642,-366.773603648824,697.1883841780134,-331.0865546039099,-0.6717740747203834
6.7,-0.002015836959333481,-1.8288942800965298,0.0,-2.006320008667282,1.0,-0.0002928370247095777,-0.0002928370247095777,-1.2033447024137292,0.23239066389667679,-0.029045961482947642,-366.773603648824,697.1883841780134,-331.0865546039099,-0.6717740747203834
6.72,-0.0015918430055956076,-0.6380180782218905,0.0,-2.006320008667282,1.0,-0.0002928370247095777,-0.0002928370247095777,-1.2033447024137292,0.23239066389667679,-0.029045961482947642,-366.773603648824,697.1883841780134,-331.0865546039099,-0.6717740747203834
6.74,-0.00045550734653767753,3.933935078924881,0.0,-2.006320008667282,1.0,-0.0002928370247095777,-0.0002928370247095777,-1.2033447024137292,0.23239066389667679,-0.029045961482947642,-366.773603648824,697.1883841780134,-331.0865546039099,-0.6717740747203834
6.76,-0.0002872170311876874,0.10846704342631597,0.0,-2.006320008667282,1.0,-0.0002928370247095777,-0.0002928370247095777,-1.2033447024137292,0.23239066389667679,-0.029045961482947642,-366.773603648824,697.1883841780134,-331.0865546039099,-0.6717740747203834
6.78,-0.001304506887248894,2.1211732863194395,0.0,-2.006320008667282,1.0,-0.0002928370247095777,-0.0002928370247095777,-1.2033447024137292,0.23239066389667679,-0.029045961482947642,-366.773603648824,697.1883841780134,-331.0865546039099,-0.6717740747203834
6.8,-0.0029829611234999027,-4.445819816744676,0.0,-2.006320008667282,1.0,-0.0002928370247095777,-0.0002928370247095777,-1.2033447024137292,0.23239066389667679,-0.029045961482947642,-366.773603648824,697.1883841780134,-331.0865546039099,-0.6717740747203834
6.82,-0.0039995318447308475,-1.9161132901561855,0.0,-2.006320008667282,1.0,-0.0002928370247095777,-0.0002928370247095777,-1.2033447024137292,0.23239066389667679,-0.029045961482947642,-366.773603648824,697.1883841780134,-331.0865546039099,-0.6717740747203834
6.84,-0.003178385788031986,1.8848736039016756,0.0,-2.006320008667282,1.0,-0.0002928370247095777,-0.0002928370247095777,-1.2033447024137292,0.23239066389667679,-0.029045961482947642,-366.773603648824,697.1883841780134,-331.0865546039099,-0.6717740747203834
6.86,-0.0023681802646531606,2.498292401052178,0.0,-2.006320008667282,1.0,-0.0002928370247095777,-0.0002928370247095777,-1.2033447024137292,0.23239066389667679,-0.029045961482947642,-366.773603648824,697.1883841780134,-331.0865546039099,-0.6717740747203834
6.88,-0.0028564903636704763,-0.981867090824927,0.0,-2.006320008667282,1.0,-0.0002928370247095777,-0.0002928370247095777,-1.2033447024137292,0.23239066389667679,-0.029045961482947642,-366.773603648824,697.1883841780134,-331.0865546039099,-0.6717740747203834
6.9,-0.0038069176803969527,-0.8985774194827195,0.0,-2.006320008667282,1.0,-0.0002928370247095777,-0.0002928370247095777,-1.2033447024137292,0.23239066389667679,-0.029045961482947642,-366.773603648824,697.1883841780134,-331.0865546039099,-0.6717740747203834
6.92,-0.004230745229205978,2.3145353262662614,0.0,-2.006320008667282,1.0,-0.0002928370247095777,-0.0002928370247095777,-1.2033447024137292,0.23239066389667679,-0.029045961482947642,-366.773603648824,697.1883841780134,-331.0865546039099,-0.6717740747203834
6.94,-0.005095950837313868,-4.438523406623555,0.0,-2.006320008667282,1.0,-0.0002928370247095777,-0.0002928370247095777,-1.2033447024137292,0.23239066389667679,-0.029045961482947642,-366.773603648824,697.1883841780134,-331.0865546039099,-0.6717740747203834
6.96,-0.005371393125410996,-2.2964146909003738,0.0,-2.006320008667282,1.0,-0.0002928370247095777,-0.0002928370247095777,-1.2033447024137292,0.23239066389667679,-0.029045961482947642,-366.773603648824,697.1883841780134,-331.0865546039099,-0.6717740747203834
6.98,-0.003708574641956951,0.78689801922761,0.0,-2.006320008667282,1.0,-0.0002928370247095777,-0.0002928370247095777,-1.2033447024137292,0.23239066389667679,-0.029045961482947642,-366.773603648824,697.1883841780134,-331.0865546039099,-0.6717740747203834
7.0,-0.0016271570886661332,1.510761167126971,0.0,-2.006320008667282,1.0,-0.0002928370247095777,-0.0002928370247095777,-1.2033447024137292,0.23239066389667679,-0.029045961482947642,-366.773603648824,697.1883841780134,-331.0865546039099,-0.6717740747203834
7.0200000000000005,-0.00022886135778412247,1.9475891668051344,0.0,-2.006320008667282,1.0,-0.0002928370247095777,-0.0002928370247095777,-1.2033447024137292,0.23239066389667679,-0.029045961482947642,-366.773603648824,697.1883841780134,-331.0865546039099,-0.6717740747203834
7.04,0.00015525511695462058,1.741287614926688,0.0,-2.006320008667282,1.0,-0.0002928370247095777,-0.0002928370247095777,-1.2033447024137292,0.23239066389667679,-0.029045961482947642,-366.773603648824,697.1883841780134,-331.0865546039099,-0.6717740747203834
7.0600000000000005,-0.0005398868726636876,-0.8959837708305205,0.0,-2.006320008667282,1.0,-0.0002928370247095777,-0.0002928370247095777,-1.2033447024137292,0.23239066389667679,-0.029045961482947642,-366.773603648824,697.1883841780134,-331.0865546039099,-0.6717740747203834
7.08,-0.0014859772695812352,1.5279328814180861,0.0,-2.006320008667282,1.0,-0.0002928370247095777,-0.0002928370247095777,-1.2033447024137292,0.23239066389667679,-0.029045961482947642,-366.773603648824,697.1883841780134,-331.0865546039099,-0.6717740747203834
7.1000000000000005,-0.002626516449993371,-4.164918843637344,0.0,-2.006320008667282,1.0,-0.0002928370247095777,-0.0002928370247095777,-1.2033447024137292,0.23239066389667679,-0.029045961482947642,-366.773603648824,697.1883841780134,-331.0865546039099,-0.6717740747203834
7.12,-0.0030114527311212638,3.74254918569084,0.0,-2.006320008667282,1.0,-0.0002928370247095777,-0.0002928370247095777,-1.2033447024137292,0.23239066389667679,-0.029045961482947642,-366.773603648824,697.1883841780134,-331.0865546039099,-0.6717740747203834
7.140000000000001,-0.003291737136905123,-3.9630026358503594,0.0,-2.006320008667282,1.0,-0.0002928370247095777,-0.0002928370247095777,-1.2033447024137292,0.23239066389667679,-0.029045961482947642,-366.773603648824,697.1883841780134,-331.0865546039099,-0.6717740747203834
7.16,-0.0035282709262832988,2.3763227927883532,0.0,-2.006320008667282,1.0,-0.0002928370247095777,-0.0002928370247095777,-1.2033447024137292,0.23239066389667679,-0.029045961482947642,-366.773603648824,697.1883841780134,-331.0865546039099,-0.6717740747203834
7.18,-0.003322469037156353,-3.1046142179285403,0.0,-2.006320008667282,1.0,-0.0002928370247095777,-0.0002928370247095777,-1.2033447024137292,0.23239066389667679,-0.029045961482947642,-366.773603648824,697.1883841780134,-331.0865546039099,-0.6717740747203834
7.2,-0.002924395931415392,1.509214627772633,0.0,-2.006320008667282,1.0,-0.0002928370247095777,-0.0002928370247095777,-1.2033447024137292,0.23239066389667679,-0.029045961482947642,-366.773603648824,697.1883841780134,-331.0865546039099,-0.6717740747203834
7.22,-0.0020776164480331696,0.12762267788327364,0.0,-2.006320008667282,1.0,-0.0002928370247095777,-0.0002928370247095777,-1.2033447024137292,0.23239066389667679,-0.029045961482947642,-366.773603648824,697.1883841780134,-331.0865546039099,-0.6717740747203834
7.24,-0.00172329259215677,0.9008364583286184,0.0,-2.006320008667282,1.0,-0.0002928370247095777,-0.0002928370247095777,-1.2033447024137292,0.23239066389667679,-0.029045961482947642,-366.773603648824,697.1883841780134,-331.0865546039099,-0.6717740747203834
7.26,-0.0016810303695467003,0.6533160653073081,0.0,-2.006320008667282,1.0,-0.0002928370247095777,-0.0002928370247095777,-1.2033447024137292,0.23239066389667679,-0.029045961482947642,-366.773603648824,697.1883841780134,-331.0865546039099,-0.6717740747203834
7.28,-0.0021045048907893495,-1.743532663463283,0.0,-2.006320008667282,1.0,-0.0002928370247095777,-0.0002928370247095777,-1.2033447024137292,0.23239066389667679,-0.029045961482947642,-366.773603648824,697.1883841780134,-331.0865546039099,-0.6717740747203834
7.3,-0.0022220251091588056,-0.263452728717549,0.0,-2.006320008667282,1.0,-0.0002928370247095777,-0.0002928370247095777,-1.2033447024137292,0.23239066389667679,-0.029045961482947642,-366.773603648824,697.1883841780134,-331.0865546039099,-0.6717740747203834
7.32,-0.001765870577408781,0.6303604646467942,0.0,-2.006320008667282,1.0,-0.0002928370247095777,-0.0002928370247095777,-1.2033447024137292,0.23239066389667679,-0.029045961482947642,-366.773603648824,697.1883841780134,-331.0865546039099,-0.6717740747203834
7.34,-0.0014283203893741356,-2.5966504691192838,0.0,-2.006320008667282,1.0,-0.0002928370247095777,-0.0002928370247095777,-1.2033447024137292,0.23239066389667679,-0.029045961482947642,-366.773603648824,697.1883841780134,-331.0865546039099,-0.6717740747203834
7.36,-0.0005239951053803483,0.5441819455657853,0.0,-2.006320008667282,1.0,-0.0002928370247095777,-0.0002928370247095777,-1.2033447024137292,0.23239066389667679,-0.029045961482947642,-366.773603648824,697.1883841780134,-331.0865546039099,-0.6717740747203834
7.38,0.0009780569332354138,-1.0625169431300312,0.0,-2.006320008667282,1.0,-0.0002928370247095777,-0.0002928370247095777,-1.2033447024137292,0.23239066389667679,-0.029045961482947642,-366.773603648824,697.1883841780134,-331.0865546039099,-0.6717740747203834
7.4,0.002638077430504007,3.093444231976904,0.0,-2.006320008667282,1.0,-0.0002928370247095777,-0.0002928370247095777,-1.2033447024137292,0.23239066389667679,-0.029045961482947642,-366.773603648824,697.1883841780134,-331.0865546039099,-0.6717740747203834
7.42,0.00372004379404487,5.201946749101634,0.0,-2.006320008667282,1.0,-0.0002928370247095777,-0.0002928370247095777,-1.2033447024137292,0.23239066389667679,-0.029045961482947642,-366.773603648824,697.1883841780134,-331.0865546039099,-0.6717740747203834
7.44,0.002396340321436696,-1.709394263080295,0.0,-2.006320008667282,1.0,-0.0002928370247095777,-0.0002928370247095777,-1.2033447024137292,0.23239066389667679,-0.029045961482947642,-366.773603648824,697.1883841780134,-331.0865546039099,-0.6717740747203834
7.46,6.503997399913419e-05,-4.083824836415385,0.0,-2.006320008667282,1.0,-0.0002928370247095777,-0.0002928370247095777,-1.2033447024137292,0.23239066389667679,-0.029045961482947642,-366.773603648824,697.1883841780134,-331.0865546039099,-0.6717740747203834
7.48,-0.0005693807828774212,-0.8804641178673265,0.0,-2.006320008667282,1.0,-0.0002928370247095777,-0.0002928370247095777,-1.2033447024137292,0.23239066389667679,-0.029045961482947642,-366.773603648824,697.1883841780134,-331.0865546039099,-0.6717740747203834
7.5,0.0002463273425764353,3.1726924097108014,0.0,-2.006320008667282,1.0,-0.0002928370247095777,-0.0002928370247095777,-1.2033447024137292,0.23239066389667679,-0.029045961482947642,-366.773603648824,697.1883841780134,-331.0865546039099,-0.6717740747203834
7.5200000000000005,0.0003923430392043467,-1.755969231400781,0.0,-2.006320008667282,1.0,-0.0002928370247095777,-0.0002928370247095777,-1.2033447024137292,0.23239066389667679,-0.029045961482947642,-366.773603648824,697.1883841780134,-331.0865546039099,-0.6717740747203834
7.54,0.0001259694653400285,-2.702138750987624,0.0,-2.006320008667282,1.0,-0.0002928370247095777,-0.0002928370247095777,-1.2033447024137292,0.23239066389667679,-0.029045961482947642,-366.773603648824,697.1883841780134,-331.0865546039099,-0.6717740747203834
7.5600000000000005,0.0011658909984815715,0.6641434701591669,0.0,-2.006320008667282,1.0,-0.0002928370247095777,-0.0002928370247095777,-1.2033447024137292,0.23239066389667679,-0.029045961482947642,-366.773603648824,697.1883841780134,-331.0865546039099,-0.6717740747203834
7.58,0.0028099813043962673,0.6053528401843111,0.0,-2.006320008667282,1.0,-0.0002928370247095777,-0.0002928370247095777,-1.2033447024137292,0.23239066389667679,-0.029045961482947642,-366.773603648824,697.1883841780134,-331.0865546039099,-0.6717740747203834
7.6000000000000005,0.004100076433254977,0.5349437945829896,0.0,-2.006320008667282,1.0,-0.0002928370247095777,-0.0002928370247095777,-1.2033447024137292,0.23239066389667679,-0.029045961482947642,-366.773603648824,697.1883841780134,-331.0865546039099,-0.6717740747203834
7.62,0.005082165706093876,3.5130502565725177,0.0,-2.006320008667282,1.0,-0.0002928370247095777,-0.0002928370247095777,-1.2033447024137292,0.23239066389667679,-0.029045961482947642,-366.773603648824,697.1883841780134,-331.0865546039099,-0.6717740747203834
7.640000000000001,0.004910989351322135,-0.1813703938058655,0.0,-2.006320008667282,1.0,-0.0002928370247095777,-0.0002928370247095777,-1.2033447024137292,0.23239066389667679,-0.029045961482947642,-366.773603648824,697.1883841780134,-331.0865546039099,-0.6717740747203834
7.66,0.003795225734835738,-3.225815853966326,0.0,-2.006320008667282,1.0,-0.0002928370247095777,-0.0002928370247095777,-1.2033447024137292,0.23239066389667679,-0.029045961482947642,-366.773603648824,697.1883841780134,-331.0865546039099,-0.6717740747203834
7.68,0.003701190370020822,0.9163325517241705,0.0,-2.006320008667282,1.0,-0.0002928370247095777,-0.0002928370247095777,-1.2033447024137292,0.23239066389667679,-0.029045961482947642,-366.773603648824,697.1883841780134,-331.0865546039099,-0.6717740747203834
7.7,0.004306844069972181,-0.5673687628161537,0.0,-2.006320008667282,1.0,-0.0002928370247095777,-0.0002928370247095777,-1.2033447024137292,0.23239066389667679,-0.029045961482947642,-366.773603648824,697.1883841780134,-331.0865546039099,-0.6717740747203834
7.72,0.004837528110450497,-0.13393432382627124,0.0,-2.006320008667282,1.0,-0.0002928370247095777,-0.0002928370247095777,-1.2033447024137292,0.23239066389667679,-0.029045961482947642,-366.773603648824,697.1883841780134,-331.0865546039099,-0.6717740747203834
7.74,0.005604149910881327,-0.3289512948845535,0.0,-2.006320008667282,1.0,-0.0002928370247095777,-0.0002928370247095777,-1.2033447024137292,0.23239066389667679,-0.029045961482947642,-366.773603648824,697.1883841780134,-331.0865546039099,-0.6717740747203834
7.76,0.006541736902896298,6.168419128405177,0.0,-2.006320008667282,1.0,-0.0002928370247095777,-0.0002928370247095777,-1.2033447024137292,0.23239066389667679,-0.029045961482947642,-366.773603648824,697.1883841780134,-331.0865546039099,-0.6717740747203834
7.78,0.005810697472308944,-2.227170610282003,0.0,-2.006320008667282,1.0,-0.0002928370247095777,-0.0002928370247095777,-1.2033447024137292,0.23239066389667679,-0.029045961482947642,-366.773603648824,697.1883841780134,-331.0865546039099,-0.6717740747203834
7.8,0.0039622686477437455,0.4652672201040646,0.0,-2.006320008667282,1.0,-0.0002928370247095777,-0.0002928370247095777,-1.2033447024137292,0.23239066389667679,-0.029045961482947642,-366.773603648824,697.1883841780134,-331.0865546039099,-0.6717740747203834
7.82,0.002654824617460282,0.4674254242887059,0.0,-2.006320008667282,1.0,-0.0002928370247095777,-0.0002928370247095777,-1.2033447024137292,0.23239066389667679,-0.029045961482947642,-366.773603648824,697.1883841780134,-331.0865546039099,-0.6717740747203834
7.84,0.0010910328834057813,-2.5284196399683543,0.0,-2.006320008667282,1.0,-0.0002928370247095777,-0.0002928370247095777,-1.2033447024137292,0.23239066389667679,-0.029045961482947642,-366.773603648824,697.1883841780134,-331.0865546039099,-0.6717740747203834
7.86,0.00013767173083296762,0.7898113897705072,0.0,-2.006320008667282,1.0,-0.0002928370247095777,-0.0002928370247095777,-1.2033447024137292,0.23239066389667679,-0.029045961482947642,-366.773603648824,697.1883841780134,-331.0865546039099,-0.6717740747203834
7.88,-0.00030569056290505325,0.19528106390350675,0.0,-2.006320008667282,1.0,-0.0002928370247095777,-0.0002928370247095777,-1.2033447024137292,0.23239066389667679,-0.029045961482947642,-366.773603648824,697.1883841780134,-331.0865546039099,-0.6717740747203834
7.9,-0.001039456336576855,-0.7356110373789643,0.0,-2.006320008667282,1.0,-0.0002928370247095777,-0.0002928370247095777,-1.2033447024137292,0.23239066389667679,-0.029045961482947642,-366.773603648824,697.1883841780134,-331.0865546039099,-0.6717740747203834
7.92,-0.0016215629975563372,3.2192243528094613,0.0,-2.006320008667282,1.0,-0.0002928370247095777,-0.0002928370247095777,-1.2033447024137292,0.23239066389667679,-0.029045961482947642,-366.773603648824,697.1883841780134,-331.0865546039099,-0.6717740747203834
7.94,-0.0029412100431845576,-2.9158300199487215,0.0,-2.006320008667282,1.0,-0.0002928370247095777,-0.0002928370247095777,-1.2033447024137292,0.23239066389667679,-0.029045961482947642,-366.773603648824,697.1883841780134,-331.0865546039099,-0.6717740747203834
7.96,-0.004368293168364718,-2.183971407466677,0.0,-2.006320008667282,1.0,-0.0002928370247095777,-0.0002928370247095777,-1.2033447024137292,0.23239066389667679,-0.029045961482947642,-366.773603648824,697.1883841780134,-331.0865546039099,-0.6717740747203834
7.98,-0.004329588237035414,1.078305112076352,0.0,-2.006320008667282,1.0,-0.0002928370247095777,-0.0002928370247095777,-1.2033447024137292,0.23239066389667679,-0.029045961482947642,-366.773603648824,697.1883841780134,-331.0865546039099,-0.6717740747203834
8.0,-0.0039944702528424535,2.4574114079445684,0.0,-2.006320008667282,1.0,-0.0002928370247095777,-0.0002928370247095777,-1.2033447024137292,0.23239066389667679,-0.029045961482947642,-366.773603648824,697.1883841780134,-331.0865546039099,-0.6717740747203834
8.02,-0.0047199759232768,-1.041409499634102,0.0,-2.006320008667282,1.0,-0.0002928370247095777,-0.0002928370247095777,-1.2033447024137292,0.23239066389667679,-0.029045961482947642,-366.773603648824,697.1883841780134,-331.0865546039099,-0.6717740747203834
8.040000000000001,-0.005889965836662779,-3.3849603680630187,0.0,-2.006320008667282,1.0,-0.0002928370247095777,-0.0002928370247095777,-1.2033447024137292,0.23239066389667679,-0.029045961482947642,-366.773603648824,697.1883841780134,-331.0865546039099,-0.6717740747203834
8.06,-0.005801000819427572,-1.6053663752921015,0.0,-2.006320008667282,1.0,-0.0002928370247095777,-0.0002928370247095777,-1.2033447024137292,0.23239066389667679,-0.029045961482947642,-366.773603648824,697.1883841780134,-331.0865546039099,-0.6717740747203834
8.08,-0.0042873732157401,-0.1588645637422026,0.0,-2.006320008667282,1.0,-0.0002928370247095777,-0.0002928370247095777,-1.2033447024137292,0.23239066389667679,-0.029045961482947642,-366.773603648824,697.1883841780134,-331.0865546039099,-0.6717740747203834
8.1,-0.002284215352711078,0.9236943844077641,0.0,-2.006320008667282,1.0,-0.0002928370247095777,-0.0002928370247095777,-1.2033447024137292,0.23239066389667679,-0.029045961482947642,-366.773603648824,697.1883841780134,-331.0865546039099,-0.6717740747203834
8.120000000000001,-0.000519463354470061,2.5594975995266767,0.0,-2.006320008667282,1.0,-0.0002928370247095777,-0.0002928370247095777,-1.2033447024137292,0.23239066389667679,-0.029045961482947642,-366.773603648824,697.1883841780134,-331.0865546039099,-0.6717740747203834
8.14,0.00022199840115038824,1.6563808196922365,0.0,-2.006320008667282,1.0,-0.0002928370247095777,-0.0002928370247095777,-1.2033447024137292,0.23239066389667679,-0.029045961482947642,-366.773603648824,697.1883841780134,-331.0865546039099,-0.6717740747203834
8.16,-0.0002697020655843158,-5.472482907788336,0.0,-2.006320008667282,1.0,-0.0002928370247095777,-0.0002928370247095777,-1.2033447024137292,0.23239066389667679,-0.029045961482947642,-366.773603648824,697.1883841780134,-331.0865546039099,-0.6717740747203834
8.18,0.0003543888324236517,2.7747948603253914,0.0,-2.006320008667282,1.0,-0.0002928370247095777,-0.0002928370247095777,-1.2033447024137292,0.23239066389667679,-0.029045961482947642,-366.773603648824,697.1883841780134,-331.0865546039099,-0.6717740747203834
8.2,0.0017707027262300922,-0.7471524312706768,0.0,-2.006320008667282,1.0,-0.0002928370247095777,-0.0002928370247095777,-1.2033447024137292,0.23239066389667679,-0.029045961482947642,-366.773603648824,697.1883841780134,-331.0865546039099,-0.6717740747203834
8.22,0.002604439091601362,3.208663379824444,0.0,-2.006320008667282,1.0,-0.0002928370247095777,-0.0002928370247095777,-1.2033447024137292,0.23239066389667679,-0.029045961482947642,-366.773603648824,697.1883841780134,-331.0865546039099,-0.6717740747203834
8.24,0.0027338174218852723,1.355792104340546,0.0,-2.006320008667282,1.0,-0.0002928370247095777,-0.0002928370247095777,-1.2033447024137292,0.23239066389667679,-0.029045961482947642,-366.773603648824,697.1883841780134,-331.0865546039099,-0.6717740747203834
8.26,0.0015438374740222274,-3.0981908839199837,0.0,-2.006320008667282,1.0,-0.0002928370247095777,-0.0002928370247095777,-1.2033447024137292,0.23239066389667679,-0.029045961482947642,-366.773603648824,697.1883841780134,-331.0865546039099,-0.6717740747203834
8.28,0.000873853504184119,-0.39774395480352,0.0,-2.006320008667282,1.0,-0.0002928370247095777,-0.0002928370247095777,-1.2033447024137292,0.23239066389667679,-0.029045961482947642,-366.773603648824,697.1883841780134,-331.0865546039099,-0.6717740747203834
8.3,0.0012331308866480068,-0.8320583675089595,0.0,-2.006320008667282,1.0,-0.0002928370247095777,-0.0002928370247095777,-1.2033447024137292,0.23239066389667679,-0.029045961482947642,-366.773603648824,697.1883841780134,-331.0865546039099,-0.6717740747203834
8.32,0.001960332918261311,2.44026779719723,0.0,-2.006320008667282,1.0,-0.0002928370247095777,-0.0002928370247095777,-1.2033447024137292,0.23239066389667679,-0.029045961482947642,-366.773603648824,697.1883841780134,-331.0865546039099,-0.6717740747203834
8.34,0.0022289824477552357,-2.913698498797765,0.0,-2.006320008667282,1.0,-0.0002928370247095777,-0.0002928370247095777,-1.2033447024137292,0.23239066389667679,-0.029045961482947642,-366.773603648824,697.1883841780134,-331.0865546039099,-0.6717740747203834
8.36,0.002650356827861896,0.16513424025149437,0.0,-2.006320008667282,1.0,-0.0002928370247095777,-0.0002928370247095777,-1.2033447024137292,0.23239066389667679,-0.029045961482947642,-366.773603648824,697.1883841780134,-331.0865546039099,-0.6717740747203834
8.38,0.003893360107970378,1.2678761310328301,0.0,-2.006320008667282,1.0,-0.0002928370247095777,-0.0002928370247095777,-1.2033447024137292,0.23239066389667679,-0.029045961482947642,-366.773603648824,697.1883841780134,-331.0865546039099,-0.6717740747203834
8.4,0.004741334693612369,4.077292346000595,0.0,-2.006320008667282,1.0,-0.0002928370247095777,-0.0002928370247095777,-1.2033447024137292,0.23239066389667679,-0.029045961482947642,-366.773603648824,697.1883841780134,-331.0865546039099,-0.6717740747203834
8.42,0.004054030557311085,3.0837846104662088,0.0,-2.006320008667282,1.0,-0.0002928370247095777,-0.0002928370247095777,-1.2033447024137292,0.23239066389667679,-0.029045961482947642,-366.773603648824,697.1883841780134,-331.0865546039099,-0.6717740747203834
8.44,0.0012953379529829921,-4.289237063135218,0.0,-2.006320008667282,1.0,-0.0002928370247095777,-0.0002928370247095777,-1.2033447024137292,0.23239066389667679,-0.029045961482947642,-366.773603648824,697.1883841780134,-331.0865546039099,-0.6717740747203834
8.46,-0.001102165089929382,-4.075729998055749,0.0,-2.006320008667282,1.0,-0.0002928370247095777,-0.0002928370247095777,-1.2033447024137292,0.23239066389667679,-0.029045961482947642,-366.773603648824,697.1883841780134,-331.0865546039099,-0.6717740747203834
8.48,-0.0010570632380861155,1.453698665454732,0.0,-2.006320008667282,1.0,-0.0002928370247095777,-0.0002928370247095777,-1.2033447024137292,0.23239066389667679,-0.029045961482947642,-366.773603648824,697.1883841780134,-331.0865546039099,-0.6717740747203834
8.5,-0.0002508151135892227,-1.03917039720531,0.0,-2.006320008667282,1.0,-0.0002928370247095777,-0.0002928370247095777,-1.2033447024137292,0.23239066389667679,-0.029045961482947642,-366.773603648824,697.1883841780134,-331.0865546039099,-0.6717740747203834
8.52,0.00043245871018601225,2.2723262285805843,0.0,-2.006320008667282,1.0,-0.0002928370247095777,-0.0002928370247095777,-1.2033447024137292,0.23239066389667679,-0.029045961482947642,-366.773603648824,697.1883841780134,-331.0865546039099,-0.6717740747203834
8.540000000000001,0.000757352124372006,-2.172605192127576,0.0,-2.006320008667282,1.0,-0.0002928370247095777,-0.0002928370247095777,-1.2033447024137292,0.23239066389667679,-0.029045961482947642,-366.773603648824,697.1883841780134,-331.0865546039099,-0.6717740747203834
8.56,0.00105783001250498,0.7964228104955016,0.0,-2.006320008667282,1.0,-0.0002928370247095777,-0.0002928370247095777,-1.2033447024137292,0.23239066389667679,-0.029045961482947642,-366.773603648824,697.1883841780134,-331.0865546039099,-0.6717740747203834
8.58,0.0017679904729326918,1.109441604339604,0.0,-2.006320008667282,1.0,-0.0002928370247095777,-0.0002928370247095777,-1.2033447024137292,0.23239066389667679,-0.029045961482947642,-366.773603648824,697.1883841780134,-331.0865546039099,-0.6717740747203834
8.6,0.0019312179326871559,1.3038025630872705,0.0,-2.006320008667282,1.0,-0.0002928370247095777,-0.0002928370247095777,-1.2033447024137292,0.23239066389667679,-0.029045961482947642,-366.773603648824,697.1883841780134,-331.0865546039099,-0.6717740747203834
8.620000000000001,0.0013999648638699082,-0.8902097588358806,0.0,-2.006320008667282,1.0,-0.0002928370247095777,-0.0002928370247095777,-1.2033447024137292,0.23239066389667679,-0.029045961482947642,-366.773603648824,697.1883841780134,-331.0865546039099,-0.6717740747203834
8.64,0.0007564446461563895,2.049042450583856,0.0,-2.006320008667282,1.0,-0.0002928370247095777,-0.0002928370247095777,-1.2033447024137292,0.23239066389667679,-0.029045961482947642,-366.773603648824,697.1883841780134,-331.0865546039099,-0.6717740747203834
8.66,-0.0002216440016017797,-1.7469883579056407,0.0,-2.006320008667282,1.0,-0.0002928370247095777,-0.0002928370247095777,-1.2033447024137292,0.23239066389667679,-0.029045961482947642,-366.773603648824,697.1883841780134,-331.0865546039099,-0.6717740747203834
8.68,-0.001289586136276958,-4.336046302605201,0.0,-2.006320008667282,1.0,-0.0002928370247095777,-0.0002928370247095777,-1.2033447024137292,0.23239066389667679,-0.029045961482947642,-366.773603648824,697.1883841780134,-331.0865546039099,-0.6717740747203834
8.700000000000001,-0.0005843421539870877,4.08223642553491,0.0,-2.006320008667282,1.0,-0.0002928370247095777,-0.0002928370247095777,-1.2033447024137292,0.23239066389667679,-0.029045961482947642,-366.773603648824,697.1883841780134,-331.0865546039099,-0.6717740747203834
8.72,0.0001915330093833754,-0.837795847235622,0.0,-2.006320008667282,1.0,-0.0002928370247095777,-0.0002928370247095777,-1.2033447024137292,0.23239066389667679,-0.029045961482947642,-366.773603648824,697.1883841780134,-331.0865546039099,-0.6717740747203834
8.74,1.8526377496524754e-05,-1.0867164205897717,0.0,-2.006320008667282,1.0,-0.0002928370247095777,-0.0002928370247095777,-1.2033447024137292,0.23239066389667679,-0.029045961482947642,-366.773603648824,697.1883841780134,-331.0865546039099,-0.6717740747203834
8.76,0.00040920527493400123,3.8238856115662996,0.0,-2.006320008667282,1.0,-0.0002928370247095777,-0.0002928370247095777,-1.2033447024137292,0.23239066389667679,-0.029045961482947642,-366.773603648824,697.1883841780134,-331.0865546039099,-0.6717740747203834
8.78,9.25985945583567e-07,-3.6357492576007893,0.0,-2.006320008667282,1.0,-0.0002928370247095777,-0.0002928370247095777,-1.2033447024137292,0.23239066389667679,-0.029045961482947642,-366.773603648824,697.1883841780134,-331.0865546039099,-0.6717740747203834
8.8,-0.00046244073312846185,0.7627526640368867,0.0,-2.006320008667282,1.0,-0.0002928370247095777,-0.0002928370247095777,-1.2033447024137292,0.23239066389667679,-0.029045961482947642,-366.773603648824,697.1883841780134,-331.0865546039099,-0.6717740747203834
8.82,-8.741044779551123e-05,-1.041171777641783,0.0,-2.006320008667282,1.0,-0.0002928370247095777,-0.0002928370247095777,-1.2033447024137292,0.23239066389667679,-0.029045961482947642,-366.773603648824,697.1883841780134,-331.0865546039099,-0.6717740747203834
8.84,0.00036859884291944446,3.5931368589171613,0.0,-2.006320008667282,1.0,-0.0002928370247095777,-0.0002928370247095777,-1.2033447024137292,0.23239066389667679,-0.029045961482947642,-366.773603648824,697.1883841780134,-331.0865546039099,-0.6717740747203834
8.86,7.96279217541136e-05,-2.2311518456532715,0.0,-2.006320008667282,1.0,-0.0002928370247095777,-0.0002928370247095777,-1.2033447024137292,0.23239066389667679,-0.029045961482947642,-366.773603648824,697.1883841780134,-331.0865546039099,-0.6717740747203834
8.88,-0.0006076793292268053,0.23358370161853603,0.0,-2.006320008667282,1.0,-0.0002928370247095777,-0.0002928370247095777,-1.2033447024137292,0.23239066389667679,-0.029045961482947642,-366.773603648824,697.1883841780134,-331.0865546039099,-0.6717740747203834
8.9,-0.0007138652990093964,-2.8853566809904057,0.0,-2.006320008667282,1.0,-0.0002928370247095777,-0.0002928370247095777,-1.2033447024137292,0.23239066389667679,-0.029045961482947642,-366.773603648824,697.1883841780134,-331.0865546039099,-0.6717740747203834
8.92,-4.802576975747449e-05,4.562443084762003,0.0,-2.006320008667282,1.0,-0.0002928370247095777,-0.0002928370247095777,-1.2033447024137292,0.23239066389667679,-0.029045961482947642,-366.773603648824,697.1883841780134,-331.0865546039099,-0.6717740747203834
8.94,0.00012639720152191687,-3.2565949874342923,0.0,-2.006320008667282,1.0,-0.0002928370247095777,-0.0002928370247095777,-1.2033447024137292,0.23239066389667679,-0.029045961482947642,-366.773603648824,697.1883841780134,-331.0865546039099,-0.6717740747203834
8.96,-8.078160883267423e-05,2.576518606200824,0.0,-2.006320008667282,1.0,-0.0002928370247095777,-0.0002928370247095777,-1.2033447024137292,0.23239066389667679,-0.029045961482947642,-366.773603648824,697.1883841780134,-331.0865546039099,-0.6717740747203834
8.98,-8.931943435994228e-05,1.153232820546001,0.0,-2.006320008667282,1.0,-0.0002928370247095777,-0.0002928370247095777,-1.2033447024137292,0.23239066389667679,-0.029045961482947642,-366.773603648824,697.1883841780134,-331.0865546039099,-0.6717740747203834
9.0,-0.001190631014209863,0.1780164938674479,0.0,-2.006320008667282,1.0,-0.0002928370247095777,-0.0002928370247095777,-1.2033447024137292,0.23239066389667679,-0.029045961482947642,-366.773603648824,697.1883841780134,-331.0865546039099,-0.6717740747203834
9.02,-0.0026893060716347067,0.7099356531350737,0.0,-2.006320008667282,1.0,-0.0002928370247095777,-0.0002928370247095777,-1.2033447024137292,0.23239066389667679,-0.029045961482947642,-366.773603648824,697.1883841780134,-331.0865546039099,-0.6717740747203834
9.040000000000001,-0.004465000843470375,-5.741324356312613,0.0,-2.006320008667282,1.0,-0.0002928370247095777,-0.0002928370247095777,-1.2033447024137292,0.23239066389667679,-0.029045961482947642,-366.773603648824,697.1883841780134,-331.0865546039099,-0.6717740747203834
9.06,-0.00479555764274279,1.2165144746151846,0.0,-2.006320008667282,1.0,-0.0002928370247095777,-0.0002928370247095777,-1.2033447024137292,0.23239066389667679,-0.029045961482947642,-366.773603648824,697.1883841780134,-331.0865546039099,-0.6717740747203834
9.08,-0.0038314098345502067,0.19223605248198394,0.0,-2.006320008667282,1.0,-0.0002928370247095777,-0.0002928370247095777,-1.2033447024137292,0.23239066389667679,-0.029045961482947642,-366.773603648824,697.1883841780134,-331.0865546039099,-0.6717740747203834
9.1,-0.0033040067773864004,0.6080745248014565,0.0,-2.006320008667282,1.0,-0.0002928370247095777,-0.0002928370247095777,-1.2033447024137292,0.23239066389667679,-0.029045961482947642,-366.773603648824,697.1883841780134,-331.0865546039099,-0.6717740747203834
9.120000000000001,-0.003031844117022946,1.424142233939067,0.0,-2.006320008667282,1.0,-0.0002928370247095777,-0.0002928370247095777,-1.2033447024137292,0.23239066389667679,-0.029045961482947642,-366.773603648824,697.1883841780134,-331.0865546039099,-0.6717740747203834
9.14,-0.0033739477488621415,-1.57259504594236,0.0,-2.006320008667282,1.0,-0.0002928370247095777,-0.0002928370247095777,-1.2033447024137292,0.23239066389667679,-0.029045961482947642,-366.773603648824,697.1883841780134,-331.0865546039099,-0.6717740747203834
9.16,-0.003693903048047636,-2.2731775733637876,0.0,-2.006320008667282,1.0,-0.0002928370247095777,-0.0002928370247095777,-1.2033447024137292,0.23239066389667679,-0.029045961482947642,-366.773603648824,697.1883841780134,-331.0865546039099,-0.6717740747203834
9.18,-0.0029110274497455226,0.9124202051161987,0.0,-2.006320008667282,1.0,-0.0002928370247095777,-0.0002928370247095777,-1.2033447024137292,0.23239066389667679,-0.029045961482947642,-366.773603648824,697.1883841780134,-331.0865546039099,-0.6717740747203834
9.200000000000001,-0.0017480722965614469,3.5553496761880137,0.0,-2.006320008667282,1.0,-0.0002928370247095777,-0.0002928370247095777,-1.2033447024137292,0.23239066389667679,-0.029045961482947642,-366.773603648824,697.1883841780134,-331.0865546039099,-0.6717740747203834
9.22,-0.0019044910300897071,-4.132128728170774,0.0,-2.006320008667282,1.0,-0.0002928370247095777,-0.0002928370247095777,-1.2033447024137292,0.23239066389667679,-0.029045961482947642,-366.773603648824,697.1883841780134,-331.0865546039099,-0.6717740747203834
9.24,-0.0019040452123019935,1.0826837705642927,0.0,-2.006320008667282,1.0,-0.0002928370247095777,-0.0002928370247095777,-1.2033447024137292,0.23239066389667679,-0.029045961482947642,-366.773603648824,697.1883841780134,-331.0865546039099,-0.6717740747203834
9.26,-0.001022645119569462,-1.3408589915908906,0.0,-2.006320008667282,1.0,-0.0002928370247095777,-0.0002928370247095777,-1.2033447024137292,0.23239066389667679,-0.029045961482947642,-366.773603648824,697.1883841780134,-331.0865546039099,-0.6717740747203834
9.28,-7.210467004106671e-05,3.657007757350865,0.0,-2.006320008667282,1.0,-0.0002928370247095777,-0.0002928370247095777,-1.2033447024137292,0.23239066389667679,-0.029045961482947642,-366.773603648824,697.1883841780134,-331.0865546039099,-0.6717740747203834
9.3,0.00019972594162815613,-3.9840227970690227,0.0,-2.006320008667282,1.0,-0.0002928370247095777,-0.0002928370247095777,-1.2033447024137292,0.23239066389667679,-0.029045961482947642,-366.773603648824,697.1883841780134,-331.0865546039099,-0.6717740747203834
9.32,0.0005685809719937219,1.3188656256061302,0.0,-2.006320008667282,1.0,-0.0002928370247095777,-0.0002928370247095777,-1.2033447024137292,0.23239066389667679,-0.029045961482947642,-366.773603648824,697.1883841780134,-331.0865546039099,-0.6717740747203834
9.34,0.001721486243897969,1.1525897841269797,0.0,-2.006320008667282,1.0,-0.0002928370247095777,-0.0002928370247095777,-1.2033447024137292,0.23239066389667679,-0.029045961482947642,-366.773603648824,697.1883841780134,-331.0865546039099,-0.6717740747203834
9.36,0.002161538761475797,0.8282943968796941,0.0,-2.006320008667282,1.0,-0.0002928370247095777,-0.0002928370247095777,-1.2033447024137292,0.23239066389667679,-0.029045961482947642,-366.773603648824,697.1883841780134,-331.0865546039099,-0.6717740747203834
9.38,0.0020351774484397953,4.293596453091693,0.0,-2.006320008667282,1.0,-0.0002928370247095777,-0.0002928370247095777,-1.2033447024137292,0.23239066389667679,-0.029045961482947642,-366.773603648824,697.1883841780134,-331.0865546039099,-0.6717740747203834
9.4,0.0004218018911359596,-0.7264239305074147,0.0,-2.006320008667282,1.0,-0.0002928370247095777,-0.0002928370247095777,-1.2033447024137292,0.23239066389667679,-0.029045961482947642,-366.773603648824,697.1883841780134,-331.0865546039099,-0.6717740747203834
9.42,-0.0022335070405327282,-5.688333878102667,0.0,-2.006320008667282,1.0,-0.0002928370247095777,-0.0002928370247095777,-1.2033447024137292,0.23239066389667679,-0.029045961482947642,-366.773603648824,697.1883841780134,-331.0865546039099,-0.6717740747203834
9.44,-0.0030244602866996255,4.160605444055247,0.0,-2.006320008667282,1.0,-0.0002928370247095777,-0.0002928370247095777,-1.2033447024137292,0.23239066389667679,-0.029045961482947642,-366.773603648824,697.1883841780134,-331.0865546039099,-0.6717740747203834
9.46,-0.0033871553413844404,-4.985096645325023,0.0,-2.006320008667282,1.0,-0.0002928370247095777,-0.0002928370247095777,-1.2033447024137292,0.23239066389667679,-0.029045961482947642,-366.773603648824,697.1883841780134,-331.0865546039099,-0.6717740747203834
9.48,-0.0035298201701893703,-2.764531363303499,0.0,-2.006320008667282,1.0,-0.0002928370247095777,-0.0002928370247095777,-1.2033447024137292,0.23239066389667679,-0.029045961482947642,-366.773603648824,697.1883841780134,-331.0865546039099,-0.6717740747203834
9.5,-0.0014254307564915472,0.5689905939461783,0.0,-2.006320008667282,1.0,-0.0002928370247095777,-0.0002928370247095777,-1.2033447024137292,0.23239066389667679,-0.029045961482947642,-366.773603648824,697.1883841780134,-331.0865546039099,-0.6717740747203834
9.52,0.0013128836962274088,3.9885842836246033,0.0,-2.006320008667282,1.0,-0.0002928370247095777,-0.0002928370247095777,-1.2033447024137292,0.23239066389667679,-0.029045961482947642,-366.773603648824,697.1883841780134,-331.0865546039099,-0.6717740747203834
9.540000000000001,0.002724871337292963,1.990268753658195,0.0,-2.006320008667282,1.0,-0.0002928370247095777,-0.0002928370247095777,-1.2033447024137292,0.23239066389667679,-0.029045961482947642,-366.773603648824,697.1883841780134,-331.0865546039099,-0.6717740747203834
9.56,0.00240325705934948,-4.681556792699501,0.0,-2.006320008667282,1.0,-0.0002928370247095777,-0.0002928370247095777,-1.2033447024137292,0.23239066389667679,-0.029045961482947642,-366.773603648824,697.1883841780134,-331.0865546039099,-0.6717740747203834
9.58,0.0028849380634639946,3.697232112737259,0.0,-2.006320008667282,1.0,-0.0002928370247095777,-0.0002928370247095777,-1.2033447024137292,0.23239066389667679,-0.029045961482947642,-366.773603648824,697.1883841780134,-331.0865546039099,-0.6717740747203834
9.6,0.0036731002288541716,0.05651787900139116,0.0,-2.006320008667282,1.0,-0.0002928370247095777,-0.0002928370247095777,-1.2033447024137292,0.23239066389667679,-0.029045961482947642,-366.773603648824,697.1883841780134,-331.0865546039099,-0.6717740747203834
9.620000000000001,0.003385247447779595,1.6568482291133222,0.0,-2.006320008667282,1.0,-0.0002928370247095777,-0.0002928370247095777,-1.2033447024137292,0.23239066389667679,-0.029045961482947642,-366.773603648824,697.1883841780134,-331.0865546039099,-0.6717740747203834
9.64,0.002617055294481125,-1.7059972566886135,0.0,-2.006320008667282,1.0,-0.0002928370247095777,-0.0002928370247095777,-1.2033447024137292,0.23239066389667679,-0.029045961482947642,-366.773603648824,697.1883841780134,-331.0865546039099,-0.6717740747203834
9.66,0.0018797963466598054,1.7101203018354538,0.0,-2.006320008667282,1.0,-0.0002928370247095777,-0.0002928370247095777,-1.2033447024137292,0.23239066389667679,-0.029045961482947642,-366.773603648824,697.1883841780134,-331.0865546039099,-0.6717740747203834
9.68,0.001153209929172043,-0.2580754153595577,0.0,-2.006320008667282,1.0,-0.0002928370247095777,-0.0002928370247095777,-1.2033447024137292,0.23239066389667679,-0.029045961482947642,-366.773603648824,697.1883841780134,-331.0865546039099,-0.6717740747203834
9.700000000000001,8.69983179592983e-06,-3.563686142381828,0.0,-2.006320008667282,1.0,-0.0002928370247095777,-0.0002928370247095777,-1.2033447024137292,0.23239066389667679,-0.029045961482947642,-366.773603648824,697.1883841780134,-331.0865546039099,-0.6717740747203834
9.72,-1.660204747439849e-05,3.863993945364431,0.0,-2.006320008667282,1.0,-0.0002928370247095777,-0.0002928370247095777,-1.2033447024137292,0.23239066389667679,-0.029045961482947642,-366.773603648824,697.1883841780134,-331.0865546039099,-0.6717740747203834
9.74,-0.0001299501051197122,-1.153740506221089,0.0,-2.006320008667282,1.0,-0.0002928370247095777,-0.0002928370247095777,-1.2033447024137292,0.23239066389667679,-0.029045961482947642,-366.773603648824,697.1883841780134,-331.0865546039099,-0.6717740747203834
9.76,-0.0010377820206331862,0.3060425202999082,0.0,-2.006320008667282,1.0,-0.0002928370247095777,-0.0002928370247095777,-1.2033447024137292,0.23239066389667679,-0.029045961482947642,-366.773603648824,697.1883841780134,-331.0865546039099,-0.6717740747203834
9.78,-0.0017039353914754768,0.92484714245885,0.0,-2.006320008667282,1.0,-0.0002928370247095777,-0.0002928370247095777,-1.2033447024137292,0.23239066389667679,-0.029045961482947642,-366.773603648824,697.1883841780134,-331.0865546039099,-0.6717740747203834
9.8,-0.002741306871937428,-4.130288802266886,0.0,-2.006320008667282,1.0,-0.0002928370247095777,-0.0002928370247095777,-1.2033447024137292,0.23239066389667679,-0.029045961482947642,-366.773603648824,697.1883841780134,-331.0865546039099,-0.6717740747203834
9.82,-0.002857336519945403,0.4541965939220587,0.0,-2.006320008667282,1.0,-0.0002928370247095777,-0.0002928370247095777,-1.2033447024137292,0.23239066389667679,-0.029045961482947642,-366.773603648824,697.1883841780134,-331.0865546039099,-0.6717740747203834
9.84,-0.0019149343236695916,-0.9097402019283694,0.0,-2.006320008667282,1.0,-0.0002928370247095777,-0.0002928370247095777,-1.2033447024137292,0.23239066389667679,-0.029045961482947642,-366.773603648824,697.1883841780134,-331.0865546039099,-0.6717740747203834
9.86,-0.0008512343798328062,-0.2474889227449122,0.0,-2.006320008667282,1.0,-0.0002928370247095777,-0.0002928370247095777,-1.2033447024137292,0.23239066389667679,-0.029045961482947642,-366.773603648824,697.1883841780134,-331.0865546039099,-0.6717740747203834
9.88,0.0005459651117454916,2.4990627765342994,0.0,-2.006320008667282,1.0,-0.0002928370247095777,-0.0002928370247095777,-1.2033447024137292,0.23239066389667679,-0.029045961482947642,-366.773603648824,697.1883841780134,-331.0865546039099,-0.6717740747203834
9.9,0.001287271228326422,0.9838961941744659,0.0,-2.006320008667282,1.0,-0.0002928370247095777,-0.0002928370247095777,-1.2033447024137292,0.23239066389667679,-0.029045961482947642,-366.773603648824,697.1883841780134,-331.0865546039099,-0.6717740747203834
9.92,0.001016774391186,1.9496735070947562,0.0,-2.006320008667282,1.0,-0.0002928370247095777,-0.0002928370247095777,-1.2033447024137292,0.23239066389667679,-0.029045961482947642,-366.773603648824,697.1883841780134,-331.0865546039099,-0.6717740747203834
9.94,-0.00010635385265938299,0.3305805471946732,0.0,-2.006320008667282,1.0,-0.0002928370247095777,-0.0002928370247095777,-1.2033447024137292,0.23239066389667679,-0.029045961482947642,-366.773603648824,697.1883841780134,-331.0865546039099,-0.6717740747203834
9.96,-0.001897896895183475,-2.977048381206872,0.0,-2.006320008667282,1.0,-0.0002928370247095777,-0.0002928370247095777,-1.2033447024137292,0.23239066389667679,-0.029045961482947642,-366.773603648824,697.1883841780134,-331.0865546039099,-0.6717740747203834
9.98,-0.002926453328435634,-2.55491862124845,0.0,-2.006320008667282,1.0,-0.0002928370247095777,-0.0002928370247095777,-1.2033447024137292,0.23239066389667679,-0.029045961482947642,-366.773603648824,697.1883841780134,-331.0865546039099,-0.6717740747203834
10.0,-0.0023535473596569306,6.927938307886526,0.0,-2.006320008667282,1.0,-0.0002928370247095777,-0.0002928370247095777,-1.2033447024137292,0.23239066389667679,-0.029045961482947642,-366.773603648824,697.1883841780134,-331.0865546039099,-0.6717740747203834
10.02,-0.0030760948568379714,-0.21649688478015783,0.0,-2.006320008667282,1.0,-0.0002928370247095777,-0.0002928370247095777,-1.2033447024137292,0.23239066389667679,-0.029045961482947642,-366.773603648824,697.1883841780134,-331.0865546039099,-0.6717740747203834
10.040000000000001,-0.005783433649952232,-5.085016102079957,0.0,-2.006320008667282,1.0,-0.0002928370247095777,-0.0002928370247095777,-1.2033447024137292,0.23239066389667679,-0.029045961482947642,-366.773603648824,697.1883841780134,-331.0865546039099,-0.6717740747203834
10.06,-0.006974878373893557,-3.1902780908850707,0.0,-2.006320008667282,1.0,-0.0002928370247095777,-0.0002928370247095777,-1.2033447024137292,0.23239066389667679,-0.029045961482947642,-366.773603648824,697.1883841780134,-331.0865546039099,-0.6717740747203834
10.08,-0.005787155007128342,0.4507559105533927,0.0,-2.006320008667282,1.0,-0.0002928370247095777,-0.0002928370247095777,-1.2033447024137292,0.23239066389667679,-0.029045961482947642,-366.773603648824,697.1883841780134,-331.0865546039099,-0.6717740747203834
10.1,-0.00383379094579049,1.9077626181516882,0.0,-2.006320008667282,1.0,-0.0002928370247095777,-0.0002928370247095777,-1.2033447024137292,0.23239066389667679,-0.029045961482947642,-366.773603648824,697.1883841780134,-331.0865546039099,-0.6717740747203834
10.120000000000001,-0.002595311976764081,2.2975505252676363,0.0,-2.006320008667282,1.0,-0.0002928370247095777,-0.0002928370247095777,-1.2033447024137292,0.23239066389667679,-0.029045961482947642,-366.773603648824,697.1883841780134,-331.0865546039099,-0.6717740747203834
10.14,-0.0026047014814996237,0.21757184924690254,0.0,-2.006320008667282,1.0,-0.0002928370247095777,-0.0002928370247095777,-1.2033447024137292,0.23239066389667679,-0.029045961482947642,-366.773603648824,697.1883841780134,-331.0865546039099,-0.6717740747203834
10.16,-0.003367070887267065,-1.202473221825667,0.0,-2.006320008667282,1.0,-0.0002928370247095777,-0.0002928370247095777,-1.2033447024137292,0.23239066389667679,-0.029045961482947642,-366.773603648824,697.1883841780134,-331.0865546039099,-0.6717740747203834
10.18,-0.0038623066844008513,-1.7285872706820715,0.0,-2.006320008667282,1.0,-0.0002928370247095777,-0.0002928370247095777,-1.2033447024137292,0.23239066389667679,-0.029045961482947642,-366.773603648824,697.1883841780134,-331.0865546039099,-0.6717740747203834
10.200000000000001,-0.0035236362557655465,0.3819595049081208,0.0,-2.006320008667282,1.0,-0.0002928370247095777,-0.0002928370247095777,-1.2033447024137292,0.23239066389667679,-0.029045961482947642,-366.773603648824,697.1883841780134,-331.0865546039099,-0.6717740747203834
10.22,-0.0028128959291462015,-0.5924343166390067,0.0,-2.006320008667282,1.0,-0.0002928370247095777,-0.0002928370247095777,-1.2033447024137292,0.23239066389667679,-0.029045961482947642,-366.773603648824,697.1883841780134,-331.0865546039099,-0.6717740747203834
10.24,-0.0020582982529775504,0.67900655960519,0.0,-2.006320008667282,1.0,-0.0002928370247095777,-0.0002928370247095777,-1.2033447024137292,0.23239066389667679,-0.029045961482947642,-366.773603648824,697.1883841780134,-331.0865546039099,-0.6717740747203834
10.26,-0.0013420606736725001,0.026267115827109055,0.0,-2.006320008667282,1.0,-0.0002928370247095777,-0.0002928370247095777,-1.2033447024137292,0.23239066389667679,-0.029045961482947642,-366.773603648824,697.1883841780134,-331.0865546039099,-0.6717740747203834
10.28,-0.0008408348478701398,1.2435568657996807,0.0,-2.006320008667282,1.0,-0.0002928370247095777,-0.0002928370247095777,-1.2033447024137292,0.23239066389667679,-0.029045961482947642,-366.773603648824,697.1883841780134,-331.0865546039099,-0.6717740747203834
10.3,-0.0007167744583550841,-4.065926708445689,0.0,-2.006320008667282,1.0,-0.0002928370247095777,-0.0002928370247095777,-1.2033447024137292,0.23239066389667679,-0.029045961482947642,-366.773603648824,697.1883841780134,-331.0865546039099,-0.6717740747203834
10.32,0.00022925015273181565,1.9230968889274385,0.0,-2.006320008667282,1.0,-0.0002928370247095777,-0.0002928370247095777,-1.2033447024137292,0.23239066389667679,-0.029045961482947642,-366.773603648824,697.1883841780134,-331.0865546039099,-0.6717740747203834
10.34,0.0018042236126492232,1.113894380445486,0.0,-2.006320008667282,1.0,-0.0002928370247095777,-0.0002928370247095777,-1.2033447024137292,0.23239066389667679,-0.029045961482947642,-366.773603648824,697.1883841780134,-331.0865546039099,-0.6717740747203834
10.36,0.002501257619447721,-1.1193976939550079,0.0,-2.006320008667282,1.0,-0.0002928370247095777,-0.0002928370247095777,-1.2033447024137292,0.23239066389667679,-0.029045961482947642,-366.773603648824,697.1883841780134,-331.0865546039099,-0.6717740747203834
10.38,0.003215710745655977,1.6252650376269338,0.0,-2.006320008667282,1.0,-0.0002928370247095777,-0.0002928370247095777,-1.2033447024137292,0.23239066389667679,-0.029045961482947642,-366.773603648824,697.1883841780134,-331.0865546039099,-0.6717740747203834
10.4,0.0038023519996048002,-0.9726204566657279,0.0,-2.006320008667282,1.0,-0.0002928370247095777,-0.0002928370247095777,-1.2033447024137292,0.23239066389667679,-0.029045961482947642,-366.773603648824,697.1883841780134,-331.0865546039099,-0.6717740747203834
10.42,0.004221906771457916,0.5495493734216268,0.0,-2.006320008667282,1.0,-0.0002928370247095777,-0.0002928370247095777,-1.2033447024137292,0.23239066389667679,-0.029045961482947642,-366.773603648824,697.1883841780134,-331.0865546039099,-0.6717740747203834
10.44,0.004792033836525742,1.0488540063458536,0.0,-2.006320008667282,1.0,-0.0002928370247095777,-0.0002928370247095777,-1.2033447024137292,0.23239066389667679,-0.029045961482947642,-366.773603648824,697.1883841780134,-331.0865546039099,-0.6717740747203834
10.46,0.004924380857794569,0.4145791893028341,0.0,-2.006320008667282,1.0,-0.0002928370247095777,-0.0002928370247095777,-1.2033447024137292,0.23239066389667679,-0.029045961482947642,-366.773603648824,697.1883841780134,-331.0865546039099,-0.6717740747203834
10.48,0.004659308315704492,-0.5158814606836281,0.0,-2.006320008667282,1.0,-0.0002928370247095777,-0.0002928370247095777,-1.2033447024137292,0.23239066389667679,-0.029045961482947642,-366.773603648824,697.1883841780134,-331.0865546039099,-0.6717740747203834
10.5,0.0044533472988917905,2.9333810499035615,0.0,-2.006320008667282,1.0,-0.0002928370247095777,-0.0002928370247095777,-1.2033447024137292,0.23239066389667679,-0.029045961482947642,-366.773603648824,697.1883841780134,-331.0865546039099,-0.6717740747203834
10.52,0.0035676052359782154,-1.0194854717834185,0.0,-2.006320008667282,1.0,-0.0002928370247095777,-0.0002928370247095777,-1.2033447024137292,0.23239066389667679,-0.029045961482947642,-366.773603648824,697.1883841780134,-331.0865546039099,-0.6717740747203834
10.540000000000001,0.002143956756682363,-0.4333416453733898,0.0,-2.006320008667282,1.0,-0.0002928370247095777,-0.0002928370247095777,-1.2033447024137292,0.23239066389667679,-0.029045961482947642,-366.773603648824,697.1883841780134,-331.0865546039099,-0.6717740747203834
10.56,0.001159298025824702,-0.45091501228681086,0.0,-2.006320008667282,1.0,-0.0002928370247095777,-0.0002928370247095777,-1.2033447024137292,0.23239066389667679,-0.029045961482947642,-366.773603648824,697.1883841780134,-331.0865546039099,-0.6717740747203834
10.58,0.00044090886225533273,-1.9122738768854952,0.0,-2.006320008667282,1.0,-0.0002928370247095777,-0.0002928370247095777,-1.2033447024137292,0.23239066389667679,-0.029045961482947642,-366.773603648824,697.1883841780134,-331.0865546039099,-0.6717740747203834
10.6,0.00041733536259853265,-0.8844250789320354,0.0,-2.006320008667282,1.0,-0.0002928370247095777,-0.0002928370247095777,-1.2033447024137292,0.23239066389667679,-0.029045961482947642,-366.773603648824,697.1883841780134,-331.0865546039099,-0.6717740747203834
10.620000000000001,0.0012153763149013643,3.1805161542187985,0.0,-2.006320008667282,1.0,-0.0002928370247095777,-0.0002928370247095777,-1.2033447024137292,0.23239066389667679,-0.029045961482947642,-366.773603648824,697.1883841780134,-331.0865546039099,-0.6717740747203834
10.64,0.0013487188642337682,-1.2737952395444947,0.0,-2.006320008667282,1.0,-0.0002928370247095777,-0.0002928370247095777,-1.2033447024137292,0.23239066389667679,-0.029045961482947642,-366.773603648824,697.1883841780134,-331.0865546039099,-0.6717740747203834
10.66,0.0009322276827147056,-3.1208821160493674,0.0,-2.006320008667282,1.0,-0.0002928370247095777,-0.0002928370247095777,-1.2033447024137292,0.23239066389667679,-0.029045961482947642,-366.773603648824,697.1883841780134,-331.0865546039099,-0.6717740747203834
10.68,0.0018085515570101015,-1.3498640532087105,0.0,-2.006320008667282,1.0,-0.0002928370247095777,-0.0002928370247095777,-1.2033447024137292,0.23239066389667679,-0.029045961482947642,-366.773603648824,697.1883841780134,-331.0865546039099,-0.6717740747203834
10.700000000000001,0.004005502549205217,4.720297048426784,0.0,-2.006320008667282,1.0,-0.0002928370247095777,-0.0002928370247095777,-1.2033447024137292,0.23239066389667679,-0.029045961482947642,-366.773603648824,697.1883841780134,-331.0865546039099,-0.6717740747203834
10.72,0.005240794262358482,-0.13311619066085179,0.0,-2.006320008667282,1.0,-0.0002928370247095777,-0.0002928370247095777,-1.2033447024137292,0.23239066389667679,-0.029045961482947642,-366.773603648824,697.1883841780134,-331.0865546039099,-0.6717740747203834
10.74,0.005165930782994393,1.083306023178409,0.0,-2.006320008667282,1.0,-0.0002928370247095777,-0.0002928370247095777,-1.2033447024137292,0.23239066389667679,-0.029045961482947642,-366.773603648824,697.1883841780134,-331.0865546039099,-0.6717740747203834
10.76,0.004845469190462787,-0.6058294124172534,0.0,-2.006320008667282,1.0,-0.0002928370247095777,-0.0002928370247095777,-1.2033447024137292,0.23239066389667679,-0.029045961482947642,-366.773603648824,697.1883841780134,-331.0865546039099,-0.6717740747203834
10.78,0.00441581026371074,0.015800753297198655,0.0,-2.006320008667282,1.0,-0.0002928370247095777,-0.0002928370247095777,-1.2033447024137292,0.23239066389667679,-0.029045961482947642,-366.773603648824,697.1883841780134,-331.0865546039099,-0.6717740747203834
10.8,0.004186839329456486,0.4500120169420607,0.0,-2.006320008667282,1.0,-0.0002928370247095777,-0.0002928370247095777,-1.2033447024137292,0.23239066389667679,-0.029045961482947642,-366.773603648824,697.1883841780134,-331.0865546039099,-0.6717740747203834
10.82,0.0038479232093925303,-1.8853076397007604,0.0,-2.006320008667282,1.0,-0.0002928370247095777,-0.0002928370247095777,-1.2033447024137292,0.23239066389667679,-0.029045961482947642,-366.773603648824,697.1883841780134,-331.0865546039099,-0.6717740747203834
10.84,0.003953630233460357,1.808797752242922,0.0,-2.006320008667282,1.0,-0.0002928370247095777,-0.0002928370247095777,-1.2033447024137292,0.23239066389667679,-0.029045961482947642,-366.773603648824,697.1883841780134,-331.0865546039099,-0.6717740747203834
10.86,0.004106729469394863,2.4604428286312263,0.0,-2.006320008667282,1.0,-0.0002928370247095777,-0.0002928370247095777,-1.2033447024137292,0.23239066389667679,-0.029045961482947642,-366.773603648824,697.1883841780134,-331.0865546039099,-0.6717740747203834
10.88,0.003035602754849141,-0.14799342191401577,0.0,-2.006320008667282,1.0,-0.0002928370247095777,-0.0002928370247095777,-1.2033447024137292,0.23239066389667679,-0.029045961482947642,-366.773603648824,697.1883841780134,-331.0865546039099,-0.6717740747203834
10.9,0.0013064946988944088,-4.957709852781827,0.0,-2.006320008667282,1.0,-0.0002928370247095777,-0.0002928370247095777,-1.2033447024137292,0.23239066389667679,-0.029045961482947642,-366.773603648824,697.1883841780134,-331.0865546039099,-0.6717740747203834
10.92,0.0010807814853374261,-0.6139103136994102,0.0,-2.006320008667282,1.0,-0.0002928370247095777,-0.0002928370247095777,-1.2033447024137292,0.23239066389667679,-0.029045961482947642,-366.773603648824,697.1883841780134,-331.0865546039099,-0.6717740747203834
10.94,0.0024934744162838883,0.3554824402751529,0.0,-2.006320008667282,1.0,-0.0002928370247095777,-0.0002928370247095777,-1.2033447024137292,0.23239066389667679,-0.029045961482947642,-366.773603648824,697.1883841780134,-331.0865546039099,-0.6717740747203834
10.96,0.0039976030496097,2.48230113365027,0.0,-2.006320008667282,1.0,-0.0002928370247095777,-0.0002928370247095777,-1.2033447024137292,0.23239066389667679,-0.029045961482947642,-366.773603648824,697.1883841780134,-331.0865546039099,-0.6717740747203834
10.98,0.0046959965705340515,2.873465732580158,0.0,-2.006320008667282,1.0,-0.0002928370247095777,-0.0002928370247095777,-1.2033447024137292,0.23239066389667679,-0.029045961482947642,-366.773603648824,697.1883841780134,-331.0865546039099,-0.6717740747203834
11.0,0.003855720507963741,-0.44328868585493053,0.0,-2.006320008667282,1.0,-0.0002928370247095777,-0.0002928370247095777,-1.2033447024137292,0.23239066389667679,-0.029045961482947642,-366.773603648824,697.1883841780134,-331.0865546039099,-0.6717740747203834
11.02,0.002328174221168258,-4.335296884238043,0.0,-2.006320008667282,1.0,-0.0002928370247095777,-0.0002928370247095777,-1.2033447024137292,0.23239066389667679,-0.029045961482947642,-366.773603648824,697.1883841780134,-331.0865546039099,-0.6717740747203834
11.040000000000001,0.002214684739880618,2.1837400452813,0.0,-2.006320008667282,1.0,-0.0002928370247095777,-0.0002928370247095777,-1.2033447024137292,0.23239066389667679,-0.029045961482947642,-366.773603648824,697.1883841780134,-331.0865546039099,-0.6717740747203834
11.06,0.002745246725979409,2.242378220241738,0.0,-2.006320008667282,1.0,-0.0002928370247095777,-0.0002928370247095777,-1.2033447024137292,0.23239066389667679,-0.029045961482947642,-366.773603648824,697.1883841780134,-331.0865546039099,-0.6717740747203834
11.08,0.001997032507577645,-1.9304556672065636,0.0,-2.006320008667282,1.0,-0.0002928370247095777,-0.0002928370247095777,-1.2033447024137292,0.23239066389667679,-0.029045961482947642,-366.773603648824,697.1883841780134,-331.0865546039099,-0.6717740747203834
11.1,0.0011700981545939813,3.5589514902037385,0.0,-2.006320008667282,1.0,-0.0002928370247095777,-0.0002928370247095777,-1.2033447024137292,0.23239066389667679,-0.029045961482947642,-366.773603648824,697.1883841780134,-331.0865546039099,-0.6717740747203834
11.120000000000001,-0.0001263251733893021,-3.9804027959441095,0.0,-2.006320008667282,1.0,-0.0002928370247095777,-0.0002928370247095777,-1.2033447024137292,0.23239066389667679,-0.029045961482947642,-366.773603648824,697.1883841780134,-331.0865546039099,-0.6717740747203834
11.14,-0.0013001304875903143,1.899086961967595,0.0,-2.006320008667282,1.0,-0.0002928370247095777,-0.0002928370247095777,-1.2033447024137292,0.23239066389667679,-0.029045961482947642,-366.773603648824,697.1883841780134,-331.0865546039099,-0.6717740747203834
11.16,-0.001872666502296391,2.637577065561872,0.0,-2.006320008667282,1.0,-0.0002928370247095777,-0.0002928370247095777,-1.2033447024137292,0.23239066389667679,-0.029045961482947642,-366.773603648824,697.1883841780134,-331.0865546039099,-0.6717740747203834
11.18,-0.003785537270418522,-6.4923869562502645,0.0,-2.006320008667282,1.0,-0.0002928370247095777,-0.0002928370247095777,-1.2033447024137292,0.23239066389667679,-0.029045961482947642,-366.773603648824,697.1883841780134,-331.0865546039099,-0.6717740747203834
11.200000000000001,-0.00459351726682429,-0.28769188768089826,0.0,-2.006320008667282,1.0,-0.0002928370247095777,-0.0002928370247095777,-1.2033447024137292,0.23239066389667679,-0.029045961482947642,-366.773603648824,697.1883841780134,-331.0865546039099,-0.6717740747203834
11.22,-0.0034450940958290857,1.9940616777405873,0.0,-2.006320008667282,1.0,-0.0002928370247095777,-0.0002928370247095777,-1.2033447024137292,0.23239066389667679,-0.029045961482947642,-366.773603648824,697.1883841780134,-331.0865546039099,-0.6717740747203834
11.24,-0.002818129277312398,5.475352278782854,0.0,-2.006320008667282,1.0,-0.0002928370247095777,-0.0002928370247095777,-1.2033447024137292,0.23239066389667679,-0.029045961482947642,-366.773603648824,697.1883841780134,-331.0865546039099,-0.6717740747203834
11.26,-0.004396284078112295,-8.194573969880505,0.0,-2.006320008667282,1.0,-0.0002928370247095777,-0.0002928370247095777,-1.2033447024137292,0.23239066389667679,-0.029045961482947642,-366.773603648824,697.1883841780134,-331.0865546039099,-0.6717740747203834
11.28,-0.00520595640169789,1.7360220407740528,0.0,-2.006320008667282,1.0,-0.0002928370247095777,-0.0002928370247095777,-1.2033447024137292,0.23239066389667679,-0.029045961482947642,-366.773603648824,697.1883841780134,-331.0865546039099,-0.6717740747203834
11.3,-0.004157259091927016,0.38999739670960976,0.0,-2.006320008667282,1.0,-0.0002928370247095777,-0.0002928370247095777,-1.2033447024137292,0.23239066389667679,-0.029045961482947642,-366.773603648824,697.1883841780134,-331.0865546039099,-0.6717740747203834
11.32,-0.0037574058558759935,-1.2058075001317576,0.0,-2.006320008667282,1.0,-0.0002928370247095777,-0.0002928370247095777,-1.2033447024137292,0.23239066389667679,-0.029045961482947642,-366.773603648824,697.1883841780134,-331.0865546039099,-0.6717740747203834
11.34,-0.003142401568717183,-0.9877215492658441,0.0,-2.006320008667282,1.0,-0.0002928370247095777,-0.0002928370247095777,-1.2033447024137292,0.23239066389667679,-0.029045961482947642,-366.773603648824,697.1883841780134,-331.0865546039099,-0.6717740747203834
11.36,-0.0019049141632914081,0.5976948051972549,0.0,-2.006320008667282,1.0,-0.0002928370247095777,-0.0002928370247095777,-1.2033447024137292,0.23239066389667679,-0.029045961482947642,-366.773603648824,697.1883841780134,-331.0865546039099,-0.6717740747203834
11.38,-0.0005652520279360029,0.8896146465777086,0.0,-2.006320008667282,1.0,-0.0002928370247095777,-0.0002928370247095777,-1.2033447024137292,0.23239066389667679,-0.029045961482947642,-366.773603648824,697.1883841780134,-331.0865546039099,-0.6717740747203834
11.4,0.00033529862705936313,-1.353646675619397,0.0,-2.006320008667282,1.0,-0.0002928370247095777,-0.0002928370247095777,-1.2033447024137292,0.23239066389667679,-0.029045961482947642,-366.773603648824,697.1883841780134,-331.0865546039099,-0.6717740747203834
11.42,0.0013738540321068789,5.078901870471364,0.0,-2.006320008667282,1.0,-0.0002928370247095777,-0.0002928370247095777,-1.2033447024137292,0.23239066389667679,-0.029045961482947642,-366.773603648824,697.1883841780134,-331.0865546039099,-0.6717740747203834
11.44,0.001330201435905528,-3.5338229690129,0.0,-2.006320008667282,1.0,-0.0002928370247095777,-0.0002928370247095777,-1.2033447024137292,0.23239066389667679,-0.029045961482947642,-366.773603648824,697.1883841780134,-331.0865546039099,-0.6717740747203834
11.46,0.0008425009058834556,0.052544455145288715,0.0,-2.006320008667282,1.0,-0.0002928370247095777,-0.0002928370247095777,-1.2033447024137292,0.23239066389667679,-0.029045961482947642,-366.773603648824,697.1883841780134,-331.0865546039099,-0.6717740747203834
11.48,0.001379571795553322,-0.16672734108141274,0.0,-2.006320008667282,1.0,-0.0002928370247095777,-0.0002928370247095777,-1.2033447024137292,0.23239066389667679,-0.029045961482947642,-366.773603648824,697.1883841780134,-331.0865546039099,-0.6717740747203834
11.5,0.0019587984779799797,0.5603721836322139,0.0,-2.006320008667282,1.0,-0.0002928370247095777,-0.0002928370247095777,-1.2033447024137292,0.23239066389667679,-0.029045961482947642,-366.773603648824,697.1883841780134,-331.0865546039099,-0.6717740747203834
11.52,0.0024351312844239285,1.2148919817850805,0.0,-2.006320008667282,1.0,-0.0002928370247095777,-0.0002928370247095777,-1.2033447024137292,0.23239066389667679,-0.029045961482947642,-366.773603648824,697.1883841780134,-331.0865546039099,-0.6717740747203834
11.540000000000001,0.002406992779595966,-1.2370889703794943,0.0,-2.006320008667282,1.0,-0.0002928370247095777,-0.0002928370247095777,-1.2033447024137292,0.23239066389667679,-0.029045961482947642,-366.773603648824,697.1883841780134,-331.0865546039099,-0.6717740747203834
11.56,0.002400566684772421,0.6157058384517116,0.0,-2.006320008667282,1.0,-0.0002928370247095777,-0.0002928370247095777,-1.2033447024137292,0.23239066389667679,-0.029045961482947642,-366.773603648824,697.1883841780134,-331.0865546039099,-0.6717740747203834
11.58,0.0025912756404892208,3.8687862089367346,0.0,-2.006320008667282,1.0,-0.0002928370247095777,-0.0002928370247095777,-1.2033447024137292,0.23239066389667679,-0.029045961482947642,-366.773603648824,697.1883841780134,-331.0865546039099,-0.6717740747203834
11.6,0.0014851405615451355,-0.4559689652627501,0.0,-2.006320008667282,1.0,-0.0002928370247095777,-0.0002928370247095777,-1.2033447024137292,0.23239066389667679,-0.029045961482947642,-366.773603648824,697.1883841780134,-331.0865546039099,-0.6717740747203834
11.620000000000001,-0.000611005258026743,-3.1867926151046393,0.0,-2.006320008667282,1.0,-0.0002928370247095777,-0.0002928370247095777,-1.2033447024137292,0.23239066389667679,-0.029045961482947642,-366.773603648824,697.1883841780134,-331.0865546039099,-0.6717740747203834
11.64,-0.0016442778235428407,1.1143086928091455,0.0,-2.006320008667282,1.0,-0.0002928370247095777,-0.0002928370247095777,-1.2033447024137292,0.23239066389667679,-0.029045961482947642,-366.773603648824,697.1883841780134,-331.0865546039099,-0.6717740747203834
11.66,-0.002081042784801549,-2.799459301087049,0.0,-2.006320008667282,1.0,-0.0002928370247095777,-0.0002928370247095777,-1.2033447024137292,0.23239066389667679,-0.029045961482947642,-366.773603648824,697.1883841780134,-331.0865546039099,-0.6717740747203834
11.68,-0.0020374870185930027,1.0339765049680532,0.0,-2.006320008667282,1.0,-0.0002928370247095777,-0.0002928370247095777,-1.2033447024137292,0.23239066389667679,-0.029045961482947642,-366.773603648824,697.1883841780134,-331.0865546039099,-0.6717740747203834
11.700000000000001,-0.0014898110880030672,-2.5672836727623167,0.0,-2.006320008667282,1.0,-0.0002928370247095777,-0.0002928370247095777,-1.2033447024137292,0.23239066389667679,-0.029045961482947642,-366.773603648824,697.1883841780134,-331.0865546039099,-0.6717740747203834
11.72,-0.0005025418855100817,0.024516104419790352,0.0,-2.006320008667282,1.0,-0.0002928370247095777,-0.0002928370247095777,-1.2033447024137292,0.23239066389667679,-0.029045961482947642,-366.773603648824,697.1883841780134,-331.0865546039099,-0.6717740747203834
11.74,0.0012261673538998096,0.9973078324217728,0.0,-2.006320008667282,1.0,-0.0002928370247095777,-0.0002928370247095777,-1.2033447024137292,0.23239066389667679,-0.029045961482947642,-366.773603648824,697.1883841780134,-331.0865546039099,-0.6717740747203834
11.76,0.0026633984090426955,4.471679198805916,0.0,-2.006320008667282,1.0,-0.0002928370247095777,-0.0002928370247095777,-1.2033447024137292,0.23239066389667679,-0.029045961482947642,-366.773603648824,697.1883841780134,-331.0865546039099,-0.6717740747203834
11.78,0.002515946935202049,-0.7036674623661048,0.0,-2.006320008667282,1.0,-0.0002928370247095777,-0.0002928370247095777,-1.2033447024137292,0.23239066389667679,-0.029045961482947642,-366.773603648824,697.1883841780134,-331.0865546039099,-0.6717740747203834
11.8,0.0012809880039968407,-0.010398617193878579,0.0,-2.006320008667282,1.0,-0.0002928370247095777,-0.0002928370247095777,-1.2033447024137292,0.23239066389667679,-0.029045961482947642,-366.773603648824,697.1883841780134,-331.0865546039099,-0.6717740747203834
11.82,0.0002632294484928633,-0.9321159151066972,0.0,-2.006320008667282,1.0,-0.0002928370247095777,-0.0002928370247095777,-1.2033447024137292,0.23239066389667679,-0.029045961482947642,-366.773603648824,697.1883841780134,-331.0865546039099,-0.6717740747203834
11.84,-0.0004768623674698988,-0.023004206861617638,0.0,-2.006320008667282,1.0,-0.0002928370247095777,-0.0002928370247095777,-1.2033447024137292,0.23239066389667679,-0.029045961482947642,-366.773603648824,697.1883841780134,-331.0865546039099,-0.6717740747203834
11.86,-0.0009402734380500074,0.0047061255739560826,0.0,-2.006320008667282,1.0,-0.0002928370247095777,-0.0002928370247095777,-1.2033447024137292,0.23239066389667679,-0.029045961482947642,-366.773603648824,697.1883841780134,-331.0865546039099,-0.6717740747203834
11.88,-0.00140426867483626,0.5151484276052989,0.0,-2.006320008667282,1.0,-0.0002928370247095777,-0.0002928370247095777,-1.2033447024137292,0.23239066389667679,-0.029045961482947642,-366.773603648824,697.1883841780134,-331.0865546039099,-0.6717740747203834
11.9,-0.002029371310861024,-1.136175218383217,0.0,-2.006320008667282,1.0,-0.0002928370247095777,-0.0002928370247095777,-1.2033447024137292,0.23239066389667679,-0.029045961482947642,-366.773603648824,697.1883841780134,-331.0865546039099,-0.6717740747203834
11.92,-0.0024854405468373673,-2.423544385629409,0.0,-2.006320008667282,1.0,-0.0002928370247095777,-0.0002928370247095777,-1.2033447024137292,0.23239066389667679,-0.029045961482947642,-366.773603648824,697.1883841780134,-331.0865546039099,-0.6717740747203834
11.94,-0.0019148035067318746,-0.26898372708312257,0.0,-2.006320008667282,1.0,-0.0002928370247095777,-0.0002928370247095777,-1.2033447024137292,0.23239066389667679,-0.029045961482947642,-366.773603648824,697.1883841780134,-331.0865546039099,-0.6717740747203834
11.96,-0.0005677980791845822,3.977653962918502,0.0,-2.006320008667282,1.0,-0.0002928370247095777,-0.0002928370247095777,-1.2033447024137292,0.23239066389667679,-0.029045961482947642,-366.773603648824,697.1883841780134,-331.0865546039099,-0.6717740747203834
11.98,-0.000310417005450079,1.4738587074707397,0.0,-2.006320008667282,1.0,-0.0002928370247095777,-0.0002928370247095777,-1.2033447024137292,0.23239066389667679,-0.029045961482947642,-366.773603648824,697.1883841780134,-331.0865546039099,-0.6717740747203834
12.0,-0.0016514023133125904,-1.621566701539213,0.0,-2.006320008667282,1.0,-0.0002928370247095777,-0.0002928370247095777,-1.2033447024137292,0.23239066389667679,-0.029045961482947642,-366.773603648824,697.1883841780134,-331.0865546039099,-0.6717740747203834
12.02,-0.002959570793001025,-4.84450213359899,0.0,-2.006320008667282,1.0,-0.0002928370247095777,-0.0002928370247095777,-1.2033447024137292,0.23239066389667679,-0.029045961482947642,-366.773603648824,697.1883841780134,-331.0865546039099,-0.6717740747203834
12.040000000000001,-0.002392948447037332,4.777658121034058,0.0,-2.006320008667282,1.0,-0.0002928370247095777,-0.0002928370247095777,-1.2033447024137292,0.23239066389667679,-0.029045961482947642,-366.773603648824,697.1883841780134,-331.0865546039099,-0.6717740747203834
12.06,-0.0018218782148296966,-0.7736195087318185,0.0,-2.006320008667282,1.0,-0.0002928370247095777,-0.0002928370247095777,-1.2033447024137292,0.23239066389667679,-0.029045961482947642,-366.773603648824,697.1883841780134,-331.0865546039099,-0.6717740747203834
12.08,-0.002434850945291192,-1.2518563508010077,0.0,-2.006320008667282,1.0,-0.0002928370247095777,-0.0002928370247095777,-1.2033447024137292,0.23239066389667679,-0.029045961482947642,-366.773603648824,697.1883841780134,-331.0865546039099,-0.6717740747203834
12.1,-0.002470079567353375,-0.16904863556651906,0.0,-2.006320008667282,1.0,-0.0002928370247095777,-0.0002928370247095777,-1.2033447024137292,0.23239066389667679,-0.029045961482947642,-366.773603648824,697.1883841780134,-331.0865546039099,-0.6717740747203834
12.120000000000001,-0.0021048269863130856,-0.6663397503983044,0.0,-2.006320008667282,1.0,-0.0002928370247095777,-0.0002928370247095777,-1.2033447024137292,0.23239066389667679,-0.029045961482947642,-366.773603648824,697.1883841780134,-331.0865546039099,-0.6717740747203834
12.14,-0.0015082447948849532,3.8538164304043274,0.0,-2.006320008667282,1.0,-0.0002928370247095777,-0.0002928370247095777,-1.2033447024137292,0.23239066389667679,-0.029045961482947642,-366.773603648824,697.1883841780134,-331.0865546039099,-0.6717740747203834
12.16,-0.0018546048715162762,0.801124600639914,0.0,-2.006320008667282,1.0,-0.0002928370247095777,-0.0002928370247095777,-1.2033447024137292,0.23239066389667679,-0.029045961482947642,-366.773603648824,697.1883841780134,-331.0865546039099,-0.6717740747203834
12.18,-0.0035758224905892808,-5.376251569113206,0.0,-2.006320008667282,1.0,-0.0002928370247095777,-0.0002928370247095777,-1.2033447024137292,0.23239066389667679,-0.029045961482947642,-366.773603648824,697.1883841780134,-331.0865546039099,-0.6717740747203834
12.200000000000001,-0.003979885194343549,0.02486465969062923,0.0,-2.006320008667282,1.0,-0.0002928370247095777,-0.0002928370247095777,-1.2033447024137292,0.23239066389667679,-0.029045961482947642,-366.773603648824,697.1883841780134,-331.0865546039099,-0.6717740747203834
12.22,-0.0028420314099517744,1.306307397874408,0.0,-2.006320008667282,1.0,-0.0002928370247095777,-0.0002928370247095777,-1.2033447024137292,0.23239066389667679,-0.029045961482947642,-366.773603648824,697.1883841780134,-331.0865546039099,-0.6717740747203834
12.24,-0.0021119540390747986,2.2668189405843195,0.0,-2.006320008667282,1.0,-0.0002928370247095777,-0.0002928370247095777,-1.2033447024137292,0.23239066389667679,-0.029045961482947642,-366.773603648824,697.1883841780134,-331.0865546039099,-0.6717740747203834
12.26,-0.0024415650035310922,-6.339547756139172,0.0,-2.006320008667282,1.0,-0.0002928370247095777,-0.0002928370247095777,-1.2033447024137292,0.23239066389667679,-0.029045961482947642,-366.773603648824,697.1883841780134,-331.0865546039099,-0.6717740747203834
12.280000000000001,-0.001593965387542038,4.588814885102183,0.0,-2.006320008667282,1.0,-0.0002928370247095777,-0.0002928370247095777,-1.2033447024137292,0.23239066389667679,-0.029045961482947642,-366.773603648824,697.1883841780134,-331.0865546039099,-0.6717740747203834
12.3,-0.00024376430610305918,3.0670394228749047,0.0,-2.006320008667282,1.0,-0.0002928370247095777,-0.0002928370247095777,-1.2033447024137292,0.23239066389667679,-0.029045961482947642,-366.773603648824,697.1883841780134,-331.0865546039099,-0.6717740747203834
12.32,-0.0011370210276004317,-3.220753707626822,0.0,-2.006320008667282,1.0,-0.0002928370247095777,-0.0002928370247095777,-1.2033447024137292,0.23239066389667679,-0.029045961482947642,-366.773603648824,697.1883841780134,-331.0865546039099,-0.6717740747203834
12.34,-0.0019924514441457177,-0.6427600753875549,0.0,-2.006320008667282,1.0,-0.0002928370247095777,-0.0002928370247095777,-1.2033447024137292,0.23239066389667679,-0.029045961482947642,-366.773603648824,697.1883841780134,-331.0865546039099,-0.6717740747203834
12.36,-0.001729096559970085,2.349041978317031,0.0,-2.006320008667282,1.0,-0.0002928370247095777,-0.0002928370247095777,-1.2033447024137292,0.23239066389667679,-0.029045961482947642,-366.773603648824,697.1883841780134,-331.0865546039099,-0.6717740747203834
12.38,-0.0019763313129450956,-1.042607444746364,0.0,-2.006320008667282,1.0,-0.0002928370247095777,-0.0002928370247095777,-1.2033447024137292,0.23239066389667679,-0.029045961482947642,-366.773603648824,697.1883841780134,-331.0865546039099,-0.6717740747203834
12.4,-0.0026186284414564786,-3.664296059338756,0.0,-2.006320008667282,1.0,-0.0002928370247095777,-0.0002928370247095777,-1.2033447024137292,0.23239066389667679,-0.029045961482947642,-366.773603648824,697.1883841780134,-331.0865546039099,-0.6717740747203834
12.42,-0.0018991247149846681,-0.4911806087425217,0.0,-2.006320008667282,1.0,-0.0002928370247095777,-0.0002928370247095777,-1.2033447024137292,0.23239066389667679,-0.029045961482947642,-366.773603648824,697.1883841780134,-331.0865546039099,-0.6717740747203834
12.44,2.5250752951030617e-05,0.6715719522272473,0.0,-2.006320008667282,1.0,-0.0002928370247095777,-0.0002928370247095777,-1.2033447024137292,0.23239066389667679,-0.029045961482947642,-366.773603648824,697.1883841780134,-331.0865546039099,-0.6717740747203834
12.46,0.001896960556955395,-0.07525187082399132,0.0,-2.006320008667282,1.0,-0.0002928370247095777,-0.0002928370247095777,-1.2033447024137292,0.23239066389667679,-0.029045961482947642,-366.773603648824,697.1883841780134,-331.0865546039099,-0.6717740747203834
12.48,0.003606034283066096,2.9739057394627815,0.0,-2.006320008667282,1.0,-0.0002928370247095777,-0.0002928370247095777,-1.2033447024137292,0.23239066389667679,-0.029045961482947642,-366.773603648824,697.1883841780134,-331.0865546039099,-0.6717740747203834
12.5,0.004489072436883464,0.09532303025560074,0.0,-2.006320008667282,1.0,-0.0002928370247095777,-0.0002928370247095777,-1.2033447024137292,0.23239066389667679,-0.029045961482947642,-366.773603648824,697.1883841780134,-331.0865546039099,-0.6717740747203834
12.52,0.004501707285642426,1.0148052110646808,0.0,-2.006320008667282,1.0,-0.0002928370247095777,-0.0002928370247095777,-1.2033447024137292,0.23239066389667679,-0.029045961482947642,-366.773603648824,697.1883841780134,-331.0865546039099,-0.6717740747203834
12.540000000000001,0.004217709865430283,1.472482726010643,0.0,-2.006320008667282,1.0,-0.0002928370247095777,-0.0002928370247095777,-1.2033447024137292,0.23239066389667679,-0.029045961482947642,-366.773603648824,697.1883841780134,-331.0865546039099,-0.6717740747203834
12.56,0.003232005287284047,2.158187916462695,0.0,-2.006320008667282,1.0,-0.0002928370247095777,-0.0002928370247095777,-1.2033447024137292,0.23239066389667679,-0.029045961482947642,-366.773603648824,697.1883841780134,-331.0865546039099,-0.6717740747203834
12.58,0.001203537592733997,-2.7997536627919732,0.0,-2.006320008667282,1.0,-0.0002928370247095777,-0.0002928370247095777,-1.2033447024137292,0.23239066389667679,-0.029045961482947642,-366.773603648824,697.1883841780134,-331.0865546039099,-0.6717740747203834
12.6,-0.0006294486381013015,-5.04390151587646,0.0,-2.006320008667282,1.0,-0.0002928370247095777,-0.0002928370247095777,-1.2033447024137292,0.23239066389667679,-0.029045961482947642,-366.773603648824,697.1883841780134,-331.0865546039099,-0.6717740747203834
12.620000000000001,-0.00016950088825458214,4.83858698830071,0.0,-2.006320008667282,1.0,-0.0002928370247095777,-0.0002928370247095777,-1.2033447024137292,0.23239066389667679,-0.029045961482947642,-366.773603648824,697.1883841780134,-331.0865546039099,-0.6717740747203834
12.64,0.0003494990951999489,-1.213791894370468,0.0,-2.006320008667282,1.0,-0.0002928370247095777,-0.0002928370247095777,-1.2033447024137292,0.23239066389667679,-0.029045961482947642,-366.773603648824,697.1883841780134,-331.0865546039099,-0.6717740747203834
12.66,-0.00019076615022127605,1.759148450917431,0.0,-2.006320008667282,1.0,-0.0002928370247095777,-0.0002928370247095777,-1.2033447024137292,0.23239066389667679,-0.029045961482947642,-366.773603648824,697.1883841780134,-331.0865546039099,-0.6717740747203834
12.68,-0.0008919375990252223,-2.63035346734639,0.0,-2.006320008667282,1.0,-0.0002928370247095777,-0.0002928370247095777,-1.2033447024137292,0.23239066389667679,-0.029045961482947642,-366.773603648824,697.1883841780134,-331.0865546039099,-0.6717740747203834
12.700000000000001,-0.0013436254617126013,0.5182957577987222,0.0,-2.006320008667282,1.0,-0.0002928370247095777,-0.0002928370247095777,-1.2033447024137292,0.23239066389667679,-0.029045961482947642,-366.773603648824,697.1883841780134,-331.0865546039099,-0.6717740747203834
12.72,-0.001185316990727312,-0.5624931469890777,0.0,-2.006320008667282,1.0,-0.0002928370247095777,-0.0002928370247095777,-1.2033447024137292,0.23239066389667679,-0.029045961482947642,-366.773603648824,697.1883841780134,-331.0865546039099,-0.6717740747203834
12.74,-0.0010215570890428057,0.06054404408678582,0.0,-2.006320008667282,1.0,-0.0002928370247095777,-0.0002928370247095777,-1.2033447024137292,0.23239066389667679,-0.029045961482947642,-366.773603648824,697.1883841780134,-331.0865546039099,-0.6717740747203834
12.76,-0.0007172642587350998,2.4864263571251057,0.0,-2.006320008667282,1.0,-0.0002928370247095777,-0.0002928370247095777,-1.2033447024137292,0.23239066389667679,-0.029045961482947642,-366.773603648824,697.1883841780134,-331.0865546039099,-0.6717740747203834
12.780000000000001,-0.0011633515299159162,-3.006242607917589,0.0,-2.006320008667282,1.0,-0.0002928370247095777,-0.0002928370247095777,-1.2033447024137292,0.23239066389667679,-0.029045961482947642,-366.773603648824,697.1883841780134,-331.0865546039099,-0.6717740747203834
12.8,-0.00146457036142458,0.5477625085332241,0.0,-2.006320008667282,1.0,-0.0002928370247095777,-0.0002928370247095777,-1.2033447024137292,0.23239066389667679,-0.029045961482947642,-366.773603648824,697.1883841780134,-331.0865546039099,-0.6717740747203834
12.82,-0.001055112273707469,0.4247305145294771,0.0,-2.006320008667282,1.0,-0.0002928370247095777,-0.0002928370247095777,-1.2033447024137292,0.23239066389667679,-0.029045961482947642,-366.773603648824,697.1883841780134,-331.0865546039099,-0.6717740747203834
12.84,-0.0009371042624074659,-1.007698594410647,0.0,-2.006320008667282,1.0,-0.0002928370247095777,-0.0002928370247095777,-1.2033447024137292,0.23239066389667679,-0.029045961482947642,-366.773603648824,697.1883841780134,-331.0865546039099,-0.6717740747203834
12.86,-0.0006543041775445245,-3.552722926486504,0.0,-2.006320008667282,1.0,-0.0002928370247095777,-0.0002928370247095777,-1.2033447024137292,0.23239066389667679,-0.029045961482947642,-366.773603648824,697.1883841780134,-331.0865546039099,-0.6717740747203834
12.88,0.0009598207440533557,4.151010930765703,0.0,-2.006320008667282,1.0,-0.0002928370247095777,-0.0002928370247095777,-1.2033447024137292,0.23239066389667679,-0.029045961482947642,-366.773603648824,697.1883841780134,-331.0865546039099,-0.6717740747203834
12.9,0.0024048124186907796,-4.293207039534309,0.0,-2.006320008667282,1.0,-0.0002928370247095777,-0.0002928370247095777,-1.2033447024137292,0.23239066389667679,-0.029045961482947642,-366.773603648824,697.1883841780134,-331.0865546039099,-0.6717740747203834
12.92,0.0039066404612272225,1.5671620354933102,0.0,-2.006320008667282,1.0,-0.0002928370247095777,-0.0002928370247095777,-1.2033447024137292,0.23239066389667679,-0.029045961482947642,-366.773603648824,697.1883841780134,-331.0865546039099,-0.6717740747203834
12.94,0.006231442280886111,3.0608503115617847,0.0,-2.006320008667282,1.0,-0.0002928370247095777,-0.0002928370247095777,-1.2033447024137292,0.23239066389667679,-0.029045961482947642,-366.773603648824,697.1883841780134,-331.0865546039099,-0.6717740747203834
12.96,0.007240403048753901,2.699867066524484,0.0,-2.006320008667282,1.0,-0.0002928370247095777,-0.0002928370247095777,-1.2033447024137292,0.23239066389667679,-0.029045961482947642,-366.773603648824,697.1883841780134,-331.0865546039099,-0.6717740747203834
12.98,0.006608219900040695,1.3444459037877328,0.0,-2.006320008667282,1.0,-0.0002928370247095777,-0.0002928370247095777,-1.2033447024137292,0.23239066389667679,-0.029045961482947642,-366.773603648824,697.1883841780134,-331.0865546039099,-0.6717740747203834
13.0,0.00483350517433162,-0.1359211409498966,0.0,-2.006320008667282,1.0,-0.0002928370247095777,-0.0002928370247095777,-1.2033447024137292,0.23239066389667679,-0.029045961482947642,-366.773603648824,697.1883841780134,-331.0865546039099,-0.6717740747203834
13.02,0.0027354423194441203,-0.9413029142511236,0.0,-2.006320008667282,1.0,-0.0002928370247095777,-0.0002928370247095777,-1.2033447024137292,0.23239066389667679,-0.029045961482947642,-366.773603648824,697.1883841780134,-331.0865546039099,-0.6717740747203834
13.040000000000001,0.0009701167166692003,-2.391478372525262,0.0,-2.006320008667282,1.0,-0.0002928370247095777,-0.0002928370247095777,-1.2033447024137292,0.23239066389667679,-0.029045961482947642,-366.773603648824,697.1883841780134,-331.0865546039099,-0.6717740747203834
13.06,0.0001868832823017977,2.12690074165932,0.0,-2.006320008667282,1.0,-0.0002928370247095777,-0.0002928370247095777,-1.2033447024137292,0.23239066389667679,-0.029045961482947642,-366.773603648824,697.1883841780134,-331.0865546039099,-0.6717740747203834
13.08,-0.0005176909905666094,-2.249003884363751,0.0,-2.006320008667282,1.0,-0.0002928370247095777,-0.0002928370247095777,-1.2033447024137292,0.23239066389667679,-0.029045961482947642,-366.773603648824,697.1883841780134,-331.0865546039099,-0.6717740747203834
13.1,-0.0011897809660620078,1.7240256244208174,0.0,-2.006320008667282,1.0,-0.0002928370247095777,-0.0002928370247095777,-1.2033447024137292,0.23239066389667679,-0.029045961482947642,-366.773603648824,697.1883841780134,-331.0865546039099,-0.6717740747203834
13.120000000000001,-0.0017156572563852624,-5.77859538218098,0.0,-2.006320008667282,1.0,-0.0002928370247095777,-0.0002928370247095777,-1.2033447024137292,0.23239066389667679,-0.029045961482947642,-366.773603648824,697.1883841780134,-331.0865546039099,-0.6717740747203834
13.14,-0.0010650507586546358,0.9070898690065059,0.0,-2.006320008667282,1.0,-0.0002928370247095777,-0.0002928370247095777,-1.2033447024137292,0.23239066389667679,-0.029045961482947642,-366.773603648824,697.1883841780134,-331.0865546039099,-0.6717740747203834
13.16,0.0010053795799301862,1.5934625043406418,0.0,-2.006320008667282,1.0,-0.0002928370247095777,-0.0002928370247095777,-1.2033447024137292,0.23239066389667679,-0.029045961482947642,-366.773603648824,697.1883841780134,-331.0865546039099,-0.6717740747203834
13.18,0.002349910149266085,1.7719653567891274,0.0,-2.006320008667282,1.0,-0.0002928370247095777,-0.0002928370247095777,-1.2033447024137292,0.23239066389667679,-0.029045961482947642,-366.773603648824,697.1883841780134,-331.0865546039099,-0.6717740747203834
13.200000000000001,0.00272377316018315,-3.8612153920660686,0.0,-2.006320008667282,1.0,-0.0002928370247095777,-0.0002928370247095777,-1.2033447024137292,0.23239066389667679,-0.029045961482947642,-366.773603648824,697.1883841780134,-331.0865546039099,-0.6717740747203834
13.22,0.0037266568880024156,5.0804196426118615,0.0,-2.006320008667282,1.0,-0.0002928370247095777,-0.0002928370247095777,-1.2033447024137292,0.23239066389667679,-0.029045961482947642,-366.773603648824,697.1883841780134,-331.0865546039099,-0.6717740747203834
13.24,0.004396072697673264,1.9881559515382206,0.0,-2.006320008667282,1.0,-0.0002928370247095777,-0.0002928370247095777,-1.2033447024137292,0.23239066389667679,-0.029045961482947642,-366.773603648824,697.1883841780134,-331.0865546039099,-0.6717740747203834
13.26,0.0030233527859902113,-0.2844373202456918,0.0,-2.006320008667282,1.0,-0.0002928370247095777,-0.0002928370247095777,-1.2033447024137292,0.23239066389667679,-0.029045961482947642,-366.773603648824,697.1883841780134,-331.0865546039099,-0.6717740747203834
13.280000000000001,0.00117083195718261,-2.936559498497992,0.0,-2.006320008667282,1.0,-0.0002928370247095777,-0.0002928370247095777,-1.2033447024137292,0.23239066389667679,-0.029045961482947642,-366.773603648824,697.1883841780134,-331.0865546039099,-0.6717740747203834
13.3,0.0002689372120498446,2.6555623697842523,0.0,-2.006320008667282,1.0,-0.0002928370247095777,-0.0002928370247095777,-1.2033447024137292,0.23239066389667679,-0.029045961482947642,-366.773603648824,697.1883841780134,-331.0865546039099,-0.6717740747203834
13.32,-0.0005489716023518618,-3.0734003144131017,0.0,-2.006320008667282,1.0,-0.0002928370247095777,-0.0002928370247095777,-1.2033447024137292,0.23239066389667679,-0.029045961482947642,-366.773603648824,697.1883841780134,-331.0865546039099,-0.6717740747203834
13.34,-0.0012479918701483112,1.6040690330510818,0.0,-2.006320008667282,1.0,-0.0002928370247095777,-0.0002928370247095777,-1.2033447024137292,0.23239066389667679,-0.029045961482947642,-366.773603648824,697.1883841780134,-331.0865546039099,-0.6717740747203834
13.36,-0.001524625142993629,-1.3336410149869038,0.0,-2.006320008667282,1.0,-0.0002928370247095777,-0.0002928370247095777,-1.2033447024137292,0.23239066389667679,-0.029045961482947642,-366.773603648824,697.1883841780134,-331.0865546039099,-0.6717740747203834
13.38,-0.0018900855098855892,-0.4358943955619743,0.0,-2.006320008667282,1.0,-0.0002928370247095777,-0.0002928370247095777,-1.2033447024137292,0.23239066389667679,-0.029045961482947642,-366.773603648824,697.1883841780134,-331.0865546039099,-0.6717740747203834
13.4,-0.0017493067455135898,-0.312184620783677,0.0,-2.006320008667282,1.0,-0.0002928370247095777,-0.0002928370247095777,-1.2033447024137292,0.23239066389667679,-0.029045961482947642,-366.773603648824,697.1883841780134,-331.0865546039099,-0.6717740747203834
13.42,-0.001400518749896432,0.23817055384945307,0.0,-2.006320008667282,1.0,-0.0002928370247095777,-0.0002928370247095777,-1.2033447024137292,0.23239066389667679,-0.029045961482947642,-366.773603648824,697.1883841780134,-331.0865546039099,-0.6717740747203834
13.44,-0.0010389080286287134,2.2210485936013487,0.0,-2.006320008667282,1.0,-0.0002928370247095777,-0.0002928370247095777,-1.2033447024137292,0.23239066389667679,-0.029045961482947642,-366.773603648824,697.1883841780134,-331.0865546039099,-0.6717740747203834
13.46,-0.0014040131541255738,1.0812720842006354,0.0,-2.006320008667282,1.0,-0.0002928370247095777,-0.0002928370247095777,-1.2033447024137292,0.23239066389667679,-0.029045961482947642,-366.773603648824,697.1883841780134,-331.0865546039099,-0.6717740747203834
13.48,-0.002745032169058666,-0.1398732371524759,0.0,-2.006320008667282,1.0,-0.0002928370247095777,-0.0002928370247095777,-1.2033447024137292,0.23239066389667679,-0.029045961482947642,-366.773603648824,697.1883841780134,-331.0865546039099,-0.6717740747203834
13.5,-0.00437907502276374,-1.4423301105006419,0.0,-2.006320008667282,1.0,-0.0002928370247095777,-0.0002928370247095777,-1.2033447024137292,0.23239066389667679,-0.029045961482947642,-366.773603648824,697.1883841780134,-331.0865546039099,-0.6717740747203834
13.52,-0.005577471178533324,-1.1504871945697719,0.0,-2.006320008667282,1.0,-0.0002928370247095777,-0.0002928370247095777,-1.2033447024137292,0.23239066389667679,-0.029045961482947642,-366.773603648824,697.1883841780134,-331.0865546039099,-0.6717740747203834
13.540000000000001,-0.006051856697081311,-0.8305737301339385,0.0,-2.006320008667282,1.0,-0.0002928370247095777,-0.0002928370247095777,-1.2033447024137292,0.23239066389667679,-0.029045961482947642,-366.773603648824,697.1883841780134,-331.0865546039099,-0.6717740747203834
13.56,-0.005984373614167606,2.1645613671194868,0.0,-2.006320008667282,1.0,-0.0002928370247095777,-0.0002928370247095777,-1.2033447024137292,0.23239066389667679,-0.029045961482947642,-366.773603648824,697.1883841780134,-331.0865546039099,-0.6717740747203834
13.58,-0.006345344468618109,-3.5967240452813027,0.0,-2.006320008667282,1.0,-0.0002928370247095777,-0.0002928370247095777,-1.2033447024137292,0.23239066389667679,-0.029045961482947642,-366.773603648824,697.1883841780134,-331.0865546039099,-0.6717740747203834
13.6,-0.006327039133072128,-1.4396418537227569,0.0,-2.006320008667282,1.0,-0.0002928370247095777,-0.0002928370247095777,-1.2033447024137292,0.23239066389667679,-0.029045961482947642,-366.773603648824,697.1883841780134,-331.0865546039099,-0.6717740747203834
13.620000000000001,-0.004873919511910623,1.2561976080622612,0.0,-2.006320008667282,1.0,-0.0002928370247095777,-0.0002928370247095777,-1.2033447024137292,0.23239066389667679,-0.029045961482947642,-366.773603648824,697.1883841780134,-331.0865546039099,-0.6717740747203834
13.64,-0.003397885934565765,-2.481222886630401,0.0,-2.006320008667282,1.0,-0.0002928370247095777,-0.0002928370247095777,-1.2033447024137292,0.23239066389667679,-0.029045961482947642,-366.773603648824,697.1883841780134,-331.0865546039099,-0.6717740747203834
13.66,-0.001584594145112545,2.3198722970421546,0.0,-2.006320008667282,1.0,-0.0002928370247095777,-0.0002928370247095777,-1.2033447024137292,0.23239066389667679,-0.029045961482947642,-366.773603648824,697.1883841780134,-331.0865546039099,-0.6717740747203834
13.68,0.0002659309682021189,1.4373156457858642,0.0,-2.006320008667282,1.0,-0.0002928370247095777,-0.0002928370247095777,-1.2033447024137292,0.23239066389667679,-0.029045961482947642,-366.773603648824,697.1883841780134,-331.0865546039099,-0.6717740747203834
13.700000000000001,0.0010178932384048206,-1.293374986143611,0.0,-2.006320008667282,1.0,-0.0002928370247095777,-0.0002928370247095777,-1.2033447024137292,0.23239066389667679,-0.029045961482947642,-366.773603648824,697.1883841780134,-331.0865546039099,-0.6717740747203834
13.72,0.0017341372965031208,0.6219017238050171,0.0,-2.006320008667282,1.0,-0.0002928370247095777,-0.0002928370247095777,-1.2033447024137292,0.23239066389667679,-0.029045961482947642,-366.773603648824,697.1883841780134,-331.0865546039099,-0.6717740747203834
13.74,0.0026579732150581094,2.778620577949299,0.0,-2.006320008667282,1.0,-0.0002928370247095777,-0.0002928370247095777,-1.2033447024137292,0.23239066389667679,-0.029045961482947642,-366.773603648824,697.1883841780134,-331.0865546039099,-0.6717740747203834
13.76,0.0026028127906613796,-0.9661885940979862,0.0,-2.006320008667282,1.0,-0.0002928370247095777,-0.0002928370247095777,-1.2033447024137292,0.23239066389667679,-0.029045961482947642,-366.773603648824,697.1883841780134,-331.0865546039099,-0.6717740747203834
13.780000000000001,0.002033357525251633,0.11531922754232804,0.0,-2.006320008667282,1.0,-0.0002928370247095777,-0.0002928370247095777,-1.2033447024137292,0.23239066389667679,-0.029045961482947642,-366.773603648824,697.1883841780134,-331.0865546039099,-0.6717740747203834
13.8,0.001725918407138525,1.7728831688547266,0.0,-2.006320008667282,1.0,-0.0002928370247095777,-0.0002928370247095777,-1.2033447024137292,0.23239066389667679,-0.029045961482947642,-366.773603648824,697.1883841780134,-331.0865546039099,-0.6717740747203834
13.82,0.0008764522617403904,-2.739956392594381,0.0,-2.006320008667282,1.0,-0.0002928370247095777,-0.0002928370247095777,-1.2033447024137292,0.23239066389667679,-0.029045961482947642,-366.773603648824,697.1883841780134,-331.0865546039099,-0.6717740747203834
13.84,0.00031572042164925947,-1.873165891248665,0.0,-2.006320008667282,1.0,-0.0002928370247095777,-0.0002928370247095777,-1.2033447024137292,0.23239066389667679,-0.029045961482947642,-366.773603648824,697.1883841780134,-331.0865546039099,-0.6717740747203834
13.86,0.0011078767608478429,1.8082777158172023,0.0,-2.006320008667282,1.0,-0.0002928370247095777,-0.0002928370247095777,-1.2033447024137292,0.23239066389667679,-0.029045961482947642,-366.773603648824,697.1883841780134,-331.0865546039099,-0.6717740747203834
13.88,0.0019260369255184142,1.5981381088192295,0.0,-2.006320008667282,1.0,-0.0002928370247095777,-0.0002928370247095777,-1.2033447024137292,0.23239066389667679,-0.029045961482947642,-366.773603648824,697.1883841780134,-331.0865546039099,-0.6717740747203834
13.9,0.0017588468955473913,-3.7586608707559006,0.0,-2.006320008667282,1.0,-0.0002928370247095777,-0.0002928370247095777,-1.2033447024137292,0.23239066389667679,-0.029045961482947642,-366.773603648824,697.1883841780134,-331.0865546039099,-0.6717740747203834
13.92,0.002235452879811693,3.6224276334861756,0.0,-2.006320008667282,1.0,-0.0002928370247095777,-0.0002928370247095777,-1.2033447024137292,0.23239066389667679,-0.029045961482947642,-366.773603648824,697.1883841780134,-331.0865546039099,-0.6717740747203834
13.94,0.0027660827017195323,-0.5540274246059793,0.0,-2.006320008667282,1.0,-0.0002928370247095777,-0.0002928370247095777,-1.2033447024137292,0.23239066389667679,-0.029045961482947642,-366.773603648824,697.1883841780134,-331.0865546039099,-0.6717740747203834
13.96,0.002415656954367381,-0.4954534952831047,0.0,-2.006320008667282,1.0,-0.0002928370247095777,-0.0002928370247095777,-1.2033447024137292,0.23239066389667679,-0.029045961482947642,-366.773603648824,697.1883841780134,-331.0865546039099,-0.6717740747203834
13.98,0.0023878239626217595,-0.9120155481499304,0.0,-2.006320008667282,1.0,-0.0002928370247095777,-0.0002928370247095777,-1.2033447024137292,0.23239066389667679,-0.029045961482947642,-366.773603648824,697.1883841780134,-331.0865546039099,-0.6717740747203834
14.0,0.0027872396495821285,1.1388722730475584,0.0,-2.006320008667282,1.0,-0.0002928370247095777,-0.0002928370247095777,-1.2033447024137292,0.23239066389667679,-0.029045961482947642,-366.773603648824,697.1883841780134,-331.0865546039099,-0.6717740747203834
14.02,0.003137839201765549,2.553101938660201,0.0,-2.006320008667282,1.0,-0.0002928370247095777,-0.0002928370247095777,-1.2033447024137292,0.23239066389667679,-0.029045961482947642,-366.773603648824,697.1883841780134,-331.0865546039099,-0.6717740747203834
14.040000000000001,0.002427128836115691,-0.294180570328336,0.0,-2.006320008667282,1.0,-0.0002928370247095777,-0.0002928370247095777,-1.2033447024137292,0.23239066389667679,-0.029045961482947642,-366.773603648824,697.1883841780134,-331.0865546039099,-0.6717740747203834
14.06,0.0010702650242896902,0.06988729586765663,0.0,-2.006320008667282,1.0,-0.0002928370247095777,-0.0002928370247095777,-1.2033447024137292,0.23239066389667679,-0.029045961482947642,-366.773603648824,697.1883841780134,-331.0865546039099,-0.6717740747203834
14.08,-0.00021415358196450688,-2.4183749279359663,0.0,-2.006320008667282,1.0,-0.0002928370247095777,-0.0002928370247095777,-1.2033447024137292,0.23239066389667679,-0.029045961482947642,-366.773603648824,697.1883841780134,-331.0865546039099,-0.6717740747203834
14.1,-0.0008122016205024162,2.811292713501262,0.0,-2.006320008667282,1.0,-0.0002928370247095777,-0.0002928370247095777,-1.2033447024137292,0.23239066389667679,-0.029045961482947642,-366.773603648824,697.1883841780134,-331.0865546039099,-0.6717740747203834
14.120000000000001,-0.0015304434707870188,0.06053243128720931,0.0,-2.006320008667282,1.0,-0.0002928370247095777,-0.0002928370247095777,-1.2033447024137292,0.23239066389667679,-0.029045961482947642,-366.773603648824,697.1883841780134,-331.0865546039099,-0.6717740747203834
14.14,-0.00309933352924244,-2.836619348392982,0.0,-2.006320008667282,1.0,-0.0002928370247095777,-0.0002928370247095777,-1.2033447024137292,0.23239066389667679,-0.029045961482947642,-366.773603648824,697.1883841780134,-331.0865546039099,-0.6717740747203834
14.16,-0.0038748756851304522,-5.755070378563008,0.0,-2.006320008667282,1.0,-0.0002928370247095777,-0.0002928370247095777,-1.2033447024137292,0.23239066389667679,-0.029045961482947642,-366.773603648824,697.1883841780134,-331.0865546039099,-0.6717740747203834
14.18,-0.0021589611085017215,3.865773806632763,0.0,-2.006320008667282,1.0,-0.0002928370247095777,-0.0002928370247095777,-1.2033447024137292,0.23239066389667679,-0.029045961482947642,-366.773603648824,697.1883841780134,-331.0865546039099,-0.6717740747203834
14.200000000000001,9.655796074964533e-05,6.655417086281958,0.0,-2.006320008667282,1.0,-0.0002928370247095777,-0.0002928370247095777,-1.2033447024137292,0.23239066389667679,-0.029045961482947642,-366.773603648824,697.1883841780134,-331.0865546039099,-0.6717740747203834
14.22,-0.0007283064936449494,-3.717533802441455,0.0,-2.006320008667282,1.0,-0.0002928370247095777,-0.0002928370247095777,-1.2033447024137292,0.23239066389667679,-0.029045961482947642,-366.773603648824,697.1883841780134,-331.0865546039099,-0.6717740747203834
14.24,-0.0024180959299508115,-3.371987394004113,0.0,-2.006320008667282,1.0,-0.0002928370247095777,-0.0002928370247095777,-1.2033447024137292,0.23239066389667679,-0.029045961482947642,-366.773603648824,697.1883841780134,-331.0865546039099,-0.6717740747203834
14.26,-0.002047099396773961,4.294549638980659,0.0,-2.006320008667282,1.0,-0.0002928370247095777,-0.0002928370247095777,-1.2033447024137292,0.23239066389667679,-0.029045961482947642,-366.773603648824,697.1883841780134,-331.0865546039099,-0.6717740747203834
14.280000000000001,-0.0019592015531059623,-3.0207134555768427,0.0,-2.006320008667282,1.0,-0.0002928370247095777,-0.0002928370247095777,-1.2033447024137292,0.23239066389667679,-0.029045961482947642,-366.773603648824,697.1883841780134,-331.0865546039099,-0.6717740747203834
14.3,-0.0022567123725790146,1.0104258706307503,0.0,-2.006320008667282,1.0,-0.0002928370247095777,-0.0002928370247095777,-1.2033447024137292,0.23239066389667679,-0.029045961482947642,-366.773603648824,697.1883841780134,-331.0865546039099,-0.6717740747203834
14.32,-0.001979800902760492,0.9012672572097697,0.0,-2.006320008667282,1.0,-0.0002928370247095777,-0.0002928370247095777,-1.2033447024137292,0.23239066389667679,-0.029045961482947642,-366.773603648824,697.1883841780134,-331.0865546039099,-0.6717740747203834
14.34,-0.0022752149780347394,-3.991754106500741,0.0,-2.006320008667282,1.0,-0.0002928370247095777,-0.0002928370247095777,-1.2033447024137292,0.23239066389667679,-0.029045961482947642,-366.773603648824,697.1883841780134,-331.0865546039099,-0.6717740747203834
14.36,-0.0016800021680051832,1.967820884158514,0.0,-2.006320008667282,1.0,-0.0002928370247095777,-0.0002928370247095777,-1.2033447024137292,0.23239066389667679,-0.029045961482947642,-366.773603648824,697.1883841780134,-331.0865546039099,-0.6717740747203834
14.38,-0.0005027266317158551,2.8632024166796968,0.0,-2.006320008667282,1.0,-0.0002928370247095777,-0.0002928370247095777,-1.2033447024137292,0.23239066389667679,-0.029045961482947642,-366.773603648824,697.1883841780134,-331.0865546039099,-0.6717740747203834
14.4,-0.0007433304432442745,-2.1605404972132933,0.0,-2.006320008667282,1.0,-0.0002928370247095777,-0.0002928370247095777,-1.2033447024137292,0.23239066389667679,-0.029045961482947642,-366.773603648824,697.1883841780134,-331.0865546039099,-0.6717740747203834
14.42,-0.0011943977240183776,1.0260171586870461,0.0,-2.006320008667282,1.0,-0.0002928370247095777,-0.0002928370247095777,-1.2033447024137292,0.23239066389667679,-0.029045961482947642,-366.773603648824,697.1883841780134,-331.0865546039099,-0.6717740747203834
14.44,-0.0013207834208398108,-0.9417960734582063,0.0,-2.006320008667282,1.0,-0.0002928370247095777,-0.0002928370247095777,-1.2033447024137292,0.23239066389667679,-0.029045961482947642,-366.773603648824,697.1883841780134,-331.0865546039099,-0.6717740747203834
14.46,-0.0014801795672873446,1.5958612989172007,0.0,-2.006320008667282,1.0,-0.0002928370247095777,-0.0002928370247095777,-1.2033447024137292,0.23239066389667679,-0.029045961482947642,-366.773603648824,697.1883841780134,-331.0865546039099,-0.6717740747203834
14.48,-0.0018404646983000844,1.860400576440417,0.0,-2.006320008667282,1.0,-0.0002928370247095777,-0.0002928370247095777,-1.2033447024137292,0.23239066389667679,-0.029045961482947642,-366.773603648824,697.1883841780134,-331.0865546039099,-0.6717740747203834
14.5,-0.003224500592336545,-5.317810764804105,0.0,-2.006320008667282,1.0,-0.0002928370247095777,-0.0002928370247095777,-1.2033447024137292,0.23239066389667679,-0.029045961482947642,-366.773603648824,697.1883841780134,-331.0865546039099,-0.6717740747203834
14.52,-0.0036164665629296864,-0.10066846987953237,0.0,-2.006320008667282,1.0,-0.0002928370247095777,-0.0002928370247095777,-1.2033447024137292,0.23239066389667679,-0.029045961482947642,-366.773603648824,697.1883841780134,-331.0865546039099,-0.6717740747203834
14.540000000000001,-0.00244456969186043,1.6302471674839016,0.0,-2.006320008667282,1.0,-0.0002928370247095777,-0.0002928370247095777,-1.2033447024137292,0.23239066389667679,-0.029045961482947642,-366.773603648824,697.1883841780134,-331.0865546039099,-0.6717740747203834
14.56,-0.0017360384617607725,-1.3096262876509743,0.0,-2.006320008667282,1.0,-0.0002928370247095777,-0.0002928370247095777,-1.2033447024137292,0.23239066389667679,-0.029045961482947642,-366.773603648824,697.1883841780134,-331.0865546039099,-0.6717740747203834
14.58,-0.0011323681862537437,-0.6318325919230436,0.0,-2.006320008667282,1.0,-0.0002928370247095777,-0.0002928370247095777,-1.2033447024137292,0.23239066389667679,-0.029045961482947642,-366.773603648824,697.1883841780134,-331.0865546039099,-0.6717740747203834
14.6,3.267610721461125e-05,1.018634329035451,0.0,-2.006320008667282,1.0,-0.0002928370247095777,-0.0002928370247095777,-1.2033447024137292,0.23239066389667679,-0.029045961482947642,-366.773603648824,697.1883841780134,-331.0865546039099,-0.6717740747203834
14.620000000000001,0.0010846570538684235,0.6791459575837524,0.0,-2.006320008667282,1.0,-0.0002928370247095777,-0.0002928370247095777,-1.2033447024137292,0.23239066389667679,-0.029045961482947642,-366.773603648824,697.1883841780134,-331.0865546039099,-0.6717740747203834
14.64,0.001646320382754279,-0.4131761333827424,0.0,-2.006320008667282,1.0,-0.0002928370247095777,-0.0002928370247095777,-1.2033447024137292,0.23239066389667679,-0.029045961482947642,-366.773603648824,697.1883841780134,-331.0865546039099,-0.6717740747203834
14.66,0.0021405026639770485,1.811955637222029,0.0,-2.006320008667282,1.0,-0.0002928370247095777,-0.0002928370247095777,-1.2033447024137292,0.23239066389667679,-0.029045961482947642,-366.773603648824,697.1883841780134,-331.0865546039099,-0.6717740747203834
14.68,0.0022385997403681253,1.4202884632119621,0.0,-2.006320008667282,1.0,-0.0002928370247095777,-0.0002928370247095777,-1.2033447024137292,0.23239066389667679,-0.029045961482947642,-366.773603648824,697.1883841780134,-331.0865546039099,-0.6717740747203834
14.700000000000001,0.0014043265739113685,0.0355625846471086,0.0,-2.006320008667282,1.0,-0.0002928370247095777,-0.0002928370247095777,-1.2033447024137292,0.23239066389667679,-0.029045961482947642,-366.773603648824,697.1883841780134,-331.0865546039099,-0.6717740747203834
14.72,0.00015260230999551488,-0.4336369055573479,0.0,-2.006320008667282,1.0,-0.0002928370247095777,-0.0002928370247095777,-1.2033447024137292,0.23239066389667679,-0.029045961482947642,-366.773603648824,697.1883841780134,-331.0865546039099,-0.6717740747203834
14.74,-0.0009815866326330833,0.5621664639779325,0.0,-2.006320008667282,1.0,-0.0002928370247095777,-0.0002928370247095777,-1.2033447024137292,0.23239066389667679,-0.029045961482947642,-366.773603648824,697.1883841780134,-331.0865546039099,-0.6717740747203834
14.76,-0.0021596171944268257,-4.817888515208106,0.0,-2.006320008667282,1.0,-0.0002928370247095777,-0.0002928370247095777,-1.2033447024137292,0.23239066389667679,-0.029045961482947642,-366.773603648824,697.1883841780134,-331.0865546039099,-0.6717740747203834
14.780000000000001,-0.002105067679008615,0.9927168454322244,0.0,-2.006320008667282,1.0,-0.0002928370247095777,-0.0002928370247095777,-1.2033447024137292,0.23239066389667679,-0.029045961482947642,-366.773603648824,697.1883841780134,-331.0865546039099,-0.6717740747203834
14.8,-0.0009436741773599629,1.227478092426551,0.0,-2.006320008667282,1.0,-0.0002928370247095777,-0.0002928370247095777,-1.2033447024137292,0.23239066389667679,-0.029045961482947642,-366.773603648824,697.1883841780134,-331.0865546039099,-0.6717740747203834
14.82,-0.0004383995206573776,1.0188479732605857,0.0,-2.006320008667282,1.0,-0.0002928370247095777,-0.0002928370247095777,-1.2033447024137292,0.23239066389667679,-0.029045961482947642,-366.773603648824,697.1883841780134,-331.0865546039099,-0.6717740747203834
14.84,-0.0005937028909943742,-3.738570679672804,0.0,-2.006320008667282,1.0,-0.0002928370247095777,-0.0002928370247095777,-1.2033447024137292,0.23239066389667679,-0.029045961482947642,-366.773603648824,697.1883841780134,-331.0865546039099,-0.6717740747203834
14.86,4.367688510942898e-05,5.53792834943019,0.0,-2.006320008667282,1.0,-0.0002928370247095777,-0.0002928370247095777,-1.2033447024137292,0.23239066389667679,-0.029045961482947642,-366.773603648824,697.1883841780134,-331.0865546039099,-0.6717740747203834
14.88,0.00015441417786540536,-3.472654133951406,0.0,-2.006320008667282,1.0,-0.0002928370247095777,-0.0002928370247095777,-1.2033447024137292,0.23239066389667679,-0.029045961482947642,-366.773603648824,697.1883841780134,-331.0865546039099,-0.6717740747203834
14.9,-0.0003386612700475711,0.9105232141448916,0.0,-2.006320008667282,1.0,-0.0002928370247095777,-0.0002928370247095777,-1.2033447024137292,0.23239066389667679,-0.029045961482947642,-366.773603648824,697.1883841780134,-331.0865546039099,-0.6717740747203834
14.92,-8.359034150670392e-05,1.277378948272224,0.0,-2.006320008667282,1.0,-0.0002928370247095777,-0.0002928370247095777,-1.2033447024137292,0.23239066389667679,-0.029045961482947642,-366.773603648824,697.1883841780134,-331.0865546039099,-0.6717740747203834
14.94,-0.00046974645651661086,0.8585761439193488,0.0,-2.006320008667282,1.0,-0.0002928370247095777,-0.0002928370247095777,-1.2033447024137292,0.23239066389667679,-0.029045961482947642,-366.773603648824,697.1883841780134,-331.0865546039099,-0.6717740747203834
14.96,-0.001484357962668122,-3.3087430777222036,0.0,-2.006320008667282,1.0,-0.0002928370247095777,-0.0002928370247095777,-1.2033447024137292,0.23239066389667679,-0.029045961482947642,-366.773603648824,697.1883841780134,-331.0865546039099,-0.6717740747203834
14.98,-0.0017908524450204787,-0.7230492796262391,0.0,-2.006320008667282,1.0,-0.0002928370247095777,-0.0002928370247095777,-1.2033447024137292,0.23239066389667679,-0.029045961482947642,-366.773603648824,697.1883841780134,-331.0865546039099,-0.6717740747203834
15.0,-0.0009280091893199514,1.7736406254827892,0.0,-2.006320008667282,1.0,-0.0002928370247095777,-0.0002928370247095777,-1.2033447024137292,0.23239066389667679,-0.029045961482947642,-366.773603648824,697.1883841780134,-331.0865546039099,-0.6717740747203834
15.02,-0.0003786830220635821,1.0078160881078524,0.0,-2.006320008667282,1.0,-0.0002928370247095777,-0.0002928370247095777,-1.2033447024137292,0.23239066389667679,-0.029045961482947642,-366.773603648824,697.1883841780134,-331.0865546039099,-0.6717740747203834
15.040000000000001,-0.0006462635317756679,0.7388026762745596,0.0,-2.006320008667282,1.0,-0.0002928370247095777,-0.0002928370247095777,-1.2033447024137292,0.23239066389667679,-0.029045961482947642,-366.773603648824,697.1883841780134,-331.0865546039099,-0.6717740747203834
15.06,-0.0014294029094371154,-1.8024870025830488,0.0,-2.006320008667282,1.0,-0.0002928370247095777,-0.0002928370247095777,-1.2033447024137292,0.23239066389667679,-0.029045961482947642,-366.773603648824,697.1883841780134,-331.0865546039099,-0.6717740747203834
15.08,-0.0019100905835921186,-1.797143757661032,0.0,-2.006320008667282,1.0,-0.0002928370247095777,-0.0002928370247095777,-1.2033447024137292,0.23239066389667679,-0.029045961482947642,-366.773603648824,697.1883841780134,-331.0865546039099,-0.6717740747203834
15.1,-0.0013487468766974736,-1.4798413773475527,0.0,-2.006320008667282,1.0,-0.0002928370247095777,-0.0002928370247095777,-1.2033447024137292,0.23239066389667679,-0.029045961482947642,-366.773603648824,697.1883841780134,-331.0865546039099,-0.6717740747203834
15.120000000000001,0.00016369437768378345,5.659271641549608,0.0,-2.006320008667282,1.0,-0.0002928370247095777,-0.0002928370247095777,-1.2033447024137292,0.23239066389667679,-0.029045961482947642,-366.773603648824,697.1883841780134,-331.0865546039099,-0.6717740747203834
15.14,0.0004532784848237239,-4.108732046884911,0.0,-2.006320008667282,1.0,-0.0002928370247095777,-0.0002928370247095777,-1.2033447024137292,0.23239066389667679,-0.029045961482947642,-366.773603648824,697.1883841780134,-331.0865546039099,-0.6717740747203834
15.16,0.00029167225049172945,2.5073191496284277,0.0,-2.006320008667282,1.0,-0.0002928370247095777,-0.0002928370247095777,-1.2033447024137292,0.23239066389667679,-0.029045961482947642,-366.773603648824,697.1883841780134,-331.0865546039099,-0.6717740747203834
15.18,0.0006008624524669268,0.09918629710485227,0.0,-2.006320008667282,1.0,-0.0002928370247095777,-0.0002928370247095777,-1.2033447024137292,0.23239066389667679,-0.029045961482947642,-366.773603648824,697.1883841780134,-331.0865546039099,-0.6717740747203834
15.200000000000001,0.0001505689819277418,0.7365127069554995,0.0,-2.006320008667282,1.0,-0.0002928370247095777,-0.0002928370247095777,-1.2033447024137292,0.23239066389667679,-0.029045961482947642,-366.773603648824,697.1883841780134,-331.0865546039099,-0.6717740747203834
15.22,-0.0005434965014482563,0.38381649322710476,0.0,-2.006320008667282,1.0,-0.0002928370247095777,-0.0002928370247095777,-1.2033447024137292,0.23239066389667679,-0.029045961482947642,-366.773603648824,697.1883841780134,-331.0865546039099,-0.6717740747203834
15.24,-0.0015690706501818353,0.5584017623812794,0.0,-2.006320008667282,1.0,-0.0002928370247095777,-0.0002928370247095777,-1.2033447024137292,0.23239066389667679,-0.029045961482947642,-366.773603648824,697.1883841780134,-331.0865546039099,-0.6717740747203834
15.26,-0.0028804770821089275,-2.772263503092913,0.0,-2.006320008667282,1.0,-0.0002928370247095777,-0.0002928370247095777,-1.2033447024137292,0.23239066389667679,-0.029045961482947642,-366.773603648824,697.1883841780134,-331.0865546039099,-0.6717740747203834
15.280000000000001,-0.0035617914737494545,-0.10491456972898172,0.0,-2.006320008667282,1.0,-0.0002928370247095777,-0.0002928370247095777,-1.2033447024137292,0.23239066389667679,-0.029045961482947642,-366.773603648824,697.1883841780134,-331.0865546039099,-0.6717740747203834
15.3,-0.0034230778875335758,-4.257510261273055,0.0,-2.006320008667282,1.0,-0.0002928370247095777,-0.0002928370247095777,-1.2033447024137292,0.23239066389667679,-0.029045961482947642,-366.773603648824,697.1883841780134,-331.0865546039099,-0.6717740747203834
15.32,-0.0020285259015216054,2.8382105194396656,0.0,-2.006320008667282,1.0,-0.0002928370247095777,-0.0002928370247095777,-1.2033447024137292,0.23239066389667679,-0.029045961482947642,-366.773603648824,697.1883841780134,-331.0865546039099,-0.6717740747203834
15.34,-0.00023117456140197808,-0.46124443729690423,0.0,-2.006320008667282,1.0,-0.0002928370247095777,-0.0002928370247095777,-1.2033447024137292,0.23239066389667679,-0.029045961482947642,-366.773603648824,697.1883841780134,-331.0865546039099,-0.6717740747203834
15.36,0.0008686524682740575,1.4279228641063606,0.0,-2.006320008667282,1.0,-0.0002928370247095777,-0.0002928370247095777,-1.2033447024137292,0.23239066389667679,-0.029045961482947642,-366.773603648824,697.1883841780134,-331.0865546039099,-0.6717740747203834
15.38,0.0016908904163046587,3.1490970936286744,0.0,-2.006320008667282,1.0,-0.0002928370247095777,-0.0002928370247095777,-1.2033447024137292,0.23239066389667679,-0.029045961482947642,-366.773603648824,697.1883841780134,-331.0865546039099,-0.6717740747203834
15.4,0.0011834958873008423,-1.3862464151273408,0.0,-2.006320008667282,1.0,-0.0002928370247095777,-0.0002928370247095777,-1.2033447024137292,0.23239066389667679,-0.029045961482947642,-366.773603648824,697.1883841780134,-331.0865546039099,-0.6717740747203834
15.42,0.00016735409295406348,1.1152071498043745,0.0,-2.006320008667282,1.0,-0.0002928370247095777,-0.0002928370247095777,-1.2033447024137292,0.23239066389667679,-0.029045961482947642,-366.773603648824,697.1883841780134,-331.0865546039099,-0.6717740747203834
15.44,-0.0007683597648105235,-2.2462562250437177,0.0,-2.006320008667282,1.0,-0.0002928370247095777,-0.0002928370247095777,-1.2033447024137292,0.23239066389667679,-0.029045961482947642,-366.773603648824,697.1883841780134,-331.0865546039099,-0.6717740747203834
15.46,-0.0013777169585964615,0.323754302102059,0.0,-2.006320008667282,1.0,-0.0002928370247095777,-0.0002928370247095777,-1.2033447024137292,0.23239066389667679,-0.029045961482947642,-366.773603648824,697.1883841780134,-331.0865546039099,-0.6717740747203834
15.48,-0.0014328021182796232,-1.360975220802912,0.0,-2.006320008667282,1.0,-0.0002928370247095777,-0.0002928370247095777,-1.2033447024137292,0.23239066389667679,-0.029045961482947642,-366.773603648824,697.1883841780134,-331.0865546039099,-0.6717740747203834
15.5,-0.001193206247932827,-4.238258573609974,0.0,-2.006320008667282,1.0,-0.0002928370247095777,-0.0002928370247095777,-1.2033447024137292,0.23239066389667679,-0.029045961482947642,-366.773603648824,697.1883841780134,-331.0865546039099,-0.6717740747203834
15.52,0.0006785106121282123,2.71361504634982,0.0,-2.006320008667282,1.0,-0.0002928370247095777,-0.0002928370247095777,-1.2033447024137292,0.23239066389667679,-0.029045961482947642,-366.773603648824,697.1883841780134,-331.0865546039099,-0.6717740747203834
15.540000000000001,0.0030009884470766066,2.2283044335836886,0.0,-2.006320008667282,1.0,-0.0002928370247095777,-0.0002928370247095777,-1.2033447024137292,0.23239066389667679,-0.029045961482947642,-366.773603648824,697.1883841780134,-331.0865546039099,-0.6717740747203834
15.56,0.003895262026606908,1.525120551147252,0.0,-2.006320008667282,1.0,-0.0002928370247095777,-0.0002928370247095777,-1.2033447024137292,0.23239066389667679,-0.029045961482947642,-366.773603648824,697.1883841780134,-331.0865546039099,-0.6717740747203834
15.58,0.0037150207902452714,0.051382774714808566,0.0,-2.006320008667282,1.0,-0.0002928370247095777,-0.0002928370247095777,-1.2033447024137292,0.23239066389667679,-0.029045961482947642,-366.773603648824,697.1883841780134,-331.0865546039099,-0.6717740747203834
15.6,0.003096603731373872,-0.37257115601440344,0.0,-2.006320008667282,1.0,-0.0002928370247095777,-0.0002928370247095777,-1.2033447024137292,0.23239066389667679,-0.029045961482947642,-366.773603648824,697.1883841780134,-331.0865546039099,-0.6717740747203834
15.620000000000001,0.0025918125269822827,1.789692345348163,0.0,-2.006320008667282,1.0,-0.0002928370247095777,-0.0002928370247095777,-1.2033447024137292,0.23239066389667679,-0.029045961482947642,-366.773603648824,697.1883841780134,-331.0865546039099,-0.6717740747203834
15.64,0.0016884171822668648,-0.2887782427521346,0.0,-2.006320008667282,1.0,-0.0002928370247095777,-0.0002928370247095777,-1.2033447024137292,0.23239066389667679,-0.029045961482947642,-366.773603648824,697.1883841780134,-331.0865546039099,-0.6717740747203834
15.66,0.0003561704849727055,-2.302583643114776,0.0,-2.006320008667282,1.0,-0.0002928370247095777,-0.0002928370247095777,-1.2033447024137292,0.23239066389667679,-0.029045961482947642,-366.773603648824,697.1883841780134,-331.0865546039099,-0.6717740747203834
15.68,-0.00021497859634427323,1.601582538386754,0.0,-2.006320008667282,1.0,-0.0002928370247095777,-0.0002928370247095777,-1.2033447024137292,0.23239066389667679,-0.029045961482947642,-366.773603648824,697.1883841780134,-331.0865546039099,-0.6717740747203834
15.700000000000001,-0.0005822072762658949,-4.832675364924439,0.0,-2.006320008667282,1.0,-0.0002928370247095777,-0.0002928370247095777,-1.2033447024137292,0.23239066389667679,-0.029045961482947642,-366.773603648824,697.1883841780134,-331.0865546039099,-0.6717740747203834
15.72,-6.932167229627899e-06,1.9269983906428747,0.0,-2.006320008667282,1.0,-0.0002928370247095777,-0.0002928370247095777,-1.2033447024137292,0.23239066389667679,-0.029045961482947642,-366.773603648824,697.1883841780134,-331.0865546039099,-0.6717740747203834
15.74,0.0014191888401390556,1.2480801942033426,0.0,-2.006320008667282,1.0,-0.0002928370247095777,-0.0002928370247095777,-1.2033447024137292,0.23239066389667679,-0.029045961482947642,-366.773603648824,697.1883841780134,-331.0865546039099,-0.6717740747203834
15.76,0.0019244994422763016,3.0639345988854654,0.0,-2.006320008667282,1.0,-0.0002928370247095777,-0.0002928370247095777,-1.2033447024137292,0.23239066389667679,-0.029045961482947642,-366.773603648824,697.1883841780134,-331.0865546039099,-0.6717740747203834
15.780000000000001,0.0011792576952872344,-2.75690388862909,0.0,-2.006320008667282,1.0,-0.0002928370247095777,-0.0002928370247095777,-1.2033447024137292,0.23239066389667679,-0.029045961482947642,-366.773603648824,697.1883841780134,-331.0865546039099,-0.6717740747203834
15.8,0.0003515598153193645,-2.7217117846930705,0.0,-2.006320008667282,1.0,-0.0002928370247095777,-0.0002928370247095777,-1.2033447024137292,0.23239066389667679,-0.029045961482947642,-366.773603648824,697.1883841780134,-331.0865546039099,-0.6717740747203834
15.82,0.001130425030919818,2.58288769858147,0.0,-2.006320008667282,1.0,-0.0002928370247095777,-0.0002928370247095777,-1.2033447024137292,0.23239066389667679,-0.029045961482947642,-366.773603648824,697.1883841780134,-331.0865546039099,-0.6717740747203834
15.84,0.001957088017043198,3.758356523039988,0.0,-2.006320008667282,1.0,-0.0002928370247095777,-0.0002928370247095777,-1.2033447024137292,0.23239066389667679,-0.029045961482947642,-366.773603648824,697.1883841780134,-331.0865546039099,-0.6717740747203834
15.860000000000001,0.0009391721609298079,-2.795937653820187,0.0,-2.006320008667282,1.0,-0.0002928370247095777,-0.0002928370247095777,-1.2033447024137292,0.23239066389667679,-0.029045961482947642,-366.773603648824,697.1883841780134,-331.0865546039099,-0.6717740747203834
15.88,-0.0003546388506711661,-0.9486771903360758,0.0,-2.006320008667282,1.0,-0.0002928370247095777,-0.0002928370247095777,-1.2033447024137292,0.23239066389667679,-0.029045961482947642,-366.773603648824,697.1883841780134,-331.0865546039099,-0.6717740747203834
15.9,-0.0005541294013784984,-0.40518284529367193,0.0,-2.006320008667282,1.0,-0.0002928370247095777,-0.0002928370247095777,-1.2033447024137292,0.23239066389667679,-0.029045961482947642,-366.773603648824,697.1883841780134,-331.0865546039099,-0.6717740747203834
15.92,-0.00036066177576178095,0.434649964534195,0.0,-2.006320008667282,1.0,-0.0002928370247095777,-0.0002928370247095777,-1.2033447024137292,0.23239066389667679,-0.029045961482947642,-366.773603648824,697.1883841780134,-331.0865546039099,-0.6717740747203834
15.94,-0.00017810261089399565,2.4617383885876922,0.0,-2.006320008667282,1.0,-0.0002928370247095777,-0.0002928370247095777,-1.2033447024137292,0.23239066389667679,-0.029045961482947642,-366.773603648824,697.1883841780134,-331.0865546039099,-0.6717740747203834
15.96,-0.0008448387533848587,1.6891712907066656,0.0,-2.006320008667282,1.0,-0.0002928370247095777,-0.0002928370247095777,-1.2033447024137292,0.23239066389667679,-0.029045961482947642,-366.773603648824,697.1883841780134,-331.0865546039099,-0.6717740747203834
15.98,-0.00273245342515386,-2.8228660476162046,0.0,-2.006320008667282,1.0,-0.0002928370247095777,-0.0002928370247095777,-1.2033447024137292,0.23239066389667679,-0.029045961482947642,-366.773603648824,697.1883841780134,-331.0865546039099,-0.6717740747203834
16.0,-0.004305352920437247,-2.254643983192305,0.0,-2.006320008667282,1.0,-0.0002928370247095777,-0.0002928370247095777,-1.2033447024137292,0.23239066389667679,-0.029045961482947642,-366.773603648824,697.1883841780134,-331.0865546039099,-0.6717740747203834
16.02,-0.004418593791111737,3.0109075305947863,0.0,-2.006320008667282,1.0,-0.0002928370247095777,-0.0002928370247095777,-1.2033447024137292,0.23239066389667679,-0.029045961482947642,-366.773603648824,697.1883841780134,-331.0865546039099,-0.6717740747203834
16.04,-0.004781219887709282,-2.484984294688993,0.0,-2.006320008667282,1.0,-0.0002928370247095777,-0.0002928370247095777,-1.2033447024137292,0.23239066389667679,-0.029045961482947642,-366.773603648824,697.1883841780134,-331.0865546039099,-0.6717740747203834
16.06,-0.005328073198036971,-0.9955859504056921,0.0,-2.006320008667282,1.0,-0.0002928370247095777,-0.0002928370247095777,-1.2033447024137292,0.23239066389667679,-0.029045961482947642,-366.773603648824,697.1883841780134,-331.0865546039099,-0.6717740747203834
16.080000000000002,-0.0048893759996296495,-0.9165815540230737,0.0,-2.006320008667282,1.0,-0.0002928370247095777,-0.0002928370247095777,-1.2033447024137292,0.23239066389667679,-0.029045961482947642,-366.773603648824,697.1883841780134,-331.0865546039099,-0.6717740747203834
16.1,-0.003921633488970682,0.04049706449135182,0.0,-2.006320008667282,1.0,-0.0002928370247095777,-0.0002928370247095777,-1.2033447024137292,0.23239066389667679,-0.029045961482947642,-366.773603648824,697.1883841780134,-331.0865546039099,-0.6717740747203834
16.12,-0.002722128062093458,1.2989158569808419,0.0,-2.006320008667282,1.0,-0.0002928370247095777,-0.0002928370247095777,-1.2033447024137292,0.23239066389667679,-0.029045961482947642,-366.773603648824,697.1883841780134,-331.0865546039099,-0.6717740747203834
16.14,-0.0019320546092410783,-0.4711531267879574,0.0,-2.006320008667282,1.0,-0.0002928370247095777,-0.0002928370247095777,-1.2033447024137292,0.23239066389667679,-0.029045961482947642,-366.773603648824,697.1883841780134,-331.0865546039099,-0.6717740747203834
16.16,-0.0013965905102507868,1.2335560461427815,0.0,-2.006320008667282,1.0,-0.0002928370247095777,-0.0002928370247095777,-1.2033447024137292,0.23239066389667679,-0.029045961482947642,-366.773603648824,697.1883841780134,-331.0865546039099,-0.6717740747203834
16.18,-0.001093212540609972,-0.2001487325758451,0.0,-2.006320008667282,1.0,-0.0002928370247095777,-0.0002928370247095777,-1.2033447024137292,0.23239066389667679,-0.029045961482947642,-366.773603648824,697.1883841780134,-331.0865546039099,-0.6717740747203834
16.2,-0.001099363366549793,0.7465309707826414,0.0,-2.006320008667282,1.0,-0.0002928370247095777,-0.0002928370247095777,-1.2033447024137292,0.23239066389667679,-0.029045961482947642,-366.773603648824,697.1883841780134,-331.0865546039099,-0.6717740747203834
16.22,-0.001272463014429788,-1.5664776202761188,0.0,-2.006320008667282,1.0,-0.0002928370247095777,-0.0002928370247095777,-1.2033447024137292,0.23239066389667679,-0.029045961482947642,-366.773603648824,697.1883841780134,-331.0865546039099,-0.6717740747203834
16.240000000000002,-0.0012134941739522888,-0.10289047838596654,0.0,-2.006320008667282,1.0,-0.0002928370247095777,-0.0002928370247095777,-1.2033447024137292,0.23239066389667679,-0.029045961482947642,-366.773603648824,697.1883841780134,-331.0865546039099,-0.6717740747203834
16.26,-0.0006733422965582574,0.9519916057004034,0.0,-2.006320008667282,1.0,-0.0002928370247095777,-0.0002928370247095777,-1.2033447024137292,0.23239066389667679,-0.029045961482947642,-366.773603648824,697.1883841780134,-331.0865546039099,-0.6717740747203834
16.28,-0.0003860941562693528,-0.0048668077270981325,0.0,-2.006320008667282,1.0,-0.0002928370247095777,-0.0002928370247095777,-1.2033447024137292,0.23239066389667679,-0.029045961482947642,-366.773603648824,697.1883841780134,-331.0865546039099,-0.6717740747203834
16.3,-0.0003786393041587722,0.025769714062427118,0.0,-2.006320008667282,1.0,-0.0002928370247095777,-0.0002928370247095777,-1.2033447024137292,0.23239066389667679,-0.029045961482947642,-366.773603648824,697.1883841780134,-331.0865546039099,-0.6717740747203834
16.32,-0.0003796986002472933,1.966672069215669,0.0,-2.006320008667282,1.0,-0.0002928370247095777,-0.0002928370247095777,-1.2033447024137292,0.23239066389667679,-0.029045961482947642,-366.773603648824,697.1883841780134,-331.0865546039099,-0.6717740747203834
16.34,-0.0009666182329793173,-3.7336402509641466,0.0,-2.006320008667282,1.0,-0.0002928370247095777,-0.0002928370247095777,-1.2033447024137292,0.23239066389667679,-0.029045961482947642,-366.773603648824,697.1883841780134,-331.0865546039099,-0.6717740747203834
16.36,-0.001042213863743919,-2.669566518644916,0.0,-2.006320008667282,1.0,-0.0002928370247095777,-0.0002928370247095777,-1.2033447024137292,0.23239066389667679,-0.029045961482947642,-366.773603648824,697.1883841780134,-331.0865546039099,-0.6717740747203834
16.38,0.0007506986620624436,4.716911313973556,0.0,-2.006320008667282,1.0,-0.0002928370247095777,-0.0002928370247095777,-1.2033447024137292,0.23239066389667679,-0.029045961482947642,-366.773603648824,697.1883841780134,-331.0865546039099,-0.6717740747203834
16.4,0.0019488185693337615,-0.14996022744257242,0.0,-2.006320008667282,1.0,-0.0002928370247095777,-0.0002928370247095777,-1.2033447024137292,0.23239066389667679,-0.029045961482947642,-366.773603648824,697.1883841780134,-331.0865546039099,-0.6717740747203834
16.42,0.0018218850744265724,2.721468428432026,0.0,-2.006320008667282,1.0,-0.0002928370247095777,-0.0002928370247095777,-1.2033447024137292,0.23239066389667679,-0.029045961482947642,-366.773603648824,697.1883841780134,-331.0865546039099,-0.6717740747203834
16.44,0.0009534342523516188,-2.089199131995548,0.0,-2.006320008667282,1.0,-0.0002928370247095777,-0.0002928370247095777,-1.2033447024137292,0.23239066389667679,-0.029045961482947642,-366.773603648824,697.1883841780134,-331.0865546039099,-0.6717740747203834
16.46,-9.414203084983275e-05,-2.8595922739542594,0.0,-2.006320008667282,1.0,-0.0002928370247095777,-0.0002928370247095777,-1.2033447024137292,0.23239066389667679,-0.029045961482947642,-366.773603648824,697.1883841780134,-331.0865546039099,-0.6717740747203834
16.48,0.0003068760039543527,5.574364269257336,0.0,-2.006320008667282,1.0,-0.0002928370247095777,-0.0002928370247095777,-1.2033447024137292,0.23239066389667679,-0.029045961482947642,-366.773603648824,697.1883841780134,-331.0865546039099,-0.6717740747203834
16.5,-8.515208320465629e-05,-1.8123506223424917,0.0,-2.006320008667282,1.0,-0.0002928370247095777,-0.0002928370247095777,-1.2033447024137292,0.23239066389667679,-0.029045961482947642,-366.773603648824,697.1883841780134,-331.0865546039099,-0.6717740747203834
16.52,-0.001579375202542712,-2.5717612104673013,0.0,-2.006320008667282,1.0,-0.0002928370247095777,-0.0002928370247095777,-1.2033447024137292,0.23239066389667679,-0.029045961482947642,-366.773603648824,697.1883841780134,-331.0865546039099,-0.6717740747203834
16.54,-0.0017997514514141552,-1.2379289245481677,0.0,-2.006320008667282,1.0,-0.0002928370247095777,-0.0002928370247095777,-1.2033447024137292,0.23239066389667679,-0.029045961482947642,-366.773603648824,697.1883841780134,-331.0865546039099,-0.6717740747203834
16.56,-0.0009158857626613531,2.3535178868311104,0.0,-2.006320008667282,1.0,-0.0002928370247095777,-0.0002928370247095777,-1.2033447024137292,0.23239066389667679,-0.029045961482947642,-366.773603648824,697.1883841780134,-331.0865546039099,-0.6717740747203834
16.580000000000002,-0.00036449437350854493,-1.4903443492461919,0.0,-2.006320008667282,1.0,-0.0002928370247095777,-0.0002928370247095777,-1.2033447024137292,0.23239066389667679,-0.029045961482947642,-366.773603648824,697.1883841780134,-331.0865546039099,-0.6717740747203834
16.6,-6.817569067391543e-05,1.5536708355890614,0.0,-2.006320008667282,1.0,-0.0002928370247095777,-0.0002928370247095777,-1.2033447024137292,0.23239066389667679,-0.029045961482947642,-366.773603648824,697.1883841780134,-331.0865546039099,-0.6717740747203834
16.62,0.0002091677586158945,1.9438875125632917,0.0,-2.006320008667282,1.0,-0.0002928370247095777,-0.0002928370247095777,-1.2033447024137292,0.23239066389667679,-0.029045961482947642,-366.773603648824,697.1883841780134,-331.0865546039099,-0.6717740747203834
16.64,-0.0005363814009936754,-4.390792782167693,0.0,-2.006320008667282,1.0,-0.0002928370247095777,-0.0002928370247095777,-1.2033447024137292,0.23239066389667679,-0.029045961482947642,-366.773603648824,697.1883841780134,-331.0865546039099,-0.6717740747203834
16.66,-0.0005687764187956314,0.6601059971116241,0.0,-2.006320008667282,1.0,-0.0002928370247095777,-0.0002928370247095777,-1.2033447024137292,0.23239066389667679,-0.029045961482947642,-366.773603648824,697.1883841780134,-331.0865546039099,-0.6717740747203834
16.68,0.0004877166945934494,2.0910192902486706,0.0,-2.006320008667282,1.0,-0.0002928370247095777,-0.0002928370247095777,-1.2033447024137292,0.23239066389667679,-0.029045961482947642,-366.773603648824,697.1883841780134,-331.0865546039099,-0.6717740747203834
16.7,0.0007416609923717886,2.763369685354639,0.0,-2.006320008667282,1.0,-0.0002928370247095777,-0.0002928370247095777,-1.2033447024137292,0.23239066389667679,-0.029045961482947642,-366.773603648824,697.1883841780134,-331.0865546039099,-0.6717740747203834
16.72,-0.0004212518921645127,-0.9415121806923596,0.0,-2.006320008667282,1.0,-0.0002928370247095777,-0.0002928370247095777,-1.2033447024137292,0.23239066389667679,-0.029045961482947642,-366.773603648824,697.1883841780134,-331.0865546039099,-0.6717740747203834
16.740000000000002,-0.0021203344413734397,-3.2791427454395405,0.0,-2.006320008667282,1.0,-0.0002928370247095777,-0.0002928370247095777,-1.2033447024137292,0.23239066389667679,-0.029045961482947642,-366.773603648824,697.1883841780134,-331.0865546039099,-0.6717740747203834
16.76,-0.0025968569758803265,2.5447822025121454,0.0,-2.006320008667282,1.0,-0.0002928370247095777,-0.0002928370247095777,-1.2033447024137292,0.23239066389667679,-0.029045961482947642,-366.773603648824,697.1883841780134,-331.0865546039099,-0.6717740747203834
16.78,-0.00287474456530311,-2.6550981857856755,0.0,-2.006320008667282,1.0,-0.0002928370247095777,-0.0002928370247095777,-1.2033447024137292,0.23239066389667679,-0.029045961482947642,-366.773603648824,697.1883841780134,-331.0865546039099,-0.6717740747203834
16.8,-0.0031384970776545534,-0.5167236642335933,0.0,-2.006320008667282,1.0,-0.0002928370247095777,-0.0002928370247095777,-1.2033447024137292,0.23239066389667679,-0.029045961482947642,-366.773603648824,697.1883841780134,-331.0865546039099,-0.6717740747203834
16.82,-0.002493263205977708,1.0566956654046882,0.0,-2.006320008667282,1.0,-0.0002928370247095777,-0.0002928370247095777,-1.2033447024137292,0.23239066389667679,-0.029045961482947642,-366.773603648824,697.1883841780134,-331.0865546039099,-0.6717740747203834
16.84,-0.0020219102025753975,-2.3216610598078855,0.0,-2.006320008667282,1.0,-0.0002928370247095777,-0.0002928370247095777,-1.2033447024137292,0.23239066389667679,-0.029045961482947642,-366.773603648824,697.1883841780134,-331.0865546039099,-0.6717740747203834
16.86,-0.001192907477858073,7.171677606138559,0.0,-2.006320008667282,1.0,-0.0002928370247095777,-0.0002928370247095777,-1.2033447024137292,0.23239066389667679,-0.029045961482947642,-366.773603648824,697.1883841780134,-331.0865546039099,-0.6717740747203834
16.88,-0.0017917079126808504,-1.6265854626908087,0.0,-2.006320008667282,1.0,-0.0002928370247095777,-0.0002928370247095777,-1.2033447024137292,0.23239066389667679,-0.029045961482947642,-366.773603648824,697.1883841780134,-331.0865546039099,-0.6717740747203834
16.9,-0.004025639542950158,-2.9977268623756865,0.0,-2.006320008667282,1.0,-0.0002928370247095777,-0.0002928370247095777,-1.2033447024137292,0.23239066389667679,-0.029045961482947642,-366.773603648824,697.1883841780134,-331.0865546039099,-0.6717740747203834
16.92,-0.004930855750926399,-2.440268935892524,0.0,-2.006320008667282,1.0,-0.0002928370247095777,-0.0002928370247095777,-1.2033447024137292,0.23239066389667679,-0.029045961482947642,-366.773603648824,697.1883841780134,-331.0865546039099,-0.6717740747203834
16.94,-0.004274809245578762,-1.53077419067721,0.0,-2.006320008667282,1.0,-0.0002928370247095777,-0.0002928370247095777,-1.2033447024137292,0.23239066389667679,-0.029045961482947642,-366.773603648824,697.1883841780134,-331.0865546039099,-0.6717740747203834
16.96,-0.002482922852255321,2.8558476707916824,0.0,-2.006320008667282,1.0,-0.0002928370247095777,-0.0002928370247095777,-1.2033447024137292,0.23239066389667679,-0.029045961482947642,-366.773603648824,697.1883841780134,-331.0865546039099,-0.6717740747203834
16.98,-0.0010947593254622562,1.6945269908716072,0.0,-2.006320008667282,1.0,-0.0002928370247095777,-0.0002928370247095777,-1.2033447024137292,0.23239066389667679,-0.029045961482947642,-366.773603648824,697.1883841780134,-331.0865546039099,-0.6717740747203834
17.0,-0.0010460314791568292,-1.647742131435808,0.0,-2.006320008667282,1.0,-0.0002928370247095777,-0.0002928370247095777,-1.2033447024137292,0.23239066389667679,-0.029045961482947642,-366.773603648824,697.1883841780134,-331.0865546039099,-0.6717740747203834
17.02,-0.0010176149543531608,-0.11853915749396915,0.0,-2.006320008667282,1.0,-0.0002928370247095777,-0.0002928370247095777,-1.2033447024137292,0.23239066389667679,-0.029045961482947642,-366.773603648824,697.1883841780134,-331.0865546039099,-0.6717740747203834
17.04,-0.0004783975485013254,1.5186183913459614,0.0,-2.006320008667282,1.0,-0.0002928370247095777,-0.0002928370247095777,-1.2033447024137292,0.23239066389667679,-0.029045961482947642,-366.773603648824,697.1883841780134,-331.0865546039099,-0.6717740747203834
17.06,-0.00035219863251304136,-0.7010625864944133,0.0,-2.006320008667282,1.0,-0.0002928370247095777,-0.0002928370247095777,-1.2033447024137292,0.23239066389667679,-0.029045961482947642,-366.773603648824,697.1883841780134,-331.0865546039099,-0.6717740747203834
17.080000000000002,-0.00046763620365279586,-3.5532793921134584,0.0,-2.006320008667282,1.0,-0.0002928370247095777,-0.0002928370247095777,-1.2033447024137292,0.23239066389667679,-0.029045961482947642,-366.773603648824,697.1883841780134,-331.0865546039099,-0.6717740747203834
17.1,0.0006597995086859727,3.970560629657456,0.0,-2.006320008667282,1.0,-0.0002928370247095777,-0.0002928370247095777,-1.2033447024137292,0.23239066389667679,-0.029045961482947642,-366.773603648824,697.1883841780134,-331.0865546039099,-0.6717740747203834
17.12,0.0016692105637591183,0.6348588068671877,0.0,-2.006320008667282,1.0,-0.0002928370247095777,-0.0002928370247095777,-1.2033447024137292,0.23239066389667679,-0.029045961482947642,-366.773603648824,697.1883841780134,-331.0865546039099,-0.6717740747203834
17.14,0.0013405355412386506,0.876124028459246,0.0,-2.006320008667282,1.0,-0.0002928370247095777,-0.0002928370247095777,-1.2033447024137292,0.23239066389667679,-0.029045961482947642,-366.773603648824,697.1883841780134,-331.0865546039099,-0.6717740747203834
17.16,0.0005778613906913143,-2.674258752856863,0.0,-2.006320008667282,1.0,-0.0002928370247095777,-0.0002928370247095777,-1.2033447024137292,0.23239066389667679,-0.029045961482947642,-366.773603648824,697.1883841780134,-331.0865546039099,-0.6717740747203834
17.18,0.00034539978148231607,-3.291108646042363,0.0,-2.006320008667282,1.0,-0.0002928370247095777,-0.0002928370247095777,-1.2033447024137292,0.23239066389667679,-0.029045961482947642,-366.773603648824,697.1883841780134,-331.0865546039099,-0.6717740747203834
17.2,0.0018620011262445082,1.1883617837720966,0.0,-2.006320008667282,1.0,-0.0002928370247095777,-0.0002928370247095777,-1.2033447024137292,0.23239066389667679,-0.029045961482947642,-366.773603648824,697.1883841780134,-331.0865546039099,-0.6717740747203834
17.22,0.004006132339218481,3.782187735276146,0.0,-2.006320008667282,1.0,-0.0002928370247095777,-0.0002928370247095777,-1.2033447024137292,0.23239066389667679,-0.029045961482947642,-366.773603648824,697.1883841780134,-331.0865546039099,-0.6717740747203834
17.240000000000002,0.00472003533997198,4.441067822819067,0.0,-2.006320008667282,1.0,-0.0002928370247095777,-0.0002928370247095777,-1.2033447024137292,0.23239066389667679,-0.029045961482947642,-366.773603648824,697.1883841780134,-331.0865546039099,-0.6717740747203834
17.26,0.0030557230426104367,1.2181831183781942,0.0,-2.006320008667282,1.0,-0.0002928370247095777,-0.0002928370247095777,-1.2033447024137292,0.23239066389667679,-0.029045961482947642,-366.773603648824,697.1883841780134,-331.0865546039099,-0.6717740747203834
17.28,-0.0002465046556055783,-4.319476437573576,0.0,-2.006320008667282,1.0,-0.0002928370247095777,-0.0002928370247095777,-1.2033447024137292,0.23239066389667679,-0.029045961482947642,-366.773603648824,697.1883841780134,-331.0865546039099,-0.6717740747203834
17.3,-0.002642117907613943,-4.971696028988618,0.0,-2.006320008667282,1.0,-0.0002928370247095777,-0.0002928370247095777,-1.2033447024137292,0.23239066389667679,-0.029045961482947642,-366.773603648824,697.1883841780134,-331.0865546039099,-0.6717740747203834
17.32,-0.0023336394438654585,0.9271730412433188,0.0,-2.006320008667282,1.0,-0.0002928370247095777,-0.0002928370247095777,-1.2033447024137292,0.23239066389667679,-0.029045961482947642,-366.773603648824,697.1883841780134,-331.0865546039099,-0.6717740747203834
17.34,-0.0008555287251945634,2.1625617978456626,0.0,-2.006320008667282,1.0,-0.0002928370247095777,-0.0002928370247095777,-1.2033447024137292,0.23239066389667679,-0.029045961482947642,-366.773603648824,697.1883841780134,-331.0865546039099,-0.6717740747203834
17.36,-0.0002876131988443913,0.6470376190640721,0.0,-2.006320008667282,1.0,-0.0002928370247095777,-0.0002928370247095777,-1.2033447024137292,0.23239066389667679,-0.029045961482947642,-366.773603648824,697.1883841780134,-331.0865546039099,-0.6717740747203834
17.38,-0.0005442700420635281,-0.587489936268099,0.0,-2.006320008667282,1.0,-0.0002928370247095777,-0.0002928370247095777,-1.2033447024137292,0.23239066389667679,-0.029045961482947642,-366.773603648824,697.1883841780134,-331.0865546039099,-0.6717740747203834
17.400000000000002,-0.000821804453811991,2.036071989309911,0.0,-2.006320008667282,1.0,-0.0002928370247095777,-0.0002928370247095777,-1.2033447024137292,0.23239066389667679,-0.029045961482947642,-366.773603648824,697.1883841780134,-331.0865546039099,-0.6717740747203834
17.42,-0.0015287308602265825,-3.7218817095770347,0.0,-2.006320008667282,1.0,-0.0002928370247095777,-0.0002928370247095777,-1.2033447024137292,0.23239066389667679,-0.029045961482947642,-366.773603648824,697.1883841780134,-331.0865546039099,-0.6717740747203834
17.44,-0.0017516527655270337,-3.439314620165142,0.0,-2.006320008667282,1.0,-0.0002928370247095777,-0.0002928370247095777,-1.2033447024137292,0.23239066389667679,-0.029045961482947642,-366.773603648824,697.1883841780134,-331.0865546039099,-0.6717740747203834
17.46,0.00011141519705327855,1.9945564510881533,0.0,-2.006320008667282,1.0,-0.0002928370247095777,-0.0002928370247095777,-1.2033447024137292,0.23239066389667679,-0.029045961482947642,-366.773603648824,697.1883841780134,-331.0865546039099,-0.6717740747203834
17.48,0.0023982658896487263,0.6555610841733794,0.0,-2.006320008667282,1.0,-0.0002928370247095777,-0.0002928370247095777,-1.2033447024137292,0.23239066389667679,-0.029045961482947642,-366.773603648824,697.1883841780134,-331.0865546039099,-0.6717740747203834
17.5,0.0039242226223710226,6.722928884566351,0.0,-2.006320008667282,1.0,-0.0002928370247095777,-0.0002928370247095777,-1.2033447024137292,0.23239066389667679,-0.029045961482947642,-366.773603648824,697.1883841780134,-331.0865546039099,-0.6717740747203834
17.52,0.0033143047731647303,-2.7804334617007544,0.0,-2.006320008667282,1.0,-0.0002928370247095777,-0.0002928370247095777,-1.2033447024137292,0.23239066389667679,-0.029045961482947642,-366.773603648824,697.1883841780134,-331.0865546039099,-0.6717740747203834
17.54,0.0015708374460486816,-3.597930905693943,0.0,-2.006320008667282,1.0,-0.0002928370247095777,-0.0002928370247095777,-1.2033447024137292,0.23239066389667679,-0.029045961482947642,-366.773603648824,697.1883841780134,-331.0865546039099,-0.6717740747203834
17.56,0.0017051156246226159,2.941514962551138,0.0,-2.006320008667282,1.0,-0.0002928370247095777,-0.0002928370247095777,-1.2033447024137292,0.23239066389667679,-0.029045961482947642,-366.773603648824,697.1883841780134,-331.0865546039099,-0.6717740747203834
17.580000000000002,0.0020423935283876665,1.7066344823553767,0.0,-2.006320008667282,1.0,-0.0002928370247095777,-0.0002928370247095777,-1.2033447024137292,0.23239066389667679,-0.029045961482947642,-366.773603648824,697.1883841780134,-331.0865546039099,-0.6717740747203834
17.6,0.001031432109749264,-1.6056714810623964,0.0,-2.006320008667282,1.0,-0.0002928370247095777,-0.0002928370247095777,-1.2033447024137292,0.23239066389667679,-0.029045961482947642,-366.773603648824,697.1883841780134,-331.0865546039099,-0.6717740747203834
17.62,-2.5759509120330294e-06,-0.4531757574180779,0.0,-2.006320008667282,1.0,-0.0002928370247095777,-0.0002928370247095777,-1.2033447024137292,0.23239066389667679,-0.029045961482947642,-366.773603648824,697.1883841780134,-331.0865546039099,-0.6717740747203834
17.64,-0.0004336936450540914,1.3555235841564652,0.0,-2.006320008667282,1.0,-0.0002928370247095777,-0.0002928370247095777,-1.2033447024137292,0.23239066389667679,-0.029045961482947642,-366.773603648824,697.1883841780134,-331.0865546039099,-0.6717740747203834
17.66,-0.0011317930534817334,-0.7294434032917185,0.0,-2.006320008667282,1.0,-0.0002928370247095777,-0.0002928370247095777,-1.2033447024137292,0.23239066389667679,-0.029045961482947642,-366.773603648824,697.1883841780134,-331.0865546039099,-0.6717740747203834
17.68,-0.002020384883073081,-2.684067184096498,0.0,-2.006320008667282,1.0,-0.0002928370247095777,-0.0002928370247095777,-1.2033447024137292,0.23239066389667679,-0.029045961482947642,-366.773603648824,697.1883841780134,-331.0865546039099,-0.6717740747203834
17.7,-0.001922145620879317,1.6792865717522765,0.0,-2.006320008667282,1.0,-0.0002928370247095777,-0.0002928370247095777,-1.2033447024137292,0.23239066389667679,-0.029045961482947642,-366.773603648824,697.1883841780134,-331.0865546039099,-0.6717740747203834
17.72,-0.0015418184588595267,1.2201914782526453,0.0,-2.006320008667282,1.0,-0.0002928370247095777,-0.0002928370247095777,-1.2033447024137292,0.23239066389667679,-0.029045961482947642,-366.773603648824,697.1883841780134,-331.0865546039099,-0.6717740747203834
17.740000000000002,-0.0020203088312315902,-0.9373461080529877,0.0,-2.006320008667282,1.0,-0.0002928370247095777,-0.0002928370247095777,-1.2033447024137292,0.23239066389667679,-0.029045961482947642,-366.773603648824,697.1883841780134,-331.0865546039099,-0.6717740747203834
17.76,-0.0025943952234537826,0.5298528342149607,0.0,-2.006320008667282,1.0,-0.0002928370247095777,-0.0002928370247095777,-1.2033447024137292,0.23239066389667679,-0.029045961482947642,-366.773603648824,697.1883841780134,-331.0865546039099,-0.6717740747203834
17.78,-0.0030655493250913365,-0.4983062843692183,0.0,-2.006320008667282,1.0,-0.0002928370247095777,-0.0002928370247095777,-1.2033447024137292,0.23239066389667679,-0.029045961482947642,-366.773603648824,697.1883841780134,-331.0865546039099,-0.6717740747203834
17.8,-0.0035653157537615166,-1.8059501149778925,0.0,-2.006320008667282,1.0,-0.0002928370247095777,-0.0002928370247095777,-1.2033447024137292,0.23239066389667679,-0.029045961482947642,-366.773603648824,697.1883841780134,-331.0865546039099,-0.6717740747203834
17.82,-0.003412848234021332,-0.3003238853897465,0.0,-2.006320008667282,1.0,-0.0002928370247095777,-0.0002928370247095777,-1.2033447024137292,0.23239066389667679,-0.029045961482947642,-366.773603648824,697.1883841780134,-331.0865546039099,-0.6717740747203834
17.84,-0.0026651591233116546,1.5110964043728963,0.0,-2.006320008667282,1.0,-0.0002928370247095777,-0.0002928370247095777,-1.2033447024137292,0.23239066389667679,-0.029045961482947642,-366.773603648824,697.1883841780134,-331.0865546039099,-0.6717740747203834
17.86,-0.0022888716401034087,-1.67314353012735,0.0,-2.006320008667282,1.0,-0.0002928370247095777,-0.0002928370247095777,-1.2033447024137292,0.23239066389667679,-0.029045961482947642,-366.773603648824,697.1883841780134,-331.0865546039099,-0.6717740747203834
17.88,-0.0018795964138985713,2.708461696446434,0.0,-2.006320008667282,1.0,-0.0002928370247095777,-0.0002928370247095777,-1.2033447024137292,0.23239066389667679,-0.029045961482947642,-366.773603648824,697.1883841780134,-331.0865546039099,-0.6717740747203834
17.900000000000002,-0.0017853795898489827,0.8934282037044419,0.0,-2.006320008667282,1.0,-0.0002928370247095777,-0.0002928370247095777,-1.2033447024137292,0.23239066389667679,-0.029045961482947642,-366.773603648824,697.1883841780134,-331.0865546039099,-0.6717740747203834
17.92,-0.0027572110857227686,-6.060261567275754,0.0,-2.006320008667282,1.0,-0.0002928370247095777,-0.0002928370247095777,-1.2033447024137292,0.23239066389667679,-0.029045961482947642,-366.773603648824,697.1883841780134,-331.0865546039099,-0.6717740747203834
17.94,-0.0022334354251057,2.063812075923529,0.0,-2.006320008667282,1.0,-0.0002928370247095777,-0.0002928370247095777,-1.2033447024137292,0.23239066389667679,-0.029045961482947642,-366.773603648824,697.1883841780134,-331.0865546039099,-0.6717740747203834
17.96,-0.0005534728754339044,-0.1385187704840094,0.0,-2.006320008667282,1.0,-0.0002928370247095777,-0.0002928370247095777,-1.2033447024137292,0.23239066389667679,-0.029045961482947642,-366.773603648824,697.1883841780134,-331.0865546039099,-0.6717740747203834
17.98,0.000559195076902766,0.3680425244559131,0.0,-2.006320008667282,1.0,-0.0002928370247095777,-0.0002928370247095777,-1.2033447024137292,0.23239066389667679,-0.029045961482947642,-366.773603648824,697.1883841780134,-331.0865546039099,-0.6717740747203834
18.0,0.0016081840966010751,1.7853084858798947,0.0,-2.006320008667282,1.0,-0.0002928370247095777,-0.0002928370247095777,-1.2033447024137292,0.23239066389667679,-0.029045961482947642,-366.773603648824,697.1883841780134,-331.0865546039099,-0.6717740747203834
18.02,0.002036756981436556,0.004145871678979507,0.0,-2.006320008667282,1.0,-0.0002928370247095777,-0.0002928370247095777,-1.2033447024137292,0.23239066389667679,-0.029045961482947642,-366.773603648824,697.1883841780134,-331.0865546039099,-0.6717740747203834
18.04,0.0019541848683485735,1.2958559893942623,0.0,-2.006320008667282,1.0,-0.0002928370247095777,-0.0002928370247095777,-1.2033447024137292,0.23239066389667679,-0.029045961482947642,-366.773603648824,697.1883841780134,-331.0865546039099,-0.6717740747203834
18.06,0.0015032752848068082,-0.1858608122242198,0.0,-2.006320008667282,1.0,-0.0002928370247095777,-0.0002928370247095777,-1.2033447024137292,0.23239066389667679,-0.029045961482947642,-366.773603648824,697.1883841780134,-331.0865546039099,-0.6717740747203834
18.080000000000002,0.0007368192698738706,-0.16210098453658972,0.0,-2.006320008667282,1.0,-0.0002928370247095777,-0.0002928370247095777,-1.2033447024137292,0.23239066389667679,-0.029045961482947642,-366.773603648824,697.1883841780134,-331.0865546039099,-0.6717740747203834
18.1,7.691598728433479e-05,-2.2973129974206796,0.0,-2.006320008667282,1.0,-0.0002928370247095777,-0.0002928370247095777,-1.2033447024137292,0.23239066389667679,-0.029045961482947642,-366.773603648824,697.1883841780134,-331.0865546039099,-0.6717740747203834
18.12,0.00013770627848893696,0.2129182231460951,0.0,-2.006320008667282,1.0,-0.0002928370247095777,-0.0002928370247095777,-1.2033447024137292,0.23239066389667679,-0.029045961482947642,-366.773603648824,697.1883841780134,-331.0865546039099,-0.6717740747203834
18.14,0.0008097548342146019,3.6049118345939855,0.0,-2.006320008667282,1.0,-0.0002928370247095777,-0.0002928370247095777,-1.2033447024137292,0.23239066389667679,-0.029045961482947642,-366.773603648824,697.1883841780134,-331.0865546039099,-0.6717740747203834
18.16,0.00036891947920047856,-6.370376459777534,0.0,-2.006320008667282,1.0,-0.0002928370247095777,-0.0002928370247095777,-1.2033447024137292,0.23239066389667679,-0.029045961482947642,-366.773603648824,697.1883841780134,-331.0865546039099,-0.6717740747203834
18.18,0.0007402463660304748,5.992899139219535,0.0,-2.006320008667282,1.0,-0.0002928370247095777,-0.0002928370247095777,-1.2033447024137292,0.23239066389667679,-0.029045961482947642,-366.773603648824,697.1883841780134,-331.0865546039099,-0.6717740747203834
18.2,0.0012267921828180788,-2.268321807832871,0.0,-2.006320008667282,1.0,-0.0002928370247095777,-0.0002928370247095777,-1.2033447024137292,0.23239066389667679,-0.029045961482947642,-366.773603648824,697.1883841780134,-331.0865546039099,-0.6717740747203834
18.22,0.0006303986693638617,2.275482722769002,0.0,-2.006320008667282,1.0,-0.0002928370247095777,-0.0002928370247095777,-1.2033447024137292,0.23239066389667679,-0.029045961482947642,-366.773603648824,697.1883841780134,-331.0865546039099,-0.6717740747203834
18.240000000000002,3.589219777956794e-05,-6.379496263705185,0.0,-2.006320008667282,1.0,-0.0002928370247095777,-0.0002928370247095777,-1.2033447024137292,0.23239066389667679,-0.029045961482947642,-366.773603648824,697.1883841780134,-331.0865546039099,-0.6717740747203834
18.26,0.0006434197133268331,2.3787980410566227,0.0,-2.006320008667282,1.0,-0.0002928370247095777,-0.0002928370247095777,-1.2033447024137292,0.23239066389667679,-0.029045961482947642,-366.773603648824,697.1883841780134,-331.0865546039099,-0.6717740747203834
18.28,0.0024265667004220327,3.584116181623118,0.0,-2.006320008667282,1.0,-0.0002928370247095777,-0.0002928370247095777,-1.2033447024137292,0.23239066389667679,-0.029045961482947642,-366.773603648824,697.1883841780134,-331.0865546039099,-0.6717740747203834
18.3,0.0024788930442974835,-0.3706168431819452,0.0,-2.006320008667282,1.0,-0.0002928370247095777,-0.0002928370247095777,-1.2033447024137292,0.23239066389667679,-0.029045961482947642,-366.773603648824,697.1883841780134,-331.0865546039099,-0.6717740747203834
18.32,0.001605858197089494,1.1990404356525368,0.0,-2.006320008667282,1.0,-0.0002928370247095777,-0.0002928370247095777,-1.2033447024137292,0.23239066389667679,-0.029045961482947642,-366.773603648824,697.1883841780134,-331.0865546039099,-0.6717740747203834
18.34,0.0005003793069574892,-3.3793049110014524,0.0,-2.006320008667282,1.0,-0.0002928370247095777,-0.0002928370247095777,-1.2033447024137292,0.23239066389667679,-0.029045961482947642,-366.773603648824,697.1883841780134,-331.0865546039099,-0.6717740747203834
18.36,3.6525083869362064e-05,-0.45447523107856025,0.0,-2.006320008667282,1.0,-0.0002928370247095777,-0.0002928370247095777,-1.2033447024137292,0.23239066389667679,-0.029045961482947642,-366.773603648824,697.1883841780134,-331.0865546039099,-0.6717740747203834
18.38,0.0006955744555205764,-0.028426588049152712,0.0,-2.006320008667282,1.0,-0.0002928370247095777,-0.0002928370247095777,-1.2033447024137292,0.23239066389667679,-0.029045961482947642,-366.773603648824,697.1883841780134,-331.0865546039099,-0.6717740747203834
18.400000000000002,0.0015004313384047471,2.334871344470946,0.0,-2.006320008667282,1.0,-0.0002928370247095777,-0.0002928370247095777,-1.2033447024137292,0.23239066389667679,-0.029045961482947642,-366.773603648824,697.1883841780134,-331.0865546039099,-0.6717740747203834
18.42,0.0016393595635922015,0.5847515547176823,0.0,-2.006320008667282,1.0,-0.0002928370247095777,-0.0002928370247095777,-1.2033447024137292,0.23239066389667679,-0.029045961482947642,-366.773603648824,697.1883841780134,-331.0865546039099,-0.6717740747203834
18.44,0.0009336761817289994,-1.1401682881266113,0.0,-2.006320008667282,1.0,-0.0002928370247095777,-0.0002928370247095777,-1.2033447024137292,0.23239066389667679,-0.029045961482947642,-366.773603648824,697.1883841780134,-331.0865546039099,-0.6717740747203834
18.46,0.0003965402433724315,-0.6940861709025379,0.0,-2.006320008667282,1.0,-0.0002928370247095777,-0.0002928370247095777,-1.2033447024137292,0.23239066389667679,-0.029045961482947642,-366.773603648824,697.1883841780134,-331.0865546039099,-0.6717740747203834
18.48,0.00039904797953304726,-0.19210732367513256,0.0,-2.006320008667282,1.0,-0.0002928370247095777,-0.0002928370247095777,-1.2033447024137292,0.23239066389667679,-0.029045961482947642,-366.773603648824,697.1883841780134,-331.0865546039099,-0.6717740747203834
18.5,0.000663587945161767,0.7335710178768217,0.0,-2.006320008667282,1.0,-0.0002928370247095777,-0.0002928370247095777,-1.2033447024137292,0.23239066389667679,-0.029045961482947642,-366.773603648824,697.1883841780134,-331.0865546039099,-0.6717740747203834
18.52,0.0007737612222607079,-1.6652361836209884,0.0,-2.006320008667282,1.0,-0.0002928370247095777,-0.0002928370247095777,-1.2033447024137292,0.23239066389667679,-0.029045961482947642,-366.773603648824,697.1883841780134,-331.0865546039099,-0.6717740747203834
18.54,0.0011616506174901952,1.2718810782720618,0.0,-2.006320008667282,1.0,-0.0002928370247095777,-0.0002928370247095777,-1.2033447024137292,0.23239066389667679,-0.029045961482947642,-366.773603648824,697.1883841780134,-331.0865546039099,-0.6717740747203834
18.56,0.0016720707081908366,0.36329473300002646,0.0,-2.006320008667282,1.0,-0.0002928370247095777,-0.0002928370247095777,-1.2033447024137292,0.23239066389667679,-0.029045961482947642,-366.773603648824,697.1883841780134,-331.0865546039099,-0.6717740747203834
18.580000000000002,0.0017142189708564167,-0.6424505974066611,0.0,-2.006320008667282,1.0,-0.0002928370247095777,-0.0002928370247095777,-1.2033447024137292,0.23239066389667679,-0.029045961482947642,-366.773603648824,697.1883841780134,-331.0865546039099,-0.6717740747203834
18.6,0.0018489481370259104,-0.18495722461752961,0.0,-2.006320008667282,1.0,-0.0002928370247095777,-0.0002928370247095777,-1.2033447024137292,0.23239066389667679,-0.029045961482947642,-366.773603648824,697.1883841780134,-331.0865546039099,-0.6717740747203834
18.62,0.0022376578349036008,3.838512201252959,0.0,-2.006320008667282,1.0,-0.0002928370247095777,-0.0002928370247095777,-1.2033447024137292,0.23239066389667679,-0.029045961482947642,-366.773603648824,697.1883841780134,-331.0865546039099,-0.6717740747203834
18.64,0.0015706163161963542,-2.9482475226655893,0.0,-2.006320008667282,1.0,-0.0002928370247095777,-0.0002928370247095777,-1.2033447024137292,0.23239066389667679,-0.029045961482947642,-366.773603648824,697.1883841780134,-331.0865546039099,-0.6717740747203834
18.66,0.0006528003906717185,0.7829679056287295,0.0,-2.006320008667282,1.0,-0.0002928370247095777,-0.0002928370247095777,-1.2033447024137292,0.23239066389667679,-0.029045961482947642,-366.773603648824,697.1883841780134,-331.0865546039099,-0.6717740747203834
18.68,0.0003731838751013315,1.9956168651407928,0.0,-2.006320008667282,1.0,-0.0002928370247095777,-0.0002928370247095777,-1.2033447024137292,0.23239066389667679,-0.029045961482947642,-366.773603648824,697.1883841780134,-331.0865546039099,-0.6717740747203834
18.7,-0.0007177465582411228,-0.9020650867003948,0.0,-2.006320008667282,1.0,-0.0002928370247095777,-0.0002928370247095777,-1.2033447024137292,0.23239066389667679,-0.029045961482947642,-366.773603648824,697.1883841780134,-331.0865546039099,-0.6717740747203834
18.72,-0.0021334456740560535,-1.9644577922052495,0.0,-2.006320008667282,1.0,-0.0002928370247095777,-0.0002928370247095777,-1.2033447024137292,0.23239066389667679,-0.029045961482947642,-366.773603648824,697.1883841780134,-331.0865546039099,-0.6717740747203834
18.740000000000002,-0.0027232063758242764,1.1691012472837676,0.0,-2.006320008667282,1.0,-0.0002928370247095777,-0.0002928370247095777,-1.2033447024137292,0.23239066389667679,-0.029045961482947642,-366.773603648824,697.1883841780134,-331.0865546039099,-0.6717740747203834
18.76,-0.0030972686099881934,-4.221436025688043,0.0,-2.006320008667282,1.0,-0.0002928370247095777,-0.0002928370247095777,-1.2033447024137292,0.23239066389667679,-0.029045961482947642,-366.773603648824,697.1883841780134,-331.0865546039099,-0.6717740747203834
18.78,-0.002597074159944908,-0.7128315046538409,0.0,-2.006320008667282,1.0,-0.0002928370247095777,-0.0002928370247095777,-1.2033447024137292,0.23239066389667679,-0.029045961482947642,-366.773603648824,697.1883841780134,-331.0865546039099,-0.6717740747203834
18.8,-0.0006683633893110148,1.900795034511201,0.0,-2.006320008667282,1.0,-0.0002928370247095777,-0.0002928370247095777,-1.2033447024137292,0.23239066389667679,-0.029045961482947642,-366.773603648824,697.1883841780134,-331.0865546039099,-0.6717740747203834
18.82,0.0009082436176664867,1.2102283718595577,0.0,-2.006320008667282,1.0,-0.0002928370247095777,-0.0002928370247095777,-1.2033447024137292,0.23239066389667679,-0.029045961482947642,-366.773603648824,697.1883841780134,-331.0865546039099,-0.6717740747203834
18.84,0.0015795682501704887,0.6547963477061499,0.0,-2.006320008667282,1.0,-0.0002928370247095777,-0.0002928370247095777,-1.2033447024137292,0.23239066389667679,-0.029045961482947642,-366.773603648824,697.1883841780134,-331.0865546039099,-0.6717740747203834
18.86,0.0017147281687785252,3.806212773701981,0.0,-2.006320008667282,1.0,-0.0002928370247095777,-0.0002928370247095777,-1.2033447024137292,0.23239066389667679,-0.029045961482947642,-366.773603648824,697.1883841780134,-331.0865546039099,-0.6717740747203834
18.88,0.0005543783037661679,0.3785806642885534,0.0,-2.006320008667282,1.0,-0.0002928370247095777,-0.0002928370247095777,-1.2033447024137292,0.23239066389667679,-0.029045961482947642,-366.773603648824,697.1883841780134,-331.0865546039099,-0.6717740747203834
18.900000000000002,-0.001827929473354092,-3.7415223656891015,0.0,-2.006320008667282,1.0,-0.0002928370247095777,-0.0002928370247095777,-1.2033447024137292,0.23239066389667679,-0.029045961482947642,-366.773603648824,697.1883841780134,-331.0865546039099,-0.6717740747203834
18.92,-0.0032369992601066996,-0.8140400628045419,0.0,-2.006320008667282,1.0,-0.0002928370247095777,-0.0002928370247095777,-1.2033447024137292,0.23239066389667679,-0.029045961482947642,-366.773603648824,697.1883841780134,-331.0865546039099,-0.6717740747203834
18.94,-0.003332496404398449,-2.2859312591102627,0.0,-2.006320008667282,1.0,-0.0002928370247095777,-0.0002928370247095777,-1.2033447024137292,0.23239066389667679,-0.029045961482947642,-366.773603648824,697.1883841780134,-331.0865546039099,-0.6717740747203834
18.96,-0.0025412738832852385,1.819110408605776,0.0,-2.006320008667282,1.0,-0.0002928370247095777,-0.0002928370247095777,-1.2033447024137292,0.23239066389667679,-0.029045961482947642,-366.773603648824,697.1883841780134,-331.0865546039099,-0.6717740747203834
18.98,-0.0016294114276926767,-2.3079424986373716,0.0,-2.006320008667282,1.0,-0.0002928370247095777,-0.0002928370247095777,-1.2033447024137292,0.23239066389667679,-0.029045961482947642,-366.773603648824,697.1883841780134,-331.0865546039099,-0.6717740747203834
19.0,-0.0005846983548380194,4.587563559984572,0.0,-2.006320008667282,1.0,-0.0002928370247095777,-0.0002928370247095777,-1.2033447024137292,0.23239066389667679,-0.029045961482947642,-366.773603648824,697.1883841780134,-331.0865546039099,-0.6717740747203834
19.02,-0.00021123834832182634,-2.1522366017260053,0.0,-2.006320008667282,1.0,-0.0002928370247095777,-0.0002928370247095777,-1.2033447024137292,0.23239066389667679,-0.029045961482947642,-366.773603648824,697.1883841780134,-331.0865546039099,-0.6717740747203834
19.04,-0.0005522673145534937,1.1766899613335093,0.0,-2.006320008667282,1.0,-0.0002928370247095777,-0.0002928370247095777,-1.2033447024137292,0.23239066389667679,-0.029045961482947642,-366.773603648824,697.1883841780134,-331.0865546039099,-0.6717740747203834
19.06,-0.0006111104951548324,-3.0580146351517747,0.0,-2.006320008667282,1.0,-0.0002928370247095777,-0.0002928370247095777,-1.2033447024137292,0.23239066389667679,-0.029045961482947642,-366.773603648824,697.1883841780134,-331.0865546039099,-0.6717740747203834
19.080000000000002,-0.00012289449816864167,4.210271144170541,0.0,-2.006320008667282,1.0,-0.0002928370247095777,-0.0002928370247095777,-1.2033447024137292,0.23239066389667679,-0.029045961482947642,-366.773603648824,697.1883841780134,-331.0865546039099,-0.6717740747203834
19.1,2.712134908843203e-05,-0.1866384587753558,0.0,-2.006320008667282,1.0,-0.0002928370247095777,-0.0002928370247095777,-1.2033447024137292,0.23239066389667679,-0.029045961482947642,-366.773603648824,697.1883841780134,-331.0865546039099,-0.6717740747203834
19.12,-0.0010009599842746605,2.0470641211524465,0.0,-2.006320008667282,1.0,-0.0002928370247095777,-0.0002928370247095777,-1.2033447024137292,0.23239066389667679,-0.029045961482947642,-366.773603648824,697.1883841780134,-331.0865546039099,-0.6717740747203834
19.14,-0.002580168046161245,-3.3045916766949714,0.0,-2.006320008667282,1.0,-0.0002928370247095777,-0.0002928370247095777,-1.2033447024137292,0.23239066389667679,-0.029045961482947642,-366.773603648824,697.1883841780134,-331.0865546039099,-0.6717740747203834
19.16,-0.0038074357774617027,-4.350926192834492,0.0,-2.006320008667282,1.0,-0.0002928370247095777,-0.0002928370247095777,-1.2033447024137292,0.23239066389667679,-0.029045961482947642,-366.773603648824,697.1883841780134,-331.0865546039099,-0.6717740747203834
19.18,-0.002816964198362224,0.6802873568205143,0.0,-2.006320008667282,1.0,-0.0002928370247095777,-0.0002928370247095777,-1.2033447024137292,0.23239066389667679,-0.029045961482947642,-366.773603648824,697.1883841780134,-331.0865546039099,-0.6717740747203834
19.2,-0.0007694040255628114,-0.09538056806711803,0.0,-2.006320008667282,1.0,-0.0002928370247095777,-0.0002928370247095777,-1.2033447024137292,0.23239066389667679,-0.029045961482947642,-366.773603648824,697.1883841780134,-331.0865546039099,-0.6717740747203834
19.22,0.0011020116320876476,5.581712591002242,0.0,-2.006320008667282,1.0,-0.0002928370247095777,-0.0002928370247095777,-1.2033447024137292,0.23239066389667679,-0.029045961482947642,-366.773603648824,697.1883841780134,-331.0865546039099,-0.6717740747203834
19.240000000000002,0.0013737927665655556,-2.4864257231397877,0.0,-2.006320008667282,1.0,-0.0002928370247095777,-0.0002928370247095777,-1.2033447024137292,0.23239066389667679,-0.029045961482947642,-366.773603648824,697.1883841780134,-331.0865546039099,-0.6717740747203834
19.26,0.000747843421086769,-1.200693736890754,0.0,-2.006320008667282,1.0,-0.0002928370247095777,-0.0002928370247095777,-1.2033447024137292,0.23239066389667679,-0.029045961482947642,-366.773603648824,697.1883841780134,-331.0865546039099,-0.6717740747203834
19.28,0.0012063450835085644,2.3528771689538317,0.0,-2.006320008667282,1.0,-0.0002928370247095777,-0.0002928370247095777,-1.2033447024137292,0.23239066389667679,-0.029045961482947642,-366.773603648824,697.1883841780134,-331.0865546039099,-0.6717740747203834
19.3,0.0013350693918237164,0.10083695146757288,0.0,-2.006320008667282,1.0,-0.0002928370247095777,-0.0002928370247095777,-1.2033447024137292,0.23239066389667679,-0.029045961482947642,-366.773603648824,697.1883841780134,-331.0865546039099,-0.6717740747203834
19.32,0.0007536937914903192,0.24572498474384008,0.0,-2.006320008667282,1.0,-0.0002928370247095777,-0.0002928370247095777,-1.2033447024137292,0.23239066389667679,-0.029045961482947642,-366.773603648824,697.1883841780134,-331.0865546039099,-0.6717740747203834
19.34,7.559538269446945e-05,-1.9125469398784904,0.0,-2.006320008667282,1.0,-0.0002928370247095777,-0.0002928370247095777,-1.2033447024137292,0.23239066389667679,-0.029045961482947642,-366.773603648824,697.1883841780134,-331.0865546039099,-0.6717740747203834
19.36,-0.00011391808279099884,-3.299333801871959,0.0,-2.006320008667282,1.0,-0.0002928370247095777,-0.0002928370247095777,-1.2033447024137292,0.23239066389667679,-0.029045961482947642,-366.773603648824,697.1883841780134,-331.0865546039099,-0.6717740747203834
19.38,0.0012220800563641802,0.6759939355736808,0.0,-2.006320008667282,1.0,-0.0002928370247095777,-0.0002928370247095777,-1.2033447024137292,0.23239066389667679,-0.029045961482947642,-366.773603648824,697.1883841780134,-331.0865546039099,-0.6717740747203834
19.400000000000002,0.0033340125419451454,-0.7391581755053287,0.0,-2.006320008667282,1.0,-0.0002928370247095777,-0.0002928370247095777,-1.2033447024137292,0.23239066389667679,-0.029045961482947642,-366.773603648824,697.1883841780134,-331.0865546039099,-0.6717740747203834
19.42,0.005485510543943887,6.703407587050534,0.0,-2.006320008667282,1.0,-0.0002928370247095777,-0.0002928370247095777,-1.2033447024137292,0.23239066389667679,-0.029045961482947642,-366.773603648824,697.1883841780134,-331.0865546039099,-0.6717740747203834
19.44,0.0059251595764551745,1.2800583512868275,0.0,-2.006320008667282,1.0,-0.0002928370247095777,-0.0002928370247095777,-1.2033447024137292,0.23239066389667679,-0.029045961482947642,-366.773603648824,697.1883841780134,-331.0865546039099,-0.6717740747203834
19.46,0.004064448310842402,-2.602053262219736,0.0,-2.006320008667282,1.0,-0.0002928370247095777,-0.0002928370247095777,-1.2033447024137292,0.23239066389667679,-0.029045961482947642,-366.773603648824,697.1883841780134,-331.0865546039099,-0.6717740747203834
19.48,0.002616551893063624,0.8092467768148497,0.0,-2.006320008667282,1.0,-0.0002928370247095777,-0.0002928370247095777,-1.2033447024137292,0.23239066389667679,-0.029045961482947642,-366.773603648824,697.1883841780134,-331.0865546039099,-0.6717740747203834
19.5,0.0017101887940932008,0.2049104915786093,0.0,-2.006320008667282,1.0,-0.0002928370247095777,-0.0002928370247095777,-1.2033447024137292,0.23239066389667679,-0.029045961482947642,-366.773603648824,697.1883841780134,-331.0865546039099,-0.6717740747203834
19.52,0.0005176518041872956,-0.3007934364111954,0.0,-2.006320008667282,1.0,-0.0002928370247095777,-0.0002928370247095777,-1.2033447024137292,0.23239066389667679,-0.029045961482947642,-366.773603648824,697.1883841780134,-331.0865546039099,-0.6717740747203834
19.54,-0.0006435355716516249,-0.5442259470976845,0.0,-2.006320008667282,1.0,-0.0002928370247095777,-0.0002928370247095777,-1.2033447024137292,0.23239066389667679,-0.029045961482947642,-366.773603648824,697.1883841780134,-331.0865546039099,-0.6717740747203834
19.56,-0.001561337187970811,0.2879988093246866,0.0,-2.006320008667282,1.0,-0.0002928370247095777,-0.0002928370247095777,-1.2033447024137292,0.23239066389667679,-0.029045961482947642,-366.773603648824,697.1883841780134,-331.0865546039099,-0.6717740747203834
19.580000000000002,-0.00241397358500004,-1.5957773062975327,0.0,-2.006320008667282,1.0,-0.0002928370247095777,-0.0002928370247095777,-1.2033447024137292,0.23239066389667679,-0.029045961482947642,-366.773603648824,697.1883841780134,-331.0865546039099,-0.6717740747203834
19.6,-0.0028989018894666346,-4.795915646666261,0.0,-2.006320008667282,1.0,-0.0002928370247095777,-0.0002928370247095777,-1.2033447024137292,0.23239066389667679,-0.029045961482947642,-366.773603648824,697.1883841780134,-331.0865546039099,-0.6717740747203834
19.62,-0.0015304347107213112,-1.9303245894148393,0.0,-2.006320008667282,1.0,-0.0002928370247095777,-0.0002928370247095777,-1.2033447024137292,0.23239066389667679,-0.029045961482947642,-366.773603648824,697.1883841780134,-331.0865546039099,-0.6717740747203834
19.64,0.0017980483449317193,7.8054026014701465,0.0,-2.006320008667282,1.0,-0.0002928370247095777,-0.0002928370247095777,-1.2033447024137292,0.23239066389667679,-0.029045961482947642,-366.773603648824,697.1883841780134,-331.0865546039099,-0.6717740747203834
19.66,0.003417463430059124,1.298122934731989,0.0,-2.006320008667282,1.0,-0.0002928370247095777,-0.0002928370247095777,-1.2033447024137292,0.23239066389667679,-0.029045961482947642,-366.773603648824,697.1883841780134,-331.0865546039099,-0.6717740747203834
19.68,0.0023926434317081305,-5.816677708662939,0.0,-2.006320008667282,1.0,-0.0002928370247095777,-0.0002928370247095777,-1.2033447024137292,0.23239066389667679,-0.029045961482947642,-366.773603648824,697.1883841780134,-331.0865546039099,-0.6717740747203834
19.7,0.002706141811481069,3.454773627880865,0.0,-2.006320008667282,1.0,-0.0002928370247095777,-0.0002928370247095777,-1.2033447024137292,0.23239066389667679,-0.029045961482947642,-366.773603648824,697.1883841780134,-331.0865546039099,-0.6717740747203834
19.72,0.0037283963406704234,-0.5626182638834631,0.0,-2.006320008667282,1.0,-0.0002928370247095777,-0.0002928370247095777,-1.2033447024137292,0.23239066389667679,-0.029045961482947642,-366.773603648824,697.1883841780134,-331.0865546039099,-0.6717740747203834
19.740000000000002,0.003927290069094313,0.4358705133393914,0.0,-2.006320008667282,1.0,-0.0002928370247095777,-0.0002928370247095777,-1.2033447024137292,0.23239066389667679,-0.029045961482947642,-366.773603648824,697.1883841780134,-331.0865546039099,-0.6717740747203834
19.76,0.004188120419887977,-3.5327901646555677,0.0,-2.006320008667282,1.0,-0.0002928370247095777,-0.0002928370247095777,-1.2033447024137292,0.23239066389667679,-0.029045961482947642,-366.773603648824,697.1883841780134,-331.0865546039099,-0.6717740747203834
19.78,0.0053823018518468204,5.573576279731141,0.0,-2.006320008667282,1.0,-0.0002928370247095777,-0.0002928370247095777,-1.2033447024137292,0.23239066389667679,-0.029045961482947642,-366.773603648824,697.1883841780134,-331.0865546039099,-0.6717740747203834
19.8,0.006012899019910029,0.22238410979409196,0.0,-2.006320008667282,1.0,-0.0002928370247095777,-0.0002928370247095777,-1.2033447024137292,0.23239066389667679,-0.029045961482947642,-366.773603648824,697.1883841780134,-331.0865546039099,-0.6717740747203834
19.82,0.004984261024392237,1.3590132130970383,0.0,-2.006320008667282,1.0,-0.0002928370247095777,-0.0002928370247095777,-1.2033447024137292,0.23239066389667679,-0.029045961482947642,-366.773603648824,697.1883841780134,-331.0865546039099,-0.6717740747203834
19.84,0.0035240370453894537,0.5634543066300413,0.0,-2.006320008667282,1.0,-0.0002928370247095777,-0.0002928370247095777,-1.2033447024137292,0.23239066389667679,-0.029045961482947642,-366.773603648824,697.1883841780134,-331.0865546039099,-0.6717740747203834
19.86,0.0015231191292917022,0.04088745800469368,0.0,-2.006320008667282,1.0,-0.0002928370247095777,-0.0002928370247095777,-1.2033447024137292,0.23239066389667679,-0.029045961482947642,-366.773603648824,697.1883841780134,-331.0865546039099,-0.6717740747203834
19.88,-0.0006451462940596283,0.1586652404895019,0.0,-2.006320008667282,1.0,-0.0002928370247095777,-0.0002928370247095777,-1.2033447024137292,0.23239066389667679,-0.029045961482947642,-366.773603648824,697.1883841780134,-331.0865546039099,-0.6717740747203834
19.900000000000002,-0.002875925168178066,-2.9830498560459198,0.0,-2.006320008667282,1.0,-0.0002928370247095777,-0.0002928370247095777,-1.2033447024137292,0.23239066389667679,-0.029045961482947642,-366.773603648824,697.1883841780134,-331.0865546039099,-0.6717740747203834
19.92,-0.00429780074779465,-1.2989620372156114,0.0,-2.006320008667282,1.0,-0.0002928370247095777,-0.0002928370247095777,-1.2033447024137292,0.23239066389667679,-0.029045961482947642,-366.773603648824,697.1883841780134,-331.0865546039099,-0.6717740747203834
19.94,-0.004492918720243613,-1.9159341979298103,0.0,-2.006320008667282,1.0,-0.0002928370247095777,-0.0002928370247095777,-1.2033447024137292,0.23239066389667679,-0.029045961482947642,-366.773603648824,697.1883841780134,-331.0865546039099,-0.6717740747203834
19.96,-0.003775001610005754,1.7943920591790845,0.0,-2.006320008667282,1.0,-0.0002928370247095777,-0.0002928370247095777,-1.2033447024137292,0.23239066389667679,-0.029045961482947642,-366.773603648824,697.1883841780134,-331.0865546039099,-0.6717740747203834
19.98,-0.003045352040864831,-0.7474238212534314,0.0,-2.006320008667282,1.0,-0.0002928370247095777,-0.0002928370247095777,-1.2033447024137292,0.23239066389667679,-0.029045961482947642,-366.773603648824,697.1883841780134,-331.0865546039099,-0.6717740747203834
