t,y,u,ref,a1_est,a2_est,b1_est,b2_est,r1,r2,r3,s0,s1,s2,t0
0.0,0.1,37.15343219262194,0.0,-2.006320008667282,1.0,-0.0002928370247095777,-0.0002928370247095777,-1.2033447024137292,0.23239066389667679,-0.029045961482947642,-366.773603648824,697.1883841780134,-331.0865546039099,-0.6717740747203834
0.02,0.08949524029737485,7.701582723630565,0.0,-2.006320008667282,1.0,-0.0002928370247095777,-0.0002928370247095777,-1.2033447024137292,0.23239066389667679,-0.029045961482947642,-366.773603648824,697.1883841780134,-331.0865546039099,-0.6717740747203834
0.04,0.06648227169239126,-4.361172190194676,0.0,-2.006320008667282,1.0,-0.0002928370247095777,-0.0002928370247095777,-1.2033447024137292,0.23239066389667679,-0.029045961482947642,-366.773603648824,697.1883841780134,-331.0865546039099,-0.6717740747203834
0.06,0.04291273268160531,-6.609585628006238,0.0,-2.006320179321503,0.9999998093147521,-0.00027815124260123514,-0.00022199091043182133,-1.2033447024137292,0.23239066389667679,-0.029045961482947642,-366.773603648824,697.1883841780134,-331.0865546039099,-0.6717740747203834
0.08,0.022821999858266037,-7.080027590448133,0.0,-2.0063255042016643,0.9999922645970168,-0.0008771202496598123,-9.785806212657457e-05,-1.2033447024137292,0.23239066389667679,-0.029045961482947642,-366.773603648824,697.1883841780134,-331.0865546039099,-0.6717740747203834
0.1,0.006882378700427807,-9.170376518193095,0.0,-2.0063269118753326,0.9999899492376476,-0.0008774001510016653,-9.782548077211604e-05,-1.2033447024137292,0.23239066389667679,-0.029045961482947642,-366.773603648824,697.1883841780134,-331.0865546039099,-0.6717740747203834
0.12,-0.004255355847687802,-2.4310774139021207,0.0,-2.012524295088547,0.993538337346089,-0.0002644598436229199,-0.00022431581296629183,-1.2033447024137292,0.23239066389667679,-0.029045961482947642,-366.773603648824,697.1883841780134,-331.0865546039099,-0.6717740747203834
0.14,-0.012022663676906915,-2.248920011168054,0.0,-2.0066886676407014,1.0012401761893088,-0.0005212830849072103,-0.0001423231489463631,-1.2033447024137292,0.23239066389667679,-0.029045961482947642,-366.773603648824,697.1883841780134,-331.0865546039099,-0.6717740747203834
0.16,-0.018495549031312352,-4.226812864458904,0.0,-2.0120137376738603,0.9908380315868175,-0.0003913798471898544,-0.0002392735389526171,-1.2033447024137292,0.23239066389667679,-0.029045961482947642,-366.773603648824,697.1883841780134,-331.0865546039099,-0.6717740747203834
0.18,-0.023189334458427118,-0.8779092102020929,0.0,-2.011321452589639,0.9913310546575602,-0.00040562792641951005,-0.00023383916761914085,-1.2033447024137292,0.23239066389667679,-0.029045961482947642,-366.773603648824,697.1883841780134,-331.0865546039099,-0.6717740747203834
0.2,-0.026535206910732453,-2.639456711436584,0.0,-1.9988549019634463,1.004945142442357,-0.0007173118244591042,-0.0001036843140788955,-1.2033447024137292,0.23239066389667679,-0.029045961482947642,-366.773603648824,697.1883841780134,-331.0865546039099,-0.6717740747203834
0.22,-0.029019151456364554,-7.458818422394948,0.0,-1.9953110814205561,1.0060132835194806,-0.0007402754258316631,-9.737728052790906e-05,-1.2033447024137292,0.23239066389667679,-0.029045961482947642,-366.773603648824,697.1883841780134,-331.0865546039099,-0.6717740747203834
0.24,-0.02873073322326416,-1.434832165077264,0.0,-2.0195589564853718,0.9806820458379769,-0.0002468734975512192,-0.0003304421137993261,-1.2033447024137292,0.23239066389667679,-0.029045961482947642,-366.773603648824,697.1883841780134,-331.0865546039099,-0.6717740747203834
0.26,-0.026020711875282914,4.373539849596452,0.0,-2.030079322069189,0.9648059752691568,8.5181582777579e-05,-0.0004699769432712173,-1.2033447024137292,0.23239066389667679,-0.029045961482947642,-366.773603648824,697.1883841780134,-331.0865546039099,-0.6717740747203834
0.28,-0.02433537239190299,-2.0161675392514793,0.0,-2.027285983160102,0.9660265017258944,8.482949912120796e-05,-0.0004861779667977646,-1.2033447024137292,0.23239066389667679,-0.029045961482947642,-366.773603648824,697.1883841780134,-331.0865546039099,-0.6717740747203834
0.3,-0.023493884647904337,1.4302328266468813,0.0,-2.0295164423181085,0.9672399928616204,1.2472849823646823e-05,-0.00046595215200263357,-1.2033447024137292,0.23239066389667679,-0.029045961482947642,-366.773603648824,697.1883841780134,-331.0865546039099,-0.6717740747203834
0.32,-0.02262933783451299,-2.347810037691675,0.0,-2.0202814385308225,0.9779254887168686,-0.0001480130510784982,-0.00036257522715801133,-1.2033447024137292,0.23239066389667679,-0.029045961482947642,-366.773603648824,697.1883841780134,-331.0865546039099,-0.6717740747203834
0.34,-0.021639162037782076,3.1727788491423174,0.0,-2.0218362888875165,0.9776298324475372,-0.0001600799178203068,-0.00036082684540194107,-1.2033447024137292,0.23239066389667679,-0.029045961482947642,-366.773603648824,697.1883841780134,-331.0865546039099,-0.6717740747203834
0.36,-0.021027260922861116,-2.683233111926536,0.0,-2.0120697002523897,0.9890555677103233,-0.00034086145451405706,-0.00025880109149453424,-1.2033447024137292,0.23239066389667679,-0.029045961482947642,-366.773603648824,697.1883841780134,-331.0865546039099,-0.6717740747203834
0.38,-0.020691557857023337,-2.58157873544837,0.0,-2.011863640713054,0.9889527093035824,-0.00033532261661867386,-0.0002605243079621745,-1.2033447024137292,0.23239066389667679,-0.029045961482947642,-366.773603648824,697.1883841780134,-331.0865546039099,-0.6717740747203834
0.4,-0.01894525290411681,1.1542793014331072,0.0,-2.0155519928904986,0.9845679162122454,-0.00026351890864830294,-0.0003030095823992445,-1.2033447024137292,0.23239066389667679,-0.029045961482947642,-366.773603648824,697.1883841780134,-331.0865546039099,-0.6717740747203834
0.42,-0.01690080268299238,-0.9639341566412494,0.0,-2.01473710540555,0.9855479417459049,-0.0002799583456299879,-0.0002976133129510104,-1.2033447024137292,0.23239066389667679,-0.029045961482947642,-366.773603648824,697.1883841780134,-331.0865546039099,-0.6717740747203834
0.44,-0.015018877665305533,-0.3369591269645691,0.0,-2.015693957514998,0.9853465017483507,-0.00029183141133218396,-0.00029365700453287604,-1.2033447024137292,0.23239066389667679,-0.029045961482947642,-366.773603648824,697.1883841780134,-331.0865546039099,-0.6717740747203834
0.46,-0.012850964012575324,0.06928630562385621,0.0,-2.0172196184297557,0.9835730447038077,-0.0002707402294230258,-0.0003079826097979018,-1.2033447024137292,0.23239066389667679,-0.029045961482947642,-366.773603648824,697.1883841780134,-331.0865546039099,-0.6717740747203834
0.48,-0.010685885034363837,1.9005406999815933,0.0,-2.0182197958828247,0.9825798339440048,-0.00026401295538071057,-0.00031250143495469555,-1.2033447024137292,0.23239066389667679,-0.029045961482947642,-366.773603648824,697.1883841780134,-331.0865546039099,-0.6717740747203834
0.5,-0.00916514029134393,-0.623616906376065,0.0,-2.0175944497027736,0.983203863014205,-0.0002666265446664896,-0.00030944507753347084,-1.2033447024137292,0.23239066389667679,-0.029045961482947642,-366.773603648824,697.1883841780134,-331.0865546039099,-0.6717740747203834
0.52,-0.008076226561392223,3.102245560802576,0.0,-2.0180698760672224,0.9831259104339791,-0.00027568673438209726,-0.00030856352585799325,-1.2033447024137292,0.23239066389667679,-0.029045961482947642,-366.773603648824,697.1883841780134,-331.0865546039099,-0.6717740747203834
0.54,-0.007764163205363769,-2.821472412026722,0.0,-2.015142744847986,0.9869247484258052,-0.0003244886540278864,-0.00027286291969537115,-1.2033447024137292,0.23239066389667679,-0.029045961482947642,-366.773603648824,697.1883841780134,-331.0865546039099,-0.6717740747203834
0.56,-0.0075833874761273,-0.9198613340201023,0.0,-2.015598051454554,0.9875242417635344,-0.00034913841213561066,-0.0002658146759491206,-1.2033447024137292,0.23239066389667679,-0.029045961482947642,-366.773603648824,697.1883841780134,-331.0865546039099,-0.6717740747203834
0.58,-0.0063549733908025464,0.2703149299101069,0.0,-2.0165674654715673,0.9858223451035714,-0.00031556919156958276,-0.00028386886317872506,-1.2033447024137292,0.23239066389667679,-0.029045961482947642,-366.773603648824,697.1883841780134,-331.0865546039099,-0.6717740747203834
0.6,-0.004976515900981352,1.3057241108018167,0.0,-2.016610611000393,0.985748950378012,-0.00031428831665729524,-0.0002824845924058745,-1.2033447024137292,0.23239066389667679,-0.029045961482947642,-366.773603648824,697.1883841780134,-331.0865546039099,-0.6717740747203834
0.62,-0.004091025865265765,-1.7863215788948839,0.0,-2.01642223698195,0.9858977510905538,-0.000312297945591021,-0.0002832154604865814,-1.2033447024137292,0.23239066389667679,-0.029045961482947642,-366.773603648824,697.1883841780134,-331.0865546039099,-0.6717740747203834
0.64,-0.003090654434689223,-2.394944038381966,0.0,-2.0170804110717633,0.9858346109005071,-0.0003285002527288066,-0.0002817629032845875,-1.2033447024137292,0.23239066389667679,-0.029045961482947642,-366.773603648824,697.1883841780134,-331.0865546039099,-0.6717740747203834
0.66,-0.0008853922818427575,3.7865530596923827,0.0,-2.0187472593788387,0.9813310737340968,-0.00024333329035365853,-0.00032321025307426016,-1.2033447024137292,0.23239066389667679,-0.029045961482947642,-366.773603648824,697.1883841780134,-331.0865546039099,-0.6717740747203834
0.68,0.0009067587335339567,1.7028602070777512,0.0,-2.0188593214348485,0.9816636633883234,-0.00025129889934358523,-0.0003221032343409932,-1.2033447024137292,0.23239066389667679,-0.029045961482947642,-366.773603648824,697.1883841780134,-331.0865546039099,-0.6717740747203834
0.7000000000000001,0.001097137571532541,-2.7550556374334985,0.0,-2.0191091854230963,0.980932598505498,-0.00022853219343791064,-0.0003317257073674535,-1.2033447024137292,0.23239066389667679,-0.029045961482947642,-366.773603648824,697.1883841780134,-331.0865546039099,-0.6717740747203834
0.72,0.0016025718695884359,3.411675127567515,0.0,-2.020397129979509,0.9799936001354563,-0.0002411340473080123,-0.0003498173362419273,-1.2033447024137292,0.23239066389667679,-0.029045961482947642,-366.773603648824,697.1883841780134,-331.0865546039099,-0.6717740747203834
0.74,0.0019258530579361343,-2.521737584969488,0.0,-2.0202913196541403,0.9820521206578654,-0.0002917334322714779,-0.0003286192727033789,-1.2033447024137292,0.23239066389667679,-0.029045961482947642,-366.773603648824,697.1883841780134,-331.0865546039099,-0.6717740747203834
0.76,0.0020006998260171226,1.2228719258885414,0.0,-2.019210492199897,0.9850657183830371,-0.0003639683093413004,-0.0002945214677405842,-1.2033447024137292,0.23239066389667679,-0.029045961482947642,-366.773603648824,697.1883841780134,-331.0865546039099,-0.6717740747203834
0.78,0.002468546474124958,-0.5973609985554464,0.0,-2.019212458049237,0.9850564171127859,-0.00036376089269802957,-0.00029463242984292815,-1.2033447024137292,0.23239066389667679,-0.029045961482947642,-366.773603648824,697.1883841780134,-331.0865546039099,-0.6717740747203834
0.8,0.00276882207866345,-1.5923308394794335,0.0,-2.018597210114954,0.9859205490392492,-0.00038026116183664045,-0.00028358590859339344,-1.2033447024137292,0.23239066389667679,-0.029045961482947642,-366.773603648824,697.1883841780134,-331.0865546039099,-0.6717740747203834
0.8200000000000001,0.003727816254782609,-0.523276545642753,0.0,-2.0183295403981885,0.9850543899733178,-0.00036176852274943293,-0.0002941154345802722,-1.2033447024137292,0.23239066389667679,-0.029045961482947642,-366.773603648824,697.1883841780134,-331.0865546039099,-0.6717740747203834
0.84,0.005329893237487931,1.5467245121403828,0.0,-2.016785357998479,0.98419848210118,-0.00032852759903562916,-0.00029654323707390973,-1.2033447024137292,0.23239066389667679,-0.029045961482947642,-366.773603648824,697.1883841780134,-331.0865546039099,-0.6717740747203834
0.86,0.006665957424897589,1.845167708811669,0.0,-2.0154196464870626,0.9843901838408143,-0.00032812729870097454,-0.0002887261721229948,-1.2033447024137292,0.23239066389667679,-0.029045961482947642,-366.773603648824,697.1883841780134,-331.0865546039099,-0.6717740747203834
0.88,0.007050903002466362,0.4303410083327741,0.0,-2.015018322823282,0.98467579929699,-0.00033635151937357196,-0.0002850443594131539,-1.2033447024137292,0.23239066389667679,-0.029045961482947642,-366.773603648824,697.1883841780134,-331.0865546039099,-0.6717740747203834
0.9,0.0068140753421853115,-0.0825899339315283,0.0,-2.0147300936094923,0.9849405741585382,-0.00034571542083850957,-0.00028387338386204206,-1.2033447024137292,0.23239066389667679,-0.029045961482947642,-366.773603648824,697.1883841780134,-331.0865546039099,-0.6717740747203834
0.92,0.0065184806140749126,-2.347326241194861,0.0,-2.014404030972538,0.9850168917846113,-0.0003465602304958912,-0.0002857693813695518,-1.2033447024137292,0.23239066389667679,-0.029045961482947642,-366.773603648824,697.1883841780134,-331.0865546039099,-0.6717740747203834
0.9400000000000001,0.006975634147907694,2.504586346740702,0.0,-2.012556965740647,0.985870871611237,-0.0003463661267523676,-0.00028250754192009944,-1.2033447024137292,0.23239066389667679,-0.029045961482947642,-366.773603648824,697.1883841780134,-331.0865546039099,-0.6717740747203834
0.96,0.00743082568663186,0.6411340198465676,0.0,-2.0123278134770257,0.9857779152092639,-0.00034122698068658465,-0.0002832527976393103,-1.2033447024137292,0.23239066389667679,-0.029045961482947642,-366.773603648824,697.1883841780134,-331.0865546039099,-0.6717740747203834
0.98,0.007011824815830054,0.6026147604502741,0.0,-2.0118612505078834,0.986392416055981,-0.0003534652651021494,-0.0002765138187564809,-1.2033447024137292,0.23239066389667679,-0.029045961482947642,-366.773603648824,697.1883841780134,-331.0865546039099,-0.6717740747203834
1.0,0.006272932564936393,1.7463824973234994,0.0,-2.0118673691164903,0.9863913955579251,-0.0003534351955011771,-0.00027643419487234584,-1.2033447024137292,0.23239066389667679,-0.029045961482947642,-366.773603648824,697.1883841780134,-331.0865546039099,-0.6717740747203834
1.02,0.004885825621975188,-1.7429852346189287,0.0,-2.0127058351144136,0.985570356968643,-0.00034448013936983385,-0.0002797815540387263,-1.2033447024137292,0.23239066389667679,-0.029045961482947642,-366.773603648824,697.1883841780134,-331.0865546039099,-0.6717740747203834
1.04,0.003528604377162129,2.978620900467482,0.0,-2.0126604926044367,0.9857044355747412,-0.0003468324393766766,-0.000279092956532392,-1.2033447024137292,0.23239066389667679,-0.029045961482947642,-366.773603648824,697.1883841780134,-331.0865546039099,-0.6717740747203834
1.06,0.0018318439737380066,-4.862200916976633,0.0,-2.013071262889383,0.9867611574185314,-0.00040470570329947616,-0.00025469580061196424,-1.2033447024137292,0.23239066389667679,-0.029045961482947642,-366.773603648824,697.1883841780134,-331.0865546039099,-0.6717740747203834
1.08,0.0006982443223895425,-0.6310334069729571,0.0,-2.012642384240294,0.9891355789892028,-0.00044930152735931766,-0.00023472958674491137,-1.2033447024137292,0.23239066389667679,-0.029045961482947642,-366.773603648824,697.1883841780134,-331.0865546039099,-0.6717740747203834
1.1,0.0011776792304246234,-0.04617455385597413,0.0,-2.012846984222069,0.9877604563154669,-0.0004063994741491306,-0.0002520507592427458,-1.2033447024137292,0.23239066389667679,-0.029045961482947642,-366.773603648824,697.1883841780134,-331.0865546039099,-0.6717740747203834
1.12,0.0018628684838352533,0.14541907354544986,0.0,-2.012084383968886,0.9884163212134307,-0.000409813765227349,-0.00024111125601621486,-1.2033447024137292,0.23239066389667679,-0.029045961482947642,-366.773603648824,697.1883841780134,-331.0865546039099,-0.6717740747203834
1.1400000000000001,0.0025307686234162224,3.9793348869052143,0.0,-2.0118016169493473,0.9884588781306635,-0.00041054581655350684,-0.0002392662882079074,-1.2033447024137292,0.23239066389667679,-0.029045961482947642,-366.773603648824,697.1883841780134,-331.0865546039099,-0.6717740747203834
1.16,0.002006786955625972,-1.6821729253837185,0.0,-2.0126070149170245,0.9884471982000649,-0.0004069062983267894,-0.00024187524649960535,-1.2033447024137292,0.23239066389667679,-0.029045961482947642,-366.773603648824,697.1883841780134,-331.0865546039099,-0.6717740747203834
1.18,0.0008227970224511459,0.16272174641709647,0.0,-2.012592611689208,0.9880960820481722,-0.0003964268144075575,-0.0002444483825914948,-1.2033447024137292,0.23239066389667679,-0.029045961482947642,-366.773603648824,697.1883841780134,-331.0865546039099,-0.6717740747203834
1.2,8.895828924395809e-05,-0.5781362256464102,0.0,-2.0120921813609987,0.9889239187852016,-0.0004151498506151036,-0.00023061387158669,-1.2033447024137292,0.23239066389667679,-0.029045961482947642,-366.773603648824,697.1883841780134,-331.0865546039099,-0.6717740747203834
1.22,-0.0005226694872504232,-1.2659189980679848,0.0,-2.0122635606278285,0.9885322530705695,-0.00041206349940506266,-0.00023459325316759733,-1.2033447024137292,0.23239066389667679,-0.029045961482947642,-366.773603648824,697.1883841780134,-331.0865546039099,-0.6717740747203834
1.24,-0.0005975929774664723,0.5374303866239027,0.0,-2.0122839775185697,0.9885254200178331,-0.0004108256243067938,-0.0002349620314224506,-1.2033447024137292,0.23239066389667679,-0.029045961482947642,-366.773603648824,697.1883841780134,-331.0865546039099,-0.6717740747203834
1.26,-0.0004629648933100079,-2.0233758426146955,0.0,-2.012338066505236,0.9886021575456906,-0.0004153538430825471,-0.00023469928037176112,-1.2033447024137292,0.23239066389667679,-0.029045961482947642,-366.773603648824,697.1883841780134,-331.0865546039099,-0.6717740747203834
1.28,0.00010387707639061846,-0.13841435614988606,0.0,-2.012146758190192,0.9890689302668852,-0.0004243713481287673,-0.0002280409542486629,-1.2033447024137292,0.23239066389667679,-0.029045961482947642,-366.773603648824,697.1883841780134,-331.0865546039099,-0.6717740747203834
1.3,0.0013044277022927417,-0.2875256866072524,0.0,-2.0120577098620496,0.9881856502912233,-0.0004023895474760862,-0.00023508131777786584,-1.2033447024137292,0.23239066389667679,-0.029045961482947642,-366.773603648824,697.1883841780134,-331.0865546039099,-0.6717740747203834
1.32,0.0026379530049881793,4.953213665152555,0.0,-2.0110966366649774,0.9884769898967266,-0.00040632696197090656,-0.0002246438223065969,-1.2033447024137292,0.23239066389667679,-0.029045961482947642,-366.773603648824,697.1883841780134,-331.0865546039099,-0.6717740747203834
1.34,0.002621870394633663,-0.5161729589240034,0.0,-2.012107548611006,0.9890712512856454,-0.0004116277087538903,-0.00022523709220194417,-1.2033447024137292,0.23239066389667679,-0.029045961482947642,-366.773603648824,697.1883841780134,-331.0865546039099,-0.6717740747203834
1.36,0.0013230344208788778,1.8177084420754808,0.0,-2.0121507017687983,0.9879094623815213,-0.0003744072917958473,-0.00023496001358777418,-1.2033447024137292,0.23239066389667679,-0.029045961482947642,-366.773603648824,697.1883841780134,-331.0865546039099,-0.6717740747203834
1.3800000000000001,-0.00034857792706690705,-6.394921953404005,0.0,-2.010138525303668,0.9900323063824822,-0.00040637202003359035,-0.0001920857067052565,-1.2033447024137292,0.23239066389667679,-0.029045961482947642,-366.773603648824,697.1883841780134,-331.0865546039099,-0.6717740747203834
1.4000000000000001,-0.000682016276620201,-0.2598019264589997,0.0,-2.0105441050173645,0.9925338261039465,-0.0004483736080792644,-0.00017750012720068283,-1.2033447024137292,0.23239066389667679,-0.029045961482947642,-366.773603648824,697.1883841780134,-331.0865546039099,-0.6717740747203834
1.42,0.0009289837474742511,2.186586433817965,0.0,-2.0105106744680667,0.9898746033065238,-0.0003626442342648485,-0.00020417180306688736,-1.2033447024137292,0.23239066389667679,-0.029045961482947642,-366.773603648824,697.1883841780134,-331.0865546039099,-0.6717740747203834
1.44,0.0019816217001515472,0.472858153663279,0.0,-2.010746375452723,0.9897108872538722,-0.0003614157941208056,-0.00020757585263036195,-1.2033447024137292,0.23239066389667679,-0.029045961482947642,-366.773603648824,697.1883841780134,-331.0865546039099,-0.6717740747203834
1.46,0.002268001099235124,2.0974517797521015,0.0,-2.0106987908233824,0.9897764928649118,-0.00036546779593219473,-0.0002065546966187816,-1.2033447024137292,0.23239066389667679,-0.029045961482947642,-366.773603648824,697.1883841780134,-331.0865546039099,-0.6717740747203834
1.48,0.0018160344553399383,-0.9551483835672627,0.0,-2.010544601225256,0.9902228255803128,-0.0003650484240006834,-0.0001993244380553826,-1.2033447024137292,0.23239066389667679,-0.029045961482947642,-366.773603648824,697.1883841780134,-331.0865546039099,-0.6717740747203834
1.5,0.0010410374974596692,-1.958596358278888,0.0,-2.0105397615753473,0.9901423246956381,-0.0003627074044503558,-0.00019968451084866526,-1.2033447024137292,0.23239066389667679,-0.029045961482947642,-366.773603648824,697.1883841780134,-331.0865546039099,-0.6717740747203834
1.52,0.001125871654031379,1.5669147332857212,0.0,-2.0107851252607962,0.9897259737684615,-0.00035141745219675397,-0.00020834498590557957,-1.2033447024137292,0.23239066389667679,-0.029045961482947642,-366.773603648824,697.1883841780134,-331.0865546039099,-0.6717740747203834
1.54,0.001332520269636609,0.20805498212687024,0.0,-2.0110576225334222,0.989780804739429,-0.00035848131727115234,-0.0002088377567263165,-1.2033447024137292,0.23239066389667679,-0.029045961482947642,-366.773603648824,697.1883841780134,-331.0865546039099,-0.6717740747203834
1.56,0.0010278141002561913,1.924871430222391,0.0,-2.011219420374863,0.9895023583425986,-0.000353109952470211,-0.00021222732591022535,-1.2033447024137292,0.23239066389667679,-0.029045961482947642,-366.773603648824,697.1883841780134,-331.0865546039099,-0.6717740747203834
1.58,0.00010500414339793625,0.37900643950404156,0.0,-2.010872820129856,0.9898143408079447,-0.0003541507703552731,-0.00020404146698812685,-1.2033447024137292,0.23239066389667679,-0.029045961482947642,-366.773603648824,697.1883841780134,-331.0865546039099,-0.6717740747203834
1.6,-0.0014918027794306808,-4.86517218444249,0.0,-2.0104199114826167,0.9886430217825702,-0.0003260041621649817,-0.00020896442971590588,-1.2033447024137292,0.23239066389667679,-0.029045961482947642,-366.773603648824,697.1883841780134,-331.0865546039099,-0.6717740747203834
1.62,-0.0017843249861737435,1.9570016035576536,0.0,-2.0116282780978394,0.9886878814465022,-0.00032661536142391845,-0.0002190212479185237,-1.2033447024137292,0.23239066389667679,-0.029045961482947642,-366.773603648824,697.1883841780134,-331.0865546039099,-0.6717740747203834
1.6400000000000001,-0.00123650633435992,-0.6216422658444842,0.0,-2.0116848236064624,0.9895713245709865,-0.00035923316988404014,-0.00021143407370424115,-1.2033447024137292,0.23239066389667679,-0.029045961482947642,-366.773603648824,697.1883841780134,-331.0865546039099,-0.6717740747203834
1.6600000000000001,-0.001087544613153851,3.475289978393686,0.0,-2.0116938287844937,0.9895538179788309,-0.0003589410366618261,-0.0002116959575503544,-1.2033447024137292,0.23239066389667679,-0.029045961482947642,-366.773603648824,697.1883841780134,-331.0865546039099,-0.6717740747203834
1.68,-0.001781109234797382,-0.7460878019416288,0.0,-2.0104085933775138,0.9913739799045829,-0.0003784788579460983,-0.00019024614030263185,-1.2033447024137292,0.23239066389667679,-0.029045961482947642,-366.773603648824,697.1883841780134,-331.0865546039099,-0.6717740747203834
1.7,-0.0032851411802093844,-5.427241821462946,0.0,-2.00961107017943,0.9899842559301077,-0.00033621785651021484,-0.0002000519535033775,-1.2033447024137292,0.23239066389667679,-0.029045961482947642,-366.773603648824,697.1883841780134,-331.0865546039099,-0.6717740747203834
1.72,-0.0030021673202096483,1.1413632264978881,0.0,-2.012264079916973,0.9885307719006613,-0.00031473136722691,-0.00022979254443432023,-1.2033447024137292,0.23239066389667679,-0.029045961482947642,-366.773603648824,697.1883841780134,-331.0865546039099,-0.6717740747203834
1.74,-0.0014831119658134133,-2.0405758690006914,0.0,-2.0122234457070203,0.9883370159551683,-0.0003074344310969601,-0.00023077882906130708,-1.2033447024137292,0.23239066389667679,-0.029045961482947642,-366.773603648824,697.1883841780134,-331.0865546039099,-0.6717740747203834
1.76,0.00028989346665390047,4.038284413357468,0.0,-2.0103823963224468,0.9902272162854344,-0.00033812827739373606,-0.0001898127011226962,-1.2033447024137292,0.23239066389667679,-0.029045961482947642,-366.773603648824,697.1883841780134,-331.0865546039099,-0.6717740747203834
1.78,0.0014797284211012422,-1.294448089502997,0.0,-2.0104737561518173,0.991158798511762,-0.0003508844315641809,-0.00018423960365640776,-1.2033447024137292,0.23239066389667679,-0.029045961482947642,-366.773603648824,697.1883841780134,-331.0865546039099,-0.6717740747203834
1.8,0.0018754190172529104,-0.6024244164085937,0.0,-2.010143903018466,0.9919840027831304,-0.00038206377316461423,-0.00017258146210090777,-1.2033447024137292,0.23239066389667679,-0.029045961482947642,-366.773603648824,697.1883841780134,-331.0865546039099,-0.6717740747203834
1.82,0.0028384355818542963,1.93299512041379,0.0,-2.0107042979638825,0.9902233208586224,-0.00036206818696360405,-0.00019488857984974534,-1.2033447024137292,0.23239066389667679,-0.029045961482947642,-366.773603648824,697.1883841780134,-331.0865546039099,-0.6717740747203834
1.84,0.0034297530467476546,-1.2386847594719335,0.0,-2.0106950019828966,0.990224035244286,-0.0003620365093794553,-0.0001948379864163532,-1.2033447024137292,0.23239066389667679,-0.029045961482947642,-366.773603648824,697.1883841780134,-331.0865546039099,-0.6717740747203834
1.86,0.00383942775628567,-0.307023558489421,0.0,-2.0099744022207298,0.9908630252950519,-0.00038183756088364183,-0.00018769616472192244,-1.2033447024137292,0.23239066389667679,-0.029045961482947642,-366.773603648824,697.1883841780134,-331.0865546039099,-0.6717740747203834
1.8800000000000001,0.004726004423689109,1.9602080330569376,0.0,-2.009369600438552,0.9900130372349725,-0.00036519261009303737,-0.0001981127022642942,-1.2033447024137292,0.23239066389667679,-0.029045961482947642,-366.773603648824,697.1883841780134,-331.0865546039099,-0.6717740747203834
1.9000000000000001,0.00515834256924154,0.8001391904513957,0.0,-2.009144856110973,0.9900635036951796,-0.00036503394380053795,-0.00019698807690929563,-1.2033447024137292,0.23239066389667679,-0.029045961482947642,-366.773603648824,697.1883841780134,-331.0865546039099,-0.6717740747203834
1.92,0.004814961435416614,-0.43624357971326255,0.0,-2.009073642803671,0.9901185512110487,-0.00036642337216047924,-0.00019650895452596903,-1.2033447024137292,0.23239066389667679,-0.029045961482947642,-366.773603648824,697.1883841780134,-331.0865546039099,-0.6717740747203834
1.94,0.00439545028691906,1.0975351007666054,0.0,-2.0089095963758314,0.9901773595377926,-0.00036875674254924044,-0.00019885928420273328,-1.2033447024137292,0.23239066389667679,-0.029045961482947642,-366.773603648824,697.1883841780134,-331.0865546039099,-0.6717740747203834
1.96,0.003810069422012028,-2.1113235915642212,0.0,-2.0091109675964027,0.9901105340862753,-0.000369970172118685,-0.00019847361871511935,-1.2033447024137292,0.23239066389667679,-0.029045961482947642,-366.773603648824,697.1883841780134,-331.0865546039099,-0.6717740747203834
1.98,0.0035456412492509224,-0.38021631843889026,0.0,-2.0083785170406623,0.9910768203605053,-0.0003810749276825246,-0.00019251799834774992,-1.2033447024137292,0.23239066389667679,-0.029045961482947642,-366.773603648824,697.1883841780134,-331.0865546039099,-0.6717740747203834
2.0,0.00403323128917799,-1.814750042023996,0.0,-2.007665293101144,0.9907760511286481,-0.00036173232083432197,-0.00019770886276046788,-1.2033447024137292,0.23239066389667679,-0.029045961482947642,-366.773603648824,697.1883841780134,-331.0865546039099,-0.6717740747203834
2.02,0.005189071831953912,6.063223683731728,0.0,-2.004710072573185,0.9921501330605889,-0.00036081436226627876,-0.0001761421749963371,-1.2404055628855761,0.2696813352864189,-0.029275772400842753,-395.9260776511296,743.5866374240641,-348.3932832157702,-0.7327234428358742
2.04,0.005133619837555057,-1.8577315979624318,0.0,-2.0067659490258385,0.99256942865347,-0.0003815894455559417,-0.00017825718108540657,-1.2404055628855761,0.2696813352864189,-0.029275772400842753,-395.9260776511296,743.5866374240641,-348.3932832157702,-0.7327234428358742
2.06,0.0038791113011245053,-1.4775193443374341,0.0,-2.006330593794266,0.9938441711997559,-0.0004145729631477879,-0.00016757953990815917,-1.2404055628855761,0.2696813352864189,-0.029275772400842753,-395.9260776511296,743.5866374240641,-348.3932832157702,-0.7327234428358742
2.08,0.003625794455258462,1.4269728718498262,0.0,-2.0070883218141344,0.9923515835457416,-0.0003881884021438887,-0.00019958874918154886,-1.2404055628855761,0.2696813352864189,-0.029275772400842753,-395.9260776511296,743.5866374240641,-348.3932832157702,-0.7327234428358742
2.1,0.0034101942981960474,-0.21631700380526864,0.0,-2.0069707708194633,0.9924117058895752,-0.0003873780823167289,-0.0001988630326031387,-1.2404055628855761,0.2696813352864189,-0.029275772400842753,-395.9260776511296,743.5866374240641,-348.3932832157702,-0.7327234428358742
2.12,0.0028616242717309707,0.1288507617761785,0.0,-2.0065906497356485,0.9928696873049043,-0.0003931577444009203,-0.0001946888725319954,-1.2404055628855761,0.2696813352864189,-0.029275772400842753,-395.9260776511296,743.5866374240641,-348.3932832157702,-0.7327234428358742
2.14,0.0023567528193760524,-2.9764554182935017,0.0,-2.006510317343488,0.9928871656390944,-0.00039211241836315284,-0.0001963080173862042,-1.2404055628855761,0.2696813352864189,-0.029275772400842753,-395.9260776511296,743.5866374240641,-348.3932832157702,-0.7327234428358742
2.16,0.0027006575171160314,-1.8481845337431757,0.0,-2.0055536676732886,0.9939013156838741,-0.0003950599517876718,-0.00019115421329528098,-1.2404055628855761,0.2696813352864189,-0.029275772400842753,-395.9260776511296,743.5866374240641,-348.3932832157702,-0.7327234428358742
2.18,0.00447445699928053,4.668061538617962,0.0,-2.0029856463505418,0.9927654836121979,-0.0003327949347132753,-0.0001961164312077139,-1.2404055628855761,0.2696813352864189,-0.029275772400842753,-395.9260776511296,743.5866374240641,-348.3932832157702,-0.7327234428358742
2.2,0.005450784873253503,4.5280291870560845,0.0,-2.003209478659769,0.9927516213074036,-0.0003340826633625915,-0.00019742432210213996,-1.2404055628855761,0.2696813352864189,-0.029275772400842753,-395.9260776511296,743.5866374240641,-348.3932832157702,-0.7327234428358742
2.22,0.0037686476175397316,-2.301757947100521,0.0,-2.004870665911292,0.9907469637472718,-0.00027318624677652903,-0.0002196002696996151,-1.2404055628855761,0.2696813352864189,-0.029275772400842753,-395.9260776511296,743.5866374240641,-348.3932832157702,-0.7327234428358742
2.24,0.001458404566426254,-0.42914166105310736,0.0,-2.0052885358619745,0.9908991551424349,-0.00028427107096736475,-0.00022434533519230095,-1.2404055628855761,0.2696813352864189,-0.029275772400842753,-395.9260776511296,743.5866374240641,-348.3932832157702,-0.7327234428358742
2.2600000000000002,-4.2915217970194985e-05,3.1946017614825037,0.0,-2.0051520281822692,0.9909857620687955,-0.00028836325717057084,-0.0002206719900015397,-1.2404055628855761,0.2696813352864189,-0.029275772400842753,-395.9260776511296,743.5866374240641,-348.3932832157702,-0.7327234428358742
2.2800000000000002,-0.002354334910813089,-5.563864185626942,0.0,-2.0062628057775966,0.9879494959889347,-0.00028993676474848033,-0.00024459503767232046,-1.2404055628855761,0.2696813352864189,-0.029275772400842753,-395.9260776511296,743.5866374240641,-348.3932832157702,-0.7327234428358742
2.3000000000000003,-0.003986833512864226,-0.03758681981528156,0.0,-2.0073764204833555,0.9895038835864134,-0.00031607607013287253,-0.00023966874514472035,-1.2404055628855761,0.2696813352864189,-0.029275772400842753,-395.9260776511296,743.5866374240641,-348.3932832157702,-0.7327234428358742
2.32,-0.004004229474117906,1.9327692376401235,0.0,-2.0072285599117943,0.9896842891410685,-0.00032232278067812603,-0.00023700216133661564,-1.2404055628855761,0.2696813352864189,-0.029275772400842753,-395.9260776511296,743.5866374240641,-348.3932832157702,-0.7327234428358742
2.34,-0.00460190627537421,0.7728721272665537,0.0,-2.0078853778405934,0.9880668870734444,-0.0003174935535826686,-0.0002643032544246953,-1.2404055628855761,0.2696813352864189,-0.029275772400842753,-395.9260776511296,743.5866374240641,-348.3932832157702,-0.7327234428358742
2.36,-0.00602096919434551,-7.893919012939071,0.0,-2.0059252579468376,0.9878475473219075,-0.00029706691477560495,-0.00026338744132909286,-1.2404055628855761,0.2696813352864189,-0.029275772400842753,-395.9260776511296,743.5866374240641,-348.3932832157702,-0.7327234428358742
2.38,-0.005392824367521156,3.9957980399063064,0.0,-2.0115782190496554,0.9870529783643358,-0.000309324027807412,-0.0002900752553954135,-1.2404055628855761,0.2696813352864189,-0.029275772400842753,-395.9260776511296,743.5866374240641,-348.3932832157702,-0.7327234428358742
2.4,-0.003657279470234704,-2.2966525450741484,0.0,-2.01146064828311,0.988521492396121,-0.000350958931343555,-0.00028195438967534354,-1.2404055628855761,0.2696813352864189,-0.029275772400842753,-395.9260776511296,743.5866374240641,-348.3932832157702,-0.7327234428358742
2.42,-0.0024424141098316346,3.3878334799343044,0.0,-2.0105320777425364,0.9904764702891268,-0.0003909175128747263,-0.00024072661876131334,-1.2404055628855761,0.2696813352864189,-0.029275772400842753,-395.9260776511296,743.5866374240641,-348.3932832157702,-0.7327234428358742
2.44,-0.0015625237896506861,4.373328740137816,0.0,-2.009883652098377,0.9918127371565605,-0.00040124494511502605,-0.00022915334344221608,-1.2404055628855761,0.2696813352864189,-0.029275772400842753,-395.9260776511296,743.5866374240641,-348.3932832157702,-0.7327234428358742
2.46,-0.002965260000812953,-3.51263053399488,0.0,-2.009286866509867,0.9909176580364438,-0.0003460002972176512,-0.00025005120598250123,-1.2404055628855761,0.2696813352864189,-0.029275772400842753,-395.9260776511296,743.5866374240641,-348.3932832157702,-0.7327234428358742
2.48,-0.004638784231091844,-1.2868963050031947,0.0,-2.0093297724550943,0.990916255419757,-0.0003465018699327896,-0.0002502919637746169,-1.2404055628855761,0.2696813352864189,-0.029275772400842753,-395.9260776511296,743.5866374240641,-348.3932832157702,-0.7327234428358742
2.5,-0.004936161697715659,-2.1778888575129054,0.0,-2.009134925443769,0.9910374380779899,-0.00034909116887786584,-0.0002481320564349582,-1.2404055628855761,0.2696813352864189,-0.029275772400842753,-395.9260776511296,743.5866374240641,-348.3932832157702,-0.7327234428358742
2.52,-0.004250131785043499,-0.9587727522088401,0.0,-2.0092285709335886,0.9914480076511973,-0.00034411267552052,-0.0002397972713899632,-1.2232136726230773,0.25251017759236893,-0.029296504969291686,-378.3133623696556,704.6093837473982,-326.9698250091382,-0.6738036313955961
2.54,-0.0026724415232230857,4.809498347463563,0.0,-2.009465402910429,0.9909034707055452,-0.00033158670489227566,-0.00023780732942898274,-1.2232136726230773,0.25251017759236893,-0.029296504969291686,-378.3133623696556,704.6093837473982,-326.9698250091382,-0.6738036313955961
2.56,-0.0022392731236125503,-1.4390083933851416,0.0,-2.009872544807586,0.9918640322802719,-0.0003413818376917076,-0.00024863389629107966,-1.2232136726230773,0.25251017759236893,-0.029296504969291686,-378.3133623696556,704.6093837473982,-326.9698250091382,-0.6738036313955961
2.58,-0.0028072588618831768,-1.1306540900962854,0.0,-2.0097317832758574,0.9918265090323537,-0.0003371260292954743,-0.00024911291269155667,-1.2232136726230773,0.25251017759236893,-0.029296504969291686,-378.3133623696556,704.6093837473982,-326.9698250091382,-0.6738036313955961
2.6,-0.002640497371789267,0.34648777264248853,0.0,-2.0100175816023595,0.9915805268182104,-0.0003353820650809087,-0.0002526384259847199,-1.2232136726230773,0.25251017759236893,-0.029296504969291686,-378.3133623696556,704.6093837473982,-326.9698250091382,-0.6738036313955961
2.62,-0.0022607919455812963,1.8764248013976683,0.0,-2.0099972926062355,0.9915876948234585,-0.00033708239459655134,-0.0002537006939694551,-1.2232136726230773,0.25251017759236893,-0.029296504969291686,-378.3133623696556,704.6093837473982,-326.9698250091382,-0.6738036313955961
2.64,-0.0025463238802884377,-0.35731395237279573,0.0,-2.0096590366777045,0.9916646131474147,-0.0003340150552962266,-0.00025757897119807146,-1.2232136726230773,0.25251017759236893,-0.029296504969291686,-378.3133623696556,704.6093837473982,-326.9698250091382,-0.6738036313955961
2.66,-0.0032927990973618364,-0.3795988489430706,0.0,-2.0088851676615005,0.9916752126933701,-0.00032507785353165736,-0.00025595866783206133,-1.2232136726230773,0.25251017759236893,-0.029296504969291686,-378.3133623696556,704.6093837473982,-326.9698250091382,-0.6738036313955961
2.68,-0.0038442906678481923,-3.675359945319812,0.0,-2.0079745564340428,0.9920073366751685,-0.0003268638055425297,-0.0002496976646228978,-1.2232136726230773,0.25251017759236893,-0.029296504969291686,-378.3133623696556,704.6093837473982,-326.9698250091382,-0.6738036313955961
2.7,-0.0032326458243681425,0.627624753723059,0.0,-2.0089432802422,0.9920167658779958,-0.00032452229410865425,-0.00024991084870647397,-1.2232136726230773,0.25251017759236893,-0.029296504969291686,-378.3133623696556,704.6093837473982,-326.9698250091382,-0.6738036313955961
2.72,-0.0017489484829707495,0.9902695983783345,0.0,-2.008946487707414,0.9918237493395368,-0.0003192620236678719,-0.0002501599344185895,-1.2232136726230773,0.25251017759236893,-0.029296504969291686,-378.3133623696556,704.6093837473982,-326.9698250091382,-0.6738036313955961
2.74,-0.0007500827912185963,-0.22909577593144403,0.0,-2.0089769667068396,0.9918164957734635,-0.0003189931362184837,-0.00025089944673517724,-1.2232136726230773,0.25251017759236893,-0.029296504969291686,-378.3133623696556,704.6093837473982,-326.9698250091382,-0.6738036313955961
2.7600000000000002,2.1142721142770426e-05,2.0069850887625256,0.0,-2.0091203132375903,0.9915490547845179,-0.0003212312668704862,-0.00025218413941590875,-1.2232136726230773,0.25251017759236893,-0.029296504969291686,-378.3133623696556,704.6093837473982,-326.9698250091382,-0.6738036313955961
2.7800000000000002,0.00027187004185491093,-2.3632740354570307,0.0,-2.00904682073995,0.9920500808273033,-0.00032250430910324705,-0.0002490438892461805,-1.2232136726230773,0.25251017759236893,-0.029296504969291686,-378.3133623696556,704.6093837473982,-326.9698250091382,-0.6738036313955961
2.8000000000000003,0.0006286501892150319,1.2751537614258353,0.0,-2.0092277460202186,0.9921769030746136,-0.0003351544573498563,-0.0002478395838016745,-1.2232136726230773,0.25251017759236893,-0.029296504969291686,-378.3133623696556,704.6093837473982,-326.9698250091382,-0.6738036313955961
2.82,0.001308045392605337,1.5872464463268317,0.0,-2.009232369120936,0.9922196845520648,-0.00033587885048321945,-0.0002474466366136544,-1.2232136726230773,0.25251017759236893,-0.029296504969291686,-378.3133623696556,704.6093837473982,-326.9698250091382,-0.6738036313955961
2.84,0.0011574914326977514,-1.4507905427401815,0.0,-2.0097286504316454,0.9918778393679165,-0.0003304882923779761,-0.00025385793906000095,-1.2232136726230773,0.25251017759236893,-0.029296504969291686,-378.3133623696556,704.6093837473982,-326.9698250091382,-0.6738036313955961
2.86,0.0009742936766229502,-0.4882270527332613,0.0,-2.00987207390508,0.9918597933471739,-0.0003349291953939936,-0.0002558391913266431,-1.2232136726230773,0.25251017759236893,-0.029296504969291686,-378.3133623696556,704.6093837473982,-326.9698250091382,-0.6738036313955961
2.88,0.0013650692711660545,0.8551125354814817,0.0,-2.0098365646527236,0.9916764943947795,-0.00033036753578401034,-0.0002587184139491991,-1.2232136726230773,0.25251017759236893,-0.029296504969291686,-378.3133623696556,704.6093837473982,-326.9698250091382,-0.6738036313955961
2.9,0.001657034636743299,1.7768560792310528,0.0,-2.0098591460881448,0.9916686143891233,-0.0003304468744665433,-0.000258890141952186,-1.2232136726230773,0.25251017759236893,-0.029296504969291686,-378.3133623696556,704.6093837473982,-326.9698250091382,-0.6738036313955961
2.92,0.0011887357179175043,1.9233024471351443,0.0,-2.010206962609125,0.9914987514220891,-0.0003260479678634451,-0.000261129972854953,-1.2232136726230773,0.25251017759236893,-0.029296504969291686,-378.3133623696556,704.6093837473982,-326.9698250091382,-0.6738036313955961
2.94,-0.0003555930244041755,-0.5867683803416608,0.0,-2.009760073335046,0.9910430077334469,-0.000307949036230403,-0.0002572247104811106,-1.2232136726230773,0.25251017759236893,-0.029296504969291686,-378.3133623696556,704.6093837473982,-326.9698250091382,-0.6738036313955961
2.96,-0.002293555686330913,-1.5937129894532494,0.0,-2.0085563367302712,0.9904892923152528,-0.00029408624254784866,-0.00025006226407446526,-1.2232136726230773,0.25251017759236893,-0.029296504969291686,-378.3133623696556,704.6093837473982,-326.9698250091382,-0.6738036313955961
2.98,-0.0036074899387484568,-4.66502991688114,0.0,-2.007818405375351,0.9903253611766433,-0.00029638812452436637,-0.00024520232535720334,-1.2232136726230773,0.25251017759236893,-0.029296504969291686,-378.3133623696556,704.6093837473982,-326.9698250091382,-0.6738036313955961
3.0,-0.003111445020775193,2.8363173782867763,0.0,-2.008835467673675,0.9909975232241874,-0.0002816576406157528,-0.00024328410304527758,-1.2232136726230773,0.25251017759236893,-0.029296504969291686,-378.3133623696556,704.6093837473982,-326.9698250091382,-0.6738036313955961
3.02,-0.0020995556434199947,0.12669350171426608,0.0,-2.0090586570620523,0.9912407544536873,-0.00029554867701983643,-0.000245215824703003,-1.2145699782514108,0.24387260866934185,-0.029302630417931158,-410.655924062341,764.7724546801571,-354.8440943565283,-0.7275637387121708
3.04,-0.0019686120460731273,-0.41957086269975047,0.0,-2.00901163278421,0.9913861856206505,-0.00029884800640648894,-0.00024205430179770926,-1.2145699782514108,0.24387260866934185,-0.029302630417931158,-410.655924062341,764.7724546801571,-354.8440943565283,-0.7275637387121708
3.06,-0.0017643449149670838,-1.2619786168329252,0.0,-2.009695708032524,0.9907690854065353,-0.00029904051405420874,-0.00024922097493815763,-1.2145699782514108,0.24387260866934185,-0.029302630417931158,-410.655924062341,764.7724546801571,-354.8440943565283,-0.7275637387121708
3.08,-0.0010788092619644569,3.735270117702184,0.0,-2.0101756483828948,0.9903188377569699,-0.00029587697879948443,-0.0002512023467526482,-1.2145699782514108,0.24387260866934185,-0.029302630417931158,-410.655924062341,764.7724546801571,-354.8440943565283,-0.7275637387121708
3.1,-0.0011243628588923301,0.5299281468941253,0.0,-2.0102744044088303,0.9906782366144515,-0.00030170775665237126,-0.00025165150622028057,-1.2145699782514108,0.24387260866934185,-0.029302630417931158,-410.655924062341,764.7724546801571,-354.8440943565283,-0.7275637387121708
3.12,-0.002426029539854398,-3.5481608101294833,0.0,-2.0100481937120733,0.9904698145069576,-0.0002932713795051595,-0.0002534256584368754,-1.2145699782514108,0.24387260866934185,-0.029302630417931158,-410.655924062341,764.7724546801571,-354.8440943565283,-0.7275637387121708
3.14,-0.002859182366907196,2.4414765047453963,0.0,-2.0126783528233525,0.9896828809547651,-0.0002975653609236894,-0.0002761807565565126,-1.2145699782514108,0.24387260866934185,-0.029302630417931158,-410.655924062341,764.7724546801571,-354.8440943565283,-0.7275637387121708
3.16,-0.002986328850231946,0.8268737373878445,0.0,-2.012538155829063,0.9898824498171229,-0.00030697301444966563,-0.000274620392648836,-1.2145699782514108,0.24387260866934185,-0.029302630417931158,-410.655924062341,764.7724546801571,-354.8440943565283,-0.7275637387121708
3.18,-0.004089437915816626,0.06271966342764362,0.0,-2.012383398804792,0.9894326445280217,-0.0003000042232680258,-0.0002805120864530333,-1.2145699782514108,0.24387260866934185,-0.029302630417931158,-410.655924062341,764.7724546801571,-354.8440943565283,-0.7275637387121708
3.2,-0.005478895414042338,-2.225869436869864,0.0,-2.011411003705102,0.9896389764534511,-0.0002974455302661307,-0.0002749037074403558,-1.2145699782514108,0.24387260866934185,-0.029302630417931158,-410.655924062341,764.7724546801571,-354.8440943565283,-0.7275637387121708
3.22,-0.006269540910602807,-0.6145557819436829,0.0,-2.012298685959099,0.9896561517438137,-0.0002978578118573779,-0.0002774419706110886,-1.2145699782514108,0.24387260866934185,-0.029302630417931158,-410.655924062341,764.7724546801571,-354.8440943565283,-0.7275637387121708
3.24,-0.006268045895686755,0.6475962630866884,0.0,-2.0127427729024614,0.9895463845857878,-0.00029367656383557625,-0.0002784011938051597,-1.2145699782514108,0.24387260866934185,-0.029302630417931158,-410.655924062341,764.7724546801571,-354.8440943565283,-0.7275637387121708
3.2600000000000002,-0.006315839934305385,-1.3589357966667972,0.0,-2.0126132976160287,0.9895487368043234,-0.0002940651674968286,-0.00027916432275968843,-1.2145699782514108,0.24387260866934185,-0.029302630417931158,-410.655924062341,764.7724546801571,-354.8440943565283,-0.7275637387121708
3.2800000000000002,-0.006195248076115441,3.365726104009779,0.0,-2.0136898210561442,0.9892978697065047,-0.0002970338693957084,-0.00027961351678119066,-1.2145699782514108,0.24387260866934185,-0.029302630417931158,-410.655924062341,764.7724546801571,-354.8440943565283,-0.7275637387121708
3.3000000000000003,-0.00670145965533692,-6.148483121662297,0.0,-2.0115908436806045,0.9906564871859636,-0.0003079295295118836,-0.00027145708583807413,-1.2145699782514108,0.24387260866934185,-0.029302630417931158,-410.655924062341,764.7724546801571,-354.8440943565283,-0.7275637387121708
3.3200000000000003,-0.006435155725416616,5.2742776717284165,0.0,-2.016417582567589,0.9912838561338472,-0.0003568502885242052,-0.00026566238852716395,-1.2145699782514108,0.24387260866934185,-0.029302630417931158,-410.655924062341,764.7724546801571,-354.8440943565283,-0.7275637387121708
3.34,-0.005953537189964239,0.00511805193739967,0.0,-2.0145085729429693,0.9942771790987992,-0.00040611237770812685,-0.0002425844597669691,-1.2145699782514108,0.24387260866934185,-0.029302630417931158,-410.655924062341,764.7724546801571,-354.8440943565283,-0.7275637387121708
3.36,-0.00705551647152546,-1.7067257751362657,0.0,-2.0138268584278594,0.9934436464493731,-0.0003844917647214888,-0.0002573294678561212,-1.2145699782514108,0.24387260866934185,-0.029302630417931158,-410.655924062341,764.7724546801571,-354.8440943565283,-0.7275637387121708
3.38,-0.007703807357394817,0.2213785713239793,0.0,-2.0142563010461116,0.9932423096931982,-0.00038471162745166033,-0.0002604255396213622,-1.2145699782514108,0.24387260866934185,-0.029302630417931158,-410.655924062341,764.7724546801571,-354.8440943565283,-0.7275637387121708
3.4,-0.007965835110430513,-0.31735842157627836,0.0,-2.013528417688048,0.9934250195257986,-0.00038823921631937183,-0.0002592593840903442,-1.2145699782514108,0.24387260866934185,-0.029302630417931158,-410.655924062341,764.7724546801571,-354.8440943565283,-0.7275637387121708
3.42,-0.008250100905716875,-2.376315738175365,0.0,-2.01297317703483,0.9934698328981196,-0.00038767222249672513,-0.00026017176521156286,-1.2145699782514108,0.24387260866934185,-0.029302630417931158,-410.655924062341,764.7724546801571,-354.8440943565283,-0.7275637387121708
3.44,-0.0077977294289171915,4.410574701013589,0.0,-2.014790060118593,0.9928692176188479,-0.00038693656462072045,-0.00026398499202867013,-1.2145699782514108,0.24387260866934185,-0.029302630417931158,-410.655924062341,764.7724546801571,-354.8440943565283,-0.7275637387121708
3.46,-0.0079903276684494,-1.2744304882071056,0.0,-2.0120419459058465,0.99488173336829,-0.0004108380085404675,-0.00025989051311119853,-1.2145699782514108,0.24387260866934185,-0.029302630417931158,-410.655924062341,764.7724546801571,-354.8440943565283,-0.7275637387121708
3.48,-0.009151773696015114,0.238592194508632,0.0,-2.01041243496998,0.994750258985116,-0.00039346797657999964,-0.0002628947865914039,-1.2145699782514108,0.24387260866934185,-0.029302630417931158,-410.655924062341,764.7724546801571,-354.8440943565283,-0.7275637387121708
3.5,-0.010067738521614323,-1.9404746579286278,0.0,-2.006684063465647,0.9964098456069491,-0.00039917043193049405,-0.00024000000065933918,-1.2145699782514108,0.24387260866934185,-0.029302630417931158,-410.655924062341,764.7724546801571,-354.8440943565283,-0.7275637387121708
3.52,-0.010548986155687733,-2.098120860034764,0.0,-2.006786088484331,0.9964071857834741,-0.0003992586435733666,-0.00023997269827262752,-1.2293930131964694,0.2585437077090837,-0.02915069451261416,-335.41986777228567,632.7822027710781,-297.9778252241311,-0.6154902253386105
3.54,-0.009914325389917576,-0.3371754969221188,0.0,-2.0093519557607564,0.9954936709176841,-0.00038943564965223683,-0.000245059042378268,-1.2293930131964694,0.2585437077090837,-0.02915069451261416,-335.41986777228567,632.7822027710781,-297.9778252241311,-0.6154902253386105
3.56,-0.00862921794351881,1.0896392418127998,0.0,-2.0108181396085185,0.994677286298962,-0.0003795259526842918,-0.00024219942252471407,-1.2293930131964694,0.2585437077090837,-0.02915069451261416,-335.41986777228567,632.7822027710781,-297.9778252241311,-0.6154902253386105
3.58,-0.007618986775559828,0.5464604180340389,0.0,-2.0111866674348535,0.9944108831412262,-0.00037916885461520585,-0.00024134384529110484,-1.2293930131964694,0.2585437077090837,-0.02915069451261416,-335.41986777228567,632.7822027710781,-297.9778252241311,-0.6154902253386105
3.6,-0.007136000733290401,0.7160835807649739,0.0,-2.01159548233898,0.9941470866442236,-0.0003806284917475044,-0.00024204084701977453,-1.2293930131964694,0.2585437077090837,-0.02915069451261416,-335.41986777228567,632.7822027710781,-297.9778252241311,-0.6154902253386105
3.62,-0.007067822429406236,-3.7632555601291875,0.0,-2.0113829074167904,0.994277395596106,-0.00038021313276796753,-0.00024121460781327696,-1.2293930131964694,0.2585437077090837,-0.02915069451261416,-335.41986777228567,632.7822027710781,-297.9778252241311,-0.6154902253386105
3.64,-0.006152011867119517,1.6336396528640602,0.0,-2.0165179209202253,0.9921449702499393,-0.00039255806124407713,-0.0002555782840283097,-1.2293930131964694,0.2585437077090837,-0.02915069451261416,-335.41986777228567,632.7822027710781,-297.9778252241311,-0.6154902253386105
3.66,-0.004651469638008824,3.291041456158131,0.0,-2.017247392320913,0.9908786150648994,-0.0003756575202463171,-0.00025978226532926373,-1.2293930131964694,0.2585437077090837,-0.02915069451261416,-335.41986777228567,632.7822027710781,-297.9778252241311,-0.6154902253386105
3.68,-0.0046224349675178435,0.14706896936518632,0.0,-2.0168682407121343,0.9911271111898955,-0.00036783362618065667,-0.0002699152725101327,-1.2293930131964694,0.2585437077090837,-0.02915069451261416,-335.41986777228567,632.7822027710781,-297.9778252241311,-0.6154902253386105
3.7,-0.005629408114117966,-0.1138740150683143,0.0,-2.0160737285926276,0.9914231185373599,-0.0003607055744329716,-0.0002663078264407474,-1.2293930131964694,0.2585437077090837,-0.02915069451261416,-335.41986777228567,632.7822027710781,-297.9778252241311,-0.6154902253386105
3.72,-0.00668167914884113,-1.1498983973179506,0.0,-2.015103895904409,0.991763412390748,-0.000359790082476991,-0.00026015161341569045,-1.2293930131964694,0.2585437077090837,-0.02915069451261416,-335.41986777228567,632.7822027710781,-297.9778252241311,-0.6154902253386105
3.74,-0.007406108374427294,-2.5814859870450677,0.0,-2.0153899113968854,0.9917596519428551,-0.0003598215637990186,-0.0002605968767467516,-1.2293930131964694,0.2585437077090837,-0.02915069451261416,-335.41986777228567,632.7822027710781,-297.9778252241311,-0.6154902253386105
3.7600000000000002,-0.007084689958473949,-3.043207331365893,0.0,-2.018139361399708,0.9913437437385675,-0.00035139103088802374,-0.00026391175338223347,-1.2293930131964694,0.2585437077090837,-0.02915069451261416,-335.41986777228567,632.7822027710781,-297.9778252241311,-0.6154902253386105
3.7800000000000002,-0.005160972522564947,3.927886554293695,0.0,-2.0213444437431796,0.9892916725116248,-0.00030934079797056036,-0.0002582898453481975,-1.2293930131964694,0.2585437077090837,-0.02915069451261416,-335.41986777228567,632.7822027710781,-297.9778252241311,-0.6154902253386105
3.8000000000000003,-0.003528942467457093,0.661355465529911,0.0,-2.021341083331607,0.9892630832005301,-0.0003089081339923999,-0.00025809749924719496,-1.2293930131964694,0.2585437077090837,-0.02915069451261416,-335.41986777228567,632.7822027710781,-297.9778252241311,-0.6154902253386105
3.8200000000000003,-0.0032631036646024584,-0.6653299762321907,0.0,-2.021747157568272,0.9890416175753571,-0.00032137246788532266,-0.00025328532093065527,-1.2293930131964694,0.2585437077090837,-0.02915069451261416,-335.41986777228567,632.7822027710781,-297.9778252241311,-0.6154902253386105
3.84,-0.0030167236790484987,5.2807610409554595,0.0,-2.0237729264265343,0.9871838947180659,-0.0003269999869058188,-0.00027350274385226105,-1.2293930131964694,0.2585437077090837,-0.02915069451261416,-335.41986777228567,632.7822027710781,-297.9778252241311,-0.6154902253386105
3.86,-0.004140970706415936,-4.089146684998198,0.0,-2.0218875964117267,0.9888578356876636,-0.0003349844334677877,-0.0002636932954895763,-1.2293930131964694,0.2585437077090837,-0.02915069451261416,-335.41986777228567,632.7822027710781,-297.9778252241311,-0.6154902253386105
3.88,-0.0056403414286276266,-2.519650300475656,0.0,-2.0241285210754962,0.9896199702713199,-0.00036588008840116563,-0.0002639778359108069,-1.2293930131964694,0.2585437077090837,-0.02915069451261416,-335.41986777228567,632.7822027710781,-297.9778252241311,-0.6154902253386105
3.9,-0.005240091176770573,3.112339658760664,0.0,-2.0277714383026164,0.9875521404100723,-0.000332284080569267,-0.00029974840076202374,-1.2293930131964694,0.2585437077090837,-0.02915069451261416,-335.41986777228567,632.7822027710781,-297.9778252241311,-0.6154902253386105
3.92,-0.005046518942874898,-4.2579645981714584,0.0,-2.0277438520708633,0.9873089058217082,-0.0003436095645732081,-0.0003112541663992451,-1.2293930131964694,0.2585437077090837,-0.02915069451261416,-335.41986777228567,632.7822027710781,-297.9778252241311,-0.6154902253386105
3.94,-0.004549364696377979,2.0329733302305346,0.0,-2.031257917620202,0.9877866755995482,-0.0003858402402779485,-0.000295343648867515,-1.2293930131964694,0.2585437077090837,-0.02915069451261416,-335.41986777228567,632.7822027710781,-297.9778252241311,-0.6154902253386105
3.96,-0.0034294136701265112,1.423404169763328,0.0,-2.031700779957314,0.9869668063540762,-0.0003762940249474747,-0.0003011485750674512,-1.2293930131964694,0.2585437077090837,-0.02915069451261416,-335.41986777228567,632.7822027710781,-297.9778252241311,-0.6154902253386105
3.98,-0.0033432843150991453,-0.9349316294393604,0.0,-2.031702634243167,0.9869682231457407,-0.00037637929202473136,-0.0003010286924626571,-1.2293930131964694,0.2585437077090837,-0.02915069451261416,-335.41986777228567,632.7822027710781,-297.9778252241311,-0.6154902253386105
4.0,-0.0034213265328672427,0.3590922998191217,0.0,-2.033025502890683,0.9861734695869614,-0.0003837317580087333,-0.00030958168656009736,-1.2293930131964694,0.2585437077090837,-0.02915069451261416,-335.41986777228567,632.7822027710781,-297.9778252241311,-0.6154902253386105
4.0200000000000005,-0.003352365600490244,2.12734341364775,0.0,-2.0335154366658754,0.9858407093325287,-0.000381903132654602,-0.00031263148871462385,-1.2103484950888694,0.23981163371560899,-0.02946313862673964,-370.7854149401114,662.2264385270478,-292.0075045520759,-0.56648096513987
4.04,-0.0040327069921114005,0.17676173443831766,0.0,-2.032958044844187,0.9859193255586612,-0.00038047998801883946,-0.00031397892632241186,-1.2103484950888694,0.23981163371560899,-0.02946313862673964,-370.7854149401114,662.2264385270478,-292.0075045520759,-0.56648096513987
4.0600000000000005,-0.005413256381827533,-0.008196987284726065,0.0,-2.032147589405617,0.9859145369149331,-0.00037481471791737307,-0.0003121592327472924,-1.2103484950888694,0.23981163371560899,-0.02946313862673964,-370.7854149401114,662.2264385270478,-292.0075045520759,-0.56648096513987
4.08,-0.0068773778504481785,-2.6370253932212293,0.0,-2.0308588265937764,0.9860315570954051,-0.0003733717087268336,-0.0003063656164994855,-1.2103484950888694,0.23981163371560899,-0.02946313862673964,-370.7854149401114,662.2264385270478,-292.0075045520759,-0.56648096513987
4.1,-0.007610367386257932,0.2650486298808179,0.0,-2.0326863872245666,0.986246392443738,-0.00037418757814530973,-0.00030880785192884027,-1.2103484950888694,0.23981163371560899,-0.02946313862673964,-370.7854149401114,662.2264385270478,-292.0075045520759,-0.56648096513987
4.12,-0.0076968734112837014,-0.2702329265548965,0.0,-2.032648035782254,0.9862536447738913,-0.0003744718928296038,-0.00030876824545134405,-1.2103484950888694,0.23981163371560899,-0.02946313862673964,-370.7854149401114,662.2264385270478,-292.0075045520759,-0.56648096513987
4.14,-0.007830505002115561,0.8752528037709245,0.0,-2.032772552224545,0.9862568335248928,-0.00037458149620905163,-0.00030826293803067187,-1.2103484950888694,0.23981163371560899,-0.02946313862673964,-370.7854149401114,662.2264385270478,-292.0075045520759,-0.56648096513987
4.16,-0.008190790495790648,-0.4545835754835268,0.0,-2.0313976273827765,0.9867591061598981,-0.00037476434943275826,-0.00030545350248097216,-1.2103484950888694,0.23981163371560899,-0.02946313862673964,-370.7854149401114,662.2264385270478,-292.0075045520759,-0.56648096513987
4.18,-0.008726024275842991,1.3536006042857043,0.0,-2.0306375689121565,0.9869115374094918,-0.0003729826289678169,-0.0003045443247172707,-1.2103484950888694,0.23981163371560899,-0.02946313862673964,-370.7854149401114,662.2264385270478,-292.0075045520759,-0.56648096513987
4.2,-0.009579658244270135,-4.917739341755511,0.0,-2.0271273692415375,0.9879769154641123,-0.00037424613248465796,-0.00029514091355915687,-1.2103484950888694,0.23981163371560899,-0.02946313862673964,-370.7854149401114,662.2264385270478,-292.0075045520759,-0.56648096513987
4.22,-0.00945018156075118,0.5793780912683326,0.0,-2.032147133484036,0.9876167444621333,-0.0003885158028515124,-0.0002997527367233013,-1.2103484950888694,0.23981163371560899,-0.02946313862673964,-370.7854149401114,662.2264385270478,-292.0075045520759,-0.56648096513987
4.24,-0.008110065417166573,0.2861456456865239,0.0,-2.0326610653493504,0.9871862684512589,-0.000381776448452424,-0.00030177492373023416,-1.2103484950888694,0.23981163371560899,-0.02946313862673964,-370.7854149401114,662.2264385270478,-292.0075045520759,-0.56648096513987
4.26,-0.007074650727204838,3.563036740302894,0.0,-2.032893686014334,0.987112105503339,-0.0003822439917727361,-0.00029852039818846146,-1.2103484950888694,0.23981163371560899,-0.02946313862673964,-370.7854149401114,662.2264385270478,-292.0075045520759,-0.56648096513987
4.28,-0.007211098646290133,-0.1501329042805466,0.0,-2.0295024405485016,0.9901098245808421,-0.00037718697069345596,-0.000286967654325844,-1.2103484950888694,0.23981163371560899,-0.02946313862673964,-370.7854149401114,662.2264385270478,-292.0075045520759,-0.56648096513987
4.3,-0.00839251649680461,-4.5776929622260685,0.0,-2.0266047348167007,0.9908000733817257,-0.0003558214841488706,-0.0002804168182818335,-1.2103484950888694,0.23981163371560899,-0.02946313862673964,-370.7854149401114,662.2264385270478,-292.0075045520759,-0.56648096513987
4.32,-0.00824254918567332,3.3539980619061076,0.0,-2.031482349264026,0.9892006333981244,-0.00035856466191148603,-0.00030647561889883865,-1.2103484950888694,0.23981163371560899,-0.02946313862673964,-370.7854149401114,662.2264385270478,-292.0075045520759,-0.56648096513987
4.34,-0.007786350705208882,1.723454340852339,0.0,-2.0295956129243224,0.9906277595900893,-0.00039167309876389164,-0.0003051869737055594,-1.2103484950888694,0.23981163371560899,-0.02946313862673964,-370.7854149401114,662.2264385270478,-292.0075045520759,-0.56648096513987
4.36,-0.008866174193044201,-4.243910708736125,0.0,-2.026361620462541,0.9901303545533127,-0.000361741133845258,-0.0003278483796234788,-1.2103484950888694,0.23981163371560899,-0.02946313862673964,-370.7854149401114,662.2264385270478,-292.0075045520759,-0.56648096513987
4.38,-0.009263986943493584,0.7906268879015625,0.0,-2.029560172974601,0.9891824174252052,-0.0003721055812973816,-0.00034329153197136536,-1.2103484950888694,0.23981163371560899,-0.02946313862673964,-370.7854149401114,662.2264385270478,-292.0075045520759,-0.56648096513987
4.4,-0.008709148610502844,-0.30783907630701846,0.0,-2.0284839601445355,0.9898002368845406,-0.000382159921575621,-0.00033910064399339843,-1.2103484950888694,0.23981163371560899,-0.02946313862673964,-370.7854149401114,662.2264385270478,-292.0075045520759,-0.56648096513987
4.42,-0.0083507226154883,-0.38582353030996197,0.0,-2.0282586550321358,0.9898066452683313,-0.0003816970010338458,-0.0003407626964441563,-1.2103484950888694,0.23981163371560899,-0.02946313862673964,-370.7854149401114,662.2264385270478,-292.0075045520759,-0.56648096513987
4.44,-0.007841950238399616,1.9560362126393265,0.0,-2.0281401191483432,0.9898780751780605,-0.00038170050945008586,-0.0003404057933983913,-1.2103484950888694,0.23981163371560899,-0.02946313862673964,-370.7854149401114,662.2264385270478,-292.0075045520759,-0.56648096513987
4.46,-0.007842539107006333,-1.6547008806652928,0.0,-2.0257493166582297,0.9912808288698443,-0.00038306857809363543,-0.00033747112982944266,-1.2103484950888694,0.23981163371560899,-0.02946313862673964,-370.7854149401114,662.2264385270478,-292.0075045520759,-0.56648096513987
4.48,-0.007980932140181396,-0.5650740673907215,0.0,-2.0258754504424568,0.9912469000940708,-0.00038364891289703737,-0.0003376274049758207,-1.2103484950888694,0.23981163371560899,-0.02946313862673964,-370.7854149401114,662.2264385270478,-292.0075045520759,-0.56648096513987
4.5,-0.007519755300731053,1.22959827099833,0.0,-2.0258915528157133,0.99123744867314,-0.0003836009864392875,-0.0003377010283172352,-1.2103484950888694,0.23981163371560899,-0.02946313862673964,-370.7854149401114,662.2264385270478,-292.0075045520759,-0.56648096513987
4.5200000000000005,-0.007300694285667644,-0.17229396010304088,0.0,-2.024523213669108,0.9918045752380498,-0.0003860415073028628,-0.00034070455008967113,-1.2069245936691375,0.23621056613601807,-0.029285972466880507,-334.6479190653804,610.1689228493464,-276.0623767142134,-0.5413729302473339
4.54,-0.0074373814817672735,-0.7361409512771975,0.0,-2.023317355592018,0.9922275329847442,-0.0003817840767263869,-0.0003396669369936548,-1.2069245936691375,0.23621056613601807,-0.029285972466880507,-334.6479190653804,610.1689228493464,-276.0623767142134,-0.5413729302473339
4.5600000000000005,-0.0073550574122091105,-0.5792878176354355,0.0,-2.022855193069228,0.9924380104226931,-0.00038163111045005384,-0.0003380190255372019,-1.2069245936691375,0.23621056613601807,-0.029285972466880507,-334.6479190653804,610.1689228493464,-276.0623767142134,-0.5413729302473339
4.58,-0.00693402236992721,-0.7544906284120395,0.0,-2.022869625673375,0.9924318686385729,-0.00038160742346134537,-0.00033803601985280934,-1.2069245936691375,0.23621056613601807,-0.029285972466880507,-334.6479190653804,610.1689228493464,-276.0623767142134,-0.5413729302473339
4.6000000000000005,-0.006166240623669208,-1.047924304248306,0.0,-2.023465068895921,0.992114016624519,-0.0003806395923528802,-0.0003380205212325516,-1.2069245936691375,0.23621056613601807,-0.029285972466880507,-334.6479190653804,610.1689228493464,-276.0623767142134,-0.5413729302473339
4.62,-0.004909626142735206,4.653276092830609,0.0,-2.024626793195556,0.9911004354720028,-0.00037729183904404223,-0.0003383481290622454,-1.2069245936691375,0.23621056613601807,-0.029285972466880507,-334.6479190653804,610.1689228493464,-276.0623767142134,-0.5413729302473339
4.64,-0.004739808755185337,-0.682949786620763,0.0,-2.0232148951920834,0.9939022589887206,-0.0003892590934521224,-0.0003401845571775208,-1.2069245936691375,0.23621056613601807,-0.029285972466880507,-334.6479190653804,610.1689228493464,-276.0623767142134,-0.5413729302473339
4.66,-0.005762591743375068,-1.298060130695145,0.0,-2.021572268468356,0.9940965195901559,-0.0003681718814603811,-0.0003396412222068782,-1.2069245936691375,0.23621056613601807,-0.029285972466880507,-334.6479190653804,610.1689228493464,-276.0623767142134,-0.5413729302473339
4.68,-0.006241691967704475,-2.8909839235475534,0.0,-2.020910855247306,0.9944099403357477,-0.00036828853616852417,-0.00033430436784700086,-1.2069245936691375,0.23621056613601807,-0.029285972466880507,-334.6479190653804,610.1689228493464,-276.0623767142134,-0.5413729302473339
4.7,-0.0055335586163358244,3.6856205680623573,0.0,-2.0230012111200373,0.994309853186828,-0.00035950894395222945,-0.00033281074981735524,-1.2069245936691375,0.23621056613601807,-0.029285972466880507,-334.6479190653804,610.1689228493464,-276.0623767142134,-0.5413729302473339
4.72,-0.005093095977561294,-2.533467929219473,0.0,-2.0221364625078766,0.9955290146983087,-0.00038374990436199346,-0.0003393965445191466,-1.2069245936691375,0.23621056613601807,-0.029285972466880507,-334.6479190653804,610.1689228493464,-276.0623767142134,-0.5413729302473339
4.74,-0.005022210007840156,-0.6996134343916416,0.0,-2.0233878416099675,0.9955728699458505,-0.0003994417160480433,-0.00033350468141738935,-1.2069245936691375,0.23621056613601807,-0.029285972466880507,-334.6479190653804,610.1689228493464,-276.0623767142134,-0.5413729302473339
4.76,-0.004036312142412764,0.8891897031740184,0.0,-2.024485649927128,0.9943092292884004,-0.00039157796689309846,-0.00034497230731187964,-1.2069245936691375,0.23621056613601807,-0.029285972466880507,-334.6479190653804,610.1689228493464,-276.0623767142134,-0.5413729302473339
4.78,-0.003131438584453304,0.007349235349533467,0.0,-2.0245254096097076,0.9942438381899339,-0.0003909056242027153,-0.00034373347365276885,-1.2069245936691375,0.23621056613601807,-0.029285972466880507,-334.6479190653804,610.1689228493464,-276.0623767142134,-0.5413729302473339
4.8,-0.002508893628652735,1.3545314776235802,0.0,-2.0247634488286814,0.9939368607366976,-0.00039267139491338426,-0.0003435833877234012,-1.2069245936691375,0.23621056613601807,-0.029285972466880507,-334.6479190653804,610.1689228493464,-276.0623767142134,-0.5413729302473339
4.82,-0.0023010126399670644,0.7181188398496156,0.0,-2.0244626507044443,0.9944159203336312,-0.00039226135612600816,-0.0003412384596932689,-1.2069245936691375,0.23621056613601807,-0.029285972466880507,-334.6479190653804,610.1689228493464,-276.0623767142134,-0.5413729302473339
4.84,-0.0027146208814273166,-0.5627857441769627,0.0,-2.0239384609663964,0.9946613684071236,-0.0003875355747247608,-0.0003399761355683624,-1.2069245936691375,0.23621056613601807,-0.029285972466880507,-334.6479190653804,610.1689228493464,-276.0623767142134,-0.5413729302473339
4.86,-0.003190872755431202,1.4352400806880246,0.0,-2.0237704144466555,0.9947082627853903,-0.0003868616922016243,-0.00033904596940414735,-1.2069245936691375,0.23621056613601807,-0.029285972466880507,-334.6479190653804,610.1689228493464,-276.0623767142134,-0.5413729302473339
4.88,-0.003942775937357759,-1.2033857707483808,0.0,-2.022474318806752,0.9949123455790947,-0.00038943275883450017,-0.0003345327979796079,-1.2069245936691375,0.23621056613601807,-0.029285972466880507,-334.6479190653804,610.1689228493464,-276.0623767142134,-0.5413729302473339
4.9,-0.004787493194329601,-0.901250359060486,0.0,-2.0221646879840143,0.994834057794948,-0.00038782272155633916,-0.0003345430190321855,-1.2069245936691375,0.23621056613601807,-0.029285972466880507,-334.6479190653804,610.1689228493464,-276.0623767142134,-0.5413729302473339
4.92,-0.005046159658239888,0.4977250601969381,0.0,-2.0222437630654415,0.9948215275880875,-0.00038758582627061803,-0.000334869139147026,-1.2069245936691375,0.23621056613601807,-0.029285972466880507,-334.6479190653804,610.1689228493464,-276.0623767142134,-0.5413729302473339
4.94,-0.005218552181374665,-1.6223223902751145,0.0,-2.0216632091617313,0.994797163596295,-0.00038997853184156636,-0.00033661250957577385,-1.2069245936691375,0.23621056613601807,-0.029285972466880507,-334.6479190653804,610.1689228493464,-276.0623767142134,-0.5413729302473339
4.96,-0.005094607330741669,0.6256964511319643,0.0,-2.0225669565701967,0.9947242373386335,-0.00039179286531333554,-0.0003358979582546719,-1.2069245936691375,0.23621056613601807,-0.029285972466880507,-334.6479190653804,610.1689228493464,-276.0623767142134,-0.5413729302473339
4.98,-0.004711016063617203,-0.12067048322540241,0.0,-2.0223492666966876,0.9948737722570277,-0.000393229114651071,-0.0003352861070455547,-1.2069245936691375,0.23621056613601807,-0.029285972466880507,-334.6479190653804,610.1689228493464,-276.0623767142134,-0.5413729302473339
5.0,-0.004505086580329234,1.0098017863138113,0.0,-2.022369734406519,0.9948680187728002,-0.0003932895904909496,-0.00033520991004013916,-1.2069245936691375,0.23621056613601807,-0.029285972466880507,-334.6479190653804,610.1689228493464,-276.0623767142134,-0.5413729302473339
5.0200000000000005,-0.004587996724769259,-2.8271402351407957,0.0,-2.0214071610935975,0.9954928521424977,-0.00039299178155443004,-0.0003317697068827823,-1.2091371019597938,0.23831457060804687,-0.029177468648252942,-326.43034492858504,601.3814891826654,-275.4939995918888,-0.5428553378086644
5.04,-0.004167725385353436,1.867570943693257,0.0,-2.023472524886206,0.9949951042739423,-0.00040137983682538535,-0.000334714048654851,-1.2091371019597938,0.23831457060804687,-0.029177468648252942,-326.43034492858504,601.3814891826654,-275.4939995918888,-0.5428553378086644
5.0600000000000005,-0.0034928011157728785,1.6289488343594418,0.0,-2.023161832240862,0.9955291466895392,-0.0004081155576843141,-0.0003326439862384239,-1.2091371019597938,0.23831457060804687,-0.029177468648252942,-326.43034492858504,601.3814891826654,-275.4939995918888,-0.5428553378086644
5.08,-0.0038638541589119902,-1.6707844268483354,0.0,-2.0223517052915447,0.9955746015007375,-0.00039750856593108057,-0.0003427867014987376,-1.2091371019597938,0.23831457060804687,-0.029177468648252942,-326.43034492858504,601.3814891826654,-275.4939995918888,-0.5428553378086644
5.1000000000000005,-0.00424707656432275,-1.8993205928923704,0.0,-2.0227058253833046,0.9954470584556563,-0.00039953400037163935,-0.0003447768804425178,-1.2091371019597938,0.23831457060804687,-0.029177468648252942,-326.43034492858504,601.3814891826654,-275.4939995918888,-0.5428553378086644
5.12,-0.0036116918099434745,2.8798536926406912,0.0,-2.024159142027166,0.9947178078967084,-0.0003911527733848923,-0.0003530162041094542,-1.2091371019597938,0.23831457060804687,-0.029177468648252942,-326.43034492858504,601.3814891826654,-275.4939995918888,-0.5428553378086644
5.14,-0.0032862685863111357,-4.543275783818094,0.0,-2.023944508902648,0.9951921931988968,-0.00040375174674381147,-0.000360425411731571,-1.2091371019597938,0.23831457060804687,-0.029177468648252942,-326.43034492858504,601.3814891826654,-275.4939995918888,-0.5428553378086644
5.16,-0.0024945057940722005,3.740029809583196,0.0,-2.0267461064805414,0.9951656724760372,-0.0004418287053311192,-0.0003494944664875128,-1.2091371019597938,0.23831457060804687,-0.029177468648252942,-326.43034492858504,601.3814891826654,-275.4939995918888,-0.5428553378086644
5.18,-0.0014832920917923341,3.633119482021494,0.0,-2.026731796727982,0.9967579458020167,-0.00046092582347808156,-0.0003406605598416347,-1.2091371019597938,0.23831457060804687,-0.029177468648252942,-326.43034492858504,601.3814891826654,-275.4939995918888,-0.5428553378086644
5.2,-0.0026405803095777766,-3.0086206645198312,0.0,-2.026527762664072,0.9957767024048131,-0.0004176342409874185,-0.0003785713110170833,-1.2091371019597938,0.23831457060804687,-0.029177468648252942,-326.43034492858504,601.3814891826654,-275.4939995918888,-0.5428553378086644
5.22,-0.003997435446553285,-3.5508192958897067,0.0,-2.0265796660585584,0.9957667947695343,-0.000418100088786093,-0.0003789669668406894,-1.2091371019597938,0.23831457060804687,-0.029177468648252942,-326.43034492858504,601.3814891826654,-275.4939995918888,-0.5428553378086644
5.24,-0.0034587236401237707,0.5183001787424626,0.0,-2.029518663701464,0.9950823725678284,-0.0003956255848062072,-0.0004033500830088692,-1.2091371019597938,0.23831457060804687,-0.029177468648252942,-326.43034492858504,601.3814891826654,-275.4939995918888,-0.5428553378086644
5.26,-0.0020538446102406375,0.4718086853887562,0.0,-2.029256958817528,0.995186595793603,-0.00037802786451709443,-0.00039169492649398726,-1.2091371019597938,0.23831457060804687,-0.029177468648252942,-326.43034492858504,601.3814891826654,-275.4939995918888,-0.5428553378086644
5.28,-0.0009518853859430625,1.6994107282704343,0.0,-2.0290024199932963,0.994930505027244,-0.0003785661378923392,-0.0003820690204162813,-1.2091371019597938,0.23831457060804687,-0.029177468648252942,-326.43034492858504,601.3814891826654,-275.4939995918888,-0.5428553378086644
5.3,-0.000491755167753363,2.241877900208464,0.0,-2.028989694071609,0.9952907203259924,-0.0003777336870670239,-0.00038106845324581564,-1.2091371019597938,0.23831457060804687,-0.029177468648252942,-326.43034492858504,601.3814891826654,-275.4939995918888,-0.5428553378086644
5.32,-0.001188887830611036,-3.9642929657798502,0.0,-2.02845118148968,0.9961750346960356,-0.00036449150102410636,-0.0003758654187418638,-1.2091371019597938,0.23831457060804687,-0.029177468648252942,-326.43034492858504,601.3814891826654,-275.4939995918888,-0.5428553378086644
5.34,-0.0013891483878910916,-1.248429990175885,0.0,-2.0306300421443226,0.9960789357671233,-0.00038623705234215047,-0.00039046916053009264,-1.2091371019597938,0.23831457060804687,-0.029177468648252942,-326.43034492858504,601.3814891826654,-275.4939995918888,-0.5428553378086644
5.36,-7.171180058934207e-05,2.737005455714695,0.0,-2.030745891959582,0.9948998313435147,-0.0003537779077759584,-0.00040226159028660524,-1.2091371019597938,0.23831457060804687,-0.029177468648252942,-326.43034492858504,601.3814891826654,-275.4939995918888,-0.5428553378086644
5.38,0.0008093615538016425,0.10781268566477875,0.0,-2.030917051753793,0.9948875730421589,-0.00035497114959622857,-0.00040443673243128786,-1.2091371019597938,0.23831457060804687,-0.029177468648252942,-326.43034492858504,601.3814891826654,-275.4939995918888,-0.5428553378086644
5.4,0.0008624822278761007,0.8911452499681674,0.0,-2.0308226041766475,0.9947651820629191,-0.00036016503892859566,-0.0004032364102190231,-1.2091371019597938,0.23831457060804687,-0.029177468648252942,-326.43034492858504,601.3814891826654,-275.4939995918888,-0.5428553378086644
5.42,0.0006285220361812699,-1.6254425059704314,0.0,-2.030787556517516,0.9949953002669245,-0.0003595883469642409,-0.0004002558012752659,-1.2091371019597938,0.23831457060804687,-0.029177468648252942,-326.43034492858504,601.3814891826654,-275.4939995918888,-0.5428553378086644
5.44,0.0006135635476572328,2.9921386256835083,0.0,-2.0308799883560615,0.9952685195273966,-0.0003646827594340576,-0.00040100727748679325,-1.2091371019597938,0.23831457060804687,-0.029177468648252942,-326.43034492858504,601.3814891826654,-275.4939995918888,-0.5428553378086644
5.46,0.00020226364318265037,-3.441136283950274,0.0,-2.031356162153787,0.9955315019135164,-0.00037496237909608575,-0.00039815865339313584,-1.2091371019597938,0.23831457060804687,-0.029177468648252942,-326.43034492858504,601.3814891826654,-275.4939995918888,-0.5428553378086644
5.48,-7.62746660266981e-05,0.859313554693351,0.0,-2.032112374586339,0.997122450614483,-0.00039996518756449086,-0.0003898353491018683,-1.2091371019597938,0.23831457060804687,-0.029177468648252942,-326.43034492858504,601.3814891826654,-275.4939995918888,-0.5428553378086644
5.5,0.00040075821555127786,0.9079634920703563,0.0,-2.0320800277108155,0.9968774899674325,-0.0003945264301001896,-0.00039316203893952474,-1.2091371019597938,0.23831457060804687,-0.029177468648252942,-326.43034492858504,601.3814891826654,-275.4939995918888,-0.5428553378086644
5.5200000000000005,0.00036279978000576074,3.5804606764969304,0.0,-2.0320317545332407,0.9969311886340895,-0.0003946717521302129,-0.00039216608025457875,-1.1966921192945261,0.2258274917395831,-0.029135372445057074,-320.42843932636737,583.291544345717,-263.3631326317028,-0.5000276123528931
5.54,-0.000987242469603256,-2.7966282858348093,0.0,-2.0315553646183537,0.9974305433871832,-0.00038239130758292597,-0.00038262420406762687,-1.1966921192945261,0.2258274917395831,-0.029135372445057074,-320.42843932636737,583.291544345717,-263.3631326317028,-0.5000276123528931
5.5600000000000005,-0.002573060138443383,-0.686633686084309,0.0,-2.0320081774546983,0.9976517808626351,-0.00038764079479327603,-0.0003843194448063083,-1.1966921192945261,0.2258274917395831,-0.029135372445057074,-320.42843932636737,583.291544345717,-263.3631326317028,-0.5000276123528931
5.58,-0.003155114497255877,0.7418532444897445,0.0,-2.032003860891809,0.9976516609908543,-0.00038767510151391726,-0.00038428048263300683,-1.1966921192945261,0.2258274917395831,-0.029135372445057074,-320.42843932636737,583.291544345717,-263.3631326317028,-0.5000276123528931
5.6000000000000005,-0.0037732790886345225,0.4766931681492944,0.0,-2.031557105826671,0.9969433933873105,-0.0003907733217500345,-0.0003911933128283097,-1.1966921192945261,0.2258274917395831,-0.029135372445057074,-320.42843932636737,583.291544345717,-263.3631326317028,-0.5000276123528931
5.62,-0.004772123164061876,-2.4181644360796657,0.0,-2.0300804645494486,0.9965822982548523,-0.0003868193218863548,-0.0003920649027206054,-1.1966921192945261,0.2258274917395831,-0.029135372445057074,-320.42843932636737,583.291544345717,-263.3631326317028,-0.5000276123528931
5.64,-0.005232600720727395,-0.10046817592323487,0.0,-2.031441751581109,0.996672144909551,-0.00038928142704345285,-0.00039527350065373903,-1.1966921192945261,0.2258274917395831,-0.029135372445057074,-320.42843932636737,583.291544345717,-263.3631326317028,-0.5000276123528931
5.66,-0.0049886106457858,0.8176411844659515,0.0,-2.0315814101541294,0.996643046738858,-0.0003882103679920122,-0.0003954765051441884,-1.1966921192945261,0.2258274917395831,-0.029135372445057074,-320.42843932636737,583.291544345717,-263.3631326317028,-0.5000276123528931
5.68,-0.004986160320781639,-2.3753669664789294,0.0,-2.0309924591017956,0.996646906475223,-0.00038891507454093927,-0.0003994743857765351,-1.1966921192945261,0.2258274917395831,-0.029135372445057074,-320.42843932636737,583.291544345717,-263.3631326317028,-0.5000276123528931
5.7,-0.004559068999279725,1.2917542096266401,0.0,-2.033096129807495,0.9959684641494719,-0.0003949595259969861,-0.0004024473252999645,-1.1966921192945261,0.2258274917395831,-0.029135372445057074,-320.42843932636737,583.291544345717,-263.3631326317028,-0.5000276123528931
5.72,-0.003843474083647953,1.4493062520968643,0.0,-2.032848318063526,0.9962827960693715,-0.0003978401765143383,-0.00040145735112875067,-1.1966921192945261,0.2258274917395831,-0.029135372445057074,-320.42843932636737,583.291544345717,-263.3631326317028,-0.5000276123528931
5.74,-0.003954846763878285,-2.7339483185434306,0.0,-2.0320196072710774,0.9966294858832687,-0.00039243220600420194,-0.00040791676769904493,-1.1966921192945261,0.2258274917395831,-0.029135372445057074,-320.42843932636737,583.291544345717,-263.3631326317028,-0.5000276123528931
5.76,-0.00371502696373293,-2.147795688581895,0.0,-2.03408898612597,0.9956935242910118,-0.0004029487285842719,-0.00041743767281255566,-1.1966921192945261,0.2258274917395831,-0.029135372445057074,-320.42843932636737,583.291544345717,-263.3631326317028,-0.5000276123528931
5.78,-0.002069141384539002,3.219241080099002,0.0,-2.0357138688910714,0.9933211386911552,-0.000376639873168705,-0.0004292609624358463,-1.1966921192945261,0.2258274917395831,-0.029135372445057074,-320.42843932636737,583.291544345717,-263.3631326317028,-0.5000276123528931
5.8,-0.0007500926772303056,1.0925851134870799,0.0,-2.036052229397303,0.9936814131389324,-0.00038183246903816353,-0.0004338697867459324,-1.1966921192945261,0.2258274917395831,-0.029135372445057074,-320.42843932636737,583.291544345717,-263.3631326317028,-0.5000276123528931
5.82,-0.0006984461431608824,3.260854137896717,0.0,-2.0360416551739173,0.9939738687461592,-0.00037553418281979176,-0.0004360808230014579,-1.1966921192945261,0.2258274917395831,-0.029135372445057074,-320.42843932636737,583.291544345717,-263.3631326317028,-0.5000276123528931
5.84,-0.0019260613534007255,-3.906885412086675,0.0,-2.0337222432479094,0.9972925040896206,-0.0003542924259186988,-0.0003973686696791586,-1.1966921192945261,0.2258274917395831,-0.029135372445057074,-320.42843932636737,583.291544345717,-263.3631326317028,-0.5000276123528931
5.86,-0.0029766699910833026,-1.5289484438719398,0.0,-2.035377447758657,0.9977713109151966,-0.00036947620451301594,-0.0004035808633095248,-1.1966921192945261,0.2258274917395831,-0.029135372445057074,-320.42843932636737,583.291544345717,-263.3631326317028,-0.5000276123528931
5.88,-0.00245428503749098,2.8137244545466267,0.0,-2.036457917611814,0.9974127336089569,-0.000353128533540353,-0.0004143913087175289,-1.1966921192945261,0.2258274917395831,-0.029135372445057074,-320.42843932636737,583.291544345717,-263.3631326317028,-0.5000276123528931
5.9,-0.0023236405368738363,-2.2085046832968933,0.0,-2.0367264710160495,0.9967808495137286,-0.0003645813032764414,-0.0004325583103319969,-1.1966921192945261,0.2258274917395831,-0.029135372445057074,-320.42843932636737,583.291544345717,-263.3631326317028,-0.5000276123528931
5.92,-0.002384912020476656,-0.020460960667232353,0.0,-2.0377576862454325,0.996849496656098,-0.000377693037152094,-0.0004296906544184192,-1.1966921192945261,0.2258274917395831,-0.029135372445057074,-320.42843932636737,583.291544345717,-263.3631326317028,-0.5000276123528931
5.94,-0.001808534739736468,-2.388656794012311,0.0,-2.0380338761793517,0.9964342840020114,-0.00037458775190355814,-0.00043356817989667796,-1.1966921192945261,0.2258274917395831,-0.029135372445057074,-320.42843932636737,583.291544345717,-263.3631326317028,-0.5000276123528931
5.96,-0.0005381093785584397,2.460559059901591,0.0,-2.0381562275408895,0.9963456000802754,-0.0003713720416367422,-0.0004154402863451472,-1.1966921192945261,0.2258274917395831,-0.029135372445057074,-320.42843932636737,583.291544345717,-263.3631326317028,-0.5000276123528931
5.98,0.0007078590793744082,-3.3241114384892327,0.0,-2.0381283969792197,0.9963031180565929,-0.0003709778684117195,-0.00041540327383452494,-1.1966921192945261,0.2258274917395831,-0.029135372445057074,-320.42843932636737,583.291544345717,-263.3631326317028,-0.5000276123528931
6.0,0.002211180706901195,4.3120861935942925,0.0,-2.0361641091550298,0.9950364827471649,-0.0004037193778632934,-0.000391958240787795,-1.1966921192945261,0.2258274917395831,-0.029135372445057074,-320.42843932636737,583.291544345717,-263.3631326317028,-0.5000276123528931
6.0200000000000005,0.003439165302124614,0.8183134822668068,0.0,-2.0371407944602047,0.9961861643500467,-0.00041233915936333683,-0.0003879386280528174,-1.1985187270717936,0.22767588917903742,-0.02915716210724371,-323.5193608375482,584.4498647972455,-261.4221340521762,-0.4916300924789998
6.04,0.0031865235385301507,2.4404210761070737,0.0,-2.0370686778099216,0.9961967738503864,-0.0004133225199710711,-0.000387352932461124,-1.1985187270717936,0.22767588917903742,-0.02915716210724371,-323.5193608375482,584.4498647972455,-261.4221340521762,-0.4916300924789998
6.0600000000000005,0.0019997473212475074,-1.104928558145275,0.0,-2.03741905273505,0.9975366871639239,-0.0004025734089164852,-0.00036131541546445865,-1.1985187270717936,0.22767588917903742,-0.02915716210724371,-323.5193608375482,584.4498647972455,-261.4221340521762,-0.4916300924789998
6.08,0.00043452976028476127,2.3873188293930605,0.0,-2.037352388906362,0.9973698170220976,-0.0004007214359723462,-0.0003607193554616108,-1.1985187270717936,0.22767588917903742,-0.02915716210724371,-323.5193608375482,584.4498647972455,-261.4221340521762,-0.4916300924789998
6.1000000000000005,-0.001503473089572919,-3.021755681375741,0.0,-2.0359100484383013,0.9955110944383484,-0.0004083949762104988,-0.0003434474505592665,-1.1985187270717936,0.22767588917903742,-0.02915716210724371,-323.5193608375482,584.4498647972455,-261.4221340521762,-0.4916300924789998
6.12,-0.003265193096916822,-0.3089879433257039,0.0,-2.0365888373405787,0.9963543848723759,-0.0004128523317162543,-0.00034237086949424954,-1.1985187270717936,0.22767588917903742,-0.02915716210724371,-323.5193608375482,584.4498647972455,-261.4221340521762,-0.4916300924789998
6.140000000000001,-0.004072188524982473,0.5931031933217641,0.0,-2.036207394265283,0.9961936813667767,-0.00041567881053917907,-0.000340625481402563,-1.1985187270717936,0.22767588917903742,-0.02915716210724371,-323.5193608375482,584.4498647972455,-261.4221340521762,-0.4916300924789998
6.16,-0.004988118254501466,-4.619271232706067,0.0,-2.035100715930664,0.9949994381020719,-0.0004183971523439616,-0.00035015943106877465,-1.1985187270717936,0.22767588917903742,-0.02915716210724371,-323.5193608375482,584.4498647972455,-261.4221340521762,-0.4916300924789998
6.18,-0.004756579688952772,1.6214128124580096,0.0,-2.040429291406396,0.9960069627711132,-0.00042724610615454565,-0.00035271054001781264,-1.1985187270717936,0.22767588917903742,-0.02915716210724371,-323.5193608375482,584.4498647972455,-261.4221340521762,-0.4916300924789998
6.2,-0.003677233018055191,1.4608304165865675,0.0,-2.0405200027975265,0.995890036577805,-0.00042444943430167955,-0.00035276745141559884,-1.1985187270717936,0.22767588917903742,-0.02915716210724371,-323.5193608375482,584.4498647972455,-261.4221340521762,-0.4916300924789998
6.22,-0.003523713825458391,0.4083636137614546,0.0,-2.0402377646081553,0.9959089629848096,-0.0004216874229586949,-0.00036163136607326356,-1.1985187270717936,0.22767588917903742,-0.02915716210724371,-323.5193608375482,584.4498647972455,-261.4221340521762,-0.4916300924789998
6.24,-0.003939829736504186,-2.8758178552096507,0.0,-2.0390233516564304,0.9967918838830102,-0.0004150854812587079,-0.0003547062491091845,-1.1985187270717936,0.22767588917903742,-0.02915716210724371,-323.5193608375482,584.4498647972455,-261.4221340521762,-0.4916300924789998
6.26,-0.0036582899687592077,0.3243602473180731,0.0,-2.0416152984494964,0.9959780257442572,-0.0004207053938322663,-0.00036569081365359605,-1.1985187270717936,0.22767588917903742,-0.02915716210724371,-323.5193608375482,584.4498647972455,-261.4221340521762,-0.4916300924789998
6.28,-0.002652715836034379,0.16588990676543292,0.0,-2.0419487379874437,0.9955475853275894,-0.00041375951572186477,-0.0003661137288352551,-1.1985187270717936,0.22767588917903742,-0.02915716210724371,-323.5193608375482,584.4498647972455,-261.4221340521762,-0.4916300924789998
6.3,-0.001807469447086612,0.04013019012727073,0.0,-2.0420263768370646,0.9953262334954232,-0.0004135776502691422,-0.00036079066502330486,-1.1985187270717936,0.22767588917903742,-0.02915716210724371,-323.5193608375482,584.4498647972455,-261.4221340521762,-0.4916300924789998
6.32,-0.001033976357321407,1.2061112028381258,0.0,-2.0422063412604254,0.9946244858385088,-0.00041438018133011157,-0.00036233256762703466,-1.1985187270717936,0.22767588917903742,-0.02915716210724371,-323.5193608375482,584.4498647972455,-261.4221340521762,-0.4916300924789998
6.34,-0.0006319634390079276,-3.206095846571568,0.0,-2.042198301356036,0.9948666765096456,-0.00041425480914650996,-0.00036195210600465733,-1.1985187270717936,0.22767588917903742,-0.02915716210724371,-323.5193608375482,584.4498647972455,-261.4221340521762,-0.4916300924789998
6.36,0.0003517250230308935,1.2697483160872887,0.0,-2.042911490209697,0.9934722845544013,-0.00042907696627080656,-0.0003663667414048324,-1.1985187270717936,0.22767588917903742,-0.02915716210724371,-323.5193608375482,584.4498647972455,-261.4221340521762,-0.4916300924789998
6.38,0.0019046706835100474,-0.9753777658612566,0.0,-2.0418855046336866,0.9922257059546937,-0.00041517011238298283,-0.00036851341471119046,-1.1985187270717936,0.22767588917903742,-0.02915716210724371,-323.5193608375482,584.4498647972455,-261.4221340521762,-0.4916300924789998
6.4,0.003383450562720246,3.791416596788525,0.0,-2.0384428531635193,0.9914912388774834,-0.00042158923163672054,-0.0003426857984993407,-1.1985187270717936,0.22767588917903742,-0.02915716210724371,-323.5193608375482,584.4498647972455,-261.4221340521762,-0.4916300924789998
6.42,0.004058980745211464,1.5755419113443532,0.0,-2.03977922555577,0.9925801111657774,-0.0004246195865838129,-0.00034028722520852077,-1.1985187270717936,0.22767588917903742,-0.02915716210724371,-323.5193608375482,584.4498647972455,-261.4221340521762,-0.4916300924789998
6.44,0.003188533546602319,-0.48477655557168176,0.0,-2.040727604289913,0.992600696177589,-0.00041050650767253307,-0.00034181072537682177,-1.1985187270717936,0.22767588917903742,-0.02915716210724371,-323.5193608375482,584.4498647972455,-261.4221340521762,-0.4916300924789998
6.46,0.0020188238178641387,2.0858003719456324,0.0,-2.0407151504005197,0.9926083241448109,-0.00040943653200553246,-0.0003402381772240972,-1.1985187270717936,0.22767588917903742,-0.02915716210724371,-323.5193608375482,584.4498647972455,-261.4221340521762,-0.4916300924789998
6.48,0.0003930342174787008,-1.1886708429142407,0.0,-2.0408091372030293,0.990902971386003,-0.0004118600373878766,-0.0003326912515995243,-1.1985187270717936,0.22767588917903742,-0.02915716210724371,-323.5193608375482,584.4498647972455,-261.4221340521762,-0.4916300924789998
6.5,-0.0014929838315154533,-1.8438540653599176,0.0,-2.0403464287674558,0.9900291181603514,-0.0004074666642279176,-0.0003331723966710422,-1.1985187270717936,0.22767588917903742,-0.02915716210724371,-323.5193608375482,584.4498647972455,-261.4221340521762,-0.4916300924789998
6.5200000000000005,-0.0025004031402366482,-2.4690930430307536,0.0,-2.0409819554243347,0.9905305344443652,-0.0004059339628236113,-0.00033618293668338713,-1.2063987416976398,0.23572238238605214,-0.029323640688412363,-357.4987317298046,637.4150488733214,-280.4464770723603,-0.5301599288436403
6.54,-0.0022606385854252006,0.19301328735430268,0.0,-2.0423471183075472,0.992640198121781,-0.00039070015764844243,-0.0003264302424729853,-1.2063987416976398,0.23572238238605214,-0.029323640688412363,-357.4987317298046,637.4150488733214,-280.4464770723603,-0.5301599288436403
6.5600000000000005,-0.0013686431590854838,2.954940158026188,0.0,-2.0422792529167326,0.9928389130319001,-0.0003789520947329067,-0.0003185899359315578,-1.2063987416976398,0.23572238238605214,-0.029323640688412363,-357.4987317298046,637.4150488733214,-280.4464770723603,-0.5301599288436403
6.58,-0.0014071339949186868,1.5577105172373205,0.0,-2.04251781493338,0.9931180800205588,-0.0003798367514035653,-0.0003276715193411632,-1.2063987416976398,0.23572238238605214,-0.029323640688412363,-357.4987317298046,637.4150488733214,-280.4464770723603,-0.5301599288436403
6.6000000000000005,-0.0027759873577360133,-3.0053082786791174,0.0,-2.040752471292444,0.9936127271484957,-0.000358168193296985,-0.00032153048712072683,-1.2063987416976398,0.23572238238605214,-0.029323640688412363,-357.4987317298046,637.4150488733214,-280.4464770723603,-0.5301599288436403
6.62,-0.0037384782909574876,-3.9735114942028114,0.0,-2.042615790217838,0.993618697720078,-0.0003662592264648881,-0.00033231746522664995,-1.2063987416976398,0.23572238238605214,-0.029323640688412363,-357.4987317298046,637.4150488733214,-280.4464770723603,-0.5301599288436403
6.640000000000001,-0.0026809543677117974,4.341274811330279,0.0,-2.0464117448834234,0.9939708563135269,-0.00033352221629868897,-0.0003452096603430067,-1.2063987416976398,0.23572238238605214,-0.029323640688412363,-357.4987317298046,637.4150488733214,-280.4464770723603,-0.5301599288436403
6.66,-0.0017480719236076035,-2.8361022364291664,0.0,-2.047261323606163,0.9942609737126205,-0.0003567426277491897,-0.00036080846201195577,-1.2063987416976398,0.23572238238605214,-0.029323640688412363,-357.4987317298046,637.4150488733214,-280.4464770723603,-0.5301599288436403
6.68,-0.001267006373037832,4.069932561611314,0.0,-2.048350178505309,0.9942942671654195,-0.0003892985989501829,-0.0003404819214200375,-1.2063987416976398,0.23572238238605214,-0.029323640688412363,-357.4987317298046,637.4150488733214,-280.4464770723603,-0.5301599288436403
6.7,-0.0011552599350897889,-1.3804616691889393,0.0,-2.0480351158112198,0.9978130575072571,-0.00040424820550161395,-0.0003154539383380111,-1.2063987416976398,0.23572238238605214,-0.029323640688412363,-357.4987317298046,637.4150488733214,-280.4464770723603,-0.5301599288436403
6.72,-0.0018383911336901095,1.2352069755097865,0.0,-2.0482813073792774,0.9979756029100632,-0.0004090134370001659,-0.0003134838890238821,-1.2063987416976398,0.23572238238605214,-0.029323640688412363,-357.4987317298046,637.4150488733214,-280.4464770723603,-0.5301599288436403
6.74,-0.00249060482004167,-0.5126563390595602,0.0,-2.0471403742552834,0.998777541976764,-0.0004111395008495053,-0.00029976344562698994,-1.2063987416976398,0.23572238238605214,-0.029323640688412363,-357.4987317298046,637.4150488733214,-280.4464770723603,-0.5301599288436403
6.76,-0.003370148213425796,-1.656912180108045,0.0,-2.046677772061896,0.9984838832556604,-0.0004094157424726076,-0.0003009445781725727,-1.2063987416976398,0.23572238238605214,-0.029323640688412363,-357.4987317298046,637.4150488733214,-280.4464770723603,-0.5301599288436403
6.78,-0.0036356651246286513,2.6115740969195524,0.0,-2.047703497994807,0.9985598022763897,-0.0004091235765907601,-0.0003041078427994123,-1.2063987416976398,0.23572238238605214,-0.029323640688412363,-357.4987317298046,637.4150488733214,-280.4464770723603,-0.5301599288436403
6.8,-0.004203717404734546,-2.531493090534131,0.0,-2.0458782776212527,0.998404552967854,-0.0004212497771873397,-0.00030764985570312544,-1.2063987416976398,0.23572238238605214,-0.029323640688412363,-357.4987317298046,637.4150488733214,-280.4464770723603,-0.5301599288436403
6.82,-0.004821789598616535,-2.9582159935880843,0.0,-2.0470159429827723,0.9986943171830188,-0.0004271638758583403,-0.0003064314584629348,-1.2063987416976398,0.23572238238605214,-0.029323640688412363,-357.4987317298046,637.4150488733214,-280.4464770723603,-0.5301599288436403
6.84,-0.0038627654336345647,2.2150468812521615,0.0,-2.0507082679407023,0.997248787114392,-0.00041164434583941333,-0.0003248453955339653,-1.2063987416976398,0.23572238238605214,-0.029323640688412363,-357.4987317298046,637.4150488733214,-280.4464770723603,-0.5301599288436403
6.86,-0.0027105310424792926,1.0198320194132062,0.0,-2.050699178596361,0.9973962874818973,-0.0004158205237030799,-0.00032782472336716196,-1.2063987416976398,0.23572238238605214,-0.029323640688412363,-357.4987317298046,637.4150488733214,-280.4464770723603,-0.5301599288436403
6.88,-0.002522714890874804,-0.9028807523320604,0.0,-2.0504472593527985,0.9977450474475725,-0.00041197327281076166,-0.0003314683637887685,-1.2063987416976398,0.23572238238605214,-0.029323640688412363,-357.4987317298046,637.4150488733214,-280.4464770723603,-0.5301599288436403
6.9,-0.0023850898016371737,-1.0792968171783353,0.0,-2.0509301563840263,0.9972289266686598,-0.00041454565981073545,-0.0003353983242033594,-1.2063987416976398,0.23572238238605214,-0.029323640688412363,-357.4987317298046,637.4150488733214,-280.4464770723603,-0.5301599288436403
6.92,-0.0016820852730197225,-0.042450669698181454,0.0,-2.051667349235543,0.9964539122262871,-0.0004119839397360605,-0.00033948292408238564,-1.2063987416976398,0.23572238238605214,-0.029323640688412363,-357.4987317298046,637.4150488733214,-280.4464770723603,-0.5301599288436403
6.94,-0.0006612229632017978,-2.0405050618071487,0.0,-2.051615077633605,0.9959098597287417,-0.0004075223953719108,-0.0003365979645852616,-1.2063987416976398,0.23572238238605214,-0.029323640688412363,-357.4987317298046,637.4150488733214,-280.4464770723603,-0.5301599288436403
6.96,0.0009654269614035834,2.8430657195247107,0.0,-2.0506102087883784,0.9938263210326519,-0.0004050975638981404,-0.0003284403872068184,-1.2063987416976398,0.23572238238605214,-0.029323640688412363,-357.4987317298046,637.4150488733214,-280.4464770723603,-0.5301599288436403
6.98,0.002363159820667285,-1.565770095439496,0.0,-2.050440095088084,0.9936572744541521,-0.00040411054285971416,-0.0003282608918941913,-1.2063987416976398,0.23572238238605214,-0.029323640688412363,-357.4987317298046,637.4150488733214,-280.4464770723603,-0.5301599288436403
7.0,0.0034017884349282343,2.9395083903733124,0.0,-2.0477599644143485,0.9921663090915472,-0.0004258825276392401,-0.0003167318530387526,-1.2063987416976398,0.23572238238605214,-0.029323640688412363,-357.4987317298046,637.4150488733214,-280.4464770723603,-0.5301599288436403
7.0200000000000005,0.004059639206413904,3.7699370550928237,0.0,-2.04788553720349,0.9922849868872746,-0.00042624645361881544,-0.0003161428837468324,-1.21050485756821,0.23977665132381515,-0.029271793755605124,-366.2917854205661,649.6477127290905,-283.8858926822624,-0.5299653737382715
7.04,0.002778389689686413,-2.4003194351278894,0.0,-2.0505521246069587,0.9919531886541161,-0.0004066192081671641,-0.0003245711200490226,-1.21050485756821,0.23977665132381515,-0.029271793755605124,-366.2917854205661,649.6477127290905,-283.8858926822624,-0.5299653737382715
7.0600000000000005,0.0011136297005876791,1.3253722998219661,0.0,-2.0511313204639845,0.9923758566302677,-0.0004209856636426346,-0.0003346759765569139,-1.21050485756821,0.23977665132381515,-0.029271793755605124,-366.2917854205661,649.6477127290905,-283.8858926822624,-0.5299653737382715
7.08,-0.00022930889993635624,0.33480079648458383,0.0,-2.0508364290424983,0.9917559078486012,-0.00042652553305919203,-0.0003266877331626146,-1.21050485756821,0.23977665132381515,-0.029271793755605124,-366.2917854205661,649.6477127290905,-283.8858926822624,-0.5299653737382715
7.1000000000000005,-0.0020598567030624326,-3.9315822241339733,0.0,-2.050233426187773,0.9899448912023049,-0.0004236410086517144,-0.0003332109491577724,-1.21050485756821,0.23977665132381515,-0.029271793755605124,-366.2917854205661,649.6477127290905,-283.8858926822624,-0.5299653737382715
7.12,-0.002850155761989664,0.7449104895857452,0.0,-2.05390914081816,0.9924596601681597,-0.0004294771683882055,-0.00034317647536360714,-1.21050485756821,0.23977665132381515,-0.029271793755605124,-366.2917854205661,649.6477127290905,-283.8858926822624,-0.5299653737382715
7.140000000000001,-0.0027252964528158524,-0.9733448338474018,0.0,-2.0541009471678304,0.9926345466915633,-0.0004252198755023494,-0.00034273408702826944,-1.21050485756821,0.23977665132381515,-0.029271793755605124,-366.2917854205661,649.6477127290905,-283.8858926822624,-0.5299653737382715
7.16,-0.002550767233134915,1.108559223217477,0.0,-2.0547709248457506,0.9935387233283238,-0.0004256060981321047,-0.00032977146292689427,-1.21050485756821,0.23977665132381515,-0.029271793755605124,-366.2917854205661,649.6477127290905,-283.8858926822624,-0.5299653737382715
7.18,-0.0024319546661025937,0.3742057242220995,0.0,-2.054657402096856,0.9936511844174016,-0.00042604198509361903,-0.0003293139439607928,-1.21050485756821,0.23977665132381515,-0.029271793755605124,-366.2917854205661,649.6477127290905,-283.8858926822624,-0.5299653737382715
7.2,-0.0027627190246280425,-0.02286439541645624,0.0,-2.0544320345555183,0.9936913722619014,-0.00042501400898615154,-0.00032964050493512694,-1.21050485756821,0.23977665132381515,-0.029271793755605124,-366.2917854205661,649.6477127290905,-283.8858926822624,-0.5299653737382715
7.22,-0.0032138290670191494,1.3703310505664228,0.0,-2.0541089622615654,0.9937843878255309,-0.00042428799297565637,-0.00032838211383528365,-1.21050485756821,0.23977665132381515,-0.029271793755605124,-366.2917854205661,649.6477127290905,-283.8858926822624,-0.5299653737382715
7.24,-0.004079835839162074,2.1882287282964334,0.0,-2.0521117791625105,0.9938360645674654,-0.00042299114694797067,-0.00032493671038016095,-1.21050485756821,0.23977665132381515,-0.029271793755605124,-366.2917854205661,649.6477127290905,-283.8858926822624,-0.5299653737382715
7.26,-0.006013693392185469,-6.599457147619416,0.0,-2.0457696425190943,0.9927529600981624,-0.0004040943351662046,-0.00031767242570757,-1.21050485756821,0.23977665132381515,-0.029271793755605124,-366.2917854205661,649.6477127290905,-283.8858926822624,-0.5299653737382715
7.28,-0.006693822129288752,-1.6135249188560348,0.0,-2.054863834634946,0.9946539998290836,-0.00043198931238861164,-0.00033849257348691944,-1.21050485756821,0.23977665132381515,-0.029271793755605124,-366.2917854205661,649.6477127290905,-283.8858926822624,-0.5299653737382715
7.3,-0.005011251005539563,2.3351613123867443,0.0,-2.0580065854734797,0.9938219467605344,-0.00038996215904313683,-0.00034624661258670405,-1.21050485756821,0.23977665132381515,-0.029271793755605124,-366.2917854205661,649.6477127290905,-283.8858926822624,-0.5299653737382715
7.32,-0.003571672518743129,0.9303589277124296,0.0,-2.058015857931192,0.9938549845785771,-0.00039375640957610636,-0.0003540372923847734,-1.21050485756821,0.23977665132381515,-0.029271793755605124,-366.2917854205661,649.6477127290905,-283.8858926822624,-0.5299653737382715
7.34,-0.003110924018354585,0.15341437991228113,0.0,-2.0575882491028543,0.994694492858671,-0.0003893776649145876,-0.0003547199513896513,-1.21050485756821,0.23977665132381515,-0.029271793755605124,-366.2917854205661,649.6477127290905,-283.8858926822624,-0.5299653737382715
7.36,-0.0029872036035801575,-3.0045150922002044,0.0,-2.0570727287869324,0.9954119233081362,-0.0003869496255807686,-0.00035058984808612834,-1.21050485756821,0.23977665132381515,-0.029271793755605124,-366.2917854205661,649.6477127290905,-283.8858926822624,-0.5299653737382715
7.38,-0.002047458166382399,2.8837310363065027,0.0,-2.0594005476452457,0.9936532901682058,-0.0003909373658735973,-0.0003600760331577702,-1.21050485756821,0.23977665132381515,-0.029271793755605124,-366.2917854205661,649.6477127290905,-283.8858926822624,-0.5299653737382715
7.4,-0.001085284358096035,0.05938521535217767,0.0,-2.05966631327819,0.994689832997479,-0.00040059317017474623,-0.0003607187780426861,-1.21050485756821,0.23977665132381515,-0.029271793755605124,-366.2917854205661,649.6477127290905,-283.8858926822624,-0.5299653737382715
7.42,-0.0009918221049623121,-3.386689897329061,0.0,-2.0596694287677284,0.9946829660682841,-0.00040077564214416404,-0.00036057869274499593,-1.21050485756821,0.23977665132381515,-0.029271793755605124,-366.2917854205661,649.6477127290905,-283.8858926822624,-0.5299653737382715
7.44,6.972948510753353e-05,1.119221412111436,0.0,-2.061276658046705,0.9913044765891507,-0.00040804125248174416,-0.00038856501897417136,-1.21050485756821,0.23977665132381515,-0.029271793755605124,-366.2917854205661,649.6477127290905,-283.8858926822624,-0.5299653737382715
7.46,0.0017957203642366495,0.49297815155044855,0.0,-2.059847345788539,0.990116143349468,-0.000392706198630952,-0.00038592215382363674,-1.21050485756821,0.23977665132381515,-0.029271793755605124,-366.2917854205661,649.6477127290905,-283.8858926822624,-0.5299653737382715
7.48,0.0030609489832534196,2.230972189215172,0.0,-2.057497966666387,0.9892556207727212,-0.00039447111468965336,-0.00037106509505488645,-1.21050485756821,0.23977665132381515,-0.029271793755605124,-366.2917854205661,649.6477127290905,-283.8858926822624,-0.5299653737382715
7.5,0.0035478538012424783,0.052976917348582564,0.0,-2.0575832542163206,0.989335012921469,-0.00039435926729280643,-0.00037087381287712756,-1.21050485756821,0.23977665132381515,-0.029271793755605124,-366.2917854205661,649.6477127290905,-283.8858926822624,-0.5299653737382715
7.5200000000000005,0.0033883608306020606,1.80663363608216,0.0,-2.0568044990114296,0.9890371340704929,-0.0004002344647596746,-0.00037257687752472054,-1.1954683936862074,0.22483631171715718,-0.02936791803094971,-374.8129800396736,655.7089725919204,-281.4050956426251,-0.5091030903781777
7.54,0.002705722708958859,-0.9054853821034747,0.0,-2.0573219631092825,0.9891345805569055,-0.0003995748780756545,-0.00036918187367809206,-1.1954683936862074,0.22483631171715718,-0.02936791803094971,-374.8129800396736,655.7089725919204,-281.4050956426251,-0.5091030903781777
7.5600000000000005,0.001776296940951242,2.826375091445103,0.0,-2.0571165992617066,0.9898772941632865,-0.00040432848496715803,-0.0003693986452253112,-1.1954683936862074,0.22483631171715718,-0.02936791803094971,-374.8129800396736,655.7089725919204,-281.4050956426251,-0.5091030903781777
7.58,0.0002955899611538819,-3.7502768587096393,0.0,-2.057406333204413,0.9886288458487148,-0.0004086393574807982,-0.0003620142497814382,-1.1954683936862074,0.22483631171715718,-0.02936791803094971,-374.8129800396736,655.7089725919204,-281.4050956426251,-0.5091030903781777
7.6000000000000005,-0.0009126959296665147,-1.0116893393024062,0.0,-2.0594978920332023,0.9920860788810584,-0.00042717759444479877,-0.0003593272589742331,-1.1954683936862074,0.22483631171715718,-0.02936791803094971,-374.8129800396736,655.7089725919204,-281.4050956426251,-0.5091030903781777
7.62,-0.0007322705310698487,1.878217289286685,0.0,-2.0602662975472423,0.9928403767385048,-0.00040995736857081505,-0.0003682850002569202,-1.1954683936862074,0.22483631171715718,-0.02936791803094971,-374.8129800396736,655.7089725919204,-281.4050956426251,-0.5091030903781777
7.640000000000001,-0.0008102245489936945,1.636659560510766,0.0,-2.0603827537979313,0.9924957298805431,-0.0004120388282841054,-0.0003724137789602613,-1.1954683936862074,0.22483631171715718,-0.02936791803094971,-374.8129800396736,655.7089725919204,-281.4050956426251,-0.5091030903781777
7.66,-0.001922584721869035,-0.6091424611366385,0.0,-2.059583379212465,0.9922026611251893,-0.0004035324057984464,-0.00037434416526537374,-1.1954683936862074,0.22483631171715718,-0.02936791803094971,-374.8129800396736,655.7089725919204,-281.4050956426251,-0.5091030903781777
7.68,-0.003347990376356646,-1.6220606405189981,0.0,-2.058462472925242,0.9920375398713406,-0.00039848169015127793,-0.0003693374673506567,-1.1954683936862074,0.22483631171715718,-0.02936791803094971,-374.8129800396736,655.7089725919204,-281.4050956426251,-0.5091030903781777
7.7,-0.00414118068524872,-1.452863063377411,0.0,-2.0590467905914647,0.9922314265225481,-0.00039840169835561975,-0.00037096722429372805,-1.1954683936862074,0.22483631171715718,-0.02936791803094971,-374.8129800396736,655.7089725919204,-281.4050956426251,-0.5091030903781777
7.72,-0.004060100142361672,-1.0145277141311948,0.0,-2.0603700007089114,0.9928176169011762,-0.0003937157090544584,-0.0003692244723991112,-1.1954683936862074,0.22483631171715718,-0.02936791803094971,-374.8129800396736,655.7089725919204,-281.4050956426251,-0.5091030903781777
7.74,-0.0032821426575398633,2.6252241205492126,0.0,-2.061499029295995,0.9928756163384376,-0.0003873820440218894,-0.00036381193097596853,-1.1954683936862074,0.22483631171715718,-0.02936791803094971,-374.8129800396736,655.7089725919204,-281.4050956426251,-0.5091030903781777
7.76,-0.002996597777373086,0.2882218529029177,0.0,-2.0608407711370713,0.9939209598795783,-0.0003932786662259005,-0.00036943526908352547,-1.1954683936862074,0.22483631171715718,-0.02936791803094971,-374.8129800396736,655.7089725919204,-281.4050956426251,-0.5091030903781777
7.78,-0.003583151804471921,-3.4452618917019535,0.0,-2.059478754698563,0.9944448376318674,-0.000383622539315527,-0.00036924687913048894,-1.1954683936862074,0.22483631171715718,-0.02936791803094971,-374.8129800396736,655.7089725919204,-281.4050956426251,-0.5091030903781777
7.8,-0.0032678601346363056,-0.9326817704447028,0.0,-2.0627983299563057,0.9931650568928693,-0.0003902355181558427,-0.00038683898147518457,-1.1954683936862074,0.22483631171715718,-0.02936791803094971,-374.8129800396736,655.7089725919204,-281.4050956426251,-0.5091030903781777
7.82,-0.0016912055244668487,3.777354342757449,0.0,-2.0634334881632275,0.9921144878152707,-0.00037165531755549604,-0.0003861623305812396,-1.1954683936862074,0.22483631171715718,-0.02936791803094971,-374.8129800396736,655.7089725919204,-281.4050956426251,-0.5091030903781777
7.84,-0.0009582642949637373,-1.2967206261063904,0.0,-2.0645483355862986,0.9933240106749254,-0.0003806707797594744,-0.00040336438860807435,-1.1954683936862074,0.22483631171715718,-0.02936791803094971,-374.8129800396736,655.7089725919204,-281.4050956426251,-0.5091030903781777
7.86,-0.0009578002051685307,1.6544082811517318,0.0,-2.064876976573204,0.9928274073673384,-0.00038811863979033905,-0.0004037699812439329,-1.1954683936862074,0.22483631171715718,-0.02936791803094971,-374.8129800396736,655.7089725919204,-281.4050956426251,-0.5091030903781777
7.88,-0.0010681336188575505,-1.7617502740389308,0.0,-2.0643635823975086,0.9945526297272044,-0.00039028917708201885,-0.0003893119953411372,-1.1954683936862074,0.22483631171715718,-0.02936791803094971,-374.8129800396736,655.7089725919204,-281.4050956426251,-0.5091030903781777
7.9,-0.0011537840648634745,0.0651713681341004,0.0,-2.064959772471974,0.9948662476789905,-0.000395062481700459,-0.0003870659271125063,-1.1954683936862074,0.22483631171715718,-0.02936791803094971,-374.8129800396736,655.7089725919204,-281.4050956426251,-0.5091030903781777
7.92,-0.0007499057400504127,-0.8338359789584114,0.0,-2.0650470725145715,0.9947020367523581,-0.00039351894404172493,-0.00038843353455316425,-1.1954683936862074,0.22483631171715718,-0.02936791803094971,-374.8129800396736,655.7089725919204,-281.4050956426251,-0.5091030903781777
7.94,-0.00012567339224086777,1.937835427525081,0.0,-2.0649604727971185,0.9947666836252691,-0.0003924244701049878,-0.0003822720268001101,-1.1954683936862074,0.22483631171715718,-0.02936791803094971,-374.8129800396736,655.7089725919204,-281.4050956426251,-0.5091030903781777
7.96,0.00017447275501430572,0.8053935166129191,0.0,-2.0652466831500784,0.9952246762557402,-0.00039432282614402657,-0.0003823656451060834,-1.1954683936862074,0.22483631171715718,-0.02936791803094971,-374.8129800396736,655.7089725919204,-281.4050956426251,-0.5091030903781777
7.98,-0.00032759741104679605,2.37002542182843,0.0,-2.0652029416694666,0.99533140987058,-0.00039007733401819885,-0.0003830581895257494,-1.1954683936862074,0.22483631171715718,-0.02936791803094971,-374.8129800396736,655.7089725919204,-281.4050956426251,-0.5091030903781777
8.0,-0.0017616179573569594,-2.2532872613821993,0.0,-2.0634413797429203,0.9958286329391809,-0.00037895525779277757,-0.0003658426704745686,-1.1954683936862074,0.22483631171715718,-0.02936791803094971,-374.8129800396736,655.7089725919204,-281.4050956426251,-0.5091030903781777
8.02,-0.0032409583464731127,0.004926305001222264,0.0,-2.062955538602577,0.9955762701140042,-0.00037656688354077944,-0.0003646911171401032,-1.1894080405158036,0.21858306442393824,-0.029175023908134704,-398.6111509873265,699.2055340552346,-301.125157295336,-0.5307742274280995
8.040000000000001,-0.004082381108206208,-1.953499062330665,0.0,-2.060901973308926,0.9948621163268564,-0.0003830399989897668,-0.0003572718989586594,-1.1894080405158036,0.21858306442393824,-0.029175023908134704,-398.6111509873265,699.2055340552346,-301.125157295336,-0.5307742274280995
8.06,-0.00437899602702975,-2.7406954560756716,0.0,-2.061364811173636,0.9951862141338295,-0.0003828492892793497,-0.00035573522612624315,-1.1894080405158036,0.21858306442393824,-0.029175023908134704,-398.6111509873265,699.2055340552346,-301.125157295336,-0.5307742274280995
8.08,-0.003328666292007816,1.5155624113176955,0.0,-2.063790502862463,0.9950325019228291,-0.00037255452071456894,-0.00035577557188954154,-1.1894080405158036,0.21858306442393824,-0.029175023908134704,-398.6111509873265,699.2055340552346,-301.125157295336,-0.5307742274280995
8.1,-0.0019406136083936654,-0.207631649696995,0.0,-2.063793880750706,0.9952524995814681,-0.00037551216491196846,-0.0003576674177388765,-1.1894080405158036,0.21858306442393824,-0.029175023908134704,-398.6111509873265,699.2055340552346,-301.125157295336,-0.5307742274280995
8.120000000000001,-0.0009478346416611392,-1.0122215723584844,0.0,-2.0638036627578153,0.994870669031784,-0.00037696141331507296,-0.00035532402881538407,-1.1894080405158036,0.21858306442393824,-0.029175023908134704,-398.6111509873265,699.2055340552346,-301.125157295336,-0.5307742274280995
8.14,0.0003961721461796506,3.8294057054801636,0.0,-2.0636579597510236,0.992676088873995,-0.00037762142572695073,-0.00036195368257090934,-1.1894080405158036,0.21858306442393824,-0.029175023908134704,-398.6111509873265,699.2055340552346,-301.125157295336,-0.5307742274280995
8.16,0.0009177072432639423,-1.3134462836481005,0.0,-2.065835075841305,0.995423988144086,-0.0003852541997463703,-0.00036399566681467107,-1.1894080405158036,0.21858306442393824,-0.029175023908134704,-398.6111509873265,699.2055340552346,-301.125157295336,-0.5307742274280995
8.18,0.0007082766314144845,-1.4058522259336859,0.0,-2.065837804514205,0.9952921290358107,-0.00038942206693053696,-0.0003639053919982328,-1.1894080405158036,0.21858306442393824,-0.029175023908134704,-398.6111509873265,699.2055340552346,-301.125157295336,-0.5307742274280995
8.2,0.001299633327908763,-1.8807284909900557,0.0,-2.065723072019674,0.994188865707164,-0.00038713647916704117,-0.00037643969406166427,-1.1894080405158036,0.21858306442393824,-0.029175023908134704,-398.6111509873265,699.2055340552346,-301.125157295336,-0.5307742274280995
8.22,0.00286163484038788,3.6790031499451237,0.0,-2.062604939692913,0.9942839849449066,-0.00037078674067187416,-0.00036173715393214556,-1.1894080405158036,0.21858306442393824,-0.029175023908134704,-398.6111509873265,699.2055340552346,-301.125157295336,-0.5307742274280995
8.24,0.003915125410806147,0.6317526611984698,0.0,-2.0642208902139156,0.9948538979991258,-0.0003763534094973484,-0.0003660579689473267,-1.1894080405158036,0.21858306442393824,-0.029175023908134704,-398.6111509873265,699.2055340552346,-301.125157295336,-0.5307742274280995
8.26,0.0037310208092897006,1.1689250295286393,0.0,-2.0640722675937906,0.9948220900961576,-0.00037739059699606057,-0.00036565773072005903,-1.1894080405158036,0.21858306442393824,-0.029175023908134704,-398.6111509873265,699.2055340552346,-301.125157295336,-0.5307742274280995
8.28,0.003043195094796628,-1.1810355781754742,0.0,-2.0646744159785593,0.9952617533490352,-0.0003747491744539867,-0.0003587308050067601,-1.1894080405158036,0.21858306442393824,-0.029175023908134704,-398.6111509873265,699.2055340552346,-301.125157295336,-0.5307742274280995
8.3,0.002378149302061029,1.399706974095097,0.0,-2.0642814360186232,0.9959940609692367,-0.00037784467343643055,-0.000359853609579658,-1.1894080405158036,0.21858306442393824,-0.029175023908134704,-398.6111509873265,699.2055340552346,-301.125157295336,-0.5307742274280995
8.32,0.0016640981210136311,-0.9936538261971748,0.0,-2.0647463510738446,0.9954494848828639,-0.0003805270078785126,-0.00035880135983022465,-1.1894080405158036,0.21858306442393824,-0.029175023908134704,-398.6111509873265,699.2055340552346,-301.125157295336,-0.5307742274280995
8.34,0.000841657181921939,0.8995865673497319,0.0,-2.064724073058765,0.9961610604598299,-0.0003823822496412303,-0.0003569841115099138,-1.1894080405158036,0.21858306442393824,-0.029175023908134704,-398.6111509873265,699.2055340552346,-301.125157295336,-0.5307742274280995
8.36,5.208172078889671e-05,-1.7124387341856215,0.0,-2.064678283514348,0.9957001012398443,-0.00038420649176010177,-0.0003549593434844983,-1.1894080405158036,0.21858306442393824,-0.029175023908134704,-398.6111509873265,699.2055340552346,-301.125157295336,-0.5307742274280995
8.38,-0.0004991313574737019,-1.1375158935201146,0.0,-2.0651545454456763,0.9968314600065776,-0.0003863844403033273,-0.0003524476082171895,-1.1894080405158036,0.21858306442393824,-0.029175023908134704,-398.6111509873265,699.2055340552346,-301.125157295336,-0.5307742274280995
8.4,-0.0002189268078125594,0.1383388241753808,0.0,-2.065453567024407,0.9973117329257221,-0.00038008833088667044,-0.00035414252480883484,-1.1894080405158036,0.21858306442393824,-0.029175023908134704,-398.6111509873265,699.2055340552346,-301.125157295336,-0.5307742274280995
8.42,0.00035249013010733507,0.5825705464524914,0.0,-2.065137627684528,0.9975665442999153,-0.0003761987948328161,-0.0003495304883392028,-1.1894080405158036,0.21858306442393824,-0.029175023908134704,-398.6111509873265,699.2055340552346,-301.125157295336,-0.5307742274280995
8.44,0.0007150258722033792,-1.5610265417875189,0.0,-2.0649947435184925,0.9975004686715107,-0.00037607952794286654,-0.00034860418895275337,-1.1894080405158036,0.21858306442393824,-0.029175023908134704,-398.6111509873265,699.2055340552346,-301.125157295336,-0.5307742274280995
8.46,0.00136860856870558,3.2123320081764417,0.0,-2.064349437506691,0.9967159597351117,-0.000379602512870274,-0.0003500134618749667,-1.1894080405158036,0.21858306442393824,-0.029175023908134704,-398.6111509873265,699.2055340552346,-301.125157295336,-0.5307742274280995
8.48,0.0015472784631175764,4.445428159423268,0.0,-2.0659018630436274,0.9976776521865028,-0.000386804084184789,-0.0003495824108491507,-1.1894080405158036,0.21858306442393824,-0.029175023908134704,-398.6111509873265,699.2055340552346,-301.125157295336,-0.5307742274280995
8.5,-0.0005067461711588511,-0.4772849187444219,0.0,-2.0667470341035514,0.9963250453650998,-0.0003462431072410952,-0.0003615907101725317,-1.1894080405158036,0.21858306442393824,-0.029175023908134704,-398.6111509873265,699.2055340552346,-301.125157295336,-0.5307742274280995
8.52,-0.003725992008314796,-0.9543777079991103,0.0,-2.0582272792586287,0.9931181752251078,-0.0002841722135939333,-0.00031608517441829146,-1.1826917003452824,0.2119389361803971,-0.02924723583511485,-487.9405963158933,857.2572279231787,-369.9720848353406,-0.6554532280546965
8.540000000000001,-0.006549544042952785,-5.889939183749156,0.0,-2.044933278484498,0.9861761688328253,-0.00027569134121556335,-0.0002643611142665354,-1.1826917003452824,0.2119389361803971,-0.02924723583511485,-487.9405963158933,857.2572279231787,-369.9720848353406,-0.6554532280546965
8.56,-0.007410272601082914,-4.613792626052533,0.0,-2.041987310681111,0.9840611802281487,-0.00027722352178783543,-0.0002650263337031859,-1.1826917003452824,0.2119389361803971,-0.02924723583511485,-487.9405963158933,857.2572279231787,-369.9720848353406,-0.6554532280546965
8.58,-0.00524204239696167,0.2855430619565329,0.0,-2.0429915271780366,0.98445632117632,-0.00026868282287981167,-0.00026285482668908717,-1.1826917003452824,0.2119389361803971,-0.02924723583511485,-487.9405963158933,857.2572279231787,-369.9720848353406,-0.6554532280546965
8.6,-0.0018394957232265932,-1.9763823600493469,0.0,-2.043390704891737,0.9851337167165093,-0.0002834801146031273,-0.0002782968950021117,-1.1826917003452824,0.2119389361803971,-0.02924723583511485,-487.9405963158933,857.2572279231787,-369.9720848353406,-0.6554532280546965
8.620000000000001,0.0020465672564159293,-0.5047934809098304,0.0,-2.041809074300914,0.9822314085410566,-0.00028226522452396644,-0.00026613448637658035,-1.1826917003452824,0.2119389361803971,-0.02924723583511485,-487.9405963158933,857.2572279231787,-369.9720848353406,-0.6554532280546965
8.64,0.006672139814532624,3.5329664306023996,0.0,-2.036365636766819,0.9751154002696515,-0.0002716485955447314,-0.00026720051528679196,-1.1826917003452824,0.2119389361803971,-0.02924723583511485,-487.9405963158933,857.2572279231787,-369.9720848353406,-0.6554532280546965
8.66,0.01045314667817371,5.290487531143298,0.0,-2.036939143343665,0.975531970289269,-0.0002720912950137772,-0.000267900109004642,-1.1826917003452824,0.2119389361803971,-0.02924723583511485,-487.9405963158933,857.2572279231787,-369.9720848353406,-0.6554532280546965
8.68,0.011716538777216453,-3.3909377777319145,0.0,-2.047813909909786,0.9820177719729472,-0.0002553535316348629,-0.00027123686588736756,-1.1826917003452824,0.2119389361803971,-0.02924723583511485,-487.9405963158933,857.2572279231787,-369.9720848353406,-0.6554532280546965
8.700000000000001,0.012497757129298051,0.13621935355103698,0.0,-2.0380287355690463,0.9776949775323407,-0.00029391348258634895,-0.00029470253054312065,-1.1826917003452824,0.2119389361803971,-0.02924723583511485,-487.9405963158933,857.2572279231787,-369.9720848353406,-0.6554532280546965
8.72,0.014310979201893897,1.483161426883187,0.0,-2.0272602939729065,0.9756695985813175,-0.0002727906002417608,-0.0003114639162477811,-1.1826917003452824,0.2119389361803971,-0.02924723583511485,-487.9405963158933,857.2572279231787,-369.9720848353406,-0.6554532280546965
8.74,0.01574048394225697,4.162639282314817,0.0,-2.0164300715215377,0.9775651805942466,-0.0002650792138199136,-0.0002867959111312421,-1.1826917003452824,0.2119389361803971,-0.02924723583511485,-487.9405963158933,857.2572279231787,-369.9720848353406,-0.6554532280546965
8.76,0.015616397230556545,3.8077393499606487,0.0,-2.0185850765287947,0.9774639013923545,-0.0002647160314472778,-0.0002882688047684414,-1.1826917003452824,0.2119389361803971,-0.02924723583511485,-487.9405963158933,857.2572279231787,-369.9720848353406,-0.6554532280546965
8.78,0.013257295795658975,0.29344095904430967,0.0,-2.025703590449985,0.9751108616403267,-0.0002487329634427856,-0.0002872430974670596,-1.1826917003452824,0.2119389361803971,-0.02924723583511485,-487.9405963158933,857.2572279231787,-369.9720848353406,-0.6554532280546965
8.8,0.00978112714874056,1.180369181516617,0.0,-2.0275787184887895,0.9725113680016816,-0.0002392115513080382,-0.000279912081507969,-1.1826917003452824,0.2119389361803971,-0.02924723583511485,-487.9405963158933,857.2572279231787,-369.9720848353406,-0.6554532280546965
8.82,0.005935198982671624,-1.4076656812385286,0.0,-2.0293950907488885,0.9636694518751129,-0.00023933830662088842,-0.00026801469114089296,-1.1826917003452824,0.2119389361803971,-0.02924723583511485,-487.9405963158933,857.2572279231787,-369.9720848353406,-0.6554532280546965
8.84,0.0021933404644787773,-5.189216179264643,0.0,-2.028220963317724,0.9558318108097155,-0.00023634286746966246,-0.00027223910616828187,-1.1826917003452824,0.2119389361803971,-0.02924723583511485,-487.9405963158933,857.2572279231787,-369.9720848353406,-0.6554532280546965
8.86,0.0003971484713922456,0.1724703477670726,0.0,-2.0297257420129275,0.9605381055753334,-0.00023163150740459094,-0.00027209188595385647,-1.1826917003452824,0.2119389361803971,-0.02924723583511485,-487.9405963158933,857.2572279231787,-369.9720848353406,-0.6554532280546965
8.88,7.255467771304138e-05,2.637208624960292,0.0,-2.0299097933536303,0.9570481254783246,-0.0002497744135324211,-0.0002808360596441227,-1.1826917003452824,0.2119389361803971,-0.02924723583511485,-487.9405963158933,857.2572279231787,-369.9720848353406,-0.6554532280546965
8.9,-0.0010743585638455318,-8.154456612594412,0.0,-2.029758929324334,0.9493141095764286,-0.0002551069248945429,-0.00032805385099627206,-1.1826917003452824,0.2119389361803971,-0.02924723583511485,-487.9405963158933,857.2572279231787,-369.9720848353406,-0.6554532280546965
8.92,-0.0006124093408786535,4.2234770872169705,0.0,-2.0348672374928802,0.9524468727939935,-0.0002795934958890229,-0.0003332002724198787,-1.1826917003452824,0.2119389361803971,-0.02924723583511485,-487.9405963158933,857.2572279231787,-369.9720848353406,-0.6554532280546965
8.94,0.0009968040729097813,-2.0802021252022085,0.0,-2.039181110782632,0.9552144373050534,-0.0003349085096132804,-0.0003242543969502651,-1.1826917003452824,0.2119389361803971,-0.02924723583511485,-487.9405963158933,857.2572279231787,-369.9720848353406,-0.6554532280546965
8.96,0.0019846868644293036,-1.0048147077042402,0.0,-2.0388704157741957,0.9555897445590928,-0.0003378802749757385,-0.00031666621134850007,-1.1826917003452824,0.2119389361803971,-0.02924723583511485,-487.9405963158933,857.2572279231787,-369.9720848353406,-0.6554532280546965
8.98,0.003888517601507824,-1.5847816643193877,0.0,-2.0379234957482883,0.9541804965558481,-0.00033546639131144156,-0.0003222896576969549,-1.1826917003452824,0.2119389361803971,-0.02924723583511485,-487.9405963158933,857.2572279231787,-369.9720848353406,-0.6554532280546965
9.0,0.006575244025139924,3.0458781431539323,0.0,-2.032347187408997,0.9521668169816815,-0.00032609334208595603,-0.00030920890242687487,-1.1826917003452824,0.2119389361803971,-0.02924723583511485,-487.9405963158933,857.2572279231787,-369.9720848353406,-0.6554532280546965
9.02,0.008875679240106637,2.261020246989465,0.0,-2.035146727914217,0.9534733469229612,-0.0003302699445718231,-0.00031233882590496,-1.2107264629910075,0.24118978068801963,-0.03046331769701215,-434.8363301569317,740.4787010894818,-306.25462625913764,-0.6122553265875601
9.040000000000001,0.009678217283175689,1.585076510958143,0.0,-2.038443270299657,0.9546770118274251,-0.00032573243877722426,-0.00031622043964413596,-1.2107264629910075,0.24118978068801963,-0.03046331769701215,-434.8363301569317,740.4787010894818,-306.25462625913764,-0.6122553265875601
9.06,0.009415699926770339,1.9559962745377886,0.0,-2.0413783637173792,0.9557579702378688,-0.0003209196874797538,-0.00031075772988160935,-1.2107264629910075,0.24118978068801963,-0.03046331769701215,-434.8363301569317,740.4787010894818,-306.25462625913764,-0.6122553265875601
9.08,0.008175782520975351,-0.4035521667342543,0.0,-2.0455566274057153,0.9550469869559036,-0.00031591149290749823,-0.00030558031950601774,-1.2107264629910075,0.24118978068801963,-0.03046331769701215,-434.8363301569317,740.4787010894818,-306.25462625913764,-0.6122553265875601
9.1,0.0065329415848950625,-2.683750548771167,0.0,-2.0462106962666904,0.9542561183138987,-0.00031404569585615156,-0.0003048177172102147,-1.2107264629910075,0.24118978068801963,-0.03046331769701215,-434.8363301569317,740.4787010894818,-306.25462625913764,-0.6122553265875601
9.120000000000001,0.005835443564509077,-0.4680392698332847,0.0,-2.0445237210510094,0.9574536855754924,-0.0003111036303913548,-0.00030744933672256216,-1.2107264629910075,0.24118978068801963,-0.03046331769701215,-434.8363301569317,740.4787010894818,-306.25462625913764,-0.6122553265875601
9.14,0.006097767337504957,2.1829707967923393,0.0,-2.0426986611472264,0.9591323710287206,-0.0003029402015145118,-0.0003028442186256874,-1.2107264629910075,0.24118978068801963,-0.03046331769701215,-434.8363301569317,740.4787010894818,-306.25462625913764,-0.6122553265875601
9.16,0.005896444183058729,-2.4305733513128844,0.0,-2.045279817650136,0.9575900217158159,-0.0003074100947095556,-0.0003132456301837226,-1.2107264629910075,0.24118978068801963,-0.03046331769701215,-434.8363301569317,740.4787010894818,-306.25462625913764,-0.6122553265875601
9.18,0.005804893439527262,4.507440988665605,0.0,-2.0429860759588117,0.9591379705110828,-0.0003147789430490574,-0.000309438448890115,-1.2107264629910075,0.24118978068801963,-0.03046331769701215,-434.8363301569317,740.4787010894818,-306.25462625913764,-0.6122553265875601
9.200000000000001,0.005141857634265641,-3.8141895620488357,0.0,-2.050086379145909,0.9588574292127799,-0.00033661612301360465,-0.00030273611559461234,-1.2107264629910075,0.24118978068801963,-0.03046331769701215,-434.8363301569317,740.4787010894818,-306.25462625913764,-0.6122553265875601
9.22,0.004308317498536924,0.10719323866815422,0.0,-2.0495078166449634,0.9621917233005485,-0.000353389856144664,-0.0002926860155735354,-1.2107264629910075,0.24118978068801963,-0.03046331769701215,-434.8363301569317,740.4787010894818,-306.25462625913764,-0.6122553265875601
9.24,0.004587539441314577,-1.7211018178203112,0.0,-2.049332247086081,0.9622035508871902,-0.00035233337989824077,-0.00029356071529084007,-1.2107264629910075,0.24118978068801963,-0.03046331769701215,-434.8363301569317,740.4787010894818,-306.25462625913764,-0.6122553265875601
9.26,0.005368360438879982,0.06299346861532218,0.0,-2.0465543456662574,0.9646957242208646,-0.0003478115220454092,-0.00027554032216372106,-1.2107264629910075,0.24118978068801963,-0.03046331769701215,-434.8363301569317,740.4787010894818,-306.25462625913764,-0.6122553265875601
9.28,0.006668657298195796,3.256087798546489,0.0,-2.0438908533042657,0.9643829281567626,-0.000341871421903971,-0.0002731584277317825,-1.2107264629910075,0.24118978068801963,-0.03046331769701215,-434.8363301569317,740.4787010894818,-306.25462625913764,-0.6122553265875601
9.3,0.0070391760366010124,1.5618330504211295,0.0,-2.048746321098596,0.9648163382416279,-0.00034552236861352075,-0.00028287458106547136,-1.2107264629910075,0.24118978068801963,-0.03046331769701215,-434.8363301569317,740.4787010894818,-306.25462625913764,-0.6122553265875601
9.32,0.006043355479844706,-2.6133706196303605,0.0,-2.0517404482958446,0.9648006360655611,-0.000334390891570775,-0.00028320967058603275,-1.2107264629910075,0.24118978068801963,-0.03046331769701215,-434.8363301569317,740.4787010894818,-306.25462625913764,-0.6122553265875601
9.34,0.0053936539443703,0.9687136566866927,0.0,-2.0506044933917793,0.9654967477160744,-0.000339919197873429,-0.0002917010817989927,-1.2107264629910075,0.24118978068801963,-0.03046331769701215,-434.8363301569317,740.4787010894818,-306.25462625913764,-0.6122553265875601
9.36,0.0052596480215891936,-1.0078608553989425,0.0,-2.051561753678719,0.9649486478763301,-0.00034399978408427277,-0.0002915575137447607,-1.2107264629910075,0.24118978068801963,-0.03046331769701215,-434.8363301569317,740.4787010894818,-306.25462625913764,-0.6122553265875601
9.38,0.0051703467528693035,-0.02331117176632591,0.0,-2.0506199630845026,0.9660403963189587,-0.00034400818169200387,-0.00028623276052613207,-1.2107264629910075,0.24118978068801963,-0.03046331769701215,-434.8363301569317,740.4787010894818,-306.25462625913764,-0.6122553265875601
9.4,0.005415682642929422,5.083216526149226,0.0,-2.0500775972052736,0.9661527063785929,-0.0003429598239775359,-0.000286240700977422,-1.2107264629910075,0.24118978068801963,-0.03046331769701215,-434.8363301569317,740.4787010894818,-306.25462625913764,-0.6122553265875601
9.42,0.004213541167660064,-2.991461622712337,0.0,-2.0579745761565085,0.9635275819859096,-0.00035064485938994105,-0.0003042057449660351,-1.2107264629910075,0.24118978068801963,-0.03046331769701215,-434.8363301569317,740.4787010894818,-306.25462625913764,-0.6122553265875601
9.44,0.0024254988828167554,-0.6253802399900259,0.0,-2.0580625916380373,0.9637935910299708,-0.00035277185452329526,-0.0003043793934720588,-1.2107264629910075,0.24118978068801963,-0.03046331769701215,-434.8363301569317,740.4787010894818,-306.25462625913764,-0.6122553265875601
9.46,0.0017119259067759505,-7.5500545306225355,0.0,-2.058072271817066,0.9632348072322021,-0.0003566151759334549,-0.0002980753092831652,-1.2107264629910075,0.24118978068801963,-0.03046331769701215,-434.8363301569317,740.4787010894818,-306.25462625913764,-0.6122553265875601
9.48,0.00340323698751679,0.9767662103587718,0.0,-2.057381112429555,0.975728887753737,-0.00033679360869868916,-0.0002498066247091572,-1.2107264629910075,0.24118978068801963,-0.03046331769701215,-434.8363301569317,740.4787010894818,-306.25462625913764,-0.6122553265875601
9.5,0.007040951173486371,3.5260704679092285,0.0,-2.0502796382013377,0.9739069045700715,-0.00029748337984046065,-0.0002374274839834918,-1.2107264629910075,0.24118978068801963,-0.03046331769701215,-434.8363301569317,740.4787010894818,-306.25462625913764,-0.6122553265875601
9.52,0.009404605370742022,3.1104917267394026,0.0,-2.0520017492598734,0.9743222882270457,-0.00029848860963146973,-0.0002444048593068133,-1.20875076741599,0.23856221875392658,-0.029811451337936626,-530.9840687893162,914.9117839997344,-384.6524257938881,-0.7247105834699592
9.540000000000001,0.009884357863278459,2.3314915928141264,0.0,-2.0572345007917368,0.9776811330698921,-0.0002897568415752873,-0.00024182831568615008,-1.20875076741599,0.23856221875392658,-0.029811451337936626,-530.9840687893162,914.9117839997344,-384.6524257938881,-0.7247105834699592
9.56,0.008833050905350144,-3.9503432817951376,0.0,-2.0630438869263745,0.9798806856867789,-0.0002763686372452063,-0.0002284429165006913,-1.20875076741599,0.23856221875392658,-0.029811451337936626,-530.9840687893162,914.9117839997344,-384.6524257938881,-0.7247105834699592
9.58,0.008311612967802653,0.978265483964897,0.0,-2.0607376464570204,0.9812300847324725,-0.00028365447637351604,-0.0002360097207303283,-1.20875076741599,0.23856221875392658,-0.029811451337936626,-530.9840687893162,914.9117839997344,-384.6524257938881,-0.7247105834699592
9.6,0.008713004089790762,1.9987143366039692,0.0,-2.0626551175009857,0.9805953884240279,-0.00029052964381379,-0.00023564222883188385,-1.20875076741599,0.23856221875392658,-0.029811451337936626,-530.9840687893162,914.9117839997344,-384.6524257938881,-0.7247105834699592
9.620000000000001,0.008297727913219087,-1.5762037444909276,0.0,-2.067445116874904,0.9772887817272502,-0.00029263146489214665,-0.00025608454008342537,-1.20875076741599,0.23856221875392658,-0.029811451337936626,-530.9840687893162,914.9117839997344,-384.6524257938881,-0.7247105834699592
9.64,0.007811172827622059,-3.2324251025272277,0.0,-2.067496301571588,0.9772648515707831,-0.00029253640541676736,-0.0002560697057049452,-1.20875076741599,0.23856221875392658,-0.029811451337936626,-530.9840687893162,914.9117839997344,-384.6524257938881,-0.7247105834699592
9.66,0.008782077016259082,1.0869416059120263,0.0,-2.063426075166058,0.9786553485904775,-0.0002843347550377156,-0.0002582308512395497,-1.20875076741599,0.23856221875392658,-0.029811451337936626,-530.9840687893162,914.9117839997344,-384.6524257938881,-0.7247105834699592
9.68,0.010436736983045663,3.602391291439714,0.0,-2.06291182308665,0.978719048261432,-0.0002829561281191461,-0.00025720996989013316,-1.20875076741599,0.23856221875392658,-0.029811451337936626,-530.9840687893162,914.9117839997344,-384.6524257938881,-0.7247105834699592
9.700000000000001,0.010784231625755258,2.6262276069342176,0.0,-2.0699097439582483,0.9785984399755404,-0.0002844043014972459,-0.0002736162145267068,-1.20875076741599,0.23856221875392658,-0.029811451337936626,-530.9840687893162,914.9117839997344,-384.6524257938881,-0.7247105834699592
9.72,0.00937602910448212,-2.9317477510856262,0.0,-2.076527255445651,0.9786568303019912,-0.00026870643464969163,-0.0002709044099021313,-1.20875076741599,0.23856221875392658,-0.029811451337936626,-530.9840687893162,914.9117839997344,-384.6524257938881,-0.7247105834699592
9.74,0.008116553280611066,-0.655562788779867,0.0,-2.075819329677495,0.9793111469049897,-0.00027180716779440787,-0.0002742543487047076,-1.20875076741599,0.23856221875392658,-0.029811451337936626,-530.9840687893162,914.9117839997344,-384.6524257938881,-0.7247105834699592
9.76,0.007958828513849216,-2.3517243845231164,0.0,-2.0761374199984957,0.979033713571109,-0.00027307034516550006,-0.0002739572316399599,-1.20875076741599,0.23856221875392658,-0.029811451337936626,-530.9840687893162,914.9117839997344,-384.6524257938881,-0.7247105834699592
9.78,0.00873201484825559,0.5625250231002057,0.0,-2.073398436201974,0.9819583987608048,-0.00026740685746310766,-0.0002613213652754967,-1.20875076741599,0.23856221875392658,-0.029811451337936626,-530.9840687893162,914.9117839997344,-384.6524257938881,-0.7247105834699592
9.8,0.01008430978026906,-0.20879908131550962,0.0,-2.0721879469855273,0.9820416674813689,-0.00026473472790105934,-0.00025962628075670846,-1.20875076741599,0.23856221875392658,-0.029811451337936626,-530.9840687893162,914.9117839997344,-384.6524257938881,-0.7247105834699592
9.82,0.011396755729678916,0.6671996354910372,0.0,-2.0683298707181876,0.982104988997303,-0.00026316618462349575,-0.00025180688723615253,-1.20875076741599,0.23856221875392658,-0.029811451337936626,-530.9840687893162,914.9117839997344,-384.6524257938881,-0.7247105834699592
9.84,0.01264700040396982,-1.4551289037137145,0.0,-2.064431487348051,0.981354940666443,-0.0002608852713130353,-0.00025043041092981074,-1.20875076741599,0.23856221875392658,-0.029811451337936626,-530.9840687893162,914.9117839997344,-384.6524257938881,-0.7247105834699592
9.86,0.014207879343991656,-0.1590132060015781,0.0,-2.0530123938278195,0.9803658451512826,-0.0002584958276242238,-0.00024201128758553653,-1.20875076741599,0.23856221875392658,-0.029811451337936626,-530.9840687893162,914.9117839997344,-384.6524257938881,-0.7247105834699592
9.88,0.016331173239770857,4.349005688112191,0.0,-2.038218889395594,0.978082031955533,-0.00024208219310419763,-0.0002352561781735871,-1.20875076741599,0.23856221875392658,-0.029811451337936626,-530.9840687893162,914.9117839997344,-384.6524257938881,-0.7247105834699592
9.9,0.017330885966313308,0.8765311918245358,0.0,-2.037313637497303,0.9779887891252566,-0.00024148380814376306,-0.0002341794008099563,-1.20875076741599,0.23856221875392658,-0.029811451337936626,-530.9840687893162,914.9117839997344,-384.6524257938881,-0.7247105834699592
9.92,0.016910150786391798,1.659489068047329,0.0,-2.030675151479375,0.9782693097662937,-0.0002521486043484116,-0.00023048403881982616,-1.20875076741599,0.23856221875392658,-0.029811451337936626,-530.9840687893162,914.9117839997344,-384.6524257938881,-0.7247105834699592
9.94,0.015853759308862733,-0.10028607711772786,0.0,-2.0279020286212925,0.9786310489836727,-0.00025257533893022514,-0.00023458865624306432,-1.20875076741599,0.23856221875392658,-0.029811451337936626,-530.9840687893162,914.9117839997344,-384.6524257938881,-0.7247105834699592
9.96,0.014441033145915948,0.11944486100053353,0.0,-2.024789811552813,0.981806508409578,-0.0002544612933972081,-0.0002325261547910376,-1.20875076741599,0.23856221875392658,-0.029811451337936626,-530.9840687893162,914.9117839997344,-384.6524257938881,-0.7247105834699592
9.98,0.01311395767754351,1.272620151879891,0.0,-2.0227935373676473,0.9842983742609221,-0.00025245969794105176,-0.0002321814126952829,-1.20875076741599,0.23856221875392658,-0.029811451337936626,-530.9840687893162,914.9117839997344,-384.6524257938881,-0.7247105834699592
10.0,0.011462146691267739,0.3407735432998782,0.0,-2.023129168585301,0.9836711348094817,-0.00025285914294798296,-0.00023298527744379196,-1.20875076741599,0.23856221875392658,-0.029811451337936626,-530.9840687893162,914.9117839997344,-384.6524257938881,-0.7247105834699592
10.02,0.009410347688746538,-5.539066963579815,0.0,-2.023423525040147,0.9825109209662785,-0.00025237836684467463,-0.00023391391661987834,-1.2071643333626456,0.23672732433111393,-0.029562990968468376,-508.4747942571954,914.7168717482036,-407.0511395633761,-0.8090620723677843
10.040000000000001,0.008940202350795253,0.4563928378140387,0.0,-2.0226941713926885,0.9933727618470676,-0.0002517591598246113,-0.00023457628538786998,-1.2071643333626456,0.23672732433111393,-0.029562990968468376,-508.4747942571954,914.7168717482036,-407.0511395633761,-0.8090620723677843
10.06,0.01001488684553339,3.3035036979958012,0.0,-2.019427307993231,0.9956098594420328,-0.0002307772551129908,-0.00022891164354141332,-1.2071643333626456,0.23672732433111393,-0.029562990968468376,-508.4747942571954,914.7168717482036,-407.0511395633761,-0.8090620723677843
10.08,0.0100518912622945,0.4857569223802116,0.0,-2.0211353596809163,0.9945872116279605,-0.00023248159876264134,-0.00023906032962620256,-1.2071643333626456,0.23672732433111393,-0.029562990968468376,-508.4747942571954,914.7168717482036,-407.0511395633761,-0.8090620723677843
10.1,0.009042851357424822,-3.8007707625316924,0.0,-2.0210600894397057,0.9946013513334084,-0.0002327370613797177,-0.00023906582862341872,-1.2071643333626456,0.23672732433111393,-0.029562990968468376,-508.4747942571954,914.7168717482036,-407.0511395633761,-0.8090620723677843
10.120000000000001,0.00906167662982868,-1.7566835127513287,0.0,-2.017170499204846,0.9967484018689609,-0.0002352227000989334,-0.0002543294747998572,-1.2071643333626456,0.23672732433111393,-0.029562990968468376,-508.4747942571954,914.7168717482036,-407.0511395633761,-0.8090620723677843
10.14,0.01076512095003615,0.4603420395118396,0.0,-2.0095693668805996,0.9988414699072675,-0.00020410853623312444,-0.0002466868557015602,-1.2071643333626456,0.23672732433111393,-0.029562990968468376,-508.4747942571954,914.7168717482036,-407.0511395633761,-0.8090620723677843
10.16,0.012916192455693684,-0.4534922606728137,0.0,-2.000093044601295,0.9990217097165769,-0.00018560908415061624,-0.00021760080661232444,-1.2071643333626456,0.23672732433111393,-0.029562990968468376,-508.4747942571954,914.7168717482036,-407.0511395633761,-0.8090620723677843
10.18,0.015146878251756916,3.995698263924928,0.0,-1.9829596978219797,0.9940886018824525,-0.00017950688605627773,-0.00019525856668208214,-1.2071643333626456,0.23672732433111393,-0.029562990968468376,-508.4747942571954,914.7168717482036,-407.0511395633761,-0.8090620723677843
10.200000000000001,0.01643614459215819,-0.7815600498290172,0.0,-1.976773539927428,0.9917746821138093,-0.00017562125695140977,-0.00019328676446768033,-1.2071643333626456,0.23672732433111393,-0.029562990968468376,-508.4747942571954,914.7168717482036,-407.0511395633761,-0.8090620723677843
10.22,0.016888201482568026,5.0055474812697565,0.0,-1.9628748620157128,0.9900256706212661,-0.0001985229649612312,-0.00018454655760751203,-1.2071643333626456,0.23672732433111393,-0.029562990968468376,-508.4747942571954,914.7168717482036,-407.0511395633761,-0.8090620723677843
10.24,0.016210247683131777,5.406776548120823,0.0,-1.9652070483225572,0.9904438046946069,-0.00020019936921100083,-0.0001818285111936875,-1.2071643333626456,0.23672732433111393,-0.029562990968468376,-508.4747942571954,914.7168717482036,-407.0511395633761,-0.8090620723677843
10.26,0.012586061330203681,0.14284657800051104,0.0,-1.9704118192346451,0.9830755404086645,-0.00017064880917128987,-0.00019242575499566917,-1.2071643333626456,0.23672732433111393,-0.029562990968468376,-508.4747942571954,914.7168717482036,-407.0511395633761,-0.8090620723677843
10.28,0.007416444055773854,-4.940318169346934,0.0,-1.9677149054312562,0.9751276445659763,-0.0001436191400689163,-0.0001712816622000864,-1.2071643333626456,0.23672732433111393,-0.029562990968468376,-508.4747942571954,914.7168717482036,-407.0511395633761,-0.8090620723677843
10.3,0.003698534328790585,-1.5386968491953334,0.0,-1.9688765042701901,0.9771616770710627,-0.00014404648730305777,-0.0001746087097681887,-1.2071643333626456,0.23672732433111393,-0.029562990968468376,-508.4747942571954,914.7168717482036,-407.0511395633761,-0.8090620723677843
10.32,0.001901271049319835,-1.9527520713229436,0.0,-1.9658623365317103,0.9706662112328435,-0.000156832571569249,-0.0001783233837863838,-1.2071643333626456,0.23672732433111393,-0.029562990968468376,-508.4747942571954,914.7168717482036,-407.0511395633761,-0.8090620723677843
10.34,0.0011384466441186482,1.7529859525502496,0.0,-1.9647593384969542,0.9683397593496226,-0.0001590711737051677,-0.0001842700027252443,-1.2071643333626456,0.23672732433111393,-0.029562990968468376,-508.4747942571954,914.7168717482036,-407.0511395633761,-0.8090620723677843
10.36,0.0004413158250182901,1.7724897882891577,0.0,-1.9631741756358947,0.9635454865719877,-0.00017155029368346987,-0.0001956522974677494,-1.2071643333626456,0.23672732433111393,-0.029562990968468376,-508.4747942571954,914.7168717482036,-407.0511395633761,-0.8090620723677843
10.38,-0.0012854154810485019,-5.533634688507384,0.0,-1.9586270557485082,0.9572412438472723,-0.00015820401384957058,-0.00021004520990702155,-1.2071643333626456,0.23672732433111393,-0.029562990968468376,-508.4747942571954,914.7168717482036,-407.0511395633761,-0.8090620723677843
10.4,-0.0019188706718814286,-0.8263755425270203,0.0,-1.9599515180833453,0.9582431553516656,-0.00016139581671361982,-0.00021279006608010067,-1.2071643333626456,0.23672732433111393,-0.029562990968468376,-508.4747942571954,914.7168717482036,-407.0511395633761,-0.8090620723677843
10.42,-0.0007020105537725108,0.36978914524680295,0.0,-1.9599054689193134,0.95796930984727,-0.0001721869576897413,-0.00021062575460197296,-1.2071643333626456,0.23672732433111393,-0.029562990968468376,-508.4747942571954,914.7168717482036,-407.0511395633761,-0.8090620723677843
10.44,0.0006441181485479699,-1.755471788447124,0.0,-1.9602513093055238,0.9573063884361888,-0.00017603995651841521,-0.0002249907488880053,-1.2071643333626456,0.23672732433111393,-0.029562990968468376,-508.4747942571954,914.7168717482036,-407.0511395633761,-0.8090620723677843
10.46,0.0024000963261334965,-4.367618050916801,0.0,-1.9593967514717763,0.9563685027347065,-0.00017621714601255076,-0.00022409207603509031,-1.2071643333626456,0.23672732433111393,-0.029562990968468376,-508.4747942571954,914.7168717482036,-407.0511395633761,-0.8090620723677843
10.48,0.005964299164281666,2.562489676882012,0.0,-1.9490418663668092,0.9471540159111744,-0.0001587494711824203,-0.0002245761539118619,-1.2071643333626456,0.23672732433111393,-0.029562990968468376,-508.4747942571954,914.7168717482036,-407.0511395633761,-0.8090620723677843
10.5,0.010094804901005085,3.316756169334338,0.0,-1.9424343631649912,0.9425286408824294,-0.00014425355378965633,-0.0002176913715202658,-1.2071643333626456,0.23672732433111393,-0.029562990968468376,-508.4747942571954,914.7168717482036,-407.0511395633761,-0.8090620723677843
10.52,0.012567541921390764,-2.0139696704901557,0.0,-1.9393958846124018,0.940560828927193,-0.00014566902047263283,-0.00021227988058670596,-1.2271996756338925,0.2580812099160268,-0.03088153428213417,-441.6569823224803,840.9158928414547,-400.35806361449204,-1.0991530955170354
10.540000000000001,0.014738214938809266,4.940663646721015,0.0,-1.9169236654111719,0.9240551524098544,-0.00016835129841580293,-0.00023089074179161235,-1.2271996756338925,0.2580812099160268,-0.03088153428213417,-441.6569823224803,840.9158928414547,-400.35806361449204,-1.0991530955170354
10.56,0.016145111528573494,3.4731801317472693,0.0,-1.9194046891893575,0.9253985479121977,-0.00017094558714155273,-0.0002293449494098219,-1.2271996756338925,0.2580812099160268,-0.03088153428213417,-441.6569823224803,840.9158928414547,-400.35806361449204,-1.0991530955170354
10.58,0.015190512095497787,-2.20804035928945,0.0,-1.9244834871792629,0.9257223246577397,-0.00016028024932380894,-0.00023732518848557975,-1.2271996756338925,0.2580812099160268,-0.03088153428213417,-441.6569823224803,840.9158928414547,-400.35806361449204,-1.0991530955170354
10.6,0.0139614929634809,-0.8419740752202767,0.0,-1.921289309647396,0.9260357983620933,-0.00016898162744553348,-0.0002485032879520323,-1.2271996756338925,0.2580812099160268,-0.03088153428213417,-441.6569823224803,840.9158928414547,-400.35806361449204,-1.0991530955170354
10.620000000000001,0.013713760502979849,4.537800418654152,0.0,-1.91907267094644,0.9275212367816402,-0.00016271080535833513,-0.0002518494252313036,-1.2271996756338925,0.2580812099160268,-0.03088153428213417,-441.6569823224803,840.9158928414547,-400.35806361449204,-1.0991530955170354
10.64,0.012470532371093723,2.1466879355449793,0.0,-1.9250178761882477,0.9202431308230556,-0.00017627051493841755,-0.0002763914001008395,-1.2271996756338925,0.2580812099160268,-0.03088153428213417,-441.6569823224803,840.9158928414547,-400.35806361449204,-1.0991530955170354
10.66,0.009348823326171875,-2.991035249323809,0.0,-1.925484524297219,0.9099721423905246,-0.00014688474878160487,-0.00028822370459773676,-1.2271996756338925,0.2580812099160268,-0.03088153428213417,-441.6569823224803,840.9158928414547,-400.35806361449204,-1.0991530955170354
10.68,0.006533451860014342,-4.192215615833759,0.0,-1.923930560047739,0.9059787691345679,-0.0001409406418918265,-0.00027856221615089893,-1.2271996756338925,0.2580812099160268,-0.03088153428213417,-441.6569823224803,840.9158928414547,-400.35806361449204,-1.0991530955170354
10.700000000000001,0.00586283771197369,1.5453239728534438,0.0,-1.924841392123726,0.9088124598921974,-0.00013595460585313522,-0.0002796948816524974,-1.2271996756338925,0.2580812099160268,-0.03088153428213417,-441.6569823224803,840.9158928414547,-400.35806361449204,-1.0991530955170354
10.72,0.006004369109331507,-1.786707176347719,0.0,-1.9252737629496266,0.9037392000150555,-0.00015454436780889202,-0.00029567845912322724,-1.2271996756338925,0.2580812099160268,-0.03088153428213417,-441.6569823224803,840.9158928414547,-400.35806361449204,-1.0991530955170354
10.74,0.00625453242000136,1.5202340945331847,0.0,-1.9251051668015378,0.9051818071205424,-0.00015584247193298748,-0.00028842305498007014,-1.2271996756338925,0.2580812099160268,-0.03088153428213417,-441.6569823224803,840.9158928414547,-400.35806361449204,-1.0991530955170354
10.76,0.00662225661235042,-1.2269007592322967,0.0,-1.9273928182166717,0.9058470159452626,-0.00016098462631279202,-0.00028675479612444936,-1.2271996756338925,0.2580812099160268,-0.03088153428213417,-441.6569823224803,840.9158928414547,-400.35806361449204,-1.0991530955170354
10.78,0.006945936065234743,6.888880055870642,0.0,-1.9264643426542107,0.9062987965631973,-0.00016255088186107718,-0.0002830131068061844,-1.2271996756338925,0.2580812099160268,-0.03088153428213417,-441.6569823224803,840.9158928414547,-400.35806361449204,-1.0991530955170354
10.8,0.0056555206940533745,-5.031198210103241,0.0,-1.93880433980543,0.9101111326222692,-0.0001823704376144118,-0.0002746696922220703,-1.2271996756338925,0.2580812099160268,-0.03088153428213417,-441.6569823224803,840.9158928414547,-400.35806361449204,-1.0991530955170354
10.82,0.003856875958170518,-7.24288100374517,0.0,-1.940094738806281,0.9121305749534504,-0.00019383027193354286,-0.00027309831958380765,-1.2271996756338925,0.2580812099160268,-0.03088153428213417,-441.6569823224803,840.9158928414547,-400.35806361449204,-1.0991530955170354
10.84,0.005676874959767572,7.288557988099865,0.0,-1.9369400981691458,0.913267853107397,-0.00014800792343195392,-0.0003296517245714024,-1.2271996756338925,0.2580812099160268,-0.03088153428213417,-441.6569823224803,840.9158928414547,-400.35806361449204,-1.0991530955170354
10.86,0.007519399465851894,-1.9474950402856361,0.0,-1.944844477406214,0.9128229364905089,-0.0001934520533367164,-0.0003648828967411006,-1.2271996756338925,0.2580812099160268,-0.03088153428213417,-441.6569823224803,840.9158928414547,-400.35806361449204,-1.0991530955170354
10.88,0.007845430537000707,2.858101953032679,0.0,-1.9418779574155958,0.913759240403538,-0.00022066355661819987,-0.00033383694009964804,-1.2271996756338925,0.2580812099160268,-0.03088153428213417,-441.6569823224803,840.9158928414547,-400.35806361449204,-1.0991530955170354
10.9,0.0079543961963605,-0.3225243863249103,0.0,-1.9465825563355097,0.917575377426653,-0.00022488395376470637,-0.00031894278076269604,-1.2271996756338925,0.2580812099160268,-0.03088153428213417,-441.6569823224803,840.9158928414547,-400.35806361449204,-1.0991530955170354
10.92,0.0073711496980643255,-0.13384472494283384,0.0,-1.9463022526815599,0.9178655897142645,-0.00022607731793728675,-0.00031768350168464286,-1.2271996756338925,0.2580812099160268,-0.03088153428213417,-441.6569823224803,840.9158928414547,-400.35806361449204,-1.0991530955170354
10.94,0.006968125701767809,4.826200383911724,0.0,-1.9461727302507565,0.9178796157133229,-0.00022599166667593582,-0.00031804897374063443,-1.2271996756338925,0.2580812099160268,-0.03088153428213417,-441.6569823224803,840.9158928414547,-400.35806361449204,-1.0991530955170354
10.96,0.005235078324852782,-4.159171697132016,0.0,-1.9493879849782212,0.912924172797751,-0.00023129870407434414,-0.00032660768594886024,-1.2271996756338925,0.2580812099160268,-0.03088153428213417,-441.6569823224803,840.9158928414547,-400.35806361449204,-1.0991530955170354
10.98,0.003339799825617699,-9.496520310677887,0.0,-1.9503087965649948,0.9144284893850099,-0.00023627394155403147,-0.00032667954692949683,-1.2271996756338925,0.2580812099160268,-0.03088153428213417,-441.6569823224803,840.9158928414547,-400.35806361449204,-1.0991530955170354
11.0,0.005464489434387078,1.2088084550653857,0.0,-1.9520420688435625,0.924007431351247,-0.00018696737702843952,-0.00037425837244729667,-1.2271996756338925,0.2580812099160268,-0.03088153428213417,-441.6569823224803,840.9158928414547,-400.35806361449204,-1.0991530955170354
11.02,0.010050635913266315,-0.6782103315163708,0.0,-1.9498618884471468,0.9236804001918171,-0.00017477939947323023,-0.00036718264061015436,-1.212470985388007,0.2439168853734518,-0.03144589998544495,-343.7078612795834,618.0606800750013,-275.0787748837367,-0.7259560883189526
11.040000000000001,0.014544907505690333,2.380242449753295,0.0,-1.9391126812950885,0.9185993068041866,-0.00017100692297477064,-0.00033029952478681935,-1.212470985388007,0.2439168853734518,-0.03144589998544495,-343.7078612795834,618.0606800750013,-275.0787748837367,-0.7259560883189526
11.06,0.018632742796575636,-0.5606802579455374,0.0,-1.9523442050437672,0.9286275213650326,-0.00017691309754918472,-0.00032976560344173363,-1.212470985388007,0.2439168853734518,-0.03144589998544495,-343.7078612795834,618.0606800750013,-275.0787748837367,-0.7259560883189526
11.08,0.02230555710799063,1.816139672995823,0.0,-1.9480031325311415,0.9259538920558612,-0.00017741715302642205,-0.0003282510623018272,-1.212470985388007,0.2439168853734518,-0.03144589998544495,-343.7078612795834,618.0606800750013,-275.0787748837367,-0.7259560883189526
11.1,0.025751785939135557,1.2802369228083035,0.0,-1.9616346615465512,0.9336690340877635,-0.00018374949296994357,-0.00032659263236815606,-1.212470985388007,0.2439168853734518,-0.03144589998544495,-343.7078612795834,618.0606800750013,-275.0787748837367,-0.7259560883189526
11.120000000000001,0.02845432834087446,1.4450556878463345,0.0,-1.9718930139147608,0.9377118607219994,-0.00018455261900453108,-0.0003316993881332055,-1.212470985388007,0.2439168853734518,-0.03144589998544495,-343.7078612795834,618.0606800750013,-275.0787748837367,-0.7259560883189526
11.14,0.030538959554713294,-2.0838679804151345,0.0,-1.9846292198044422,0.9420514517716513,-0.00018665468373558962,-0.00033230546651006395,-1.212470985388007,0.2439168853734518,-0.03144589998544495,-343.7078612795834,618.0606800750013,-275.0787748837367,-0.7259560883189526
11.16,0.0330034870664316,0.5761994018625298,0.0,-1.969910960866983,0.9395754111794092,-0.0001842425522162338,-0.00032865290160527695,-1.212470985388007,0.2439168853734518,-0.03144589998544495,-343.7078612795834,618.0606800750013,-275.0787748837367,-0.7259560883189526
11.18,0.03611777465520951,1.9595726079227556,0.0,-1.9598052039193685,0.9378921010941612,-0.00017358488927168145,-0.00032510144304895473,-1.212470985388007,0.2439168853734518,-0.03144589998544495,-343.7078612795834,618.0606800750013,-275.0787748837367,-0.7259560883189526
11.200000000000001,0.03871823584948072,0.3461028923849079,0.0,-1.9551430131898415,0.9375765932855443,-0.00017122481000059328,-0.0003195135955455985,-1.212470985388007,0.2439168853734518,-0.03144589998544495,-343.7078612795834,618.0606800750013,-275.0787748837367,-0.7259560883189526
11.22,0.04088866997771514,3.634296084656065,0.0,-1.941139637557715,0.9361115494236517,-0.00017044602451562422,-0.000313254578047955,-1.212470985388007,0.2439168853734518,-0.03144589998544495,-343.7078612795834,618.0606800750013,-275.0787748837367,-0.7259560883189526
11.24,0.04215294073801575,4.308003508214616,0.0,-1.9466865566592717,0.9363225494862453,-0.00017324451697582497,-0.00031421704518529175,-1.212470985388007,0.2439168853734518,-0.03144589998544495,-343.7078612795834,618.0606800750013,-275.0787748837367,-0.7259560883189526
11.26,0.04136005425194384,-2.212264395483647,0.0,-1.9580446398941258,0.9309385723166166,-0.0001644933924449836,-0.00032357354407101926,-1.212470985388007,0.2439168853734518,-0.03144589998544495,-343.7078612795834,618.0606800750013,-275.0787748837367,-0.7259560883189526
11.28,0.04021538530869487,0.21664353458126584,0.0,-1.954498924755955,0.9376755800219237,-0.00017484606960587446,-0.0003293033747422018,-1.212470985388007,0.2439168853734518,-0.03144589998544495,-343.7078612795834,618.0606800750013,-275.0787748837367,-0.7259560883189526
11.3,0.03990861955070617,-0.5662669009622513,0.0,-1.953017262363755,0.9414713538965873,-0.00016798159247644973,-0.00033141417203568993,-1.212470985388007,0.2439168853734518,-0.03144589998544495,-343.7078612795834,618.0606800750013,-275.0787748837367,-0.7259560883189526
11.32,0.03995626968305291,4.176911684476673,0.0,-1.9522362703697802,0.9541389530240268,-0.00015999452601426933,-0.0003090996251113722,-1.212470985388007,0.2439168853734518,-0.03144589998544495,-343.7078612795834,618.0606800750013,-275.0787748837367,-0.7259560883189526
11.34,0.03919998029450521,0.09299090176567937,0.0,-1.9553332781554031,0.9484533521589653,-0.00016776587068220722,-0.00031674758879292526,-1.212470985388007,0.2439168853734518,-0.03144589998544495,-343.7078612795834,618.0606800750013,-275.0787748837367,-0.7259560883189526
11.36,0.03744207638010564,0.4115879342026797,0.0,-1.9553470663847026,0.950262585964426,-0.0001700178733869181,-0.0003150010603306683,-1.212470985388007,0.2439168853734518,-0.03144589998544495,-343.7078612795834,618.0606800750013,-275.0787748837367,-0.7259560883189526
11.38,0.03577307630998512,1.0869186593781908,0.0,-1.9553589502232538,0.9500300539656056,-0.00017012463774636563,-0.00031475131488390627,-1.212470985388007,0.2439168853734518,-0.03144589998544495,-343.7078612795834,618.0606800750013,-275.0787748837367,-0.7259560883189526
11.4,0.03389158383074646,-1.0876388460377104,0.0,-1.9544031599846317,0.9460730941126186,-0.00017130829669857763,-0.00031759224392473583,-1.212470985388007,0.2439168853734518,-0.03144589998544495,-343.7078612795834,618.0606800750013,-275.0787748837367,-0.7259560883189526
11.42,0.03222444513301985,0.9311757889654262,0.0,-1.9557908735020344,0.9506945784871386,-0.0001714318363939868,-0.00031520535263465427,-1.212470985388007,0.2439168853734518,-0.03144589998544495,-343.7078612795834,618.0606800750013,-275.0787748837367,-0.7259560883189526
11.44,0.030806690052783147,-2.6609951216448597,0.0,-1.9553065522383994,0.9483659210573588,-0.0001736909662044692,-0.0003161133338301316,-1.212470985388007,0.2439168853734518,-0.03144589998544495,-343.7078612795834,618.0606800750013,-275.0787748837367,-0.7259560883189526
11.46,0.03008988014079605,0.5014364320838443,0.0,-1.9590686049456763,0.9606015233656044,-0.0001731885417446099,-0.00030227811257320386,-1.212470985388007,0.2439168853734518,-0.03144589998544495,-343.7078612795834,618.0606800750013,-275.0787748837367,-0.7259560883189526
11.48,0.03019526485236453,4.062483303449788,0.0,-1.9584315471480374,0.9630047069280386,-0.0001656263578585945,-0.00030035019555470547,-1.212470985388007,0.2439168853734518,-0.03144589998544495,-343.7078612795834,618.0606800750013,-275.0787748837367,-0.7259560883189526
11.5,0.0291556485424805,-1.134735837246713,0.0,-1.9597152861217622,0.9567459099729743,-0.00016976763136117209,-0.0003210470600522677,-1.212470985388007,0.2439168853734518,-0.03144589998544495,-343.7078612795834,618.0606800750013,-275.0787748837367,-0.7259560883189526
11.52,0.027443345835447434,0.05426695734623799,0.0,-1.9595669260265165,0.9555694989956501,-0.00016666580893474962,-0.000321252929024986,-1.2034611503299701,0.23385764322083405,-0.030396492890863883,-364.6114130931197,689.3720906795174,-325.5670426878518,-0.8063651014541708
11.540000000000001,0.02622070890316353,-0.9024552956731946,0.0,-1.9595849686499347,0.9522495872148234,-0.00017131197797159439,-0.00031347701733979783,-1.2034611503299701,0.23385764322083405,-0.030396492890863883,-364.6114130931197,689.3720906795174,-325.5670426878518,-0.8063651014541708
11.56,0.025412043241238986,-2.890943369971013,0.0,-1.958797119158907,0.9499664298747573,-0.00017226507502587438,-0.0003163739878142878,-1.2034611503299701,0.23385764322083405,-0.030396492890863883,-364.6114130931197,689.3720906795174,-325.5670426878518,-0.8063651014541708
11.58,0.02587439088356307,0.8277520898140662,0.0,-1.959010334900891,0.9543062059645129,-0.00016599089521492685,-0.00031186881008720064,-1.2034611503299701,0.23385764322083405,-0.030396492890863883,-364.6114130931197,689.3720906795174,-325.5670426878518,-0.8063651014541708
11.6,0.027104193923321803,-0.30262866885696993,0.0,-1.9583672836116086,0.9545441242213104,-0.00016293264510502573,-0.00031005333241450854,-1.2034611503299701,0.23385764322083405,-0.030396492890863883,-364.6114130931197,689.3720906795174,-325.5670426878518,-0.8063651014541708
11.620000000000001,0.028351547943577426,3.208596555655444,0.0,-1.955044367400263,0.9546498666707277,-0.00016146727729900864,-0.0002981346593550088,-1.2034611503299701,0.23385764322083405,-0.030396492890863883,-364.6114130931197,689.3720906795174,-325.5670426878518,-0.8063651014541708
11.64,0.02892747544988977,0.32196281187598785,0.0,-1.9600532358680798,0.9569163675150943,-0.00016525400015521575,-0.00029890570832771346,-1.2034611503299701,0.23385764322083405,-0.030396492890863883,-364.6114130931197,689.3720906795174,-325.5670426878518,-0.8063651014541708
11.66,0.02865280356075756,-0.6411458408389472,0.0,-1.9605620924453058,0.9569289858484893,-0.00016407760989527374,-0.00029939087796397124,-1.2034611503299701,0.23385764322083405,-0.030396492890863883,-364.6114130931197,689.3720906795174,-325.5670426878518,-0.8063651014541708
11.68,0.028652607005033626,3.6371210425177294,0.0,-1.9596966207203834,0.9568878357252606,-0.0001638217955491282,-0.00030125771376247516,-1.2034611503299701,0.23385764322083405,-0.030396492890863883,-364.6114130931197,689.3720906795174,-325.5670426878518,-0.8063651014541708
11.700000000000001,0.027956537491108723,-5.020338739749773,0.0,-1.963597029082341,0.9541835258783696,-0.0001734898908822633,-0.0003068081530931179,-1.2034611503299701,0.23385764322083405,-0.030396492890863883,-364.6114130931197,689.3720906795174,-325.5670426878518,-0.8063651014541708
11.72,0.027842021455140815,4.9854465122165506,0.0,-1.9651017912871858,0.9618463363935048,-0.00019312046485518803,-0.0002988030418511962,-1.2034611503299701,0.23385764322083405,-0.030396492890863883,-364.6114130931197,689.3720906795174,-325.5670426878518,-0.8063651014541708
11.74,0.027913668319626835,0.449709433988712,0.0,-1.972903026426902,0.9630501863609076,-0.000230063145979091,-0.0002871516903006201,-1.2034611503299701,0.23385764322083405,-0.030396492890863883,-364.6114130931197,689.3720906795174,-325.5670426878518,-0.8063651014541708
11.76,0.02657079848401289,-4.902730488206965,0.0,-1.9715512359486544,0.9587210451551474,-0.00021898544595844033,-0.000302719531287316,-1.2034611503299701,0.23385764322083405,-0.030396492890863883,-364.6114130931197,689.3720906795174,-325.5670426878518,-0.8063651014541708
11.78,0.02669931785801812,6.703556060455571,0.0,-1.9693145995651151,0.9614847532540279,-0.00022151941931959992,-0.00032870860348713395,-1.2034611503299701,0.23385764322083405,-0.030396492890863883,-364.6114130931197,689.3720906795174,-325.5670426878518,-0.8063651014541708
11.8,0.026469440733414108,0.3507432620868851,0.0,-1.975741307213356,0.9584224110240588,-0.0002732756092243774,-0.00034102630355046224,-1.2034611503299701,0.23385764322083405,-0.030396492890863883,-364.6114130931197,689.3720906795174,-325.5670426878518,-0.8063651014541708
11.82,0.02434190802196957,-4.605728349396157,0.0,-1.9725933005604945,0.9514255537478628,-0.0002491270474256475,-0.000361611474575479,-1.2034611503299701,0.23385764322083405,-0.030396492890863883,-364.6114130931197,689.3720906795174,-325.5670426878518,-0.8063651014541708
11.84,0.02361380228359414,2.7504102933146966,0.0,-1.9727913208111538,0.9538763016574003,-0.00025190972372834134,-0.00038169476962971496,-1.2034611503299701,0.23385764322083405,-0.030396492890863883,-364.6114130931197,689.3720906795174,-325.5670426878518,-0.8063651014541708
11.86,0.023578049620583144,-2.643585510285087,0.0,-1.9722967731948462,0.9496968877949441,-0.00027152612671817243,-0.0003869340396726355,-1.2034611503299701,0.23385764322083405,-0.030396492890863883,-364.6114130931197,689.3720906795174,-325.5670426878518,-0.8063651014541708
11.88,0.02366002324335955,-0.6186821453743399,0.0,-1.974499610152506,0.9555773517186558,-0.0002779395975467172,-0.0003665553762369096,-1.2034611503299701,0.23385764322083405,-0.030396492890863883,-364.6114130931197,689.3720906795174,-325.5670426878518,-0.8063651014541708
11.9,0.024846514789238192,0.6231724927798679,0.0,-1.9701146745580111,0.9541986579809336,-0.00026593636068437493,-0.0003718260332474569,-1.2034611503299701,0.23385764322083405,-0.030396492890863883,-364.6114130931197,689.3720906795174,-325.5670426878518,-0.8063651014541708
11.92,0.02618870018589641,2.1093520235267693,0.0,-1.9660611433235808,0.953658416086471,-0.0002583438381697252,-0.00035781135864364173,-1.2034611503299701,0.23385764322083405,-0.030396492890863883,-364.6114130931197,689.3720906795174,-325.5670426878518,-0.8063651014541708
11.94,0.026896502782257362,4.358407781426995,0.0,-1.9639394536635906,0.9525873217407848,-0.0002577265237495352,-0.00035602608465951584,-1.2034611503299701,0.23385764322083405,-0.030396492890863883,-364.6114130931197,689.3720906795174,-325.5670426878518,-0.8063651014541708
11.96,0.02588103890588963,-0.7709316862045856,0.0,-1.970559923407205,0.9553843473945376,-0.00025107038811126144,-0.0003555142848284581,-1.2034611503299701,0.23385764322083405,-0.030396492890863883,-364.6114130931197,689.3720906795174,-325.5670426878518,-0.8063651014541708
11.98,0.023978993948347523,-2.1920364354932294,0.0,-1.9705401906403766,0.9547030590734703,-0.0002468439257326315,-0.0003534958558238928,-1.2034611503299701,0.23385764322083405,-0.030396492890863883,-364.6114130931197,689.3720906795174,-325.5670426878518,-0.8063651014541708
12.0,0.02309585552641464,2.9255786553353387,0.0,-1.971486948141464,0.9572355363942441,-0.00024546822423017554,-0.0003608631378278538,-1.2034611503299701,0.23385764322083405,-0.030396492890863883,-364.6114130931197,689.3720906795174,-325.5670426878518,-0.8063651014541708
12.02,0.02214391360198184,-2.8754658837609917,0.0,-1.9676982970061623,0.9478883671138254,-0.00026355941016922325,-0.0003735664354496111,-1.214646183118273,0.24528899137573498,-0.03064280825746194,-303.85809342392946,557.0593468932271,-253.8187776920894,-0.6175242227917281
12.040000000000001,0.02131725057578441,0.21104924098525313,0.0,-1.970159697845585,0.952174760027675,-0.0002693832893172362,-0.0003674376478294713,-1.214646183118273,0.24528899137573498,-0.03064280825746194,-303.85809342392946,557.0593468932271,-253.8187776920894,-0.6175242227917281
12.06,0.02140533163703466,0.01032435896904782,0.0,-1.9704204702035817,0.9517152759587711,-0.00027258518840323013,-0.0003657522484246894,-1.214646183118273,0.24528899137573498,-0.03064280825746194,-303.85809342392946,557.0593468932271,-253.8187776920894,-0.6175242227917281
12.08,0.021563870276149283,-0.42286656393729644,0.0,-1.9703724722488305,0.9513963231874586,-0.0002728643863716544,-0.0003670124483728083,-1.214646183118273,0.24528899137573498,-0.03064280825746194,-303.85809342392946,557.0593468932271,-253.8187776920894,-0.6175242227917281
12.1,0.021979452494728914,-2.692217086358445,0.0,-1.9700500253071211,0.9514131006972222,-0.0002725383217497094,-0.00036674501417631493,-1.214646183118273,0.24528899137573498,-0.03064280825746194,-303.85809342392946,557.0593468932271,-253.8187776920894,-0.6175242227917281
12.120000000000001,0.023445880116726433,1.0334092388316676,0.0,-1.9644804018142092,0.9503705532076134,-0.00026470774292158497,-0.000361338251392811,-1.214646183118273,0.24528899137573498,-0.03064280825746194,-303.85809342392946,557.0593468932271,-253.8187776920894,-0.6175242227917281
12.14,0.025546085824603434,0.897763262207514,0.0,-1.9595075020180375,0.9475421232501208,-0.00025392548306572366,-0.0003565590961282545,-1.214646183118273,0.24528899137573498,-0.03064280825746194,-303.85809342392946,557.0593468932271,-253.8187776920894,-0.6175242227917281
12.16,0.027242402698418322,3.4062441421445566,0.0,-1.9542073067450427,0.9443301693484412,-0.0002527860254252626,-0.0003474437992026936,-1.214646183118273,0.24528899137573498,-0.03064280825746194,-303.85809342392946,557.0593468932271,-253.8187776920894,-0.6175242227917281
12.18,0.027851027900508647,2.9207533190333503,0.0,-1.9632115753038926,0.9507179049887723,-0.00025301468836166544,-0.00034613696666415024,-1.214646183118273,0.24528899137573498,-0.03064280825746194,-303.85809342392946,557.0593468932271,-253.8187776920894,-0.6175242227917281
12.200000000000001,0.026783675228153378,-4.751749966870669,0.0,-1.9722205623258802,0.9550182649487211,-0.00023370358420267642,-0.0003415755185698488,-1.214646183118273,0.24528899137573498,-0.03064280825746194,-303.85809342392946,557.0593468932271,-253.8187776920894,-0.6175242227917281
12.22,0.02642155481070356,-0.9941863464414213,0.0,-1.9711605176735942,0.958001102867036,-0.0002526741983071009,-0.00036160481692646643,-1.214646183118273,0.24528899137573498,-0.03064280825746194,-303.85809342392946,557.0593468932271,-253.8187776920894,-0.6175242227917281
12.24,0.027908339123371602,3.3214747627231094,0.0,-1.9674808006137434,0.9587878740796576,-0.00022474822337020234,-0.0003678526898036275,-1.214646183118273,0.24528899137573498,-0.03064280825746194,-303.85809342392946,557.0593468932271,-253.8187776920894,-0.6175242227917281
12.26,0.02889027504162855,-1.4805752102324181,0.0,-1.9684723862759104,0.9585902138367065,-0.0002280373633888383,-0.000375126399624639,-1.214646183118273,0.24528899137573498,-0.03064280825746194,-303.85809342392946,557.0593468932271,-253.8187776920894,-0.6175242227917281
12.280000000000001,0.029515927180849753,3.0016436800925947,0.0,-1.9615225075786549,0.9558052349902945,-0.00024139875501758833,-0.00036785792667080744,-1.214646183118273,0.24528899137573498,-0.03064280825746194,-303.85809342392946,557.0593468932271,-253.8187776920894,-0.6175242227917281
12.3,0.029882889068667037,-3.4505027134861717,0.0,-1.9653777372536434,0.9580798571135838,-0.00024575189025811473,-0.00036338790062567496,-1.214646183118273,0.24528899137573498,-0.03064280825746194,-303.85809342392946,557.0593468932271,-253.8187776920894,-0.6175242227917281
12.32,0.030570043956809994,0.27000909360663794,0.0,-1.9610205777357876,0.9613310854925343,-0.0002657133159317224,-0.0003456106549647726,-1.214646183118273,0.24528899137573498,-0.03064280825746194,-303.85809342392946,557.0593468932271,-253.8187776920894,-0.6175242227917281
12.34,0.03238123644498736,5.490358090405824,0.0,-1.9490297616661907,0.9549275031271955,-0.00023775401733248713,-0.0003550515652747948,-1.214646183118273,0.24528899137573498,-0.03064280825746194,-303.85809342392946,557.0593468932271,-253.8187776920894,-0.6175242227917281
12.36,0.03271120710913606,-1.466681191362544,0.0,-1.9545707691908325,0.9568753636960777,-0.00024299417533436748,-0.00037192030879397507,-1.214646183118273,0.24528899137573498,-0.03064280825746194,-303.85809342392946,557.0593468932271,-253.8187776920894,-0.6175242227917281
12.38,0.032070313002904284,-0.022013289115548673,0.0,-1.9505336687080632,0.9561550937510619,-0.00026545685425459335,-0.00037358403037702077,-1.214646183118273,0.24528899137573498,-0.03064280825746194,-303.85809342392946,557.0593468932271,-253.8187776920894,-0.6175242227917281
12.4,0.0320677389135027,2.6571629427315324,0.0,-1.946997325276025,0.9552664849008637,-0.00026012229675261125,-0.000388468649140635,-1.214646183118273,0.24528899137573498,-0.03064280825746194,-303.85809342392946,557.0593468932271,-253.8187776920894,-0.6175242227917281
12.42,0.03149656633158454,2.8470999316536196,0.0,-1.9469694804704498,0.9542400134782966,-0.0002612421816584173,-0.0003911682112119724,-1.214646183118273,0.24528899137573498,-0.03064280825746194,-303.85809342392946,557.0593468932271,-253.8187776920894,-0.6175242227917281
12.44,0.029513458037348894,-2.571206575694464,0.0,-1.9457954477207613,0.9492693617808005,-0.00025095627909000614,-0.00039338665553707755,-1.214646183118273,0.24528899137573498,-0.03064280825746194,-303.85809342392946,557.0593468932271,-253.8187776920894,-0.6175242227917281
12.46,0.02763611547941258,2.0254279503399215,0.0,-1.9492880901242324,0.9548788416976859,-0.00026047872280784165,-0.0004008024153775343,-1.214646183118273,0.24528899137573498,-0.03064280825746194,-303.85809342392946,557.0593468932271,-253.8187776920894,-0.6175242227917281
12.48,0.026093131037470386,1.6014965672348724,0.0,-1.9457513208613182,0.9487107299922458,-0.00026952510875478025,-0.00039564352017125264,-1.214646183118273,0.24528899137573498,-0.03064280825746194,-303.85809342392946,557.0593468932271,-253.8187776920894,-0.6175242227917281
12.5,0.023653337943971512,-1.3679820126818063,0.0,-1.9366451676949117,0.9361504056866207,-0.00026271551664079396,-0.0004096263641849709,-1.214646183118273,0.24528899137573498,-0.03064280825746194,-303.85809342392946,557.0593468932271,-253.8187776920894,-0.6175242227917281
12.52,0.021294663523520503,0.874237078344001,0.0,-1.9383170977879474,0.9383464242268794,-0.0002644718107183968,-0.0004111567426818085,-1.2258346627666552,0.25678907441358956,-0.030954411646934257,-234.0209345563251,444.21949156593615,-210.78088977316312,-0.5823327635521653
12.540000000000001,0.019215087852393106,-0.9715383472241632,0.0,-1.9336822596364698,0.9322276731814185,-0.00026757668211414625,-0.00040946936913683637,-1.2258346627666552,0.25678907441358956,-0.030954411646934257,-234.0209345563251,444.21949156593615,-210.78088977316312,-0.5823327635521653
12.56,0.01728543052225066,1.3705385289650123,0.0,-1.938566170223436,0.9383065866602361,-0.00026910563922914304,-0.0004056112958729835,-1.2258346627666552,0.25678907441358956,-0.030954411646934257,-234.0209345563251,444.21949156593615,-210.78088977316312,-0.5823327635521653
12.58,0.015348175206624619,-0.8769778258753798,0.0,-1.9341864727477769,0.9325983662012886,-0.0002716196871568738,-0.0004051655022712643,-1.2258346627666552,0.25678907441358956,-0.030954411646934257,-234.0209345563251,444.21949156593615,-210.78088977316312,-0.5823327635521653
12.6,0.013363405054351,-0.831588677563809,0.0,-1.9377477095745115,0.9368910866768186,-0.00027398361624015596,-0.000403132823252931,-1.2258346627666552,0.25678907441358956,-0.030954411646934257,-234.0209345563251,444.21949156593615,-210.78088977316312,-0.5823327635521653
12.620000000000001,0.011963364846479835,0.9309207914598264,0.0,-1.9430086984758699,0.9433700527360145,-0.00027186985102493086,-0.00040584543637536797,-1.2258346627666552,0.25678907441358956,-0.030954411646934257,-234.0209345563251,444.21949156593615,-210.78088977316312,-0.5823327635521653
12.64,0.010609840438888582,-0.09876660721034436,0.0,-1.943493215663195,0.9439768408018175,-0.00027155609784475666,-0.0004053940014195963,-1.2258346627666552,0.25678907441358956,-0.030954411646934257,-234.0209345563251,444.21949156593615,-210.78088977316312,-0.5823327635521653
12.66,0.009079698801066419,0.34185669047782136,0.0,-1.9460478177874083,0.9470457017774623,-0.0002731569214680704,-0.0004036936757127886,-1.2258346627666552,0.25678907441358956,-0.030954411646934257,-234.0209345563251,444.21949156593615,-210.78088977316312,-0.5823327635521653
12.68,0.007535755189433028,-0.7464835414902434,0.0,-1.9466110782404369,0.9477148757251255,-0.00027322091137553197,-0.00040399238367442577,-1.2258346627666552,0.25678907441358956,-0.030954411646934257,-234.0209345563251,444.21949156593615,-210.78088977316312,-0.5823327635521653
12.700000000000001,0.006157922920567423,2.166789410699467,0.0,-1.95148920460117,0.9532766581368324,-0.00027486740787075413,-0.0004032093917720212,-1.2258346627666552,0.25678907441358956,-0.030954411646934257,-234.0209345563251,444.21949156593615,-210.78088977316312,-0.5823327635521653
12.72,0.004403095679974363,-0.035390892997830825,0.0,-1.9459365433792795,0.9468773069404949,-0.00027736648377599846,-0.0004031118343762286,-1.2258346627666552,0.25678907441358956,-0.030954411646934257,-234.0209345563251,444.21949156593615,-210.78088977316312,-0.5823327635521653
12.74,0.0020519514817626977,-2.7972361581798735,0.0,-1.9414849170543034,0.9421804305098441,-0.0002716524040920477,-0.0004041056560338412,-1.2258346627666552,0.25678907441358956,-0.030954411646934257,-234.0209345563251,444.21949156593615,-210.78088977316312,-0.5823327635521653
12.76,0.0005432718865289426,0.3608346667531084,0.0,-1.9520779785181641,0.9529872152668271,-0.0002758643280877328,-0.00041587202210254497,-1.2258346627666552,0.25678907441358956,-0.030954411646934257,-234.0209345563251,444.21949156593615,-210.78088977316312,-0.5823327635521653
12.780000000000001,-0.0002485061861706152,0.3343458675265937,0.0,-1.9547625779216393,0.9558901621526252,-0.0002716058194927688,-0.0004148865809107093,-1.2258346627666552,0.25678907441358956,-0.030954411646934257,-234.0209345563251,444.21949156593615,-210.78088977316312,-0.5823327635521653
12.8,-0.0012454293762616752,0.3762297725681311,0.0,-1.956753461223515,0.957995373770972,-0.00027188511336269383,-0.00041130298470748217,-1.2258346627666552,0.25678907441358956,-0.030954411646934257,-234.0209345563251,444.21949156593615,-210.78088977316312,-0.5823327635521653
12.82,-0.0024583062025231436,-0.574030751085205,0.0,-1.956541814835509,0.9577898806348435,-0.00027173965540800007,-0.00041120002324116623,-1.2258346627666552,0.25678907441358956,-0.030954411646934257,-234.0209345563251,444.21949156593615,-210.78088977316312,-0.5823327635521653
12.84,-0.0036287963265923652,-1.0477293031926318,0.0,-1.9584477560218405,0.9596132481063696,-0.00027297459970033246,-0.00041196910234627874,-1.2258346627666552,0.25678907441358956,-0.030954411646934257,-234.0209345563251,444.21949156593615,-210.78088977316312,-0.5823327635521653
12.86,-0.0043473125035108804,-0.8478280986498702,0.0,-1.9631643131873726,0.964111070952648,-0.000272356201899725,-0.00041347522662157416,-1.2258346627666552,0.25678907441358956,-0.030954411646934257,-234.0209345563251,444.21949156593615,-210.78088977316312,-0.5823327635521653
12.88,-0.004538220010619172,1.4553917955550797,0.0,-1.968513435471902,0.9692359374717657,-0.00026764483383594613,-0.00041000642701452853,-1.2258346627666552,0.25678907441358956,-0.030954411646934257,-234.0209345563251,444.21949156593615,-210.78088977316312,-0.5823327635521653
12.9,-0.004935723837156745,0.7957348777025102,0.0,-1.9684006174021569,0.9691333651570165,-0.00026781972726134124,-0.0004102285839154921,-1.2258346627666552,0.25678907441358956,-0.030954411646934257,-234.0209345563251,444.21949156593615,-210.78088977316312,-0.5823327635521653
12.92,-0.006023625097434339,-1.5154804831369346,0.0,-1.967230639227184,0.9681781338891173,-0.0002650788648336078,-0.0004108995477205027,-1.2258346627666552,0.25678907441358956,-0.030954411646934257,-234.0209345563251,444.21949156593615,-210.78088977316312,-0.5823327635521653
12.94,-0.006938832857383011,0.7341971469481292,0.0,-1.970033779771657,0.9703923427763211,-0.0002695864246718952,-0.0004165078484924475,-1.2258346627666552,0.25678907441358956,-0.030954411646934257,-234.0209345563251,444.21949156593615,-210.78088977316312,-0.5823327635521653
12.96,-0.007669109806270655,-0.37240944737710757,0.0,-1.96873168183819,0.9692715670855317,-0.00027107917292096934,-0.00041548872175153266,-1.2258346627666552,0.25678907441358956,-0.030954411646934257,-234.0209345563251,444.21949156593615,-210.78088977316312,-0.5823327635521653
12.98,-0.008553796559768097,-1.9389011441791857,0.0,-1.969214839157542,0.96969909000663,-0.0002714455817932011,-0.00041506077316833445,-1.2258346627666552,0.25678907441358956,-0.030954411646934257,-234.0209345563251,444.21949156593615,-210.78088977316312,-0.5823327635521653
13.0,-0.008815733906928759,3.2102140713228624,0.0,-1.9742864982104529,0.9736691672576768,-0.00027236161980973174,-0.00042019868065633613,-1.2258346627666552,0.25678907441358956,-0.030954411646934257,-234.0209345563251,444.21949156593615,-210.78088977316312,-0.5823327635521653
13.02,-0.009505655877546836,-0.5677879520717477,0.0,-1.9713331166206158,0.9714728699494064,-0.0002818063487910037,-0.0004228009913303333,-1.2044792201935504,0.23437811122944766,-0.029898891035897216,-261.00375979192506,499.2998517936684,-238.8544748346112,-0.5583828328676519
13.040000000000001,-0.011029416014998794,-0.07685348671393855,0.0,-1.9700728130555396,0.9704502422665405,-0.00027848838110351503,-0.00042374442424113104,-1.2044792201935504,0.23437811122944766,-0.029898891035897216,-261.00375979192506,499.2998517936684,-238.8544748346112,-0.5583828328676519
13.06,-0.012434115878591627,0.30760311666303447,0.0,-1.9673465581550997,0.9685422745982201,-0.00027713765305389915,-0.00041479551561767033,-1.2044792201935504,0.23437811122944766,-0.029898891035897216,-261.00375979192506,499.2998517936684,-238.8544748346112,-0.5583828328676519
13.08,-0.013984959819352168,-2.5946862350186013,0.0,-1.9604299688826472,0.962564176184361,-0.00027514507864116283,-0.00041549705872332673,-1.2044792201935504,0.23437811122944766,-0.029898891035897216,-261.00375979192506,499.2998517936684,-238.8544748346112,-0.5583828328676519
13.1,-0.0149545213208672,1.2484244141025034,0.0,-1.967251070061695,0.9682718621638072,-0.00027899384817107553,-0.0004170271584925649,-1.2044792201935504,0.23437811122944766,-0.029898891035897216,-261.00375979192506,499.2998517936684,-238.8544748346112,-0.5583828328676519
13.120000000000001,-0.015624401603554695,-0.7452223417820294,0.0,-1.963586117255173,0.9654141109631544,-0.00028488936043489913,-0.0004162984521453726,-1.2044792201935504,0.23437811122944766,-0.029898891035897216,-261.00375979192506,499.2998517936684,-238.8544748346112,-0.5583828328676519
13.14,-0.016540360260104768,-1.4167679628112244,0.0,-1.964125712042468,0.9658443829722168,-0.00028541382090989576,-0.0004156674261780043,-1.2044792201935504,0.23437811122944766,-0.029898891035897216,-261.00375979192506,499.2998517936684,-238.8544748346112,-0.5583828328676519
13.16,-0.016927835537329135,-0.6655323529130945,0.0,-1.966869183306221,0.9674550059880859,-0.0002856355849187509,-0.00042027264757122897,-1.2044792201935504,0.23437811122944766,-0.029898891035897216,-261.00375979192506,499.2998517936684,-238.8544748346112,-0.5583828328676519
13.18,-0.01681261243050391,2.4896381695701963,0.0,-1.9699989801263387,0.9694028174064019,-0.00028207558755193263,-0.0004184576660576188,-1.2044792201935504,0.23437811122944766,-0.029898891035897216,-261.00375979192506,499.2998517936684,-238.8544748346112,-0.5583828328676519
13.200000000000001,-0.017337716563563057,-0.9041483259403265,0.0,-1.9675548354158547,0.9686404767210512,-0.0002842406691304462,-0.00042351762326013116,-1.2044792201935504,0.23437811122944766,-0.029898891035897216,-261.00375979192506,499.2998517936684,-238.8544748346112,-0.5583828328676519
13.22,-0.018436602509106042,-0.461028495483512,0.0,-1.9668189719722604,0.9682524935661974,-0.0002818811558911074,-0.00042322855161200276,-1.2044792201935504,0.23437811122944766,-0.029898891035897216,-261.00375979192506,499.2998517936684,-238.8544748346112,-0.5583828328676519
13.24,-0.019252299834026647,-1.855438295063942,0.0,-1.9653939578131558,0.9675849080486262,-0.0002816045722072769,-0.00041854348421831275,-1.2044792201935504,0.23437811122944766,-0.029898891035897216,-261.00375979192506,499.2998517936684,-238.8544748346112,-0.5583828328676519
13.26,-0.019511458615808618,-1.4889979824721165,0.0,-1.970045092387839,0.9709112428411752,-0.0002819981575097994,-0.0004171685339717559,-1.2044792201935504,0.23437811122944766,-0.029898891035897216,-261.00375979192506,499.2998517936684,-238.8544748346112,-0.5583828328676519
13.280000000000001,-0.018914756152882826,1.8496673146381617,0.0,-1.9741253920547464,0.9727626022632425,-0.0002739817682599791,-0.00041571586933256875,-1.2044792201935504,0.23437811122944766,-0.029898891035897216,-261.00375979192506,499.2998517936684,-238.8544748346112,-0.5583828328676519
13.3,-0.018543184954461573,2.1040881838210437,0.0,-1.9739671254102253,0.973090213292538,-0.0002758963432979007,-0.0004178595924603096,-1.2044792201935504,0.23437811122944766,-0.029898891035897216,-261.00375979192506,499.2998517936684,-238.8544748346112,-0.5583828328676519
13.32,-0.019446371607804346,-2.2770386527320077,0.0,-1.972480120232615,0.9746993069145595,-0.0002613603992600519,-0.00042161007556803035,-1.2044792201935504,0.23437811122944766,-0.029898891035897216,-261.00375979192506,499.2998517936684,-238.8544748346112,-0.5583828328676519
13.34,-0.020421822963271635,0.7795727422464203,0.0,-1.9728809494164108,0.9748159261945802,-0.000262993303981024,-0.0004230897279739115,-1.2044792201935504,0.23437811122944766,-0.029898891035897216,-261.00375979192506,499.2998517936684,-238.8544748346112,-0.5583828328676519
13.36,-0.02108791376364749,-1.0697336827815964,0.0,-1.9683316102039952,0.9726352084178045,-0.000269850280627994,-0.00041123045319419935,-1.2044792201935504,0.23437811122944766,-0.029898891035897216,-261.00375979192506,499.2998517936684,-238.8544748346112,-0.5583828328676519
13.38,-0.021802320555530115,-2.202507135557653,0.0,-1.965934927928056,0.970888948674694,-0.0002679846866813984,-0.00041350113491263373,-1.2044792201935504,0.23437811122944766,-0.029898891035897216,-261.00375979192506,499.2998517936684,-238.8544748346112,-0.5583828328676519
13.4,-0.0216965294712312,-0.5236110834989995,0.0,-1.9686822402053226,0.9721733681632369,-0.00026719880493650353,-0.00041718934111190954,-1.2044792201935504,0.23437811122944766,-0.029898891035897216,-261.00375979192506,499.2998517936684,-238.8544748346112,-0.5583828328676519
13.42,-0.020929752953862082,2.5105577070224525,0.0,-1.9698307952228111,0.9723483229629516,-0.00026268121772453655,-0.00041506583241404725,-1.2044792201935504,0.23437811122944766,-0.029898891035897216,-261.00375979192506,499.2998517936684,-238.8544748346112,-0.5583828328676519
13.44,-0.020876947087673625,-2.052064028117544,0.0,-1.9698104319962957,0.974898142595257,-0.00026556303713272725,-0.00042555857673153984,-1.2044792201935504,0.23437811122944766,-0.029898891035897216,-261.00375979192506,499.2998517936684,-238.8544748346112,-0.5583828328676519
13.46,-0.021090304260372846,0.12850305800447348,0.0,-1.970312791457228,0.9745516939521617,-0.00027045788675155303,-0.00042652031218749304,-1.2044792201935504,0.23437811122944766,-0.029898891035897216,-261.00375979192506,499.2998517936684,-238.8544748346112,-0.5583828328676519
13.48,-0.020873792173545343,0.47617412212720756,0.0,-1.970481997602088,0.9757674711884471,-0.000273000516127524,-0.0004207085392753343,-1.2044792201935504,0.23437811122944766,-0.029898891035897216,-261.00375979192506,499.2998517936684,-238.8544748346112,-0.5583828328676519
13.5,-0.02096621637558442,-0.8220718084391434,0.0,-1.9685100421369675,0.9752806384725229,-0.000271755821690621,-0.0004257661280329901,-1.2044792201935504,0.23437811122944766,-0.029898891035897216,-261.00375979192506,499.2998517936684,-238.8544748346112,-0.5583828328676519
13.52,-0.02108986770045543,1.0250199847904393,0.0,-1.9679587917562074,0.9755152182755147,-0.00026999859678714187,-0.0004244061108601545,-1.2029038782544836,0.23267887400933623,-0.02977499575485269,-254.08594926252766,493.95607921022327,-240.43671689375657,-0.5665869460610433
13.540000000000001,-0.021406208070037628,-2.8835945840220294,0.0,-1.9658905620108953,0.9765191159866106,-0.0002714297876792194,-0.00041822647652952667,-1.2029038782544836,0.23267887400933623,-0.02977499575485269,-254.08594926252766,493.95607921022327,-240.43671689375657,-0.5665869460610433
13.56,-0.021313707479565763,-2.4607182427831136,0.0,-1.9682496095344157,0.9775220552092487,-0.0002760168644049199,-0.0004182447665349199,-1.2029038782544836,0.23267887400933623,-0.02977499575485269,-254.08594926252766,493.95607921022327,-240.43671689375657,-0.5665869460610433
13.58,-0.019791284907548345,1.992041298778835,0.0,-1.9679650836558409,0.9740648517480687,-0.00025834759820090187,-0.0004261272514246955,-1.2029038782544836,0.23267887400933623,-0.02977499575485269,-254.08594926252766,493.95607921022327,-240.43671689375657,-0.5665869460610433
13.6,-0.01825673026743041,-1.9829573557433955,0.0,-1.968235309497954,0.9744638351791135,-0.0002595036111730015,-0.00042730118348184825,-1.2029038782544836,0.23267887400933623,-0.02977499575485269,-254.08594926252766,493.95607921022327,-240.43671689375657,-0.5665869460610433
13.620000000000001,-0.016840196716959615,1.3680124341214333,0.0,-1.9612221339631581,0.9640878248703441,-0.00027425977769560193,-0.00041491348939541004,-1.2029038782544836,0.23267887400933623,-0.02977499575485269,-254.08594926252766,493.95607921022327,-240.43671689375657,-0.5665869460610433
13.64,-0.015350044193117834,0.3342221753789971,0.0,-1.959549897300786,0.9620462504148356,-0.0002727009768397146,-0.00041681149484280584,-1.2029038782544836,0.23267887400933623,-0.02977499575485269,-254.08594926252766,493.95607921022327,-240.43671689375657,-0.5665869460610433
13.66,-0.01445530447237366,-0.3906640813661517,0.0,-1.9581201901524563,0.9601017160317209,-0.00027445386407222644,-0.0004149211286093256,-1.2029038782544836,0.23267887400933623,-0.02977499575485269,-254.08594926252766,493.95607921022327,-240.43671689375657,-0.5665869460610433
13.68,-0.01363538984502222,-2.1774629509711794,0.0,-1.9557036507030432,0.9568739629255475,-0.0002759336293549644,-0.0004188485583523217,-1.2029038782544836,0.23267887400933623,-0.02977499575485269,-254.08594926252766,493.95607921022327,-240.43671689375657,-0.5665869460610433
13.700000000000001,-0.012149680114997896,0.16776145847851698,0.0,-1.9487469613660855,0.9471806877777099,-0.00027411233922462546,-0.0004244475058115267,-1.2029038782544836,0.23267887400933623,-0.02977499575485269,-254.08594926252766,493.95607921022327,-240.43671689375657,-0.5665869460610433
13.72,-0.01015229138124149,1.532682392493098,0.0,-1.9400331076616693,0.937039185609859,-0.0002586024307419247,-0.00042104232645366705,-1.2029038782544836,0.23267887400933623,-0.02977499575485269,-254.08594926252766,493.95607921022327,-240.43671689375657,-0.5665869460610433
13.74,-0.008716987046939496,1.6502110263451941,0.0,-1.9367751108576672,0.9333514611982888,-0.0002578279081922766,-0.0004169967418804294,-1.2029038782544836,0.23267887400933623,-0.02977499575485269,-254.08594926252766,493.95607921022327,-240.43671689375657,-0.5665869460610433
13.76,-0.008268800104086675,-1.711030433357954,0.0,-1.940716205133729,0.9379757262919275,-0.0002539911085251244,-0.00041513716795576154,-1.2029038782544836,0.23267887400933623,-0.02977499575485269,-254.08594926252766,493.95607921022327,-240.43671689375657,-0.5665869460610433
13.780000000000001,-0.007855061042509314,-3.547627967552489,0.0,-1.9377758712464284,0.933988846994301,-0.00026165149215483913,-0.00042309296629516234,-1.2029038782544836,0.23267887400933623,-0.02977499575485269,-254.08594926252766,493.95607921022327,-240.43671689375657,-0.5665869460610433
13.8,-0.005951085956502336,4.6259612267230725,0.0,-1.92780044092232,0.9215899362874992,-0.00024166461661515444,-0.0004440133656174302,-1.2029038782544836,0.23267887400933623,-0.02977499575485269,-254.08594926252766,493.95607921022327,-240.43671689375657,-0.5665869460610433
13.82,-0.0044005013627344365,-0.9600135136718988,0.0,-1.9343374557055706,0.9281941819006304,-0.00025972873613358674,-0.00045382839493090295,-1.2029038782544836,0.23267887400933623,-0.02977499575485269,-254.08594926252766,493.95607921022327,-240.43671689375657,-0.5665869460610433
13.84,-0.003951238538435848,1.4451833829037835,0.0,-1.9311700173382467,0.9244493639486666,-0.00027474112913722696,-0.00044439451817091056,-1.2029038782544836,0.23267887400933623,-0.02977499575485269,-254.08594926252766,493.95607921022327,-240.43671689375657,-0.5665869460610433
13.86,-0.0036690224146747573,1.343555982038325,0.0,-1.9378925590816227,0.9320108107852525,-0.0002761838410504607,-0.0004255557524817407,-1.2029038782544836,0.23267887400933623,-0.02977499575485269,-254.08594926252766,493.95607921022327,-240.43671689375657,-0.5665869460610433
13.88,-0.004226634021282862,-3.3790215981971365,0.0,-1.9381639643326813,0.9330028725900449,-0.0002661509734417017,-0.00042953537587273565,-1.2029038782544836,0.23267887400933623,-0.02977499575485269,-254.08594926252766,493.95607921022327,-240.43671689375657,-0.5665869460610433
13.9,-0.004214905372971251,-1.22614225600537,0.0,-1.9394269358940002,0.9336175164241916,-0.0002736139568044201,-0.00043701431440164946,-1.2029038782544836,0.23267887400933623,-0.02977499575485269,-254.08594926252766,493.95607921022327,-240.43671689375657,-0.5665869460610433
13.92,-0.0028812660551623425,3.444032670311768,0.0,-1.938386621150651,0.9324083233177981,-0.00025881257741962115,-0.0004404795194037508,-1.2029038782544836,0.23267887400933623,-0.02977499575485269,-254.08594926252766,493.95607921022327,-240.43671689375657,-0.5665869460610433
13.94,-0.0022153151721862907,-2.488610091271326,0.0,-1.9424970857334452,0.9362239464046903,-0.0002730672291227956,-0.00046576058156075876,-1.2029038782544836,0.23267887400933623,-0.02977499575485269,-254.08594926252766,493.95607921022327,-240.43671689375657,-0.5665869460610433
13.96,-0.0018431471719886705,-0.7532999687239954,0.0,-1.9406006012497983,0.9338310382389606,-0.00028606795659142503,-0.00046396993644132634,-1.2029038782544836,0.23267887400933623,-0.02977499575485269,-254.08594926252766,493.95607921022327,-240.43671689375657,-0.5665869460610433
13.98,-0.0005332785704079621,1.4566005486221465,0.0,-1.936719054681356,0.9297095704643132,-0.0002795019015268774,-0.0004731168981508732,-1.2029038782544836,0.23267887400933623,-0.02977499575485269,-254.08594926252766,493.95607921022327,-240.43671689375657,-0.5665869460610433
14.0,0.0005672672021145794,-0.25865055129210934,0.0,-1.9376174680531244,0.930549441011845,-0.0002810646094856728,-0.0004759310130719554,-1.2029038782544836,0.23267887400933623,-0.02977499575485269,-254.08594926252766,493.95607921022327,-240.43671689375657,-0.5665869460610433
14.02,0.0013205939870124064,1.2729417879855096,0.0,-1.9339996566060809,0.9268395195333295,-0.00028454358578834627,-0.00047439095987391596,-1.2281835082210397,0.25952222530290564,-0.031338717081865995,-210.59460684948863,392.36473716451985,-182.28854213971982,-0.5184118246890035
14.040000000000001,0.0017852453098549652,1.4608965202136268,0.0,-1.9361699381087867,0.9290430876689126,-0.0002850450602684368,-0.00047212593585846895,-1.2281835082210397,0.25952222530290564,-0.031338717081865995,-210.59460684948863,392.36473716451985,-182.28854213971982,-0.5184118246890035
14.06,0.00146061166340883,0.25219268455805754,0.0,-1.93862059552283,0.931483086383862,-0.0002799615752701153,-0.00047234054352541404,-1.2281835082210397,0.25952222530290564,-0.031338717081865995,-210.59460684948863,392.36473716451985,-182.28854213971982,-0.5184118246890035
14.08,0.0006435538343116196,-1.4703790527395766,0.0,-1.9386509038524806,0.9316370004596672,-0.00027443790827139363,-0.0004674280360816341,-1.2281835082210397,0.25952222530290564,-0.031338717081865995,-210.59460684948863,392.36473716451985,-182.28854213971982,-0.5184118246890035
14.1,0.0001872933124553423,1.2976168805748376,0.0,-1.940823204500188,0.9337364849378547,-0.0002770718091938081,-0.0004733370672843099,-1.2281835082210397,0.25952222530290564,-0.031338717081865995,-210.59460684948863,392.36473716451985,-182.28854213971982,-0.5184118246890035
14.120000000000001,-0.00021719238904439902,1.0066810589764013,0.0,-1.9394395730124652,0.9322183930348769,-0.0002808984644295529,-0.0004734983015236313,-1.2281835082210397,0.25952222530290564,-0.031338717081865995,-210.59460684948863,392.36473716451985,-182.28854213971982,-0.5184118246890035
14.14,-0.0012978344164641476,-1.2417574589428169,0.0,-1.9357733422169419,0.9285150098033411,-0.00027546351746515866,-0.0004785978977703237,-1.2281835082210397,0.25952222530290564,-0.031338717081865995,-210.59460684948863,392.36473716451985,-182.28854213971982,-0.5184118246890035
14.16,-0.0023178400168117836,-0.8369120512186857,0.0,-1.937536454789882,0.9301371338330041,-0.0002784159728911428,-0.00048158726727999166,-1.2281835082210397,0.25952222530290564,-0.031338717081865995,-210.59460684948863,392.36473716451985,-182.28854213971982,-0.5184118246890035
14.18,-0.0027437846466983554,1.2142564644270626,0.0,-1.9413489867721754,0.9338501893471456,-0.00027536834534368145,-0.0004847561187303691,-1.2281835082210397,0.25952222530290564,-0.031338717081865995,-210.59460684948863,392.36473716451985,-182.28854213971982,-0.5184118246890035
14.200000000000001,-0.0032975696825848933,-0.12068521277529753,0.0,-1.939621526041144,0.9321115779227526,-0.00027700773816508614,-0.000487311156715444,-1.2281835082210397,0.25952222530290564,-0.031338717081865995,-210.59460684948863,392.36473716451985,-182.28854213971982,-0.5184118246890035
14.22,-0.00419243167045878,-1.0684334217308662,0.0,-1.9398447431136363,0.9323164557107864,-0.0002773463282847523,-0.00048719758181507916,-1.2281835082210397,0.25952222530290564,-0.031338717081865995,-210.59460684948863,392.36473716451985,-182.28854213971982,-0.5184118246890035
14.24,-0.00476557543167413,0.4316218761791366,0.0,-1.9430515294148427,0.935089679719269,-0.00027896252693258866,-0.0004924684237930029,-1.2281835082210397,0.25952222530290564,-0.031338717081865995,-210.59460684948863,392.36473716451985,-182.28854213971982,-0.5184118246890035
14.26,-0.005182357564238159,1.1995950556410473,0.0,-1.9435580123629748,0.9355568092349995,-0.00027844298140225477,-0.0004923471054147083,-1.2281835082210397,0.25952222530290564,-0.031338717081865995,-210.59460684948863,392.36473716451985,-182.28854213971982,-0.5184118246890035
14.280000000000001,-0.006109564793168499,-2.4821517773437387,0.0,-1.9401157869909151,0.9324809525742171,-0.0002762353697356386,-0.0004955913812536669,-1.2281835082210397,0.25952222530290564,-0.031338717081865995,-210.59460684948863,392.36473716451985,-182.28854213971982,-0.5184118246890035
14.3,-0.00669981419911249,0.4068900696579285,0.0,-1.9483935657422033,0.9394528547769617,-0.0002896616747159257,-0.0005025379984588906,-1.2281835082210397,0.25952222530290564,-0.031338717081865995,-210.59460684948863,392.36473716451985,-182.28854213971982,-0.5184118246890035
14.32,-0.006724707755589934,-0.410975371344398,0.0,-1.9493364738885,0.9402149903656509,-0.0002861377817794291,-0.0005040446038106101,-1.2281835082210397,0.25952222530290564,-0.031338717081865995,-210.59460684948863,392.36473716451985,-182.28854213971982,-0.5184118246890035
14.34,-0.006790904819323356,0.9817063968327799,0.0,-1.9531644190243087,0.943598327594559,-0.0002873511011345691,-0.000493578906487478,-1.2281835082210397,0.25952222530290564,-0.031338717081865995,-210.59460684948863,392.36473716451985,-182.28854213971982,-0.5184118246890035
14.36,-0.0070671466382412765,-1.1358036458699325,0.0,-1.9530386318315673,0.9436682425187911,-0.0002875546080043657,-0.0004929213051430067,-1.2281835082210397,0.25952222530290564,-0.031338717081865995,-210.59460684948863,392.36473716451985,-182.28854213971982,-0.5184118246890035
14.38,-0.007342928883668585,0.5496216075747227,0.0,-1.9557059443073488,0.9454852273369189,-0.00029359838417161076,-0.0004930179163661413,-1.2281835082210397,0.25952222530290564,-0.031338717081865995,-210.59460684948863,392.36473716451985,-182.28854213971982,-0.5184118246890035
14.4,-0.007493467261264549,-0.9173278810452652,0.0,-1.9556912967562743,0.9454811803265222,-0.0002936487972484159,-0.0004929540135772607,-1.2281835082210397,0.25952222530290564,-0.031338717081865995,-210.59460684948863,392.36473716451985,-182.28854213971982,-0.5184118246890035
14.42,-0.0075836894743356925,1.698946626705414,0.0,-1.9586482481200982,0.9476942396964716,-0.0002968465815706065,-0.0004890795326353806,-1.2281835082210397,0.25952222530290564,-0.031338717081865995,-210.59460684948863,392.36473716451985,-182.28854213971982,-0.5184118246890035
14.44,-0.00795071922201973,1.2888853292289941,0.0,-1.9580801765143847,0.9479336829487081,-0.0003000222736383081,-0.0004862087500098465,-1.2281835082210397,0.25952222530290564,-0.031338717081865995,-210.59460684948863,392.36473716451985,-182.28854213971982,-0.5184118246890035
14.46,-0.009242912023370586,-0.742818974814812,0.0,-1.951355625415057,0.9428972265215616,-0.000283339924329649,-0.0004887697814969902,-1.2281835082210397,0.25952222530290564,-0.031338717081865995,-210.59460684948863,392.36473716451985,-182.28854213971982,-0.5184118246890035
14.48,-0.010753421137199714,-3.575842431394981,0.0,-1.945462677533336,0.9383199783012607,-0.00027272307217455507,-0.00047767252115843,-1.2281835082210397,0.25952222530290564,-0.031338717081865995,-210.59460684948863,392.36473716451985,-182.28854213971982,-0.5184118246890035
14.5,-0.01106731127536969,1.064327065223024,0.0,-1.9609463316975992,0.9516443810017875,-0.00027385447819134803,-0.0004914917496241895,-1.2281835082210397,0.25952222530290564,-0.031338717081865995,-210.59460684948863,392.36473716451985,-182.28854213971982,-0.5184118246890035
14.52,-0.010715733214660834,1.6140386183450164,0.0,-1.963185496413455,0.9535560519452906,-0.000264825823971057,-0.0004883509248713949,-1.203960634366604,0.23442130988084656,-0.03046067551424248,-245.01504256877448,458.04144728588585,-213.54877963540366,-0.522374918292376
14.540000000000001,-0.01121614898823399,-1.1423664825628344,0.0,-1.9628947886324761,0.9533395342788784,-0.0002645031822255559,-0.0004896022814969568,-1.203960634366604,0.23442130988084656,-0.03046067551424248,-245.01504256877448,458.04144728588585,-213.54877963540366,-0.522374918292376
14.56,-0.01192556412420011,1.4888338962546397,0.0,-1.9654301840298896,0.954103933752457,-0.00027680552950203275,-0.0004991507241633946,-1.203960634366604,0.23442130988084656,-0.03046067551424248,-245.01504256877448,458.04144728588585,-213.54877963540366,-0.522374918292376
14.58,-0.012811793997835283,-0.8437168340954773,0.0,-1.9643059880417602,0.9534601242277095,-0.000277563769833734,-0.0004961150604826521,-1.203960634366604,0.23442130988084656,-0.03046067551424248,-245.01504256877448,458.04144728588585,-213.54877963540366,-0.522374918292376
14.6,-0.013967890331991875,-0.10296154294643522,0.0,-1.9706438390726215,0.9586422652278117,-0.0002855476768189722,-0.0004943979916238407,-1.203960634366604,0.23442130988084656,-0.03046067551424248,-245.01504256877448,458.04144728588585,-213.54877963540366,-0.522374918292376
14.620000000000001,-0.01493506597048266,3.434061314636325,0.0,-1.9737839315349641,0.960983394776351,-0.00028563627362914227,-0.0004988100608416643,-1.203960634366604,0.23442130988084656,-0.03046067551424248,-245.01504256877448,458.04144728588585,-213.54877963540366,-0.522374918292376
14.64,-0.01697195949618855,-0.5473598554820702,0.0,-1.9556808954048095,0.9461164826724021,-0.00028080899064299267,-0.0005033367980804087,-1.203960634366604,0.23442130988084656,-0.03046067551424248,-245.01504256877448,458.04144728588585,-213.54877963540366,-0.522374918292376
14.66,-0.019961311693006575,-0.7903093087857349,0.0,-1.9402189985150982,0.9331805035090565,-0.0002544344783182476,-0.0004964672329574769,-1.203960634366604,0.23442130988084656,-0.03046067551424248,-245.01504256877448,458.04144728588585,-213.54877963540366,-0.522374918292376
14.68,-0.02268516751494582,-2.060243055006454,0.0,-1.922997721032785,0.9186775441020681,-0.00024728069296994207,-0.00047352809156703246,-1.203960634366604,0.23442130988084656,-0.03046067551424248,-245.01504256877448,458.04144728588585,-213.54877963540366,-0.522374918292376
14.700000000000001,-0.024717872300523688,-1.0275154997924232,0.0,-1.925964419956602,0.9213211514857499,-0.0002475954716444813,-0.00047348257043803476,-1.203960634366604,0.23442130988084656,-0.03046067551424248,-245.01504256877448,458.04144728588585,-213.54877963540366,-0.522374918292376
14.72,-0.026002867423530546,-3.048547169325573,0.0,-1.9287868886468236,0.9237447353722257,-0.00024658729540916446,-0.00047299167563319856,-1.203960634366604,0.23442130988084656,-0.03046067551424248,-245.01504256877448,458.04144728588585,-213.54877963540366,-0.522374918292376
14.74,-0.026259015576473067,1.706149182273018,0.0,-1.954788675641044,0.9447898561857856,-0.00024281695592619633,-0.00045643313089411343,-1.203960634366604,0.23442130988084656,-0.03046067551424248,-245.01504256877448,458.04144728588585,-213.54877963540366,-0.522374918292376
14.76,-0.02628814749576293,0.40838623539484153,0.0,-1.9536107690725313,0.9442008283250024,-0.0002460805526993999,-0.00045762049378370435,-1.203960634366604,0.23442130988084656,-0.03046067551424248,-245.01504256877448,458.04144728588585,-213.54877963540366,-0.522374918292376
14.780000000000001,-0.027102362073792092,-2.0163884543590527,0.0,-1.9520933051054645,0.9434442784333562,-0.000243220886564942,-0.0004603519769242233,-1.203960634366604,0.23442130988084656,-0.03046067551424248,-245.01504256877448,458.04144728588585,-213.54877963540366,-0.522374918292376
14.8,-0.027617153878663835,0.15419597949753472,0.0,-1.9553274272735957,0.9438696217899735,-0.0002501046615299522,-0.00047182724879312257,-1.203960634366604,0.23442130988084656,-0.03046067551424248,-245.01504256877448,458.04144728588585,-213.54877963540366,-0.522374918292376
14.82,-0.027761372125603003,-1.6285784303731718,0.0,-1.9552731835257766,0.9438523294758566,-0.0002501871960745066,-0.0004717748918152989,-1.203960634366604,0.23442130988084656,-0.03046067551424248,-245.01504256877448,458.04144728588585,-213.54877963540366,-0.522374918292376
14.84,-0.027649447490196707,0.3050337665767975,0.0,-1.9608895108705415,0.9463091693015856,-0.0002537908863813485,-0.0004646498651681457,-1.203960634366604,0.23442130988084656,-0.03046067551424248,-245.01504256877448,458.04144728588585,-213.54877963540366,-0.522374918292376
14.86,-0.027324824252135754,2.160549523005204,0.0,-1.9609447782075358,0.9459235017206913,-0.0002529782372029864,-0.0004651230257699702,-1.203960634366604,0.23442130988084656,-0.03046067551424248,-245.01504256877448,458.04144728588585,-213.54877963540366,-0.522374918292376
14.88,-0.02789456618613829,-1.1078818943772375,0.0,-1.9588531928800192,0.9483383107887926,-0.0002472696774470088,-0.00047181160698798655,-1.203960634366604,0.23442130988084656,-0.03046067551424248,-245.01504256877448,458.04144728588585,-213.54877963540366,-0.522374918292376
14.9,-0.028948699726042082,-2.044362501976277,0.0,-1.9564966761166718,0.947967212680565,-0.00023744280665175538,-0.00046684836788053594,-1.203960634366604,0.23442130988084656,-0.03046067551424248,-245.01504256877448,458.04144728588585,-213.54877963540366,-0.522374918292376
14.92,-0.029263101322022315,-0.8055030099231746,0.0,-1.9577381852137208,0.9483969780073503,-0.0002376087009923192,-0.00047060026308278863,-1.203960634366604,0.23442130988084656,-0.03046067551424248,-245.01504256877448,458.04144728588585,-213.54877963540366,-0.522374918292376
14.94,-0.02892827034631231,1.6032610955340607,0.0,-1.9589804904780654,0.9489923987974417,-0.00023564458312001034,-0.0004695950565543083,-1.203960634366604,0.23442130988084656,-0.03046067551424248,-245.01504256877448,458.04144728588585,-213.54877963540366,-0.522374918292376
14.96,-0.029009732397772457,-0.5974130371525415,0.0,-1.956412508505528,0.9500067740904315,-0.00023931752947115847,-0.0004799446862848696,-1.203960634366604,0.23442130988084656,-0.03046067551424248,-245.01504256877448,458.04144728588585,-213.54877963540366,-0.522374918292376
14.98,-0.029568909061638938,-2.693845585524657,0.0,-1.9545057585734238,0.9506132832017907,-0.00022963468339991748,-0.00047853767023836434,-1.203960634366604,0.23442130988084656,-0.03046067551424248,-245.01504256877448,458.04144728588585,-213.54877963540366,-0.522374918292376
15.0,-0.029351602799608183,2.487288124055029,0.0,-1.9560001640020799,0.9499637698461715,-0.00023122429833734765,-0.0004868989976553804,-1.203960634366604,0.23442130988084656,-0.03046067551424248,-245.01504256877448,458.04144728588585,-213.54877963540366,-0.522374918292376
15.02,-0.029259311241471096,-1.8249645229808449,0.0,-1.9543657713718678,0.9541621515586474,-0.0002588565785059384,-0.0004918754979422313,-1.2068886851338427,0.23733001152213043,-0.030441326388287723,-227.90472082932757,434.09099907503725,-206.71035421765632,-0.5240759719469057
15.040000000000001,-0.029545763558890333,-1.869265468194309,0.0,-1.952737250724096,0.953743832158649,-0.0002525029872805937,-0.000494995103143615,-1.2068886851338427,0.23733001152213043,-0.030441326388287723,-227.90472082932757,434.09099907503725,-206.71035421765632,-0.5240759719469057
15.06,-0.02893763735721449,-1.3183937342000485,0.0,-1.9527203726394953,0.9536674336709927,-0.00025242082992259413,-0.000495299452092284,-1.2068886851338427,0.23733001152213043,-0.030441326388287723,-227.90472082932757,434.09099907503725,-206.71035421765632,-0.5240759719469057
15.08,-0.027579341735333315,-1.680466317047446,0.0,-1.952607525223312,0.9521716408575726,-0.00024716945064545627,-0.0004906435389512035,-1.2068886851338427,0.23733001152213043,-0.030441326388287723,-227.90472082932757,434.09099907503725,-206.71035421765632,-0.5240759719469057
15.1,-0.0255175125520105,0.005019908814217322,0.0,-1.9448805198091426,0.9409649118466756,-0.00023659229689397012,-0.0004792477287039182,-1.2068886851338427,0.23733001152213043,-0.030441326388287723,-227.90472082932757,434.09099907503725,-206.71035421765632,-0.5240759719469057
15.120000000000001,-0.02312648060720055,0.4642518184042552,0.0,-1.9354374998245707,0.929541315032669,-0.00022779135163252705,-0.0004743930049958584,-1.2068886851338427,0.23733001152213043,-0.030441326388287723,-227.90472082932757,434.09099907503725,-206.71035421765632,-0.5240759719469057
15.14,-0.021018961110813677,-0.8662969459025432,0.0,-1.9302760012896163,0.9234692229577759,-0.00022710308900478652,-0.00047200580391633607,-1.2068886851338427,0.23733001152213043,-0.030441326388287723,-227.90472082932757,434.09099907503725,-206.71035421765632,-0.5240759719469057
15.16,-0.018926551001059597,2.817468778719123,0.0,-1.9163608367812086,0.9071639565797733,-0.00022945972807786563,-0.00047566097930656014,-1.2068886851338427,0.23733001152213043,-0.030441326388287723,-227.90472082932757,434.09099907503725,-206.71035421765632,-0.5240759719469057
15.18,-0.01752501397216161,-1.1862009509680371,0.0,-1.939410652195665,0.9334839584225026,-0.00023799016347356288,-0.0004687585733257517,-1.2068886851338427,0.23733001152213043,-0.030441326388287723,-227.90472082932757,434.09099907503725,-206.71035421765632,-0.5240759719469057
15.200000000000001,-0.016711830260724453,-1.4219842476463898,0.0,-1.93993791973562,0.934155162923892,-0.0002369231100442471,-0.00046868874722190656,-1.2068886851338427,0.23733001152213043,-0.030441326388287723,-227.90472082932757,434.09099907503725,-206.71035421765632,-0.5240759719469057
15.22,-0.015240604679711944,1.821856247722721,0.0,-1.9360230527278997,0.9293890043911643,-0.00023534030334496414,-0.0004760165040321413,-1.2068886851338427,0.23733001152213043,-0.030441326388287723,-227.90472082932757,434.09099907503725,-206.71035421765632,-0.5240759719469057
15.24,-0.013982782344734872,-1.2094421245254,0.0,-1.9453139115273421,0.9402571920042787,-0.000247454816618121,-0.0004841938538545822,-1.2068886851338427,0.23733001152213043,-0.030441326388287723,-227.90472082932757,434.09099907503725,-206.71035421765632,-0.5240759719469057
15.26,-0.012992639146340922,-2.635238151318662,0.0,-1.944903622768529,0.9397408353455821,-0.0002481080486994457,-0.0004839249812494439,-1.2068886851338427,0.23733001152213043,-0.030441326388287723,-227.90472082932757,434.09099907503725,-206.71035421765632,-0.5240759719469057
15.280000000000001,-0.010958844261081034,0.8329844866119078,0.0,-1.9302611990025813,0.9226993984202299,-0.00023921977618486905,-0.0005015845123192457,-1.2068886851338427,0.23733001152213043,-0.030441326388287723,-227.90472082932757,434.09099907503725,-206.71035421765632,-0.5240759719469057
15.3,-0.008466583034068147,1.1951286689415663,0.0,-1.9243351236472646,0.9164225421136405,-0.00022963041430564286,-0.0004969242743301395,-1.2068886851338427,0.23733001152213043,-0.030441326388287723,-227.90472082932757,434.09099907503725,-206.71035421765632,-0.5240759719469057
15.32,-0.006621709018783938,1.918087190502393,0.0,-1.925125392039815,0.9172599259598097,-0.00022962852145502776,-0.00049772745856178,-1.2068886851338427,0.23733001152213043,-0.030441326388287723,-227.90472082932757,434.09099907503725,-206.71035421765632,-0.5240759719469057
15.34,-0.0057303247185307715,-1.4824202012191798,0.0,-1.9460712557115105,0.9398570382805548,-0.00022113703220136925,-0.0004873002041243452,-1.2068886851338427,0.23733001152213043,-0.030441326388287723,-227.90472082932757,434.09099907503725,-206.71035421765632,-0.5240759719469057
15.36,-0.005002731387596283,0.8605566969787626,0.0,-1.9453693189495345,0.9390588523185126,-0.00022214940099541262,-0.000488163983099165,-1.2068886851338427,0.23733001152213043,-0.030441326388287723,-227.90472082932757,434.09099907503725,-206.71035421765632,-0.5240759719469057
15.38,-0.004124654097877489,-1.7767794984092804,0.0,-1.9535679128079837,0.947917483717194,-0.0002304335265794137,-0.0004776251852459372,-1.2068886851338427,0.23733001152213043,-0.030441326388287723,-227.90472082932757,434.09099907503725,-206.71035421765632,-0.5240759719469057
15.4,-0.0030043419782016263,2.231203419683179,0.0,-1.9508439934349528,0.9449044259286755,-0.0002327250427100077,-0.00047241718159755756,-1.2068886851338427,0.23733001152213043,-0.030441326388287723,-227.90472082932757,434.09099907503725,-206.71035421765632,-0.5240759719469057
15.42,-0.002036090192753549,-1.199834114733965,0.0,-1.9646923967723697,0.9591344823668753,-0.00025033066904861897,-0.0004677171074121491,-1.2068886851338427,0.23733001152213043,-0.030441326388287723,-227.90472082932757,434.09099907503725,-206.71035421765632,-0.5240759719469057
15.44,-0.0013827283223537355,1.3143990550144542,0.0,-1.9642771093559441,0.9586846275202529,-0.0002513657710860305,-0.00046699575842725855,-1.2068886851338427,0.23733001152213043,-0.030441326388287723,-227.90472082932757,434.09099907503725,-206.71035421765632,-0.5240759719469057
15.46,-0.000771654393219409,-2.2720276456154,0.0,-1.9757345902173236,0.9706326727791388,-0.00026017334538213223,-0.00045057170889000034,-1.2068886851338427,0.23733001152213043,-0.030441326388287723,-227.90472082932757,434.09099907503725,-206.71035421765632,-0.5240759719469057
15.48,0.00011497186574372438,2.3022951406685324,0.0,-1.973432616400628,0.9682020919583858,-0.0002654394231701376,-0.0004459023787792988,-1.2068886851338427,0.23733001152213043,-0.030441326388287723,-227.90472082932757,434.09099907503725,-206.71035421765632,-0.5240759719469057
15.5,0.0009934613361616365,-1.7035275406781962,0.0,-1.9861574307227388,0.9807791362518903,-0.00028716840475775344,-0.000438918601445335,-1.2068886851338427,0.23733001152213043,-0.030441326388287723,-227.90472082932757,434.09099907503725,-206.71035421765632,-0.5240759719469057
15.52,0.0017028880499995,-1.224314654695718,0.0,-1.9866765189921949,0.9812939783021729,-0.0002854896801402281,-0.0004406606368967215,-1.194250071004134,0.2238497242428125,-0.029599653238678515,-275.5503095986148,522.7121163969686,-247.70362387590046,-0.5418170775463192
15.540000000000001,0.00328045584420027,-1.0230364859025278,0.0,-1.9875513663430646,0.9821656119749143,-0.00028644482150848923,-0.00043958919233077435,-1.194250071004134,0.2238497242428125,-0.029599653238678515,-275.5503095986148,522.7121163969686,-247.70362387590046,-0.5418170775463192
15.56,0.00553685842742379,1.1541164717722414,0.0,-1.9843096896409556,0.9791712043065752,-0.00028198855370760375,-0.00043499145636104457,-1.194250071004134,0.2238497242428125,-0.029599653238678515,-275.5503095986148,522.7121163969686,-247.70362387590046,-0.5418170775463192
15.58,0.007789870318496426,-0.41067630963913304,0.0,-1.993480090147671,0.987878351859544,-0.00028937257830424486,-0.0004411277378912873,-1.194250071004134,0.2238497242428125,-0.029599653238678515,-275.5503095986148,522.7121163969686,-247.70362387590046,-0.5418170775463192
15.6,0.00987440908975255,-1.932772718866596,0.0,-1.9953131057595042,0.989640195360261,-0.0002892350742680587,-0.00044184192587313445,-1.194250071004134,0.2238497242428125,-0.029599653238678515,-275.5503095986148,522.7121163969686,-247.70362387590046,-0.5418170775463192
15.620000000000001,0.012707553817037873,-0.38633887013509627,0.0,-1.9762577926192009,0.9713809539555534,-0.00028244163079646685,-0.00044646393922645954,-1.194250071004134,0.2238497242428125,-0.029599653238678515,-275.5503095986148,522.7121163969686,-247.70362387590046,-0.5418170775463192
15.64,0.0163000616502933,1.7746011574519258,0.0,-1.9520241773898799,0.9488690941578878,-0.0002603603646256661,-0.00043752220169650095,-1.194250071004134,0.2238497242428125,-0.029599653238678515,-275.5503095986148,522.7121163969686,-247.70362387590046,-0.5418170775463192
15.66,0.019589106130991404,1.3382351259148424,0.0,-1.9457723562790332,0.9430747479368229,-0.00025716064549587294,-0.00043356691920487614,-1.194250071004134,0.2238497242428125,-0.029599653238678515,-275.5503095986148,522.7121163969686,-247.70362387590046,-0.5418170775463192
15.68,0.022090574178595945,-0.23134722707965638,0.0,-1.9473696579787618,0.9445738590532875,-0.00025699686464328975,-0.0004337784545024742,-1.194250071004134,0.2238497242428125,-0.029599653238678515,-275.5503095986148,522.7121163969686,-247.70362387590046,-0.5418170775463192
15.700000000000001,0.024407573734218313,0.22138176404003806,0.0,-1.9362774914898147,0.934257667733166,-0.00025831463771567697,-0.0004380912405784813,-1.194250071004134,0.2238497242428125,-0.029599653238678515,-275.5503095986148,522.7121163969686,-247.70362387590046,-0.5418170775463192
15.72,0.02688171697842857,1.3338305013760035,0.0,-1.924952420149111,0.9241461888887065,-0.00025407226185125974,-0.00044011324111852923,-1.194250071004134,0.2238497242428125,-0.029599653238678515,-275.5503095986148,522.7121163969686,-247.70362387590046,-0.5418170775463192
15.74,0.029070485088259154,0.7795338272993237,0.0,-1.9231332427565235,0.9225773515347282,-0.0002534169849792041,-0.0004395493760442538,-1.194250071004134,0.2238497242428125,-0.029599653238678515,-275.5503095986148,522.7121163969686,-247.70362387590046,-0.5418170775463192
15.76,0.030824358101467202,-0.0028826097950582774,0.0,-1.9206899357621783,0.9204900372749352,-0.0002535447127813482,-0.00043930603643248695,-1.194250071004134,0.2238497242428125,-0.029599653238678515,-275.5503095986148,522.7121163969686,-247.70362387590046,-0.5418170775463192
15.780000000000001,0.03254567749709205,2.8852416456481658,0.0,-1.9119971282555142,0.9132468370221002,-0.000252939260225451,-0.00044155467160096834,-1.194250071004134,0.2238497242428125,-0.029599653238678515,-275.5503095986148,522.7121163969686,-247.70362387590046,-0.5418170775463192
15.8,0.033629094238198445,2.111815346491125,0.0,-1.9265039144626364,0.9247082392258621,-0.0002597707856377738,-0.00044228042602544124,-1.194250071004134,0.2238497242428125,-0.029599653238678515,-275.5503095986148,522.7121163969686,-247.70362387590046,-0.5418170775463192
15.82,0.03346260702396513,-0.9757515581972722,0.0,-1.9401087104173818,0.9340009421173217,-0.0002418123022879904,-0.0004447778417595747,-1.194250071004134,0.2238497242428125,-0.029599653238678515,-275.5503095986148,522.7121163969686,-247.70362387590046,-0.5418170775463192
15.84,0.03317508363092599,1.2810299201686035,0.0,-1.9418774200482982,0.9347463780175318,-0.00023723413083100148,-0.00043861924198241496,-1.194250071004134,0.2238497242428125,-0.029599653238678515,-275.5503095986148,522.7121163969686,-247.70362387590046,-0.5418170775463192
15.860000000000001,0.033007830646218414,0.0103315840795557,0.0,-1.9438402738752087,0.9328368562862851,-0.00024809165478773183,-0.00043121403162714065,-1.194250071004134,0.2238497242428125,-0.029599653238678515,-275.5503095986148,522.7121163969686,-247.70362387590046,-0.5418170775463192
15.88,0.032671211807124914,-1.4203518918484015,0.0,-1.9424526657110535,0.9294125534818707,-0.0002465359968817427,-0.00043745002215341054,-1.194250071004134,0.2238497242428125,-0.029599653238678515,-275.5503095986148,522.7121163969686,-247.70362387590046,-0.5418170775463192
15.9,0.0329536754940051,-0.9661185913914032,0.0,-1.9424193985338707,0.9307778959092537,-0.00024506728613233697,-0.0004385908750671635,-1.194250071004134,0.2238497242428125,-0.029599653238678515,-275.5503095986148,522.7121163969686,-247.70362387590046,-0.5418170775463192
15.92,0.034142761615037584,-1.3887416341440617,0.0,-1.9398633871419915,0.9321682020409762,-0.00022816408853127218,-0.0004297559468280137,-1.194250071004134,0.2238497242428125,-0.029599653238678515,-275.5503095986148,522.7121163969686,-247.70362387590046,-0.5418170775463192
15.94,0.03623668731916164,3.8049255025324684,0.0,-1.9248056539299125,0.9252471094059052,-0.00019479012661205263,-0.00039245209820711334,-1.194250071004134,0.2238497242428125,-0.029599653238678515,-275.5503095986148,522.7121163969686,-247.70362387590046,-0.5418170775463192
15.96,0.037852575368188195,0.38083161135842314,0.0,-1.9251215073992427,0.9254823578731228,-0.00019520874352903697,-0.0003927732747745625,-1.194250071004134,0.2238497242428125,-0.029599653238678515,-275.5503095986148,522.7121163969686,-247.70362387590046,-0.5418170775463192
15.98,0.03848285215091679,3.8766903275849156,0.0,-1.9155361528846229,0.918588558521505,-0.00020969568188852804,-0.00038395912744086273,-1.194250071004134,0.2238497242428125,-0.029599653238678515,-275.5503095986148,522.7121163969686,-247.70362387590046,-0.5418170775463192
16.0,0.0381105533145451,-0.5867807301517072,0.0,-1.9313510534476226,0.930538541856754,-0.00021015191146710852,-0.0003575270010017602,-1.194250071004134,0.2238497242428125,-0.029599653238678515,-275.5503095986148,522.7121163969686,-247.70362387590046,-0.5418170775463192
16.02,0.03701643913437006,0.3021753561985099,0.0,-1.93177913615733,0.9316408158432989,-0.000215147903760058,-0.0003579445571571278,-1.2280510102303965,0.2592282203622389,-0.031177210131842416,-267.58488061055687,506.8391054200935,-239.94074691455037,-0.6865221050136044
16.04,0.036239464150378015,2.4857171535790528,0.0,-1.9318199496832837,0.9317395790133333,-0.00021507222787507926,-0.00035830261703310393,-1.2280510102303965,0.2592282203622389,-0.031177210131842416,-267.58488061055687,506.8391054200935,-239.94074691455037,-0.6865221050136044
16.06,0.034875654996282014,-0.8943447451919218,0.0,-1.9231298554232514,0.9189913396684167,-0.00021814611819412875,-0.0003694952735776224,-1.2280510102303965,0.2592282203622389,-0.031177210131842416,-267.58488061055687,506.8391054200935,-239.94074691455037,-0.6865221050136044
16.080000000000002,0.03326652357367118,-0.48378171459266084,0.0,-1.9247512539231337,0.9210803002151797,-0.00022047569567863523,-0.00036946180750190396,-1.2280510102303965,0.2592282203622389,-0.031177210131842416,-267.58488061055687,506.8391054200935,-239.94074691455037,-0.6865221050136044
16.1,0.032270884315386,1.673355371415411,0.0,-1.9279816274101145,0.9254159945692592,-0.00021816798496452863,-0.0003731210854656615,-1.2280510102303965,0.2592282203622389,-0.031177210131842416,-267.58488061055687,506.8391054200935,-239.94074691455037,-0.6865221050136044
16.12,0.03113099365863709,-1.194755212870004,0.0,-1.9232928607681001,0.9191405109299265,-0.0002218190140357628,-0.00037912303395874427,-1.2280510102303965,0.2592282203622389,-0.031177210131842416,-267.58488061055687,506.8391054200935,-239.94074691455037,-0.6865221050136044
16.14,0.03004774095833429,0.15947814772600344,0.0,-1.9312283664517567,0.9293254767849387,-0.0002287818181825904,-0.00037408317018622963,-1.2280510102303965,0.2592282203622389,-0.031177210131842416,-267.58488061055687,506.8391054200935,-239.94074691455037,-0.6865221050136044
16.16,0.02945735429752539,3.323098423903706,0.0,-1.9345556769543275,0.934254739371078,-0.00022313168093663775,-0.000376781352662246,-1.2280510102303965,0.2592282203622389,-0.031177210131842416,-267.58488061055687,506.8391054200935,-239.94074691455037,-0.6865221050136044
16.18,0.028033767400755315,0.7937531211096438,0.0,-1.9267792514343132,0.9231250086789689,-0.0002274656424731257,-0.0003921744105694057,-1.2280510102303965,0.2592282203622389,-0.031177210131842416,-267.58488061055687,506.8391054200935,-239.94074691455037,-0.6865221050136044
16.2,0.025582302330315346,0.11537445155419242,0.0,-1.9178079090961742,0.9124136069196369,-0.00020819479261991003,-0.00039074888320358113,-1.2280510102303965,0.2592282203622389,-0.031177210131842416,-267.58488061055687,506.8391054200935,-239.94074691455037,-0.6865221050136044
16.22,0.023026358826875416,-1.1956102994445168,0.0,-1.906191935304998,0.899282620318282,-0.00019998355155130868,-0.00037303087657675736,-1.2280510102303965,0.2592282203622389,-0.031177210131842416,-267.58488061055687,506.8391054200935,-239.94074691455037,-0.6865221050136044
16.240000000000002,0.0209321582874935,-0.9782866518518785,0.0,-1.9054472871116328,0.8984566132742794,-0.00019988983483712952,-0.000372959519399019,-1.2280510102303965,0.2592282203622389,-0.031177210131842416,-267.58488061055687,506.8391054200935,-239.94074691455037,-0.6865221050136044
16.26,0.019606666086221927,1.8417023484108275,0.0,-1.9118241919661685,0.9056739872628354,-0.00019676448976908322,-0.00037120034811700297,-1.2280510102303965,0.2592282203622389,-0.031177210131842416,-267.58488061055687,506.8391054200935,-239.94074691455037,-0.6865221050136044
16.28,0.018152282730195785,-1.3030920417392888,0.0,-1.901179440247347,0.8931816772083432,-0.00020441204922397863,-0.0003823332479280777,-1.2280510102303965,0.2592282203622389,-0.031177210131842416,-267.58488061055687,506.8391054200935,-239.94074691455037,-0.6865221050136044
16.3,0.01665492495645467,1.1832826160987655,0.0,-1.906783350183313,0.8994549536645294,-0.0002096851267894939,-0.00037924408723846406,-1.2280510102303965,0.2592282203622389,-0.031177210131842416,-267.58488061055687,506.8391054200935,-239.94074691455037,-0.6865221050136044
16.32,0.015297890545998692,1.2542106606815548,0.0,-1.9014584022694738,0.8932070054591752,-0.0002144498638224717,-0.00037399551587883055,-1.2280510102303965,0.2592282203622389,-0.031177210131842416,-267.58488061055687,506.8391054200935,-239.94074691455037,-0.6865221050136044
16.34,0.013323837232682594,-2.58488428646705,0.0,-1.8880183548111382,0.8782556070669206,-0.00020689377500885376,-0.0003843722140035086,-1.2280510102303965,0.2592282203622389,-0.031177210131842416,-267.58488061055687,506.8391054200935,-239.94074691455037,-0.6865221050136044
16.36,0.011823625372288484,0.10910028853748166,0.0,-1.8977194781175462,0.8885767545106222,-0.00021556887642378478,-0.00039050072570072413,-1.2280510102303965,0.2592282203622389,-0.031177210131842416,-267.58488061055687,506.8391054200935,-239.94074691455037,-0.6865221050136044
16.38,0.011123074545103601,0.21121045355908163,0.0,-1.8987843958523645,0.889787425557126,-0.00021378416088070357,-0.0003908190620546136,-1.2280510102303965,0.2592282203622389,-0.031177210131842416,-267.58488061055687,506.8391054200935,-239.94074691455037,-0.6865221050136044
16.4,0.010399026868469385,1.540068668285453,0.0,-1.900698543233567,0.8919760393936327,-0.000213296365685313,-0.00038699867261080976,-1.2280510102303965,0.2592282203622389,-0.031177210131842416,-267.58488061055687,506.8391054200935,-239.94074691455037,-0.6865221050136044
16.42,0.009227889743271087,-0.995853020712792,0.0,-1.89672977647601,0.8873240900748977,-0.00021232302490252781,-0.00038744627062841394,-1.2280510102303965,0.2592282203622389,-0.031177210131842416,-267.58488061055687,506.8391054200935,-239.94074691455037,-0.6865221050136044
16.44,0.007955715515458867,0.6692408502301106,0.0,-1.8981448519090063,0.8888312370613329,-0.00021433315036892836,-0.0003878677356320567,-1.2280510102303965,0.2592282203622389,-0.031177210131842416,-267.58488061055687,506.8391054200935,-239.94074691455037,-0.6865221050136044
16.46,0.006829458995010741,-0.6881227615442489,0.0,-1.8940291314199629,0.8843421270460052,-0.00021685514401609222,-0.0003833077530940972,-1.2280510102303965,0.2592282203622389,-0.031177210131842416,-267.58488061055687,506.8391054200935,-239.94074691455037,-0.6865221050136044
16.48,0.0057518939646674875,-1.3347653855945227,0.0,-1.8948748368731718,0.8852435597489382,-0.00021723248863905173,-0.00038275761512906396,-1.2280510102303965,0.2592282203622389,-0.031177210131842416,-267.58488061055687,506.8391054200935,-239.94074691455037,-0.6865221050136044
16.5,0.005303045765103827,-0.22212640280935947,0.0,-1.9002774024117735,0.8910530496793908,-0.00021490225039457603,-0.00038482900001215895,-1.2280510102303965,0.2592282203622389,-0.031177210131842416,-267.58488061055687,506.8391054200935,-239.94074691455037,-0.6865221050136044
16.52,0.005343620607640265,3.5379938775489457,0.0,-1.9026173839477831,0.8937940807802252,-0.00020985813069838104,-0.0003810810663524099,-1.2486941573872488,0.2811915324622687,-0.032497375075019944,-233.73752985082953,428.47153322826307,-195.3997920822614,-0.6657887048275749
16.54,0.004446973179335815,-2.4240219963102057,0.0,-1.8985663964803678,0.8881143517660012,-0.00021893278164349824,-0.0004051271229311246,-1.2486941573872488,0.2811915324622687,-0.032497375075019944,-233.73752985082953,428.47153322826307,-195.3997920822614,-0.6657887048275749
16.56,0.0032522257906198284,0.20308057459823114,0.0,-1.901925227523255,0.8913998090113259,-0.000231613980467884,-0.0004067545858553956,-1.2486941573872488,0.2811915324622687,-0.032497375075019944,-233.73752985082953,428.47153322826307,-195.3997920822614,-0.6657887048275749
16.580000000000002,0.002728401362249268,-0.9045677654995536,0.0,-1.899647906658702,0.889017102103593,-0.000239120216973554,-0.00039355481643210905,-1.2486941573872488,0.2811915324622687,-0.032497375075019944,-233.73752985082953,428.47153322826307,-195.3997920822614,-0.6657887048275749
16.6,0.0024272410794323822,-0.0792855784869857,0.0,-1.901683586137837,0.891202682472282,-0.0002389594069467497,-0.0003895773585256439,-1.2486941573872488,0.2811915324622687,-0.032497375075019944,-233.73752985082953,428.47153322826307,-195.3997920822614,-0.6657887048275749
16.62,0.0024295286196259975,-1.6406513536623433,0.0,-1.9014743640487395,0.8909590491740101,-0.0002395591467071253,-0.0003896147872690797,-1.2486941573872488,0.2811915324622687,-0.032497375075019944,-233.73752985082953,428.47153322826307,-195.3997920822614,-0.6657887048275749
16.64,0.0029508301526751566,0.6265435088630547,0.0,-1.903160906828941,0.8930707868633968,-0.00023731655411234377,-0.00038189964081368315,-1.2486941573872488,0.2811915324622687,-0.032497375075019944,-233.73752985082953,428.47153322826307,-195.3997920822614,-0.6657887048275749
16.66,0.0037877481913223556,0.06572933564915284,0.0,-1.9025900941063716,0.8925731888954425,-0.00023547225139692896,-0.00038137266216665527,-1.2486941573872488,0.2811915324622687,-0.032497375075019944,-233.73752985082953,428.47153322826307,-195.3997920822614,-0.6657887048275749
16.68,0.004445882987047076,-1.2872566891616493,0.0,-1.9010623989795374,0.8912054749711678,-0.000235617440190739,-0.0003773984703089075,-1.2486941573872488,0.2811915324622687,-0.032497375075019944,-233.73752985082953,428.47153322826307,-195.3997920822614,-0.6657887048275749
16.7,0.005489819243868099,0.9183272845280661,0.0,-1.8917491063829528,0.882208463978682,-0.00023445300749783232,-0.00038205755206245314,-1.2486941573872488,0.2811915324622687,-0.032497375075019944,-233.73752985082953,428.47153322826307,-195.3997920822614,-0.6657887048275749
16.72,0.006676486349604644,1.1698977513993716,0.0,-1.8888949460100575,0.8795565145443422,-0.00023062167979764754,-0.00038116343345425915,-1.2486941573872488,0.2811915324622687,-0.032497375075019944,-233.73752985082953,428.47153322826307,-195.3997920822614,-0.6657887048275749
16.740000000000002,0.007293854056417501,0.9907697722715879,0.0,-1.8902813190207042,0.880844914248311,-0.00023032855429577163,-0.00038268226318811656,-1.2486941573872488,0.2811915324622687,-0.032497375075019944,-233.73752985082953,428.47153322826307,-195.3997920822614,-0.6657887048275749
16.76,0.007324613876043481,1.2832498775477286,0.0,-1.8946759290187756,0.8850970108451992,-0.00022631958666292457,-0.0003787482073014958,-1.2486941573872488,0.2811915324622687,-0.032497375075019944,-233.73752985082953,428.47153322826307,-195.3997920822614,-0.6657887048275749
16.78,0.006735767649527386,-1.9219258036865456,0.0,-1.8985398343627027,0.8886286194103977,-0.00021759629003646923,-0.00036835240684526235,-1.2486941573872488,0.2811915324622687,-0.032497375075019944,-233.73752985082953,428.47153322826307,-195.3997920822614,-0.6657887048275749
16.8,0.006376515634914572,-0.8097769077080481,0.0,-1.9002201579485323,0.8904687224386678,-0.00022476738675986975,-0.0003738616394849833,-1.2486941573872488,0.2811915324622687,-0.032497375075019944,-233.73752985082953,428.47153322826307,-195.3997920822614,-0.6657887048275749
16.82,0.006857487525755585,-1.6245950996920402,0.0,-1.9006294722414259,0.8914266002920953,-0.0002147332042487283,-0.0003776868805113944,-1.2486941573872488,0.2811915324622687,-0.032497375075019944,-233.73752985082953,428.47153322826307,-195.3997920822614,-0.6657887048275749
16.84,0.008094652024432615,1.169032228253148,0.0,-1.8990497418877743,0.8919676894035188,-0.00019447786825381132,-0.0003452196962182707,-1.2486941573872488,0.2811915324622687,-0.032497375075019944,-233.73752985082953,428.47153322826307,-195.3997920822614,-0.6657887048275749
16.86,0.009516377154968168,1.0908261052013795,0.0,-1.8923587101548403,0.8860504721065255,-0.00018264343779254304,-0.0003380268256174369,-1.2486941573872488,0.2811915324622687,-0.032497375075019944,-233.73752985082953,428.47153322826307,-195.3997920822614,-0.6657887048275749
16.88,0.010336507477460549,1.2775046439098507,0.0,-1.8881022291892717,0.8821538784477597,-0.00018362955979305882,-0.00033305090867801905,-1.2486941573872488,0.2811915324622687,-0.032497375075019944,-233.73752985082953,428.47153322826307,-195.3997920822614,-0.6657887048275749
16.9,0.010528469962225171,-2.0637949167310516,0.0,-1.8899129714207223,0.8838781052715514,-0.00018261279736705887,-0.0003316463345449026,-1.2486941573872488,0.2811915324622687,-0.032497375075019944,-233.73752985082953,428.47153322826307,-195.3997920822614,-0.6657887048275749
16.92,0.011017210456497005,1.0035808913333848,0.0,-1.8808081131161787,0.8757818691932162,-0.00019852774167051633,-0.00034670159678234396,-1.2486941573872488,0.2811915324622687,-0.032497375075019944,-233.73752985082953,428.47153322826307,-195.3997920822614,-0.6657887048275749
16.94,0.011886028734980054,0.08702993024681782,0.0,-1.8764073533200645,0.872071731449526,-0.00018821598152469023,-0.0003490203112915026,-1.2486941573872488,0.2811915324622687,-0.032497375075019944,-233.73752985082953,428.47153322826307,-195.3997920822614,-0.6657887048275749
16.96,0.012510617585340621,2.325458662432097,0.0,-1.8712406649376543,0.8682799382227672,-0.00018971931667764939,-0.00033136297280642887,-1.2486941573872488,0.2811915324622687,-0.032497375075019944,-233.73752985082953,428.47153322826307,-195.3997920822614,-0.6657887048275749
16.98,0.012507868815909198,0.3028093785367947,0.0,-1.8759494688498726,0.8724719212090966,-0.0001906878521389649,-0.0003285751101964592,-1.2486941573872488,0.2811915324622687,-0.032497375075019944,-233.73752985082953,428.47153322826307,-195.3997920822614,-0.6657887048275749
17.0,0.01181458229978253,1.615760696975239,0.0,-1.8758677666262105,0.8724310499391602,-0.00019155735387658295,-0.0003286968915542516,-1.2486941573872488,0.2811915324622687,-0.032497375075019944,-233.73752985082953,428.47153322826307,-195.3997920822614,-0.6657887048275749
17.02,0.010634175750005585,-1.8013256859241786,0.0,-1.8750752231977907,0.8708845987354208,-0.0001868811133197038,-0.00031128295241708375,-1.2705554003338797,0.30390765105128165,-0.033352250717401825,-232.07697404389347,425.36813103442176,-194.080938248746,-0.7897812582173953
17.04,0.00957531646069785,-0.3358732036032519,0.0,-1.8827130549789168,0.8791251310550564,-0.00019792986992188283,-0.0003139730349149748,-1.2705554003338797,0.30390765105128165,-0.033352250717401825,-232.07697404389347,425.36813103442176,-194.080938248746,-0.7897812582173953
17.06,0.009202788213029075,0.9411739902729537,0.0,-1.8857275020770532,0.8826430454519825,-0.0001922588931771271,-0.00031766271977838026,-1.2705554003338797,0.30390765105128165,-0.033352250717401825,-232.07697404389347,425.36813103442176,-194.080938248746,-0.7897812582173953
17.080000000000002,0.008711174044179109,1.2843127317330136,0.0,-1.8844125076048066,0.8810693084272132,-0.00019336003536921928,-0.0003207945331390144,-1.2705554003338797,0.30390765105128165,-0.033352250717401825,-232.07697404389347,425.36813103442176,-194.080938248746,-0.7897812582173953
17.1,0.00762293607042702,-0.4993421420326669,0.0,-1.8805602627458788,0.8765689256228892,-0.0001878705192520563,-0.0003229316839549199,-1.2705554003338797,0.30390765105128165,-0.033352250717401825,-232.07697404389347,425.36813103442176,-194.080938248746,-0.7897812582173953
17.12,0.006353014749729966,-1.264448369764517,0.0,-1.8795620514140678,0.8755192958845349,-0.00018625107657959446,-0.0003218343204098589,-1.2705554003338797,0.30390765105128165,-0.033352250717401825,-232.07697404389347,425.36813103442176,-194.080938248746,-0.7897812582173953
17.14,0.005639735169972708,0.8101559302493317,0.0,-1.8848387138488947,0.881123033646019,-0.00018572264001997634,-0.0003266061149394231,-1.2705554003338797,0.30390765105128165,-0.033352250717401825,-232.07697404389347,425.36813103442176,-194.080938248746,-0.7897812582173953
17.16,0.005095128927853169,-1.7031500686667098,0.0,-1.8817901702246187,0.8777029213491497,-0.00018971737359821725,-0.0003293532465213149,-1.2705554003338797,0.30390765105128165,-0.033352250717401825,-232.07697404389347,425.36813103442176,-194.080938248746,-0.7897812582173953
17.18,0.004844222286870436,1.2186563288840166,0.0,-1.8902977029364778,0.886921898248805,-0.00019574460960038534,-0.0003186864988337531,-1.2705554003338797,0.30390765105128165,-0.033352250717401825,-232.07697404389347,425.36813103442176,-194.080938248746,-0.7897812582173953
17.2,0.004765806826375648,1.2650450862920226,0.0,-1.8900734087335183,0.8864573726110003,-0.0002003674650008768,-0.00031781731334087416,-1.2705554003338797,0.30390765105128165,-0.033352250717401825,-232.07697404389347,425.36813103442176,-194.080938248746,-0.7897812582173953
17.22,0.003990200571525983,-0.7187916072500151,0.0,-1.8867879460399448,0.8826837771362752,-0.00019432038729096343,-0.0003282471696832124,-1.2705554003338797,0.30390765105128165,-0.033352250717401825,-232.07697404389347,425.36813103442176,-194.080938248746,-0.7897812582173953
17.240000000000002,0.0030798511648649045,-1.7027004754728092,0.0,-1.8865855411685517,0.882483079237741,-0.00019372917208687433,-0.0003277216245041736,-1.2705554003338797,0.30390765105128165,-0.033352250717401825,-232.07697404389347,425.36813103442176,-194.080938248746,-0.7897812582173953
17.26,0.0028980650122418967,0.12771924821660807,0.0,-1.8921481538705136,0.8882894025469935,-0.00019111365201349004,-0.00033537353508435646,-1.2705554003338797,0.30390765105128165,-0.033352250717401825,-232.07697404389347,425.36813103442176,-194.080938248746,-0.7897812582173953
17.28,0.0031958052373596045,1.1487809085373377,0.0,-1.8932724768639124,0.8896653700717722,-0.0001863519622999584,-0.00033241145268576996,-1.2705554003338797,0.30390765105128165,-0.033352250717401825,-232.07697404389347,425.36813103442176,-194.080938248746,-0.7897812582173953
17.3,0.003139938623870523,-1.507815846649084,0.0,-1.8930405481004937,0.8891651981993967,-0.00018735075009875047,-0.00033855105062165,-1.2705554003338797,0.30390765105128165,-0.033352250717401825,-232.07697404389347,425.36813103442176,-194.080938248746,-0.7897812582173953
17.32,0.003209054708191983,-0.07464107829144684,0.0,-1.8928093411890459,0.8890052753956792,-0.00019635053084727432,-0.00034096184607778187,-1.2705554003338797,0.30390765105128165,-0.033352250717401825,-232.07697404389347,425.36813103442176,-194.080938248746,-0.7897812582173953
17.34,0.0037618513209129343,2.106908671182277,0.0,-1.8910897613758304,0.8875038476774623,-0.00019004644355477278,-0.00034406755036036116,-1.2705554003338797,0.30390765105128165,-0.033352250717401825,-232.07697404389347,425.36813103442176,-194.080938248746,-0.7897812582173953
17.36,0.003743304621098415,-1.5453509280974473,0.0,-1.893443183318025,0.8892248076296775,-0.00019428139417615085,-0.00035654997775273913,-1.2705554003338797,0.30390765105128165,-0.033352250717401825,-232.07697404389347,425.36813103442176,-194.080938248746,-0.7897812582173953
17.38,0.003583972503538924,1.93729533526905,0.0,-1.8930898878275675,0.8888552414995158,-0.00020812207796742325,-0.00035856364119862393,-1.2705554003338797,0.30390765105128165,-0.033352250717401825,-232.07697404389347,425.36813103442176,-194.080938248746,-0.7897812582173953
17.400000000000002,0.0033325160922078865,-0.48138947452279446,0.0,-1.8967409411107559,0.8921724172130103,-0.0002204154544965123,-0.00034284579925605916,-1.2705554003338797,0.30390765105128165,-0.033352250717401825,-232.07697404389347,425.36813103442176,-194.080938248746,-0.7897812582173953
17.42,0.0026757811746030346,1.1794722890564961,0.0,-1.896127689481384,0.8915276324679514,-0.00021880741748872275,-0.0003439360543320279,-1.2705554003338797,0.30390765105128165,-0.033352250717401825,-232.07697404389347,425.36813103442176,-194.080938248746,-0.7897812582173953
17.44,0.001831533122827514,-1.5507802137493174,0.0,-1.8933713107074124,0.8887226496920311,-0.00021947542902967296,-0.0003258797551622431,-1.2705554003338797,0.30390765105128165,-0.033352250717401825,-232.07697404389347,425.36813103442176,-194.080938248746,-0.7897812582173953
17.46,0.0011075933053823687,0.32204233364533197,0.0,-1.8959786004658634,0.8913571704111519,-0.0002224965013272715,-0.00032537895955729785,-1.2705554003338797,0.30390765105128165,-0.033352250717401825,-232.07697404389347,425.36813103442176,-194.080938248746,-0.7897812582173953
17.48,0.0007504730219681139,-0.30777271807623086,0.0,-1.893385946472504,0.8886376791272516,-0.00022758398051083486,-0.0003219592333491254,-1.2705554003338797,0.30390765105128165,-0.033352250717401825,-232.07697404389347,425.36813103442176,-194.080938248746,-0.7897812582173953
17.5,0.0003939170804804717,-2.2942579177398703,0.0,-1.8923517687081437,0.8875535165545443,-0.00022738320341849125,-0.00032370704207464537,-1.2705554003338797,0.30390765105128165,-0.033352250717401825,-232.07697404389347,425.36813103442176,-194.080938248746,-0.7897812582173953
17.52,0.0008018215333549655,0.5748601494319159,0.0,-1.896571693156557,0.891862294742277,-0.00022543463353462095,-0.0003266265869275141,-1.2590120433712704,0.29157980820916063,-0.03256776483789025,-236.53826142538247,437.2924106255566,-201.46682494708978,-0.7126757469161497
17.54,0.0017182967659420197,1.7164604976042426,0.0,-1.8954500610755585,0.8909615618293999,-0.00021778315644237822,-0.00032398288655288097,-1.2590120433712704,0.29157980820916063,-0.03256776483789025,-236.53826142538247,437.2924106255566,-201.46682494708978,-0.7126757469161497
17.56,0.0019746492912476217,-0.340303340822554,0.0,-1.8982330205483238,0.8934571732534606,-0.00021821090811511282,-0.00033519573346283397,-1.2590120433712704,0.29157980820916063,-0.03256776483789025,-236.53826142538247,437.2924106255566,-201.46682494708978,-0.7126757469161497
17.580000000000002,0.0018404927575842098,1.4389502167298005,0.0,-1.8978199681783137,0.8930198684018534,-0.00021946615207492183,-0.000335857673277196,-1.2590120433712704,0.29157980820916063,-0.03256776483789025,-236.53826142538247,437.2924106255566,-201.46682494708978,-0.7126757469161497
17.6,0.0013962441944096664,-2.030709244106954,0.0,-1.9008355655706484,0.8961073029840619,-0.00022027490027609452,-0.00032122264982331595,-1.2590120433712704,0.29157980820916063,-0.03256776483789025,-236.53826142538247,437.2924106255566,-201.46682494708978,-0.7126757469161497
17.62,0.001134108973483707,0.4167033137778873,0.0,-1.9049096841815654,0.900138871361219,-0.0002304173339862506,-0.00032105814825448723,-1.2590120433712704,0.29157980820916063,-0.03256776483789025,-236.53826142538247,437.2924106255566,-201.46682494708978,-0.7126757469161497
17.64,0.0013517816760760279,0.7848051625200149,0.0,-1.9049326335717145,0.9001288889500526,-0.00023219204925228328,-0.000320124749612143,-1.2590120433712704,0.29157980820916063,-0.03256776483789025,-236.53826142538247,437.2924106255566,-201.46682494708978,-0.7126757469161497
17.66,0.0012261518324889439,-0.9847470147170685,0.0,-1.903857830305957,0.898834542266562,-0.00023217747514068187,-0.000327907902273518,-1.2590120433712704,0.29157980820916063,-0.03256776483789025,-236.53826142538247,437.2924106255566,-201.46682494708978,-0.7126757469161497
17.68,0.0011668216636340789,1.0531753672539046,0.0,-1.903876614106714,0.8988071281453922,-0.00023533433756439115,-0.00032996838088823814,-1.2590120433712704,0.29157980820916063,-0.03256776483789025,-236.53826142538247,437.2924106255566,-201.46682494708978,-0.7126757469161497
17.7,0.0010948274829447229,-1.176584567462964,0.0,-1.9045689033096804,0.8993829423032054,-0.0002400882301259498,-0.0003271849465526841,-1.2590120433712704,0.29157980820916063,-0.03256776483789025,-236.53826142538247,437.2924106255566,-201.46682494708978,-0.7126757469161497
17.72,0.0010658914464235982,-1.091078291350719,0.0,-1.9061518889545623,0.901025946739493,-0.0002444699131863592,-0.0003235477163855612,-1.2590120433712704,0.29157980820916063,-0.03256776483789025,-236.53826142538247,437.2924106255566,-201.46682494708978,-0.7126757469161497
17.740000000000002,0.0017077469954739075,1.9971625806721116,0.0,-1.9041226744740318,0.8991555622103468,-0.00023552218683209713,-0.0003298871966118456,-1.2590120433712704,0.29157980820916063,-0.03256776483789025,-236.53826142538247,437.2924106255566,-201.46682494708978,-0.7126757469161497
17.76,0.0020950612780637084,-0.8591022513134683,0.0,-1.9068434583786718,0.9014522343318396,-0.00024426280815926913,-0.00033840753008092863,-1.2590120433712704,0.29157980820916063,-0.03256776483789025,-236.53826142538247,437.2924106255566,-201.46682494708978,-0.7126757469161497
17.78,0.0021623509682966347,-2.1339994797176045,0.0,-1.9054964218079826,0.9001111412199809,-0.0002524626851397692,-0.0003350792570234108,-1.2590120433712704,0.29157980820916063,-0.03256776483789025,-236.53826142538247,437.2924106255566,-201.46682494708978,-0.7126757469161497
17.8,0.0031197949983032846,3.060958072267277,0.0,-1.8951488119130264,0.889787515050145,-0.00024263561840963464,-0.0003621462327571796,-1.2590120433712704,0.29157980820916063,-0.03256776483789025,-236.53826142538247,437.2924106255566,-201.46682494708978,-0.7126757469161497
17.82,0.003825511687302859,1.3491397474122433,0.0,-1.9022131243928853,0.8960453749640386,-0.00026225859065158235,-0.00037300418252097665,-1.2590120433712704,0.29157980820916063,-0.03256776483789025,-236.53826142538247,437.2924106255566,-201.46682494708978,-0.7126757469161497
17.84,0.003263975872236801,-0.7574255264073018,0.0,-1.905609086720594,0.8992828131678606,-0.0002440130873592128,-0.00038439821641758046,-1.2590120433712704,0.29157980820916063,-0.03256776483789025,-236.53826142538247,437.2924106255566,-201.46682494708978,-0.7126757469161497
17.86,0.0025497940706018444,-1.3678295529751674,0.0,-1.9058158362893127,0.8995414530843016,-0.00024233720000127896,-0.00038155984339774814,-1.2590120433712704,0.29157980820916063,-0.03256776483789025,-236.53826142538247,437.2924106255566,-201.46682494708978,-0.7126757469161497
17.88,0.0024740779399498427,0.5978872540980016,0.0,-1.9091222089685989,0.9030096163550346,-0.00023990963403397705,-0.00038834304286079876,-1.2590120433712704,0.29157980820916063,-0.03256776483789025,-236.53826142538247,437.2924106255566,-201.46682494708978,-0.7126757469161497
17.900000000000002,0.0026394648692208192,-0.21532409374748807,0.0,-1.9090623392596129,0.9029344124506524,-0.0002401793720006509,-0.0003885399451875274,-1.2590120433712704,0.29157980820916063,-0.03256776483789025,-236.53826142538247,437.2924106255566,-201.46682494708978,-0.7126757469161497
17.92,0.0027095049882444808,1.6851768090798338,0.0,-1.9095001537546354,0.903546032502245,-0.00024108294623710543,-0.00038433386912084544,-1.2590120433712704,0.29157980820916063,-0.03256776483789025,-236.53826142538247,437.2924106255566,-201.46682494708978,-0.7126757469161497
17.94,0.002366243624001944,2.0111098937956395,0.0,-1.911905167632274,0.9057244674832886,-0.00024284059874034411,-0.0003805039778799381,-1.2590120433712704,0.29157980820916063,-0.03256776483789025,-236.53826142538247,437.2924106255566,-201.46682494708978,-0.7126757469161497
17.96,0.0009555304167793684,-3.854926989030119,0.0,-1.9045803099840963,0.8984370098212108,-0.00021399744668362694,-0.0003782521321233005,-1.2590120433712704,0.29157980820916063,-0.03256776483789025,-236.53826142538247,437.2924106255566,-201.46682494708978,-0.7126757469161497
17.98,9.079456920254192e-05,1.3208282125163429,0.0,-1.919475816138716,0.9125549127732315,-0.00024495851274720427,-0.0004031065457373818,-1.2590120433712704,0.29157980820916063,-0.03256776483789025,-236.53826142538247,437.2924106255566,-201.46682494708978,-0.7126757469161497
18.0,-3.1289589644462344e-05,0.16789616100855698,0.0,-1.9146081823671097,0.9072961814302912,-0.00026794493165837,-0.0003951566618527597,-1.2590120433712704,0.29157980820916063,-0.03256776483789025,-236.53826142538247,437.2924106255566,-201.46682494708978,-0.7126757469161497
18.02,-0.0005895251017652819,2.2214687309441823,0.0,-1.9122050690368053,0.9047773550867577,-0.00026653420884118883,-0.00040170600718721794,-1.247347364690142,0.2794502475923809,-0.03210288290223893,-214.9540718602642,397.068587413959,-182.7032868266578,-0.5887712729632665
18.04,-0.0018511805504840073,-2.1333009803563834,0.0,-1.9057913845066865,0.8990788531658913,-0.000256450188918238,-0.00037732890407820175,-1.247347364690142,0.2794502475923809,-0.03210288290223893,-214.9540718602642,397.068587413959,-182.7032868266578,-0.5887712729632665
18.06,-0.003150355289549043,-1.141082189258324,0.0,-1.9108921544760424,0.9039355079472562,-0.00026505683529634636,-0.00037987796411752305,-1.247347364690142,0.2794502475923809,-0.03210288290223893,-214.9540718602642,397.068587413959,-182.7032868266578,-0.5887712729632665
18.080000000000002,-0.0035105844774472907,0.8747992824160838,0.0,-1.9169289168069712,0.9098021527051406,-0.0002586170019303613,-0.0003888854245209294,-1.247347364690142,0.2794502475923809,-0.03210288290223893,-214.9540718602642,397.068587413959,-182.7032868266578,-0.5887712729632665
18.1,-0.003815023428255847,-0.7009871043723677,0.0,-1.9133684754659508,0.9061422549122042,-0.00026235419975244924,-0.0003954406118884911,-1.247347364690142,0.2794502475923809,-0.03210288290223893,-214.9540718602642,397.068587413959,-182.7032868266578,-0.5887712729632665
18.12,-0.004194471734323936,-1.535363871614532,0.0,-1.9164826538391728,0.9090703609105926,-0.00026592973683363836,-0.00039223240820111794,-1.247347364690142,0.2794502475923809,-0.03210288290223893,-214.9540718602642,397.068587413959,-182.7032868266578,-0.5887712729632665
18.14,-0.0039455491259953865,2.178673376451651,0.0,-1.9205143503249962,0.9123662012202599,-0.00026178975054068907,-0.0004022026261743578,-1.247347364690142,0.2794502475923809,-0.03210288290223893,-214.9540718602642,397.068587413959,-182.7032868266578,-0.5887712729632665
18.16,-0.003909946125368946,-0.7190166383608267,0.0,-1.9206842055972926,0.9125496566717911,-0.0002730094684997319,-0.0004088079046432556,-1.247347364690142,0.2794502475923809,-0.03210288290223893,-214.9540718602642,397.068587413959,-182.7032868266578,-0.5887712729632665
18.18,-0.0043264920814098645,1.5005138960958153,0.0,-1.9221520508516703,0.9137306983468721,-0.0002808526665460747,-0.0004053660841897694,-1.247347364690142,0.2794502475923809,-0.03210288290223893,-214.9540718602642,397.068587413959,-182.7032868266578,-0.5887712729632665
18.2,-0.00499922975456785,-2.396918516590296,0.0,-1.9222507611985655,0.9147912455700785,-0.0002821384094582331,-0.00038392549357456053,-1.247347364690142,0.2794502475923809,-0.03210288290223893,-214.9540718602642,397.068587413959,-182.7032868266578,-0.5887712729632665
18.22,-0.005441067265993797,-0.3386135323669759,0.0,-1.9345423931612271,0.9261518966668458,-0.0003006319228866765,-0.0003820130514176586,-1.247347364690142,0.2794502475923809,-0.03210288290223893,-214.9540718602642,397.068587413959,-182.7032868266578,-0.5887712729632665
18.240000000000002,-0.005116240428100165,-0.018363324637109102,0.0,-1.9364090815104735,0.9277206831278008,-0.0002895806729759754,-0.00038821667060811384,-1.247347364690142,0.2794502475923809,-0.03210288290223893,-214.9540718602642,397.068587413959,-182.7032868266578,-0.5887712729632665
18.26,-0.004719213615704037,-0.09511036352337666,0.0,-1.938475235676735,0.929735636127633,-0.00028543052829262084,-0.00037475718556456944,-1.247347364690142,0.2794502475923809,-0.03210288290223893,-214.9540718602642,397.068587413959,-182.7032868266578,-0.5887712729632665
18.28,-0.004318783171507162,0.20499710738477378,0.0,-1.936209698662837,0.927108095840238,-0.0002849630111100444,-0.00037341416402777815,-1.247347364690142,0.2794502475923809,-0.03210288290223893,-214.9540718602642,397.068587413959,-182.7032868266578,-0.5887712729632665
18.3,-0.0039778259246641525,-1.155941984320545,0.0,-1.9343859279165958,0.9250532766494713,-0.00028453745274371433,-0.0003735989314138281,-1.247347364690142,0.2794502475923809,-0.03210288290223893,-214.9540718602642,397.068587413959,-182.7032868266578,-0.5887712729632665
18.32,-0.0033835388321953376,2.668927665135124,0.0,-1.929362749547647,0.9192482586560139,-0.0002867881273127892,-0.0003741264242789174,-1.247347364690142,0.2794502475923809,-0.03210288290223893,-214.9540718602642,397.068587413959,-182.7032868266578,-0.5887712729632665
18.34,-0.003253691774952491,-0.16629152353284926,0.0,-1.9375920729876972,0.9277776893001926,-0.00029937574164140877,-0.00037437725956105707,-1.247347364690142,0.2794502475923809,-0.03210288290223893,-214.9540718602642,397.068587413959,-182.7032868266578,-0.5887712729632665
18.36,-0.003877268303097029,0.26853312504897375,0.0,-1.9373913914456147,0.9277552935728918,-0.00029428640910865894,-0.0003751874045042654,-1.247347364690142,0.2794502475923809,-0.03210288290223893,-214.9540718602642,397.068587413959,-182.7032868266578,-0.5887712729632665
18.38,-0.004555288749915615,-1.0850467121121536,0.0,-1.9367744050421782,0.9278032497827715,-0.0002908768552145226,-0.00035927798463958934,-1.247347364690142,0.2794502475923809,-0.03210288290223893,-214.9540718602642,397.068587413959,-182.7032868266578,-0.5887712729632665
18.400000000000002,-0.005022996252600894,1.1245871669480771,0.0,-1.939612487972892,0.9304689743159751,-0.00029242893432775325,-0.0003594351350761219,-1.247347364690142,0.2794502475923809,-0.03210288290223893,-214.9540718602642,397.068587413959,-182.7032868266578,-0.5887712729632665
18.42,-0.005534027228289399,0.12270153438220999,0.0,-1.9334886405972458,0.9247792919437434,-0.0002993230322808431,-0.0003580755143055154,-1.247347364690142,0.2794502475923809,-0.03210288290223893,-214.9540718602642,397.068587413959,-182.7032868266578,-0.5887712729632665
18.44,-0.006445279074108857,0.2399993874850938,0.0,-1.9256607388308131,0.9175256686555469,-0.0002902112214146372,-0.0003625540874309534,-1.247347364690142,0.2794502475923809,-0.03210288290223893,-214.9540718602642,397.068587413959,-182.7032868266578,-0.5887712729632665
18.46,-0.0075034738975148525,-1.2917445856314864,0.0,-1.915451360961125,0.9085092439611645,-0.0002824195762330368,-0.0003488603273516672,-1.247347364690142,0.2794502475923809,-0.03210288290223893,-214.9540718602642,397.068587413959,-182.7032868266578,-0.5887712729632665
18.48,-0.008301110840704163,-0.37361628215449794,0.0,-1.9141053492738973,0.9072598393672268,-0.0002817264529758997,-0.0003484821446637893,-1.247347364690142,0.2794502475923809,-0.03210288290223893,-214.9540718602642,397.068587413959,-182.7032868266578,-0.5887712729632665
18.5,-0.008663549186010741,-0.4755557911148097,0.0,-1.9109152679241863,0.9043015980428277,-0.0002838397844801379,-0.00034802476614375315,-1.247347364690142,0.2794502475923809,-0.03210288290223893,-214.9540718602642,397.068587413959,-182.7032868266578,-0.5887712729632665
18.52,-0.0088320818692757,-0.07133012962118623,0.0,-1.9100970915906503,0.9035488696972228,-0.000284047744052713,-0.0003489160197457835,-1.2554871717575506,0.28763370246228265,-0.03214653070473197,-222.93591280897292,412.407226772598,-190.0928987448379,-0.6215847812127595
18.54,-0.008896291006093513,-0.5185780965752862,0.0,-1.908878213446137,0.9026051379690689,-0.0002847327909446806,-0.0003495491851666735,-1.2554871717575506,0.28763370246228265,-0.03214653070473197,-222.93591280897292,412.407226772598,-190.0928987448379,-0.6215847812127595
18.56,-0.008843984576472001,0.9277106557068073,0.0,-1.9089149136943389,0.9026292551015704,-0.00028474289828315846,-0.00034952224808737156,-1.2554871717575506,0.28763370246228265,-0.03214653070473197,-222.93591280897292,412.407226772598,-190.0928987448379,-0.6215847812127595
18.580000000000002,-0.008967375024113157,-1.3873038824455752,0.0,-1.9083124224400736,0.9030564087228249,-0.00028767944949376057,-0.00034925026208205875,-1.2554871717575506,0.28763370246228265,-0.03214653070473197,-222.93591280897292,412.407226772598,-190.0928987448379,-0.6215847812127595
18.6,-0.009012859080882271,0.7081349615618393,0.0,-1.9094134088711734,0.903761976659278,-0.000290798248559126,-0.0003491428184695559,-1.2554871717575506,0.28763370246228265,-0.03214653070473197,-222.93591280897292,412.407226772598,-190.0928987448379,-0.6215847812127595
18.62,-0.00891642717360149,-1.130287879135451,0.0,-1.9098883137046123,0.9051016130830372,-0.0002980523998432127,-0.00034327591374831186,-1.2554871717575506,0.28763370246228265,-0.03214653070473197,-222.93591280897292,412.407226772598,-190.0928987448379,-0.6215847812127595
18.64,-0.00875272969692786,1.1185876633693423,0.0,-1.9108246282937924,0.9057393487542016,-0.0002997932598339983,-0.0003407807774507647,-1.2554871717575506,0.28763370246228265,-0.03214653070473197,-222.93591280897292,412.407226772598,-190.0928987448379,-0.6215847812127595
18.66,-0.008640923049105359,-1.1780529285235803,0.0,-1.913824792684391,0.9098933072572235,-0.0003080734749345851,-0.0003345845066170409,-1.2554871717575506,0.28763370246228265,-0.03214653070473197,-222.93591280897292,412.407226772598,-190.0928987448379,-0.6215847812127595
18.68,-0.008566313380133833,-1.4696196921612419,0.0,-1.914186752062942,0.9100593446343217,-0.0003097782654626277,-0.0003336516157275447,-1.2554871717575506,0.28763370246228265,-0.03214653070473197,-222.93591280897292,412.407226772598,-190.0928987448379,-0.6215847812127595
18.7,-0.007770537272607529,1.1359132559515954,0.0,-1.9116551914648705,0.9065087710745214,-0.00030320756944077594,-0.00034209592866235616,-1.2554871717575506,0.28763370246228265,-0.03214653070473197,-222.93591280897292,412.407226772598,-190.0928987448379,-0.6215847812127595
18.72,-0.006926153875035286,0.9276626219175297,0.0,-1.914140369011504,0.9092077149205101,-0.00031027676945931246,-0.0003476573269560134,-1.2554871717575506,0.28763370246228265,-0.03214653070473197,-222.93591280897292,412.407226772598,-190.0928987448379,-0.6215847812127595
18.740000000000002,-0.006729817584088249,-2.848661555162491,0.0,-1.9199049966822066,0.9157860892548849,-0.0003039295348982707,-0.0003558349884414708,-1.2554871717575506,0.28763370246228265,-0.03214653070473197,-222.93591280897292,412.407226772598,-190.0928987448379,-0.6215847812127595
18.76,-0.006013487537634203,-0.08668646866077312,0.0,-1.910920165660004,0.9045161539233879,-0.00032241383011943355,-0.0003784859290915058,-1.2554871717575506,0.28763370246228265,-0.03214653070473197,-222.93591280897292,412.407226772598,-190.0928987448379,-0.6215847812127595
18.78,-0.004475603136564633,3.603376865760106,0.0,-1.9022516057665748,0.8955066948311451,-0.0003008366181601152,-0.0003809219274670922,-1.2554871717575506,0.28763370246228265,-0.03214653070473197,-222.93591280897292,412.407226772598,-190.0928987448379,-0.6215847812127595
18.8,-0.0039958110205368215,-0.8200575812178501,0.0,-1.924852198264968,0.9182030960096349,-0.0003182213689537167,-0.00043129765051276825,-1.2554871717575506,0.28763370246228265,-0.03214653070473197,-222.93591280897292,412.407226772598,-190.0928987448379,-0.6215847812127595
18.82,-0.00435632400278564,-2.18503212934801,0.0,-1.9271003974832785,0.9208899132472568,-0.00030823405716783574,-0.0004287523994606418,-1.2554871717575506,0.28763370246228265,-0.03214653070473197,-222.93591280897292,412.407226772598,-190.0928987448379,-0.6215847812127595
18.84,-0.0038643765818083997,1.1566825162904877,0.0,-1.921889279442772,0.914418562431571,-0.0003084459655401023,-0.00046212298830895137,-1.2554871717575506,0.28763370246228265,-0.03214653070473197,-222.93591280897292,412.407226772598,-190.0928987448379,-0.6215847812127595
18.86,-0.003095716771915082,1.2100106245779259,0.0,-1.9228714020685769,0.9153547262204397,-0.0003160598494674409,-0.00046618310452670414,-1.2554871717575506,0.28763370246228265,-0.03214653070473197,-222.93591280897292,412.407226772598,-190.0928987448379,-0.6215847812127595
18.88,-0.0030396732262008546,-0.33817149231448274,0.0,-1.9264609828653885,0.9191794088661045,-0.00031108507961675184,-0.0004809460312714364,-1.2554871717575506,0.28763370246228265,-0.03214653070473197,-222.93591280897292,412.407226772598,-190.0928987448379,-0.6215847812127595
18.900000000000002,-0.003258145884531527,-1.1264632235876924,0.0,-1.9282239679906488,0.9213345273036887,-0.00030571310240457185,-0.00047540113016744705,-1.2554871717575506,0.28763370246228265,-0.03214653070473197,-222.93591280897292,412.407226772598,-190.0928987448379,-0.6215847812127595
18.92,-0.0030683132933104654,-0.3038622828425438,0.0,-1.9281722238039816,0.9210332709740869,-0.0003057784675032005,-0.00047973816347987233,-1.2554871717575506,0.28763370246228265,-0.03214653070473197,-222.93591280897292,412.407226772598,-190.0928987448379,-0.6215847812127595
18.94,-0.0024790224635679154,0.2595013049395493,0.0,-1.9278822387078276,0.9207043641256343,-0.00030158308394514783,-0.0004778041678245562,-1.2554871717575506,0.28763370246228265,-0.03214653070473197,-222.93591280897292,412.407226772598,-190.0928987448379,-0.6215847812127595
18.96,-0.0018924085957987575,2.3631364486718707,0.0,-1.9271887232807143,0.9200003401223533,-0.0003006456450978264,-0.00047608713539493385,-1.2554871717575506,0.28763370246228265,-0.03214653070473197,-222.93591280897292,412.407226772598,-190.0928987448379,-0.6215847812127595
18.98,-0.0020857586409935873,-1.4090808279950355,0.0,-1.9391455626709626,0.9324750282693138,-0.00029971175933143863,-0.00047950359691478013,-1.2554871717575506,0.28763370246228265,-0.03214653070473197,-222.93591280897292,412.407226772598,-190.0928987448379,-0.6215847812127595
19.0,-0.0025716732426678676,-0.2198173716541567,0.0,-1.93927876817668,0.9324980452689815,-0.0003025626026516686,-0.00048051858574556526,-1.2554871717575506,0.28763370246228265,-0.03214653070473197,-222.93591280897292,412.407226772598,-190.0928987448379,-0.6215847812127595
19.02,-0.0025968408092058317,-0.977739642260681,0.0,-1.9391791293227763,0.9325235350156634,-0.0003042814768511853,-0.000476029006064648,-1.2267407851508634,0.25788848318988356,-0.031147698039020295,-209.2144907601259,390.9103398538206,-182.20005947052582,-0.5042103768311554
19.04,-0.0022877326713564034,-0.9369689175229756,0.0,-1.9427625637418477,0.9361119674748096,-0.000301826392015759,-0.0004671295522710574,-1.2267407851508634,0.25788848318988356,-0.031147698039020295,-209.2144907601259,390.9103398538206,-182.20005947052582,-0.5042103768311554
19.06,-0.0014323870300920463,1.9004246248448284,0.0,-1.9392027338649152,0.9324715410758713,-0.0002899021120929615,-0.00046248241148902586,-1.2267407851508634,0.25788848318988356,-0.031147698039020295,-209.2144907601259,390.9103398538206,-182.20005947052582,-0.5042103768311554
19.080000000000002,-0.0008682295816402356,0.6769980723066078,0.0,-1.9446639621060873,0.93781734251538,-0.0002981048401331983,-0.00046975177835258645,-1.2267407851508634,0.25788848318988356,-0.031147698039020295,-209.2144907601259,390.9103398538206,-182.20005947052582,-0.5042103768311554
19.1,-0.0010643237349352815,-0.10967869438824401,0.0,-1.9486628446614624,0.9421007112826835,-0.0002879528505998907,-0.00047272648949173016,-1.2267407851508634,0.25788848318988356,-0.031147698039020295,-209.2144907601259,390.9103398538206,-182.20005947052582,-0.5042103768311554
19.12,-0.0014332764459498216,-0.8691624699256534,0.0,-1.9505430825145278,0.9443975893480311,-0.00028230340980107445,-0.000461894048038788,-1.2267407851508634,0.25788848318988356,-0.031147698039020295,-209.2144907601259,390.9103398538206,-182.20005947052582,-0.5042103768311554
19.14,-0.0015246468872467573,-2.1255199421954574,0.0,-1.9511498151019593,0.9449482148686382,-0.0002825799504253831,-0.00046307399578060087,-1.2267407851508634,0.25788848318988356,-0.031147698039020295,-209.2144907601259,390.9103398538206,-182.20005947052582,-0.5042103768311554
19.16,-0.000748700212458291,1.9050048210936072,0.0,-1.9552133514607382,0.9490493424975199,-0.0002685540557443986,-0.00045838633034262833,-1.2267407851508634,0.25788848318988356,-0.031147698039020295,-209.2144907601259,390.9103398538206,-182.20005947052582,-0.5042103768311554
19.18,8.708930102718597e-05,-0.024834894486943426,0.0,-1.9578693034091985,0.9515072641916085,-0.00027714170897329875,-0.000463140357179089,-1.2267407851508634,0.25788848318988356,-0.031147698039020295,-209.2144907601259,390.9103398538206,-182.20005947052582,-0.5042103768311554
19.2,0.00037284588145045333,-1.8596330660823035,0.0,-1.9558962444496546,0.9495270751857156,-0.00028099791788951646,-0.00045806627325913795,-1.2267407851508634,0.25788848318988356,-0.031147698039020295,-209.2144907601259,390.9103398538206,-182.20005947052582,-0.5042103768311554
19.22,0.0012128007315556325,-0.08874225390783552,0.0,-1.937556971150922,0.9304625454404095,-0.0002837963248881664,-0.0004888008145605254,-1.2267407851508634,0.25788848318988356,-0.031147698039020295,-209.2144907601259,390.9103398538206,-182.20005947052582,-0.5042103768311554
19.240000000000002,0.0026309764669398255,1.1267376118716605,0.0,-1.9208591557930057,0.9146015933123178,-0.0002535295166964484,-0.0004810688237078872,-1.2267407851508634,0.25788848318988356,-0.031147698039020295,-209.2144907601259,390.9103398538206,-182.20005947052582,-0.5042103768311554
19.26,0.0037618178706284432,1.131252174968557,0.0,-1.9110921320238705,0.9053141916566395,-0.0002476897317922873,-0.0004687125378365859,-1.2267407851508634,0.25788848318988356,-0.031147698039020295,-209.2144907601259,390.9103398538206,-182.20005947052582,-0.5042103768311554
19.28,0.00425521597670421,0.904922832940911,0.0,-1.9109430883832201,0.9051669956793926,-0.00024774069680845944,-0.00046871448295031804,-1.2267407851508634,0.25788848318988356,-0.031147698039020295,-209.2144907601259,390.9103398538206,-182.20005947052582,-0.5042103768311554
19.3,0.004179245548284387,-2.409931421235949,0.0,-1.9164114626135282,0.910609604104451,-0.00024329377487124484,-0.00046334500727362185,-1.2267407851508634,0.25788848318988356,-0.031147698039020295,-209.2144907601259,390.9103398538206,-182.20005947052582,-0.5042103768311554
19.32,0.004570405741100627,0.7345012896277354,0.0,-1.9095823179284543,0.9040714082617423,-0.00026181864522663084,-0.0004859458561051486,-1.2267407851508634,0.25788848318988356,-0.031147698039020295,-209.2144907601259,390.9103398538206,-182.20005947052582,-0.5042103768311554
19.34,0.005481073904157278,2.687353320204137,0.0,-1.9039042623830422,0.8991168135738289,-0.0002451181266219747,-0.0004870587879320479,-1.2267407851508634,0.25788848318988356,-0.031147698039020295,-209.2144907601259,390.9103398538206,-182.20005947052582,-0.5042103768311554
19.36,0.005424353804978592,0.77502705871545,0.0,-1.9114255631714137,0.905319511918249,-0.0002462116879015494,-0.0005131326036699486,-1.2267407851508634,0.25788848318988356,-0.031147698039020295,-209.2144907601259,390.9103398538206,-182.20005947052582,-0.5042103768311554
19.38,0.004388019471081118,0.08662133005932021,0.0,-1.9154709367814944,0.9093648623013277,-0.0002171305834937815,-0.0004998351175270145,-1.2267407851508634,0.25788848318988356,-0.031147698039020295,-209.2144907601259,390.9103398538206,-182.20005947052582,-0.5042103768311554
19.400000000000002,0.003127097535193341,-0.49430698813999435,0.0,-1.9092146863559207,0.9031755067323158,-0.00020194064815010486,-0.0004704505125164997,-1.2267407851508634,0.25788848318988356,-0.031147698039020295,-209.2144907601259,390.9103398538206,-182.20005947052582,-0.5042103768311554
19.42,0.002005323504735654,-1.1207329868933247,0.0,-1.8996981433839264,0.8934229353895515,-0.00019867847499602988,-0.0004660843265934909,-1.2267407851508634,0.25788848318988356,-0.031147698039020295,-209.2144907601259,390.9103398538206,-182.20005947052582,-0.5042103768311554
19.44,0.0013691654491785723,0.5725428964150172,0.0,-1.9039210065388121,0.8977777739324386,-0.000198362934526275,-0.0004660308978531913,-1.2267407851508634,0.25788848318988356,-0.031147698039020295,-209.2144907601259,390.9103398538206,-182.20005947052582,-0.5042103768311554
19.46,0.0009021905530516049,-0.08337564785154705,0.0,-1.897603751321321,0.8910948748149069,-0.0002035631629712001,-0.00046991802021324064,-1.2267407851508634,0.25788848318988356,-0.031147698039020295,-209.2144907601259,390.9103398538206,-182.20005947052582,-0.5042103768311554
19.48,0.00029767131738096244,-1.5230445621673478,0.0,-1.8949193311532035,0.888331318744931,-0.00020218478632245623,-0.00047228507583180044,-1.2267407851508634,0.25788848318988356,-0.031147698039020295,-209.2144907601259,390.9103398538206,-182.20005947052582,-0.5042103768311554
19.5,0.0001654526705244971,1.552051028865653,0.0,-1.9017380513742912,0.8951343177140343,-0.00020410041939922336,-0.0004774628335823935,-1.2267407851508634,0.25788848318988356,-0.031147698039020295,-209.2144907601259,390.9103398538206,-182.20005947052582,-0.5042103768311554
19.52,2.5785503169443975e-05,-1.2170523531710682,0.0,-1.89813965166416,0.8909968200816489,-0.000221642936469091,-0.0004825340064483388,-1.2463195321640317,0.27891893187938194,-0.032599399715350204,-190.39345107935284,349.8782960037306,-160.04356904420817,-0.5587241198302444
19.54,-0.0002118186942405526,-1.712957109100913,0.0,-1.901494542228041,0.8943482183755952,-0.00022842842910387028,-0.0004770181282114874,-1.2463195321640317,0.27891893187938194,-0.032599399715350204,-190.39345107935284,349.8782960037306,-160.04356904420817,-0.5587241198302444
19.56,0.0004072536538593336,1.2269342023192262,0.0,-1.8999527243395478,0.8926890061941412,-0.00021586773181186383,-0.000494582479954904,-1.2463195321640317,0.27891893187938194,-0.032599399715350204,-190.39345107935284,349.8782960037306,-160.04356904420817,-0.5587241198302444
19.580000000000002,0.001171225409474711,-0.2362236521760528,0.0,-1.9012850143038365,0.8938057473464619,-0.0002218602964720321,-0.0004992144230389109,-1.2463195321640317,0.27891893187938194,-0.032599399715350204,-190.39345107935284,349.8782960037306,-160.04356904420817,-0.5587241198302444
19.6,0.001652482704661295,0.3393325517629173,0.0,-1.898653643800554,0.8912638078416629,-0.0002244416144612699,-0.0004935449494027421,-1.2463195321640317,0.27891893187938194,-0.032599399715350204,-190.39345107935284,349.8782960037306,-160.04356904420817,-0.5587241198302444
19.62,0.0021139896628554963,1.2757559222297834,0.0,-1.9012853349675503,0.8938989340500221,-0.0002250421957452043,-0.000491223630242523,-1.2463195321640317,0.27891893187938194,-0.032599399715350204,-190.39345107935284,349.8782960037306,-160.04356904420817,-0.5587241198302444
19.64,0.002115900550787092,-0.5522555510965177,0.0,-1.9100042217576414,0.902268794455514,-0.00022402991122305623,-0.0004941730628592805,-1.2463195321640317,0.27891893187938194,-0.032599399715350204,-190.39345107935284,349.8782960037306,-160.04356904420817,-0.5587241198302444
19.66,0.0019193168765566032,-0.034913899268656956,0.0,-1.9106726966439618,0.9029585333159215,-0.00022007816209667364,-0.00049238314885491,-1.2463195321640317,0.27891893187938194,-0.032599399715350204,-190.39345107935284,349.8782960037306,-160.04356904420817,-0.5587241198302444
19.68,0.0019068078635847128,0.1866411782040669,0.0,-1.9114415714943425,0.9036382103279208,-0.00022196416222397075,-0.0004864754321830276,-1.2463195321640317,0.27891893187938194,-0.032599399715350204,-190.39345107935284,349.8782960037306,-160.04356904420817,-0.5587241198302444
19.7,0.0018619186076445039,-0.5280049794533621,0.0,-1.91022625910196,0.902126556315341,-0.00022297858314675555,-0.0004902665274880982,-1.2463195321640317,0.27891893187938194,-0.032599399715350204,-190.39345107935284,349.8782960037306,-160.04356904420817,-0.5587241198302444
19.72,0.0019287604528915087,-2.1059339275053777,0.0,-1.9101934105765046,0.9020753902590416,-0.00022287863279834934,-0.0004902913702037636,-1.2463195321640317,0.27891893187938194,-0.032599399715350204,-190.39345107935284,349.8782960037306,-160.04356904420817,-0.5587241198302444
19.740000000000002,0.0027791049737039067,1.2958773357307494,0.0,-1.90707379830634,0.8996849780332861,-0.00021257928852064226,-0.0004903383330632869,-1.2463195321640317,0.27891893187938194,-0.032599399715350204,-190.39345107935284,349.8782960037306,-160.04356904420817,-0.5587241198302444
19.76,0.00388422789407242,0.4324303790720134,0.0,-1.9087687010882424,0.9012159112339497,-0.00021651392285192164,-0.0004920815376596454,-1.2463195321640317,0.27891893187938194,-0.032599399715350204,-190.39345107935284,349.8782960037306,-160.04356904420817,-0.5587241198302444
19.78,0.004507790429044677,0.11295896929116503,0.0,-1.9078239662638,0.9003324150425763,-0.0002169168236357482,-0.0004904735566011612,-1.2463195321640317,0.27891893187938194,-0.032599399715350204,-190.39345107935284,349.8782960037306,-160.04356904420817,-0.5587241198302444
19.8,0.005000133580932144,-1.0570003447151777,0.0,-1.907756741588566,0.9002663114006814,-0.00021692856214535597,-0.0004905259763871679,-1.2463195321640317,0.27891893187938194,-0.032599399715350204,-190.39345107935284,349.8782960037306,-160.04356904420817,-0.5587241198302444
19.82,0.005800523181274254,1.2315229063892574,0.0,-1.8956609098801933,0.8889474913221687,-0.00021531155222195633,-0.0004939182254474151,-1.2463195321640317,0.27891893187938194,-0.032599399715350204,-190.39345107935284,349.8782960037306,-160.04356904420817,-0.5587241198302444
19.84,0.006586467213370942,0.7897742052470151,0.0,-1.8996765106494822,0.8926223271284424,-0.0002197287211694612,-0.0004949298647896219,-1.2463195321640317,0.27891893187938194,-0.032599399715350204,-190.39345107935284,349.8782960037306,-160.04356904420817,-0.5587241198302444
19.86,0.0068221409598276305,-1.7522466163370651,0.0,-1.9040546648683867,0.8965873753648098,-0.00021710252402563806,-0.0004990374032111813,-1.2463195321640317,0.27891893187938194,-0.032599399715350204,-190.39345107935284,349.8782960037306,-160.04356904420817,-0.5587241198302444
19.88,0.007382769724023896,2.0356228007172024,0.0,-1.8891084157012403,0.8825943390290206,-0.00022815484857565115,-0.0005178013604893145,-1.2463195321640317,0.27891893187938194,-0.032599399715350204,-190.39345107935284,349.8782960037306,-160.04356904420817,-0.5587241198302444
19.900000000000002,0.007907078814776944,-0.09747357640568932,0.0,-1.9005801857710505,0.892673539645743,-0.00024769982987017636,-0.0005165455340120159,-1.2463195321640317,0.27891893187938194,-0.032599399715350204,-190.39345107935284,349.8782960037306,-160.04356904420817,-0.5587241198302444
19.92,0.007913818000976198,0.05682417117240757,0.0,-1.8997956515051904,0.8921110047279721,-0.0002502554946805826,-0.0005137949464993084,-1.2463195321640317,0.27891893187938194,-0.032599399715350204,-190.39345107935284,349.8782960037306,-160.04356904420817,-0.5587241198302444
19.94,0.007982475059875805,-0.11397910877508177,0.0,-1.89992097771477,0.8922237202544432,-0.0002502552914311947,-0.0005135334536994791,-1.2463195321640317,0.27891893187938194,-0.032599399715350204,-190.39345107935284,349.8782960037306,-160.04356904420817,-0.5587241198302444
19.96,0.00811831710914516,0.6437357909635537,0.0,-1.8992749356818899,0.8920651953653583,-0.0002495741103441135,-0.0005124533509455124,-1.2463195321640317,0.27891893187938194,-0.032599399715350204,-190.39345107935284,349.8782960037306,-160.04356904420817,-0.5587241198302444
19.98,0.00815033974117639,-0.3835694449392242,0.0,-1.8999733350212702,0.8924782183765155,-0.000250331440447094,-0.0005128647662249482,-1.2463195321640317,0.27891893187938194,-0.032599399715350204,-190.39345107935284,349.8782960037306,-160.04356904420817,-0.5587241198302444
