t,y,u,ref,a1_est,a2_est,b1_est,b2_est,r1,r2,r3,s0,s1,s2,t0
0.0,0.1,36.67736036488241,0.0,-2.006320008667282,1.0,-0.0002928370247095777,-0.0002928370247095777,-1.2033447024137292,0.23239066389667679,-0.029045961482947642,-366.77360364882406,697.1883841780135,-331.08655460390986,-0.6717740747203834
0.02,0.09057692196217694,7.503538136341049,0.2,-2.006320008667282,1.0,-0.0002928370247095777,-0.0002928370247095777,-1.2033447024137292,0.23239066389667679,-0.029045961482947642,-366.77360364882406,697.1883841780135,-331.08655460390986,-0.6717740747203834
0.04,0.06996917459982552,-4.006164168316781,0.2,-2.006320008667282,1.0,-0.0002928370247095777,-0.0002928370247095777,-1.2033447024137292,0.23239066389667679,-0.029045961482947642,-366.77360364882406,697.1883841780135,-331.08655460390986,-0.6717740747203834
0.06,0.04883399679656115,-6.515448033298958,0.2,-2.0063200849700893,0.9999999157591077,-0.00028651597722967104,-0.0002619396890671789,-1.2033447024137292,0.23239066389667679,-0.029045961482947642,-366.77360364882406,697.1883841780135,-331.08655460390986,-0.6717740747203834
0.08,0.03077493639223927,-6.4189501093863095,0.2,-2.0063198059878165,1.0000002924656717,-0.00025910130625487516,-0.0002675467723780103,-1.2033447024137292,0.23239066389667679,-0.029045961482947642,-366.77360364882406,697.1883841780135,-331.08655460390986,-0.6717740747203834
0.1,0.01633318386849277,-5.757865743285479,0.2,-2.0063218904396085,0.9999971537215133,-0.0002597289837117146,-0.00026746268068037556,-1.2033447024137292,0.23239066389667679,-0.029045961482947642,-366.77360364882406,697.1883841780135,-331.08655460390986,-0.6717740747203834
0.12,0.0052259718150192095,-4.773275695961518,-0.2,-2.006318964242917,0.999999049603776,-0.0002605120436985358,-0.0002673411882091465,-1.2033447024137292,0.23239066389667679,-0.029045961482947642,-366.77360364882406,697.1883841780135,-331.08655460390986,-0.6717740747203834
0.14,-0.0030479205315174568,-3.811597611601124,-0.2,-2.0063055593035006,1.0000130500724935,-0.00026142996361825044,-0.00026713101979438693,-1.2033447024137292,0.23239066389667679,-0.029045961482947642,-366.77360364882406,697.1883841780135,-331.08655460390986,-0.6717740747203834
0.16,-0.00905401882249181,-2.975840335232147,-0.2,-2.0062881859894555,1.0000313743643452,-0.0002622325511336488,-0.0002669111805472867,-1.2033447024137292,0.23239066389667679,-0.029045961482947642,-366.77360364882406,697.1883841780135,-331.08655460390986,-0.6717740747203834
0.18,-0.013305365232236775,-2.276297078639541,-0.2,-2.006268847465051,1.0000518477351814,-0.00026293280758922125,-0.00026668980116653575,-1.2033447024137292,0.23239066389667679,-0.029045961482947642,-366.77360364882406,697.1883841780135,-331.08655460390986,-0.6717740747203834
0.2,-0.016235142650409852,-1.6999088077564446,-0.2,-2.0062494340561186,1.0000723913890035,-0.00026353162177872547,-0.0002664793995225159,-1.2033447024137292,0.23239066389667679,-0.029045961482947642,-366.77360364882406,697.1883841780135,-331.08655460390986,-0.6717740747203834
0.22,-0.018199860916216153,-1.4988802630667952,0.2,-2.006231312604879,1.00009147871692,-0.00026402967030257006,-0.0002662900234065709,-1.2033447024137292,0.23239066389667679,-0.029045961482947642,-366.77360364882406,697.1883841780135,-331.08655460390986,-0.6717740747203834
0.24,-0.01941776290931948,-1.4175274361650287,0.2,-2.0062151523216154,1.0001083545919465,-0.0002644352343863812,-0.0002661258901530233,-1.2033447024137292,0.23239066389667679,-0.029045961482947642,-366.77360364882406,697.1883841780135,-331.08655460390986,-0.6717740747203834
0.26,-0.019971023402334122,-1.3539133718475194,0.2,-2.0061993186720852,1.0001255310627364,-0.00026482632102630234,-0.0002659600794063577,-1.2033447024137292,0.23239066389667679,-0.029045961482947642,-366.77360364882406,697.1883841780135,-331.08655460390986,-0.6717740747203834
0.28,-0.019901412712848256,-1.2824031167917762,0.2,-2.006185195618687,1.0001413328354214,-0.0002651749124639845,-0.00026580953796925594,-1.2033447024137292,0.23239066389667679,-0.029045961482947642,-366.77360364882406,697.1883841780135,-331.08655460390986,-0.6717740747203834
0.3,-0.019244492228648002,-1.1995397550193754,0.2,-2.006173377406964,1.0001549445534532,-0.0002654678065436061,-0.0002656818883180901,-1.2033447024137292,0.23239066389667679,-0.029045961482947642,-366.77360364882406,697.1883841780135,-331.08655460390986,-0.6717740747203834
0.32,-0.018037563701431916,-0.8381681639980192,-0.2,-2.0061639064531858,1.0001662015418344,-0.0002657045454258551,-0.00026557811784446014,-1.2033447024137292,0.23239066389667679,-0.029045961482947642,-366.77360364882406,697.1883841780135,-331.08655460390986,-0.6717740747203834
0.34,-0.016391911917034735,-0.44087053651173297,-0.2,-2.006156587169536,1.000175231351523,-0.000265890207257614,-0.000265496435295919,-1.2033447024137292,0.23239066389667679,-0.029045961482947642,-366.77360364882406,697.1883841780135,-331.08655460390986,-0.6717740747203834
0.36,-0.014499994833420958,-0.09818333332361934,-0.2,-2.006151546773002,1.0001813969741749,-0.0002660091614800606,-0.00026544309609312307,-1.2033447024137292,0.23239066389667679,-0.029045961482947642,-366.77360364882406,697.1883841780135,-331.08655460390986,-0.6717740747203834
0.38,-0.012547895429912494,0.17416472087138754,-0.2,-2.006148176453856,1.0001854502647414,-0.0002660807541226295,-0.0002654092199496188,-1.2033447024137292,0.23239066389667679,-0.029045961482947642,-366.77360364882406,697.1883841780135,-331.08655460390986,-0.6717740747203834
0.4,-0.01068810518100253,0.3813251455737734,-0.2,-2.0061459938036346,1.0001880078188354,-0.00026612125690967346,-0.00026538842168517205,-1.2033447024137292,0.23239066389667679,-0.029045961482947642,-366.77360364882406,697.1883841780135,-331.08655460390986,-0.6717740747203834
0.42,-0.009037579494747506,0.2636224105472747,0.2,-2.0061446321116905,1.0001895364604012,-0.0002661422459322355,-0.0002653762951554555,-1.2033447024137292,0.23239066389667679,-0.029045961482947642,-366.77360364882406,697.1883841780135,-331.08655460390986,-0.6717740747203834
0.44,-0.007610652313389796,0.07013734436005623,0.2,-2.0061438133686305,1.0001903912890402,-0.00026615174317726464,-0.0002653696707787624,-1.2033447024137292,0.23239066389667679,-0.029045961482947642,-366.77360364882406,697.1883841780135,-331.08655460390986,-0.6717740747203834
0.46,-0.006316292694364133,-0.10295494585602094,0.2,-2.0061432422297028,1.0001910479242462,-0.0002661607277754235,-0.0002653640706548075,-1.2033447024137292,0.23239066389667679,-0.029045961482947642,-366.77360364882406,697.1883841780135,-331.08655460390986,-0.6717740747203834
0.48,-0.005049484180450428,-0.23504346584511213,0.2,-2.0061427942895818,1.0001916185973754,-0.00026616970142257185,-0.00026535909294302367,-1.2033447024137292,0.23239066389667679,-0.029045961482947642,-366.77360364882406,697.1883841780135,-331.08655460390986,-0.6717740747203834
0.5,-0.0037217102399245187,-0.32705309536406735,0.2,-2.0061427942895818,1.0001916185973754,-0.00026616970142257185,-0.00026535909294302367,-1.2033447024137292,0.23239066389667679,-0.029045961482947642,-366.77360364882406,697.1883841780135,-331.08655460390986,-0.6717740747203834
0.52,-0.002265687145618908,-0.11564872350977978,-0.2,-2.0061427942895818,1.0001916185973754,-0.00026616970142257185,-0.00026535909294302367,-1.2033447024137292,0.23239066389667679,-0.029045961482947642,-366.77360364882406,697.1883841780135,-331.08655460390986,-0.6717740747203834
0.54,-0.00070483246233517,0.15325515602993445,-0.2,-2.0061427942895818,1.0001916185973754,-0.00026616970142257185,-0.00026535909294302367,-1.2033447024137292,0.23239066389667679,-0.029045961482947642,-366.77360364882406,697.1883841780135,-331.08655460390986,-0.6717740747203834
0.56,0.0008419619937349466,0.38622159635055664,-0.2,-2.0061427942895818,1.0001916185973754,-0.00026616970142257185,-0.00026535909294302367,-1.2033447024137292,0.23239066389667679,-0.029045961482947642,-366.77360364882406,697.1883841780135,-331.08655460390986,-0.6717740747203834
0.58,0.002249983476086488,0.5650062052419316,-0.2,-2.0061427942895818,1.0001916185973754,-0.00026616970142257185,-0.00026535909294302367,-1.2033447024137292,0.23239066389667679,-0.029045961482947642,-366.77360364882406,697.1883841780135,-331.08655460390986,-0.6717740747203834
0.6,0.0034177126195525246,0.6925759142273229,-0.2,-2.0061427942895818,1.0001916185973754,-0.00026616970142257185,-0.00026535909294302367,-1.2033447024137292,0.23239066389667679,-0.029045961482947642,-366.77360364882406,697.1883841780135,-331.08655460390986,-0.6717740747203834
0.62,0.004270307333865718,0.5073545006627886,0.2,-2.0061425243528013,1.0001918769961518,-0.00026617852034669563,-0.0002653558138004101,-1.2033447024137292,0.23239066389667679,-0.029045961482947642,-366.77360364882406,697.1883841780135,-331.08655460390986,-0.6717740747203834
0.64,0.004828014003799171,0.2567686280761983,0.2,-2.0061420881703915,1.0001923729757078,-0.00026619329019814396,-0.0002653502969082585,-1.2033447024137292,0.23239066389667679,-0.029045961482947642,-366.77360364882406,697.1883841780135,-331.08655460390986,-0.6717740747203834
0.66,0.005210049271361226,0.03555304410305904,0.2,-2.006141644600294,1.0001928052107696,-0.0002662053306510844,-0.00026534591343410684,-1.2033447024137292,0.23239066389667679,-0.029045961482947642,-366.77360364882406,697.1883841780135,-331.08655460390986,-0.6717740747203834
0.68,0.005544201348705521,-0.13693488320147243,0.2,-2.006141238041559,1.000193129488274,-0.00026621302507736803,-0.00026534276863610936,-1.2033447024137292,0.23239066389667679,-0.029045961482947642,-366.77360364882406,697.1883841780135,-331.08655460390986,-0.6717740747203834
0.7000000000000001,0.005937193227852482,0.006001083275296998,-0.2,-2.006140863324084,1.0001933713482598,-0.00026621762649032865,-0.0002653403905709656,-1.2033447024137292,0.23239066389667679,-0.029045961482947642,-366.77360364882406,697.1883841780135,-331.08655460390986,-0.6717740747203834
0.72,0.0063991492900191725,0.21773866236086267,-0.2,-2.006140500965372,1.0001935592524405,-0.0002662203825248897,-0.0002653384229574752,-1.2033447024137292,0.23239066389667679,-0.029045961482947642,-366.77360364882406,697.1883841780135,-331.08655460390986,-0.6717740747203834
0.74,0.006838310532246727,0.4034215727239204,-0.2,-2.006140039994105,1.0001939259368624,-0.0002662277337432625,-0.00026533440482519484,-1.2033447024137292,0.23239066389667679,-0.029045961482947642,-366.77360364882406,697.1883841780135,-331.08655460390986,-0.6717740747203834
0.76,0.00715140855055296,0.5434134078477155,-0.2,-2.006139411993799,1.0001945223125295,-0.00026624085594160096,-0.00026532804615951984,-1.2033447024137292,0.23239066389667679,-0.029045961482947642,-366.77360364882406,697.1883841780135,-331.08655460390986,-0.6717740747203834
0.78,0.007253549533225187,0.6394456852055419,-0.2,-2.006138620672734,1.000195364390249,-0.00026626002896000913,-0.00026531939179988054,-1.2033447024137292,0.23239066389667679,-0.029045961482947642,-366.77360364882406,697.1883841780135,-331.08655460390986,-0.6717740747203834
0.8,0.007082492093432727,0.6975778444258194,-0.2,-2.0061377249724326,1.0001964117455588,-0.0002662840518179969,-0.0002653090181578026,-1.2033447024137292,0.23239066389667679,-0.029045961482947642,-366.77360364882406,697.1883841780135,-331.08655460390986,-0.6717740747203834
0.8200000000000001,0.006596215172966245,0.45529366073209104,0.2,-2.0061368093041896,1.0001975834644146,-0.0002663107543586537,-0.0002652978254861179,-1.2033447024137292,0.23239066389667679,-0.029045961482947642,-366.77360364882406,697.1883841780135,-331.08655460390986,-0.6717740747203834
0.84,0.005840944322107506,0.15840064092237766,0.2,-2.0061359622664234,1.000198777549275,-0.00026633758864635183,-0.0002652868322312444,-1.2033447024137292,0.23239066389667679,-0.029045961482947642,-366.77360364882406,697.1883841780135,-331.08655460390986,-0.6717740747203834
0.86,0.004955866458939874,-0.09992779832885533,0.2,-2.0061353570883904,1.0001996102395525,-0.00026635440890899705,-0.0002652799953695488,-1.2033447024137292,0.23239066389667679,-0.029045961482947642,-366.77360364882406,697.1883841780135,-331.08655460390986,-0.6717740747203834
0.88,0.004083695227103865,-0.30171157248160047,0.2,-2.006134993841261,1.000200074648561,-0.000266361918237584,-0.0002652765869503419,-1.2033447024137292,0.23239066389667679,-0.029045961482947642,-366.77360364882406,697.1883841780135,-331.08655460390986,-0.6717740747203834
0.9,0.003341901827662532,-0.45015740055639436,0.2,-2.006134993841261,1.000200074648561,-0.000266361918237584,-0.0002652765869503419,-1.2033447024137292,0.23239066389667679,-0.029045961482947642,-366.77360364882406,697.1883841780135,-331.08655460390986,-0.6717740747203834
0.92,0.0028194564335703794,-0.2839036106586928,-0.2,-2.006134993841261,1.000200074648561,-0.000266361918237584,-0.0002652765869503419,-1.2033447024137292,0.23239066389667679,-0.029045961482947642,-366.77360364882406,697.1883841780135,-331.08655460390986,-0.6717740747203834
0.9400000000000001,0.0025086174031822453,-0.05056908457278192,-0.2,-2.006134993841261,1.000200074648561,-0.000266361918237584,-0.0002652765869503419,-1.2033447024137292,0.23239066389667679,-0.029045961482947642,-366.77360364882406,697.1883841780135,-331.08655460390986,-0.6717740747203834
0.96,0.0023012280241591974,0.15493896680302255,-0.2,-2.006134993841261,1.000200074648561,-0.000266361918237584,-0.0002652765869503419,-1.2033447024137292,0.23239066389667679,-0.029045961482947642,-366.77360364882406,697.1883841780135,-331.08655460390986,-0.6717740747203834
0.98,0.002079276132831958,0.31310897491047607,-0.2,-2.006134993841261,1.000200074648561,-0.000266361918237584,-0.0002652765869503419,-1.2033447024137292,0.23239066389667679,-0.029045961482947642,-366.77360364882406,697.1883841780135,-331.08655460390986,-0.6717740747203834
1.0,0.001744674702226934,0.4258167624377651,-0.2,-2.006134993841261,1.000200074648561,-0.000266361918237584,-0.0002652765869503419,-1.2033447024137292,0.23239066389667679,-0.029045961482947642,-366.77360364882406,697.1883841780135,-331.08655460390986,-0.6717740747203834
1.02,0.001223393001377966,0.23054797316665715,0.2,-2.006134993841261,1.000200074648561,-0.000266361918237584,-0.0002652765869503419,-1.2033447024137292,0.23239066389667679,-0.029045961482947642,-366.77360364882406,697.1883841780135,-331.08655460390986,-0.6717740747203834
1.04,0.0005344139656467371,-0.02607553943775187,0.2,-2.006134993841261,1.000200074648561,-0.000266361918237584,-0.0002652765869503419,-1.2033447024137292,0.23239066389667679,-0.029045961482947642,-366.77360364882406,697.1883841780135,-331.08655460390986,-0.6717740747203834
1.06,-0.00020592588104564056,-0.2500080293670622,0.2,-2.006134993841261,1.000200074648561,-0.000266361918237584,-0.0002652765869503419,-1.2033447024137292,0.23239066389667679,-0.029045961482947642,-366.77360364882406,697.1883841780135,-331.08655460390986,-0.6717740747203834
1.08,-0.0008739546090595155,-0.4224815236792768,0.2,-2.006134993841261,1.000200074648561,-0.000266361918237584,-0.0002652765869503419,-1.2033447024137292,0.23239066389667679,-0.029045961482947642,-366.77360364882406,697.1883841780135,-331.08655460390986,-0.6717740747203834
1.1,-0.0013679858771542298,-0.27730334426170516,-0.2,-2.006134993841261,1.000200074648561,-0.000266361918237584,-0.0002652765869503419,-1.2033447024137292,0.23239066389667679,-0.029045961482947642,-366.77360364882406,697.1883841780135,-331.08655460390986,-0.6717740747203834
1.12,-0.0016835920041549234,-0.06152552071484263,-0.2,-2.006134993841261,1.000200074648561,-0.000266361918237584,-0.0002652765869503419,-1.2033447024137292,0.23239066389667679,-0.029045961482947642,-366.77360364882406,697.1883841780135,-331.08655460390986,-0.6717740747203834
1.1400000000000001,-0.001918673633209858,0.1296299472379569,-0.2,-2.006134993841261,1.000200074648561,-0.000266361918237584,-0.0002652765869503419,-1.2033447024137292,0.23239066389667679,-0.029045961482947642,-366.77360364882406,697.1883841780135,-331.08655460390986,-0.6717740747203834
1.16,-0.002182907922518664,0.2762170284884924,-0.2,-2.006134993841261,1.000200074648561,-0.000266361918237584,-0.0002652765869503419,-1.2033447024137292,0.23239066389667679,-0.029045961482947642,-366.77360364882406,697.1883841780135,-331.08655460390986,-0.6717740747203834
1.18,-0.0025677206637644023,0.379706099156678,-0.2,-2.006134993841261,1.000200074648561,-0.000266361918237584,-0.0002652765869503419,-1.2033447024137292,0.23239066389667679,-0.029045961482947642,-366.77360364882406,697.1883841780135,-331.08655460390986,-0.6717740747203834
1.2,-0.003141893221876862,0.4459371639014755,-0.2,-2.006134993841261,1.000200074648561,-0.000266361918237584,-0.0002652765869503419,-1.2033447024137292,0.23239066389667679,-0.029045961482947642,-366.77360364882406,697.1883841780135,-331.08655460390986,-0.6717740747203834
1.22,-0.00395390360049608,0.21221034438309422,0.2,-2.006134993841261,1.000200074648561,-0.000266361918237584,-0.0002652765869503419,-1.2033447024137292,0.23239066389667679,-0.029045961482947642,-366.77360364882406,697.1883841780135,-331.08655460390986,-0.6717740747203834
1.24,-0.0049638287144794175,-0.07581961092182893,0.2,-2.006134993841261,1.000200074648561,-0.000266361918237584,-0.0002652765869503419,-1.2033447024137292,0.23239066389667679,-0.029045961482947642,-366.77360364882406,697.1883841780135,-331.08655460390986,-0.6717740747203834
1.26,-0.006038578597988278,-0.3251068040570963,0.2,-2.006134993841261,1.000200074648561,-0.000266361918237584,-0.0002652765869503419,-1.2033447024137292,0.23239066389667679,-0.029045961482947642,-366.77360364882406,697.1883841780135,-331.08655460390986,-0.6717740747203834
1.28,-0.0070412951436372145,-0.5177780275614445,0.2,-2.006134993841261,1.000200074648561,-0.000266361918237584,-0.0002652765869503419,-1.2033447024137292,0.23239066389667679,-0.029045961482947642,-366.77360364882406,697.1883841780135,-331.08655460390986,-0.6717740747203834
1.3,-0.007860092576518892,-0.3884185773176781,-0.2,-2.0061343320313005,1.000200634620278,-0.0002663760216875372,-0.00026527002256406196,-1.2033447024137292,0.23239066389667679,-0.029045961482947642,-366.77360364882406,697.1883841780135,-331.08655460390986,-0.6717740747203834
1.32,-0.008482823180422096,-0.18475141566507297,-0.2,-2.006133404991996,1.0002015346798736,-0.00026639847907038996,-0.0002652601930559891,-1.2033447024137292,0.23239066389667679,-0.029045961482947642,-366.77360364882406,697.1883841780135,-331.08655460390986,-0.6717740747203834
1.34,-0.009001714923822695,-0.002575937183512733,-0.2,-2.0061323757076446,1.0002024173712498,-0.00026641902466307925,-0.00026525113516446153,-1.2033447024137292,0.23239066389667679,-0.029045961482947642,-366.77360364882406,697.1883841780135,-331.08655460390986,-0.6717740747203834
1.36,-0.009522457207432812,0.13766402457584448,-0.2,-2.006131339940622,1.000203200163649,-0.00026643515846221284,-0.0002652432570541695,-1.2033447024137292,0.23239066389667679,-0.029045961482947642,-366.77360364882406,697.1883841780135,-331.08655460390986,-0.6717740747203834
1.3800000000000001,-0.010133865249457504,0.2370099286434675,-0.2,-2.006130299050356,1.000203904144126,-0.0002664479900009766,-0.00026523606252693563,-1.2033447024137292,0.23239066389667679,-0.029045961482947642,-366.77360364882406,697.1883841780135,-331.08655460390986,-0.6717740747203834
1.4000000000000001,-0.010903225723232586,0.032223373138740796,0.2,-2.0061292190198863,1.0002045656905292,-0.00026645893997147453,-0.0002652290664210296,-1.2033447024137292,0.23239066389667679,-0.029045961482947642,-366.77360364882406,697.1883841780135,-331.08655460390986,-0.6717740747203834
1.42,-0.011806890837293043,-0.23069940653256216,0.2,-2.006128045349979,1.00020522728186,-0.00026646929988913314,-0.0002652217708274393,-1.2033447024137292,0.23239066389667679,-0.029045961482947642,-366.77360364882406,697.1883841780135,-331.08655460390986,-0.6717740747203834
1.44,-0.012725555396516536,-0.4582520584316547,0.2,-2.0061266468405754,1.0002062553322766,-0.00026648934639949884,-0.0002652102872763427,-1.2033447024137292,0.23239066389667679,-0.029045961482947642,-366.77360364882406,697.1883841780135,-331.08655460390986,-0.6717740747203834
1.46,-0.013533943609474706,-0.6321283271939588,0.2,-2.0061248864299874,1.0002077475824427,-0.0002665211405307838,-0.0002651940472161104,-1.2033447024137292,0.23239066389667679,-0.029045961482947642,-366.77360364882406,697.1883841780135,-331.08655460390986,-0.6717740747203834
1.48,-0.014129851287332972,-0.7552389653888327,0.2,-2.0061227856581287,1.0002097110436003,-0.000266564491158044,-0.00026517338031075777,-1.2033447024137292,0.23239066389667679,-0.029045961482947642,-366.77360364882406,697.1883841780135,-331.08655460390986,-0.6717740747203834
1.5,-0.014437654745366959,-0.834666504384413,0.2,-2.0061204670182695,1.0002120583355583,-0.00026661679150989323,-0.0002651494860077738,-1.2033447024137292,0.23239066389667679,-0.029045961482947642,-366.77360364882406,697.1883841780135,-331.08655460390986,-0.6717740747203834
1.52,-0.01440521426582735,-0.6087779360229195,-0.2,-2.0061180902641724,1.0002146437964672,-0.0002666740969751068,-0.0002651240018523507,-1.2033447024137292,0.23239066389667679,-0.029045961482947642,-366.77360364882406,697.1883841780135,-331.08655460390986,-0.6717740747203834
1.54,-0.01407132703602306,-0.32413946172576164,-0.2,-2.006115811672453,1.0002173009737014,-0.00026673220224314264,-0.0002650986220595584,-1.2033447024137292,0.23239066389667679,-0.029045961482947642,-366.77360364882406,697.1883841780135,-331.08655460390986,-0.6717740747203834
1.56,-0.01356996133870383,-0.07457669327647715,-0.2,-2.0061137340800665,1.0002195790145465,-0.0002667779890594825,-0.00026507818450247165,-1.2033447024137292,0.23239066389667679,-0.029045961482947642,-366.77360364882406,697.1883841780135,-331.08655460390986,-0.6717740747203834
1.58,-0.013040425947542771,0.12136600452188487,-0.2,-2.006111971319717,1.000221368420228,-0.0002668099367689691,-0.00026506262420515083,-1.2033447024137292,0.23239066389667679,-0.029045961482947642,-366.77360364882406,697.1883841780135,-331.08655460390986,-0.6717740747203834
1.6,-0.012598261308483249,0.2664079882786806,-0.2,-2.006110497413915,1.000222739443197,-0.00026683145975642784,-0.00026505075551555546,-1.2033447024137292,0.23239066389667679,-0.029045961482947642,-366.77360364882406,697.1883841780135,-331.08655460390986,-0.6717740747203834
1.62,-0.012331690305690325,0.09876860338116156,0.2,-2.0061092434732886,1.0002237922601225,-0.0002668459620860983,-0.00026504150087470335,-1.2033447024137292,0.23239066389667679,-0.029045961482947642,-366.77360364882406,697.1883841780135,-331.08655460390986,-0.6717740747203834
1.6400000000000001,-0.012233167030556904,-0.1342941243242249,0.2,-2.006108133174769,1.0002246205416294,-0.00026685602259745114,-0.00026503397023710195,-1.2033447024137292,0.23239066389667679,-0.029045961482947642,-366.77360364882406,697.1883841780135,-331.08655460390986,-0.6717740747203834
1.6600000000000001,-0.012195466869011429,-0.3381819952274196,0.2,-2.0061071670078867,1.0002254637005301,-0.0002668695229069657,-0.0002650256193097314,-1.2033447024137292,0.23239066389667679,-0.029045961482947642,-366.77360364882406,697.1883841780135,-331.08655460390986,-0.6717740747203834
1.68,-0.012102065713818161,-0.49364433438465066,0.2,-2.0061061773039395,1.0002264324170804,-0.00026688746309191713,-0.000265015944625936,-1.2033447024137292,0.23239066389667679,-0.029045961482947642,-366.77360364882406,697.1883841780135,-331.08655460390986,-0.6717740747203834
1.7,-0.011856774805294682,-0.6027769633807227,0.2,-2.006105142309506,1.0002275486129693,-0.00026690976784370736,-0.00026500499031294585,-1.2033447024137292,0.23239066389667679,-0.029045961482947642,-366.77360364882406,697.1883841780135,-331.08655460390986,-0.6717740747203834
1.72,-0.011387753938630747,-0.40325125953814006,-0.2,-2.0061041118513208,1.000228769678034,-0.00026693509301982897,-0.00026499332915418697,-1.2033447024137292,0.23239066389667679,-0.029045961482947642,-366.77360364882406,697.1883841780135,-331.08655460390986,-0.6717740747203834
1.74,-0.010716368064233593,-0.14184397163875956,-0.2,-2.0061031513430834,1.0002300256696781,-0.00026696149868413134,-0.00026498171630125975,-1.2033447024137292,0.23239066389667679,-0.029045961482947642,-366.77360364882406,697.1883841780135,-331.08655460390986,-0.6717740747203834
1.76,-0.009961451537464599,0.08726885533584396,-0.2,-2.0061022412622265,1.0002311207614767,-0.00026698200975534435,-0.00026497251067493017,-1.2033447024137292,0.23239066389667679,-0.029045961482947642,-366.77360364882406,697.1883841780135,-331.08655460390986,-0.6717740747203834
1.78,-0.009249236603450617,0.26520680505442046,-0.2,-2.006101494568988,1.0002319186263524,-0.0002669943350472286,-0.0002649661740712099,-1.2033447024137292,0.23239066389667679,-0.029045961482947642,-366.77360364882406,697.1883841780135,-331.08655460390986,-0.6717740747203834
1.8,-0.008683984363077886,0.39439097225536074,-0.2,-2.0061009056169437,1.0002324611691302,-0.0002670007567092132,-0.00026496193877004697,-1.2033447024137292,0.23239066389667679,-0.029045961482947642,-366.77360364882406,697.1883841780135,-331.08655460390986,-0.6717740747203834
1.82,-0.008344201354125577,0.21277904085798133,0.2,-2.0061004334799,1.0002328208689415,-0.0002670036054172908,-0.0002649590791568402,-1.2033447024137292,0.23239066389667679,-0.029045961482947642,-366.77360364882406,697.1883841780135,-331.08655460390986,-0.6717740747203834
1.84,-0.00821398031167381,-0.03259923945557991,0.2,-2.0061004334799,1.0002328208689415,-0.0002670036054172908,-0.0002649590791568402,-1.2033447024137292,0.23239066389667679,-0.029045961482947642,-366.77360364882406,697.1883841780135,-331.08655460390986,-0.6717740747203834
1.86,-0.008178911839760593,-0.24734552011246191,0.2,-2.0061004334799,1.0002328208689415,-0.0002670036054172908,-0.0002649590791568402,-1.2033447024137292,0.23239066389667679,-0.029045961482947642,-366.77360364882406,697.1883841780135,-331.08655460390986,-0.6717740747203834
1.8800000000000001,-0.008116312782354989,-0.41238600411710113,0.2,-2.0061004334799,1.0002328208689415,-0.0002670036054172908,-0.0002649590791568402,-1.2033447024137292,0.23239066389667679,-0.029045961482947642,-366.77360364882406,697.1883841780135,-331.08655460390986,-0.6717740747203834
1.9000000000000001,-0.007924726978015434,-0.2612632039644054,-0.2,-2.0061004334799,1.0002328208689415,-0.0002670036054172908,-0.0002649590791568402,-1.2033447024137292,0.23239066389667679,-0.029045961482947642,-366.77360364882406,697.1883841780135,-331.08655460390986,-0.6717740747203834
1.92,-0.007599348697618109,-0.040799554206308736,-0.2,-2.0061004334799,1.0002328208689415,-0.0002670036054172908,-0.0002649590791568402,-1.2033447024137292,0.23239066389667679,-0.029045961482947642,-366.77360364882406,697.1883841780135,-331.08655460390986,-0.6717740747203834
1.94,-0.0072372222151247285,0.153980884679697,-0.2,-2.0060999798623405,1.0002333254395865,-0.00026701321763727444,-0.0002649547434257769,-1.2033447024137292,0.23239066389667679,-0.029045961482947642,-366.77360364882406,697.1883841780135,-331.08655460390986,-0.6717740747203834
1.96,-0.006946802670508742,0.30330092659797864,-0.2,-2.00609958026887,1.000233686554414,-0.0002670184550275373,-0.00026495184498609203,-1.2033447024137292,0.23239066389667679,-0.029045961482947642,-366.77360364882406,697.1883841780135,-331.08655460390986,-0.6717740747203834
1.98,-0.006818019632795262,0.4087751263830448,-0.2,-2.00609958026887,1.000233686554414,-0.0002670184550275373,-0.00026495184498609203,-1.2033447024137292,0.23239066389667679,-0.029045961482947642,-366.77360364882406,697.1883841780135,-331.08655460390986,-0.6717740747203834
2.0,-0.006917958470429944,0.48161976121896033,-0.2,-2.00609958026887,1.000233686554414,-0.0002670184550275373,-0.00026495184498609203,-1.2033447024137292,0.23239066389667679,-0.029045961482947642,-366.77360364882406,697.1883841780135,-331.08655460390986,-0.6717740747203834
2.02,-0.007294660780549976,0.22499913769654678,0.2,-2.00609958026887,1.000233686554414,-0.0002670184550275373,-0.00026495184498609203,-1.2037429833181919,0.23278215873629307,-0.029039175418101165,-402.90377430836196,766.4889709132685,-364.3247879742486,-0.7395913693418846
2.04,-0.007901369813377869,-0.08991757384354543,0.2,-2.00609958026887,1.000233686554414,-0.0002670184550275373,-0.00026495184498609203,-1.2037429833181919,0.23278215873629307,-0.029039175418101165,-402.90377430836196,766.4889709132685,-364.3247879742486,-0.7395913693418846
2.06,-0.00858943071854837,-0.3565728475355784,0.2,-2.00609958026887,1.000233686554414,-0.0002670184550275373,-0.00026495184498609203,-1.2037429833181919,0.23278215873629307,-0.029039175418101165,-402.90377430836196,766.4889709132685,-364.3247879742486,-0.7395913693418846
2.08,-0.009207986568117188,-0.5545688526041738,0.2,-2.00609958026887,1.000233686554414,-0.0002670184550275373,-0.00026495184498609203,-1.2037429833181919,0.23278215873629307,-0.029039175418101165,-402.90377430836196,766.4889709132685,-364.3247879742486,-0.7395913693418846
2.1,-0.009636906196868682,-0.39351568217397526,-0.2,-2.0060990480355767,1.0002341874124017,-0.0002670305058888396,-0.00026494617812799646,-1.2037429833181919,0.23278215873629307,-0.029039175418101165,-402.90377430836196,766.4889709132685,-364.3247879742486,-0.7395913693418846
2.12,-0.009868820995063188,-0.15133498152403704,-0.2,-2.0060984050691895,1.0002348941495975,-0.0002670479161062146,-0.0002649386869767215,-1.2037429833181919,0.23278215873629307,-0.029039175418101165,-402.90377430836196,766.4889709132685,-364.3247879742486,-0.7395913693418846
2.14,-0.010012399980516937,0.060593959225178295,-0.2,-2.0060976136777735,1.0002356264305245,-0.0002670641463627706,-0.00026493164739759434,-1.2037429833181919,0.23278215873629307,-0.029039175418101165,-402.90377430836196,766.4889709132685,-364.3247879742486,-0.7395913693418846
2.16,-0.010189346529657342,0.21827040620570703,-0.2,-2.006096823701751,1.0002362264078317,-0.00026707502005924325,-0.00026492608570328476,-1.2037429833181919,0.23278215873629307,-0.029039175418101165,-402.90377430836196,766.4889709132685,-364.3247879742486,-0.7395913693418846
2.18,-0.010499061271540757,0.3243047308763376,-0.2,-2.006096065762265,1.0002367017126659,-0.00026708174539082243,-0.0002649215567225568,-1.2037429833181919,0.23278215873629307,-0.029039175418101165,-402.90377430836196,766.4889709132685,-364.3247879742486,-0.7395913693418846
2.2,-0.0110135191366303,0.09120613964666485,0.2,-2.006095319820231,1.0002370901321291,-0.0002670860010200759,-0.00026491758001574413,-1.2037429833181919,0.23278215873629307,-0.029039175418101165,-402.90377430836196,766.4889709132685,-364.3247879742486,-0.7395913693418846
2.22,-0.011701852153942496,-0.20533120769581414,0.2,-2.006094544318305,1.0002374302757306,-0.0002670890381726294,-0.00026491373812157404,-1.2037429833181919,0.23278215873629307,-0.029039175418101165,-402.90377430836196,766.4889709132685,-364.3247879742486,-0.7395913693418846
2.24,-0.012427034084174766,-0.456954239517816,0.2,-2.0060938501935124,1.0002378897290025,-0.00026709725821240024,-0.0002649083031583114,-1.2037429833181919,0.23278215873629307,-0.029039175418101165,-402.90377430836196,766.4889709132685,-364.3247879742486,-0.7395913693418846
2.2600000000000002,-0.013047322195798891,-0.6424333360261926,0.2,-2.0060930368208356,1.000238562542893,-0.00026711178607667375,-0.00026490062256379033,-1.2037429833181919,0.23278215873629307,-0.029039175418101165,-402.90377430836196,766.4889709132685,-364.3247879742486,-0.7395913693418846
2.2800000000000002,-0.013449934933012601,-0.7667122925466913,0.2,-2.00609207157735,1.0002394951587146,-0.00026713336407328055,-0.0002648905058104722,-1.2037429833181919,0.23278215873629307,-0.029039175418101165,-402.90377430836196,766.4889709132685,-364.3247879742486,-0.7395913693418846
2.3000000000000003,-0.013554737024281444,-0.5442196378247527,-0.2,-2.006091019985667,1.0002406515886129,-0.00026716061668717855,-0.0002648786046473497,-1.2037429833181919,0.23278215873629307,-0.029039175418101165,-402.90377430836196,766.4889709132685,-364.3247879742486,-0.7395913693418846
2.32,-0.01338847316423264,-0.2522157183891074,-0.2,-2.0060899730523207,1.0002419486997993,-0.0002671909596971872,-0.00026486592230413306,-1.2037429833181919,0.23278215873629307,-0.029039175418101165,-402.90377430836196,766.4889709132685,-364.3247879742486,-0.7395913693418846
2.34,-0.013087133806424624,-0.00032997821650354586,-0.2,-2.0060888196568825,1.0002432062469715,-0.00026721697641684557,-0.00026485480784854844,-1.2037429833181919,0.23278215873629307,-0.029039175418101165,-402.90377430836196,766.4889709132685,-364.3247879742486,-0.7395913693418846
2.36,-0.012793757656285275,0.1891665240995299,-0.2,-2.0060877451680823,1.0002442119876063,-0.0002672340555092537,-0.00026484633080781414,-1.2037429833181919,0.23278215873629307,-0.029039175418101165,-402.90377430836196,766.4889709132685,-364.3247879742486,-0.7395913693418846
2.38,-0.012624145236589425,0.3203699541087184,-0.2,-2.0060867864833924,1.0002449772607656,-0.0002672443060836981,-0.0002648398456722428,-1.2037429833181919,0.23278215873629307,-0.029039175418101165,-402.90377430836196,766.4889709132685,-364.3247879742486,-0.7395913693418846
2.4,-0.012662685698865018,0.40285836863665847,-0.2,-2.006085917604284,1.0002455622179438,-0.0002672503194448498,-0.00026483466062026463,-1.2037429833181919,0.23278215873629307,-0.029039175418101165,-402.90377430836196,766.4889709132685,-364.3247879742486,-0.7395913693418846
2.42,-0.012966480402844196,0.15021249085720856,0.2,-2.0060850917775617,1.0002460267846087,-0.000267253944529645,-0.0002648302103797702,-1.2037429833181919,0.23278215873629307,-0.029039175418101165,-402.90377430836196,766.4889709132685,-364.3247879742486,-0.7395913693418846
2.44,-0.013491981658634794,-0.16221239865602144,0.2,-2.006084255667191,1.0002464203861556,-0.0002672563955077979,-0.00026482602959598524,-1.2037429833181919,0.23278215873629307,-0.029039175418101165,-402.90377430836196,766.4889709132685,-364.3247879742486,-0.7395913693418846
2.46,-0.014091799331340488,-0.42664264743710134,0.2,-2.006084255667191,1.0002464203861556,-0.0002672563955077979,-0.00026482602959598524,-1.2037429833181919,0.23278215873629307,-0.029039175418101165,-402.90377430836196,766.4889709132685,-364.3247879742486,-0.7395913693418846
2.48,-0.014615836062176554,-0.6223942713624685,0.2,-2.006083511599393,1.0002470378487311,-0.00026726898051249675,-0.0002648190407376188,-1.2037429833181919,0.23278215873629307,-0.029039175418101165,-402.90377430836196,766.4889709132685,-364.3247879742486,-0.7395913693418846
2.5,-0.014944616759973064,-0.45903734037850585,-0.2,-2.0060826510054297,1.0002478755931212,-0.00026728779028299286,-0.0002648099922875654,-1.2037429833181919,0.23278215873629307,-0.029039175418101165,-402.90377430836196,766.4889709132685,-364.3247879742486,-0.7395913693418846
2.52,-0.01507140909826299,-0.21450683550965835,-0.2,-2.006081732042746,1.0002489036214246,-0.0002673116432417768,-0.00026479945955937636,-1.2037429833181919,0.23278215873629307,-0.029039175418101165,-402.90377430836196,766.4889709132685,-364.3247879742486,-0.7395913693418846
2.54,-0.015105508782582168,-0.00020292148518682995,-0.2,-2.0060805747716595,1.0002500161895678,-0.00026733468372082056,-0.00026478908623814345,-1.2037429833181919,0.23278215873629307,-0.029039175418101165,-402.90377430836196,766.4889709132685,-364.3247879742486,-0.7395913693418846
2.56,-0.01516923883539898,0.1598516844550279,-0.2,-2.006079406479688,1.0002509712305887,-0.00026735110868102613,-0.0002647804819739802,-1.2037429833181919,0.23278215873629307,-0.029039175418101165,-402.90377430836196,766.4889709132685,-364.3247879742486,-0.7395913693418846
2.58,-0.015362607467004383,0.2682472006306026,-0.2,-2.0060782903610392,1.0002517532685649,-0.0002673620531437795,-0.00026477329472569664,-1.2037429833181919,0.23278215873629307,-0.029039175418101165,-402.90377430836196,766.4889709132685,-364.3247879742486,-0.7395913693418846
2.6,-0.015758177641376644,0.03747611638670048,0.2,-2.006077212555229,1.0002524020788537,-0.0002673695267809188,-0.00026476699541442113,-1.2037429833181919,0.23278215873629307,-0.029039175418101165,-402.90377430836196,766.4889709132685,-364.3247879742486,-0.7395913693418846
2.62,-0.016325648767874297,-0.2567827140077933,0.2,-2.0060761318695923,1.0002529633191992,-0.00026737509119644203,-0.00026476110798361225,-1.2037429833181919,0.23278215873629307,-0.029039175418101165,-402.90377430836196,766.4889709132685,-364.3247879742486,-0.7395913693418846
2.64,-0.01692853657724502,-0.5061890428165101,0.2,-2.0060753266637383,1.0002535335544138,-0.0002673848101926433,-0.00026475464065247624,-1.2037429833181919,0.23278215873629307,-0.029039175418101165,-402.90377430836196,766.4889709132685,-364.3247879742486,-0.7395913693418846
2.66,-0.017425603335993755,-0.6895203717906253,0.2,-2.006074515918447,1.000254239608526,-0.00026739951067700045,-0.0002647467933160326,-1.2037429833181919,0.23278215873629307,-0.029039175418101165,-402.90377430836196,766.4889709132685,-364.3247879742486,-0.7395913693418846
2.68,-0.01770453026683973,-0.8117233609640037,0.2,-2.0060736441384455,1.0002551321093482,-0.0002674196918257269,-0.0002647373279727328,-1.2037429833181919,0.23278215873629307,-0.029039175418101165,-402.90377430836196,766.4889709132685,-364.3247879742486,-0.7395913693418846
2.7,-0.01768560181704074,-0.5872270770355191,-0.2,-2.006072763823435,1.0002561748665264,-0.0002674439043767379,-0.00026472685235093664,-1.2037429833181919,0.23278215873629307,-0.029039175418101165,-402.90377430836196,766.4889709132685,-364.3247879742486,-0.7395913693418846
2.72,-0.01739593504351678,-0.29328897207715654,-0.2,-2.0060719437065897,1.0002572947299957,-0.00026746980098381307,-0.00026471621395930943,-1.2037429833181919,0.23278215873629307,-0.029039175418101165,-402.90377430836196,766.4889709132685,-364.3247879742486,-0.7395913693418846
2.74,-0.01697184877764891,-0.03953477087999513,-0.2,-2.0060709306537263,1.000258483417758,-0.0002674935342369005,-0.00026470619501297384,-1.2037429833181919,0.23278215873629307,-0.029039175418101165,-402.90377430836196,766.4889709132685,-364.3247879742486,-0.7395913693418846
2.7600000000000002,-0.016556678225730266,0.15176483135474522,-0.2,-2.0060699397698056,1.0002594639476388,-0.00026750906665986125,-0.0002646983850555079,-1.2037429833181919,0.23278215873629307,-0.029039175418101165,-402.90377430836196,766.4889709132685,-364.3247879742486,-0.7395913693418846
2.7800000000000002,-0.016266493834464227,0.2847045309931945,-0.2,-2.0060690352195376,1.0002602177015272,-0.00026751806088096434,-0.00026469235759307,-1.2037429833181919,0.23278215873629307,-0.029039175418101165,-402.90377430836196,766.4889709132685,-364.3247879742486,-0.7395913693418846
2.8000000000000003,-0.016185929222568524,0.07302446636147755,0.2,-2.0060682066217694,1.000260793512628,-0.0002675229770935705,-0.00026468752852465026,-1.2037429833181919,0.23278215873629307,-0.029039175418101165,-402.90377430836196,766.4889709132685,-364.3247879742486,-0.7395913693418846
2.82,-0.016293564062550506,-0.20657173662252287,0.2,-2.0060674183958205,1.0002612450919115,-0.00026752556810812533,-0.00026468341151914286,-1.2037429833181919,0.23278215873629307,-0.029039175418101165,-402.90377430836196,766.4889709132685,-364.3247879742486,-0.7395913693418846
2.84,-0.016459257324301226,-0.4449037401201763,0.2,-2.0060674183958205,1.0002612450919115,-0.00026752556810812533,-0.00026468341151914286,-1.2037429833181919,0.23278215873629307,-0.029039175418101165,-402.90377430836196,766.4889709132685,-364.3247879742486,-0.7395913693418846
2.86,-0.01654610835042783,-0.6200608126523829,0.2,-2.0060674183958205,1.0002612450919115,-0.00026752556810812533,-0.00026468341151914286,-1.2037429833181919,0.23278215873629307,-0.029039175418101165,-402.90377430836196,766.4889709132685,-364.3247879742486,-0.7395913693418846
2.88,-0.01644456155948771,-0.7364269380850117,0.2,-2.0060674183958205,1.0002612450919115,-0.00026752556810812533,-0.00026468341151914286,-1.2037429833181919,0.23278215873629307,-0.029039175418101165,-402.90377430836196,766.4889709132685,-364.3247879742486,-0.7395913693418846
2.9,-0.016076440696773744,-0.5079720127061018,-0.2,-2.0060674183958205,1.0002612450919115,-0.00026752556810812533,-0.00026468341151914286,-1.2037429833181919,0.23278215873629307,-0.029039175418101165,-402.90377430836196,766.4889709132685,-364.3247879742486,-0.7395913693418846
2.92,-0.015469462728681067,-0.21158031223780274,-0.2,-2.0060674183958205,1.0002612450919115,-0.00026752556810812533,-0.00026468341151914286,-1.2037429833181919,0.23278215873629307,-0.029039175418101165,-402.90377430836196,766.4889709132685,-364.3247879742486,-0.7395913693418846
2.94,-0.01475983388494218,0.04342548710910957,-0.2,-2.0060667820111755,1.0002621191321341,-0.00026754211905997033,-0.0002646765395626061,-1.2037429833181919,0.23278215873629307,-0.029039175418101165,-402.90377430836196,766.4889709132685,-364.3247879742486,-0.7395913693418846
2.96,-0.01409024067509749,0.23502244042536827,-0.2,-2.0060661580847308,1.000262813965184,-0.0002675518894338076,-0.00026467150776821605,-1.2037429833181919,0.23278215873629307,-0.029039175418101165,-402.90377430836196,766.4889709132685,-364.3247879742486,-0.7395913693418846
2.98,-0.013575709609489488,0.3675081747486576,-0.2,-2.0060656017907754,1.000263310330553,-0.0002675563894410766,-0.0002646679469325547,-1.2037429833181919,0.23278215873629307,-0.029039175418101165,-402.90377430836196,766.4889709132685,-364.3247879742486,-0.7395913693418846
3.0,-0.013299548286635196,0.45062521009055256,-0.2,-2.0060656017907754,1.000263310330553,-0.0002675563894410766,-0.0002646679469325547,-1.2037429833181919,0.23278215873629307,-0.029039175418101165,-402.90377430836196,766.4889709132685,-364.3247879742486,-0.7395913693418846
3.02,-0.013317559274414107,0.19808883100822205,0.2,-2.0060656017907754,1.000263310330553,-0.0002675563894410766,-0.0002646679469325547,-1.2037429833181919,0.23278215873629307,-0.029039175418101165,-402.90377430836196,766.4889709132685,-364.3247879742486,-0.7395913693418846
3.04,-0.013584750732500497,-0.1146357578225492,0.2,-2.0060656017907754,1.000263310330553,-0.0002675563894410766,-0.0002646679469325547,-1.2037429833181919,0.23278215873629307,-0.029039175418101165,-402.90377430836196,766.4889709132685,-364.3247879742486,-0.7395913693418846
3.06,-0.013952198786282458,-0.37968492497621875,0.2,-2.0060656017907754,1.000263310330553,-0.0002675563894410766,-0.0002646679469325547,-1.2037429833181919,0.23278215873629307,-0.029039175418101165,-402.90377430836196,766.4889709132685,-364.3247879742486,-0.7395913693418846
3.08,-0.014268226258477526,-0.5763009955464168,0.2,-2.0060656017907754,1.000263310330553,-0.0002675563894410766,-0.0002646679469325547,-1.2037429833181919,0.23278215873629307,-0.029039175418101165,-402.90377430836196,766.4889709132685,-364.3247879742486,-0.7395913693418846
3.1,-0.014411766944227527,-0.7098307041922373,0.2,-2.0060656017907754,1.000263310330553,-0.0002675563894410766,-0.0002646679469325547,-1.2037429833181919,0.23278215873629307,-0.029039175418101165,-402.90377430836196,766.4889709132685,-364.3247879742486,-0.7395913693418846
3.12,-0.014295770672486836,-0.4950366558190119,-0.2,-2.0060656017907754,1.000263310330553,-0.0002675563894410766,-0.0002646679469325547,-1.2037429833181919,0.23278215873629307,-0.029039175418101165,-402.90377430836196,766.4889709132685,-364.3247879742486,-0.7395913693418846
3.14,-0.013941200756374868,-0.20945379736067152,-0.2,-2.0060656017907754,1.000263310330553,-0.0002675563894410766,-0.0002646679469325547,-1.2037429833181919,0.23278215873629307,-0.029039175418101165,-402.90377430836196,766.4889709132685,-364.3247879742486,-0.7395913693418846
3.16,-0.013479205495464124,0.03706277109136702,-0.2,-2.006065082198061,1.0002639854298312,-0.00026757020783439196,-0.00026466244059746604,-1.2037429833181919,0.23278215873629307,-0.029039175418101165,-402.90377430836196,766.4889709132685,-364.3247879742486,-0.7395913693418846
3.18,-0.013048761188468849,0.22205618172184827,-0.2,-2.0060645455802875,1.0002645288321175,-0.00026757828571162,-0.000264658381823567,-1.2037429833181919,0.23278215873629307,-0.029039175418101165,-402.90377430836196,766.4889709132685,-364.3247879742486,-0.7395913693418846
3.2,-0.012762252780115193,0.3494699641519362,-0.2,-2.0060645455802875,1.0002645288321175,-0.00026757828571162,-0.000264658381823567,-1.2037429833181919,0.23278215873629307,-0.029039175418101165,-402.90377430836196,766.4889709132685,-364.3247879742486,-0.7395913693418846
3.22,-0.012701190602988195,0.1329205128253619,0.2,-2.0060645455802875,1.0002645288321175,-0.00026757828571162,-0.000264658381823567,-1.2037429833181919,0.23278215873629307,-0.029039175418101165,-402.90377430836196,766.4889709132685,-364.3247879742486,-0.7395913693418846
3.24,-0.012841498080070396,-0.15098875123636069,0.2,-2.0060645455802875,1.0002645288321175,-0.00026757828571162,-0.000264658381823567,-1.2037429833181919,0.23278215873629307,-0.029039175418101165,-402.90377430836196,766.4889709132685,-364.3247879742486,-0.7395913693418846
3.2600000000000002,-0.013050770126424823,-0.39315959469628026,0.2,-2.0060645455802875,1.0002645288321175,-0.00026757828571162,-0.000264658381823567,-1.2037429833181919,0.23278215873629307,-0.029039175418101165,-402.90377430836196,766.4889709132685,-364.3247879742486,-0.7395913693418846
3.2800000000000002,-0.013190178610161685,-0.5717514350618951,0.2,-2.0060645455802875,1.0002645288321175,-0.00026757828571162,-0.000264658381823567,-1.2037429833181919,0.23278215873629307,-0.029039175418101165,-402.90377430836196,766.4889709132685,-364.3247879742486,-0.7395913693418846
3.3000000000000003,-0.013148527593426431,-0.6912081258127628,0.2,-2.0060645455802875,1.0002645288321175,-0.00026757828571162,-0.000264658381823567,-1.2037429833181919,0.23278215873629307,-0.029039175418101165,-402.90377430836196,766.4889709132685,-364.3247879742486,-0.7395913693418846
3.3200000000000003,-0.012846244062787577,-0.46555001467765056,-0.2,-2.0060645455802875,1.0002645288321175,-0.00026757828571162,-0.000264658381823567,-1.2037429833181919,0.23278215873629307,-0.029039175418101165,-402.90377430836196,766.4889709132685,-364.3247879742486,-0.7395913693418846
3.34,-0.012309858509280151,-0.1717051506918628,-0.2,-2.0060645455802875,1.0002645288321175,-0.00026757828571162,-0.000264658381823567,-1.2037429833181919,0.23278215873629307,-0.029039175418101165,-402.90377430836196,766.4889709132685,-364.3247879742486,-0.7395913693418846
3.36,-0.011674568382199218,0.08096699874035805,-0.2,-2.0060641733201243,1.000265087484619,-0.0002675893226425475,-0.00026465411594578034,-1.2037429833181919,0.23278215873629307,-0.029039175418101165,-402.90377430836196,766.4889709132685,-364.3247879742486,-0.7395913693418846
3.38,-0.011082195642250926,0.27041529943987563,-0.2,-2.0060641733201243,1.000265087484619,-0.0002675893226425475,-0.00026465411594578034,-1.2037429833181919,0.23278215873629307,-0.029039175418101165,-402.90377430836196,766.4889709132685,-364.3247879742486,-0.7395913693418846
3.4,-0.010647022525756868,0.4009154663859372,-0.2,-2.0060641733201243,1.000265087484619,-0.0002675893226425475,-0.00026465411594578034,-1.2037429833181919,0.23278215873629307,-0.029039175418101165,-402.90377430836196,766.4889709132685,-364.3247879742486,-0.7395913693418846
3.42,-0.01045171526698378,0.1863554957594659,0.2,-2.0060641733201243,1.000265087484619,-0.0002675893226425475,-0.00026465411594578034,-1.2037429833181919,0.23278215873629307,-0.029039175418101165,-402.90377430836196,766.4889709132685,-364.3247879742486,-0.7395913693418846
3.44,-0.010472776779094523,-0.09643852063572825,0.2,-2.0060641733201243,1.000265087484619,-0.0002675893226425475,-0.00026465411594578034,-1.2037429833181919,0.23278215873629307,-0.029039175418101165,-402.90377430836196,766.4889709132685,-364.3247879742486,-0.7395913693418846
3.46,-0.010577939427805516,-0.3381862189108962,0.2,-2.0060641733201243,1.000265087484619,-0.0002675893226425475,-0.00026465411594578034,-1.2037429833181919,0.23278215873629307,-0.029039175418101165,-402.90377430836196,766.4889709132685,-364.3247879742486,-0.7395913693418846
3.48,-0.01062818182734865,-0.5168996304048954,0.2,-2.0060641733201243,1.000265087484619,-0.0002675893226425475,-0.00026465411594578034,-1.2037429833181919,0.23278215873629307,-0.029039175418101165,-402.90377430836196,766.4889709132685,-364.3247879742486,-0.7395913693418846
3.5,-0.010511871971084425,-0.6369036339852134,0.2,-2.0060641733201243,1.000265087484619,-0.0002675893226425475,-0.00026465411594578034,-1.2037429833181919,0.23278215873629307,-0.029039175418101165,-402.90377430836196,766.4889709132685,-364.3247879742486,-0.7395913693418846
3.52,-0.01014882690805902,-0.4121224710817446,-0.2,-2.0060641733201243,1.000265087484619,-0.0002675893226425475,-0.00026465411594578034,-1.2037429833181919,0.23278215873629307,-0.029039175418101165,-402.90377430836196,766.4889709132685,-364.3247879742486,-0.7395913693418846
3.54,-0.009564850070001622,-0.11940762341882608,-0.2,-2.0060641733201243,1.000265087484619,-0.0002675893226425475,-0.00026465411594578034,-1.2037429833181919,0.23278215873629307,-0.029039175418101165,-402.90377430836196,766.4889709132685,-364.3247879742486,-0.7395913693418846
3.56,-0.008894336428597095,0.1319429457328559,-0.2,-2.0060641733201243,1.000265087484619,-0.0002675893226425475,-0.00026465411594578034,-1.2037429833181919,0.23278215873629307,-0.029039175418101165,-402.90377430836196,766.4889709132685,-364.3247879742486,-0.7395913693418846
3.58,-0.00827825810121211,0.31992930528598795,-0.2,-2.0060641733201243,1.000265087484619,-0.0002675893226425475,-0.00026465411594578034,-1.2037429833181919,0.23278215873629307,-0.029039175418101165,-402.90377430836196,766.4889709132685,-364.3247879742486,-0.7395913693418846
3.6,-0.007830023924402104,0.4488695749696573,-0.2,-2.0060641733201243,1.000265087484619,-0.0002675893226425475,-0.00026465411594578034,-1.2037429833181919,0.23278215873629307,-0.029039175418101165,-402.90377430836196,766.4889709132685,-364.3247879742486,-0.7395913693418846
3.62,-0.00763142313757155,0.2326861744945036,0.2,-2.0060641733201243,1.000265087484619,-0.0002675893226425475,-0.00026465411594578034,-1.2037429833181919,0.23278215873629307,-0.029039175418101165,-402.90377430836196,766.4889709132685,-364.3247879742486,-0.7395913693418846
3.64,-0.007658091590610255,-0.0517664140665193,0.2,-2.0060641733201243,1.000265087484619,-0.0002675893226425475,-0.00026465411594578034,-1.2037429833181919,0.23278215873629307,-0.029039175418101165,-402.90377430836196,766.4889709132685,-364.3247879742486,-0.7395913693418846
3.66,-0.0077769163225979866,-0.29518493219817604,0.2,-2.0060641733201243,1.000265087484619,-0.0002675893226425475,-0.00026465411594578034,-1.2037429833181919,0.23278215873629307,-0.029039175418101165,-402.90377430836196,766.4889709132685,-364.3247879742486,-0.7395913693418846
3.68,-0.007848064063246915,-0.4755643906739605,0.2,-2.0060641733201243,1.000265087484619,-0.0002675893226425475,-0.00026465411594578034,-1.2037429833181919,0.23278215873629307,-0.029039175418101165,-402.90377430836196,766.4889709132685,-364.3247879742486,-0.7395913693418846
3.7,-0.00775913137563614,-0.5972171999161593,0.2,-2.0060641733201243,1.000265087484619,-0.0002675893226425475,-0.00026465411594578034,-1.2037429833181919,0.23278215873629307,-0.029039175418101165,-402.90377430836196,766.4889709132685,-364.3247879742486,-0.7395913693418846
3.72,-0.007429208071931293,-0.37405838645714684,-0.2,-2.0060641733201243,1.000265087484619,-0.0002675893226425475,-0.00026465411594578034,-1.2037429833181919,0.23278215873629307,-0.029039175418101165,-402.90377430836196,766.4889709132685,-364.3247879742486,-0.7395913693418846
3.74,-0.006883418288102271,-0.08293342487061447,-0.2,-2.0060641733201243,1.000265087484619,-0.0002675893226425475,-0.00026465411594578034,-1.2037429833181919,0.23278215873629307,-0.029039175418101165,-402.90377430836196,766.4889709132685,-364.3247879742486,-0.7395913693418846
3.7600000000000002,-0.006255525356462098,0.1668639372495619,-0.2,-2.0060641733201243,1.000265087484619,-0.0002675893226425475,-0.00026465411594578034,-1.2037429833181919,0.23278215873629307,-0.029039175418101165,-402.90377430836196,766.4889709132685,-364.3247879742486,-0.7395913693418846
3.7800000000000002,-0.005685913208790411,0.3533380345073589,-0.2,-2.0060641733201243,1.000265087484619,-0.0002675893226425475,-0.00026465411594578034,-1.2037429833181919,0.23278215873629307,-0.029039175418101165,-402.90377430836196,766.4889709132685,-364.3247879742486,-0.7395913693418846
3.8000000000000003,-0.005287444000639737,0.18497431075374385,0.2,-2.0060641733201243,1.000265087484619,-0.0002675893226425475,-0.00026465411594578034,-1.2037429833181919,0.23278215873629307,-0.029039175418101165,-402.90377430836196,766.4889709132685,-364.3247879742486,-0.7395913693418846
3.8200000000000003,-0.00506264978831173,-0.06117426562883996,0.2,-2.0060641733201243,1.000265087484619,-0.0002675893226425475,-0.00026465411594578034,-1.2037429833181919,0.23278215873629307,-0.029039175418101165,-402.90377430836196,766.4889709132685,-364.3247879742486,-0.7395913693418846
3.84,-0.004899896658264789,-0.27442298653806796,0.2,-2.0060641733201243,1.000265087484619,-0.0002675893226425475,-0.00026465411594578034,-1.2037429833181919,0.23278215873629307,-0.029039175418101165,-402.90377430836196,766.4889709132685,-364.3247879742486,-0.7395913693418846
3.86,-0.0046759584785620225,-0.4313346223664184,0.2,-2.0060641733201243,1.000265087484619,-0.0002675893226425475,-0.00026465411594578034,-1.2037429833181919,0.23278215873629307,-0.029039175418101165,-402.90377430836196,766.4889709132685,-364.3247879742486,-0.7395913693418846
3.88,-0.004291012097165189,-0.534978152424198,0.2,-2.0060641733201243,1.000265087484619,-0.0002675893226425475,-0.00026465411594578034,-1.2037429833181919,0.23278215873629307,-0.029039175418101165,-402.90377430836196,766.4889709132685,-364.3247879742486,-0.7395913693418846
3.9,-0.0036734857644938413,-0.594071897918788,0.2,-2.0060641733201243,1.000265087484619,-0.0002675893226425475,-0.00026465411594578034,-1.2037429833181919,0.23278215873629307,-0.029039175418101165,-402.90377430836196,766.4889709132685,-364.3247879742486,-0.7395913693418846
3.92,-0.002776510155286627,-0.3214860075763213,-0.2,-2.0060641733201243,1.000265087484619,-0.0002675893226425475,-0.00026465411594578034,-1.2037429833181919,0.23278215873629307,-0.029039175418101165,-402.90377430836196,766.4889709132685,-364.3247879742486,-0.7395913693418846
3.94,-0.0016517630234016306,0.008006695431144073,-0.2,-2.0060641733201243,1.000265087484619,-0.0002675893226425475,-0.00026465411594578034,-1.2037429833181919,0.23278215873629307,-0.029039175418101165,-402.90377430836196,766.4889709132685,-364.3247879742486,-0.7395913693418846
3.96,-0.00045305656340435363,0.28710959310144957,-0.2,-2.0060641733201243,1.000265087484619,-0.0002675893226425475,-0.00026465411594578034,-1.2037429833181919,0.23278215873629307,-0.029039175418101165,-402.90377430836196,766.4889709132685,-364.3247879742486,-0.7395913693418846
3.98,0.0006644862897137002,0.49553360745892017,-0.2,-2.0060641733201243,1.000265087484619,-0.0002675893226425475,-0.00026465411594578034,-1.2037429833181919,0.23278215873629307,-0.029039175418101165,-402.90377430836196,766.4889709132685,-364.3247879742486,-0.7395913693418846
4.0,0.0015775050156195027,0.6390134697946996,-0.2,-2.0060641733201243,1.000265087484619,-0.0002675893226425475,-0.00026465411594578034,-1.2037429833181919,0.23278215873629307,-0.029039175418101165,-402.90377430836196,766.4889709132685,-364.3247879742486,-0.7395913693418846
4.0200000000000005,0.002197567644630126,0.4326326785088681,0.2,-2.0060641733201243,1.000265087484619,-0.0002675893226425475,-0.00026465411594578034,-1.2037429833181919,0.23278215873629307,-0.029039175418101165,-402.90377430836196,766.4889709132685,-364.3247879742486,-0.7395913693418846
4.04,0.0025449812804230138,0.15419461095862166,0.2,-2.0060641733201243,1.000265087484619,-0.0002675893226425475,-0.00026465411594578034,-1.2037429833181919,0.23278215873629307,-0.029039175418101165,-402.90377430836196,766.4889709132685,-364.3247879742486,-0.7395913693418846
4.0600000000000005,0.002750801801737653,-0.08622362560240525,0.2,-2.0060641733201243,1.000265087484619,-0.0002675893226425475,-0.00026465411594578034,-1.2037429833181919,0.23278215873629307,-0.029039175418101165,-402.90377430836196,766.4889709132685,-364.3247879742486,-0.7395913693418846
4.08,0.002954332163427551,-0.26598771395131976,0.2,-2.0060641733201243,1.000265087484619,-0.0002675893226425475,-0.00026465411594578034,-1.2037429833181919,0.23278215873629307,-0.029039175418101165,-402.90377430836196,766.4889709132685,-364.3247879742486,-0.7395913693418846
4.1,0.003268594805400935,-0.3888986648517332,0.2,-2.0060641733201243,1.000265087484619,-0.0002675893226425475,-0.00026465411594578034,-1.2037429833181919,0.23278215873629307,-0.029039175418101165,-402.90377430836196,766.4889709132685,-364.3247879742486,-0.7395913693418846
4.12,0.003775967497559513,-0.1684563071523872,-0.2,-2.0060641733201243,1.000265087484619,-0.0002675893226425475,-0.00026465411594578034,-1.2037429833181919,0.23278215873629307,-0.029039175418101165,-402.90377430836196,766.4889709132685,-364.3247879742486,-0.7395913693418846
4.14,0.004453401895810934,0.11882988336667816,-0.2,-2.0060641733201243,1.000265087484619,-0.0002675893226425475,-0.00026465411594578034,-1.2037429833181919,0.23278215873629307,-0.029039175418101165,-402.90377430836196,766.4889709132685,-364.3247879742486,-0.7395913693418846
4.16,0.005169632265563127,0.36393871180709003,-0.2,-2.0060641733201243,1.000265087484619,-0.0002675893226425475,-0.00026465411594578034,-1.2037429833181919,0.23278215873629307,-0.029039175418101165,-402.90377430836196,766.4889709132685,-364.3247879742486,-0.7395913693418846
4.18,0.005787050510140389,0.5450967144104825,-0.2,-2.0060641733201243,1.000265087484619,-0.0002675893226425475,-0.00026465411594578034,-1.2037429833181919,0.23278215873629307,-0.029039175418101165,-402.90377430836196,766.4889709132685,-364.3247879742486,-0.7395913693418846
4.2,0.0061957330208797234,0.37096936181377693,0.2,-2.0060641733201243,1.000265087484619,-0.0002675893226425475,-0.00026465411594578034,-1.2037429833181919,0.23278215873629307,-0.029039175418101165,-402.90377430836196,766.4889709132685,-364.3247879742486,-0.7395913693418846
4.22,0.006396156819345691,0.11875382909231172,0.2,-2.0060641733201243,1.000265087484619,-0.0002675893226425475,-0.00026465411594578034,-1.2037429833181919,0.23278215873629307,-0.029039175418101165,-402.90377430836196,766.4889709132685,-364.3247879742486,-0.7395913693418846
4.24,0.0065029647423023,-0.1007505753300844,0.2,-2.0060641733201243,1.000265087484619,-0.0002675893226425475,-0.00026465411594578034,-1.2037429833181919,0.23278215873629307,-0.029039175418101165,-402.90377430836196,766.4889709132685,-364.3247879742486,-0.7395913693418846
4.26,0.006642340617501336,-0.26401537143046655,0.2,-2.0060641733201243,1.000265087484619,-0.0002675893226425475,-0.00026465411594578034,-1.2037429833181919,0.23278215873629307,-0.029039175418101165,-402.90377430836196,766.4889709132685,-364.3247879742486,-0.7395913693418846
4.28,0.006916976766992511,-0.3740370022182733,0.2,-2.0060641733201243,1.000265087484619,-0.0002675893226425475,-0.00026465411594578034,-1.2037429833181919,0.23278215873629307,-0.029039175418101165,-402.90377430836196,766.4889709132685,-364.3247879742486,-0.7395913693418846
4.3,0.007401198286892359,-0.4394766789649809,0.2,-2.0060641733201243,1.000265087484619,-0.0002675893226425475,-0.00026465411594578034,-1.2037429833181919,0.23278215873629307,-0.029039175418101165,-402.90377430836196,766.4889709132685,-364.3247879742486,-0.7395913693418846
4.32,0.008144492996067804,-0.17316013907220618,-0.2,-2.0060641733201243,1.000265087484619,-0.0002675893226425475,-0.00026465411594578034,-1.2037429833181919,0.23278215873629307,-0.029039175418101165,-402.90377430836196,766.4889709132685,-364.3247879742486,-0.7395913693418846
4.34,0.009097657692373248,0.150175138477035,-0.2,-2.0060641733201243,1.000265087484619,-0.0002675893226425475,-0.00026465411594578034,-1.2037429833181919,0.23278215873629307,-0.029039175418101165,-402.90377430836196,766.4889709132685,-364.3247879742486,-0.7395913693418846
4.36,0.010109207107195694,0.42326119404248863,-0.2,-2.0060641733201243,1.000265087484619,-0.0002675893226425475,-0.00026465411594578034,-1.2037429833181919,0.23278215873629307,-0.029039175418101165,-402.90377430836196,766.4889709132685,-364.3247879742486,-0.7395913693418846
4.38,0.011026192575285816,0.6258305080568957,-0.2,-2.0060641733201243,1.000265087484619,-0.0002675893226425475,-0.00026465411594578034,-1.2037429833181919,0.23278215873629307,-0.029039175418101165,-402.90377430836196,766.4889709132685,-364.3247879742486,-0.7395913693418846
4.4,0.011727271717993367,0.4677958899964567,0.2,-2.0060641733201243,1.000265087484619,-0.0002675893226425475,-0.00026465411594578034,-1.2037429833181919,0.23278215873629307,-0.029039175418101165,-402.90377430836196,766.4889709132685,-364.3247879742486,-0.7395913693418846
4.42,0.012204620159922533,0.22737509357484367,0.2,-2.0060641733201243,1.000265087484619,-0.0002675893226425475,-0.00026465411594578034,-1.2037429833181919,0.23278215873629307,-0.029039175418101165,-402.90377430836196,766.4889709132685,-364.3247879742486,-0.7395913693418846
4.44,0.012567043019803738,0.016200064370244155,0.2,-2.006063674735852,1.0002655032990653,-0.0002676006994043174,-0.0002646497821366874,-1.2037429833181919,0.23278215873629307,-0.029039175418101165,-402.90377430836196,766.4889709132685,-364.3247879742486,-0.7395913693418846
4.46,0.012936828447524081,-0.1415192287840238,0.2,-2.006063090238688,1.0002658635017325,-0.00026760806078795845,-0.00026464623100730606,-1.2037429833181919,0.23278215873629307,-0.029039175418101165,-402.90377430836196,766.4889709132685,-364.3247879742486,-0.7395913693418846
4.48,0.013414292237666995,-0.24822142098906982,0.2,-2.006062485800245,1.0002661479356914,-0.00026761187913562976,-0.0002646432823788529,-1.2037429833181919,0.23278215873629307,-0.029039175418101165,-402.90377430836196,766.4889709132685,-364.3247879742486,-0.7395913693418846
4.5,0.014072559213786306,-0.31211202976653507,0.2,-2.006062485800245,1.0002661479356914,-0.00026761187913562976,-0.0002646432823788529,-1.2037429833181919,0.23278215873629307,-0.029039175418101165,-402.90377430836196,766.4889709132685,-364.3247879742486,-0.7395913693418846
4.5200000000000005,0.014960816440067751,-0.04564531960013235,-0.2,-2.006062485800245,1.0002661479356914,-0.00026761187913562976,-0.0002646432823788529,-1.2037429833181919,0.23278215873629307,-0.029039175418101165,-402.90377430836196,766.4889709132685,-364.3247879742486,-0.7395913693418846
4.54,0.016030244777538234,0.27674648595336465,-0.2,-2.006062485800245,1.0002661479356914,-0.00026761187913562976,-0.0002646432823788529,-1.2037429833181919,0.23278215873629307,-0.029039175418101165,-402.90377430836196,766.4889709132685,-364.3247879742486,-0.7395913693418846
4.5600000000000005,0.017130252654653382,0.548045758384887,-0.2,-2.006062485800245,1.0002661479356914,-0.00026761187913562976,-0.0002646432823788529,-1.2037429833181919,0.23278215873629307,-0.029039175418101165,-402.90377430836196,766.4889709132685,-364.3247879742486,-0.7395913693418846
4.58,0.01810914418417201,0.7481857054952811,-0.2,-2.006062485800245,1.0002661479356914,-0.00026761187913562976,-0.0002646432823788529,-1.2037429833181919,0.23278215873629307,-0.029039175418101165,-402.90377430836196,766.4889709132685,-364.3247879742486,-0.7395913693418846
4.6000000000000005,0.01884707166478804,0.5872389192785588,0.2,-2.006062485800245,1.0002661479356914,-0.00026761187913562976,-0.0002646432823788529,-1.2037429833181919,0.23278215873629307,-0.029039175418101165,-402.90377430836196,766.4889709132685,-364.3247879742486,-0.7395913693418846
4.62,0.019337847737561805,0.3435463586842309,0.2,-2.006062485800245,1.0002661479356914,-0.00026761187913562976,-0.0002646432823788529,-1.2037429833181919,0.23278215873629307,-0.029039175418101165,-402.90377430836196,766.4889709132685,-364.3247879742486,-0.7395913693418846
4.64,0.0196919884424136,0.12883604071906943,0.2,-2.006061480353521,1.0002670284548303,-0.0002676329840946669,-0.0002646343260961833,-1.2037429833181919,0.23278215873629307,-0.029039175418101165,-402.90377430836196,766.4889709132685,-364.3247879742486,-0.7395913693418846
4.66,0.02003353094227004,-0.032600773097660046,0.2,-2.0060603868026226,1.0002678264175229,-0.0002676484574698593,-0.00026462653547917956,-1.2037429833181919,0.23278215873629307,-0.029039175418101165,-402.90377430836196,766.4889709132685,-364.3247879742486,-0.7395913693418846
4.68,0.020464546211631476,-0.14313374789475874,0.2,-2.0060593041978914,1.000268498631372,-0.00026765875756844357,-0.0002646198275323695,-1.2037429833181919,0.23278215873629307,-0.029039175418101165,-402.90377430836196,766.4889709132685,-364.3247879742486,-0.7395913693418846
4.7,0.021059891556338486,0.08492494142000875,-0.2,-2.0060582410726906,1.0002690642537386,-0.00026766568282033504,-0.00026461383214002927,-1.2037429833181919,0.23278215873629307,-0.029039175418101165,-402.90377430836196,766.4889709132685,-364.3247879742486,-0.7395913693418846
4.72,0.021791708055310156,0.3760466365549572,-0.2,-2.006057173157436,1.0002695530746404,-0.00026767067451276256,-0.0002646081962199168,-1.2037429833181919,0.23278215873629307,-0.029039175418101165,-402.90377430836196,766.4889709132685,-364.3247879742486,-0.7395913693418846
4.74,0.022526028841349275,0.6220149614394073,-0.2,-2.006057173157436,1.0002695530746404,-0.00026767067451276256,-0.0002646081962199168,-1.2037429833181919,0.23278215873629307,-0.029039175418101165,-402.90377430836196,766.4889709132685,-364.3247879742486,-0.7395913693418846
4.76,0.023124140247181967,0.8017037563531785,-0.2,-2.006057173157436,1.0002695530746404,-0.00026767067451276256,-0.0002646081962199168,-1.2037429833181919,0.23278215873629307,-0.029039175418101165,-402.90377430836196,766.4889709132685,-364.3247879742486,-0.7395913693418846
4.78,0.02347620510220394,0.9201335063574965,-0.2,-2.006057173157436,1.0002695530746404,-0.00026767067451276256,-0.0002646081962199168,-1.2037429833181919,0.23278215873629307,-0.029039175418101165,-402.90377430836196,766.4889709132685,-364.3247879742486,-0.7395913693418846
4.8,0.023504914003521928,0.9876267660859026,-0.2,-2.006057173157436,1.0002695530746404,-0.00026767067451276256,-0.0002646081962199168,-1.2037429833181919,0.23278215873629307,-0.029039175418101165,-402.90377430836196,766.4889709132685,-364.3247879742486,-0.7395913693418846
4.82,0.023160954486009116,0.7183627473566482,0.2,-2.006057173157436,1.0002695530746404,-0.00026767067451276256,-0.0002646081962199168,-1.2037429833181919,0.23278215873629307,-0.029039175418101165,-402.90377430836196,766.4889709132685,-364.3247879742486,-0.7395913693418846
4.84,0.02249604201205165,0.38817074539431795,0.2,-2.006057173157436,1.0002695530746404,-0.00026767067451276256,-0.0002646081962199168,-1.2037429833181919,0.23278215873629307,-0.029039175418101165,-402.90377430836196,766.4889709132685,-364.3247879742486,-0.7395913693418846
4.86,0.021665880572672384,0.10520417045327693,0.2,-2.0060564030092958,1.000270695997993,-0.0002676933200432698,-0.0002645990385898208,-1.2037429833181919,0.23278215873629307,-0.029039175418101165,-402.90377430836196,766.4889709132685,-364.3247879742486,-0.7395913693418846
4.88,0.02082887664267037,-0.10953780794803307,0.2,-2.0060556400150906,1.0002716363624002,-0.00026770765886479937,-0.00026459202837045927,-1.2037429833181919,0.23278215873629307,-0.029039175418101165,-402.90377430836196,766.4889709132685,-364.3247879742486,-0.7395913693418846
4.9,0.020112678789916478,0.0346327293078989,-0.2,-2.006054956695301,1.0002723340130355,-0.00026771525949155294,-0.0002645868767082656,-1.2037429833181919,0.23278215873629307,-0.029039175418101165,-402.90377430836196,766.4889709132685,-364.3247879742486,-0.7395913693418846
4.92,0.01953195532043458,0.25998878533965286,-0.2,-2.006054956695301,1.0002723340130355,-0.00026771525949155294,-0.0002645868767082656,-1.2037429833181919,0.23278215873629307,-0.029039175418101165,-402.90377430836196,766.4889709132685,-364.3247879742486,-0.7395913693418846
4.94,0.01898502373743769,0.4552920022454009,-0.2,-2.006054956695301,1.0002723340130355,-0.00026771525949155294,-0.0002645868767082656,-1.2037429833181919,0.23278215873629307,-0.029039175418101165,-402.90377430836196,766.4889709132685,-364.3247879742486,-0.7395913693418846
4.96,0.018356784176876074,0.5966395847297796,-0.2,-2.006054956695301,1.0002723340130355,-0.00026771525949155294,-0.0002645868767082656,-1.2037429833181919,0.23278215873629307,-0.029039175418101165,-402.90377430836196,766.4889709132685,-364.3247879742486,-0.7395913693418846
4.98,0.017554025348299973,0.6867101943149596,-0.2,-2.006054956695301,1.0002723340130355,-0.00026771525949155294,-0.0002645868767082656,-1.2037429833181919,0.23278215873629307,-0.029039175418101165,-402.90377430836196,766.4889709132685,-364.3247879742486,-0.7395913693418846
5.0,0.01651053800980503,0.43806131644772384,0.2,-2.006054956695301,1.0002723340130355,-0.00026771525949155294,-0.0002645868767082656,-1.2037429833181919,0.23278215873629307,-0.029039175418101165,-402.90377430836196,766.4889709132685,-364.3247879742486,-0.7395913693418846
5.0200000000000005,0.01526252894493312,0.12641879433048264,0.2,-2.006054956695301,1.0002723340130355,-0.00026771525949155294,-0.0002645868767082656,-1.2037429833181919,0.23278215873629307,-0.029039175418101165,-402.90377430836196,766.4889709132685,-364.3247879742486,-0.7395913693418846
5.04,0.01395195374566331,-0.13984092001030152,0.2,-2.006054956695301,1.0002723340130355,-0.00026771525949155294,-0.0002645868767082656,-1.2037429833181919,0.23278215873629307,-0.029039175418101165,-402.90377430836196,766.4889709132685,-364.3247879742486,-0.7395913693418846
5.0600000000000005,0.012725102789203933,-0.3394670052456916,0.2,-2.006054956695301,1.0002723340130355,-0.00026771525949155294,-0.0002645868767082656,-1.2037429833181919,0.23278215873629307,-0.029039175418101165,-402.90377430836196,766.4889709132685,-364.3247879742486,-0.7395913693418846
5.08,0.011698937348631512,-0.47738806900302333,0.2,-2.006054956695301,1.0002723340130355,-0.00026771525949155294,-0.0002645868767082656,-1.2037429833181919,0.23278215873629307,-0.029039175418101165,-402.90377430836196,766.4889709132685,-364.3247879742486,-0.7395913693418846
5.1000000000000005,0.010957413636931567,-0.268026029746289,-0.2,-2.006054956695301,1.0002723340130355,-0.00026771525949155294,-0.0002645868767082656,-1.2037429833181919,0.23278215873629307,-0.029039175418101165,-402.90377430836196,766.4889709132685,-364.3247879742486,-0.7395913693418846
5.12,0.01047725761039146,0.011356206807366181,-0.2,-2.006054956695301,1.0002723340130355,-0.00026771525949155294,-0.0002645868767082656,-1.2037429833181919,0.23278215873629307,-0.029039175418101165,-402.90377430836196,766.4889709132685,-364.3247879742486,-0.7395913693418846
5.14,0.010125615456300632,0.25112063083110897,-0.2,-2.006054956695301,1.0002723340130355,-0.00026771525949155294,-0.0002645868767082656,-1.2037429833181919,0.23278215873629307,-0.029039175418101165,-402.90377430836196,766.4889709132685,-364.3247879742486,-0.7395913693418846
5.16,0.009762277309038603,0.4289866541182942,-0.2,-2.006054956695301,1.0002723340130355,-0.00026771525949155294,-0.0002645868767082656,-1.2037429833181919,0.23278215873629307,-0.029039175418101165,-402.90377430836196,766.4889709132685,-364.3247879742486,-0.7395913693418846
5.18,0.00927398724584159,0.549040601121638,-0.2,-2.006054956695301,1.0002723340130355,-0.00026771525949155294,-0.0002645868767082656,-1.2037429833181919,0.23278215873629307,-0.029039175418101165,-402.90377430836196,766.4889709132685,-364.3247879742486,-0.7395913693418846
5.2,0.008578635841746337,0.3250128234136903,0.2,-2.006054956695301,1.0002723340130355,-0.00026771525949155294,-0.0002645868767082656,-1.2037429833181919,0.23278215873629307,-0.029039175418101165,-402.90377430836196,766.4889709132685,-364.3247879742486,-0.7395913693418846
5.22,0.007699903576627336,0.03359808581318732,0.2,-2.006054956695301,1.0002723340130355,-0.00026771525949155294,-0.0002645868767082656,-1.2037429833181919,0.23278215873629307,-0.029039175418101165,-402.90377430836196,766.4889709132685,-364.3247879742486,-0.7395913693418846
5.24,0.006769947849612325,-0.21603225808979004,0.2,-2.006054956695301,1.0002723340130355,-0.00026771525949155294,-0.0002645868767082656,-1.2037429833181919,0.23278215873629307,-0.029039175418101165,-402.90377430836196,766.4889709132685,-364.3247879742486,-0.7395913693418846
5.26,0.005927449258902229,-0.40198146324302775,0.2,-2.006054956695301,1.0002723340130355,-0.00026771525949155294,-0.0002645868767082656,-1.2037429833181919,0.23278215873629307,-0.029039175418101165,-402.90377430836196,766.4889709132685,-364.3247879742486,-0.7395913693418846
5.28,0.005283518123758935,-0.5286517975694385,0.2,-2.006054956695301,1.0002723340130355,-0.00026771525949155294,-0.0002645868767082656,-1.2037429833181919,0.23278215873629307,-0.029039175418101165,-402.90377430836196,766.4889709132685,-364.3247879742486,-0.7395913693418846
5.3,0.004917674630112605,-0.6058704573751612,0.2,-2.006054956695301,1.0002723340130355,-0.00026771525949155294,-0.0002645868767082656,-1.2037429833181919,0.23278215873629307,-0.029039175418101165,-402.90377430836196,766.4889709132685,-364.3247879742486,-0.7395913693418846
5.32,0.0048820926161933995,-0.34741974630208017,-0.2,-2.006054956695301,1.0002723340130355,-0.00026771525949155294,-0.0002645868767082656,-1.2037429833181919,0.23278215873629307,-0.029039175418101165,-402.90377430836196,766.4889709132685,-364.3247879742486,-0.7395913693418846
5.34,0.005128323944584435,-0.0288198925095301,-0.2,-2.006054956695301,1.0002723340130355,-0.00026771525949155294,-0.0002645868767082656,-1.2037429833181919,0.23278215873629307,-0.029039175418101165,-402.90377430836196,766.4889709132685,-364.3247879742486,-0.7395913693418846
5.36,0.0055041727861417965,0.24202127497230658,-0.2,-2.006054956695301,1.0002723340130355,-0.00026771525949155294,-0.0002645868767082656,-1.2037429833181919,0.23278215873629307,-0.029039175418101165,-402.90377430836196,766.4889709132685,-364.3247879742486,-0.7395913693418846
5.38,0.005854890095665174,0.44431477616583914,-0.2,-2.006054956695301,1.0002723340130355,-0.00026771525949155294,-0.0002645868767082656,-1.2037429833181919,0.23278215873629307,-0.029039175418101165,-402.90377430836196,766.4889709132685,-364.3247879742486,-0.7395913693418846
5.4,0.00605654360843684,0.2875495577140056,0.2,-2.006054956695301,1.0002723340130355,-0.00026771525949155294,-0.0002645868767082656,-1.2037429833181919,0.23278215873629307,-0.029039175418101165,-402.90377430836196,766.4889709132685,-364.3247879742486,-0.7395913693418846
5.42,0.006098172566210106,0.04960149239403924,0.2,-2.006054956695301,1.0002723340130355,-0.00026771525949155294,-0.0002645868767082656,-1.2037429833181919,0.23278215873629307,-0.029039175418101165,-402.90377430836196,766.4889709132685,-364.3247879742486,-0.7395913693418846
5.44,0.006085087735284908,-0.15817293068089547,0.2,-2.006054956695301,1.0002723340130355,-0.00026771525949155294,-0.0002645868767082656,-1.2037429833181919,0.23278215873629307,-0.029039175418101165,-402.90377430836196,766.4889709132685,-364.3247879742486,-0.7395913693418846
5.46,0.006135863962915634,-0.3117884293737838,0.2,-2.006054956695301,1.0002723340130355,-0.00026771525949155294,-0.0002645868767082656,-1.2037429833181919,0.23278215873629307,-0.029039175418101165,-402.90377430836196,766.4889709132685,-364.3247879742486,-0.7395913693418846
5.48,0.00634699382904658,-0.41386717171258447,0.2,-2.006054956695301,1.0002723340130355,-0.00026771525949155294,-0.0002645868767082656,-1.2037429833181919,0.23278215873629307,-0.029039175418101165,-402.90377430836196,766.4889709132685,-364.3247879742486,-0.7395913693418846
5.5,0.006787754955072944,-0.17692719853973465,-0.2,-2.006054956695301,1.0002723340130355,-0.00026771525949155294,-0.0002645868767082656,-1.2037429833181919,0.23278215873629307,-0.029039175418101165,-402.90377430836196,766.4889709132685,-364.3247879742486,-0.7395913693418846
5.5200000000000005,0.00742477940753494,0.12332973225423674,-0.2,-2.006054956695301,1.0002723340130355,-0.00026771525949155294,-0.0002645868767082656,-1.2037429833181919,0.23278215873629307,-0.029039175418101165,-402.90377430836196,766.4889709132685,-364.3247879742486,-0.7395913693418846
5.54,0.008118727285457997,0.3785444308999458,-0.2,-2.006054956695301,1.0002723340130355,-0.00026771525949155294,-0.0002645868767082656,-1.2037429833181919,0.23278215873629307,-0.029039175418101165,-402.90377430836196,766.4889709132685,-364.3247879742486,-0.7395913693418846
5.5600000000000005,0.008725722682532968,0.5674845587834038,-0.2,-2.006054956695301,1.0002723340130355,-0.00026771525949155294,-0.0002645868767082656,-1.2037429833181919,0.23278215873629307,-0.029039175418101165,-402.90377430836196,766.4889709132685,-364.3247879742486,-0.7395913693418846
5.58,0.00913102344068117,0.6950940386065678,-0.2,-2.006054956695301,1.0002723340130355,-0.00026771525949155294,-0.0002645868767082656,-1.2037429833181919,0.23278215873629307,-0.029039175418101165,-402.90377430836196,766.4889709132685,-364.3247879742486,-0.7395913693418846
5.6000000000000005,0.009252696674107377,0.4758033536714812,0.2,-2.006054956695301,1.0002723340130355,-0.00026771525949155294,-0.0002645868767082656,-1.2037429833181919,0.23278215873629307,-0.029039175418101165,-402.90377430836196,766.4889709132685,-364.3247879742486,-0.7395913693418846
5.62,0.00911584642962527,0.18687762698724517,0.2,-2.006054956695301,1.0002723340130355,-0.00026771525949155294,-0.0002645868767082656,-1.2037429833181919,0.23278215873629307,-0.029039175418101165,-402.90377430836196,766.4889709132685,-364.3247879742486,-0.7395913693418846
5.64,0.008854968311375196,-0.062048056554421055,0.2,-2.006054956695301,1.0002723340130355,-0.00026771525949155294,-0.0002645868767082656,-1.2037429833181919,0.23278215873629307,-0.029039175418101165,-402.90377430836196,766.4889709132685,-364.3247879742486,-0.7395913693418846
5.66,0.008611734225820723,-0.24869953480498252,0.2,-2.006054956695301,1.0002723340130355,-0.00026771525949155294,-0.0002645868767082656,-1.2037429833181919,0.23278215873629307,-0.029039175418101165,-402.90377430836196,766.4889709132685,-364.3247879742486,-0.7395913693418846
5.68,0.008500693627340388,-0.37717144637540057,0.2,-2.006054956695301,1.0002723340130355,-0.00026771525949155294,-0.0002645868767082656,-1.2037429833181919,0.23278215873629307,-0.029039175418101165,-402.90377430836196,766.4889709132685,-364.3247879742486,-0.7395913693418846
5.7,0.00860509189278996,-0.1612038807050438,-0.2,-2.006054956695301,1.0002723340130355,-0.00026771525949155294,-0.0002645868767082656,-1.2037429833181919,0.23278215873629307,-0.029039175418101165,-402.90377430836196,766.4889709132685,-364.3247879742486,-0.7395913693418846
5.72,0.008902238030041401,0.12249766366063422,-0.2,-2.006054956695301,1.0002723340130355,-0.00026771525949155294,-0.0002645868767082656,-1.2037429833181919,0.23278215873629307,-0.029039175418101165,-402.90377430836196,766.4889709132685,-364.3247879742486,-0.7395913693418846
5.74,0.0092608314633688,0.3647515792190823,-0.2,-2.006054956695301,1.0002723340130355,-0.00026771525949155294,-0.0002645868767082656,-1.2037429833181919,0.23278215873629307,-0.029039175418101165,-402.90377430836196,766.4889709132685,-364.3247879742486,-0.7395913693418846
5.76,0.009542928303233767,0.5436515656099624,-0.2,-2.006054956695301,1.0002723340130355,-0.00026771525949155294,-0.0002645868767082656,-1.2037429833181919,0.23278215873629307,-0.029039175418101165,-402.90377430836196,766.4889709132685,-364.3247879742486,-0.7395913693418846
5.78,0.009638043043186117,0.6635896862300492,-0.2,-2.006054956695301,1.0002723340130355,-0.00026771525949155294,-0.0002645868767082656,-1.2037429833181919,0.23278215873629307,-0.029039175418101165,-402.90377430836196,766.4889709132685,-364.3247879742486,-0.7395913693418846
5.8,0.009467175013367067,0.4385450366462774,0.2,-2.006054956695301,1.0002723340130355,-0.00026771525949155294,-0.0002645868767082656,-1.2037429833181919,0.23278215873629307,-0.029039175418101165,-402.90377430836196,766.4889709132685,-364.3247879742486,-0.7395913693418846
5.82,0.00905732024422279,0.14541385662872916,0.2,-2.006054956695301,1.0002723340130355,-0.00026771525949155294,-0.0002645868767082656,-1.2037429833181919,0.23278215873629307,-0.029039175418101165,-402.90377430836196,766.4889709132685,-364.3247879742486,-0.7395913693418846
5.84,0.008544056278836427,-0.10646974842376133,0.2,-2.006054956695301,1.0002723340130355,-0.00026771525949155294,-0.0002645868767082656,-1.2037429833181919,0.23278215873629307,-0.029039175418101165,-402.90377430836196,766.4889709132685,-364.3247879742486,-0.7395913693418846
5.86,0.008069512016041348,-0.2950770305867375,0.2,-2.006054956695301,1.0002723340130355,-0.00026771525949155294,-0.0002645868767082656,-1.2037429833181919,0.23278215873629307,-0.029039175418101165,-402.90377430836196,766.4889709132685,-364.3247879742486,-0.7395913693418846
5.88,0.007748216697134617,-0.42470293989252383,0.2,-2.006054956695301,1.0002723340130355,-0.00026771525949155294,-0.0002645868767082656,-1.2037429833181919,0.23278215873629307,-0.029039175418101165,-402.90377430836196,766.4889709132685,-364.3247879742486,-0.7395913693418846
5.9,0.00766303645411154,-0.20925111382527475,-0.2,-2.006054956695301,1.0002723340130355,-0.00026771525949155294,-0.0002645868767082656,-1.2037429833181919,0.23278215873629307,-0.029039175418101165,-402.90377430836196,766.4889709132685,-364.3247879742486,-0.7395913693418846
5.92,0.00779063576733802,0.07443922186795371,-0.2,-2.006054956695301,1.0002723340130355,-0.00026771525949155294,-0.0002645868767082656,-1.2037429833181919,0.23278215873629307,-0.029039175418101165,-402.90377430836196,766.4889709132685,-364.3247879742486,-0.7395913693418846
5.94,0.007998879155944388,0.31707720918027293,-0.2,-2.006054956695301,1.0002723340130355,-0.00026771525949155294,-0.0002645868767082656,-1.2037429833181919,0.23278215873629307,-0.029039175418101165,-402.90377430836196,766.4889709132685,-364.3247879742486,-0.7395913693418846
5.96,0.008148857988362143,0.4966678482619348,-0.2,-2.006054956695301,1.0002723340130355,-0.00026771525949155294,-0.0002645868767082656,-1.2037429833181919,0.23278215873629307,-0.029039175418101165,-402.90377430836196,766.4889709132685,-364.3247879742486,-0.7395913693418846
5.98,0.008129039853620594,0.6175314650660131,-0.2,-2.006054956695301,1.0002723340130355,-0.00026771525949155294,-0.0002645868767082656,-1.2037429833181919,0.23278215873629307,-0.029039175418101165,-402.90377430836196,766.4889709132685,-364.3247879742486,-0.7395913693418846
6.0,0.007859332078729018,0.6894258137153475,-0.2,-2.006054956695301,1.0002723340130355,-0.00026771525949155294,-0.0002645868767082656,-1.2037429833181919,0.23278215873629307,-0.029039175418101165,-402.90377430836196,766.4889709132685,-364.3247879742486,-0.7395913693418846
6.0200000000000005,0.007286873482299205,0.4260739220942259,0.2,-2.006054956695301,1.0002723340130355,-0.00026771525949155294,-0.0002645868767082656,-1.2037429833181919,0.23278215873629307,-0.029039175418101165,-402.90377430836196,766.4889709132685,-364.3247879742486,-0.7395913693418846
6.04,0.006459338591987828,0.10294503038948788,0.2,-2.006054956695301,1.0002723340130355,-0.00026771525949155294,-0.0002645868767082656,-1.2037429833181919,0.23278215873629307,-0.029039175418101165,-402.90377430836196,766.4889709132685,-364.3247879742486,-0.7395913693418846
6.0600000000000005,0.0055280903312771735,-0.17209566062378207,0.2,-2.006054956695301,1.0002723340130355,-0.00026771525949155294,-0.0002645868767082656,-1.2037429833181919,0.23278215873629307,-0.029039175418101165,-402.90377430836196,766.4889709132685,-364.3247879742486,-0.7395913693418846
6.08,0.004647009314140856,-0.37829366308714896,0.2,-2.006054956695301,1.0002723340130355,-0.00026771525949155294,-0.0002645868767082656,-1.2037429833181919,0.23278215873629307,-0.029039175418101165,-402.90377430836196,766.4889709132685,-364.3247879742486,-0.7395913693418846
6.1000000000000005,0.003939139262455505,-0.521003351063783,0.2,-2.006054956695301,1.0002723340130355,-0.00026771525949155294,-0.0002645868767082656,-1.2037429833181919,0.23278215873629307,-0.029039175418101165,-402.90377430836196,766.4889709132685,-364.3247879742486,-0.7395913693418846
6.12,0.003493293316182768,-0.31499840942641255,-0.2,-2.006054956695301,1.0002723340130355,-0.00026771525949155294,-0.0002645868767082656,-1.2037429833181919,0.23278215873629307,-0.029039175418101165,-402.90377430836196,766.4889709132685,-364.3247879742486,-0.7395913693418846
6.140000000000001,0.0032900612640379343,-0.037830523944897526,-0.2,-2.006054956695301,1.0002723340130355,-0.00026771525949155294,-0.0002645868767082656,-1.2037429833181919,0.23278215873629307,-0.029039175418101165,-402.90377430836196,766.4889709132685,-364.3247879742486,-0.7395913693418846
6.16,0.0031996546052006523,0.20062713930885262,-0.2,-2.006054956695301,1.0002723340130355,-0.00026771525949155294,-0.0002645868767082656,-1.2037429833181919,0.23278215873629307,-0.029039175418101165,-402.90377430836196,766.4889709132685,-364.3247879742486,-0.7395913693418846
6.18,0.0030842938560768306,0.3779053045510785,-0.2,-2.006054956695301,1.0002723340130355,-0.00026771525949155294,-0.0002645868767082656,-1.2037429833181919,0.23278215873629307,-0.029039175418101165,-402.90377430836196,766.4889709132685,-364.3247879742486,-0.7395913693418846
6.2,0.002832646808319215,0.4979384990165213,-0.2,-2.006054956695301,1.0002723340130355,-0.00026771525949155294,-0.0002645868767082656,-1.2037429833181919,0.23278215873629307,-0.029039175418101165,-402.90377430836196,766.4889709132685,-364.3247879742486,-0.7395913693418846
6.22,0.0023641228190943433,0.2743343093852333,0.2,-2.006054956695301,1.0002723340130355,-0.00026771525949155294,-0.0002645868767082656,-1.2037429833181919,0.23278215873629307,-0.029039175418101165,-402.90377430836196,766.4889709132685,-364.3247879742486,-0.7395913693418846
6.24,0.001703600635214125,-0.016310907182620765,0.2,-2.006054956695301,1.0002723340130355,-0.00026771525949155294,-0.0002645868767082656,-1.2037429833181919,0.23278215873629307,-0.029039175418101165,-402.90377430836196,766.4889709132685,-364.3247879742486,-0.7395913693418846
6.26,0.0009841795055927451,-0.26490573879535007,0.2,-2.006054956695301,1.0002723340130355,-0.00026771525949155294,-0.0002645868767082656,-1.2037429833181919,0.23278215873629307,-0.029039175418101165,-402.90377430836196,766.4889709132685,-364.3247879742486,-0.7395913693418846
6.28,0.0003452732491480876,-0.4496202688346975,0.2,-2.006054956695301,1.0002723340130355,-0.00026771525949155294,-0.0002645868767082656,-1.2037429833181919,0.23278215873629307,-0.029039175418101165,-402.90377430836196,766.4889709132685,-364.3247879742486,-0.7395913693418846
6.3,-0.00010144059209063542,-0.5749117883333861,0.2,-2.006054956695301,1.0002723340130355,-0.00026771525949155294,-0.0002645868767082656,-1.2037429833181919,0.23278215873629307,-0.029039175418101165,-402.90377430836196,766.4889709132685,-364.3247879742486,-0.7395913693418846
6.32,-0.0002760039919602359,-0.35481517654756967,-0.2,-2.006054956695301,1.0002723340130355,-0.00026771525949155294,-0.0002645868767082656,-1.2037429833181919,0.23278215873629307,-0.029039175418101165,-402.90377430836196,766.4889709132685,-364.3247879742486,-0.7395913693418846
6.34,-0.0002046572318596424,-0.06627587755820091,-0.2,-2.006054956695301,1.0002723340130355,-0.00026771525949155294,-0.0002645868767082656,-1.2037429833181919,0.23278215873629307,-0.029039175418101165,-402.90377430836196,766.4889709132685,-364.3247879742486,-0.7395913693418846
6.36,-2.2390678500708286e-05,0.18132995608206762,-0.2,-2.006054956695301,1.0002723340130355,-0.00026771525949155294,-0.0002645868767082656,-1.2037429833181919,0.23278215873629307,-0.029039175418101165,-402.90377430836196,766.4889709132685,-364.3247879742486,-0.7395913693418846
6.38,0.00012911952422162547,0.3659404870281223,-0.2,-2.006054956695301,1.0002723340130355,-0.00026771525949155294,-0.0002645868767082656,-1.2037429833181919,0.23278215873629307,-0.029039175418101165,-402.90377430836196,766.4889709132685,-364.3247879742486,-0.7395913693418846
6.4,0.0001356866522913901,0.4918240858744316,-0.2,-2.006054956695301,1.0002723340130355,-0.00026771525949155294,-0.0002645868767082656,-1.2037429833181919,0.23278215873629307,-0.029039175418101165,-402.90377430836196,766.4889709132685,-364.3247879742486,-0.7395913693418846
6.42,-8.530595201020096e-05,0.27286180516166836,0.2,-2.006054956695301,1.0002723340130355,-0.00026771525949155294,-0.0002645868767082656,-1.2037429833181919,0.23278215873629307,-0.029039175418101165,-402.90377430836196,766.4889709132685,-364.3247879742486,-0.7395913693418846
6.44,-0.0005103501287568725,-0.014125963821272791,0.2,-2.006054956695301,1.0002723340130355,-0.00026771525949155294,-0.0002645868767082656,-1.2037429833181919,0.23278215873629307,-0.029039175418101165,-402.90377430836196,766.4889709132685,-364.3247879742486,-0.7395913693418846
6.46,-0.0010072025371353288,-0.2598645294260315,0.2,-2.006054956695301,1.0002723340130355,-0.00026771525949155294,-0.0002645868767082656,-1.2037429833181919,0.23278215873629307,-0.029039175418101165,-402.90377430836196,766.4889709132685,-364.3247879742486,-0.7395913693418846
6.48,-0.0014369045297282243,-0.4423742482108802,0.2,-2.006054956695301,1.0002723340130355,-0.00026771525949155294,-0.0002645868767082656,-1.2037429833181919,0.23278215873629307,-0.029039175418101165,-402.90377430836196,766.4889709132685,-364.3247879742486,-0.7395913693418846
6.5,-0.0016879241326189626,-0.5659899316307586,0.2,-2.006054956695301,1.0002723340130355,-0.00026771525949155294,-0.0002645868767082656,-1.2037429833181919,0.23278215873629307,-0.029039175418101165,-402.90377430836196,766.4889709132685,-364.3247879742486,-0.7395913693418846
6.5200000000000005,-0.0016802122896486355,-0.34464613402838595,-0.2,-2.006054956695301,1.0002723340130355,-0.00026771525949155294,-0.0002645868767082656,-1.2037429833181919,0.23278215873629307,-0.029039175418101165,-402.90377430836196,766.4889709132685,-364.3247879742486,-0.7395913693418846
6.54,-0.0014397401467331026,-0.05520606904871886,-0.2,-2.006054956695301,1.0002723340130355,-0.00026771525949155294,-0.0002645868767082656,-1.2037429833181919,0.23278215873629307,-0.029039175418101165,-402.90377430836196,766.4889709132685,-364.3247879742486,-0.7395913693418846
6.5600000000000005,-0.001101097955825835,0.1930213807726998,-0.2,-2.006054956695301,1.0002723340130355,-0.00026771525949155294,-0.0002645868767082656,-1.2037429833181919,0.23278215873629307,-0.029039175418101165,-402.90377430836196,766.4889709132685,-364.3247879742486,-0.7395913693418846
6.58,-0.0008054685663013648,0.3780292448787201,-0.2,-2.006054956695301,1.0002723340130355,-0.00026771525949155294,-0.0002645868767082656,-1.2037429833181919,0.23278215873629307,-0.029039175418101165,-402.90377430836196,766.4889709132685,-364.3247879742486,-0.7395913693418846
6.6000000000000005,-0.0006664819265265927,0.5041306619447525,-0.2,-2.006054956695301,1.0002723340130355,-0.00026771525949155294,-0.0002645868767082656,-1.2037429833181919,0.23278215873629307,-0.029039175418101165,-402.90377430836196,766.4889709132685,-364.3247879742486,-0.7395913693418846
6.62,-0.0007661576703582131,0.28524325542592577,0.2,-2.006054956695301,1.0002723340130355,-0.00026771525949155294,-0.0002645868767082656,-1.2037429833181919,0.23278215873629307,-0.029039175418101165,-402.90377430836196,766.4889709132685,-364.3247879742486,-0.7395913693418846
6.640000000000001,-0.001080368556460799,-0.0017827241304587405,0.2,-2.006054956695301,1.0002723340130355,-0.00026771525949155294,-0.0002645868767082656,-1.2037429833181919,0.23278215873629307,-0.029039175418101165,-402.90377430836196,766.4889709132685,-364.3247879742486,-0.7395913693418846
6.66,-0.0014762442778323572,-0.24764825666795415,0.2,-2.006054956695301,1.0002723340130355,-0.00026771525949155294,-0.0002645868767082656,-1.2037429833181919,0.23278215873629307,-0.029039175418101165,-402.90377430836196,766.4889709132685,-364.3247879742486,-0.7395913693418846
6.68,-0.0018142021654908884,-0.43035389762972953,0.2,-2.006054956695301,1.0002723340130355,-0.00026771525949155294,-0.0002645868767082656,-1.2037429833181919,0.23278215873629307,-0.029039175418101165,-402.90377430836196,766.4889709132685,-364.3247879742486,-0.7395913693418846
6.7,-0.001982097281021674,-0.5542183397618113,0.2,-2.006054956695301,1.0002723340130355,-0.00026771525949155294,-0.0002645868767082656,-1.2037429833181919,0.23278215873629307,-0.029039175418101165,-402.90377430836196,766.4889709132685,-364.3247879742486,-0.7395913693418846
6.72,-0.0018992846570175007,-0.33316302660561636,-0.2,-2.006054956695301,1.0002723340130355,-0.00026771525949155294,-0.0002645868767082656,-1.2037429833181919,0.23278215873629307,-0.029039175418101165,-402.90377430836196,766.4889709132685,-364.3247879742486,-0.7395913693418846
6.74,-0.0015911609028444326,-0.04404052520509469,-0.2,-2.006054956695301,1.0002723340130355,-0.00026771525949155294,-0.0002645868767082656,-1.2037429833181919,0.23278215873629307,-0.029039175418101165,-402.90377430836196,766.4889709132685,-364.3247879742486,-0.7395913693418846
6.76,-0.0011917661909180836,0.20384887222121295,-0.2,-2.006054956695301,1.0002723340130355,-0.00026771525949155294,-0.0002645868767082656,-1.2037429833181919,0.23278215873629307,-0.029039175418101165,-402.90377430836196,766.4889709132685,-364.3247879742486,-0.7395913693418846
6.78,-0.0008417597807454085,0.3885050823796964,-0.2,-2.006054956695301,1.0002723340130355,-0.00026771525949155294,-0.0002645868767082656,-1.2037429833181919,0.23278215873629307,-0.029039175418101165,-402.90377430836196,766.4889709132685,-364.3247879742486,-0.7395913693418846
6.8,-0.0006542756154791119,0.5142467680620012,-0.2,-2.006054956695301,1.0002723340130355,-0.00026771525949155294,-0.0002645868767082656,-1.2037429833181919,0.23278215873629307,-0.029039175418101165,-402.90377430836196,766.4889709132685,-364.3247879742486,-0.7395913693418846
6.82,-0.0007108653388423253,0.2949959777955049,0.2,-2.006054956695301,1.0002723340130355,-0.00026771525949155294,-0.0002645868767082656,-1.2037429833181919,0.23278215873629307,-0.029039175418101165,-402.90377430836196,766.4889709132685,-364.3247879742486,-0.7395913693418846
6.84,-0.000986961685247237,0.007606488012628726,0.2,-2.006054956695301,1.0002723340130355,-0.00026771525949155294,-0.0002645868767082656,-1.2037429833181919,0.23278215873629307,-0.029039175418101165,-402.90377430836196,766.4889709132685,-364.3247879742486,-0.7395913693418846
6.86,-0.001349281869117702,-0.23861989078865434,0.2,-2.006054956695301,1.0002723340130355,-0.00026771525949155294,-0.0002645868767082656,-1.2037429833181919,0.23278215873629307,-0.029039175418101165,-402.90377430836196,766.4889709132685,-364.3247879742486,-0.7395913693418846
6.88,-0.0016578575896477289,-0.4216815233577976,0.2,-2.006054956695301,1.0002723340130355,-0.00026771525949155294,-0.0002645868767082656,-1.2037429833181919,0.23278215873629307,-0.029039175418101165,-402.90377430836196,766.4889709132685,-364.3247879742486,-0.7395913693418846
6.9,-0.0018001842342864802,-0.5458954048887329,0.2,-2.006054956695301,1.0002723340130355,-0.00026771525949155294,-0.0002645868767082656,-1.2037429833181919,0.23278215873629307,-0.029039175418101165,-402.90377430836196,766.4889709132685,-364.3247879742486,-0.7395913693418846
6.92,-0.0016952821047525946,-0.3251816911221189,-0.2,-2.006054956695301,1.0002723340130355,-0.00026771525949155294,-0.0002645868767082656,-1.2037429833181919,0.23278215873629307,-0.029039175418101165,-402.90377430836196,766.4889709132685,-364.3247879742486,-0.7395913693418846
6.94,-0.0013682369508092435,-0.036392013277273844,-0.2,-2.006054956695301,1.0002723340130355,-0.00026771525949155294,-0.0002645868767082656,-1.2037429833181919,0.23278215873629307,-0.029039175418101165,-402.90377430836196,766.4889709132685,-364.3247879742486,-0.7395913693418846
6.96,-0.0009528007664945637,0.21117400089166063,-0.2,-2.006054956695301,1.0002723340130355,-0.00026771525949155294,-0.0002645868767082656,-1.2037429833181919,0.23278215873629307,-0.029039175418101165,-402.90377430836196,766.4889709132685,-364.3247879742486,-0.7395913693418846
6.98,-0.0005893660181612018,0.3955167477685795,-0.2,-2.006054956695301,1.0002723340130355,-0.00026771525949155294,-0.0002645868767082656,-1.2037429833181919,0.23278215873629307,-0.029039175418101165,-402.90377430836196,766.4889709132685,-364.3247879742486,-0.7395913693418846
7.0,-0.0003908199919288295,0.5209552156192262,-0.2,-2.006054956695301,1.0002723340130355,-0.00026771525949155294,-0.0002645868767082656,-1.2037429833181919,0.23278215873629307,-0.029039175418101165,-402.90377430836196,766.4889709132685,-364.3247879742486,-0.7395913693418846
7.0200000000000005,-0.0004384866233606224,0.3014116363343192,0.2,-2.006054956695301,1.0002723340130355,-0.00026771525949155294,-0.0002645868767082656,-1.2037429833181919,0.23278215873629307,-0.029039175418101165,-402.90377430836196,766.4889709132685,-364.3247879742486,-0.7395913693418846
7.04,-0.00070758872363264,0.013739851575710588,0.2,-2.006054956695301,1.0002723340130355,-0.00026771525949155294,-0.0002645868767082656,-1.2037429833181919,0.23278215873629307,-0.029039175418101165,-402.90377430836196,766.4889709132685,-364.3247879742486,-0.7395913693418846
7.0600000000000005,-0.0010646502169131043,-0.2327583496159754,0.2,-2.006054956695301,1.0002723340130355,-0.00026771525949155294,-0.0002645868767082656,-1.2037429833181919,0.23278215873629307,-0.029039175418101165,-402.90377430836196,766.4889709132685,-364.3247879742486,-0.7395913693418846
7.08,-0.0013695250367688756,-0.41608141984736624,0.2,-2.006054956695301,1.0002723340130355,-0.00026771525949155294,-0.0002645868767082656,-1.2037429833181919,0.23278215873629307,-0.029039175418101165,-402.90377430836196,766.4889709132685,-364.3247879742486,-0.7395913693418846
7.1000000000000005,-0.0015095452897460524,-0.24470995391309855,-0.2,-2.006054956695301,1.0002723340130355,-0.00026771525949155294,-0.0002645868767082656,-1.2037429833181919,0.23278215873629307,-0.029039175418101165,-402.90377430836196,766.4889709132685,-364.3247879742486,-0.7395913693418846
7.12,-0.0014823339096701228,0.004307574521787122,-0.2,-2.006054956695301,1.0002723340130355,-0.00026771525949155294,-0.0002645868767082656,-1.2037429833181919,0.23278215873629307,-0.029039175418101165,-402.90377430836196,766.4889709132685,-364.3247879742486,-0.7395913693418846
7.140000000000001,-0.0013996431229847893,0.2202912648844118,-0.2,-2.006054956695301,1.0002723340130355,-0.00026771525949155294,-0.0002645868767082656,-1.2037429833181919,0.23278215873629307,-0.029039175418101165,-402.90377430836196,766.4889709132685,-364.3247879742486,-0.7395913693418846
7.16,-0.0013847823057884302,0.37980944852218324,-0.2,-2.006054956695301,1.0002723340130355,-0.00026771525949155294,-0.0002645868767082656,-1.2037429833181919,0.23278215873629307,-0.029039175418101165,-402.90377430836196,766.4889709132685,-364.3247879742486,-0.7395913693418846
7.18,-0.001537625591834181,0.48593697080503795,-0.2,-2.006054956695301,1.0002723340130355,-0.00026771525949155294,-0.0002645868767082656,-1.2037429833181919,0.23278215873629307,-0.029039175418101165,-402.90377430836196,766.4889709132685,-364.3247879742486,-0.7395913693418846
7.2,-0.0019297665524191147,0.5473980162427869,-0.2,-2.006054956695301,1.0002723340130355,-0.00026771525949155294,-0.0002645868767082656,-1.2037429833181919,0.23278215873629307,-0.029039175418101165,-402.90377430836196,766.4889709132685,-364.3247879742486,-0.7395913693418846
7.22,-0.002608070317087667,0.277068430115071,0.2,-2.006054956695301,1.0002723340130355,-0.00026771525949155294,-0.0002645868767082656,-1.2037429833181919,0.23278215873629307,-0.029039175418101165,-402.90377430836196,766.4889709132685,-364.3247879742486,-0.7395913693418846
7.24,-0.003520832179692656,-0.05027360873041628,0.2,-2.006054956695301,1.0002723340130355,-0.00026771525949155294,-0.0002645868767082656,-1.2037429833181919,0.23278215873629307,-0.029039175418101165,-402.90377430836196,766.4889709132685,-364.3247879742486,-0.7395913693418846
7.26,-0.004514194656636163,-0.32732707413166834,0.2,-2.006054956695301,1.0002723340130355,-0.00026771525949155294,-0.0002645868767082656,-1.2037429833181919,0.23278215873629307,-0.029039175418101165,-402.90377430836196,766.4889709132685,-364.3247879742486,-0.7395913693418846
7.28,-0.005432974557403931,-0.5337992800833431,0.2,-2.006054956695301,1.0002723340130355,-0.00026771525949155294,-0.0002645868767082656,-1.2037429833181919,0.23278215873629307,-0.029039175418101165,-402.90377430836196,766.4889709132685,-364.3247879742486,-0.7395913693418846
7.3,-0.006153737191864286,-0.6754212873374305,0.2,-2.006054956695301,1.0002723340130355,-0.00026771525949155294,-0.0002645868767082656,-1.2037429833181919,0.23278215873629307,-0.029039175418101165,-402.90377430836196,766.4889709132685,-364.3247879742486,-0.7395913693418846
7.32,-0.006587962892040346,-0.46727245156231645,-0.2,-2.006054956695301,1.0002723340130355,-0.00026771525949155294,-0.0002645868767082656,-1.2037429833181919,0.23278215873629307,-0.029039175418101165,-402.90377430836196,766.4889709132685,-364.3247879742486,-0.7395913693418846
7.34,-0.006755856514609728,-0.1871509151695873,-0.2,-2.006054956695301,1.0002723340130355,-0.00026771525949155294,-0.0002645868767082656,-1.2037429833181919,0.23278215873629307,-0.029039175418101165,-402.90377430836196,766.4889709132685,-364.3247879742486,-0.7395913693418846
7.36,-0.006788358606724185,0.05487170534824068,-0.2,-2.006054956695301,1.0002723340130355,-0.00026771525949155294,-0.0002645868767082656,-1.2037429833181919,0.23278215873629307,-0.029039175418101165,-402.90377430836196,766.4889709132685,-364.3247879742486,-0.7395913693418846
7.38,-0.0068246485007759025,0.23616526261580925,-0.2,-2.006054956695301,1.0002723340130355,-0.00026771525949155294,-0.0002645868767082656,-1.2037429833181919,0.23278215873629307,-0.029039175418101165,-402.90377430836196,766.4889709132685,-364.3247879742486,-0.7395913693418846
7.4,-0.006977619589690122,0.36053391710831695,-0.2,-2.006054956695301,1.0002723340130355,-0.00026771525949155294,-0.0002645868767082656,-1.2037429833181919,0.23278215873629307,-0.029039175418101165,-402.90377430836196,766.4889709132685,-364.3247879742486,-0.7395913693418846
7.42,-0.007329516385347399,0.14148029369628998,0.2,-2.006054956695301,1.0002723340130355,-0.00026771525949155294,-0.0002645868767082656,-1.2037429833181919,0.23278215873629307,-0.029039175418101165,-402.90377430836196,766.4889709132685,-364.3247879742486,-0.7395913693418846
7.44,-0.007857155465402537,-0.14448408050724076,0.2,-2.006054956695301,1.0002723340130355,-0.00026771525949155294,-0.0002645868767082656,-1.2037429833181919,0.23278215873629307,-0.029039175418101165,-402.90377430836196,766.4889709132685,-364.3247879742486,-0.7395913693418846
7.46,-0.008429135064059847,-0.3883362800305191,0.2,-2.006054956695301,1.0002723340130355,-0.00026771525949155294,-0.0002645868767082656,-1.2037429833181919,0.23278215873629307,-0.029039175418101165,-402.90377430836196,766.4889709132685,-364.3247879742486,-0.7395913693418846
7.48,-0.008907708263993336,-0.5683002769666571,0.2,-2.006054956695301,1.0002723340130355,-0.00026771525949155294,-0.0002645868767082656,-1.2037429833181919,0.23278215873629307,-0.029039175418101165,-402.90377430836196,766.4889709132685,-364.3247879742486,-0.7395913693418846
7.5,-0.009182809180539228,-0.6888748678113921,0.2,-2.006054956695301,1.0002723340130355,-0.00026771525949155294,-0.0002645868767082656,-1.2037429833181919,0.23278215873629307,-0.029039175418101165,-402.90377430836196,766.4889709132685,-364.3247879742486,-0.7395913693418846
7.5200000000000005,-0.009176018618124476,-0.46412631481567856,-0.2,-2.006054956695301,1.0002723340130355,-0.00026771525949155294,-0.0002645868767082656,-1.2037429833181919,0.23278215873629307,-0.029039175418101165,-402.90377430836196,766.4889709132685,-364.3247879742486,-0.7395913693418846
7.54,-0.00891502762891487,-0.17102193334284524,-0.2,-2.006054956695301,1.0002723340130355,-0.00026771525949155294,-0.0002645868767082656,-1.2037429833181919,0.23278215873629307,-0.029039175418101165,-402.90377430836196,766.4889709132685,-364.3247879742486,-0.7395913693418846
7.5600000000000005,-0.008536183672703188,0.08104648450786239,-0.2,-2.006054956695301,1.0002723340130355,-0.00026771525949155294,-0.0002645868767082656,-1.2037429833181919,0.23278215873629307,-0.029039175418101165,-402.90377430836196,766.4889709132685,-364.3247879742486,-0.7395913693418846
7.58,-0.008182430119778882,0.2700035301346352,-0.2,-2.006054956695301,1.0002723340130355,-0.00026771525949155294,-0.0002645868767082656,-1.2037429833181919,0.23278215873629307,-0.029039175418101165,-402.90377430836196,766.4889709132685,-364.3247879742486,-0.7395913693418846
7.6000000000000005,-0.007969132276115452,0.10426973286063221,0.2,-2.006054956695301,1.0002723340130355,-0.00026771525949155294,-0.0002645868767082656,-1.2037429833181919,0.23278215873629307,-0.029039175418101165,-402.90377430836196,766.4889709132685,-364.3247879742486,-0.7395913693418846
7.62,-0.007901246790238257,-0.13915507073536929,0.2,-2.006054956695301,1.0002723340130355,-0.00026771525949155294,-0.0002645868767082656,-1.2037429833181919,0.23278215873629307,-0.029039175418101165,-402.90377430836196,766.4889709132685,-364.3247879742486,-0.7395913693418846
7.640000000000001,-0.00786946851945318,-0.34962914143183105,0.2,-2.006054956695301,1.0002723340130355,-0.00026771525949155294,-0.0002645868767082656,-1.2037429833181919,0.23278215873629307,-0.029039175418101165,-402.90377430836196,766.4889709132685,-364.3247879742486,-0.7395913693418846
7.66,-0.00775279005098759,-0.503748782241241,0.2,-2.006054956695301,1.0002723340130355,-0.00026771525949155294,-0.0002645868767082656,-1.2037429833181919,0.23278215873629307,-0.029039175418101165,-402.90377430836196,766.4889709132685,-364.3247879742486,-0.7395913693418846
7.68,-0.007453488381585858,-0.6046088406923043,0.2,-2.006054956695301,1.0002723340130355,-0.00026771525949155294,-0.0002645868767082656,-1.2037429833181919,0.23278215873629307,-0.029039175418101165,-402.90377430836196,766.4889709132685,-364.3247879742486,-0.7395913693418846
7.7,-0.0069019692124733766,-0.6609475345671156,0.2,-2.006054956695301,1.0002723340130355,-0.00026771525949155294,-0.0002645868767082656,-1.2037429833181919,0.23278215873629307,-0.029039175418101165,-402.90377430836196,766.4889709132685,-364.3247879742486,-0.7395913693418846
7.72,-0.006053216998752102,-0.3856502521857722,-0.2,-2.006054956695301,1.0002723340130355,-0.00026771525949155294,-0.0002645868767082656,-1.2037429833181919,0.23278215873629307,-0.029039175418101165,-402.90377430836196,766.4889709132685,-364.3247879742486,-0.7395913693418846
7.74,-0.0049606397280927824,-0.053500930774912636,-0.2,-2.006054956695301,1.0002723340130355,-0.00026771525949155294,-0.0002645868767082656,-1.2037429833181919,0.23278215873629307,-0.029039175418101165,-402.90377430836196,766.4889709132685,-364.3247879742486,-0.7395913693418846
7.76,-0.0037796602187840436,0.22819530354320355,-0.2,-2.006054956695301,1.0002723340130355,-0.00026771525949155294,-0.0002645868767082656,-1.2037429833181919,0.23278215873629307,-0.029039175418101165,-402.90377430836196,766.4889709132685,-364.3247879742486,-0.7395913693418846
7.78,-0.002666898973687194,0.439142058317497,-0.2,-2.006054956695301,1.0002723340130355,-0.00026771525949155294,-0.0002645868767082656,-1.2037429833181919,0.23278215873629307,-0.029039175418101165,-402.90377430836196,766.4889709132685,-364.3247879742486,-0.7395913693418846
7.8,-0.00174710566544743,0.5850683022855557,-0.2,-2.006054956695301,1.0002723340130355,-0.00026771525949155294,-0.0002645868767082656,-1.2037429833181919,0.23278215873629307,-0.029039175418101165,-402.90377430836196,766.4889709132685,-364.3247879742486,-0.7395913693418846
7.82,-0.0011099968315930046,0.38105366442094846,0.2,-2.006054956695301,1.0002723340130355,-0.00026771525949155294,-0.0002645868767082656,-1.2037429833181919,0.23278215873629307,-0.029039175418101165,-402.90377430836196,766.4889709132685,-364.3247879742486,-0.7395913693418846
7.84,-0.0007364492185923238,0.1048995200714389,0.2,-2.006054956695301,1.0002723340130355,-0.00026771525949155294,-0.0002645868767082656,-1.2037429833181919,0.23278215873629307,-0.029039175418101165,-402.90377430836196,766.4889709132685,-364.3247879742486,-0.7395913693418846
7.86,-0.000496494657392646,-0.13331753418651116,0.2,-2.006054956695301,1.0002723340130355,-0.00026771525949155294,-0.0002645868767082656,-1.2037429833181919,0.23278215873629307,-0.029039175418101165,-402.90377430836196,766.4889709132685,-364.3247879742486,-0.7395913693418846
7.88,-0.00025182759295809835,-0.3109628868129055,0.2,-2.006054956695301,1.0002723340130355,-0.00026771525949155294,-0.0002645868767082656,-1.2037429833181919,0.23278215873629307,-0.029039175418101165,-402.90377430836196,766.4889709132685,-364.3247879742486,-0.7395913693418846
7.9,0.00010966133829132223,-0.13600025135268726,-0.2,-2.006054956695301,1.0002723340130355,-0.00026771525949155294,-0.0002645868767082656,-1.2037429833181919,0.23278215873629307,-0.029039175418101165,-402.90377430836196,766.4889709132685,-364.3247879742486,-0.7395913693418846
7.92,0.0005907631010832873,0.11494354879285296,-0.2,-2.006054956695301,1.0002723340130355,-0.00026771525949155294,-0.0002645868767082656,-1.2037429833181919,0.23278215873629307,-0.029039175418101165,-402.90377430836196,766.4889709132685,-364.3247879742486,-0.7395913693418846
7.94,0.0010808642545927262,0.3315323205948457,-0.2,-2.006054956695301,1.0002723340130355,-0.00026771525949155294,-0.0002645868767082656,-1.2037429833181919,0.23278215873629307,-0.029039175418101165,-402.90377430836196,766.4889709132685,-364.3247879742486,-0.7395913693418846
7.96,0.0014583221495651955,0.49061444551363564,-0.2,-2.006054956695301,1.0002723340130355,-0.00026771525949155294,-0.0002645868767082656,-1.2037429833181919,0.23278215873629307,-0.029039175418101165,-402.90377430836196,766.4889709132685,-364.3247879742486,-0.7395913693418846
7.98,0.0016253009126776794,0.5954926955754642,-0.2,-2.006054956695301,1.0002723340130355,-0.00026771525949155294,-0.0002645868767082656,-1.2037429833181919,0.23278215873629307,-0.029039175418101165,-402.90377430836196,766.4889709132685,-364.3247879742486,-0.7395913693418846
8.0,0.0015124930565547378,0.6550764083221025,-0.2,-2.006054956695301,1.0002723340130355,-0.00026771525949155294,-0.0002645868767082656,-1.2037429833181919,0.23278215873629307,-0.029039175418101165,-402.90377430836196,766.4889709132685,-364.3247879742486,-0.7395913693418846
8.02,0.0010754702426600082,0.3823915038424013,0.2,-2.006054956695301,1.0002723340130355,-0.00026771525949155294,-0.0002645868767082656,-1.2037429833181919,0.23278215873629307,-0.029039175418101165,-402.90377430836196,766.4889709132685,-364.3247879742486,-0.7395913693418846
8.040000000000001,0.00036844958295704664,0.052337692356233534,0.2,-2.006054956695301,1.0002723340130355,-0.00026771525949155294,-0.0002645868767082656,-1.2037429833181919,0.23278215873629307,-0.029039175418101165,-402.90377430836196,766.4889709132685,-364.3247879742486,-0.7395913693418846
8.06,-0.00045218035609488974,-0.22768543062799979,0.2,-2.006054956695301,1.0002723340130355,-0.00026771525949155294,-0.0002645868767082656,-1.2037429833181919,0.23278215873629307,-0.029039175418101165,-402.90377430836196,766.4889709132685,-364.3247879742486,-0.7395913693418846
8.08,-0.0012287301040164837,-0.43730538495625537,0.2,-2.006054956695301,1.0002723340130355,-0.00026771525949155294,-0.0002645868767082656,-1.2037429833181919,0.23278215873629307,-0.029039175418101165,-402.90377430836196,766.4889709132685,-364.3247879742486,-0.7395913693418846
8.1,-0.0018353168903786892,-0.5821891546811334,0.2,-2.006054956695301,1.0002723340130355,-0.00026771525949155294,-0.0002645868767082656,-1.2037429833181919,0.23278215873629307,-0.029039175418101165,-402.90377430836196,766.4889709132685,-364.3247879742486,-0.7395913693418846
8.120000000000001,-0.002181056167954221,-0.3773651837305849,-0.2,-2.006054956695301,1.0002723340130355,-0.00026771525949155294,-0.0002645868767082656,-1.2037429833181919,0.23278215873629307,-0.029039175418101165,-402.90377430836196,766.4889709132685,-364.3247879742486,-0.7395913693418846
8.14,-0.0022838906828126057,-0.10059227324779405,-0.2,-2.006054956695301,1.0002723340130355,-0.00026771525949155294,-0.0002645868767082656,-1.2037429833181919,0.23278215873629307,-0.029039175418101165,-402.90377430836196,766.4889709132685,-364.3247879742486,-0.7395913693418846
8.16,-0.002272613353736435,0.13808831531533414,-0.2,-2.006054956695301,1.0002723340130355,-0.00026771525949155294,-0.0002645868767082656,-1.2037429833181919,0.23278215873629307,-0.029039175418101165,-402.90377430836196,766.4889709132685,-364.3247879742486,-0.7395913693418846
8.18,-0.0022843741197872457,0.3160709544817205,-0.2,-2.006054956695301,1.0002723340130355,-0.00026771525949155294,-0.0002645868767082656,-1.2037429833181919,0.23278215873629307,-0.029039175418101165,-402.90377430836196,766.4889709132685,-364.3247879742486,-0.7395913693418846
8.2,-0.0024301570999521044,0.4371795770287127,-0.2,-2.006054956695301,1.0002723340130355,-0.00026771525949155294,-0.0002645868767082656,-1.2037429833181919,0.23278215873629307,-0.029039175418101165,-402.90377430836196,766.4889709132685,-364.3247879742486,-0.7395913693418846
8.22,-0.0027904184133004726,0.21493225337968888,0.2,-2.006054956695301,1.0002723340130355,-0.00026771525949155294,-0.0002645868767082656,-1.2037429833181919,0.23278215873629307,-0.029039175418101165,-402.90377430836196,766.4889709132685,-364.3247879742486,-0.7395913693418846
8.24,-0.0033403043233942503,-0.07414699916834391,0.2,-2.006054956695301,1.0002723340130355,-0.00026771525949155294,-0.0002645868767082656,-1.2037429833181919,0.23278215873629307,-0.029039175418101165,-402.90377430836196,766.4889709132685,-364.3247879742486,-0.7395913693418846
8.26,-0.00394685800578696,-0.32102542394887656,0.2,-2.006054956695301,1.0002723340130355,-0.00026771525949155294,-0.0002645868767082656,-1.2037429833181919,0.23278215873629307,-0.029039175418101165,-402.90377430836196,766.4889709132685,-364.3247879742486,-0.7395913693418846
8.28,-0.004470891961061211,-0.5039206003045694,0.2,-2.006054956695301,1.0002723340130355,-0.00026771525949155294,-0.0002645868767082656,-1.2037429833181919,0.23278215873629307,-0.029039175418101165,-402.90377430836196,766.4889709132685,-364.3247879742486,-0.7395913693418846
8.3,-0.004801011489689568,-0.3314912669355874,-0.2,-2.006054956695301,1.0002723340130355,-0.00026771525949155294,-0.0002645868767082656,-1.2037429833181919,0.23278215873629307,-0.029039175418101165,-402.90377430836196,766.4889709132685,-364.3247879742486,-0.7395913693418846
8.32,-0.004936327533099821,-0.08093000516839546,-0.2,-2.006054956695301,1.0002723340130355,-0.00026771525949155294,-0.0002645868767082656,-1.2037429833181919,0.23278215873629307,-0.029039175418101165,-402.90377430836196,766.4889709132685,-364.3247879742486,-0.7395913693418846
8.34,-0.0049902173841339485,0.13696686122413454,-0.2,-2.006054956695301,1.0002723340130355,-0.00026771525949155294,-0.0002645868767082656,-1.2037429833181919,0.23278215873629307,-0.029039175418101165,-402.90377430836196,766.4889709132685,-364.3247879742486,-0.7395913693418846
8.36,-0.005087693742038667,0.2986730946114554,-0.2,-2.006054956695301,1.0002723340130355,-0.00026771525949155294,-0.0002645868767082656,-1.2037429833181919,0.23278215873629307,-0.029039175418101165,-402.90377430836196,766.4889709132685,-364.3247879742486,-0.7395913693418846
8.38,-0.005330366468244444,0.4071868152997502,-0.2,-2.006054956695301,1.0002723340130355,-0.00026771525949155294,-0.0002645868767082656,-1.2037429833181919,0.23278215873629307,-0.029039175418101165,-402.90377430836196,766.4889709132685,-364.3247879742486,-0.7395913693418846
8.4,-0.005791561625610715,0.17533376182892826,0.2,-2.006054956695301,1.0002723340130355,-0.00026771525949155294,-0.0002645868767082656,-1.2037429833181919,0.23278215873629307,-0.029039175418101165,-402.90377430836196,766.4889709132685,-364.3247879742486,-0.7395913693418846
8.42,-0.006441095627705553,-0.12093235587208764,0.2,-2.006054956695301,1.0002723340130355,-0.00026771525949155294,-0.0002645868767082656,-1.2037429833181919,0.23278215873629307,-0.029039175418101165,-402.90377430836196,766.4889709132685,-364.3247879742486,-0.7395913693418846
8.44,-0.007142115927955381,-0.3730461169035342,0.2,-2.006054956695301,1.0002723340130355,-0.00026771525949155294,-0.0002645868767082656,-1.2037429833181919,0.23278215873629307,-0.029039175418101165,-402.90377430836196,766.4889709132685,-364.3247879742486,-0.7395913693418846
8.46,-0.007752673830153558,-0.5596067350921015,0.2,-2.006054956695301,1.0002723340130355,-0.00026771525949155294,-0.0002645868767082656,-1.2037429833181919,0.23278215873629307,-0.029039175418101165,-402.90377430836196,766.4889709132685,-364.3247879742486,-0.7395913693418846
8.48,-0.008159505357588595,-0.6854206404489592,0.2,-2.006054956695301,1.0002723340130355,-0.00026771525949155294,-0.0002645868767082656,-1.2037429833181919,0.23278215873629307,-0.029039175418101165,-402.90377430836196,766.4889709132685,-364.3247879742486,-0.7395913693418846
8.5,-0.008281796886366776,-0.7606426564971988,0.2,-2.006054956695301,1.0002723340130355,-0.00026771525949155294,-0.0002645868767082656,-1.2037429833181919,0.23278215873629307,-0.029039175418101165,-402.90377430836196,766.4889709132685,-364.3247879742486,-0.7395913693418846
8.52,-0.00806673712118309,-0.49931972763427,-0.2,-2.006054956695301,1.0002723340130355,-0.00026771525949155294,-0.0002645868767082656,-1.2037429833181919,0.23278215873629307,-0.029039175418101165,-402.90377430836196,766.4889709132685,-364.3247879742486,-0.7395913693418846
8.540000000000001,-0.007562628550725724,-0.1771848021180351,-0.2,-2.006054956695301,1.0002723340130355,-0.00026771525949155294,-0.0002645868767082656,-1.2037429833181919,0.23278215873629307,-0.029039175418101165,-402.90377430836196,766.4889709132685,-364.3247879742486,-0.7395913693418846
8.56,-0.006921886594360434,0.09768244985774192,-0.2,-2.006054956695301,1.0002723340130355,-0.00026771525949155294,-0.0002645868767082656,-1.2037429833181919,0.23278215873629307,-0.029039175418101165,-402.90377430836196,766.4889709132685,-364.3247879742486,-0.7395913693418846
8.58,-0.006299748470391085,0.30435271835440625,-0.2,-2.006054956695301,1.0002723340130355,-0.00026771525949155294,-0.0002645868767082656,-1.2037429833181919,0.23278215873629307,-0.029039175418101165,-402.90377430836196,766.4889709132685,-364.3247879742486,-0.7395913693418846
8.6,-0.005820823579507154,0.44803775738644835,-0.2,-2.006054956695301,1.0002723340130355,-0.00026771525949155294,-0.0002645868767082656,-1.2037429833181919,0.23278215873629307,-0.029039175418101165,-402.90377430836196,766.4889709132685,-364.3247879742486,-0.7395913693418846
8.620000000000001,-0.005575624593533883,0.24339512454453974,0.2,-2.006054956695301,1.0002723340130355,-0.00026771525949155294,-0.0002645868767082656,-1.2037429833181919,0.23278215873629307,-0.029039175418101165,-402.90377430836196,766.4889709132685,-364.3247879742486,-0.7395913693418846
8.64,-0.0055465163755411976,-0.032118086418183533,0.2,-2.006054956695301,1.0002723340130355,-0.00026771525949155294,-0.0002645868767082656,-1.2037429833181919,0.23278215873629307,-0.029039175418101165,-402.90377430836196,766.4889709132685,-364.3247879742486,-0.7395913693418846
8.66,-0.005605515232938989,-0.2687054538337708,0.2,-2.006054956695301,1.0002723340130355,-0.00026771525949155294,-0.0002645868767082656,-1.2037429833181919,0.23278215873629307,-0.029039175418101165,-402.90377430836196,766.4889709132685,-364.3247879742486,-0.7395913693418846
8.68,-0.005616639978661056,-0.44395931380611076,0.2,-2.006054956695301,1.0002723340130355,-0.00026771525949155294,-0.0002645868767082656,-1.2037429833181919,0.23278215873629307,-0.029039175418101165,-402.90377430836196,766.4889709132685,-364.3247879742486,-0.7395913693418846
8.700000000000001,-0.005470323223334241,-0.26602690700317155,-0.2,-2.006054956695301,1.0002723340130355,-0.00026771525949155294,-0.0002645868767082656,-1.2037429833181919,0.23278215873629307,-0.029039175418101165,-402.90377430836196,766.4889709132685,-364.3247879742486,-0.7395913693418846
8.72,-0.005166437227989233,-0.011682736382395476,-0.2,-2.006054956695301,1.0002723340130355,-0.00026771525949155294,-0.0002645868767082656,-1.2037429833181919,0.23278215873629307,-0.029039175418101165,-402.90377430836196,766.4889709132685,-364.3247879742486,-0.7395913693418846
8.74,-0.004818307259640804,0.2086179922150851,-0.2,-2.006054956695301,1.0002723340130355,-0.00026771525949155294,-0.0002645868767082656,-1.2037429833181919,0.23278215873629307,-0.029039175418101165,-402.90377430836196,766.4889709132685,-364.3247879742486,-0.7395913693418846
8.76,-0.004550283219057021,0.37162699095434815,-0.2,-2.006054956695301,1.0002723340130355,-0.00026771525949155294,-0.0002645868767082656,-1.2037429833181919,0.23278215873629307,-0.029039175418101165,-402.90377430836196,766.4889709132685,-364.3247879742486,-0.7395913693418846
8.78,-0.0044628622373929245,0.48056894454273846,-0.2,-2.006054956695301,1.0002723340130355,-0.00026771525949155294,-0.0002645868767082656,-1.2037429833181919,0.23278215873629307,-0.029039175418101165,-402.90377430836196,766.4889709132685,-364.3247879742486,-0.7395913693418846
8.8,-0.004627935384953226,0.24845426320623573,0.2,-2.006054956695301,1.0002723340130355,-0.00026771525949155294,-0.0002645868767082656,-1.2037429833181919,0.23278215873629307,-0.029039175418101165,-402.90377430836196,766.4889709132685,-364.3247879742486,-0.7395913693418846
8.82,-0.005013662322402086,-0.04861271334422165,0.2,-2.006054956695301,1.0002723340130355,-0.00026771525949155294,-0.0002645868767082656,-1.2037429833181919,0.23278215873629307,-0.029039175418101165,-402.90377430836196,766.4889709132685,-364.3247879742486,-0.7395913693418846
8.84,-0.005481391107803044,-0.3019437499830002,0.2,-2.006054956695301,1.0002723340130355,-0.00026771525949155294,-0.0002645868767082656,-1.2037429833181919,0.23278215873629307,-0.029039175418101165,-402.90377430836196,766.4889709132685,-364.3247879742486,-0.7395913693418846
8.86,-0.00588729378325526,-0.4900383839065008,0.2,-2.006054956695301,1.0002723340130355,-0.00026771525949155294,-0.0002645868767082656,-1.2037429833181919,0.23278215873629307,-0.029039175418101165,-402.90377430836196,766.4889709132685,-364.3247879742486,-0.7395913693418846
8.88,-0.00611619613076166,-0.6176225004817315,0.2,-2.006054956695301,1.0002723340130355,-0.00026771525949155294,-0.0002645868767082656,-1.2037429833181919,0.23278215873629307,-0.029039175418101165,-402.90377430836196,766.4889709132685,-364.3247879742486,-0.7395913693418846
8.9,-0.006085380774387177,-0.39894954533820115,-0.2,-2.006054956695301,1.0002723340130355,-0.00026771525949155294,-0.0002645868767082656,-1.2037429833181919,0.23278215873629307,-0.029039175418101165,-402.90377430836196,766.4889709132685,-364.3247879742486,-0.7395913693418846
8.92,-0.005818918216377142,-0.11114197661936168,-0.2,-2.006054956695301,1.0002723340130355,-0.00026771525949155294,-0.0002645868767082656,-1.2037429833181919,0.23278215873629307,-0.029039175418101165,-402.90377430836196,766.4889709132685,-364.3247879742486,-0.7395913693418846
8.94,-0.005450101044101303,0.13628028171559103,-0.2,-2.006054956695301,1.0002723340130355,-0.00026771525949155294,-0.0002645868767082656,-1.2037429833181919,0.23278215873629307,-0.029039175418101165,-402.90377430836196,766.4889709132685,-364.3247879742486,-0.7395913693418846
8.96,-0.005119287271094934,0.3211374421143115,-0.2,-2.006054956695301,1.0002723340130355,-0.00026771525949155294,-0.0002645868767082656,-1.2037429833181919,0.23278215873629307,-0.029039175418101165,-402.90377430836196,766.4889709132685,-364.3247879742486,-0.7395913693418846
8.98,-0.004939648588014178,0.44760139200055094,-0.2,-2.006054956695301,1.0002723340130355,-0.00026771525949155294,-0.0002645868767082656,-1.2037429833181919,0.23278215873629307,-0.029039175418101165,-402.90377430836196,766.4889709132685,-364.3247879742486,-0.7395913693418846
9.0,-0.0049930264430729804,0.5253114229365184,-0.2,-2.006054956695301,1.0002723340130355,-0.00026771525949155294,-0.0002645868767082656,-1.2037429833181919,0.23278215873629307,-0.029039175418101165,-402.90377430836196,766.4889709132685,-364.3247879742486,-0.7395913693418846
9.02,-0.005334078289637363,0.2678966140269714,0.2,-2.006054956695301,1.0002723340130355,-0.00026771525949155294,-0.0002645868767082656,-1.2037429833181919,0.23278215873629307,-0.029039175418101165,-402.90377430836196,766.4889709132685,-364.3247879742486,-0.7395913693418846
9.040000000000001,-0.0059169258550019884,-0.049247636689478236,0.2,-2.006054956695301,1.0002723340130355,-0.00026771525949155294,-0.0002645868767082656,-1.2037429833181919,0.23278215873629307,-0.029039175418101165,-402.90377430836196,766.4889709132685,-364.3247879742486,-0.7395913693418846
9.06,-0.00659197070598084,-0.3183151224593235,0.2,-2.006054956695301,1.0002723340130355,-0.00026771525949155294,-0.0002645868767082656,-1.2037429833181919,0.23278215873629307,-0.029039175418101165,-402.90377430836196,766.4889709132685,-364.3247879742486,-0.7395913693418846
9.08,-0.007207043403411663,-0.518599304767001,0.2,-2.006054956695301,1.0002723340130355,-0.00026771525949155294,-0.0002645868767082656,-1.2037429833181919,0.23278215873629307,-0.029039175418101165,-402.90377430836196,766.4889709132685,-364.3247879742486,-0.7395913693418846
9.1,-0.007640739027021835,-0.6554922182045704,0.2,-2.006054956695301,1.0002723340130355,-0.00026771525949155294,-0.0002645868767082656,-1.2037429833181919,0.23278215873629307,-0.029039175418101165,-402.90377430836196,766.4889709132685,-364.3247879742486,-0.7395913693418846
9.120000000000001,-0.007805795513914796,-0.44379566747747656,-0.2,-2.006054956695301,1.0002723340130355,-0.00026771525949155294,-0.0002645868767082656,-1.2037429833181919,0.23278215873629307,-0.029039175418101165,-402.90377430836196,766.4889709132685,-364.3247879742486,-0.7395913693418846
9.14,-0.007723073819166956,-0.1610804958497805,-0.2,-2.006054956695301,1.0002723340130355,-0.00026771525949155294,-0.0002645868767082656,-1.2037429833181919,0.23278215873629307,-0.029039175418101165,-402.90377430836196,766.4889709132685,-364.3247879742486,-0.7395913693418846
9.16,-0.007523707821088452,0.0827673476966262,-0.2,-2.006054956695301,1.0002723340130355,-0.00026771525949155294,-0.0002645868767082656,-1.2037429833181919,0.23278215873629307,-0.029039175418101165,-402.90377430836196,766.4889709132685,-364.3247879742486,-0.7395913693418846
9.18,-0.007346719867349654,0.26526876344192296,-0.2,-2.006054956695301,1.0002723340130355,-0.00026771525949155294,-0.0002645868767082656,-1.2037429833181919,0.23278215873629307,-0.029039175418101165,-402.90377430836196,766.4889709132685,-364.3247879742486,-0.7395913693418846
9.200000000000001,-0.007304584947256053,0.09451438118236141,0.2,-2.006054956695301,1.0002723340130355,-0.00026771525949155294,-0.0002645868767082656,-1.2037429833181919,0.23278215873629307,-0.029039175418101165,-402.90377430836196,766.4889709132685,-364.3247879742486,-0.7395913693418846
9.22,-0.0074001880197934805,-0.15276563314194727,0.2,-2.006054956695301,1.0002723340130355,-0.00026771525949155294,-0.0002645868767082656,-1.2037429833181919,0.23278215873629307,-0.029039175418101165,-402.90377430836196,766.4889709132685,-364.3247879742486,-0.7395913693418846
9.24,-0.007522799859542329,-0.36615022745264464,0.2,-2.006054956695301,1.0002723340130355,-0.00026771525949155294,-0.0002645868767082656,-1.2037429833181919,0.23278215873629307,-0.029039175418101165,-402.90377430836196,766.4889709132685,-364.3247879742486,-0.7395913693418846
9.26,-0.00755049866692014,-0.5224165268128049,0.2,-2.006054956695301,1.0002723340130355,-0.00026771525949155294,-0.0002645868767082656,-1.2037429833181919,0.23278215873629307,-0.029039175418101165,-402.90377430836196,766.4889709132685,-364.3247879742486,-0.7395913693418846
9.28,-0.007385044694790017,-0.624807341716891,0.2,-2.006054956695301,1.0002723340130355,-0.00026771525949155294,-0.0002645868767082656,-1.2037429833181919,0.23278215873629307,-0.029039175418101165,-402.90377430836196,766.4889709132685,-364.3247879742486,-0.7395913693418846
9.3,-0.006956633920734679,-0.38634521427540924,-0.2,-2.006054956695301,1.0002723340130355,-0.00026771525949155294,-0.0002645868767082656,-1.2037429833181919,0.23278215873629307,-0.029039175418101165,-402.90377430836196,766.4889709132685,-364.3247879742486,-0.7395913693418846
9.32,-0.006299025641280192,-0.08314148334090055,-0.2,-2.006054956695301,1.0002723340130355,-0.00026771525949155294,-0.0002645868767082656,-1.2037429833181919,0.23278215873629307,-0.029039175418101165,-402.90377430836196,766.4889709132685,-364.3247879742486,-0.7395913693418846
9.34,-0.005552630202813194,0.17611151697490912,-0.2,-2.006054956695301,1.0002723340130355,-0.00026771525949155294,-0.0002645868767082656,-1.2037429833181919,0.23278215873629307,-0.029039175418101165,-402.90377430836196,766.4889709132685,-364.3247879742486,-0.7395913693418846
9.36,-0.004862883757349271,0.36991039318539953,-0.2,-2.006054956695301,1.0002723340130355,-0.00026771525949155294,-0.0002645868767082656,-1.2037429833181919,0.23278215873629307,-0.029039175418101165,-402.90377430836196,766.4889709132685,-364.3247879742486,-0.7395913693418846
9.38,-0.00434642579420962,0.5029799231666648,-0.2,-2.006054956695301,1.0002723340130355,-0.00026771525949155294,-0.0002645868767082656,-1.2037429833181919,0.23278215873629307,-0.029039175418101165,-402.90377430836196,766.4889709132685,-364.3247879742486,-0.7395913693418846
9.4,-0.004087301965819352,0.28957482431163617,0.2,-2.006054956695301,1.0002723340130355,-0.00026771525949155294,-0.0002645868767082656,-1.2037429833181919,0.23278215873629307,-0.029039175418101165,-402.90377430836196,766.4889709132685,-364.3247879742486,-0.7395913693418846
9.42,-0.004062638542208754,0.006821348888193385,0.2,-2.006054956695301,1.0002723340130355,-0.00026771525949155294,-0.0002645868767082656,-1.2037429833181919,0.23278215873629307,-0.029039175418101165,-402.90377430836196,766.4889709132685,-364.3247879742486,-0.7395913693418846
9.44,-0.0041402163723133064,-0.2357554430377758,0.2,-2.006054956695301,1.0002723340130355,-0.00026771525949155294,-0.0002645868767082656,-1.2037429833181919,0.23278215873629307,-0.029039175418101165,-402.90377430836196,766.4889709132685,-364.3247879742486,-0.7395913693418846
9.46,-0.004180638144063124,-0.4159707345980673,0.2,-2.006054956695301,1.0002723340130355,-0.00026771525949155294,-0.0002645868767082656,-1.2037429833181919,0.23278215873629307,-0.029039175418101165,-402.90377430836196,766.4889709132685,-364.3247879742486,-0.7395913693418846
9.48,-0.0040715887961466765,-0.5379912962013905,0.2,-2.006054956695301,1.0002723340130355,-0.00026771525949155294,-0.0002645868767082656,-1.2037429833181919,0.23278215873629307,-0.029039175418101165,-402.90377430836196,766.4889709132685,-364.3247879742486,-0.7395913693418846
9.5,-0.0037319864553735684,-0.6114507274824362,0.2,-2.006054956695301,1.0002723340130355,-0.00026771525949155294,-0.0002645868767082656,-1.2037429833181919,0.23278215873629307,-0.029039175418101165,-402.90377430836196,766.4889709132685,-364.3247879742486,-0.7395913693418846
9.52,-0.0031078427313744952,-0.34997175446361684,-0.2,-2.006054956695301,1.0002723340130355,-0.00026771525949155294,-0.0002645868767082656,-1.2037429833181919,0.23278215873629307,-0.029039175418101165,-402.90377430836196,766.4889709132685,-364.3247879742486,-0.7395913693418846
9.540000000000001,-0.0022456221552495173,-0.02894341241205789,-0.2,-2.006054956695301,1.0002723340130355,-0.00026771525949155294,-0.0002645868767082656,-1.2037429833181919,0.23278215873629307,-0.029039175418101165,-402.90377430836196,766.4889709132685,-364.3247879742486,-0.7395913693418846
9.56,-0.0012954350571012085,0.24383379662442892,-0.2,-2.006054956695301,1.0002723340130355,-0.00026771525949155294,-0.0002645868767082656,-1.2037429833181919,0.23278215873629307,-0.029039175418101165,-402.90377430836196,766.4889709132685,-364.3247879742486,-0.7395913693418846
9.58,-0.00040989477253697564,0.4476588318005984,-0.2,-2.006054956695301,1.0002723340130355,-0.00026771525949155294,-0.0002645868767082656,-1.2037429833181919,0.23278215873629307,-0.029039175418101165,-402.90377430836196,766.4889709132685,-364.3247879742486,-0.7395913693418846
9.6,0.00028921340346483063,0.5879296928957687,-0.2,-2.006054956695301,1.0002723340130355,-0.00026771525949155294,-0.0002645868767082656,-1.2037429833181919,0.23278215873629307,-0.029039175418101165,-402.90377430836196,766.4889709132685,-364.3247879742486,-0.7395913693418846
9.620000000000001,0.0007143066795576167,0.3794548589035209,0.2,-2.006054956695301,1.0002723340130355,-0.00026771525949155294,-0.0002645868767082656,-1.2037429833181919,0.23278215873629307,-0.029039175418101165,-402.90377430836196,766.4889709132685,-364.3247879742486,-0.7395913693418846
9.64,0.0008859834292742532,0.0998134380647138,0.2,-2.006054956695301,1.0002723340130355,-0.00026771525949155294,-0.0002645868767082656,-1.2037429833181919,0.23278215873629307,-0.029039175418101165,-402.90377430836196,766.4889709132685,-364.3247879742486,-0.7395913693418846
9.66,0.0009351678401278708,-0.141100120843034,0.2,-2.006054956695301,1.0002723340130355,-0.00026771525949155294,-0.0002645868767082656,-1.2037429833181919,0.23278215873629307,-0.029039175418101165,-402.90377430836196,766.4889709132685,-364.3247879742486,-0.7395913693418846
9.68,0.0010007155870376788,-0.3208003090162401,0.2,-2.006054956695301,1.0002723340130355,-0.00026771525949155294,-0.0002645868767082656,-1.2037429833181919,0.23278215873629307,-0.029039175418101165,-402.90377430836196,766.4889709132685,-364.3247879742486,-0.7395913693418846
9.700000000000001,0.0011949717159044587,-0.1473727773722008,-0.2,-2.006054956695301,1.0002723340130355,-0.00026771525949155294,-0.0002645868767082656,-1.2037429833181919,0.23278215873629307,-0.029039175418101165,-402.90377430836196,766.4889709132685,-364.3247879742486,-0.7395913693418846
9.72,0.0015207220303053476,0.10245598342972692,-0.2,-2.006054956695301,1.0002723340130355,-0.00026771525949155294,-0.0002645868767082656,-1.2037429833181919,0.23278215873629307,-0.029039175418101165,-402.90377430836196,766.4889709132685,-364.3247879742486,-0.7395913693418846
9.74,0.0018671661294423656,0.31826835562013434,-0.2,-2.006054956695301,1.0002723340130355,-0.00026771525949155294,-0.0002645868767082656,-1.2037429833181919,0.23278215873629307,-0.029039175418101165,-402.90377430836196,766.4889709132685,-364.3247879742486,-0.7395913693418846
9.76,0.002112339689314815,0.4768461844508136,-0.2,-2.006054956695301,1.0002723340130355,-0.00026771525949155294,-0.0002645868767082656,-1.2037429833181919,0.23278215873629307,-0.029039175418101165,-402.90377430836196,766.4889709132685,-364.3247879742486,-0.7395913693418846
9.78,0.0021579878889205536,0.5814378598172886,-0.2,-2.006054956695301,1.0002723340130355,-0.00026771525949155294,-0.0002645868767082656,-1.2037429833181919,0.23278215873629307,-0.029039175418101165,-402.90377430836196,766.4889709132685,-364.3247879742486,-0.7395913693418846
9.8,0.0019343167401934893,0.34507174507849137,0.2,-2.006054956695301,1.0002723340130355,-0.00026771525949155294,-0.0002645868767082656,-1.2037429833181919,0.23278215873629307,-0.029039175418101165,-402.90377430836196,766.4889709132685,-364.3247879742486,-0.7395913693418846
9.82,0.001475119720056769,0.04386561306798936,0.2,-2.006054956695301,1.0002723340130355,-0.00026771525949155294,-0.0002645868767082656,-1.2037429833181919,0.23278215873629307,-0.029039175418101165,-402.90377430836196,766.4889709132685,-364.3247879742486,-0.7395913693418846
9.84,0.000920861471401053,-0.2134823171726583,0.2,-2.006054956695301,1.0002723340130355,-0.00026771525949155294,-0.0002645868767082656,-1.2037429833181919,0.23278215873629307,-0.029039175418101165,-402.90377430836196,766.4889709132685,-364.3247879742486,-0.7395913693418846
9.86,0.00041704614543726435,-0.40546466465869435,0.2,-2.006054956695301,1.0002723340130355,-0.00026771525949155294,-0.0002645868767082656,-1.2037429833181919,0.23278215873629307,-0.029039175418101165,-402.90377430836196,766.4889709132685,-364.3247879742486,-0.7395913693418846
9.88,8.039218705523885e-05,-0.5368031179868139,0.2,-2.006054956695301,1.0002723340130355,-0.00026771525949155294,-0.0002645868767082656,-1.2037429833181919,0.23278215873629307,-0.029039175418101165,-402.90377430836196,766.4889709132685,-364.3247879742486,-0.7395913693418846
9.9,-4.965640835863491e-06,-0.3217492750062365,-0.2,-2.006054956695301,1.0002723340130355,-0.00026771525949155294,-0.0002645868767082656,-1.2037429833181919,0.23278215873629307,-0.029039175418101165,-402.90377430836196,766.4889709132685,-364.3247879742486,-0.7395913693418846
9.92,0.00013819700027540546,-0.03742626076267086,-0.2,-2.006054956695301,1.0002723340130355,-0.00026771525949155294,-0.0002645868767082656,-1.2037429833181919,0.23278215873629307,-0.029039175418101165,-402.90377430836196,766.4889709132685,-364.3247879742486,-0.7395913693418846
9.94,0.00037776711795306647,0.20664406104686533,-0.2,-2.006054956695301,1.0002723340130355,-0.00026771525949155294,-0.0002645868767082656,-1.2037429833181919,0.23278215873629307,-0.029039175418101165,-402.90377430836196,766.4889709132685,-364.3247879742486,-0.7395913693418846
9.96,0.0005744613399556071,0.3882803499357763,-0.2,-2.006054956695301,1.0002723340130355,-0.00026771525949155294,-0.0002645868767082656,-1.2037429833181919,0.23278215873629307,-0.029039175418101165,-402.90377430836196,766.4889709132685,-364.3247879742486,-0.7395913693418846
9.98,0.0006160854706078969,0.5116529475561737,-0.2,-2.006054956695301,1.0002723340130355,-0.00026771525949155294,-0.0002645868767082656,-1.2037429833181919,0.23278215873629307,-0.029039175418101165,-402.90377430836196,766.4889709132685,-364.3247879742486,-0.7395913693418846
10.0,0.0004216844660136677,0.29056245717333207,0.2,-2.006054956695301,1.0002723340130355,-0.00026771525949155294,-0.0002645868767082656,-1.2037429833181919,0.23278215873629307,-0.029039175418101165,-402.90377430836196,766.4889709132685,-364.3247879742486,-0.7395913693418846
10.02,1.6154202743611336e-05,0.0017632140116408401,0.2,-2.006054956695301,1.0002723340130355,-0.00026771525949155294,-0.0002645868767082656,-1.2037429833181919,0.23278215873629307,-0.029039175418101165,-402.90377430836196,766.4889709132685,-364.3247879742486,-0.7395913693418846
10.040000000000001,-0.0004671011427658724,-0.24552432167356392,0.2,-2.006054956695301,1.0002723340130355,-0.00026771525949155294,-0.0002645868767082656,-1.2037429833181919,0.23278215873629307,-0.029039175418101165,-402.90377430836196,766.4889709132685,-364.3247879742486,-0.7395913693418846
10.06,-0.0008881502037041405,-0.42936502242171526,0.2,-2.006054956695301,1.0002723340130355,-0.00026771525949155294,-0.0002645868767082656,-1.2037429833181919,0.23278215873629307,-0.029039175418101165,-402.90377430836196,766.4889709132685,-364.3247879742486,-0.7395913693418846
10.08,-0.0011346445391161694,-0.5541302794437407,0.2,-2.006054956695301,1.0002723340130355,-0.00026771525949155294,-0.0002645868767082656,-1.2037429833181919,0.23278215873629307,-0.029039175418101165,-402.90377430836196,766.4889709132685,-364.3247879742486,-0.7395913693418846
10.1,-0.0011258486605838405,-0.6296213007977612,0.2,-2.006054956695301,1.0002723340130355,-0.00026771525949155294,-0.0002645868767082656,-1.2037429833181919,0.23278215873629307,-0.029039175418101165,-402.90377430836196,766.4889709132685,-364.3247879742486,-0.7395913693418846
10.120000000000001,-0.0008084032934616623,-0.36959800063270454,-0.2,-2.006054956695301,1.0002723340130355,-0.00026771525949155294,-0.0002645868767082656,-1.2037429833181919,0.23278215873629307,-0.029039175418101165,-402.90377430836196,766.4889709132685,-364.3247879742486,-0.7395913693418846
10.14,-0.00022960753802924588,-0.049561716596472905,-0.2,-2.006054956695301,1.0002723340130355,-0.00026771525949155294,-0.0002645868767082656,-1.2037429833181919,0.23278215873629307,-0.029039175418101165,-402.90377430836196,766.4889709132685,-364.3247879742486,-0.7395913693418846
10.16,0.0004594505360493009,0.22259548445735242,-0.2,-2.006054956695301,1.0002723340130355,-0.00026771525949155294,-0.0002645868767082656,-1.2037429833181919,0.23278215873629307,-0.029039175418101165,-402.90377430836196,766.4889709132685,-364.3247879742486,-0.7395913693418846
10.18,0.0011050861762799931,0.4260981937951118,-0.2,-2.006054956695301,1.0002723340130355,-0.00026771525949155294,-0.0002645868767082656,-1.2037429833181919,0.23278215873629307,-0.029039175418101165,-402.90377430836196,766.4889709132685,-364.3247879742486,-0.7395913693418846
10.200000000000001,0.0015843868178275998,0.27044723030848417,0.2,-2.006054956695301,1.0002723340130355,-0.00026771525949155294,-0.0002645868767082656,-1.2037429833181919,0.23278215873629307,-0.029039175418101165,-402.90377430836196,766.4889709132685,-364.3247879742486,-0.7395913693418846
10.22,0.001887367992434491,0.03352956691038153,0.2,-2.006054956695301,1.0002723340130355,-0.00026771525949155294,-0.0002645868767082656,-1.2037429833181919,0.23278215873629307,-0.029039175418101165,-402.90377430836196,766.4889709132685,-364.3247879742486,-0.7395913693418846
10.24,0.0021202731301042904,-0.17328835496471212,0.2,-2.006054956695301,1.0002723340130355,-0.00026771525949155294,-0.0002645868767082656,-1.2037429833181919,0.23278215873629307,-0.029039175418101165,-402.90377430836196,766.4889709132685,-364.3247879742486,-0.7395913693418846
10.26,0.002402563677318468,-0.32601348792034995,0.2,-2.006054956695301,1.0002723340130355,-0.00026771525949155294,-0.0002645868767082656,-1.2037429833181919,0.23278215873629307,-0.029039175418101165,-402.90377430836196,766.4889709132685,-364.3247879742486,-0.7395913693418846
10.28,0.0028315724214100237,-0.42726190028696065,0.2,-2.006054956695301,1.0002723340130355,-0.00026771525949155294,-0.0002645868767082656,-1.2037429833181919,0.23278215873629307,-0.029039175418101165,-402.90377430836196,766.4889709132685,-364.3247879742486,-0.7395913693418846
10.3,0.0034773720030246125,-0.1895464924101702,-0.2,-2.006054956695301,1.0002723340130355,-0.00026771525949155294,-0.0002645868767082656,-1.2037429833181919,0.23278215873629307,-0.029039175418101165,-402.90377430836196,766.4889709132685,-364.3247879742486,-0.7395913693418846
10.32,0.0043073445212285354,0.11143489707965434,-0.2,-2.006054956695301,1.0002723340130355,-0.00026771525949155294,-0.0002645868767082656,-1.2037429833181919,0.23278215873629307,-0.029039175418101165,-402.90377430836196,766.4889709132685,-364.3247879742486,-0.7395913693418846
10.34,0.0051828566026469606,0.3673261929066621,-0.2,-2.006054956695301,1.0002723340130355,-0.00026771525949155294,-0.0002645868767082656,-1.2037429833181919,0.23278215873629307,-0.029039175418101165,-402.90377430836196,766.4889709132685,-364.3247879742486,-0.7395913693418846
10.36,0.005960699272175007,0.5568984613761487,-0.2,-2.006054956695301,1.0002723340130355,-0.00026771525949155294,-0.0002645868767082656,-1.2037429833181919,0.23278215873629307,-0.029039175418101165,-402.90377430836196,766.4889709132685,-364.3247879742486,-0.7395913693418846
10.38,0.006526760717917305,0.6850992916132455,-0.2,-2.006054956695301,1.0002723340130355,-0.00026771525949155294,-0.0002645868767082656,-1.2037429833181919,0.23278215873629307,-0.029039175418101165,-402.90377430836196,766.4889709132685,-364.3247879742486,-0.7395913693418846
10.4,0.006799704006521254,0.4663628158496911,0.2,-2.006054956695301,1.0002723340130355,-0.00026771525949155294,-0.0002645868767082656,-1.2037429833181919,0.23278215873629307,-0.029039175418101165,-402.90377430836196,766.4889709132685,-364.3247879742486,-0.7395913693418846
10.42,0.006805198112375614,0.17795826608358592,0.2,-2.006054956695301,1.0002723340130355,-0.00026771525949155294,-0.0002645868767082656,-1.2037429833181919,0.23278215873629307,-0.029039175418101165,-402.90377430836196,766.4889709132685,-364.3247879742486,-0.7395913693418846
10.44,0.006678273439556312,-0.07047548715831561,0.2,-2.006054956695301,1.0002723340130355,-0.00026771525949155294,-0.0002645868767082656,-1.2037429833181919,0.23278215873629307,-0.029039175418101165,-402.90377430836196,766.4889709132685,-364.3247879742486,-0.7395913693418846
10.46,0.006561104826571003,-0.2566620432477582,0.2,-2.006054956695301,1.0002723340130355,-0.00026771525949155294,-0.0002645868767082656,-1.2037429833181919,0.23278215873629307,-0.029039175418101165,-402.90377430836196,766.4889709132685,-364.3247879742486,-0.7395913693418846
10.48,0.006568713357225049,-0.3846947378637232,0.2,-2.006054956695301,1.0002723340130355,-0.00026771525949155294,-0.0002645868767082656,-1.2037429833181919,0.23278215873629307,-0.029039175418101165,-402.90377430836196,766.4889709132685,-364.3247879742486,-0.7395913693418846
10.5,0.006784786653895357,-0.16831258895082515,-0.2,-2.006054956695301,1.0002723340130355,-0.00026771525949155294,-0.0002645868767082656,-1.2037429833181919,0.23278215873629307,-0.029039175418101165,-402.90377430836196,766.4889709132685,-364.3247879742486,-0.7395913693418846
10.52,0.007187047543631721,0.11577953573923407,-0.2,-2.006054956695301,1.0002723340130355,-0.00026771525949155294,-0.0002645868767082656,-1.2037429833181919,0.23278215873629307,-0.029039175418101165,-402.90377430836196,766.4889709132685,-364.3247879742486,-0.7395913693418846
10.540000000000001,0.007644582871772179,0.35840060300753296,-0.2,-2.006054956695301,1.0002723340130355,-0.00026771525949155294,-0.0002645868767082656,-1.2037429833181919,0.23278215873629307,-0.029039175418101165,-402.90377430836196,766.4889709132685,-364.3247879742486,-0.7395913693418846
10.56,0.008019813295973692,0.5376455761380198,-0.2,-2.006054956695301,1.0002723340130355,-0.00026771525949155294,-0.0002645868767082656,-1.2037429833181919,0.23278215873629307,-0.029039175418101165,-402.90377430836196,766.4889709132685,-364.3247879742486,-0.7395913693418846
10.58,0.008202597147239782,0.6579081833607179,-0.2,-2.006054956695301,1.0002723340130355,-0.00026771525949155294,-0.0002645868767082656,-1.2037429833181919,0.23278215873629307,-0.029039175418101165,-402.90377430836196,766.4889709132685,-364.3247879742486,-0.7395913693418846
10.6,0.008114258219452846,0.7290057881636651,-0.2,-2.006054956695301,1.0002723340130355,-0.00026771525949155294,-0.0002645868767082656,-1.2037429833181919,0.23278215873629307,-0.029039175418101165,-402.90377430836196,766.4889709132685,-364.3247879742486,-0.7395913693418846
10.620000000000001,0.0077033499819934605,0.46470964217402577,0.2,-2.006054956695301,1.0002723340130355,-0.00026771525949155294,-0.0002645868767082656,-1.2037429833181919,0.23278215873629307,-0.029039175418101165,-402.90377430836196,766.4889709132685,-364.3247879742486,-0.7395913693418846
10.64,0.007018938682082366,0.14052775896203362,0.2,-2.006054956695301,1.0002723340130355,-0.00026771525949155294,-0.0002645868767082656,-1.2037429833181919,0.23278215873629307,-0.029039175418101165,-402.90377430836196,766.4889709132685,-364.3247879742486,-0.7395913693418846
10.66,0.006213740598236554,-0.13564355563278366,0.2,-2.006054956695301,1.0002723340130355,-0.00026771525949155294,-0.0002645868767082656,-1.2037429833181919,0.23278215873629307,-0.029039175418101165,-402.90377430836196,766.4889709132685,-364.3247879742486,-0.7395913693418846
10.68,0.005442940976216613,-0.34302464932476207,0.2,-2.006054956695301,1.0002723340130355,-0.00026771525949155294,-0.0002645868767082656,-1.2037429833181919,0.23278215873629307,-0.029039175418101165,-402.90377430836196,766.4889709132685,-364.3247879742486,-0.7395913693418846
10.700000000000001,0.00483083233486854,-0.19111295177202067,-0.2,-2.006054956695301,1.0002723340130355,-0.00026771525949155294,-0.0002645868767082656,-1.2037429833181919,0.23278215873629307,-0.029039175418101165,-402.90377430836196,766.4889709132685,-364.3247879742486,-0.7395913693418846
10.72,0.004388664410844582,0.04220650792540495,-0.2,-2.006054956695301,1.0002723340130355,-0.00026771525949155294,-0.0002645868767082656,-1.2037429833181919,0.23278215873629307,-0.029039175418101165,-402.90377430836196,766.4889709132685,-364.3247879742486,-0.7395913693418846
10.74,0.00401134883925765,0.2455672797379776,-0.2,-2.006054956695301,1.0002723340130355,-0.00026771525949155294,-0.0002645868767082656,-1.2037429833181919,0.23278215873629307,-0.029039175418101165,-402.90377430836196,766.4889709132685,-364.3247879742486,-0.7395913693418846
10.76,0.0035804735863595536,0.39497438817674135,-0.2,-2.006054956695301,1.0002723340130355,-0.00026771525949155294,-0.0002645868767082656,-1.2037429833181919,0.23278215873629307,-0.029039175418101165,-402.90377430836196,766.4889709132685,-364.3247879742486,-0.7395913693418846
10.78,0.0029996559714521778,0.493040896208667,-0.2,-2.006054956695301,1.0002723340130355,-0.00026771525949155294,-0.0002645868767082656,-1.2037429833181919,0.23278215873629307,-0.029039175418101165,-402.90377430836196,766.4889709132685,-364.3247879742486,-0.7395913693418846
10.8,0.0021996808964134438,0.2522761230042462,0.2,-2.006054956695301,1.0002723340130355,-0.00026771525949155294,-0.0002645868767082656,-1.2037429833181919,0.23278215873629307,-0.029039175418101165,-402.90377430836196,766.4889709132685,-364.3247879742486,-0.7395913693418846
10.82,0.0012139384326954833,-0.05162579908763287,0.2,-2.006054956695301,1.0002723340130355,-0.00026771525949155294,-0.0002645868767082656,-1.2037429833181919,0.23278215873629307,-0.029039175418101165,-402.90377430836196,766.4889709132685,-364.3247879742486,-0.7395913693418846
10.84,0.00018175660226245165,-0.3103120694905481,0.2,-2.006054956695301,1.0002723340130355,-0.00026771525949155294,-0.0002645868767082656,-1.2037429833181919,0.23278215873629307,-0.029039175418101165,-402.90377430836196,766.4889709132685,-364.3247879742486,-0.7395913693418846
10.86,-0.0007530321714073601,-0.5025568675636592,0.2,-2.006054956695301,1.0002723340130355,-0.00026771525949155294,-0.0002645868767082656,-1.2037429833181919,0.23278215873629307,-0.029039175418101165,-402.90377430836196,766.4889709132685,-364.3247879742486,-0.7395913693418846
10.88,-0.0014757593756973126,-0.6333113668649707,0.2,-2.006054956695301,1.0002723340130355,-0.00026771525949155294,-0.0002645868767082656,-1.2037429833181919,0.23278215873629307,-0.029039175418101165,-402.90377430836196,766.4889709132685,-364.3247879742486,-0.7395913693418846
10.9,-0.0019045942049348325,-0.41701396903806853,-0.2,-2.006054956695301,1.0002723340130355,-0.00026771525949155294,-0.0002645868767082656,-1.2037429833181919,0.23278215873629307,-0.029039175418101165,-402.90377430836196,766.4889709132685,-364.3247879742486,-0.7395913693418846
10.92,-0.002064772341661835,-0.13093945425768636,-0.2,-2.006054956695301,1.0002723340130355,-0.00026771525949155294,-0.0002645868767082656,-1.2037429833181919,0.23278215873629307,-0.029039175418101165,-402.90377430836196,766.4889709132685,-364.3247879742486,-0.7395913693418846
10.94,-0.0020909466167788045,0.11526746028858942,-0.2,-2.006054956695301,1.0002723340130355,-0.00026771525949155294,-0.0002645868767082656,-1.2037429833181919,0.23278215873629307,-0.029039175418101165,-402.90377430836196,766.4889709132685,-364.3247879742486,-0.7395913693418846
10.96,-0.002124961842824492,0.29932592562592153,-0.2,-2.006054956695301,1.0002723340130355,-0.00026771525949155294,-0.0002645868767082656,-1.2037429833181919,0.23278215873629307,-0.029039175418101165,-402.90377430836196,766.4889709132685,-364.3247879742486,-0.7395913693418846
10.98,-0.0022815509621407063,0.42532581393616775,-0.2,-2.006054956695301,1.0002723340130355,-0.00026771525949155294,-0.0002645868767082656,-1.2037429833181919,0.23278215873629307,-0.029039175418101165,-402.90377430836196,766.4889709132685,-364.3247879742486,-0.7395913693418846
11.0,-0.002644151676068987,0.20700291323279194,0.2,-2.006054956695301,1.0002723340130355,-0.00026771525949155294,-0.0002645868767082656,-1.2037429833181919,0.23278215873629307,-0.029039175418101165,-402.90377430836196,766.4889709132685,-364.3247879742486,-0.7395913693418846
11.02,-0.0031902704470457496,-0.07894053019567615,0.2,-2.006054956695301,1.0002723340130355,-0.00026771525949155294,-0.0002645868767082656,-1.2037429833181919,0.23278215873629307,-0.029039175418101165,-402.90377430836196,766.4889709132685,-364.3247879742486,-0.7395913693418846
11.040000000000001,-0.003788808203952548,-0.3233258696445769,0.2,-2.006054956695301,1.0002723340130355,-0.00026771525949155294,-0.0002645868767082656,-1.2037429833181919,0.23278215873629307,-0.029039175418101165,-402.90377430836196,766.4889709132685,-364.3247879742486,-0.7395913693418846
11.06,-0.004302029726605063,-0.5042512968391939,0.2,-2.006054956695301,1.0002723340130355,-0.00026771525949155294,-0.0002645868767082656,-1.2037429833181919,0.23278215873629307,-0.029039175418101165,-402.90377430836196,766.4889709132685,-364.3247879742486,-0.7395913693418846
11.08,-0.004619666097616968,-0.6261144226310107,0.2,-2.006054956695301,1.0002723340130355,-0.00026771525949155294,-0.0002645868767082656,-1.2037429833181919,0.23278215873629307,-0.029039175418101165,-402.90377430836196,766.4889709132685,-364.3247879742486,-0.7395913693418846
11.1,-0.004662940371936556,-0.698736758193828,0.2,-2.006054956695301,1.0002723340130355,-0.00026771525949155294,-0.0002645868767082656,-1.2037429833181919,0.23278215873629307,-0.029039175418101165,-402.90377430836196,766.4889709132685,-364.3247879742486,-0.7395913693418846
11.120000000000001,-0.004380329292565963,-0.43589368004053275,-0.2,-2.006054956695301,1.0002723340130355,-0.00026771525949155294,-0.0002645868767082656,-1.2037429833181919,0.23278215873629307,-0.029039175418101165,-402.90377430836196,766.4889709132685,-364.3247879742486,-0.7395913693418846
11.14,-0.0038208454631039556,-0.11309780929876978,-0.2,-2.006054956695301,1.0002723340130355,-0.00026771525949155294,-0.0002645868767082656,-1.2037429833181919,0.23278215873629307,-0.029039175418101165,-402.90377430836196,766.4889709132685,-364.3247879742486,-0.7395913693418846
11.16,-0.003137171183100803,0.1617503679623544,-0.2,-2.006054956695301,1.0002723340130355,-0.00026771525949155294,-0.0002645868767082656,-1.2037429833181919,0.23278215873629307,-0.029039175418101165,-402.90377430836196,766.4889709132685,-364.3247879742486,-0.7395913693418846
11.18,-0.002484471821573143,0.367868627922158,-0.2,-2.006054956695301,1.0002723340130355,-0.00026771525949155294,-0.0002645868767082656,-1.2037429833181919,0.23278215873629307,-0.029039175418101165,-402.90377430836196,766.4889709132685,-364.3247879742486,-0.7395913693418846
11.200000000000001,-0.0019870316807736165,0.21475259862602622,0.2,-2.006054956695301,1.0002723340130355,-0.00026771525949155294,-0.0002645868767082656,-1.2037429833181919,0.23278215873629307,-0.029039175418101165,-402.90377430836196,766.4889709132685,-364.3247879742486,-0.7395913693418846
11.22,-0.0016561023672163853,-0.01971419199972005,0.2,-2.006054956695301,1.0002723340130355,-0.00026771525949155294,-0.0002645868767082656,-1.2037429833181919,0.23278215873629307,-0.029039175418101165,-402.90377430836196,766.4889709132685,-364.3247879742486,-0.7395913693418846
11.24,-0.0013866073185220128,-0.2241670847825383,0.2,-2.006054956695301,1.0002723340130355,-0.00026771525949155294,-0.0002645868767082656,-1.2037429833181919,0.23278215873629307,-0.029039175418101165,-402.90377430836196,766.4889709132685,-364.3247879742486,-0.7395913693418846
11.26,-0.0010601567752700006,-0.3746135719917024,0.2,-2.006054956695301,1.0002723340130355,-0.00026771525949155294,-0.0002645868767082656,-1.2037429833181919,0.23278215873629307,-0.029039175418101165,-402.90377430836196,766.4889709132685,-364.3247879742486,-0.7395913693418846
11.28,-0.0005804000626804182,-0.47366943607895007,0.2,-2.006054956695301,1.0002723340130355,-0.00026771525949155294,-0.0002645868767082656,-1.2037429833181919,0.23278215873629307,-0.029039175418101165,-402.90377430836196,766.4889709132685,-364.3247879742486,-0.7395913693418846
11.3,0.00012183737143802345,-0.2338466663453725,-0.2,-2.006054956695301,1.0002723340130355,-0.00026771525949155294,-0.0002645868767082656,-1.2037429833181919,0.23278215873629307,-0.029039175418101165,-402.90377430836196,766.4889709132685,-364.3247879742486,-0.7395913693418846
11.32,0.001013117486965893,0.06915804279734525,-0.2,-2.006054956695301,1.0002723340130355,-0.00026771525949155294,-0.0002645868767082656,-1.2037429833181919,0.23278215873629307,-0.029039175418101165,-402.90377430836196,766.4889709132685,-364.3247879742486,-0.7395913693418846
11.34,0.0019540586461099588,0.3269897428417361,-0.2,-2.006054956695301,1.0002723340130355,-0.00026771525949155294,-0.0002645868767082656,-1.2037429833181919,0.23278215873629307,-0.029039175418101165,-402.90377430836196,766.4889709132685,-364.3247879742486,-0.7395913693418846
11.36,0.0028007707690086156,0.5184209362468123,-0.2,-2.006054956695301,1.0002723340130355,-0.00026771525949155294,-0.0002645868767082656,-1.2037429833181919,0.23278215873629307,-0.029039175418101165,-402.90377430836196,766.4889709132685,-364.3247879742486,-0.7395913693418846
11.38,0.0034385241138146228,0.6484011935318724,-0.2,-2.006054956695301,1.0002723340130355,-0.00026771525949155294,-0.0002645868767082656,-1.2037429833181919,0.23278215873629307,-0.029039175418101165,-402.90377430836196,766.4889709132685,-364.3247879742486,-0.7395913693418846
11.4,0.0037854231630247213,0.43136716791169927,0.2,-2.006054956695301,1.0002723340130355,-0.00026771525949155294,-0.0002645868767082656,-1.2037429833181919,0.23278215873629307,-0.029039175418101165,-402.90377430836196,766.4889709132685,-364.3247879742486,-0.7395913693418846
11.42,0.003866635113733306,0.14459155989789693,0.2,-2.006054956695301,1.0002723340130355,-0.00026771525949155294,-0.0002645868767082656,-1.2037429833181919,0.23278215873629307,-0.029039175418101165,-402.90377430836196,766.4889709132685,-364.3247879742486,-0.7395913693418846
11.44,0.0038167410456312837,-0.10228304786669108,0.2,-2.006054956695301,1.0002723340130355,-0.00026771525949155294,-0.0002645868767082656,-1.2037429833181919,0.23278215873629307,-0.029039175418101165,-402.90377430836196,766.4889709132685,-364.3247879742486,-0.7395913693418846
11.46,0.0037775122522739784,-0.2869775180262055,0.2,-2.006054956695301,1.0002723340130355,-0.00026771525949155294,-0.0002645868767082656,-1.2037429833181919,0.23278215873629307,-0.029039175418101165,-402.90377430836196,766.4889709132685,-364.3247879742486,-0.7395913693418846
11.48,0.003863607276210068,-0.4135831118313332,0.2,-2.006054956695301,1.0002723340130355,-0.00026771525949155294,-0.0002645868767082656,-1.2037429833181919,0.23278215873629307,-0.029039175418101165,-402.90377430836196,766.4889709132685,-364.3247879742486,-0.7395913693418846
11.5,0.004158388895309827,-0.19583689804498775,-0.2,-2.006054956695301,1.0002723340130355,-0.00026771525949155294,-0.0002645868767082656,-1.2037429833181919,0.23278215873629307,-0.029039175418101165,-402.90377430836196,766.4889709132685,-364.3247879742486,-0.7395913693418846
11.52,0.004639288776730675,0.08955779602289687,-0.2,-2.006054956695301,1.0002723340130355,-0.00026771525949155294,-0.0002645868767082656,-1.2037429833181919,0.23278215873629307,-0.029039175418101165,-402.90377430836196,766.4889709132685,-364.3247879742486,-0.7395913693418846
11.540000000000001,0.005175133517795368,0.3334213650069945,-0.2,-2.006054956695301,1.0002723340130355,-0.00026771525949155294,-0.0002645868767082656,-1.2037429833181919,0.23278215873629307,-0.029039175418101165,-402.90377430836196,766.4889709132685,-364.3247879742486,-0.7395913693418846
11.56,0.005628113663238771,0.5138508760537217,-0.2,-2.006054956695301,1.0002723340130355,-0.00026771525949155294,-0.0002645868767082656,-1.2037429833181919,0.23278215873629307,-0.029039175418101165,-402.90377430836196,766.4889709132685,-364.3247879742486,-0.7395913693418846
11.58,0.005887885996514082,0.6352426622068963,-0.2,-2.006054956695301,1.0002723340130355,-0.00026771525949155294,-0.0002645868767082656,-1.2037429833181919,0.23278215873629307,-0.029039175418101165,-402.90377430836196,766.4889709132685,-364.3247879742486,-0.7395913693418846
11.6,0.005875599241991931,0.4115803384314166,0.2,-2.006054956695301,1.0002723340130355,-0.00026771525949155294,-0.0002645868767082656,-1.2037429833181919,0.23278215873629307,-0.029039175418101165,-402.90377430836196,766.4889709132685,-364.3247879742486,-0.7395913693418846
11.620000000000001,0.005618406964257695,0.11976549039190024,0.2,-2.006054956695301,1.0002723340130355,-0.00026771525949155294,-0.0002645868767082656,-1.2037429833181919,0.23278215873629307,-0.029039175418101165,-402.90377430836196,766.4889709132685,-364.3247879742486,-0.7395913693418846
11.64,0.0052520500942164925,-0.13086276006709996,0.2,-2.006054956695301,1.0002723340130355,-0.00026771525949155294,-0.0002645868767082656,-1.2037429833181919,0.23278215873629307,-0.029039175418101165,-402.90377430836196,766.4889709132685,-364.3247879742486,-0.7395913693418846
11.66,0.0049188211131370565,-0.31827267309011587,0.2,-2.006054956695301,1.0002723340130355,-0.00026771525949155294,-0.0002645868767082656,-1.2037429833181919,0.23278215873629307,-0.029039175418101165,-402.90377430836196,766.4889709132685,-364.3247879742486,-0.7395913693418846
11.68,0.004733410930644061,-0.4467573308117706,0.2,-2.006054956695301,1.0002723340130355,-0.00026771525949155294,-0.0002645868767082656,-1.2037429833181919,0.23278215873629307,-0.029039175418101165,-402.90377430836196,766.4889709132685,-364.3247879742486,-0.7395913693418846
11.700000000000001,0.004778845379770898,-0.23021864874514933,-0.2,-2.006054956695301,1.0002723340130355,-0.00026771525949155294,-0.0002645868767082656,-1.2037429833181919,0.23278215873629307,-0.029039175418101165,-402.90377430836196,766.4889709132685,-364.3247879742486,-0.7395913693418846
11.72,0.00503194552790525,0.0545054524401572,-0.2,-2.006054956695301,1.0002723340130355,-0.00026771525949155294,-0.0002645868767082656,-1.2037429833181919,0.23278215873629307,-0.029039175418101165,-402.90377430836196,766.4889709132685,-364.3247879742486,-0.7395913693418846
11.74,0.0053607296325961055,0.2981254417239621,-0.2,-2.006054956695301,1.0002723340130355,-0.00026771525949155294,-0.0002645868767082656,-1.2037429833181919,0.23278215873629307,-0.029039175418101165,-402.90377430836196,766.4889709132685,-364.3247879742486,-0.7395913693418846
11.76,0.005626442159319662,0.4786485559216638,-0.2,-2.006054956695301,1.0002723340130355,-0.00026771525949155294,-0.0002645868767082656,-1.2037429833181919,0.23278215873629307,-0.029039175418101165,-402.90377430836196,766.4889709132685,-364.3247879742486,-0.7395913693418846
11.78,0.005717703777510761,0.6003978825495578,-0.2,-2.006054956695301,1.0002723340130355,-0.00026771525949155294,-0.0002645868767082656,-1.2037429833181919,0.23278215873629307,-0.029039175418101165,-402.90377430836196,766.4889709132685,-364.3247879742486,-0.7395913693418846
11.8,0.005554574639032569,0.3772974864012274,0.2,-2.006054956695301,1.0002723340130355,-0.00026771525949155294,-0.0002645868767082656,-1.2037429833181919,0.23278215873629307,-0.029039175418101165,-402.90377430836196,766.4889709132685,-364.3247879742486,-0.7395913693418846
11.82,0.005163096728433977,0.08620074870249553,0.2,-2.006054956695301,1.0002723340130355,-0.00026771525949155294,-0.0002645868767082656,-1.2037429833181919,0.23278215873629307,-0.029039175418101165,-402.90377430836196,766.4889709132685,-364.3247879742486,-0.7395913693418846
11.84,0.004677898963461594,-0.16359211363770854,0.2,-2.006054956695301,1.0002723340130355,-0.00026771525949155294,-0.0002645868767082656,-1.2037429833181919,0.23278215873629307,-0.029039175418101165,-402.90377430836196,766.4889709132685,-364.3247879742486,-0.7395913693418846
11.86,0.004240177978262276,-0.35008085174280545,0.2,-2.006054956695301,1.0002723340130355,-0.00026771525949155294,-0.0002645868767082656,-1.2037429833181919,0.23278215873629307,-0.029039175418101165,-402.90377430836196,766.4889709132685,-364.3247879742486,-0.7395913693418846
11.88,0.003963557222095102,-0.477584061270243,0.2,-2.006054956695301,1.0002723340130355,-0.00026771525949155294,-0.0002645868767082656,-1.2037429833181919,0.23278215873629307,-0.029039175418101165,-402.90377430836196,766.4889709132685,-364.3247879742486,-0.7395913693418846
11.9,0.003930032418814367,-0.2600242512358134,-0.2,-2.006054956695301,1.0002723340130355,-0.00026771525949155294,-0.0002645868767082656,-1.2037429833181919,0.23278215873629307,-0.029039175418101165,-402.90377430836196,766.4889709132685,-364.3247879742486,-0.7395913693418846
11.92,0.00411543790482757,0.025744000444473003,-0.2,-2.006054956695301,1.0002723340130355,-0.00026771525949155294,-0.0002645868767082656,-1.2037429833181919,0.23278215873629307,-0.029039175418101165,-402.90377430836196,766.4889709132685,-364.3247879742486,-0.7395913693418846
11.94,0.00438685270338429,0.2704177676763937,-0.2,-2.006054956695301,1.0002723340130355,-0.00026771525949155294,-0.0002645868767082656,-1.2037429833181919,0.23278215873629307,-0.029039175418101165,-402.90377430836196,766.4889709132685,-364.3247879742486,-0.7395913693418846
11.96,0.0046046324777682295,0.4519937629588948,-0.2,-2.006054956695301,1.0002723340130355,-0.00026771525949155294,-0.0002645868767082656,-1.2037429833181919,0.23278215873629307,-0.029039175418101165,-402.90377430836196,766.4889709132685,-364.3247879742486,-0.7395913693418846
11.98,0.004656560994188698,0.5747869189303244,-0.2,-2.006054956695301,1.0002723340130355,-0.00026771525949155294,-0.0002645868767082656,-1.2037429833181919,0.23278215873629307,-0.029039175418101165,-402.90377430836196,766.4889709132685,-364.3247879742486,-0.7395913693418846
12.0,0.004461913717580491,0.6485516037317731,-0.2,-2.006054956695301,1.0002723340130355,-0.00026771525949155294,-0.0002645868767082656,-1.2037429833181919,0.23278215873629307,-0.029039175418101165,-402.90377430836196,766.4889709132685,-364.3247879742486,-0.7395913693418846
12.02,0.00396724841048781,0.3870088562212477,0.2,-2.006054956695301,1.0002723340130355,-0.00026771525949155294,-0.0002645868767082656,-1.2037429833181919,0.23278215873629307,-0.029039175418101165,-402.90377430836196,766.4889709132685,-364.3247879742486,-0.7395913693418846
12.040000000000001,0.0032197089955009503,0.06562754115494951,0.2,-2.006054956695301,1.0002723340130355,-0.00026771525949155294,-0.0002645868767082656,-1.2037429833181919,0.23278215873629307,-0.029039175418101165,-402.90377430836196,766.4889709132685,-364.3247879742486,-0.7395913693418846
12.06,0.002370174969591768,-0.207726992493309,0.2,-2.006054956695301,1.0002723340130355,-0.00026771525949155294,-0.0002645868767082656,-1.2037429833181919,0.23278215873629307,-0.029039175418101165,-402.90377430836196,766.4889709132685,-364.3247879742486,-0.7395913693418846
12.08,0.0015720850966850458,-0.412300843380211,0.2,-2.006054956695301,1.0002723340130355,-0.00026771525949155294,-0.0002645868767082656,-1.2037429833181919,0.23278215873629307,-0.029039175418101165,-402.90377430836196,766.4889709132685,-364.3247879742486,-0.7395913693418846
12.1,0.0009480799653384328,-0.5534490119900508,0.2,-2.006054956695301,1.0002723340130355,-0.00026771525949155294,-0.0002645868767082656,-1.2037429833181919,0.23278215873629307,-0.029039175418101165,-402.90377430836196,766.4889709132685,-364.3247879742486,-0.7395913693418846
12.120000000000001,0.0005866068294096069,-0.34594519298657567,-0.2,-2.006054956695301,1.0002723340130355,-0.00026771525949155294,-0.0002645868767082656,-1.2037429833181919,0.23278215873629307,-0.029039175418101165,-402.90377430836196,766.4889709132685,-364.3247879742486,-0.7395913693418846
12.14,0.000467925001328862,-0.0673405290779713,-0.2,-2.006054956695301,1.0002723340130355,-0.00026771525949155294,-0.0002645868767082656,-1.2037429833181919,0.23278215873629307,-0.029039175418101165,-402.90377430836196,766.4889709132685,-364.3247879742486,-0.7395913693418846
12.16,0.000461949264682592,0.17249290867687983,-0.2,-2.006054956695301,1.0002723340130355,-0.00026771525949155294,-0.0002645868767082656,-1.2037429833181919,0.23278215873629307,-0.029039175418101165,-402.90377430836196,766.4889709132685,-364.3247879742486,-0.7395913693418846
12.18,0.00043063566374417064,0.3510875076159444,-0.2,-2.006054956695301,1.0002723340130355,-0.00026771525949155294,-0.0002645868767082656,-1.2037429833181919,0.23278215873629307,-0.029039175418101165,-402.90377430836196,766.4889709132685,-364.3247879742486,-0.7395913693418846
12.200000000000001,0.0002624176166567232,0.4723797419711153,-0.2,-2.006054956695301,1.0002723340130355,-0.00026771525949155294,-0.0002645868767082656,-1.2037429833181919,0.23278215873629307,-0.029039175418101165,-402.90377430836196,766.4889709132685,-364.3247879742486,-0.7395913693418846
12.22,-0.00012350202283099588,0.24997927670996797,0.2,-2.006054956695301,1.0002723340130355,-0.00026771525949155294,-0.0002645868767082656,-1.2037429833181919,0.23278215873629307,-0.029039175418101165,-402.90377430836196,766.4889709132685,-364.3247879742486,-0.7395913693418846
12.24,-0.0007024251443591687,-0.03951531880916204,0.2,-2.006054956695301,1.0002723340130355,-0.00026771525949155294,-0.0002645868767082656,-1.2037429833181919,0.23278215873629307,-0.029039175418101165,-402.90377430836196,766.4889709132685,-364.3247879742486,-0.7395913693418846
12.26,-0.0013414098845107247,-0.2870105867020589,0.2,-2.006054956695301,1.0002723340130355,-0.00026771525949155294,-0.0002645868767082656,-1.2037429833181919,0.23278215873629307,-0.029039175418101165,-402.90377430836196,766.4889709132685,-364.3247879742486,-0.7395913693418846
12.280000000000001,-0.0019011792574399034,-0.47067490876042706,0.2,-2.006054956695301,1.0002723340130355,-0.00026771525949155294,-0.0002645868767082656,-1.2037429833181919,0.23278215873629307,-0.029039175418101165,-402.90377430836196,766.4889709132685,-364.3247879742486,-0.7395913693418846
12.3,-0.0022701736983172173,-0.5949639316263443,0.2,-2.006054956695301,1.0002723340130355,-0.00026771525949155294,-0.0002645868767082656,-1.2037429833181919,0.23278215873629307,-0.029039175418101165,-402.90377430836196,766.4889709132685,-364.3247879742486,-0.7395913693418846
12.32,-0.0023685355370579825,-0.3739107491185164,-0.2,-2.006054956695301,1.0002723340130355,-0.00026771525949155294,-0.0002645868767082656,-1.2037429833181919,0.23278215873629307,-0.029039175418101165,-402.90377430836196,766.4889709132685,-364.3247879742486,-0.7395913693418846
12.34,-0.002222588761275131,-0.08445877522262038,-0.2,-2.006054956695301,1.0002723340130355,-0.00026771525949155294,-0.0002645868767082656,-1.2037429833181919,0.23278215873629307,-0.029039175418101165,-402.90377430836196,766.4889709132685,-364.3247879742486,-0.7395913693418846
12.36,-0.0019673922879986185,0.16401789185631332,-0.2,-2.006054956695301,1.0002723340130355,-0.00026771525949155294,-0.0002645868767082656,-1.2037429833181919,0.23278215873629307,-0.029039175418101165,-402.90377430836196,766.4889709132685,-364.3247879742486,-0.7395913693418846
12.38,-0.0017446776540512284,0.3494591957517883,-0.2,-2.006054956695301,1.0002723340130355,-0.00026771525949155294,-0.0002645868767082656,-1.2037429833181919,0.23278215873629307,-0.029039175418101165,-402.90377430836196,766.4889709132685,-364.3247879742486,-0.7395913693418846
12.4,-0.0016686752804412632,0.4761351094406182,-0.2,-2.006054956695301,1.0002723340130355,-0.00026771525949155294,-0.0002645868767082656,-1.2037429833181919,0.23278215873629307,-0.029039175418101165,-402.90377430836196,766.4889709132685,-364.3247879742486,-0.7395913693418846
12.42,-0.001822034857859287,0.2579282625334828,0.2,-2.006054956695301,1.0002723340130355,-0.00026771525949155294,-0.0002645868767082656,-1.2037429833181919,0.23278215873629307,-0.029039175418101165,-402.90377430836196,766.4889709132685,-364.3247879742486,-0.7395913693418846
12.44,-0.0021812716578740185,-0.028339417708332787,0.2,-2.006054956695301,1.0002723340130355,-0.00026771525949155294,-0.0002645868767082656,-1.2037429833181919,0.23278215873629307,-0.029039175418101165,-402.90377430836196,766.4889709132685,-364.3247879742486,-0.7395913693418846
12.46,-0.00261415726659044,-0.27339180016204667,0.2,-2.006054956695301,1.0002723340130355,-0.00026771525949155294,-0.0002645868767082656,-1.2037429833181919,0.23278215873629307,-0.029039175418101165,-402.90377430836196,766.4889709132685,-364.3247879742486,-0.7395913693418846
12.48,-0.0029817403058520833,-0.45524784454771283,0.2,-2.006054956695301,1.0002723340130355,-0.00026771525949155294,-0.0002645868767082656,-1.2037429833181919,0.23278215873629307,-0.029039175418101165,-402.90377430836196,766.4889709132685,-364.3247879742486,-0.7395913693418846
12.5,-0.0031724890734524803,-0.5782409472777414,0.2,-2.006054956695301,1.0002723340130355,-0.00026771525949155294,-0.0002645868767082656,-1.2037429833181919,0.23278215873629307,-0.029039175418101165,-402.90377430836196,766.4889709132685,-364.3247879742486,-0.7395913693418846
12.52,-0.0031063483598553275,-0.3563042035953362,-0.2,-2.006054956695301,1.0002723340130355,-0.00026771525949155294,-0.0002645868767082656,-1.2037429833181919,0.23278215873629307,-0.029039175418101165,-402.90377430836196,766.4889709132685,-364.3247879742486,-0.7395913693418846
12.540000000000001,-0.0028092770448811992,-0.06629923302882981,-0.2,-2.006054956695301,1.0002723340130355,-0.00026771525949155294,-0.0002645868767082656,-1.2037429833181919,0.23278215873629307,-0.029039175418101165,-402.90377430836196,766.4889709132685,-364.3247879742486,-0.7395913693418846
12.56,-0.0024158478427907496,0.18246660823606034,-0.2,-2.006054956695301,1.0002723340130355,-0.00026771525949155294,-0.0002645868767082656,-1.2037429833181919,0.23278215873629307,-0.029039175418101165,-402.90377430836196,766.4889709132685,-364.3247879742486,-0.7395913693418846
12.58,-0.0020672220879191005,0.3679875531492405,-0.2,-2.006054956695301,1.0002723340130355,-0.00026771525949155294,-0.0002645868767082656,-1.2037429833181919,0.23278215873629307,-0.029039175418101165,-402.90377430836196,766.4889709132685,-364.3247879742486,-0.7395913693418846
12.6,-0.0018770049392977627,0.49457776617671345,-0.2,-2.006054956695301,1.0002723340130355,-0.00026771525949155294,-0.0002645868767082656,-1.2037429833181919,0.23278215873629307,-0.029039175418101165,-402.90377430836196,766.4889709132685,-364.3247879742486,-0.7395913693418846
12.620000000000001,-0.0019271883038392168,0.27615587873127734,0.2,-2.006054956695301,1.0002723340130355,-0.00026771525949155294,-0.0002645868767082656,-1.2037429833181919,0.23278215873629307,-0.029039175418101165,-402.90377430836196,766.4889709132685,-364.3247879742486,-0.7395913693418846
12.64,-0.002193614679398505,-0.010426877987893629,0.2,-2.006054956695301,1.0002723340130355,-0.00026771525949155294,-0.0002645868767082656,-1.2037429833181919,0.23278215873629307,-0.029039175418101165,-402.90377430836196,766.4889709132685,-364.3247879742486,-0.7395913693418846
12.66,-0.0025433813612686517,-0.2558705481240594,0.2,-2.006054956695301,1.0002723340130355,-0.00026771525949155294,-0.0002645868767082656,-1.2037429833181919,0.23278215873629307,-0.029039175418101165,-402.90377430836196,766.4889709132685,-364.3247879742486,-0.7395913693418846
12.68,-0.002836871381283,-0.4381747481149336,0.2,-2.006054956695301,1.0002723340130355,-0.00026771525949155294,-0.0002645868767082656,-1.2037429833181919,0.23278215873629307,-0.029039175418101165,-402.90377430836196,766.4889709132685,-364.3247879742486,-0.7395913693418846
12.700000000000001,-0.0029619038140923696,-0.5616572171336376,0.2,-2.006054956695301,1.0002723340130355,-0.00026771525949155294,-0.0002645868767082656,-1.2037429833181919,0.23278215873629307,-0.029039175418101165,-402.90377430836196,766.4889709132685,-364.3247879742486,-0.7395913693418846
12.72,-0.00283779621403726,-0.3402384296896255,-0.2,-2.006054956695301,1.0002723340130355,-0.00026771525949155294,-0.0002645868767082656,-1.2037429833181919,0.23278215873629307,-0.029039175418101165,-402.90377430836196,766.4889709132685,-364.3247879742486,-0.7395913693418846
12.74,-0.0024899062608879008,-0.05076991192190208,-0.2,-2.006054956695301,1.0002723340130355,-0.00026771525949155294,-0.0002645868767082656,-1.2037429833181919,0.23278215873629307,-0.029039175418101165,-402.90377430836196,766.4889709132685,-364.3247879742486,-0.7395913693418846
12.76,-0.00205223414404513,0.19744902350866372,-0.2,-2.006054956695301,1.0002723340130355,-0.00026771525949155294,-0.0002645868767082656,-1.2037429833181919,0.23278215873629307,-0.029039175418101165,-402.90377430836196,766.4889709132685,-364.3247879742486,-0.7395913693418846
12.780000000000001,-0.0016653987671055753,0.38241905430541173,-0.2,-2.006054956695301,1.0002723340130355,-0.00026771525949155294,-0.0002645868767082656,-1.2037429833181919,0.23278215873629307,-0.029039175418101165,-402.90377430836196,766.4889709132685,-364.3247879742486,-0.7395913693418846
12.8,-0.001442493629455333,0.508459490897615,-0.2,-2.006054956695301,1.0002723340130355,-0.00026771525949155294,-0.0002645868767082656,-1.2037429833181919,0.23278215873629307,-0.029039175418101165,-402.90377430836196,766.4889709132685,-364.3247879742486,-0.7395913693418846
12.82,-0.0014650299019127741,0.2894930223444465,0.2,-2.006054956695301,1.0002723340130355,-0.00026771525949155294,-0.0002645868767082656,-1.2037429833181919,0.23278215873629307,-0.029039175418101165,-402.90377430836196,766.4889709132685,-364.3247879742486,-0.7395913693418846
12.84,-0.0017083999183319328,0.002374057623160425,0.2,-2.006054956695301,1.0002723340130355,-0.00026771525949155294,-0.0002645868767082656,-1.2037429833181919,0.23278215873629307,-0.029039175418101165,-402.90377430836196,766.4889709132685,-364.3247879742486,-0.7395913693418846
12.86,-0.0020392806923023596,-0.2435949858763049,0.2,-2.006054956695301,1.0002723340130355,-0.00026771525949155294,-0.0002645868767082656,-1.2037429833181919,0.23278215873629307,-0.029039175418101165,-402.90377430836196,766.4889709132685,-364.3247879742486,-0.7395913693418846
12.88,-0.002317663986002916,-0.426411874803289,0.2,-2.006054956695301,1.0002723340130355,-0.00026771525949155294,-0.0002645868767082656,-1.2037429833181919,0.23278215873629307,-0.029039175418101165,-402.90377430836196,766.4889709132685,-364.3247879742486,-0.7395913693418846
12.9,-0.002431005559148082,-0.5503930062552859,0.2,-2.006054956695301,1.0002723340130355,-0.00026771525949155294,-0.0002645868767082656,-1.2037429833181919,0.23278215873629307,-0.029039175418101165,-402.90377430836196,766.4889709132685,-364.3247879742486,-0.7395913693418846
12.92,-0.00229828642448978,-0.32945793212597996,-0.2,-2.006054956695301,1.0002723340130355,-0.00026771525949155294,-0.0002645868767082656,-1.2037429833181919,0.23278215873629307,-0.029039175418101165,-402.90377430836196,766.4889709132685,-364.3247879742486,-0.7395913693418846
12.94,-0.0019445533317831976,-0.040457642559191404,-0.2,-2.006054956695301,1.0002723340130355,-0.00026771525949155294,-0.0002645868767082656,-1.2037429833181919,0.23278215873629307,-0.029039175418101165,-402.90377430836196,766.4889709132685,-364.3247879742486,-0.7395913693418846
12.96,-0.0015035197278344013,0.2073088348782683,-0.2,-2.006054956695301,1.0002723340130355,-0.00026771525949155294,-0.0002645868767082656,-1.2037429833181919,0.23278215873629307,-0.029039175418101165,-402.90377430836196,766.4889709132685,-364.3247879742486,-0.7395913693418846
12.98,-0.0011155403048131321,0.3918423693481249,-0.2,-2.006054956695301,1.0002723340130355,-0.00026771525949155294,-0.0002645868767082656,-1.2037429833181919,0.23278215873629307,-0.029039175418101165,-402.90377430836196,766.4889709132685,-364.3247879742486,-0.7395913693418846
13.0,-0.0008934654403488303,0.5174623579101064,-0.2,-2.006054956695301,1.0002723340130355,-0.00026771525949155294,-0.0002645868767082656,-1.2037429833181919,0.23278215873629307,-0.029039175418101165,-402.90377430836196,766.4889709132685,-364.3247879742486,-0.7395913693418846
13.02,-0.0009185829945748922,0.2980914389598228,0.2,-2.006054956695301,1.0002723340130355,-0.00026771525949155294,-0.0002645868767082656,-1.2037429833181919,0.23278215873629307,-0.029039175418101165,-402.90377430836196,766.4889709132685,-364.3247879742486,-0.7395913693418846
13.040000000000001,-0.001166080524057442,0.010583861529905841,0.2,-2.006054956695301,1.0002723340130355,-0.00026771525949155294,-0.0002645868767082656,-1.2037429833181919,0.23278215873629307,-0.029039175418101165,-402.90377430836196,766.4889709132685,-364.3247879742486,-0.7395913693418846
13.06,-0.0015024475484540986,-0.23575819511455726,0.2,-2.006054956695301,1.0002723340130355,-0.00026771525949155294,-0.0002645868767082656,-1.2037429833181919,0.23278215873629307,-0.029039175418101165,-402.90377430836196,766.4889709132685,-364.3247879742486,-0.7395913693418846
13.08,-0.0017875044641137666,-0.418932811152261,0.2,-2.006054956695301,1.0002723340130355,-0.00026771525949155294,-0.0002645868767082656,-1.2037429833181919,0.23278215873629307,-0.029039175418101165,-402.90377430836196,766.4889709132685,-364.3247879742486,-0.7395913693418846
13.1,-0.0019085506962547194,-0.5432567638759829,0.2,-2.006054956695301,1.0002723340130355,-0.00026771525949155294,-0.0002645868767082656,-1.2037429833181919,0.23278215873629307,-0.029039175418101165,-402.90377430836196,766.4889709132685,-364.3247879742486,-0.7395913693418846
13.120000000000001,-0.0017844249219348923,-0.3226500450268458,-0.2,-2.006054956695301,1.0002723340130355,-0.00026771525949155294,-0.0002645868767082656,-1.2037429833181919,0.23278215873629307,-0.029039175418101165,-402.90377430836196,766.4889709132685,-364.3247879742486,-0.7395913693418846
13.14,-0.001440044647208739,-0.03396416424648682,-0.2,-2.006054956695301,1.0002723340130355,-0.00026771525949155294,-0.0002645868767082656,-1.2037429833181919,0.23278215873629307,-0.029039175418101165,-402.90377430836196,766.4889709132685,-364.3247879742486,-0.7395913693418846
13.16,-0.0010090061304082413,0.21350132513338524,-0.2,-2.006054956695301,1.0002723340130355,-0.00026771525949155294,-0.0002645868767082656,-1.2037429833181919,0.23278215873629307,-0.029039175418101165,-402.90377430836196,766.4889709132685,-364.3247879742486,-0.7395913693418846
13.18,-0.0006315577954397757,0.3977468464410664,-0.2,-2.006054956695301,1.0002723340130355,-0.00026771525949155294,-0.0002645868767082656,-1.2037429833181919,0.23278215873629307,-0.029039175418101165,-402.90377430836196,766.4889709132685,-364.3247879742486,-0.7395913693418846
13.200000000000001,-0.00042045377503109756,0.523091386018616,-0.2,-2.006054956695301,1.0002723340130355,-0.00026771525949155294,-0.0002645868767082656,-1.2037429833181919,0.23278215873629307,-0.029039175418101165,-402.90377430836196,766.4889709132685,-364.3247879742486,-0.7395913693418846
13.22,-0.00045689497294524093,0.3034571569341111,0.2,-2.006054956695301,1.0002723340130355,-0.00026771525949155294,-0.0002645868767082656,-1.2037429833181919,0.23278215873629307,-0.029039175418101165,-402.90377430836196,766.4889709132685,-364.3247879742486,-0.7395913693418846
13.24,-0.0007159905745007672,0.015697968272267188,0.2,-2.006054956695301,1.0002723340130355,-0.00026771525949155294,-0.0002645868767082656,-1.2037429833181919,0.23278215873629307,-0.029039175418101165,-402.90377430836196,766.4889709132685,-364.3247879742486,-0.7395913693418846
13.26,-0.0010641596177485173,-0.23088443623459523,0.2,-2.006054956695301,1.0002723340130355,-0.00026771525949155294,-0.0002645868767082656,-1.2037429833181919,0.23278215873629307,-0.029039175418101165,-402.90377430836196,766.4889709132685,-364.3247879742486,-0.7395913693418846
13.280000000000001,-0.0013611592653795693,-0.4142885646805117,0.2,-2.006054956695301,1.0002723340130355,-0.00026771525949155294,-0.0002645868767082656,-1.2037429833181919,0.23278215873629307,-0.029039175418101165,-402.90377430836196,766.4889709132685,-364.3247879742486,-0.7395913693418846
13.3,-0.001494232383947147,-0.5388316228550668,0.2,-2.006054956695301,1.0002723340130355,-0.00026771525949155294,-0.0002645868767082656,-1.2037429833181919,0.23278215873629307,-0.029039175418101165,-402.90377430836196,766.4889709132685,-364.3247879742486,-0.7395913693418846
13.32,-0.0013821672532911883,-0.31843404011050824,-0.2,-2.006054956695301,1.0002723340130355,-0.00026771525949155294,-0.0002645868767082656,-1.2037429833181919,0.23278215873629307,-0.029039175418101165,-402.90377430836196,766.4889709132685,-364.3247879742486,-0.7395913693418846
13.34,-0.0010498367083154358,-0.029947790552573544,-0.2,-2.006054956695301,1.0002723340130355,-0.00026771525949155294,-0.0002645868767082656,-1.2037429833181919,0.23278215873629307,-0.029039175418101165,-402.90377430836196,766.4889709132685,-364.3247879742486,-0.7395913693418846
13.36,-0.0006307975340152101,0.21732712778424318,-0.2,-2.006054956695301,1.0002723340130355,-0.00026771525949155294,-0.0002645868767082656,-1.2037429833181919,0.23278215873629307,-0.029039175418101165,-402.90377430836196,766.4889709132685,-364.3247879742486,-0.7395913693418846
13.38,-0.00026526328986391023,0.4013907642734217,-0.2,-2.006054956695301,1.0002723340130355,-0.00026771525949155294,-0.0002645868767082656,-1.2037429833181919,0.23278215873629307,-0.029039175418101165,-402.90377430836196,766.4889709132685,-364.3247879742486,-0.7395913693418846
13.4,-6.595742224068966e-05,0.5265617667000818,-0.2,-2.006054956695301,1.0002723340130355,-0.00026771525949155294,-0.0002645868767082656,-1.2037429833181919,0.23278215873629307,-0.029039175418101165,-402.90377430836196,766.4889709132685,-364.3247879742486,-0.7395913693418846
13.42,-0.00011405399717845808,0.3067620089851198,0.2,-2.006054956695301,1.0002723340130355,-0.00026771525949155294,-0.0002645868767082656,-1.2037429833181919,0.23278215873629307,-0.029039175418101165,-402.90377430836196,766.4889709132685,-364.3247879742486,-0.7395913693418846
13.44,-0.00038463890148737246,0.01884495594816271,0.2,-2.006054956695301,1.0002723340130355,-0.00026771525949155294,-0.0002645868767082656,-1.2037429833181919,0.23278215873629307,-0.029039175418101165,-402.90377430836196,766.4889709132685,-364.3247879742486,-0.7395913693418846
13.46,-0.0007441110848788479,-0.22788798070077385,0.2,-2.006054956695301,1.0002723340130355,-0.00026771525949155294,-0.0002645868767082656,-1.2037429833181919,0.23278215873629307,-0.029039175418101165,-402.90377430836196,766.4889709132685,-364.3247879742486,-0.7395913693418846
13.48,-0.0010522105166387325,-0.41143562041364823,0.2,-2.006054956695301,1.0002723340130355,-0.00026771525949155294,-0.0002645868767082656,-1.2037429833181919,0.23278215873629307,-0.029039175418101165,-402.90377430836196,766.4889709132685,-364.3247879742486,-0.7395913693418846
13.5,-0.001196165505238794,-0.5361154708527796,0.2,-2.006054956695301,1.0002723340130355,-0.00026771525949155294,-0.0002645868767082656,-1.2037429833181919,0.23278215873629307,-0.029039175418101165,-402.90377430836196,766.4889709132685,-364.3247879742486,-0.7395913693418846
13.52,-0.001094752189612372,-0.3158482649187524,-0.2,-2.006054956695301,1.0002723340130355,-0.00026771525949155294,-0.0002645868767082656,-1.2037429833181919,0.23278215873629307,-0.029039175418101165,-402.90377430836196,766.4889709132685,-364.3247879742486,-0.7395913693418846
13.540000000000001,-0.0007728335026478997,-0.02748629332419908,-0.2,-2.006054956695301,1.0002723340130355,-0.00026771525949155294,-0.0002645868767082656,-1.2037429833181919,0.23278215873629307,-0.029039175418101165,-402.90377430836196,766.4889709132685,-364.3247879742486,-0.7395913693418846
13.56,-0.0003639583226286883,0.21967014576936927,-0.2,-2.006054956695301,1.0002723340130355,-0.00026771525949155294,-0.0002645868767082656,-1.2037429833181919,0.23278215873629307,-0.029039175418101165,-402.90377430836196,766.4889709132685,-364.3247879742486,-0.7395913693418846
13.58,-8.334015033908992e-06,0.4036208480710133,-0.2,-2.006054956695301,1.0002723340130355,-0.00026771525949155294,-0.0002645868767082656,-1.2037429833181919,0.23278215873629307,-0.029039175418101165,-402.90377430836196,766.4889709132685,-364.3247879742486,-0.7395913693418846
13.6,0.00018132064295704726,0.5286842309104222,-0.2,-2.006054956695301,1.0002723340130355,-0.00026771525949155294,-0.0002645868767082656,-1.2037429833181919,0.23278215873629307,-0.029039175418101165,-402.90377430836196,766.4889709132685,-364.3247879742486,-0.7395913693418846
13.620000000000001,0.00012383485956069093,0.30878193807545706,0.2,-2.006054956695301,1.0002723340130355,-0.00026771525949155294,-0.0002645868767082656,-1.2037429833181919,0.23278215873629307,-0.029039175418101165,-402.90377430836196,766.4889709132685,-364.3247879742486,-0.7395913693418846
13.64,-0.0001558752540251838,0.020767200078515263,0.2,-2.006054956695301,1.0002723340130355,-0.00026771525949155294,-0.0002645868767082656,-1.2037429833181919,0.23278215873629307,-0.029039175418101165,-402.90377430836196,766.4889709132685,-364.3247879742486,-0.7395913693418846
13.66,-0.0005242077798298583,-0.22605879550586855,0.2,-2.006054956695301,1.0002723340130355,-0.00026771525949155294,-0.0002645868767082656,-1.2037429833181919,0.23278215873629307,-0.029039175418101165,-402.90377430836196,766.4889709132685,-364.3247879742486,-0.7395913693418846
13.68,-0.0008409028003339676,-0.4096950728230654,0.2,-2.006054956695301,1.0002723340130355,-0.00026771525949155294,-0.0002645868767082656,-1.2037429833181919,0.23278215873629307,-0.029039175418101165,-402.90377430836196,766.4889709132685,-364.3247879742486,-0.7395913693418846
13.700000000000001,-0.0009931896097471595,-0.23862278710309429,-0.2,-2.006054956695301,1.0002723340130355,-0.00026771525949155294,-0.0002645868767082656,-1.2037429833181919,0.23278215873629307,-0.029039175418101165,-402.90377430836196,766.4889709132685,-364.3247879742486,-0.7395913693418846
13.72,-0.0009785985824997086,0.010108995727353742,-0.2,-2.006054956695301,1.0002723340130355,-0.00026771525949155294,-0.0002645868767082656,-1.2037429833181919,0.23278215873629307,-0.029039175418101165,-402.90377430836196,766.4889709132685,-364.3247879742486,-0.7395913693418846
13.74,-0.0009087988246377309,0.2258197768759405,-0.2,-2.006054956695301,1.0002723340130355,-0.00026771525949155294,-0.0002645868767082656,-1.2037429833181919,0.23278215873629307,-0.029039175418101165,-402.90377430836196,766.4889709132685,-364.3247879742486,-0.7395913693418846
13.76,-0.0009070251426380278,0.3850773443769717,-0.2,-2.006054956695301,1.0002723340130355,-0.00026771525949155294,-0.0002645868767082656,-1.2037429833181919,0.23278215873629307,-0.029039175418101165,-402.90377430836196,766.4889709132685,-364.3247879742486,-0.7395913693418846
13.780000000000001,-0.0010730848959026422,0.49095604131388226,-0.2,-2.006054956695301,1.0002723340130355,-0.00026771525949155294,-0.0002645868767082656,-1.2037429833181919,0.23278215873629307,-0.029039175418101165,-402.90377430836196,766.4889709132685,-364.3247879742486,-0.7395913693418846
13.8,-0.0014785120362548454,0.5521795633433627,-0.2,-2.006054956695301,1.0002723340130355,-0.00026771525949155294,-0.0002645868767082656,-1.2037429833181919,0.23278215873629307,-0.029039175418101165,-402.90377430836196,766.4889709132685,-364.3247879742486,-0.7395913693418846
13.82,-0.002170118647383254,0.28162327069521675,0.2,-2.006054956695301,1.0002723340130355,-0.00026771525949155294,-0.0002645868767082656,-1.2037429833181919,0.23278215873629307,-0.029039175418101165,-402.90377430836196,766.4889709132685,-364.3247879742486,-0.7395913693418846
13.84,-0.0030961528912645617,-0.04593509104840701,0.2,-2.006054956695301,1.0002723340130355,-0.00026771525949155294,-0.0002645868767082656,-1.2037429833181919,0.23278215873629307,-0.029039175418101165,-402.90377430836196,766.4889709132685,-364.3247879742486,-0.7395913693418846
13.86,-0.004102715438100014,-0.3231948587016016,0.2,-2.006054956695301,1.0002723340130355,-0.00026771525949155294,-0.0002645868767082656,-1.2037429833181919,0.23278215873629307,-0.029039175418101165,-402.90377430836196,766.4889709132685,-364.3247879742486,-0.7395913693418846
13.88,-0.005034586132837777,-0.529863706606849,0.2,-2.006054956695301,1.0002723340130355,-0.00026771525949155294,-0.0002645868767082656,-1.2037429833181919,0.23278215873629307,-0.029039175418101165,-402.90377430836196,766.4889709132685,-364.3247879742486,-0.7395913693418846
13.9,-0.005768297887480821,-0.6716730914495097,0.2,-2.006054956695301,1.0002723340130355,-0.00026771525949155294,-0.0002645868767082656,-1.2037429833181919,0.23278215873629307,-0.029039175418101165,-402.90377430836196,766.4889709132685,-364.3247879742486,-0.7395913693418846
13.92,-0.006215302902266037,-0.46370280326427815,-0.2,-2.006054956695301,1.0002723340130355,-0.00026771525949155294,-0.0002645868767082656,-1.2037429833181919,0.23278215873629307,-0.029039175418101165,-402.90377430836196,766.4889709132685,-364.3247879742486,-0.7395913693418846
13.94,-0.006395782059055928,-0.1837515254410698,-0.2,-2.006054956695301,1.0002723340130355,-0.00026771525949155294,-0.0002645868767082656,-1.2037429833181919,0.23278215873629307,-0.029039175418101165,-402.90377430836196,766.4889709132685,-364.3247879742486,-0.7395913693418846
13.96,-0.0064406557137025216,0.05810857177043946,-0.2,-2.006054956695301,1.0002723340130355,-0.00026771525949155294,-0.0002645868767082656,-1.2037429833181919,0.23278215873629307,-0.029039175418101165,-402.90377430836196,766.4889709132685,-364.3247879742486,-0.7395913693418846
13.98,-0.006489086067478659,0.23924694813358535,-0.2,-2.006054956695301,1.0002723340130355,-0.00026771525949155294,-0.0002645868767082656,-1.2037429833181919,0.23278215873629307,-0.029039175418101165,-402.90377430836196,766.4889709132685,-364.3247879742486,-0.7395913693418846
14.0,-0.006653951980718222,0.36346748502760806,-0.2,-2.006054956695301,1.0002723340130355,-0.00026771525949155294,-0.0002645868767082656,-1.2037429833181919,0.23278215873629307,-0.029039175418101165,-402.90377430836196,766.4889709132685,-364.3247879742486,-0.7395913693418846
14.02,-0.007017485769454272,0.1442725627071029,0.2,-2.006054956695301,1.0002723340130355,-0.00026771525949155294,-0.0002645868767082656,-1.2037429833181919,0.23278215873629307,-0.029039175418101165,-402.90377430836196,766.4889709132685,-364.3247879742486,-0.7395913693418846
14.040000000000001,-0.007556493766573885,-0.14182645835316385,0.2,-2.006054956695301,1.0002723340130355,-0.00026771525949155294,-0.0002645868767082656,-1.2037429833181919,0.23278215873629307,-0.029039175418101165,-402.90377430836196,766.4889709132685,-364.3247879742486,-0.7395913693418846
14.06,-0.00813956572208168,-0.3858067953694179,0.2,-2.006054956695301,1.0002723340130355,-0.00026771525949155294,-0.0002645868767082656,-1.2037429833181919,0.23278215873629307,-0.029039175418101165,-402.90377430836196,766.4889709132685,-364.3247879742486,-0.7395913693418846
14.08,-0.008628948108291078,-0.5658926677908821,0.2,-2.006054956695301,1.0002723340130355,-0.00026771525949155294,-0.0002645868767082656,-1.2037429833181919,0.23278215873629307,-0.029039175418101165,-402.90377430836196,766.4889709132685,-364.3247879742486,-0.7395913693418846
14.1,-0.00891457026768943,-0.6865831942557067,0.2,-2.006054956695301,1.0002723340130355,-0.00026771525949155294,-0.0002645868767082656,-1.2037429833181919,0.23278215873629307,-0.029039175418101165,-402.90377430836196,766.4889709132685,-364.3247879742486,-0.7395913693418846
14.120000000000001,-0.00891800993149924,-0.46194498316709665,-0.2,-2.006054956695301,1.0002723340130355,-0.00026771525949155294,-0.0002645868767082656,-1.2037429833181919,0.23278215873629307,-0.029039175418101165,-402.90377430836196,766.4889709132685,-364.3247879742486,-0.7395913693418846
14.14,-0.008666956799312713,-0.16894577051389228,-0.2,-2.006054956695301,1.0002723340130355,-0.00026771525949155294,-0.0002645868767082656,-1.2037429833181919,0.23278215873629307,-0.029039175418101165,-402.90377430836196,766.4889709132685,-364.3247879742486,-0.7395913693418846
14.16,-0.008297758452523094,0.08302225042150464,-0.2,-2.006054956695301,1.0002723340130355,-0.00026771525949155294,-0.0002645868767082656,-1.2037429833181919,0.23278215873629307,-0.029039175418101165,-402.90377430836196,766.4889709132685,-364.3247879742486,-0.7395913693418846
14.18,-0.007953359320553077,0.27188343523073966,-0.2,-2.006054956695301,1.0002723340130355,-0.00026771525949155294,-0.0002645868767082656,-1.2037429833181919,0.23278215873629307,-0.029039175418101165,-402.90377430836196,766.4889709132685,-364.3247879742486,-0.7395913693418846
14.200000000000001,-0.007749126458059629,0.10605817352087207,0.2,-2.006054956695301,1.0002723340130355,-0.00026771525949155294,-0.0002645868767082656,-1.2037429833181919,0.23278215873629307,-0.029039175418101165,-402.90377430836196,766.4889709132685,-364.3247879742486,-0.7395913693418846
14.22,-0.007690018726143502,-0.13745376004694437,0.2,-2.006054956695301,1.0002723340130355,-0.00026771525949155294,-0.0002645868767082656,-1.2037429833181919,0.23278215873629307,-0.029039175418101165,-402.90377430836196,766.4889709132685,-364.3247879742486,-0.7395913693418846
14.24,-0.007666733652105838,-0.34801069203355584,0.2,-2.006054956695301,1.0002723340130355,-0.00026771525949155294,-0.0002645868767082656,-1.2037429833181919,0.23278215873629307,-0.029039175418101165,-402.90377430836196,766.4889709132685,-364.3247879742486,-0.7395913693418846
14.26,-0.007558267148110382,-0.5022090934840092,0.2,-2.006054956695301,1.0002723340130355,-0.00026771525949155294,-0.0002645868767082656,-1.2037429833181919,0.23278215873629307,-0.029039175418101165,-402.90377430836196,766.4889709132685,-364.3247879742486,-0.7395913693418846
14.280000000000001,-0.007266900213994789,-0.603144037759889,0.2,-2.006054956695301,1.0002723340130355,-0.00026771525949155294,-0.0002645868767082656,-1.2037429833181919,0.23278215873629307,-0.029039175418101165,-402.90377430836196,766.4889709132685,-364.3247879742486,-0.7395913693418846
14.3,-0.006723043161520879,-0.6595539779157307,0.2,-2.006054956695301,1.0002723340130355,-0.00026771525949155294,-0.0002645868767082656,-1.2037429833181919,0.23278215873629307,-0.029039175418101165,-402.90377430836196,766.4889709132685,-364.3247879742486,-0.7395913693418846
14.32,-0.005881685561606309,-0.3843245234710886,-0.2,-2.006054956695301,1.0002723340130355,-0.00026771525949155294,-0.0002645868767082656,-1.2037429833181919,0.23278215873629307,-0.029039175418101165,-402.90377430836196,766.4889709132685,-364.3247879742486,-0.7395913693418846
14.34,-0.004796241002695675,-0.052239844799987833,-0.2,-2.006054956695301,1.0002723340130355,-0.00026771525949155294,-0.0002645868767082656,-1.2037429833181919,0.23278215873629307,-0.029039175418101165,-402.90377430836196,766.4889709132685,-364.3247879742486,-0.7395913693418846
14.36,-0.003622138234442873,0.22939473532840912,-0.2,-2.006054956695301,1.0002723340130355,-0.00026771525949155294,-0.0002645868767082656,-1.2037429833181919,0.23278215873629307,-0.029039175418101165,-402.90377430836196,766.4889709132685,-364.3247879742486,-0.7395913693418846
14.38,-0.0025160037826310834,0.4402827147671611,-0.2,-2.006054956695301,1.0002723340130355,-0.00026771525949155294,-0.0002645868767082656,-1.2037429833181919,0.23278215873629307,-0.029039175418101165,-402.90377430836196,766.4889709132685,-364.3247879742486,-0.7395913693418846
14.4,-0.0016025933773054103,0.5861529842242197,-0.2,-2.006054956695301,1.0002723340130355,-0.00026771525949155294,-0.0002645868767082656,-1.2037429833181919,0.23278215873629307,-0.029039175418101165,-402.90377430836196,766.4889709132685,-364.3247879742486,-0.7395913693418846
14.42,-0.0009716296712305969,0.3820850833489279,0.2,-2.006054956695301,1.0002723340130355,-0.00026771525949155294,-0.0002645868767082656,-1.2037429833181919,0.23278215873629307,-0.029039175418101165,-402.90377430836196,766.4889709132685,-364.3247879742486,-0.7395913693418846
14.44,-0.0006039956010437749,0.10588028130211327,0.2,-2.006054956695301,1.0002723340130355,-0.00026771525949155294,-0.0002645868767082656,-1.2037429833181919,0.23278215873629307,-0.029039175418101165,-402.90377430836196,766.4889709132685,-364.3247879742486,-0.7395913693418846
14.46,-0.00036972927543816865,-0.13238494719809712,0.2,-2.006054956695301,1.0002723340130355,-0.00026771525949155294,-0.0002645868767082656,-1.2037429833181919,0.23278215873629307,-0.029039175418101165,-402.90377430836196,766.4889709132685,-364.3247879742486,-0.7395913693418846
14.48,-0.00013053149514304958,-0.31007611934392837,0.2,-2.006054956695301,1.0002723340130355,-0.00026771525949155294,-0.0002645868767082656,-1.2037429833181919,0.23278215873629307,-0.029039175418101165,-402.90377430836196,766.4889709132685,-364.3247879742486,-0.7395913693418846
14.5,0.00022570070519398584,-0.43099361947935294,0.2,-2.006054956695301,1.0002723340130355,-0.00026771525949155294,-0.0002645868767082656,-1.2037429833181919,0.23278215873629307,-0.029039175418101165,-402.90377430836196,766.4889709132685,-364.3247879742486,-0.7395913693418846
14.52,0.0007805043767675479,-0.20863623399240405,-0.2,-2.006054956695301,1.0002723340130355,-0.00026771525949155294,-0.0002645868767082656,-1.2037429833181919,0.23278215873629307,-0.029039175418101165,-402.90377430836196,766.4889709132685,-364.3247879742486,-0.7395913693418846
14.540000000000001,0.0015100633259477706,0.08048771994804033,-0.2,-2.006054956695301,1.0002723340130355,-0.00026771525949155294,-0.0002645868767082656,-1.2037429833181919,0.23278215873629307,-0.029039175418101165,-402.90377430836196,766.4889709132685,-364.3247879742486,-0.7395913693418846
14.56,0.002282411273202181,0.32735821897467743,-0.2,-2.006054956695301,1.0002723340130355,-0.00026771525949155294,-0.0002645868767082656,-1.2037429833181919,0.23278215873629307,-0.029039175418101165,-402.90377430836196,766.4889709132685,-364.3247879742486,-0.7395913693418846
14.58,0.0029593026575813566,0.5102033467082625,-0.2,-2.006054956695301,1.0002723340130355,-0.00026771525949155294,-0.0002645868767082656,-1.2037429833181919,0.23278215873629307,-0.029039175418101165,-402.90377430836196,766.4889709132685,-364.3247879742486,-0.7395913693418846
14.6,0.003430235643666014,0.633527158808582,-0.2,-2.006054956695301,1.0002723340130355,-0.00026771525949155294,-0.0002645868767082656,-1.2037429833181919,0.23278215873629307,-0.029039175418101165,-402.90377430836196,766.4889709132685,-364.3247879742486,-0.7395913693418846
14.620000000000001,0.003616413740382099,0.4114018448250455,0.2,-2.006054956695301,1.0002723340130355,-0.00026771525949155294,-0.0002645868767082656,-1.2037429833181919,0.23278215873629307,-0.029039175418101165,-402.90377430836196,766.4889709132685,-364.3247879742486,-0.7395913693418846
14.64,0.0035452078399568396,0.12080212174681917,0.2,-2.006054956695301,1.0002723340130355,-0.00026771525949155294,-0.0002645868767082656,-1.2037429833181919,0.23278215873629307,-0.029039175418101165,-402.90377430836196,766.4889709132685,-364.3247879742486,-0.7395913693418846
14.66,0.0033526966349170097,-0.1288728821066819,0.2,-2.006054956695301,1.0002723340130355,-0.00026771525949155294,-0.0002645868767082656,-1.2037429833181919,0.23278215873629307,-0.029039175418101165,-402.90377430836196,766.4889709132685,-364.3247879742486,-0.7395913693418846
14.68,0.0031815957021614476,-0.31554289192611956,0.2,-2.006054956695301,1.0002723340130355,-0.00026771525949155294,-0.0002645868767082656,-1.2037429833181919,0.23278215873629307,-0.029039175418101165,-402.90377430836196,766.4889709132685,-364.3247879742486,-0.7395913693418846
14.700000000000001,0.0031470775975606328,-0.14762504937519247,-0.2,-2.006054956695301,1.0002723340130355,-0.00026771525949155294,-0.0002645868767082656,-1.2037429833181919,0.23278215873629307,-0.029039175418101165,-402.90377430836196,766.4889709132685,-364.3247879742486,-0.7395913693418846
14.72,0.003253935870403435,0.09788300386151762,-0.2,-2.006054956695301,1.0002723340130355,-0.00026771525949155294,-0.0002645868767082656,-1.2037429833181919,0.23278215873629307,-0.029039175418101165,-402.90377430836196,766.4889709132685,-364.3247879742486,-0.7395913693418846
14.74,0.003392729961366764,0.3103417536295354,-0.2,-2.006054956695301,1.0002723340130355,-0.00026771525949155294,-0.0002645868767082656,-1.2037429833181919,0.23278215873629307,-0.029039175418101165,-402.90377430836196,766.4889709132685,-364.3247879742486,-0.7395913693418846
14.76,0.003442346037834885,0.4663512660942236,-0.2,-2.006054956695301,1.0002723340130355,-0.00026771525949155294,-0.0002645868767082656,-1.2037429833181919,0.23278215873629307,-0.029039175418101165,-402.90377430836196,766.4889709132685,-364.3247879742486,-0.7395913693418846
14.780000000000001,0.0033049825602740218,0.569011055873664,-0.2,-2.006054956695301,1.0002723340130355,-0.00026771525949155294,-0.0002645868767082656,-1.2037429833181919,0.23278215873629307,-0.029039175418101165,-402.90377430836196,766.4889709132685,-364.3247879742486,-0.7395913693418846
14.8,0.0029109921694586527,0.6270641948936009,-0.2,-2.006054956695301,1.0002723340130355,-0.00026771525949155294,-0.0002645868767082656,-1.2037429833181919,0.23278215873629307,-0.029039175418101165,-402.90377430836196,766.4889709132685,-364.3247879742486,-0.7395913693418846
14.82,0.002215328889235096,0.3534007341489892,0.2,-2.006054956695301,1.0002723340130355,-0.00026771525949155294,-0.0002645868767082656,-1.2037429833181919,0.23278215873629307,-0.029039175418101165,-402.90377430836196,766.4889709132685,-364.3247879742486,-0.7395913693418846
14.84,0.00127139130480785,0.022809434794146877,0.2,-2.006054956695301,1.0002723340130355,-0.00026771525949155294,-0.0002645868767082656,-1.2037429833181919,0.23278215873629307,-0.029039175418101165,-402.90377430836196,766.4889709132685,-364.3247879742486,-0.7395913693418846
14.86,0.00023460997506402105,-0.25740047596449367,0.2,-2.006054956695301,1.0002723340130355,-0.00026771525949155294,-0.0002645868767082656,-1.2037429833181919,0.23278215873629307,-0.029039175418101165,-402.90377430836196,766.4889709132685,-364.3247879742486,-0.7395913693418846
14.88,-0.0007383747184518982,-0.46693000598702694,0.2,-2.006054956695301,1.0002723340130355,-0.00026771525949155294,-0.0002645868767082656,-1.2037429833181919,0.23278215873629307,-0.029039175418101165,-402.90377430836196,766.4889709132685,-364.3247879742486,-0.7395913693418846
14.9,-0.0015227828003693497,-0.6115060168472976,0.2,-2.006054956695301,1.0002723340130355,-0.00026771525949155294,-0.0002645868767082656,-1.2037429833181919,0.23278215873629307,-0.029039175418101165,-402.90377430836196,766.4889709132685,-364.3247879742486,-0.7395913693418846
14.92,-0.0020288572769508618,-0.4062057715527321,-0.2,-2.006054956695301,1.0002723340130355,-0.00026771525949155294,-0.0002645868767082656,-1.2037429833181919,0.23278215873629307,-0.029039175418101165,-402.90377430836196,766.4889709132685,-364.3247879742486,-0.7395913693418846
14.94,-0.002275670836589378,-0.12882780877222463,-0.2,-2.006054956695301,1.0002723340130355,-0.00026771525949155294,-0.0002645868767082656,-1.2037429833181919,0.23278215873629307,-0.029039175418101165,-402.90377430836196,766.4889709132685,-364.3247879742486,-0.7395913693418846
14.96,-0.0023931315361847673,0.1105544009776714,-0.2,-2.006054956695301,1.0002723340130355,-0.00026771525949155294,-0.0002645868767082656,-1.2037429833181919,0.23278215873629307,-0.029039175418101165,-402.90377430836196,766.4889709132685,-364.3247879742486,-0.7395913693418846
14.98,-0.0025194767838595264,0.2893092209869439,-0.2,-2.006054956695301,1.0002723340130355,-0.00026771525949155294,-0.0002645868767082656,-1.2037429833181919,0.23278215873629307,-0.029039175418101165,-402.90377430836196,766.4889709132685,-364.3247879742486,-0.7395913693418846
15.0,-0.0027667412628177455,0.41123960364701984,-0.2,-2.006054956695301,1.0002723340130355,-0.00026771525949155294,-0.0002645868767082656,-1.2037429833181919,0.23278215873629307,-0.029039175418101165,-402.90377430836196,766.4889709132685,-364.3247879742486,-0.7395913693418846
15.02,-0.0032163883077422034,0.18984672652802273,0.2,-2.006054956695301,1.0002723340130355,-0.00026771525949155294,-0.0002645868767082656,-1.2037429833181919,0.23278215873629307,-0.029039175418101165,-402.90377430836196,766.4889709132685,-364.3247879742486,-0.7395913693418846
15.040000000000001,-0.003844523890428785,-0.0983589961501524,0.2,-2.006054956695301,1.0002723340130355,-0.00026771525949155294,-0.0002645868767082656,-1.2037429833181919,0.23278215873629307,-0.029039175418101165,-402.90377430836196,766.4889709132685,-364.3247879742486,-0.7395913693418846
15.06,-0.00451910093020862,-0.34435574626765786,0.2,-2.006054956695301,1.0002723340130355,-0.00026771525949155294,-0.0002645868767082656,-1.2037429833181919,0.23278215873629307,-0.029039175418101165,-402.90377430836196,766.4889709132685,-364.3247879742486,-0.7395913693418846
15.08,-0.0051017903637161025,-0.5263697984190525,0.2,-2.006054956695301,1.0002723340130355,-0.00026771525949155294,-0.0002645868767082656,-1.2037429833181919,0.23278215873629307,-0.029039175418101165,-402.90377430836196,766.4889709132685,-364.3247879742486,-0.7395913693418846
15.1,-0.00548200422791026,-0.6489032522315835,0.2,-2.006054956695301,1.0002723340130355,-0.00026771525949155294,-0.0002645868767082656,-1.2037429833181919,0.23278215873629307,-0.029039175418101165,-402.90377430836196,766.4889709132685,-364.3247879742486,-0.7395913693418846
15.120000000000001,-0.005580857437058238,-0.4260262104347372,-0.2,-2.006054956695301,1.0002723340130355,-0.00026771525949155294,-0.0002645868767082656,-1.2037429833181919,0.23278215873629307,-0.029039175418101165,-402.90377430836196,766.4889709132685,-364.3247879742486,-0.7395913693418846
15.14,-0.00542562938575712,-0.1347109444805024,-0.2,-2.006054956695301,1.0002723340130355,-0.00026771525949155294,-0.0002645868767082656,-1.2037429833181919,0.23278215873629307,-0.029039175418101165,-402.90377430836196,766.4889709132685,-364.3247879742486,-0.7395913693418846
15.16,-0.005152305134672676,0.11564580207315509,-0.2,-2.006054956695301,1.0002723340130355,-0.00026771525949155294,-0.0002645868767082656,-1.2037429833181919,0.23278215873629307,-0.029039175418101165,-402.90377430836196,766.4889709132685,-364.3247879742486,-0.7395913693418846
15.18,-0.004903506547504648,0.3029654408464004,-0.2,-2.006054956695301,1.0002723340130355,-0.00026771525949155294,-0.0002645868767082656,-1.2037429833181919,0.23278215873629307,-0.029039175418101165,-402.90377430836196,766.4889709132685,-364.3247879742486,-0.7395913693418846
15.200000000000001,-0.004794313282187378,0.13566637062054507,0.2,-2.006054956695301,1.0002723340130355,-0.00026771525949155294,-0.0002645868767082656,-1.2037429833181919,0.23278215873629307,-0.029039175418101165,-402.90377430836196,766.4889709132685,-364.3247879742486,-0.7395913693418846
15.22,-0.004829427531797198,-0.10925283243175886,0.2,-2.006054956695301,1.0002723340130355,-0.00026771525949155294,-0.0002645868767082656,-1.2037429833181919,0.23278215873629307,-0.029039175418101165,-402.90377430836196,766.4889709132685,-364.3247879742486,-0.7395913693418846
15.24,-0.004899318860287074,-0.3211517397717567,0.2,-2.006054956695301,1.0002723340130355,-0.00026771525949155294,-0.0002645868767082656,-1.2037429833181919,0.23278215873629307,-0.029039175418101165,-402.90377430836196,766.4889709132685,-364.3247879742486,-0.7395913693418846
15.26,-0.004882784230920169,-0.4766291634154466,0.2,-2.006054956695301,1.0002723340130355,-0.00026771525949155294,-0.0002645868767082656,-1.2037429833181919,0.23278215873629307,-0.029039175418101165,-402.90377430836196,766.4889709132685,-364.3247879742486,-0.7395913693418846
15.280000000000001,-0.004681933362082503,-0.5787831691605345,0.2,-2.006054956695301,1.0002723340130355,-0.00026771525949155294,-0.0002645868767082656,-1.2037429833181919,0.23278215873629307,-0.029039175418101165,-402.90377430836196,766.4889709132685,-364.3247879742486,-0.7395913693418846
15.3,-0.004227030730974245,-0.6363553494324111,0.2,-2.006054956695301,1.0002723340130355,-0.00026771525949155294,-0.0002645868767082656,-1.2037429833181919,0.23278215873629307,-0.029039175418101165,-402.90377430836196,766.4889709132685,-364.3247879742486,-0.7395913693418846
15.32,-0.0034729430355240403,-0.36223433665389926,-0.2,-2.006054956695301,1.0002723340130355,-0.00026771525949155294,-0.0002645868767082656,-1.2037429833181919,0.23278215873629307,-0.029039175418101165,-402.90377430836196,766.4889709132685,-364.3247879742486,-0.7395913693418846
15.34,-0.0024729824064127484,-0.031207468035178543,-0.2,-2.006054956695301,1.0002723340130355,-0.00026771525949155294,-0.0002645868767082656,-1.2037429833181919,0.23278215873629307,-0.029039175418101165,-402.90377430836196,766.4889709132685,-364.3247879742486,-0.7395913693418846
15.36,-0.0013824944818163977,0.24941721945786977,-0.2,-2.006054956695301,1.0002723340130355,-0.00026771525949155294,-0.0002645868767082656,-1.2037429833181919,0.23278215873629307,-0.029039175418101165,-402.90377430836196,766.4889709132685,-364.3247879742486,-0.7395913693418846
15.38,-0.0003580371313875362,0.45934152724466637,-0.2,-2.006054956695301,1.0002723340130355,-0.00026771525949155294,-0.0002645868767082656,-1.2037429833181919,0.23278215873629307,-0.029039175418101165,-402.90377430836196,766.4889709132685,-364.3247879742486,-0.7395913693418846
15.4,0.00047568975975345276,0.6042929993529188,-0.2,-2.006054956695301,1.0002723340130355,-0.00026771525949155294,-0.0002645868767082656,-1.2037429833181919,0.23278215873629307,-0.029039175418101165,-402.90377430836196,766.4889709132685,-364.3247879742486,-0.7395913693418846
15.42,0.0010290071901852475,0.399349666358899,0.2,-2.006054956695301,1.0002723340130355,-0.00026771525949155294,-0.0002645868767082656,-1.2037429833181919,0.23278215873629307,-0.029039175418101165,-402.90377430836196,766.4889709132685,-364.3247879742486,-0.7395913693418846
15.44,0.0013210641717276929,0.12231100467837422,0.2,-2.006054956695301,1.0002723340130355,-0.00026771525949155294,-0.0002645868767082656,-1.2037429833181919,0.23278215873629307,-0.029039175418101165,-402.90377430836196,766.4889709132685,-364.3247879742486,-0.7395913693418846
15.46,0.0014818435384399268,-0.11674850375551495,0.2,-2.006054956695301,1.0002723340130355,-0.00026771525949155294,-0.0002645868767082656,-1.2037429833181919,0.23278215873629307,-0.029039175418101165,-402.90377430836196,766.4889709132685,-364.3247879742486,-0.7395913693418846
15.48,0.0016496556117769705,-0.2951963330429728,0.2,-2.006054956695301,1.0002723340130355,-0.00026771525949155294,-0.0002645868767082656,-1.2037429833181919,0.23278215873629307,-0.029039175418101165,-402.90377430836196,766.4889709132685,-364.3247879742486,-0.7395913693418846
15.5,0.001936605917985655,-0.41683467459101664,0.2,-2.006054956695301,1.0002723340130355,-0.00026771525949155294,-0.0002645868767082656,-1.2037429833181919,0.23278215873629307,-0.029039175418101165,-402.90377430836196,766.4889709132685,-364.3247879742486,-0.7395913693418846
15.52,0.0024242265341549744,-0.19516400725853564,-0.2,-2.006054956695301,1.0002723340130355,-0.00026771525949155294,-0.0002645868767082656,-1.2037429833181919,0.23278215873629307,-0.029039175418101165,-402.90377430836196,766.4889709132685,-364.3247879742486,-0.7395913693418846
15.540000000000001,0.0030886898983437617,0.09330584356960145,-0.2,-2.006054956695301,1.0002723340130355,-0.00026771525949155294,-0.0002645868767082656,-1.2037429833181919,0.23278215873629307,-0.029039175418101165,-402.90377430836196,766.4889709132685,-364.3247879742486,-0.7395913693418846
15.56,0.0037980130470083337,0.3395535599672416,-0.2,-2.006054956695301,1.0002723340130355,-0.00026771525949155294,-0.0002645868767082656,-1.2037429833181919,0.23278215873629307,-0.029039175418101165,-402.90377430836196,766.4889709132685,-364.3247879742486,-0.7395913693418846
15.58,0.004413928949477082,0.5218059652977025,-0.2,-2.006054956695301,1.0002723340130355,-0.00026771525949155294,-0.0002645868767082656,-1.2037429833181919,0.23278215873629307,-0.029039175418101165,-402.90377430836196,766.4889709132685,-364.3247879742486,-0.7395913693418846
15.6,0.004825909818661474,0.6445657776285043,-0.2,-2.006054956695301,1.0002723340130355,-0.00026771525949155294,-0.0002645868767082656,-1.2037429833181919,0.23278215873629307,-0.029039175418101165,-402.90377430836196,766.4889709132685,-364.3247879742486,-0.7395913693418846
15.620000000000001,0.004955129030833348,0.42190376132047946,0.2,-2.006054956695301,1.0002723340130355,-0.00026771525949155294,-0.0002645868767082656,-1.2037429833181919,0.23278215873629307,-0.029039175418101165,-402.90377430836196,766.4889709132685,-364.3247879742486,-0.7395913693418846
15.64,0.004828923070238458,0.13079297097786394,0.2,-2.006054956695301,1.0002723340130355,-0.00026771525949155294,-0.0002645868767082656,-1.2037429833181919,0.23278215873629307,-0.029039175418101165,-402.90377430836196,766.4889709132685,-364.3247879742486,-0.7395913693418846
15.66,0.004583332614570536,-0.1193690943024489,0.2,-2.006054956695301,1.0002723340130355,-0.00026771525949155294,-0.0002645868767082656,-1.2037429833181919,0.23278215873629307,-0.029039175418101165,-402.90377430836196,766.4889709132685,-364.3247879742486,-0.7395913693418846
15.68,0.004361033110743885,-0.3065033415415745,0.2,-2.006054956695301,1.0002723340130355,-0.00026771525949155294,-0.0002645868767082656,-1.2037429833181919,0.23278215873629307,-0.029039175418101165,-402.90377430836196,766.4889709132685,-364.3247879742486,-0.7395913693418846
15.700000000000001,0.004277155616143996,-0.1390278144953497,-0.2,-2.006054956695301,1.0002723340130355,-0.00026771525949155294,-0.0002645868767082656,-1.2037429833181919,0.23278215873629307,-0.029039175418101165,-402.90377430836196,766.4889709132685,-364.3247879742486,-0.7395913693418846
15.72,0.004336451435399301,0.10605915431214,-0.2,-2.006054956695301,1.0002723340130355,-0.00026771525949155294,-0.0002645868767082656,-1.2037429833181919,0.23278215873629307,-0.029039175418101165,-402.90377430836196,766.4889709132685,-364.3247879742486,-0.7395913693418846
15.74,0.004429437127886336,0.3181173789065799,-0.2,-2.006054956695301,1.0002723340130355,-0.00026771525949155294,-0.0002645868767082656,-1.2037429833181919,0.23278215873629307,-0.029039175418101165,-402.90377430836196,766.4889709132685,-364.3247879742486,-0.7395913693418846
15.76,0.004434954962166679,0.4737460416395044,-0.2,-2.006054956695301,1.0002723340130355,-0.00026771525949155294,-0.0002645868767082656,-1.2037429833181919,0.23278215873629307,-0.029039175418101165,-402.90377430836196,766.4889709132685,-364.3247879742486,-0.7395913693418846
15.780000000000001,0.0042551584638057475,0.5760436503721881,-0.2,-2.006054956695301,1.0002723340130355,-0.00026771525949155294,-0.0002645868767082656,-1.2037429833181919,0.23278215873629307,-0.029039175418101165,-402.90377430836196,766.4889709132685,-364.3247879742486,-0.7395913693418846
15.8,0.0038203544813290046,0.3379157024508245,0.2,-2.006054956695301,1.0002723340130355,-0.00026771525949155294,-0.0002645868767082656,-1.2037429833181919,0.23278215873629307,-0.029039175418101165,-402.90377430836196,766.4889709132685,-364.3247879742486,-0.7395913693418846
15.82,0.003164202580869104,0.03537918457018674,0.2,-2.006054956695301,1.0002723340130355,-0.00026771525949155294,-0.0002645868767082656,-1.2037429833181919,0.23278215873629307,-0.029039175418101165,-402.90377430836196,766.4889709132685,-364.3247879742486,-0.7395913693418846
15.84,0.0024268579793654734,-0.22295004674034186,0.2,-2.006054956695301,1.0002723340130355,-0.00026771525949155294,-0.0002645868767082656,-1.2037429833181919,0.23278215873629307,-0.029039175418101165,-402.90377430836196,766.4889709132685,-364.3247879742486,-0.7395913693418846
15.860000000000001,0.0017533877719334956,-0.4156315674967588,0.2,-2.006054956695301,1.0002723340130355,-0.00026771525949155294,-0.0002645868767082656,-1.2037429833181919,0.23278215873629307,-0.029039175418101165,-402.90377430836196,766.4889709132685,-364.3247879742486,-0.7395913693418846
15.88,0.0012599829365591943,-0.5474416708121259,0.2,-2.006054956695301,1.0002723340130355,-0.00026771525949155294,-0.0002645868767082656,-1.2037429833181919,0.23278215873629307,-0.029039175418101165,-402.90377430836196,766.4889709132685,-364.3247879742486,-0.7395913693418846
15.9,0.0010301894179759186,-0.6285132072905745,0.2,-2.006054956695301,1.0002723340130355,-0.00026771525949155294,-0.0002645868767082656,-1.2037429833181919,0.23278215873629307,-0.029039175418101165,-402.90377430836196,766.4889709132685,-364.3247879742486,-0.7395913693418846
15.92,0.001119356737349559,-0.3728777897558233,-0.2,-2.006054956695301,1.0002723340130355,-0.00026771525949155294,-0.0002645868767082656,-1.2037429833181919,0.23278215873629307,-0.029039175418101165,-402.90377430836196,766.4889709132685,-364.3247879742486,-0.7395913693418846
15.94,0.0014815277944586456,-0.05625925499628659,-0.2,-2.006054956695301,1.0002723340130355,-0.00026771525949155294,-0.0002645868767082656,-1.2037429833181919,0.23278215873629307,-0.029039175418101165,-402.90377430836196,766.4889709132685,-364.3247879742486,-0.7395913693418846
15.96,0.00196644780894216,0.2132683176365797,-0.2,-2.006054956695301,1.0002723340130355,-0.00026771525949155294,-0.0002645868767082656,-1.2037429833181919,0.23278215873629307,-0.029039175418101165,-402.90377430836196,766.4889709132685,-364.3247879742486,-0.7395913693418846
15.98,0.0024208692665771275,0.4147807088425983,-0.2,-2.006054956695301,1.0002723340130355,-0.00026771525949155294,-0.0002645868767082656,-1.2037429833181919,0.23278215873629307,-0.029039175418101165,-402.90377430836196,766.4889709132685,-364.3247879742486,-0.7395913693418846
16.0,0.002722011231306355,0.5534935470132696,-0.2,-2.006054956695301,1.0002723340130355,-0.00026771525949155294,-0.0002645868767082656,-1.2037429833181919,0.23278215873629307,-0.029039175418101165,-402.90377430836196,766.4889709132685,-364.3247879742486,-0.7395913693418846
16.02,0.0027810354519216597,0.34406606176648336,0.2,-2.006054956695301,1.0002723340130355,-0.00026771525949155294,-0.0002645868767082656,-1.2037429833181919,0.23278215873629307,-0.029039175418101165,-402.90377430836196,766.4889709132685,-364.3247879742486,-0.7395913693418846
16.04,0.0026171054349263864,0.06395512141194845,0.2,-2.006054956695301,1.0002723340130355,-0.00026771525949155294,-0.0002645868767082656,-1.2037429833181919,0.23278215873629307,-0.029039175418101165,-402.90377430836196,766.4889709132685,-364.3247879742486,-0.7395913693418846
16.06,0.0023595952312506227,-0.17704466533000493,0.2,-2.006054956695301,1.0002723340130355,-0.00026771525949155294,-0.0002645868767082656,-1.2037429833181919,0.23278215873629307,-0.029039175418101165,-402.90377430836196,766.4889709132685,-364.3247879742486,-0.7395913693418846
16.080000000000002,0.0021457459812717367,-0.3565289473207047,0.2,-2.006054956695301,1.0002723340130355,-0.00026771525949155294,-0.0002645868767082656,-1.2037429833181919,0.23278215873629307,-0.029039175418101165,-402.90377430836196,766.4889709132685,-364.3247879742486,-0.7395913693418846
16.1,0.0020862628107208552,-0.18264933749813153,-0.2,-2.006054956695301,1.0002723340130355,-0.00026771525949155294,-0.0002645868767082656,-1.2037429833181919,0.23278215873629307,-0.029039175418101165,-402.90377430836196,766.4889709132685,-364.3247879742486,-0.7395913693418846
16.12,0.0021822959717456587,0.0678140608668498,-0.2,-2.006054956695301,1.0002723340130355,-0.00026771525949155294,-0.0002645868767082656,-1.2037429833181919,0.23278215873629307,-0.029039175418101165,-402.90377430836196,766.4889709132685,-364.3247879742486,-0.7395913693418846
16.14,0.0023214362028608224,0.28440004475048375,-0.2,-2.006054956695301,1.0002723340130355,-0.00026771525949155294,-0.0002645868767082656,-1.2037429833181919,0.23278215873629307,-0.029039175418101165,-402.90377430836196,766.4889709132685,-364.3247879742486,-0.7395913693418846
16.16,0.0023801534340514756,0.4438550156033285,-0.2,-2.006054956695301,1.0002723340130355,-0.00026771525949155294,-0.0002645868767082656,-1.2037429833181919,0.23278215873629307,-0.029039175418101165,-402.90377430836196,766.4889709132685,-364.3247879742486,-0.7395913693418846
16.18,0.0022586822019345734,0.549398622802858,-0.2,-2.006054956695301,1.0002723340130355,-0.00026771525949155294,-0.0002645868767082656,-1.2037429833181919,0.23278215873629307,-0.029039175418101165,-402.90377430836196,766.4889709132685,-364.3247879742486,-0.7395913693418846
16.2,0.0018857814110762898,0.6098725718715692,-0.2,-2.006054956695301,1.0002723340130355,-0.00026771525949155294,-0.0002645868767082656,-1.2037429833181919,0.23278215873629307,-0.029039175418101165,-402.90377430836196,766.4889709132685,-364.3247879742486,-0.7395913693418846
16.22,0.0012151141891315433,0.33824789567028646,0.2,-2.006054956695301,1.0002723340130355,-0.00026771525949155294,-0.0002645868767082656,-1.2037429833181919,0.23278215873629307,-0.029039175418101165,-402.90377430836196,766.4889709132685,-364.3247879742486,-0.7395913693418846
16.240000000000002,0.00029903595378094296,0.009379889133434571,0.2,-2.006054956695301,1.0002723340130355,-0.00026771525949155294,-0.0002645868767082656,-1.2037429833181919,0.23278215873629307,-0.029039175418101165,-402.90377430836196,766.4889709132685,-364.3247879742486,-0.7395913693418846
16.26,-0.0007078637271209561,-0.26936768539736305,0.2,-2.006054956695301,1.0002723340130355,-0.00026771525949155294,-0.0002645868767082656,-1.2037429833181919,0.23278215873629307,-0.029039175418101165,-402.90377430836196,766.4889709132685,-364.3247879742486,-0.7395913693418846
16.28,-0.0016496207492589766,-0.47765124181026786,0.2,-2.006054956695301,1.0002723340130355,-0.00026771525949155294,-0.0002645868767082656,-1.2037429833181919,0.23278215873629307,-0.029039175418101165,-402.90377430836196,766.4889709132685,-364.3247879742486,-0.7395913693418846
16.3,-0.002401996922330997,-0.6211610468097067,0.2,-2.006054956695301,1.0002723340130355,-0.00026771525949155294,-0.0002645868767082656,-1.2037429833181919,0.23278215873629307,-0.029039175418101165,-402.90377430836196,766.4889709132685,-364.3247879742486,-0.7395913693418846
16.32,-0.0028756670718468194,-0.41494420349467953,-0.2,-2.006054956695301,1.0002723340130355,-0.00026771525949155294,-0.0002645868767082656,-1.2037429833181919,0.23278215873629307,-0.029039175418101165,-402.90377430836196,766.4889709132685,-364.3247879742486,-0.7395913693418846
16.34,-0.003090045627151604,-0.1367742591756703,-0.2,-2.006054956695301,1.0002723340130355,-0.00026771525949155294,-0.0002645868767082656,-1.2037429833181919,0.23278215873629307,-0.029039175418101165,-402.90377430836196,766.4889709132685,-364.3247879742486,-0.7395913693418846
16.36,-0.0031753088513214404,0.10329599773372486,-0.2,-2.006054956695301,1.0002723340130355,-0.00026771525949155294,-0.0002645868767082656,-1.2037429833181919,0.23278215873629307,-0.029039175418101165,-402.90377430836196,766.4889709132685,-364.3247879742486,-0.7395913693418846
16.38,-0.003269902816677035,0.28265188551934445,-0.2,-2.006054956695301,1.0002723340130355,-0.00026771525949155294,-0.0002645868767082656,-1.2037429833181919,0.23278215873629307,-0.029039175418101165,-402.90377430836196,766.4889709132685,-364.3247879742486,-0.7395913693418846
16.4,-0.003486022674522948,0.40511024877869983,-0.2,-2.006054956695301,1.0002723340130355,-0.00026771525949155294,-0.0002645868767082656,-1.2037429833181919,0.23278215873629307,-0.029039175418101165,-402.90377430836196,766.4889709132685,-364.3247879742486,-0.7395913693418846
16.42,-0.0039052531613259925,0.18418370375062135,0.2,-2.006054956695301,1.0002723340130355,-0.00026771525949155294,-0.0002645868767082656,-1.2037429833181919,0.23278215873629307,-0.029039175418101165,-402.90377430836196,766.4889709132685,-364.3247879742486,-0.7395913693418846
16.44,-0.004503790219888059,-0.10360796666249297,0.2,-2.006054956695301,1.0002723340130355,-0.00026771525949155294,-0.0002645868767082656,-1.2037429833181919,0.23278215873629307,-0.029039175418101165,-402.90377430836196,766.4889709132685,-364.3247879742486,-0.7395913693418846
16.46,-0.0051496514512858645,-0.34923525456960147,0.2,-2.006054956695301,1.0002723340130355,-0.00026771525949155294,-0.0002645868767082656,-1.2037429833181919,0.23278215873629307,-0.029039175418101165,-402.90377430836196,766.4889709132685,-364.3247879742486,-0.7395913693418846
16.48,-0.005704551870199788,-0.530917986783943,0.2,-2.006054956695301,1.0002723340130355,-0.00026771525949155294,-0.0002645868767082656,-1.2037429833181919,0.23278215873629307,-0.029039175418101165,-402.90377430836196,766.4889709132685,-364.3247879742486,-0.7395913693418846
16.5,-0.00605793085781056,-0.6531528163612376,0.2,-2.006054956695301,1.0002723340130355,-0.00026771525949155294,-0.0002645868767082656,-1.2037429833181919,0.23278215873629307,-0.029039175418101165,-402.90377430836196,766.4889709132685,-364.3247879742486,-0.7395913693418846
16.52,-0.006130917170054912,-0.4300052439238725,-0.2,-2.006054956695301,1.0002723340130355,-0.00026771525949155294,-0.0002645868767082656,-1.2037429833181919,0.23278215873629307,-0.029039175418101165,-402.90377430836196,766.4889709132685,-364.3247879742486,-0.7395913693418846
16.54,-0.005950792967762656,-0.13844354901244274,-0.2,-2.006054956695301,1.0002723340130355,-0.00026771525949155294,-0.0002645868767082656,-1.2037429833181919,0.23278215873629307,-0.029039175418101165,-402.90377430836196,766.4889709132685,-364.3247879742486,-0.7395913693418846
16.56,-0.00565353735255661,0.11213889527038097,-0.2,-2.006054956695301,1.0002723340130355,-0.00026771525949155294,-0.0002645868767082656,-1.2037429833181919,0.23278215873629307,-0.029039175418101165,-402.90377430836196,766.4889709132685,-364.3247879742486,-0.7395913693418846
16.580000000000002,-0.005381759885765409,0.29966614342621234,-0.2,-2.006054956695301,1.0002723340130355,-0.00026771525949155294,-0.0002645868767082656,-1.2037429833181919,0.23278215873629307,-0.029039175418101165,-402.90377430836196,766.4889709132685,-364.3247879742486,-0.7395913693418846
16.6,-0.0052505232274539316,0.132558696827375,0.2,-2.006054956695301,1.0002723340130355,-0.00026771525949155294,-0.0002645868767082656,-1.2037429833181919,0.23278215873629307,-0.029039175418101165,-402.90377430836196,766.4889709132685,-364.3247879742486,-0.7395913693418846
16.62,-0.005264509211218399,-0.11218319842405776,0.2,-2.006054956695301,1.0002723340130355,-0.00026771525949155294,-0.0002645868767082656,-1.2037429833181919,0.23278215873629307,-0.029039175418101165,-402.90377430836196,766.4889709132685,-364.3247879742486,-0.7395913693418846
16.64,-0.005314164517649899,-0.32391770910098294,0.2,-2.006054956695301,1.0002723340130355,-0.00026771525949155294,-0.0002645868767082656,-1.2037429833181919,0.23278215873629307,-0.029039175418101165,-402.90377430836196,766.4889709132685,-364.3247879742486,-0.7395913693418846
16.66,-0.005278261108425005,-0.479242333155547,0.2,-2.006054956695301,1.0002723340130355,-0.00026771525949155294,-0.0002645868767082656,-1.2037429833181919,0.23278215873629307,-0.029039175418101165,-402.90377430836196,766.4889709132685,-364.3247879742486,-0.7395913693418846
16.68,-0.005058882071349385,-0.5812539299864006,0.2,-2.006054956695301,1.0002723340130355,-0.00026771525949155294,-0.0002645868767082656,-1.2037429833181919,0.23278215873629307,-0.029039175418101165,-402.90377430836196,766.4889709132685,-364.3247879742486,-0.7395913693418846
16.7,-0.004586264119186193,-0.6386930218760969,0.2,-2.006054956695301,1.0002723340130355,-0.00026771525949155294,-0.0002645868767082656,-1.2037429833181919,0.23278215873629307,-0.029039175418101165,-402.90377430836196,766.4889709132685,-364.3247879742486,-0.7395913693418846
16.72,-0.0038152455003258503,-0.3644473122672621,-0.2,-2.006054956695301,1.0002723340130355,-0.00026771525949155294,-0.0002645868767082656,-1.2037429833181919,0.23278215873629307,-0.029039175418101165,-402.90377430836196,766.4889709132685,-364.3247879742486,-0.7395913693418846
16.740000000000002,-0.002799109496909164,-0.03330330199298176,-0.2,-2.006054956695301,1.0002723340130355,-0.00026771525949155294,-0.0002645868767082656,-1.2037429833181919,0.23278215873629307,-0.029039175418101165,-402.90377430836196,766.4889709132685,-364.3247879742486,-0.7395913693418846
16.76,-0.0016931729208201588,0.2474316605960198,-0.2,-2.006054956695301,1.0002723340130355,-0.00026771525949155294,-0.0002645868767082656,-1.2037429833181919,0.23278215873629307,-0.029039175418101165,-402.90377430836196,766.4889709132685,-364.3247879742486,-0.7395913693418846
16.78,-0.0006539652934270403,0.4574598749520824,-0.2,-2.006054956695301,1.0002723340130355,-0.00026771525949155294,-0.0002645868767082656,-1.2037429833181919,0.23278215873629307,-0.029039175418101165,-402.90377430836196,766.4889709132685,-364.3247879742486,-0.7395913693418846
16.8,0.00019384122268608587,0.30667274386010024,0.2,-2.006054956695301,1.0002723340130355,-0.00026771525949155294,-0.0002645868767082656,-1.2037429833181919,0.23278215873629307,-0.029039175418101165,-402.90377430836196,766.4889709132685,-364.3247879742486,-0.7395913693418846
16.82,0.000839347205546288,0.07327683479983985,0.2,-2.006054956695301,1.0002723340130355,-0.00026771525949155294,-0.0002645868767082656,-1.2037429833181919,0.23278215873629307,-0.029039175418101165,-402.90377430836196,766.4889709132685,-364.3247879742486,-0.7395913693418846
16.84,0.0013885317889092406,-0.1310999988878137,0.2,-2.006054956695301,1.0002723340130355,-0.00026771525949155294,-0.0002645868767082656,-1.2037429833181919,0.23278215873629307,-0.029039175418101165,-402.90377430836196,766.4889709132685,-364.3247879742486,-0.7395913693418846
16.86,0.001961086365009412,-0.2822512048847873,0.2,-2.006054956695301,1.0002723340130355,-0.00026771525949155294,-0.0002645868767082656,-1.2037429833181919,0.23278215873629307,-0.029039175418101165,-402.90377430836196,766.4889709132685,-364.3247879742486,-0.7395913693418846
16.88,0.0026549426361491342,-0.3826186531918435,0.2,-2.006054956695301,1.0002723340130355,-0.00026771525949155294,-0.0002645868767082656,-1.2037429833181919,0.23278215873629307,-0.029039175418101165,-402.90377430836196,766.4889709132685,-364.3247879742486,-0.7395913693418846
16.9,0.0035410413208864025,-0.44040974573819835,0.2,-2.006054956695301,1.0002723340130355,-0.00026771525949155294,-0.0002645868767082656,-1.2037429833181919,0.23278215873629307,-0.029039175418101165,-402.90377430836196,766.4889709132685,-364.3247879742486,-0.7395913693418846
16.92,0.004666574396816494,-0.16807868097739836,-0.2,-2.006054956695301,1.0002723340130355,-0.00026771525949155294,-0.0002645868767082656,-1.2037429833181919,0.23278215873629307,-0.029039175418101165,-402.90377430836196,766.4889709132685,-364.3247879742486,-0.7395913693418846
16.94,0.005980896529141874,0.15994044882257405,-0.2,-2.006054956695301,1.0002723340130355,-0.00026771525949155294,-0.0002645868767082656,-1.2037429833181919,0.23278215873629307,-0.029039175418101165,-402.90377430836196,766.4889709132685,-364.3247879742486,-0.7395913693418846
16.96,0.007331745578426315,0.4366275169625866,-0.2,-2.006054956695301,1.0002723340130355,-0.00026771525949155294,-0.0002645868767082656,-1.2037429833181919,0.23278215873629307,-0.029039175418101165,-402.90377430836196,766.4889709132685,-364.3247879742486,-0.7395913693418846
16.98,0.008565912570806113,0.6419186761314853,-0.2,-2.006054956695301,1.0002723340130355,-0.00026771525949155294,-0.0002645868767082656,-1.2037429833181919,0.23278215873629307,-0.029039175418101165,-402.90377430836196,766.4889709132685,-364.3247879742486,-0.7395913693418846
17.0,0.00956219098368018,0.7817307989033726,-0.2,-2.006054956695301,1.0002723340130355,-0.00026771525949155294,-0.0002645868767082656,-1.2037429833181919,0.23278215873629307,-0.029039175418101165,-402.90377430836196,766.4889709132685,-364.3247879742486,-0.7395913693418846
17.02,0.010234444777047703,0.5712935610804514,0.2,-2.006054956695301,1.0002723340130355,-0.00026771525949155294,-0.0002645868767082656,-1.2037429833181919,0.23278215873629307,-0.029039175418101165,-402.90377430836196,766.4889709132685,-364.3247879742486,-0.7395913693418846
17.04,0.010605338327609858,0.2885251454997685,0.2,-2.006054956695301,1.0002723340130355,-0.00026771525949155294,-0.0002645868767082656,-1.2037429833181919,0.23278215873629307,-0.029039175418101165,-402.90377430836196,766.4889709132685,-364.3247879742486,-0.7395913693418846
17.06,0.010808288379002516,0.04359295914512254,0.2,-2.006054956695301,1.0002723340130355,-0.00026771525949155294,-0.0002645868767082656,-1.2037429833181919,0.23278215873629307,-0.029039175418101165,-402.90377430836196,766.4889709132685,-364.3247879742486,-0.7395913693418846
17.080000000000002,0.010984927432263855,-0.14079464385032534,0.2,-2.006054956695301,1.0002723340130355,-0.00026771525949155294,-0.0002645868767082656,-1.2037429833181919,0.23278215873629307,-0.029039175418101165,-402.90377430836196,766.4889709132685,-364.3247879742486,-0.7395913693418846
17.1,0.01125054860575967,-0.26837782408277244,0.2,-2.006054956695301,1.0002723340130355,-0.00026771525949155294,-0.0002645868767082656,-1.2037429833181919,0.23278215873629307,-0.029039175418101165,-402.90377430836196,766.4889709132685,-364.3247879742486,-0.7395913693418846
17.12,0.0116897190747351,-0.05260739357904706,-0.2,-2.006054956695301,1.0002723340130355,-0.00026771525949155294,-0.0002645868767082656,-1.2037429833181919,0.23278215873629307,-0.029039175418101165,-402.90377430836196,766.4889709132685,-364.3247879742486,-0.7395913693418846
17.14,0.012281487291059486,0.23004807707968317,-0.2,-2.006054956695301,1.0002723340130355,-0.00026771525949155294,-0.0002645868767082656,-1.2037429833181919,0.23278215873629307,-0.029039175418101165,-402.90377430836196,766.4889709132685,-364.3247879742486,-0.7395913693418846
17.16,0.012896581165416749,0.4706007200032052,-0.2,-2.006054956695301,1.0002723340130355,-0.00026771525949155294,-0.0002645868767082656,-1.2037429833181919,0.23278215873629307,-0.029039175418101165,-402.90377430836196,766.4889709132685,-364.3247879742486,-0.7395913693418846
17.18,0.013399268368853594,0.647300651516265,-0.2,-2.006054956695301,1.0002723340130355,-0.00026771525949155294,-0.0002645868767082656,-1.2037429833181919,0.23278215873629307,-0.029039175418101165,-402.90377430836196,766.4889709132685,-364.3247879742486,-0.7395913693418846
17.2,0.013681375647779078,0.7646655080586341,-0.2,-2.006054956695301,1.0002723340130355,-0.00026771525949155294,-0.0002645868767082656,-1.2037429833181919,0.23278215873629307,-0.029039175418101165,-402.90377430836196,766.4889709132685,-364.3247879742486,-0.7395913693418846
17.22,0.013666252394205826,0.5367750167161552,0.2,-2.006054956695301,1.0002723340130355,-0.00026771525949155294,-0.0002645868767082656,-1.2037429833181919,0.23278215873629307,-0.029039175418101165,-402.90377430836196,766.4889709132685,-364.3247879742486,-0.7395913693418846
17.240000000000002,0.013383230772028873,0.2406042143023482,0.2,-2.006054956695301,1.0002723340130355,-0.00026771525949155294,-0.0002645868767082656,-1.2037429833181919,0.23278215873629307,-0.029039175418101165,-402.90377430836196,766.4889709132685,-364.3247879742486,-0.7395913693418846
17.26,0.012970175774856473,-0.014450533360386986,0.2,-2.006054956695301,1.0002723340130355,-0.00026771525949155294,-0.0002645868767082656,-1.2037429833181919,0.23278215873629307,-0.029039175418101165,-402.90377430836196,766.4889709132685,-364.3247879742486,-0.7395913693418846
17.28,0.012571436916234151,-0.2063084533158946,0.2,-2.006054956695301,1.0002723340130355,-0.00026771525949155294,-0.0002645868767082656,-1.2037429833181919,0.23278215873629307,-0.029039175418101165,-402.90377430836196,766.4889709132685,-364.3247879742486,-0.7395913693418846
17.3,0.012303681863451817,-0.3392211975986231,0.2,-2.006054956695301,1.0002723340130355,-0.00026771525949155294,-0.0002645868767082656,-1.2037429833181919,0.23278215873629307,-0.029039175418101165,-402.90377430836196,766.4889709132685,-364.3247879742486,-0.7395913693418846
17.32,0.012251820039070181,-0.12705739201306124,-0.2,-2.006054956695301,1.0002723340130355,-0.00026771525949155294,-0.0002645868767082656,-1.2037429833181919,0.23278215873629307,-0.029039175418101165,-402.90377430836196,766.4889709132685,-364.3247879742486,-0.7395913693418846
17.34,0.012394458610731457,0.15337295246969296,-0.2,-2.006054956695301,1.0002723340130355,-0.00026771525949155294,-0.0002645868767082656,-1.2037429833181919,0.23278215873629307,-0.029039175418101165,-402.90377430836196,766.4889709132685,-364.3247879742486,-0.7395913693418846
17.36,0.012601298421400555,0.3928024870026905,-0.2,-2.006054956695301,1.0002723340130355,-0.00026771525949155294,-0.0002645868767082656,-1.2037429833181919,0.23278215873629307,-0.029039175418101165,-402.90377430836196,766.4889709132685,-364.3247879742486,-0.7395913693418846
17.38,0.012735152148112425,0.5692524956510829,-0.2,-2.006054956695301,1.0002723340130355,-0.00026771525949155294,-0.0002645868767082656,-1.2037429833181919,0.23278215873629307,-0.029039175418101165,-402.90377430836196,766.4889709132685,-364.3247879742486,-0.7395913693418846
17.400000000000002,0.012686090957937572,0.3912174760163002,0.2,-2.006054956695301,1.0002723340130355,-0.00026771525949155294,-0.0002645868767082656,-1.2037429833181919,0.23278215873629307,-0.029039175418101165,-402.90377430836196,766.4889709132685,-364.3247879742486,-0.7395913693418846
17.42,0.012454254737092578,0.13575089605031446,0.2,-2.006054956695301,1.0002723340130355,-0.00026771525949155294,-0.0002645868767082656,-1.2037429833181919,0.23278215873629307,-0.029039175418101165,-402.90377430836196,766.4889709132685,-364.3247879742486,-0.7395913693418846
17.44,0.012153699944727005,-0.0864668297039981,0.2,-2.006054956695301,1.0002723340130355,-0.00026771525949155294,-0.0002645868767082656,-1.2037429833181919,0.23278215873629307,-0.029039175418101165,-402.90377430836196,766.4889709132685,-364.3247879742486,-0.7395913693418846
17.46,0.011909849527016493,-0.25200178820895935,0.2,-2.006054956695301,1.0002723340130355,-0.00026771525949155294,-0.0002645868767082656,-1.2037429833181919,0.23278215873629307,-0.029039175418101165,-402.90377430836196,766.4889709132685,-364.3247879742486,-0.7395913693418846
17.48,0.011824515030389851,-0.3639260459668201,0.2,-2.006054956695301,1.0002723340130355,-0.00026771525949155294,-0.0002645868767082656,-1.2037429833181919,0.23278215873629307,-0.029039175418101165,-402.90377430836196,766.4889709132685,-364.3247879742486,-0.7395913693418846
17.5,0.011971060783682366,-0.43096248455466724,0.2,-2.006054956695301,1.0002723340130355,-0.00026771525949155294,-0.0002645868767082656,-1.2037429833181919,0.23278215873629307,-0.029039175418101165,-402.90377430836196,766.4889709132685,-364.3247879742486,-0.7395913693418846
17.52,0.012397964096458545,-0.165987827797709,-0.2,-2.006054956695301,1.0002723340130355,-0.00026771525949155294,-0.0002645868767082656,-1.2037429833181919,0.23278215873629307,-0.029039175418101165,-402.90377430836196,766.4889709132685,-364.3247879742486,-0.7395913693418846
17.54,0.013054989055326757,0.15621966011486776,-0.2,-2.006054956695301,1.0002723340130355,-0.00026771525949155294,-0.0002645868767082656,-1.2037429833181919,0.23278215873629307,-0.029039175418101165,-402.90377430836196,766.4889709132685,-364.3247879742486,-0.7395913693418846
17.56,0.013789614179572291,0.4283589169380947,-0.2,-2.006054956695301,1.0002723340130355,-0.00026771525949155294,-0.0002645868767082656,-1.2037429833181919,0.23278215873629307,-0.029039175418101165,-402.90377430836196,766.4889709132685,-364.3247879742486,-0.7395913693418846
17.580000000000002,0.014447859908520664,0.630133240725227,-0.2,-2.006054956695301,1.0002723340130355,-0.00026771525949155294,-0.0002645868767082656,-1.2037429833181919,0.23278215873629307,-0.029039175418101165,-402.90377430836196,766.4889709132685,-364.3247879742486,-0.7395913693418846
17.6,0.014907367110940723,0.4714298329618638,0.2,-2.006054956695301,1.0002723340130355,-0.00026771525949155294,-0.0002645868767082656,-1.2037429833181919,0.23278215873629307,-0.029039175418101165,-402.90377430836196,766.4889709132685,-364.3247879742486,-0.7395913693418846
17.62,0.01515931332034191,0.2304430680006531,0.2,-2.006054956695301,1.0002723340130355,-0.00026771525949155294,-0.0002645868767082656,-1.2037429833181919,0.23278215873629307,-0.029039175418101165,-402.90377430836196,766.4889709132685,-364.3247879742486,-0.7395913693418846
17.64,0.01531153181853637,0.01878490321434148,0.2,-2.006054956695301,1.0002723340130355,-0.00026771525949155294,-0.0002645868767082656,-1.2037429833181919,0.23278215873629307,-0.029039175418101165,-402.90377430836196,766.4889709132685,-364.3247879742486,-0.7395913693418846
17.66,0.015485376663867716,-0.13934913061810864,0.2,-2.0060544226684494,1.0002727109775948,-0.00026772209048663665,-0.0002645833803828069,-1.2037429833181919,0.23278215873629307,-0.029039175418101165,-402.90377430836196,766.4889709132685,-364.3247879742486,-0.7395913693418846
17.68,0.015780272769009094,-0.24640810742160144,0.2,-2.0060544226684494,1.0002727109775948,-0.00026772209048663665,-0.0002645833803828069,-1.2037429833181919,0.23278215873629307,-0.029039175418101165,-402.90377430836196,766.4889709132685,-364.3247879742486,-0.7395913693418846
17.7,0.01626849876725528,-0.31060572469226755,0.2,-2.0060544226684494,1.0002727109775948,-0.00026772209048663665,-0.0002645833803828069,-1.2037429833181919,0.23278215873629307,-0.029039175418101165,-402.90377430836196,766.4889709132685,-364.3247879742486,-0.7395913693418846
17.72,0.016998439921801733,-0.04440310630543082,-0.2,-2.0060544226684494,1.0002727109775948,-0.00026772209048663665,-0.0002645833803828069,-1.2037429833181919,0.23278215873629307,-0.029039175418101165,-402.90377430836196,766.4889709132685,-364.3247879742486,-0.7395913693418846
17.740000000000002,0.01792052164611435,0.2777627791104858,-0.2,-2.0060544226684494,1.0002727109775948,-0.00026772209048663665,-0.0002645833803828069,-1.2037429833181919,0.23278215873629307,-0.029039175418101165,-402.90377430836196,766.4889709132685,-364.3247879742486,-0.7395913693418846
17.76,0.01888344200473863,0.5488706683512865,-0.2,-2.0060544226684494,1.0002727109775948,-0.00026772209048663665,-0.0002645833803828069,-1.2037429833181919,0.23278215873629307,-0.029039175418101165,-402.90377430836196,766.4889709132685,-364.3247879742486,-0.7395913693418846
17.78,0.01973483417411423,0.7488492344106721,-0.2,-2.0060544226684494,1.0002727109775948,-0.00026772209048663665,-0.0002645833803828069,-1.2037429833181919,0.23278215873629307,-0.029039175418101165,-402.90377430836196,766.4889709132685,-364.3247879742486,-0.7395913693418846
17.8,0.02035421597550816,0.5877661475974295,0.2,-2.0060544226684494,1.0002727109775948,-0.00026772209048663665,-0.0002645833803828069,-1.2037429833181919,0.23278215873629307,-0.029039175418101165,-402.90377430836196,766.4889709132685,-364.3247879742486,-0.7395913693418846
17.82,0.02073479809288889,0.3439567429241823,0.2,-2.0060544226684494,1.0002727109775948,-0.00026772209048663665,-0.0002645833803828069,-1.2037429833181919,0.23278215873629307,-0.029039175418101165,-402.90377430836196,766.4889709132685,-364.3247879742486,-0.7395913693418846
17.84,0.020986526818963337,0.12914396593175906,0.2,-2.0060536883482114,1.0002733889391597,-0.000267738578917772,-0.0002645764805986466,-1.2037429833181919,0.23278215873629307,-0.029039175418101165,-402.90377430836196,766.4889709132685,-364.3247879742486,-0.7395913693418846
17.86,0.021232905232121298,-0.03238364798191258,0.2,-2.006052858937869,1.0002740064238422,-0.000267750380399794,-0.0002645704848837398,-1.2037429833181919,0.23278215873629307,-0.029039175418101165,-402.90377430836196,766.4889709132685,-364.3247879742486,-0.7395913693418846
17.88,0.021575506032189024,-0.14299698813531803,0.2,-2.0060520325338165,1.000274514141246,-0.0002677576683580889,-0.0002645654212459222,-1.2037429833181919,0.23278215873629307,-0.029039175418101165,-402.90377430836196,766.4889709132685,-364.3247879742486,-0.7395913693418846
17.900000000000002,0.022088722233044384,0.08499106109765778,-0.2,-2.0060512220698747,1.000274927184778,-0.0002677620414839967,-0.00026456098267740554,-1.2037429833181919,0.23278215873629307,-0.029039175418101165,-402.90377430836196,766.4889709132685,-364.3247879742486,-0.7395913693418846
17.92,0.022744264148754096,0.37605197728450357,-0.2,-2.0060512220698747,1.000274927184778,-0.0002677620414839967,-0.00026456098267740554,-1.2037429833181919,0.23278215873629307,-0.029039175418101165,-402.90377430836196,766.4889709132685,-364.3247879742486,-0.7395913693418846
17.94,0.023407765085153256,0.6219696091388409,-0.2,-2.0060512220698747,1.000274927184778,-0.0002677620414839967,-0.00026456098267740554,-1.2037429833181919,0.23278215873629307,-0.029039175418101165,-402.90377430836196,766.4889709132685,-364.3247879742486,-0.7395913693418846
17.96,0.02394013736863875,0.8016168513809551,-0.2,-2.0060512220698747,1.000274927184778,-0.0002677620414839967,-0.00026456098267740554,-1.2037429833181919,0.23278215873629307,-0.029039175418101165,-402.90377430836196,766.4889709132685,-364.3247879742486,-0.7395913693418846
17.98,0.02423119288987902,0.9200126127942834,-0.2,-2.0060512220698747,1.000274927184778,-0.0002677620414839967,-0.00026456098267740554,-1.2037429833181919,0.23278215873629307,-0.029039175418101165,-402.90377430836196,766.4889709132685,-364.3247879742486,-0.7395913693418846
18.0,0.02420329300026636,0.987477853762287,-0.2,-2.0060512220698747,1.000274927184778,-0.0002677620414839967,-0.00026456098267740554,-1.2037429833181919,0.23278215873629307,-0.029039175418101165,-402.90377430836196,766.4889709132685,-364.3247879742486,-0.7395913693418846
18.02,0.023806816813119837,0.7181904498301357,0.2,-2.0060512220698747,1.000274927184778,-0.0002677620414839967,-0.00026456098267740554,-1.2037429833181919,0.23278215873629307,-0.029039175418101165,-402.90377430836196,766.4889709132685,-364.3247879742486,-0.7395913693418846
18.04,0.023093190104621953,0.3879781467119514,0.2,-2.0060512220698747,1.000274927184778,-0.0002677620414839967,-0.00026456098267740554,-1.2037429833181919,0.23278215873629307,-0.029039175418101165,-402.90377430836196,766.4889709132685,-364.3247879742486,-0.7395913693418846
18.06,0.02221784548151087,0.10499308812479594,0.2,-2.0060507218926387,1.000275763650616,-0.00026777877941671355,-0.0002645544085685595,-1.2037429833181919,0.23278215873629307,-0.029039175418101165,-402.90377430836196,766.4889709132685,-364.3247879742486,-0.7395913693418846
18.080000000000002,0.02133893755454527,-0.10976576288026998,0.2,-2.0060507218926387,1.000275763650616,-0.00026777877941671355,-0.0002645544085685595,-1.2037429833181919,0.23278215873629307,-0.029039175418101165,-402.90377430836196,766.4889709132685,-364.3247879742486,-0.7395913693418846
18.1,0.020583881891268196,-0.2614467313497296,0.2,-2.0060507218926387,1.000275763650616,-0.00026777877941671355,-0.0002645544085685595,-1.2037429833181919,0.23278215873629307,-0.029039175418101165,-402.90377430836196,766.4889709132685,-364.3247879742486,-0.7395913693418846
18.12,0.020045865728236214,-0.06465555746096205,-0.2,-2.0060507218926387,1.000275763650616,-0.00026777877941671355,-0.0002645544085685595,-1.2037429833181919,0.23278215873629307,-0.029039175418101165,-402.90377430836196,766.4889709132685,-364.3247879742486,-0.7395913693418846
18.14,0.019709794537336563,0.2031962500743364,-0.2,-2.0060507218926387,1.000275763650616,-0.00026777877941671355,-0.0002645544085685595,-1.2037429833181919,0.23278215873629307,-0.029039175418101165,-402.90377430836196,766.4889709132685,-364.3247879742486,-0.7395913693418846
18.16,0.019450077284476713,0.43234799474768726,-0.2,-2.0060507218926387,1.000275763650616,-0.00026777877941671355,-0.0002645544085685595,-1.2037429833181919,0.23278215873629307,-0.029039175418101165,-402.90377430836196,766.4889709132685,-364.3247879742486,-0.7395913693418846
18.18,0.01913294705190003,0.6004097078049275,-0.2,-2.0060507218926387,1.000275763650616,-0.00026777877941671355,-0.0002645544085685595,-1.2037429833181919,0.23278215873629307,-0.029039175418101165,-402.90377430836196,766.4889709132685,-364.3247879742486,-0.7395913693418846
18.2,0.01865086388043775,0.7113708367029095,-0.2,-2.0060507218926387,1.000275763650616,-0.00026777877941671355,-0.0002645544085685595,-1.2037429833181919,0.23278215873629307,-0.029039175418101165,-402.90377430836196,766.4889709132685,-364.3247879742486,-0.7395913693418846
18.22,0.017926793786866894,0.4788780343242104,0.2,-2.0060507218926387,1.000275763650616,-0.00026777877941671355,-0.0002645544085685595,-1.2037429833181919,0.23278215873629307,-0.029039175418101165,-402.90377430836196,766.4889709132685,-364.3247879742486,-0.7395913693418846
18.240000000000002,0.016988918743385074,0.17955055404752404,0.2,-2.0060507218926387,1.000275763650616,-0.00026777877941671355,-0.0002645544085685595,-1.2037429833181919,0.23278215873629307,-0.029039175418101165,-402.90377430836196,766.4889709132685,-364.3247879742486,-0.7395913693418846
18.26,0.015973394258110493,-0.07750485834959397,0.2,-2.0060507218926387,1.000275763650616,-0.00026777877941671355,-0.0002645544085685595,-1.2037429833181919,0.23278215873629307,-0.029039175418101165,-402.90377430836196,766.4889709132685,-364.3247879742486,-0.7395913693418846
18.28,0.015022472680371568,-0.2704395110401963,0.2,-2.0060507218926387,1.000275763650616,-0.00026777877941671355,-0.0002645544085685595,-1.2037429833181919,0.23278215873629307,-0.029039175418101165,-402.90377430836196,766.4889709132685,-364.3247879742486,-0.7395913693418846
18.3,0.014250464482748708,-0.4036924127092394,0.2,-2.0060507218926387,1.000275763650616,-0.00026777877941671355,-0.0002645544085685595,-1.2037429833181919,0.23278215873629307,-0.029039175418101165,-402.90377430836196,766.4889709132685,-364.3247879742486,-0.7395913693418846
18.32,0.013739758346702116,-0.19128500566073212,-0.2,-2.0060507218926387,1.000275763650616,-0.00026777877941671355,-0.0002645544085685595,-1.2037429833181919,0.23278215873629307,-0.029039175418101165,-402.90377430836196,766.4889709132685,-364.3247879742486,-0.7395913693418846
18.34,0.013466353266469193,0.0898481140665904,-0.2,-2.0060507218926387,1.000275763650616,-0.00026777877941671355,-0.0002645544085685595,-1.2037429833181919,0.23278215873629307,-0.029039175418101165,-402.90377430836196,766.4889709132685,-364.3247879742486,-0.7395913693418846
18.36,0.013297311382729608,0.330337386068836,-0.2,-2.0060507218926387,1.000275763650616,-0.00026777877941671355,-0.0002645544085685595,-1.2037429833181919,0.23278215873629307,-0.029039175418101165,-402.90377430836196,766.4889709132685,-364.3247879742486,-0.7395913693418846
18.38,0.013092818521334712,0.508119567202561,-0.2,-2.0060507218926387,1.000275763650616,-0.00026777877941671355,-0.0002645544085685595,-1.2037429833181919,0.23278215873629307,-0.029039175418101165,-402.90377430836196,766.4889709132685,-364.3247879742486,-0.7395913693418846
18.400000000000002,0.01274036548804983,0.33162005171511233,0.2,-2.0060507218926387,1.000275763650616,-0.00026777877941671355,-0.0002645544085685595,-1.2037429833181919,0.23278215873629307,-0.029039175418101165,-402.90377430836196,766.4889709132685,-364.3247879742486,-0.7395913693418846
18.42,0.012237585095544188,0.07783651525380933,0.2,-2.0060507218926387,1.000275763650616,-0.00026777877941671355,-0.0002645544085685595,-1.2037429833181919,0.23278215873629307,-0.029039175418101165,-402.90377430836196,766.4889709132685,-364.3247879742486,-0.7395913693418846
18.44,0.011696120209287226,-0.14259504717168106,0.2,-2.0060507218926387,1.000275763650616,-0.00026777877941671355,-0.0002645544085685595,-1.2037429833181919,0.23278215873629307,-0.029039175418101165,-402.90377430836196,766.4889709132685,-364.3247879742486,-0.7395913693418846
18.46,0.01123908697339578,-0.3062760268349759,0.2,-2.0060507218926387,1.000275763650616,-0.00026777877941671355,-0.0002645544085685595,-1.2037429833181919,0.23278215873629307,-0.029039175418101165,-402.90377430836196,766.4889709132685,-364.3247879742486,-0.7395913693418846
18.48,0.010966104419363354,-0.416306833855294,0.2,-2.0060507218926387,1.000275763650616,-0.00026777877941671355,-0.0002645544085685595,-1.2037429833181919,0.23278215873629307,-0.029039175418101165,-402.90377430836196,766.4889709132685,-364.3247879742486,-0.7395913693418846
18.5,0.01094846258274657,-0.48143316717808693,0.2,-2.0060507218926387,1.000275763650616,-0.00026777877941671355,-0.0002645544085685595,-1.2037429833181919,0.23278215873629307,-0.029039175418101165,-402.90377430836196,766.4889709132685,-364.3247879742486,-0.7395913693418846
18.52,0.011232684213113638,-0.21455000841339666,-0.2,-2.0060507218926387,1.000275763650616,-0.00026777877941671355,-0.0002645544085685595,-1.2037429833181919,0.23278215873629307,-0.029039175418101165,-402.90377430836196,766.4889709132685,-364.3247879742486,-0.7395913693418846
18.54,0.011766696905535893,0.10954939181966344,-0.2,-2.0060507218926387,1.000275763650616,-0.00026777877941671355,-0.0002645544085685595,-1.2037429833181919,0.23278215873629307,-0.029039175418101165,-402.90377430836196,766.4889709132685,-364.3247879742486,-0.7395913693418846
18.56,0.012396258379672363,0.3835517581430773,-0.2,-2.0060507218926387,1.000275763650616,-0.00026777877941671355,-0.0002645544085685595,-1.2037429833181919,0.23278215873629307,-0.029039175418101165,-402.90377430836196,766.4889709132685,-364.3247879742486,-0.7395913693418846
18.580000000000002,0.0129657826101988,0.5871512893935428,-0.2,-2.0060507218926387,1.000275763650616,-0.00026777877941671355,-0.0002645544085685595,-1.2037429833181919,0.23278215873629307,-0.029039175418101165,-402.90377430836196,766.4889709132685,-364.3247879742486,-0.7395913693418846
18.6,0.013351415635213795,0.4302287763027015,0.2,-2.0060507218926387,1.000275763650616,-0.00026777877941671355,-0.0002645544085685595,-1.2037429833181919,0.23278215873629307,-0.029039175418101165,-402.90377430836196,766.4889709132685,-364.3247879742486,-0.7395913693418846
18.62,0.013542949882575378,0.19097507183352222,0.2,-2.0060507218926387,1.000275763650616,-0.00026777877941671355,-0.0002645544085685595,-1.2037429833181919,0.23278215873629307,-0.029039175418101165,-402.90377430836196,766.4889709132685,-364.3247879742486,-0.7395913693418846
18.64,0.013646938636474515,-0.018999528948286132,0.2,-2.0060507218926387,1.000275763650616,-0.00026777877941671355,-0.0002645544085685595,-1.2037429833181919,0.23278215873629307,-0.029039175418101165,-402.90377430836196,766.4889709132685,-364.3247879742486,-0.7395913693418846
18.66,0.013783552593264897,-0.17550116797597343,0.2,-2.0060507218926387,1.000275763650616,-0.00026777877941671355,-0.0002645544085685595,-1.2037429833181919,0.23278215873629307,-0.029039175418101165,-402.90377430836196,766.4889709132685,-364.3247879742486,-0.7395913693418846
18.68,0.014051122915590844,-0.2809806249556903,0.2,-2.0060507218926387,1.000275763650616,-0.00026777877941671355,-0.0002645544085685595,-1.2037429833181919,0.23278215873629307,-0.029039175418101165,-402.90377430836196,766.4889709132685,-364.3247879742486,-0.7395913693418846
18.7,0.014520918456716422,-0.34365293455788537,0.2,-2.0060507218926387,1.000275763650616,-0.00026777877941671355,-0.0002645544085685595,-1.2037429833181919,0.23278215873629307,-0.029039175418101165,-402.90377430836196,766.4889709132685,-364.3247879742486,-0.7395913693418846
18.72,0.015240393722827756,-0.07597998227360897,-0.2,-2.0060507218926387,1.000275763650616,-0.00026777877941671355,-0.0002645544085685595,-1.2037429833181919,0.23278215873629307,-0.029039175418101165,-402.90377430836196,766.4889709132685,-364.3247879742486,-0.7395913693418846
18.740000000000002,0.01615911509423216,0.24760002759979013,-0.2,-2.0060507218926387,1.000275763650616,-0.00026777877941671355,-0.0002645544085685595,-1.2037429833181919,0.23278215873629307,-0.029039175418101165,-402.90377430836196,766.4889709132685,-364.3247879742486,-0.7395913693418846
18.76,0.017124988329518843,0.5200646014218513,-0.2,-2.0060507218926387,1.000275763650616,-0.00026777877941671355,-0.0002645544085685595,-1.2037429833181919,0.23278215873629307,-0.029039175418101165,-402.90377430836196,766.4889709132685,-364.3247879742486,-0.7395913693418846
18.78,0.0179849201859683,0.7213428462650047,-0.2,-2.0060507218926387,1.000275763650616,-0.00026777877941671355,-0.0002645544085685595,-1.2037429833181919,0.23278215873629307,-0.029039175418101165,-402.90377430836196,766.4889709132685,-364.3247879742486,-0.7395913693418846
18.8,0.01861776539431762,0.5615041793950831,0.2,-2.0060507218926387,1.000275763650616,-0.00026777877941671355,-0.0002645544085685595,-1.2037429833181919,0.23278215873629307,-0.029039175418101165,-402.90377430836196,766.4889709132685,-364.3247879742486,-0.7395913693418846
18.82,0.019016134090899493,0.3188875380980035,0.2,-2.0060507218926387,1.000275763650616,-0.00026777877941671355,-0.0002645544085685595,-1.2037429833181919,0.23278215873629307,-0.029039175418101165,-402.90377430836196,766.4889709132685,-364.3247879742486,-0.7395913693418846
18.84,0.01928943011901407,0.10521998797990825,0.2,-2.0060507218926387,1.000275763650616,-0.00026777877941671355,-0.0002645544085685595,-1.2037429833181919,0.23278215873629307,-0.029039175418101165,-402.90377430836196,766.4889709132685,-364.3247879742486,-0.7395913693418846
18.86,0.01956066293708989,-0.055207658124298495,0.2,-2.0060500863251396,1.0002762117035044,-0.00026778757434367864,-0.00026455000230291026,-1.2037429833181919,0.23278215873629307,-0.029039175418101165,-402.90377430836196,766.4889709132685,-364.3247879742486,-0.7395913693418846
18.88,0.01993095436671612,-0.16476533660743203,0.2,-2.0060500863251396,1.0002762117035044,-0.00026778757434367864,-0.00026455000230291026,-1.2037429833181919,0.23278215873629307,-0.029039175418101165,-402.90377430836196,766.4889709132685,-364.3247879742486,-0.7395913693418846
18.900000000000002,0.020474285587538343,0.06423463037246882,-0.2,-2.0060500863251396,1.0002762117035044,-0.00026778757434367864,-0.00026455000230291026,-1.2037429833181919,0.23278215873629307,-0.029039175418101165,-402.90377430836196,766.4889709132685,-364.3247879742486,-0.7395913693418846
18.92,0.021161988384574004,0.35626313095319795,-0.2,-2.0060500863251396,1.0002762117035044,-0.00026778757434367864,-0.00026455000230291026,-1.2037429833181919,0.23278215873629307,-0.029039175418101165,-402.90377430836196,766.4889709132685,-364.3247879742486,-0.7395913693418846
18.94,0.021859348463895957,0.6031032487907855,-0.2,-2.0060500863251396,1.0002762117035044,-0.00026778757434367864,-0.00026455000230291026,-1.2037429833181919,0.23278215873629307,-0.029039175418101165,-402.90377430836196,766.4889709132685,-364.3247879742486,-0.7395913693418846
18.96,0.02242696383408155,0.7836289952404327,-0.2,-2.0060500863251396,1.0002762117035044,-0.00026778757434367864,-0.00026455000230291026,-1.2037429833181919,0.23278215873629307,-0.029039175418101165,-402.90377430836196,766.4889709132685,-364.3247879742486,-0.7395913693418846
18.98,0.02275436495462126,0.9028616764507692,-0.2,-2.0060500863251396,1.0002762117035044,-0.00026778757434367864,-0.00026455000230291026,-1.2037429833181919,0.23278215873629307,-0.029039175418101165,-402.90377430836196,766.4889709132685,-364.3247879742486,-0.7395913693418846
19.0,0.022763662437415406,0.9711250327007958,-0.2,-2.0060500863251396,1.0002762117035044,-0.00026778757434367864,-0.00026455000230291026,-1.2037429833181919,0.23278215873629307,-0.029039175418101165,-402.90377430836196,766.4889709132685,-364.3247879742486,-0.7395913693418846
19.02,0.0224050124885258,0.7025996067034095,0.2,-2.0060500863251396,1.0002762117035044,-0.00026778757434367864,-0.00026455000230291026,-1.2037429833181919,0.23278215873629307,-0.029039175418101165,-402.90377430836196,766.4889709132685,-364.3247879742486,-0.7395913693418846
19.04,0.02172964574623083,0.3731166608084693,0.2,-2.0060500863251396,1.0002762117035044,-0.00026778757434367864,-0.00026455000230291026,-1.2037429833181919,0.23278215873629307,-0.029039175418101165,-402.90377430836196,766.4889709132685,-364.3247879742486,-0.7395913693418846
19.06,0.02089282418920266,0.09083164543574876,0.2,-2.0060500863251396,1.0002762117035044,-0.00026778757434367864,-0.00026455000230291026,-1.2037429833181919,0.23278215873629307,-0.029039175418101165,-402.90377430836196,766.4889709132685,-364.3247879742486,-0.7395913693418846
19.080000000000002,0.020052549253308908,-0.12325526088780173,0.2,-2.0060500863251396,1.0002762117035044,-0.00026778757434367864,-0.00026455000230291026,-1.2037429833181919,0.23278215873629307,-0.029039175418101165,-402.90377430836196,766.4889709132685,-364.3247879742486,-0.7395913693418846
19.1,0.019336097532076414,-0.27429233803426445,0.2,-2.0060500863251396,1.0002762117035044,-0.00026778757434367864,-0.00026455000230291026,-1.2037429833181919,0.23278215873629307,-0.029039175418101165,-402.90377430836196,766.4889709132685,-364.3247879742486,-0.7395913693418846
19.12,0.018836530495855652,-0.07688541375801441,-0.2,-2.0060500863251396,1.0002762117035044,-0.00026778757434367864,-0.00026455000230291026,-1.2037429833181919,0.23278215873629307,-0.029039175418101165,-402.90377430836196,766.4889709132685,-364.3247879742486,-0.7395913693418846
19.14,0.018538638690899938,0.19155338534891522,-0.2,-2.0060500863251396,1.0002762117035044,-0.00026778757434367864,-0.00026455000230291026,-1.2037429833181919,0.23278215873629307,-0.029039175418101165,-402.90377430836196,766.4889709132685,-364.3247879742486,-0.7395913693418846
19.16,0.01831672693296069,0.4212629477006555,-0.2,-2.0060500863251396,1.0002762117035044,-0.00026778757434367864,-0.00026455000230291026,-1.2037429833181919,0.23278215873629307,-0.029039175418101165,-402.90377430836196,766.4889709132685,-364.3247879742486,-0.7395913693418846
19.18,0.018036937531019086,0.5898543329836698,-0.2,-2.0060500863251396,1.0002762117035044,-0.00026778757434367864,-0.00026455000230291026,-1.2037429833181919,0.23278215873629307,-0.029039175418101165,-402.90377430836196,766.4889709132685,-364.3247879742486,-0.7395913693418846
19.2,0.017591653292846218,0.7013188200422554,-0.2,-2.0060500863251396,1.0002762117035044,-0.00026778757434367864,-0.00026455000230291026,-1.2037429833181919,0.23278215873629307,-0.029039175418101165,-402.90377430836196,766.4889709132685,-364.3247879742486,-0.7395913693418846
19.22,0.01690377539860441,0.4693050192451498,0.2,-2.0060500863251396,1.0002762117035044,-0.00026778757434367864,-0.00026455000230291026,-1.2037429833181919,0.23278215873629307,-0.029039175418101165,-402.90377430836196,766.4889709132685,-364.3247879742486,-0.7395913693418846
19.240000000000002,0.01600143341136706,0.17043458662988267,0.2,-2.0060500863251396,1.0002762117035044,-0.00026778757434367864,-0.00026455000230291026,-1.2037429833181919,0.23278215873629307,-0.029039175418101165,-402.90377430836196,766.4889709132685,-364.3247879742486,-0.7395913693418846
19.26,0.015020740964310164,-0.0861835644706296,0.2,-2.0060500863251396,1.0002762117035044,-0.00026778757434367864,-0.00026455000230291026,-1.2037429833181919,0.23278215873629307,-0.029039175418101165,-402.90377430836196,766.4889709132685,-364.3247879742486,-0.7395913693418846
19.28,0.01410391522246023,-0.2786998086519489,0.2,-2.0060500863251396,1.0002762117035044,-0.00026778757434367864,-0.00026455000230291026,-1.2037429833181919,0.23278215873629307,-0.029039175418101165,-402.90377430836196,766.4889709132685,-364.3247879742486,-0.7395913693418846
19.3,0.013365236585490752,-0.41155286979645134,0.2,-2.0060500863251396,1.0002762117035044,-0.00026778757434367864,-0.00026455000230291026,-1.2037429833181919,0.23278215873629307,-0.029039175418101165,-402.90377430836196,766.4889709132685,-364.3247879742486,-0.7395913693418846
19.32,0.012887068432658,-0.19876396407051258,-0.2,-2.0060500863251396,1.0002762117035044,-0.00026778757434367864,-0.00026455000230291026,-1.2037429833181919,0.23278215873629307,-0.029039175418101165,-402.90377430836196,766.4889709132685,-364.3247879742486,-0.7395913693418846
19.34,0.012645388216320809,0.08273230376271568,-0.2,-2.0060500863251396,1.0002762117035044,-0.00026778757434367864,-0.00026455000230291026,-1.2037429833181919,0.23278215873629307,-0.029039175418101165,-402.90377430836196,766.4889709132685,-364.3247879742486,-0.7395913693418846
19.36,0.012507240350764875,0.32356646978822845,-0.2,-2.0060500863251396,1.0002762117035044,-0.00026778757434367864,-0.00026455000230291026,-1.2037429833181919,0.23278215873629307,-0.029039175418101165,-402.90377430836196,766.4889709132685,-364.3247879742486,-0.7395913693418846
19.38,0.01233279801481633,0.5016760589190772,-0.2,-2.0060500863251396,1.0002762117035044,-0.00026778757434367864,-0.00026455000230291026,-1.2037429833181919,0.23278215873629307,-0.029039175418101165,-402.90377430836196,766.4889709132685,-364.3247879742486,-0.7395913693418846
19.400000000000002,0.012009544521566837,0.3254875840451098,0.2,-2.0060500863251396,1.0002762117035044,-0.00026778757434367864,-0.00026455000230291026,-1.2037429833181919,0.23278215873629307,-0.029039175418101165,-402.90377430836196,766.4889709132685,-364.3247879742486,-0.7395913693418846
19.42,0.01153511061437203,0.07200019307649616,0.2,-2.0060500863251396,1.0002762117035044,-0.00026778757434367864,-0.00026455000230291026,-1.2037429833181919,0.23278215873629307,-0.029039175418101165,-402.90377430836196,766.4889709132685,-364.3247879742486,-0.7395913693418846
19.44,0.011021141635530845,-0.14814873058404882,0.2,-2.0060500863251396,1.0002762117035044,-0.00026778757434367864,-0.00026455000230291026,-1.2037429833181919,0.23278215873629307,-0.029039175418101165,-402.90377430836196,766.4889709132685,-364.3247879742486,-0.7395913693418846
19.46,0.010590758800341056,-0.3115598263406091,0.2,-2.0060500863251396,1.0002762117035044,-0.00026778757434367864,-0.00026455000230291026,-1.2037429833181919,0.23278215873629307,-0.029039175418101165,-402.90377430836196,766.4889709132685,-364.3247879742486,-0.7395913693418846
19.48,0.01034358796592667,-0.42133311425615017,0.2,-2.0060500863251396,1.0002762117035044,-0.00026778757434367864,-0.00026455000230291026,-1.2037429833181919,0.23278215873629307,-0.029039175418101165,-402.90377430836196,766.4889709132685,-364.3247879742486,-0.7395913693418846
19.5,0.010350927539721234,-0.48621396960543495,0.2,-2.0060500863251396,1.0002762117035044,-0.00026778757434367864,-0.00026455000230291026,-1.2037429833181919,0.23278215873629307,-0.029039175418101165,-402.90377430836196,766.4889709132685,-364.3247879742486,-0.7395913693418846
19.52,0.010659310164709685,-0.21909699745665223,-0.2,-2.0060500863251396,1.0002762117035044,-0.00026778757434367864,-0.00026455000230291026,-1.2037429833181919,0.23278215873629307,-0.029039175418101165,-402.90377430836196,766.4889709132685,-364.3247879742486,-0.7395913693418846
19.54,0.011216674243993686,0.10522476229653238,-0.2,-2.0060500863251396,1.0002762117035044,-0.00026778757434367864,-0.00026455000230291026,-1.2037429833181919,0.23278215873629307,-0.029039175418101165,-402.90377430836196,766.4889709132685,-364.3247879742486,-0.7395913693418846
19.56,0.011868789092627284,0.3794382016916257,-0.2,-2.0060500863251396,1.0002762117035044,-0.00026778757434367864,-0.00026455000230291026,-1.2037429833181919,0.23278215873629307,-0.029039175418101165,-402.90377430836196,766.4889709132685,-364.3247879742486,-0.7395913693418846
19.580000000000002,0.01246008172195367,0.5832379853853901,-0.2,-2.0060500863251396,1.0002762117035044,-0.00026778757434367864,-0.00026455000230291026,-1.2037429833181919,0.23278215873629307,-0.029039175418101165,-402.90377430836196,766.4889709132685,-364.3247879742486,-0.7395913693418846
19.6,0.012866712807346475,0.42650556142643514,0.2,-2.0060500863251396,1.0002762117035044,-0.00026778757434367864,-0.00026455000230291026,-1.2037429833181919,0.23278215873629307,-0.029039175418101165,-402.90377430836196,766.4889709132685,-364.3247879742486,-0.7395913693418846
19.62,0.013078491439396028,0.18743271419438504,0.2,-2.0060500863251396,1.0002762117035044,-0.00026778757434367864,-0.00026455000230291026,-1.2037429833181919,0.23278215873629307,-0.029039175418101165,-402.90377430836196,766.4889709132685,-364.3247879742486,-0.7395913693418846
19.64,0.013201989261849715,-0.022369321487258925,0.2,-2.0060500863251396,1.0002762117035044,-0.00026778757434367864,-0.00026455000230291026,-1.2037429833181919,0.23278215873629307,-0.029039175418101165,-402.90377430836196,766.4889709132685,-364.3247879742486,-0.7395913693418846
19.66,0.013357395828702765,-0.1787061579902796,0.2,-2.0060500863251396,1.0002762117035044,-0.00026778757434367864,-0.00026455000230291026,-1.2037429833181919,0.23278215873629307,-0.029039175418101165,-402.90377430836196,766.4889709132685,-364.3247879742486,-0.7395913693418846
19.68,0.01364306111618684,-0.2840283145436105,0.2,-2.0060500863251396,1.0002762117035044,-0.00026778757434367864,-0.00026455000230291026,-1.2037429833181919,0.23278215873629307,-0.029039175418101165,-402.90377430836196,766.4889709132685,-364.3247879742486,-0.7395913693418846
19.7,0.014130272635434036,-0.34655064102824196,0.2,-2.0060500863251396,1.0002762117035044,-0.00026778757434367864,-0.00026455000230291026,-1.2037429833181919,0.23278215873629307,-0.029039175418101165,-402.90377430836196,766.4889709132685,-364.3247879742486,-0.7395913693418846
19.72,0.014866503434541578,-0.07873482194051284,-0.2,-2.0060500863251396,1.0002762117035044,-0.00026778757434367864,-0.00026455000230291026,-1.2037429833181919,0.23278215873629307,-0.029039175418101165,-402.90377430836196,766.4889709132685,-364.3247879742486,-0.7395913693418846
19.740000000000002,0.01580133786076654,0.24498096922188167,-0.2,-2.0060500863251396,1.0002762117035044,-0.00026778757434367864,-0.00026455000230291026,-1.2037429833181919,0.23278215873629307,-0.029039175418101165,-402.90377430836196,766.4889709132685,-364.3247879742486,-0.7395913693418846
19.76,0.01678269905922249,0.517574223376784,-0.2,-2.0060500863251396,1.0002762117035044,-0.00026778757434367864,-0.00026455000230291026,-1.2037429833181919,0.23278215873629307,-0.029039175418101165,-402.90377430836196,766.4889709132685,-364.3247879742486,-0.7395913693418846
19.78,0.01765751132247988,0.7189743119364109,-0.2,-2.0060500863251396,1.0002762117035044,-0.00026778757434367864,-0.00026455000230291026,-1.2037429833181919,0.23278215873629307,-0.029039175418101165,-402.90377430836196,766.4889709132685,-364.3247879742486,-0.7395913693418846
19.8,0.01830464734437827,0.559251105989927,0.2,-2.0060500863251396,1.0002762117035044,-0.00026778757434367864,-0.00026455000230291026,-1.2037429833181919,0.23278215873629307,-0.029039175418101165,-402.90377430836196,766.4889709132685,-364.3247879742486,-0.7395913693418846
19.82,0.018716736146810038,0.3167442562120578,0.2,-2.0060500863251396,1.0002762117035044,-0.00026778757434367864,-0.00026455000230291026,-1.2037429833181919,0.23278215873629307,-0.029039175418101165,-402.90377430836196,766.4889709132685,-364.3247879742486,-0.7395913693418846
19.84,0.01900320118036781,0.10318155766237727,0.2,-2.0060500863251396,1.0002762117035044,-0.00026778757434367864,-0.00026455000230291026,-1.2037429833181919,0.23278215873629307,-0.029039175418101165,-402.90377430836196,766.4889709132685,-364.3247879742486,-0.7395913693418846
19.86,0.019287071230418347,-0.057145813034838996,0.2,-2.0060494784401928,1.0002766351306807,-0.00026779596156128717,-0.00026454581965754896,-1.2037429833181919,0.23278215873629307,-0.029039175418101165,-402.90377430836196,766.4889709132685,-364.3247879742486,-0.7395913693418846
19.88,0.019669486742588272,-0.16660767021835363,0.2,-2.0060494784401928,1.0002766351306807,-0.00026779596156128717,-0.00026454581965754896,-1.2037429833181919,0.23278215873629307,-0.029039175418101165,-402.90377430836196,766.4889709132685,-364.3247879742486,-0.7395913693418846
19.900000000000002,0.02022444677743716,0.06248371782565304,-0.2,-2.0060494784401928,1.0002766351306807,-0.00026779596156128717,-0.00026454581965754896,-1.2037429833181919,0.23278215873629307,-0.029039175418101165,-402.90377430836196,766.4889709132685,-364.3247879742486,-0.7395913693418846
19.92,0.020923299896930713,0.3545991254058972,-0.2,-2.0060494784401928,1.0002766351306807,-0.00026779596156128717,-0.00026454581965754896,-1.2037429833181919,0.23278215873629307,-0.029039175418101165,-402.90377430836196,766.4889709132685,-364.3247879742486,-0.7395913693418846
19.94,0.0216313476002376,0.6015215083737031,-0.2,-2.0060494784401928,1.0002766351306807,-0.00026779596156128717,-0.00026454581965754896,-1.2037429833181919,0.23278215873629307,-0.029039175418101165,-402.90377430836196,766.4889709132685,-364.3247879742486,-0.7395913693418846
19.96,0.022209203463907926,0.7821250317213521,-0.2,-2.0060494784401928,1.0002766351306807,-0.00026779596156128717,-0.00026454581965754896,-1.2037429833181919,0.23278215873629307,-0.029039175418101165,-402.90377430836196,766.4889709132685,-364.3247879742486,-0.7395913693418846
19.98,0.022546413578653272,0.901431331997054,-0.2,-2.0060494784401928,1.0002766351306807,-0.00026779596156128717,-0.00026454581965754896,-1.2037429833181919,0.23278215873629307,-0.029039175418101165,-402.90377430836196,766.4889709132685,-364.3247879742486,-0.7395913693418846
