t,y,u,ref,a1_est,a2_est,b1_est,b2_est,r1,r2,r3,s0,s1,s2,t0
0.0,0.1,36.67736036488241,0.0,-2.006320008667282,1.0,-0.0002928370247095777,-0.0002928370247095777,-1.2033447024137292,0.23239066389667679,-0.029045961482947642,-366.77360364882406,697.1883841780135,-331.08655460390986,-0.6717740747203834
0.02,0.09312797334773609,8.53996255732396,0.05,-2.006320008667282,1.0,-0.0002928370247095777,-0.0002928370247095777,-1.2033447024137292,0.23239066389667679,-0.029045961482947642,-366.77360364882406,697.1883841780135,-331.08655460390986,-0.6717740747203834
0.04,0.07797394740932599,-1.5008462443891788,0.05,-2.006320008667282,1.0,-0.0002928370247095777,-0.0002928370247095777,-1.2033447024137292,0.23239066389667679,-0.029045961482947642,-366.77360364882406,697.1883841780135,-331.08655460390986,-0.6717740747203834
0.06,0.061920179163376346,-3.577325771964319,0.05,-2.0063202956798776,0.9999996918083952,-0.00026651757705232056,-0.00017980047919193893,-1.2033447024137292,0.23239066389667679,-0.029045961482947642,-366.77360364882406,697.1883841780135,-331.08655460390986,-0.6717740747203834
0.08,0.047245445298976584,-3.7670324755993136,0.05,-2.006319001138299,1.0000012907993918,-0.000192953534723205,-0.0001969227734216822,-1.2033447024137292,0.23239066389667679,-0.029045961482947642,-366.77360364882406,697.1883841780135,-331.08655460390986,-0.6717740747203834
0.1,0.034305763455289226,-3.634472087838368,0.05,-2.006319001138299,1.0000012907993918,-0.000192953534723205,-0.0001969227734216822,-1.2033447024137292,0.23239066389667679,-0.029045961482947642,-366.77360364882406,697.1883841780135,-331.08655460390986,-0.6717740747203834
0.12,0.023033545315976126,-3.3955693841659476,-0.05,-2.006319001138299,1.0000012907993918,-0.000192953534723205,-0.0001969227734216822,-1.2033447024137292,0.23239066389667679,-0.029045961482947642,-366.77360364882406,697.1883841780135,-331.08655460390986,-0.6717740747203834
0.14,0.013286741593634,-3.144568545383048,-0.05,-2.006319001138299,1.0000012907993918,-0.000192953534723205,-0.0001969227734216822,-1.2033447024137292,0.23239066389667679,-0.029045961482947642,-366.77360364882406,697.1883841780135,-331.08655460390986,-0.6717740747203834
0.16,0.004909080007376504,-2.90362308827922,-0.05,-2.006319001138299,1.0000012907993918,-0.000192953534723205,-0.0001969227734216822,-1.2033447024137292,0.23239066389667679,-0.029045961482947642,-366.77360364882406,697.1883841780135,-331.08655460390986,-0.6717740747203834
0.18,-0.002247869584873989,-2.676281253137449,-0.05,-2.006319001138299,1.0000012907993918,-0.000192953534723205,-0.0001969227734216822,-1.2033447024137292,0.23239066389667679,-0.029045961482947642,-366.77360364882406,697.1883841780135,-331.08655460390986,-0.6717740747203834
0.2,-0.008320459901961424,-2.4626683966743754,-0.05,-2.006319001138299,1.0000012907993918,-0.000192953534723205,-0.0001969227734216822,-1.2033447024137292,0.23239066389667679,-0.029045961482947642,-366.77360364882406,697.1883841780135,-331.08655460390986,-0.6717740747203834
0.22,-0.013433024973270738,-2.3296137986077254,0.05,-2.006319001138299,1.0000012907993918,-0.000192953534723205,-0.0001969227734216822,-1.2033447024137292,0.23239066389667679,-0.029045961482947642,-366.77360364882406,697.1883841780135,-331.08655460390986,-0.6717740747203834
0.24,-0.01768543501544259,-2.218345304130033,0.05,-2.006319001138299,1.0000012907993918,-0.000192953534723205,-0.0001969227734216822,-1.2033447024137292,0.23239066389667679,-0.029045961482947642,-366.77360364882406,697.1883841780135,-331.08655460390986,-0.6717740747203834
0.26,-0.02115210929815332,-2.1086222941633315,0.05,-2.006319001138299,1.0000012907993918,-0.000192953534723205,-0.0001969227734216822,-1.2033447024137292,0.23239066389667679,-0.029045961482947642,-366.77360364882406,697.1883841780135,-331.08655460390986,-0.6717740747203834
0.28,-0.023898015958916313,-1.996697581201424,0.05,-2.006319001138299,1.0000012907993918,-0.000192953534723205,-0.0001969227734216822,-1.2033447024137292,0.23239066389667679,-0.029045961482947642,-366.77360364882406,697.1883841780135,-331.08655460390986,-0.6717740747203834
0.3,-0.02598378779553317,-1.88264134269645,0.05,-2.006319001138299,1.0000012907993918,-0.000192953534723205,-0.0001969227734216822,-1.2033447024137292,0.23239066389667679,-0.029045961482947642,-366.77360364882406,697.1883841780135,-331.08655460390986,-0.6717740747203834
0.32,-0.027466817446148137,-1.6999312211877302,-0.05,-2.006319001138299,1.0000012907993918,-0.000192953534723205,-0.0001969227734216822,-1.2033447024137292,0.23239066389667679,-0.029045961482947642,-366.77360364882406,697.1883841780135,-331.08655460390986,-0.6717740747203834
0.34,-0.028414685204142386,-1.5075954471359854,-0.05,-2.006319001138299,1.0000012907993918,-0.000192953534723205,-0.0001969227734216822,-1.2033447024137292,0.23239066389667679,-0.029045961482947642,-366.77360364882406,697.1883841780135,-331.08655460390986,-0.6717740747203834
0.36,-0.028907051496219468,-1.3260522117211448,-0.05,-2.006319001138299,1.0000012907993918,-0.000192953534723205,-0.0001969227734216822,-1.2033447024137292,0.23239066389667679,-0.029045961482947642,-366.77360364882406,697.1883841780135,-331.08655460390986,-0.6717740747203834
0.38,-0.02902052162851352,-1.1591552281422333,-0.05,-2.006319001138299,1.0000012907993918,-0.000192953534723205,-0.0001969227734216822,-1.2033447024137292,0.23239066389667679,-0.029045961482947642,-366.77360364882406,697.1883841780135,-331.08655460390986,-0.6717740747203834
0.4,-0.028824347905130793,-1.0068774602168826,-0.05,-2.006319001138299,1.0000012907993918,-0.000192953534723205,-0.0001969227734216822,-1.2033447024137292,0.23239066389667679,-0.029045961482947642,-366.77360364882406,697.1883841780135,-331.08655460390986,-0.6717740747203834
0.42,-0.028380108034859484,-0.9357274436246478,0.05,-2.006319001138299,1.0000012907993918,-0.000192953534723205,-0.0001969227734216822,-1.2033447024137292,0.23239066389667679,-0.029045961482947642,-366.77360364882406,697.1883841780135,-331.08655460390986,-0.6717740747203834
0.44,-0.027729008672831727,-0.8866120321288811,0.05,-2.006319001138299,1.0000012907993918,-0.000192953534723205,-0.0001969227734216822,-1.2033447024137292,0.23239066389667679,-0.029045961482947642,-366.77360364882406,697.1883841780135,-331.08655460390986,-0.6717740747203834
0.46,-0.02689068192783932,-0.8390017500984431,0.05,-2.006319001138299,1.0000012907993918,-0.000192953534723205,-0.0001969227734216822,-1.2033447024137292,0.23239066389667679,-0.029045961482947642,-366.77360364882406,697.1883841780135,-331.08655460390986,-0.6717740747203834
0.48,-0.025878971454450946,-0.7888902399822857,0.05,-2.006319001138299,1.0000012907993918,-0.000192953534723205,-0.0001969227734216822,-1.2033447024137292,0.23239066389667679,-0.029045961482947642,-366.77360364882406,697.1883841780135,-331.08655460390986,-0.6717740747203834
0.5,-0.02470684553899188,-0.7361156310755601,0.05,-2.006319001138299,1.0000012907993918,-0.000192953534723205,-0.0001969227734216822,-1.2033447024137292,0.23239066389667679,-0.029045961482947642,-366.77360364882406,697.1883841780135,-331.08655460390986,-0.6717740747203834
0.52,-0.023387297778621845,-0.6139482891439482,-0.05,-2.006319001138299,1.0000012907993918,-0.000192953534723205,-0.0001969227734216822,-1.2033447024137292,0.23239066389667679,-0.029045961482947642,-366.77360364882406,697.1883841780135,-331.08655460390986,-0.6717740747203834
0.54,-0.021946589800606806,-0.48123223791522896,-0.05,-2.006319001138299,1.0000012907993918,-0.000192953534723205,-0.0001969227734216822,-1.2033447024137292,0.23239066389667679,-0.029045961482947642,-366.77360364882406,697.1883841780135,-331.08655460390986,-0.6717740747203834
0.56,-0.020425966807052266,-0.35822271169547526,-0.05,-2.006319001138299,1.0000012907993918,-0.000192953534723205,-0.0001969227734216822,-1.2033447024137292,0.23239066389667679,-0.029045961482947642,-366.77360364882406,697.1883841780135,-331.08655460390986,-0.6717740747203834
0.58,-0.01886634949246672,-0.24862853772429727,-0.05,-2.006319001138299,1.0000012907993918,-0.000192953534723205,-0.0001969227734216822,-1.2033447024137292,0.23239066389667679,-0.029045961482947642,-366.77360364882406,697.1883841780135,-331.08655460390986,-0.6717740747203834
0.6,-0.017303871154206493,-0.1522938061698999,-0.05,-2.006319001138299,1.0000012907993918,-0.000192953534723205,-0.0001969227734216822,-1.2033447024137292,0.23239066389667679,-0.029045961482947642,-366.77360364882406,697.1883841780135,-331.08655460390986,-0.6717740747203834
0.62,-0.015769401078366576,-0.13561336302623422,0.05,-2.006319001138299,1.0000012907993918,-0.000192953534723205,-0.0001969227734216822,-1.2033447024137292,0.23239066389667679,-0.029045961482947642,-366.77360364882406,697.1883841780135,-331.08655460390986,-0.6717740747203834
0.64,-0.014275698793492166,-0.1393936374863578,0.05,-2.006319001138299,1.0000012907993918,-0.000192953534723205,-0.0001969227734216822,-1.2033447024137292,0.23239066389667679,-0.029045961482947642,-366.77360364882406,697.1883841780135,-331.08655460390986,-0.6717740747203834
0.66,-0.012816074159879844,-0.14301854012303972,0.05,-2.006319001138299,1.0000012907993918,-0.000192953534723205,-0.0001969227734216822,-1.2033447024137292,0.23239066389667679,-0.029045961482947642,-366.77360364882406,697.1883841780135,-331.08655460390986,-0.6717740747203834
0.68,-0.011380051398235794,-0.1424109010087058,0.05,-2.006319001138299,1.0000012907993918,-0.000192953534723205,-0.0001969227734216822,-1.2033447024137292,0.23239066389667679,-0.029045961482947642,-366.77360364882406,697.1883841780135,-331.08655460390986,-0.6717740747203834
0.7000000000000001,-0.009958163964847278,-0.07017522235240022,-0.05,-2.006319001138299,1.0000012907993918,-0.000192953534723205,-0.0001969227734216822,-1.2033447024137292,0.23239066389667679,-0.029045961482947642,-366.77360364882406,697.1883841780135,-331.08655460390986,-0.6717740747203834
0.72,-0.008555962884635178,0.014917469992395314,-0.05,-2.006319001138299,1.0000012907993918,-0.000192953534723205,-0.0001969227734216822,-1.2033447024137292,0.23239066389667679,-0.029045961482947642,-366.77360364882406,697.1883841780135,-331.08655460390986,-0.6717740747203834
0.74,-0.00719574902458891,0.09260410781367945,-0.05,-2.006319001138299,1.0000012907993918,-0.000192953534723205,-0.0001969227734216822,-1.2033447024137292,0.23239066389667679,-0.029045961482947642,-366.77360364882406,697.1883841780135,-331.08655460390986,-0.6717740747203834
0.76,-0.005901156194945647,0.15915841803073472,-0.05,-2.006319001138299,1.0000012907993918,-0.000192953534723205,-0.0001969227734216822,-1.2033447024137292,0.23239066389667679,-0.029045961482947642,-366.77360364882406,697.1883841780135,-331.08655460390986,-0.6717740747203834
0.78,-0.004692575453743981,0.214713095509242,-0.05,-2.006319001138299,1.0000012907993918,-0.000192953534723205,-0.0001969227734216822,-1.2033447024137292,0.23239066389667679,-0.029045961482947642,-366.77360364882406,697.1883841780135,-331.08655460390986,-0.6717740747203834
0.8,-0.003586573528959592,0.2600205421708418,-0.05,-2.006319001138299,1.0000012907993918,-0.000192953534723205,-0.0001969227734216822,-1.2033447024137292,0.23239066389667679,-0.029045961482947642,-366.77360364882406,697.1883841780135,-331.08655460390986,-0.6717740747203834
0.8200000000000001,-0.0025961691732821314,0.22869366949643694,0.05,-2.006319001138299,1.0000012907993918,-0.000192953534723205,-0.0001969227734216822,-1.2033447024137292,0.23239066389667679,-0.029045961482947642,-366.77360364882406,697.1883841780135,-331.08655460390986,-0.6717740747203834
0.84,-0.0017179951252863734,0.179856269092389,0.05,-2.006319001138299,1.0000012907993918,-0.000192953534723205,-0.0001969227734216822,-1.2033447024137292,0.23239066389667679,-0.029045961482947642,-366.77360364882406,697.1883841780135,-331.08655460390986,-0.6717740747203834
0.86,-0.0009308476143107748,0.13404586256620538,0.05,-2.006319001138299,1.0000012907993918,-0.000192953534723205,-0.0001969227734216822,-1.2033447024137292,0.23239066389667679,-0.029045961482947642,-366.77360364882406,697.1883841780135,-331.08655460390986,-0.6717740747203834
0.88,-0.0002112344492084516,0.09525622172768243,0.05,-2.006319001138299,1.0000012907993918,-0.000192953534723205,-0.0001969227734216822,-1.2033447024137292,0.23239066389667679,-0.029045961482947642,-366.77360364882406,697.1883841780135,-331.08655460390986,-0.6717740747203834
0.9,0.0004619417552407408,0.06361757441055509,0.05,-2.006319001138299,1.0000012907993918,-0.000192953534723205,-0.0001969227734216822,-1.2033447024137292,0.23239066389667679,-0.029045961482947642,-366.77360364882406,697.1883841780135,-331.08655460390986,-0.6717740747203834
0.92,0.0011067021837750592,0.10581124542330642,-0.05,-2.006319001138299,1.0000012907993918,-0.000192953534723205,-0.0001969227734216822,-1.2033447024137292,0.23239066389667679,-0.029045961482947642,-366.77360364882406,697.1883841780135,-331.08655460390986,-0.6717740747203834
0.9400000000000001,0.0017249531285403095,0.16292885554447173,-0.05,-2.006319001138299,1.0000012907993918,-0.000192953534723205,-0.0001969227734216822,-1.2033447024137292,0.23239066389667679,-0.029045961482947642,-366.77360364882406,697.1883841780135,-331.08655460390986,-0.6717740747203834
0.96,0.002300967899354596,0.2146377838255319,-0.05,-2.006319001138299,1.0000012907993918,-0.000192953534723205,-0.0001969227734216822,-1.2033447024137292,0.23239066389667679,-0.029045961482947642,-366.77360364882406,697.1883841780135,-331.08655460390986,-0.6717740747203834
0.98,0.0028168860902651454,0.2571423470713503,-0.05,-2.006319001138299,1.0000012907993918,-0.000192953534723205,-0.0001969227734216822,-1.2033447024137292,0.23239066389667679,-0.029045961482947642,-366.77360364882406,697.1883841780135,-331.08655460390986,-0.6717740747203834
1.0,0.003257352215476497,0.29050227582246624,-0.05,-2.006319001138299,1.0000012907993918,-0.000192953534723205,-0.0001969227734216822,-1.2033447024137292,0.23239066389667679,-0.029045961482947642,-366.77360364882406,697.1883841780135,-331.08655460390986,-0.6717740747203834
1.02,0.0036101561299058224,0.24821750699528278,0.05,-2.006319001138299,1.0000012907993918,-0.000192953534723205,-0.0001969227734216822,-1.2033447024137292,0.23239066389667679,-0.029045961482947642,-366.77360364882406,697.1883841780135,-331.08655460390986,-0.6717740747203834
1.04,0.0038792344124967512,0.18936883650398545,0.05,-2.006319001138299,1.0000012907993918,-0.000192953534723205,-0.0001969227734216822,-1.2033447024137292,0.23239066389667679,-0.029045961482947642,-366.77360364882406,697.1883841780135,-331.08655460390986,-0.6717740747203834
1.06,0.004086154892551173,0.13445250689075505,0.05,-2.006319001138299,1.0000012907993918,-0.000192953534723205,-0.0001969227734216822,-1.2033447024137292,0.23239066389667679,-0.029045961482947642,-366.77360364882406,697.1883841780135,-331.08655460390986,-0.6717740747203834
1.08,0.004254587444556127,0.08741917284281957,0.05,-2.006319001138299,1.0000012907993918,-0.000192953534723205,-0.0001969227734216822,-1.2033447024137292,0.23239066389667679,-0.029045961482947642,-366.77360364882406,697.1883841780135,-331.08655460390986,-0.6717740747203834
1.1,0.004405638590575398,0.11553293623625911,-0.05,-2.006319001138299,1.0000012907993918,-0.000192953534723205,-0.0001969227734216822,-1.2033447024137292,0.23239066389667679,-0.029045961482947642,-366.77360364882406,697.1883841780135,-331.08655460390986,-0.6717740747203834
1.12,0.00454396540619969,0.15988776816344952,-0.05,-2.006319001138299,1.0000012907993918,-0.000192953534723205,-0.0001969227734216822,-1.2033447024137292,0.23239066389667679,-0.029045961482947642,-366.77360364882406,697.1883841780135,-331.08655460390986,-0.6717740747203834
1.1400000000000001,0.004656159288835475,0.200083324713262,-0.05,-2.006319001138299,1.0000012907993918,-0.000192953534723205,-0.0001969227734216822,-1.2033447024137292,0.23239066389667679,-0.029045961482947642,-366.77360364882406,697.1883841780135,-331.08655460390986,-0.6717740747203834
1.16,0.00472627224076793,0.23225483428573135,-0.05,-2.006319001138299,1.0000012907993918,-0.000192953534723205,-0.0001969227734216822,-1.2033447024137292,0.23239066389667679,-0.029045961482947642,-366.77360364882406,697.1883841780135,-331.08655460390986,-0.6717740747203834
1.18,0.004740494187943704,0.2563956917641879,-0.05,-2.006319001138299,1.0000012907993918,-0.000192953534723205,-0.0001969227734216822,-1.2033447024137292,0.23239066389667679,-0.029045961482947642,-366.77360364882406,697.1883841780135,-331.08655460390986,-0.6717740747203834
1.2,0.004687829598921311,0.27311872305849616,-0.05,-2.006319001138299,1.0000012907993918,-0.000192953534723205,-0.0001969227734216822,-1.2033447024137292,0.23239066389667679,-0.029045961482947642,-366.77360364882406,697.1883841780135,-331.08655460390986,-0.6717740747203834
1.22,0.004559910214739358,0.2158976109353528,0.05,-2.006319001138299,1.0000012907993918,-0.000192953534723205,-0.0001969227734216822,-1.2033447024137292,0.23239066389667679,-0.029045961482947642,-366.77360364882406,697.1883841780135,-331.08655460390986,-0.6717740747203834
1.24,0.004363916454770671,0.1437178406647912,0.05,-2.006319001138299,1.0000012907993918,-0.000192953534723205,-0.0001969227734216822,-1.2033447024137292,0.23239066389667679,-0.029045961482947642,-366.77360364882406,697.1883841780135,-331.08655460390986,-0.6717740747203834
1.26,0.00412410601135978,0.07698012936957792,0.05,-2.006319001138299,1.0000012907993918,-0.000192953534723205,-0.0001969227734216822,-1.2033447024137292,0.23239066389667679,-0.029045961482947642,-366.77360364882406,697.1883841780135,-331.08655460390986,-0.6717740747203834
1.28,0.0038663389554768673,0.019543525396240727,0.05,-2.006319001138299,1.0000012907993918,-0.000192953534723205,-0.0001969227734216822,-1.2033447024137292,0.23239066389667679,-0.029045961482947642,-366.77360364882406,697.1883841780135,-331.08655460390986,-0.6717740747203834
1.3,0.003613462707484282,0.038583440924990706,-0.05,-2.006319001138299,1.0000012907993918,-0.000192953534723205,-0.0001969227734216822,-1.2033447024137292,0.23239066389667679,-0.029045961482947642,-366.77360364882406,697.1883841780135,-331.08655460390986,-0.6717740747203834
1.32,0.0033714721036611,0.07510770244740943,-0.05,-2.006319001138299,1.0000012907993918,-0.000192953534723205,-0.0001969227734216822,-1.2033447024137292,0.23239066389667679,-0.029045961482947642,-366.77360364882406,697.1883841780135,-331.08655460390986,-0.6717740747203834
1.34,0.0031279357533819897,0.10863238662836729,-0.05,-2.006319001138299,1.0000012907993918,-0.000192953534723205,-0.0001969227734216822,-1.2033447024137292,0.23239066389667679,-0.029045961482947642,-366.77360364882406,697.1883841780135,-331.08655460390986,-0.6717740747203834
1.36,0.0028675617814531277,0.1352118522998325,-0.05,-2.006319001138299,1.0000012907993918,-0.000192953534723205,-0.0001969227734216822,-1.2033447024137292,0.23239066389667679,-0.029045961482947642,-366.77360364882406,697.1883841780135,-331.08655460390986,-0.6717740747203834
1.3800000000000001,0.0025769116051316894,0.15476145525400498,-0.05,-2.006319001138299,1.0000012907993918,-0.000192953534723205,-0.0001969227734216822,-1.2033447024137292,0.23239066389667679,-0.029045961482947642,-366.77360364882406,697.1883841780135,-331.08655460390986,-0.6717740747203834
1.4000000000000001,0.002245110154546168,0.10064148773217672,0.05,-2.006319001138299,1.0000012907993918,-0.000192953534723205,-0.0001969227734216822,-1.2033447024137292,0.23239066389667679,-0.029045961482947642,-366.77360364882406,697.1883841780135,-331.08655460390986,-0.6717740747203834
1.42,0.0018769115133153058,0.03179760167218837,0.05,-2.006319001138299,1.0000012907993918,-0.000192953534723205,-0.0001969227734216822,-1.2033447024137292,0.23239066389667679,-0.029045961482947642,-366.77360364882406,697.1883841780135,-331.08655460390986,-0.6717740747203834
1.44,0.001494242689583808,-0.03140451854950766,0.05,-2.006319001138299,1.0000012907993918,-0.000192953534723205,-0.0001969227734216822,-1.2033447024137292,0.23239066389667679,-0.029045961482947642,-366.77360364882406,697.1883841780135,-331.08655460390986,-0.6717740747203834
1.46,0.0011207288946099732,-0.08514010644239538,0.05,-2.006319001138299,1.0000012907993918,-0.000192953534723205,-0.0001969227734216822,-1.2033447024137292,0.23239066389667679,-0.029045961482947642,-366.77360364882406,697.1883841780135,-331.08655460390986,-0.6717740747203834
1.48,0.0007770782847381377,-0.12944359144562256,0.05,-2.006319001138299,1.0000012907993918,-0.000192953534723205,-0.0001969227734216822,-1.2033447024137292,0.23239066389667679,-0.029045961482947642,-366.77360364882406,697.1883841780135,-331.08655460390986,-0.6717740747203834
1.5,0.00048046386925538966,-0.16497059294439714,0.05,-2.006319001138299,1.0000012907993918,-0.000192953534723205,-0.0001969227734216822,-1.2033447024137292,0.23239066389667679,-0.029045961482947642,-366.77360364882406,697.1883841780135,-331.08655460390986,-0.6717740747203834
1.52,0.0002447654207207526,-0.12523944074107873,-0.05,-2.006319001138299,1.0000012907993918,-0.000192953534723205,-0.0001969227734216822,-1.2033447024137292,0.23239066389667679,-0.029045961482947642,-366.77360364882406,697.1883841780135,-331.08655460390986,-0.6717740747203834
1.54,6.769917449414719e-05,-0.06928191266483706,-0.05,-2.006319001138299,1.0000012907993918,-0.000192953534723205,-0.0001969227734216822,-1.2033447024137292,0.23239066389667679,-0.029045961482947642,-366.77360364882406,697.1883841780135,-331.08655460390986,-0.6717740747203834
1.56,-7.066258993098298e-05,-0.01754628254621253,-0.05,-2.006319001138299,1.0000012907993918,-0.000192953534723205,-0.0001969227734216822,-1.2033447024137292,0.23239066389667679,-0.029045961482947642,-366.77360364882406,697.1883841780135,-331.08655460390986,-0.6717740747203834
1.58,-0.0001923712057841532,0.026059990240169938,-0.05,-2.006319001138299,1.0000012907993918,-0.000192953534723205,-0.0001969227734216822,-1.2033447024137292,0.23239066389667679,-0.029045961482947642,-366.77360364882406,697.1883841780135,-331.08655460390986,-0.6717740747203834
1.6,-0.00031694410653954297,0.06148989199221316,-0.05,-2.006319001138299,1.0000012907993918,-0.000192953534723205,-0.0001969227734216822,-1.2033447024137292,0.23239066389667679,-0.029045961482947642,-366.77360364882406,697.1883841780135,-331.08655460390986,-0.6717740747203834
1.62,-0.000460707086826266,0.022142116287894545,0.05,-2.006319001138299,1.0000012907993918,-0.000192953534723205,-0.0001969227734216822,-1.2033447024137292,0.23239066389667679,-0.029045961482947642,-366.77360364882406,697.1883841780135,-331.08655460390986,-0.6717740747203834
1.6400000000000001,-0.000623777281012938,-0.03299818877480404,0.05,-2.006319001138299,1.0000012907993918,-0.000192953534723205,-0.0001969227734216822,-1.2033447024137292,0.23239066389667679,-0.029045961482947642,-366.77360364882406,697.1883841780135,-331.08655460390986,-0.6717740747203834
1.6600000000000001,-0.0007885648586610246,-0.08352490980173002,0.05,-2.006319001138299,1.0000012907993918,-0.000192953534723205,-0.0001969227734216822,-1.2033447024137292,0.23239066389667679,-0.029045961482947642,-366.77360364882406,697.1883841780135,-331.08655460390986,-0.6717740747203834
1.68,-0.0009352903366309862,-0.12557216981729555,0.05,-2.006319001138299,1.0000012907993918,-0.000192953534723205,-0.0001969227734216822,-1.2033447024137292,0.23239066389667679,-0.029045961482947642,-366.77360364882406,697.1883841780135,-331.08655460390986,-0.6717740747203834
1.7,-0.0010466396436265599,-0.1591328213530493,0.05,-2.006319001138299,1.0000012907993918,-0.000192953534723205,-0.0001969227734216822,-1.2033447024137292,0.23239066389667679,-0.029045961482947642,-366.77360364882406,697.1883841780135,-331.08655460390986,-0.6717740747203834
1.72,-0.0011084194386720828,-0.1176432402505009,-0.05,-2.006319001138299,1.0000012907993918,-0.000192953534723205,-0.0001969227734216822,-1.2033447024137292,0.23239066389667679,-0.029045961482947642,-366.77360364882406,697.1883841780135,-331.08655460390986,-0.6717740747203834
1.74,-0.0011225720330612237,-0.060123994602207145,-0.05,-2.006319001138299,1.0000012907993918,-0.000192953534723205,-0.0001969227734216822,-1.2033447024137292,0.23239066389667679,-0.029045961482947642,-366.77360364882406,697.1883841780135,-331.08655460390986,-0.6717740747203834
1.76,-0.0011086720302846155,-0.007014388716125912,-0.05,-2.006319001138299,1.0000012907993918,-0.000192953534723205,-0.0001969227734216822,-1.2033447024137292,0.23239066389667679,-0.029045961482947642,-366.77360364882406,697.1883841780135,-331.08655460390986,-0.6717740747203834
1.78,-0.0010884077867572004,0.03778867869864292,-0.05,-2.006319001138299,1.0000012907993918,-0.000192953534723205,-0.0001969227734216822,-1.2033447024137292,0.23239066389667679,-0.029045961482947642,-366.77360364882406,697.1883841780135,-331.08655460390986,-0.6717740747203834
1.8,-0.0010809255078547417,0.07424914896994539,-0.05,-2.006319001138299,1.0000012907993918,-0.000192953534723205,-0.0001969227734216822,-1.2033447024137292,0.23239066389667679,-0.029045961482947642,-366.77360364882406,697.1883841780135,-331.08655460390986,-0.6717740747203834
1.82,-0.0011021734511309728,0.03577653613983105,0.05,-2.006319001138299,1.0000012907993918,-0.000192953534723205,-0.0001969227734216822,-1.2033447024137292,0.23239066389667679,-0.029045961482947642,-366.77360364882406,697.1883841780135,-331.08655460390986,-0.6717740747203834
1.84,-0.0011518868645529002,-0.018633470027369124,0.05,-2.006319001138299,1.0000012907993918,-0.000192953534723205,-0.0001969227734216822,-1.2033447024137292,0.23239066389667679,-0.029045961482947642,-366.77360364882406,697.1883841780135,-331.08655460390986,-0.6717740747203834
1.86,-0.0012120915261466865,-0.06856453189973784,0.05,-2.006319001138299,1.0000012907993918,-0.000192953534723205,-0.0001969227734216822,-1.2033447024137292,0.23239066389667679,-0.029045961482947642,-366.77360364882406,697.1883841780135,-331.08655460390986,-0.6717740747203834
1.8800000000000001,-0.0012626227585384002,-0.11014088149637347,0.05,-2.006319001138299,1.0000012907993918,-0.000192953534723205,-0.0001969227734216822,-1.2033447024137292,0.23239066389667679,-0.029045961482947642,-366.77360364882406,697.1883841780135,-331.08655460390986,-0.6717740747203834
1.9000000000000001,-0.0012857820694537714,-0.07616842202191419,-0.05,-2.006319001138299,1.0000012907993918,-0.000192953534723205,-0.0001969227734216822,-1.2033447024137292,0.23239066389667679,-0.029045961482947642,-366.77360364882406,697.1883841780135,-331.08655460390986,-0.6717740747203834
1.92,-0.0012802159376351012,-0.0256184819513236,-0.05,-2.006319001138299,1.0000012907993918,-0.000192953534723205,-0.0001969227734216822,-1.2033447024137292,0.23239066389667679,-0.029045961482947642,-366.77360364882406,697.1883841780135,-331.08655460390986,-0.6717740747203834
1.94,-0.0012625258727601639,0.02104788311570596,-0.05,-2.006319001138299,1.0000012907993918,-0.000192953534723205,-0.0001969227734216822,-1.2033447024137292,0.23239066389667679,-0.029045961482947642,-366.77360364882406,697.1883841780135,-331.08655460390986,-0.6717740747203834
1.96,-0.0012517369198915566,0.0599097016998246,-0.05,-2.006319001138299,1.0000012907993918,-0.000192953534723205,-0.0001969227734216822,-1.2033447024137292,0.23239066389667679,-0.029045961482947642,-366.77360364882406,697.1883841780135,-331.08655460390986,-0.6717740747203834
1.98,-0.0012646162801280985,0.09090850991794905,-0.05,-2.006319001138299,1.0000012907993918,-0.000192953534723205,-0.0001969227734216822,-1.2033447024137292,0.23239066389667679,-0.029045961482947642,-366.77360364882406,697.1883841780135,-331.08655460390986,-0.6717740747203834
2.0,-0.0013149936659374057,0.12387054065972054,-0.05,-2.006319001138299,1.0000012907993918,-0.000192953534723205,-0.0001969227734216822,-1.2033447024137292,0.23239066389667679,-0.029045961482947642,-366.77360364882406,697.1883841780135,-331.08655460390986,-0.6717740747203834
2.02,-0.0014157692634169511,0.04737099258526212,0.05,-2.006319001138299,1.0000012907993918,-0.000192953534723205,-0.0001969227734216822,-1.2023059919192876,0.23135191590977422,-0.029045923990486625,-551.2475993958318,1047.8597008419415,-497.62124366485176,-1.0091422187420567
2.04,-0.0015589965664610818,-0.049754189303806665,0.05,-2.006319001138299,1.0000012907993918,-0.000192953534723205,-0.0001969227734216822,-1.2023059919192876,0.23135191590977422,-0.029045923990486625,-551.2475993958318,1047.8597008419415,-497.62124366485176,-1.0091422187420567
2.06,-0.0017113872982027856,-0.13194363207393658,0.05,-2.006319001138299,1.0000012907993918,-0.000192953534723205,-0.0001969227734216822,-1.2023059919192876,0.23135191590977422,-0.029045923990486625,-551.2475993958318,1047.8597008419415,-497.62124366485176,-1.0091422187420567
2.08,-0.0018385899181922827,-0.19222137573423437,0.05,-2.006319001138299,1.0000012907993918,-0.000192953534723205,-0.0001969227734216822,-1.2023059919192876,0.23135191590977422,-0.029045923990486625,-551.2475993958318,1047.8597008419415,-497.62124366485176,-1.0091422187420567
2.1,-0.0019133496688252065,-0.13133935103209346,-0.05,-2.006319001138299,1.0000012907993918,-0.000192953534723205,-0.0001969227734216822,-1.2023059919192876,0.23135191590977422,-0.029045923990486625,-551.2475993958318,1047.8597008419415,-497.62124366485176,-1.0091422187420567
2.12,-0.0019362474094102298,-0.04416574530997447,-0.05,-2.006319001138299,1.0000012907993918,-0.000192953534723205,-0.0001969227734216822,-1.2023059919192876,0.23135191590977422,-0.029045923990486625,-551.2475993958318,1047.8597008419415,-497.62124366485176,-1.0091422187420567
2.14,-0.0019365652505549593,0.0314239777122846,-0.05,-2.006319001138299,1.0000012907993918,-0.000192953534723205,-0.0001969227734216822,-1.2023059919192876,0.23135191590977422,-0.029045923990486625,-551.2475993958318,1047.8597008419415,-497.62124366485176,-1.0091422187420567
2.16,-0.001946340586865747,0.08745656869596415,-0.05,-2.006319001138299,1.0000012907993918,-0.000192953534723205,-0.0001969227734216822,-1.2023059919192876,0.23135191590977422,-0.029045923990486625,-551.2475993958318,1047.8597008419415,-497.62124366485176,-1.0091422187420567
2.18,-0.0019915400043011428,0.12503804538106825,-0.05,-2.006319001138299,1.0000012907993918,-0.000192953534723205,-0.0001969227734216822,-1.2023059919192876,0.23135191590977422,-0.029045923990486625,-551.2475993958318,1047.8597008419415,-497.62124366485176,-1.0091422187420567
2.2,-0.002090868091614173,0.046284447518421756,0.05,-2.006319001138299,1.0000012907993918,-0.000192953534723205,-0.0001969227734216822,-1.2023059919192876,0.23135191590977422,-0.029045923990486625,-551.2475993958318,1047.8597008419415,-497.62124366485176,-1.0091422187420567
2.22,-0.0022368349688580125,-0.05434268446422241,0.05,-2.006319001138299,1.0000012907993918,-0.000192953534723205,-0.0001969227734216822,-1.2023059919192876,0.23135191590977422,-0.029045923990486625,-551.2475993958318,1047.8597008419415,-497.62124366485176,-1.0091422187420567
2.24,-0.0023950364216223244,-0.13969903280631052,0.05,-2.006319001138299,1.0000012907993918,-0.000192953534723205,-0.0001969227734216822,-1.2023059919192876,0.23135191590977422,-0.029045923990486625,-551.2475993958318,1047.8597008419415,-497.62124366485176,-1.0091422187420567
2.2600000000000002,-0.002529844287735576,-0.20250647770334437,0.05,-2.006319001138299,1.0000012907993918,-0.000192953534723205,-0.0001969227734216822,-1.2023059919192876,0.23135191590977422,-0.029045923990486625,-551.2475993958318,1047.8597008419415,-497.62124366485176,-1.0091422187420567
2.2800000000000002,-0.0026129296326946405,-0.24446096871438316,0.05,-2.006319001138299,1.0000012907993918,-0.000192953534723205,-0.0001969227734216822,-1.2023059919192876,0.23135191590977422,-0.029045923990486625,-551.2475993958318,1047.8597008419415,-497.62124366485176,-1.0091422187420567
2.3000000000000003,-0.0026241863892726086,-0.16816424738491095,-0.05,-2.006319001138299,1.0000012907993918,-0.000192953534723205,-0.0001969227734216822,-1.2023059919192876,0.23135191590977422,-0.029045923990486625,-551.2475993958318,1047.8597008419415,-497.62124366485176,-1.0091422187420567
2.32,-0.00257044341298892,-0.06847413500862573,-0.05,-2.006319001138299,1.0000012907993918,-0.000192953534723205,-0.0001969227734216822,-1.2023059919192876,0.23135191590977422,-0.029045923990486625,-551.2475993958318,1047.8597008419415,-497.62124366485176,-1.0091422187420567
2.34,-0.00248600669015358,0.01714272532720538,-0.05,-2.006319001138299,1.0000012907993918,-0.000192953534723205,-0.0001969227734216822,-1.2023059919192876,0.23135191590977422,-0.029045923990486625,-551.2475993958318,1047.8597008419415,-497.62124366485176,-1.0091422187420567
2.36,-0.0024068269773892354,0.08114643393966028,-0.05,-2.006319001138299,1.0000012907993918,-0.000192953534723205,-0.0001969227734216822,-1.2023059919192876,0.23135191590977422,-0.029045923990486625,-551.2475993958318,1047.8597008419415,-497.62124366485176,-1.0091422187420567
2.38,-0.002361863661001831,0.12502064018102216,-0.05,-2.006319001138299,1.0000012907993918,-0.000192953534723205,-0.0001969227734216822,-1.2023059919192876,0.23135191590977422,-0.029045923990486625,-551.2475993958318,1047.8597008419415,-497.62124366485176,-1.0091422187420567
2.4,-0.0023720716742592655,0.15210941851800078,-0.05,-2.006319001138299,1.0000012907993918,-0.000192953534723205,-0.0001969227734216822,-1.2023059919192876,0.23135191590977422,-0.029045923990486625,-551.2475993958318,1047.8597008419415,-497.62124366485176,-1.0091422187420567
2.42,-0.0024514811604430084,0.06476984084470266,0.05,-2.006319001138299,1.0000012907993918,-0.000192953534723205,-0.0001969227734216822,-1.2023059919192876,0.23135191590977422,-0.029045923990486625,-551.2475993958318,1047.8597008419415,-497.62124366485176,-1.0091422187420567
2.44,-0.0025887240724179737,-0.04275628020818478,0.05,-2.006319001138299,1.0000012907993918,-0.000192953534723205,-0.0001969227734216822,-1.2023059919192876,0.23135191590977422,-0.029045923990486625,-551.2475993958318,1047.8597008419415,-497.62124366485176,-1.0091422187420567
2.46,-0.002746294541091728,-0.13360745579273142,0.05,-2.006319001138299,1.0000012907993918,-0.000192953534723205,-0.0001969227734216822,-1.2023059919192876,0.23135191590977422,-0.029045923990486625,-551.2475993958318,1047.8597008419415,-497.62124366485176,-1.0091422187420567
2.48,-0.00288612116545893,-0.20076118857867753,0.05,-2.006319001138299,1.0000012907993918,-0.000192953534723205,-0.0001969227734216822,-1.2023059919192876,0.23135191590977422,-0.029045923990486625,-551.2475993958318,1047.8597008419415,-497.62124366485176,-1.0091422187420567
2.5,-0.0029779691061625735,-0.14521358864718176,-0.05,-2.006319001138299,1.0000012907993918,-0.000192953534723205,-0.0001969227734216822,-1.2023059919192876,0.23135191590977422,-0.029045923990486625,-551.2475993958318,1047.8597008419415,-497.62124366485176,-1.0091422187420567
2.52,-0.0030201215377128757,-0.062104457759960346,-0.05,-2.006319001138299,1.0000012907993918,-0.000192953534723205,-0.0001969227734216822,-1.2023059919192876,0.23135191590977422,-0.029045923990486625,-551.2475993958318,1047.8597008419415,-497.62124366485176,-1.0091422187420567
2.54,-0.003040129552195053,0.010451540283510655,-0.05,-2.006319001138299,1.0000012907993918,-0.000192953534723205,-0.0001969227734216822,-1.2023059919192876,0.23135191590977422,-0.029045923990486625,-551.2475993958318,1047.8597008419415,-497.62124366485176,-1.0091422187420567
2.56,-0.003068755029697405,0.06428194708941509,-0.05,-2.006319001138299,1.0000012907993918,-0.000192953534723205,-0.0001969227734216822,-1.2023059919192876,0.23135191590977422,-0.029045923990486625,-551.2475993958318,1047.8597008419415,-497.62124366485176,-1.0091422187420567
2.58,-0.0031310504046140057,0.10032947544611695,-0.05,-2.006319001138299,1.0000012907993918,-0.000192953534723205,-0.0001969227734216822,-1.2023059919192876,0.23135191590977422,-0.029045923990486625,-551.2475993958318,1047.8597008419415,-497.62124366485176,-1.0091422187420567
2.6,-0.0032450904822868025,0.02057694932121236,0.05,-2.006319001138299,1.0000012907993918,-0.000192953534723205,-0.0001969227734216822,-1.2023059919192876,0.23135191590977422,-0.029045923990486625,-551.2475993958318,1047.8597008419415,-497.62124366485176,-1.0091422187420567
2.62,-0.0034029777802024514,-0.08062259577158816,0.05,-2.006319001138299,1.0000012907993918,-0.000192953534723205,-0.0001969227734216822,-1.2023059919192876,0.23135191590977422,-0.029045923990486625,-551.2475993958318,1047.8597008419415,-497.62124366485176,-1.0091422187420567
2.64,-0.003570072584030994,-0.16621311973037403,0.05,-2.006319001138299,1.0000012907993918,-0.000192953534723205,-0.0001969227734216822,-1.2023059919192876,0.23135191590977422,-0.029045923990486625,-551.2475993958318,1047.8597008419415,-497.62124366485176,-1.0091422187420567
2.66,-0.003710643069628892,-0.22898820183038643,0.05,-2.006319001138299,1.0000012907993918,-0.000192953534723205,-0.0001969227734216822,-1.2023059919192876,0.23135191590977422,-0.029045923990486625,-551.2475993958318,1047.8597008419415,-497.62124366485176,-1.0091422187420567
2.68,-0.0037963563137493354,-0.27070195893860416,0.05,-2.006319001138299,1.0000012907993918,-0.000192953534723205,-0.0001969227734216822,-1.2023059919192876,0.23135191590977422,-0.029045923990486625,-551.2475993958318,1047.8597008419415,-497.62124366485176,-1.0091422187420567
2.7,-0.0038071763320166986,-0.19400327213791738,-0.05,-2.006319001138299,1.0000012907993918,-0.000192953534723205,-0.0001969227734216822,-1.2023059919192876,0.23135191590977422,-0.029045923990486625,-551.2475993958318,1047.8597008419415,-497.62124366485176,-1.0091422187420567
2.72,-0.003750055751537212,-0.09378807122911056,-0.05,-2.006319001138299,1.0000012907993918,-0.000192953534723205,-0.0001969227734216822,-1.2023059919192876,0.23135191590977422,-0.029045923990486625,-551.2475993958318,1047.8597008419415,-497.62124366485176,-1.0091422187420567
2.74,-0.0036594620047778427,-0.007553777350940455,-0.05,-2.006319001138299,1.0000012907993918,-0.000192953534723205,-0.0001969227734216822,-1.2023059919192876,0.23135191590977422,-0.029045923990486625,-551.2475993958318,1047.8597008419415,-497.62124366485176,-1.0091422187420567
2.7600000000000002,-0.003571532527193676,0.05713482773519775,-0.05,-2.006319001138299,1.0000012907993918,-0.000192953534723205,-0.0001969227734216822,-1.2023059919192876,0.23135191590977422,-0.029045923990486625,-551.2475993958318,1047.8597008419415,-497.62124366485176,-1.0091422187420567
2.7800000000000002,-0.0035154288545951955,0.10174133093293464,-0.05,-2.006319001138299,1.0000012907993918,-0.000192953534723205,-0.0001969227734216822,-1.2023059919192876,0.23135191590977422,-0.029045923990486625,-551.2475993958318,1047.8597008419415,-497.62124366485176,-1.0091422187420567
2.8000000000000003,-0.0035123159440776214,0.028679480008087316,0.05,-2.006319001138299,1.0000012907993918,-0.000192953534723205,-0.0001969227734216822,-1.2023059919192876,0.23135191590977422,-0.029045923990486625,-551.2475993958318,1047.8597008419415,-497.62124366485176,-1.0091422187420567
2.82,-0.003556573945719382,-0.06734471212016835,0.05,-2.006319001138299,1.0000012907993918,-0.000192953534723205,-0.0001969227734216822,-1.2023059919192876,0.23135191590977422,-0.029045923990486625,-551.2475993958318,1047.8597008419415,-497.62124366485176,-1.0091422187420567
2.84,-0.003615196590521977,-0.14898690284673313,0.05,-2.006319001138299,1.0000012907993918,-0.000192953534723205,-0.0001969227734216822,-1.2023059919192876,0.23135191590977422,-0.029045923990486625,-551.2475993958318,1047.8597008419415,-497.62124366485176,-1.0091422187420567
2.86,-0.003653577582944518,-0.2088054108057453,0.05,-2.006319001138299,1.0000012907993918,-0.000192953534723205,-0.0001969227734216822,-1.2023059919192876,0.23135191590977422,-0.029045923990486625,-551.2475993958318,1047.8597008419415,-497.62124366485176,-1.0091422187420567
2.88,-0.003644111615146175,-0.2483624816455752,0.05,-2.006319001138299,1.0000012907993918,-0.000192953534723205,-0.0001969227734216822,-1.2023059919192876,0.23135191590977422,-0.029045923990486625,-551.2475993958318,1047.8597008419415,-497.62124366485176,-1.0091422187420567
2.9,-0.003567180982136268,-0.1701505861089859,-0.05,-2.006319001138299,1.0000012907993918,-0.000192953534723205,-0.0001969227734216822,-1.2023059919192876,0.23135191590977422,-0.029045923990486625,-551.2475993958318,1047.8597008419415,-497.62124366485176,-1.0091422187420567
2.92,-0.003429918423279032,-0.06893822254086748,-0.05,-2.006319001138299,1.0000012907993918,-0.000192953534723205,-0.0001969227734216822,-1.2023059919192876,0.23135191590977422,-0.029045923990486625,-551.2475993958318,1047.8597008419415,-497.62124366485176,-1.0091422187420567
2.94,-0.0032667903205686128,0.017880953507656935,-0.05,-2.006319001138299,1.0000012907993918,-0.000192953534723205,-0.0001969227734216822,-1.2023059919192876,0.23135191590977422,-0.029045923990486625,-551.2475993958318,1047.8597008419415,-497.62124366485176,-1.0091422187420567
2.96,-0.0031137973742480624,0.08282662635776283,-0.05,-2.006319001138299,1.0000012907993918,-0.000192953534723205,-0.0001969227734216822,-1.2023059919192876,0.23135191590977422,-0.029045923990486625,-551.2475993958318,1047.8597008419415,-497.62124366485176,-1.0091422187420567
2.98,-0.0029998648826513054,0.1274311007482035,-0.05,-2.006319001138299,1.0000012907993918,-0.000192953534723205,-0.0001969227734216822,-1.2023059919192876,0.23135191590977422,-0.029045923990486625,-551.2475993958318,1047.8597008419415,-497.62124366485176,-1.0091422187420567
3.0,-0.0029458507430474875,0.15507820336800532,-0.05,-2.006319001138299,1.0000012907993918,-0.000192953534723205,-0.0001969227734216822,-1.2023059919192876,0.23135191590977422,-0.029045923990486625,-551.2475993958318,1047.8597008419415,-497.62124366485176,-1.0091422187420567
3.02,-0.0029656419030172874,0.06815749367464341,0.05,-2.006319001138299,1.0000012907993918,-0.000192953534723205,-0.0001969227734216822,-1.2023059919192876,0.23135191590977422,-0.029045923990486625,-551.2475993958318,1047.8597008419415,-497.62124366485176,-1.0091422187420567
3.04,-0.003047694314211011,-0.039062680803998766,0.05,-2.006319001138299,1.0000012907993918,-0.000192953534723205,-0.0001969227734216822,-1.2023059919192876,0.23135191590977422,-0.029045923990486625,-551.2475993958318,1047.8597008419415,-497.62124366485176,-1.0091422187420567
3.06,-0.0031543038235643285,-0.12969915336796328,0.05,-2.006319001138299,1.0000012907993918,-0.000192953534723205,-0.0001969227734216822,-1.2023059919192876,0.23135191590977422,-0.029045923990486625,-551.2475993958318,1047.8597008419415,-497.62124366485176,-1.0091422187420567
3.08,-0.0032471866870364646,-0.19671169679525738,0.05,-2.006319001138299,1.0000012907993918,-0.000192953534723205,-0.0001969227734216822,-1.2023059919192876,0.23135191590977422,-0.029045923990486625,-551.2475993958318,1047.8597008419415,-497.62124366485176,-1.0091422187420567
3.1,-0.003295888097272223,-0.24199614933011646,0.05,-2.006319001138299,1.0000012907993918,-0.000192953534723205,-0.0001969227734216822,-1.2023059919192876,0.23135191590977422,-0.029045923990486625,-551.2475993958318,1047.8597008419415,-497.62124366485176,-1.0091422187420567
3.12,-0.0032786065201969904,-0.16831864885976247,-0.05,-2.006319001138299,1.0000012907993918,-0.000192953534723205,-0.0001969227734216822,-1.2023059919192876,0.23135191590977422,-0.029045923990486625,-551.2475993958318,1047.8597008419415,-497.62124366485176,-1.0091422187420567
3.14,-0.0032008235350394713,-0.07067138563450956,-0.05,-2.006319001138299,1.0000012907993918,-0.000192953534723205,-0.0001969227734216822,-1.2023059919192876,0.23135191590977422,-0.029045923990486625,-551.2475993958318,1047.8597008419415,-497.62124366485176,-1.0091422187420567
3.16,-0.003095778920460446,0.013369360311257926,-0.05,-2.006319001138299,1.0000012907993918,-0.000192953534723205,-0.0001969227734216822,-1.2023059919192876,0.23135191590977422,-0.029045923990486625,-551.2475993958318,1047.8597008419415,-497.62124366485176,-1.0091422187420567
3.18,-0.0029985837415929008,0.07617425880098141,-0.05,-2.006319001138299,1.0000012907993918,-0.000192953534723205,-0.0001969227734216822,-1.2023059919192876,0.23135191590977422,-0.029045923990486625,-551.2475993958318,1047.8597008419415,-497.62124366485176,-1.0091422187420567
3.2,-0.0029375398567374456,0.11915404765358839,-0.05,-2.006319001138299,1.0000012907993918,-0.000192953534723205,-0.0001969227734216822,-1.2023059919192876,0.23135191590977422,-0.029045923990486625,-551.2475993958318,1047.8597008419415,-497.62124366485176,-1.0091422187420567
3.22,-0.0029330908172566605,0.044679172169854176,0.05,-2.006319001138299,1.0000012907993918,-0.000192953534723205,-0.0001969227734216822,-1.2023059919192876,0.23135191590977422,-0.029045923990486625,-551.2475993958318,1047.8597008419415,-497.62124366485176,-1.0091422187420567
3.24,-0.002979010220046536,-0.05257984289344039,0.05,-2.006319001138299,1.0000012907993918,-0.000192953534723205,-0.0001969227734216822,-1.2023059919192876,0.23135191590977422,-0.029045923990486625,-551.2475993958318,1047.8597008419415,-497.62124366485176,-1.0091422187420567
3.2600000000000002,-0.003041780838855168,-0.13530777136283173,0.05,-2.006319001138299,1.0000012907993918,-0.000192953534723205,-0.0001969227734216822,-1.2023059919192876,0.23135191590977422,-0.029045923990486625,-551.2475993958318,1047.8597008419415,-497.62124366485176,-1.0091422187420567
3.2800000000000002,-0.003086365196765352,-0.19608687630552368,0.05,-2.006319001138299,1.0000012907993918,-0.000192953534723205,-0.0001969227734216822,-1.2023059919192876,0.23135191590977422,-0.029045923990486625,-551.2475993958318,1047.8597008419415,-497.62124366485176,-1.0091422187420567
3.3000000000000003,-0.003084793492814406,-0.23649911499513956,0.05,-2.006319001138299,1.0000012907993918,-0.000192953534723205,-0.0001969227734216822,-1.2023059919192876,0.23135191590977422,-0.029045923990486625,-551.2475993958318,1047.8597008419415,-497.62124366485176,-1.0091422187420567
3.3200000000000003,-0.0030171393781599594,-0.15905319716137167,-0.05,-2.006319001138299,1.0000012907993918,-0.000192953534723205,-0.0001969227734216822,-1.2023059919192876,0.23135191590977422,-0.029045923990486625,-551.2475993958318,1047.8597008419415,-497.62124366485176,-1.0091422187420567
3.34,-0.0028902738536223473,-0.058531033735813504,-0.05,-2.006319001138299,1.0000012907993918,-0.000192953534723205,-0.0001969227734216822,-1.2023059919192876,0.23135191590977422,-0.029045923990486625,-551.2475993958318,1047.8597008419415,-497.62124366485176,-1.0091422187420567
3.36,-0.0027384410086846362,0.027662638753532816,-0.05,-2.006319001138299,1.0000012907993918,-0.000192953534723205,-0.0001969227734216822,-1.2023059919192876,0.23135191590977422,-0.029045923990486625,-551.2475993958318,1047.8597008419415,-497.62124366485176,-1.0091422187420567
3.38,-0.0025974524441964328,0.0920383691364528,-0.05,-2.006319001138299,1.0000012907993918,-0.000192953534723205,-0.0001969227734216822,-1.2023059919192876,0.23135191590977422,-0.029045923990486625,-551.2475993958318,1047.8597008419415,-497.62124366485176,-1.0091422187420567
3.4,-0.002496072388597691,0.13612090975428154,-0.05,-2.006319001138299,1.0000012907993918,-0.000192953534723205,-0.0001969227734216822,-1.2023059919192876,0.23135191590977422,-0.029045923990486625,-551.2475993958318,1047.8597008419415,-497.62124366485176,-1.0091422187420567
3.42,-0.002455021421310052,0.06237359414361679,0.05,-2.006319001138299,1.0000012907993918,-0.000192953534723205,-0.0001969227734216822,-1.2023059919192876,0.23135191590977422,-0.029045923990486625,-551.2475993958318,1047.8597008419415,-497.62124366485176,-1.0091422187420567
3.44,-0.002468207230347915,-0.03445740349127319,0.05,-2.006319001138299,1.0000012907993918,-0.000192953534723205,-0.0001969227734216822,-1.2023059919192876,0.23135191590977422,-0.029045923990486625,-551.2475993958318,1047.8597008419415,-497.62124366485176,-1.0091422187420567
3.46,-0.0025021377359773092,-0.11699528973279713,0.05,-2.006319001138299,1.0000012907993918,-0.000192953534723205,-0.0001969227734216822,-1.2023059919192876,0.23135191590977422,-0.029045923990486625,-551.2475993958318,1047.8597008419415,-497.62124366485176,-1.0091422187420567
3.48,-0.0025217188584841614,-0.17777228301207082,0.05,-2.006319001138299,1.0000012907993918,-0.000192953534723205,-0.0001969227734216822,-1.2023059919192876,0.23135191590977422,-0.029045923990486625,-551.2475993958318,1047.8597008419415,-497.62124366485176,-1.0091422187420567
3.5,-0.0024988640789393004,-0.21832970276115762,0.05,-2.006319001138299,1.0000012907993918,-0.000192953534723205,-0.0001969227734216822,-1.2023059919192876,0.23135191590977422,-0.029045923990486625,-551.2475993958318,1047.8597008419415,-497.62124366485176,-1.0091422187420567
3.52,-0.0024134873501372375,-0.14114329319427008,-0.05,-2.006319001138299,1.0000012907993918,-0.000192953534723205,-0.0001969227734216822,-1.2023059919192876,0.23135191590977422,-0.029045923990486625,-551.2475993958318,1047.8597008419415,-497.62124366485176,-1.0091422187420567
3.54,-0.002272270533220514,-0.04096827600204565,-0.05,-2.006319001138299,1.0000012907993918,-0.000192953534723205,-0.0001969227734216822,-1.2023059919192876,0.23135191590977422,-0.029045923990486625,-551.2475993958318,1047.8597008419415,-497.62124366485176,-1.0091422187420567
3.56,-0.0021092497091405645,0.04481219630591772,-0.05,-2.006319001138299,1.0000012907993918,-0.000192953534723205,-0.0001969227734216822,-1.2023059919192876,0.23135191590977422,-0.029045923990486625,-551.2475993958318,1047.8597008419415,-497.62124366485176,-1.0091422187420567
3.58,-0.0019600177650799136,0.10872612760878747,-0.05,-2.006319001138299,1.0000012907993918,-0.000192953534723205,-0.0001969227734216822,-1.2023059919192876,0.23135191590977422,-0.029045923990486625,-551.2475993958318,1047.8597008419415,-497.62124366485176,-1.0091422187420567
3.6,-0.001853115825878421,0.15231235181842412,-0.05,-2.006319001138299,1.0000012907993918,-0.000192953534723205,-0.0001969227734216822,-1.2023059919192876,0.23135191590977422,-0.029045923990486625,-551.2475993958318,1047.8597008419415,-497.62124366485176,-1.0091422187420567
3.62,-0.0018090418066400902,0.07804551996262354,0.05,-2.006319001138299,1.0000012907993918,-0.000192953534723205,-0.0001969227734216822,-1.2023059919192876,0.23135191590977422,-0.029045923990486625,-551.2475993958318,1047.8597008419415,-497.62124366485176,-1.0091422187420567
3.64,-0.0018214847688624973,-0.019319119998907064,0.05,-2.006319001138299,1.0000012907993918,-0.000192953534723205,-0.0001969227734216822,-1.2023059919192876,0.23135191590977422,-0.029045923990486625,-551.2475993958318,1047.8597008419415,-497.62124366485176,-1.0091422187420567
3.66,-0.0018567407070643656,-0.10239753839148738,0.05,-2.006319001138299,1.0000012907993918,-0.000192953534723205,-0.0001969227734216822,-1.2023059919192876,0.23135191590977422,-0.029045923990486625,-551.2475993958318,1047.8597008419415,-497.62124366485176,-1.0091422187420567
3.68,-0.0018795122551032337,-0.1637162380500268,0.05,-2.006319001138299,1.0000012907993918,-0.000192953534723205,-0.0001969227734216822,-1.2023059919192876,0.23135191590977422,-0.029045923990486625,-551.2475993958318,1047.8597008419415,-497.62124366485176,-1.0091422187420567
3.7,-0.0018615195541713614,-0.20481205583552106,0.05,-2.006319001138299,1.0000012907993918,-0.000192953534723205,-0.0001969227734216822,-1.2023059919192876,0.23135191590977422,-0.029045923990486625,-551.2475993958318,1047.8597008419415,-497.62124366485176,-1.0091422187420567
3.72,-0.0017824939809828132,-0.1281572474664389,-0.05,-2.006319001138299,1.0000012907993918,-0.000192953534723205,-0.0001969227734216822,-1.2023059919192876,0.23135191590977422,-0.029045923990486625,-551.2475993958318,1047.8597008419415,-497.62124366485176,-1.0091422187420567
3.74,-0.0016489460543312343,-0.028504363458424636,-0.05,-2.006319001138299,1.0000012907993918,-0.000192953534723205,-0.0001969227734216822,-1.2023059919192876,0.23135191590977422,-0.029045923990486625,-551.2475993958318,1047.8597008419415,-497.62124366485176,-1.0091422187420567
3.7600000000000002,-0.0014947518945964524,0.05676546725372443,-0.05,-2.006319001138299,1.0000012907993918,-0.000192953534723205,-0.0001969227734216822,-1.2023059919192876,0.23135191590977422,-0.029045923990486625,-551.2475993958318,1047.8597008419415,-497.62124366485176,-1.0091422187420567
3.7800000000000002,-0.0013553557015939148,0.12018177576061466,-0.05,-2.006319001138299,1.0000012907993918,-0.000192953534723205,-0.0001969227734216822,-1.2023059919192876,0.23135191590977422,-0.029045923990486625,-551.2475993958318,1047.8597008419415,-497.62124366485176,-1.0091422187420567
3.8000000000000003,-0.0012591609549916483,0.06237029255334098,0.05,-2.006319001138299,1.0000012907993918,-0.000192953534723205,-0.0001969227734216822,-1.2023059919192876,0.23135191590977422,-0.029045923990486625,-551.2475993958318,1047.8597008419415,-497.62124366485176,-1.0091422187420567
3.8200000000000003,-0.0012066764604054011,-0.021831683386929458,0.05,-2.006319001138299,1.0000012907993918,-0.000192953534723205,-0.0001969227734216822,-1.2023059919192876,0.23135191590977422,-0.029045923990486625,-551.2475993958318,1047.8597008419415,-497.62124366485176,-1.0091422187420567
3.84,-0.0011696265059938135,-0.0945555798437511,0.05,-2.006319001138299,1.0000012907993918,-0.000192953534723205,-0.0001969227734216822,-1.2023059919192876,0.23135191590977422,-0.029045923990486625,-551.2475993958318,1047.8597008419415,-497.62124366485176,-1.0091422187420567
3.86,-0.0011168956433565299,-0.1478288490332814,0.05,-2.006319001138299,1.0000012907993918,-0.000192953534723205,-0.0001969227734216822,-1.2023059919192876,0.23135191590977422,-0.029045923990486625,-551.2475993958318,1047.8597008419415,-497.62124366485176,-1.0091422187420567
3.88,-0.0010233589962906388,-0.18275638060989635,0.05,-2.006319001138299,1.0000012907993918,-0.000192953534723205,-0.0001969227734216822,-1.2023059919192876,0.23135191590977422,-0.029045923990486625,-551.2475993958318,1047.8597008419415,-497.62124366485176,-1.0091422187420567
3.9,-0.0008710787306321974,-0.2023665756699747,0.05,-2.006319001138299,1.0000012907993918,-0.000192953534723205,-0.0001969227734216822,-1.2023059919192876,0.23135191590977422,-0.029045923990486625,-551.2475993958318,1047.8597008419415,-497.62124366485176,-1.0091422187420567
3.92,-0.0006483796980002993,-0.10875685264827109,-0.05,-2.006319001138299,1.0000012907993918,-0.000192953534723205,-0.0001969227734216822,-1.2023059919192876,0.23135191590977422,-0.029045923990486625,-551.2475993958318,1047.8597008419415,-497.62124366485176,-1.0091422187420567
3.94,-0.0003684506800038871,0.004043784656663801,-0.05,-2.006319001138299,1.0000012907993918,-0.000192953534723205,-0.0001969227734216822,-1.2023059919192876,0.23135191590977422,-0.029045923990486625,-551.2475993958318,1047.8597008419415,-497.62124366485176,-1.0091422187420567
3.96,-7.018829759060819e-05,0.09934813659864046,-0.05,-2.006319001138299,1.0000012907993918,-0.000192953534723205,-0.0001969227734216822,-1.2023059919192876,0.23135191590977422,-0.029045923990486625,-551.2475993958318,1047.8597008419415,-497.62124366485176,-1.0091422187420567
3.98,0.00020729055203436034,0.1702765123419353,-0.05,-2.006319001138299,1.0000012907993918,-0.000192953534723205,-0.0001969227734216822,-1.2023059919192876,0.23135191590977422,-0.029045923990486625,-551.2475993958318,1047.8597008419415,-497.62124366485176,-1.0091422187420567
4.0,0.0004329819629512031,0.21885631960524293,-0.05,-2.006319001138299,1.0000012907993918,-0.000192953534723205,-0.0001969227734216822,-1.2023059919192876,0.23135191590977422,-0.029045923990486625,-551.2475993958318,1047.8597008419415,-497.62124366485176,-1.0091422187420567
4.0200000000000005,0.0005847585029334895,0.1479615676568773,0.05,-2.006319001138299,1.0000012907993918,-0.000192953534723205,-0.0001969227734216822,-1.2023059919192876,0.23135191590977422,-0.029045923990486625,-551.2475993958318,1047.8597008419415,-497.62124366485176,-1.0091422187420567
4.04,0.0006679500370164059,0.05267298557695535,0.05,-2.006319001138299,1.0000012907993918,-0.000192953534723205,-0.0001969227734216822,-1.2023059919192876,0.23135191590977422,-0.029045923990486625,-551.2475993958318,1047.8597008419415,-497.62124366485176,-1.0091422187420567
4.0600000000000005,0.0007157792042345685,-0.029360477360242138,0.05,-2.006319001138299,1.0000012907993918,-0.000192953534723205,-0.0001969227734216822,-1.2023059919192876,0.23135191590977422,-0.029045923990486625,-551.2475993958318,1047.8597008419415,-497.62124366485176,-1.0091422187420567
4.08,0.0007634424966958381,-0.09044991558686344,0.05,-2.006319001138299,1.0000012907993918,-0.000192953534723205,-0.0001969227734216822,-1.2023059919192876,0.23135191590977422,-0.029045923990486625,-551.2475993958318,1047.8597008419415,-497.62124366485176,-1.0091422187420567
4.1,0.0008394042173950931,-0.13195717682634467,0.05,-2.006319001138299,1.0000012907993918,-0.000192953534723205,-0.0001969227734216822,-1.2023059919192876,0.23135191590977422,-0.029045923990486625,-551.2475993958318,1047.8597008419415,-497.62124366485176,-1.0091422187420567
4.12,0.0009643270433847938,-0.05621251412115222,-0.05,-2.006319001138299,1.0000012907993918,-0.000192953534723205,-0.0001969227734216822,-1.2023059919192876,0.23135191590977422,-0.029045923990486625,-551.2475993958318,1047.8597008419415,-497.62124366485176,-1.0091422187420567
4.14,0.0011322441337634267,0.04214659676191765,-0.05,-2.006319001138299,1.0000012907993918,-0.000192953534723205,-0.0001969227734216822,-1.2023059919192876,0.23135191590977422,-0.029045923990486625,-551.2475993958318,1047.8597008419415,-497.62124366485176,-1.0091422187420567
4.16,0.0013099254543842602,0.12583215693511968,-0.05,-2.006319001138299,1.0000012907993918,-0.000192953534723205,-0.0001969227734216822,-1.2023059919192876,0.23135191590977422,-0.029045923990486625,-551.2475993958318,1047.8597008419415,-497.62124366485176,-1.0091422187420567
4.18,0.0014626383686812477,0.18744895561292924,-0.05,-2.006319001138299,1.0000012907993918,-0.000192953534723205,-0.0001969227734216822,-1.2023059919192876,0.23135191590977422,-0.029045923990486625,-551.2475993958318,1047.8597008419415,-497.62124366485176,-1.0091422187420567
4.2,0.0015627276933104844,0.12768338755079386,0.05,-2.006319001138299,1.0000012907993918,-0.000192953534723205,-0.0001969227734216822,-1.2023059919192876,0.23135191590977422,-0.029045923990486625,-551.2475993958318,1047.8597008419415,-497.62124366485176,-1.0091422187420567
4.22,0.0016104474913359386,0.041421491630654894,0.05,-2.006319001138299,1.0000012907993918,-0.000192953534723205,-0.0001969227734216822,-1.2023059919192876,0.23135191590977422,-0.029045923990486625,-551.2475993958318,1047.8597008419415,-497.62124366485176,-1.0091422187420567
4.24,0.001634834072213459,-0.03342914209831144,0.05,-2.006319001138299,1.0000012907993918,-0.000192953534723205,-0.0001969227734216822,-1.2023059919192876,0.23135191590977422,-0.029045923990486625,-551.2475993958318,1047.8597008419415,-497.62124366485176,-1.0091422187420567
4.26,0.001667748649084903,-0.08886484740215182,0.05,-2.006319001138299,1.0000012907993918,-0.000192953534723205,-0.0001969227734216822,-1.2023059919192876,0.23135191590977422,-0.029045923990486625,-551.2475993958318,1047.8597008419415,-497.62124366485176,-1.0091422187420567
4.28,0.0017350378418427314,-0.12596581900295434,0.05,-2.006319001138299,1.0000012907993918,-0.000192953534723205,-0.0001969227734216822,-1.2023059919192876,0.23135191590977422,-0.029045923990486625,-551.2475993958318,1047.8597008419415,-497.62124366485176,-1.0091422187420567
4.3,0.0018553306787039996,-0.14774099182205974,0.05,-2.006319001138299,1.0000012907993918,-0.000192953534723205,-0.0001969227734216822,-1.2023059919192876,0.23135191590977422,-0.029045923990486625,-551.2475993958318,1047.8597008419415,-497.62124366485176,-1.0091422187420567
4.32,0.0020409585261763753,-0.05627257008535677,-0.05,-2.006319001138299,1.0000012907993918,-0.000192953534723205,-0.0001969227734216822,-1.2023059919192876,0.23135191590977422,-0.029045923990486625,-551.2475993958318,1047.8597008419415,-497.62124366485176,-1.0091422187420567
4.34,0.0022793511178351325,0.054422231618139055,-0.05,-2.006319001138299,1.0000012907993918,-0.000192953534723205,-0.0001969227734216822,-1.2023059919192876,0.23135191590977422,-0.029045923990486625,-551.2475993958318,1047.8597008419415,-497.62124366485176,-1.0091422187420567
4.36,0.002532191200196451,0.14766523932423017,-0.05,-2.006319001138299,1.0000012907993918,-0.000192953534723205,-0.0001969227734216822,-1.2023059919192876,0.23135191590977422,-0.029045923990486625,-551.2475993958318,1047.8597008419415,-497.62124366485176,-1.0091422187420567
4.38,0.002760901555573836,0.21658351580026314,-0.05,-2.006319001138299,1.0000012907993918,-0.000192953534723205,-0.0001969227734216822,-1.2023059919192876,0.23135191590977422,-0.029045923990486625,-551.2475993958318,1047.8597008419415,-497.62124366485176,-1.0091422187420567
4.4,0.002934978459010126,0.16229514180164664,0.05,-2.006319001138299,1.0000012907993918,-0.000192953534723205,-0.0001969227734216822,-1.2023059919192876,0.23135191590977422,-0.029045923990486625,-551.2475993958318,1047.8597008419415,-497.62124366485176,-1.0091422187420567
4.42,0.00305261802195608,0.08003934465371546,0.05,-2.006319001138299,1.0000012907993918,-0.000192953534723205,-0.0001969227734216822,-1.2023059919192876,0.23135191590977422,-0.029045923990486625,-551.2475993958318,1047.8597008419415,-497.62124366485176,-1.0091422187420567
4.44,0.003141421962368634,0.008011788143824167,0.05,-2.006319001138299,1.0000012907993918,-0.000192953534723205,-0.0001969227734216822,-1.2023059919192876,0.23135191590977422,-0.029045923990486625,-551.2475993958318,1047.8597008419415,-497.62124366485176,-1.0091422187420567
4.46,0.0032323052625738325,-0.045549118104838,0.05,-2.006319001138299,1.0000012907993918,-0.000192953534723205,-0.0001969227734216822,-1.2023059919192876,0.23135191590977422,-0.029045923990486625,-551.2475993958318,1047.8597008419415,-497.62124366485176,-1.0091422187420567
4.48,0.0033505479623394713,-0.08153241515732676,0.05,-2.006319001138299,1.0000012907993918,-0.000192953534723205,-0.0001969227734216822,-1.2023059919192876,0.23135191590977422,-0.029045923990486625,-551.2475993958318,1047.8597008419415,-497.62124366485176,-1.0091422187420567
4.5,0.003514504843621825,-0.10279149938102472,0.05,-2.006319001138299,1.0000012907993918,-0.000192953534723205,-0.0001969227734216822,-1.2023059919192876,0.23135191590977422,-0.029045923990486625,-551.2475993958318,1047.8597008419415,-497.62124366485176,-1.0091422187420567
4.5200000000000005,0.003736455428613801,-0.011282125248114894,-0.05,-2.006319001138299,1.0000012907993918,-0.000192953534723205,-0.0001969227734216822,-1.2023059919192876,0.23135191590977422,-0.029045923990486625,-551.2475993958318,1047.8597008419415,-497.62124366485176,-1.0091422187420567
4.54,0.004003944295038864,0.09908125440486977,-0.05,-2.006319001138299,1.0000012907993918,-0.000192953534723205,-0.0001969227734216822,-1.2023059919192876,0.23135191590977422,-0.029045923990486625,-551.2475993958318,1047.8597008419415,-497.62124366485176,-1.0091422187420567
4.5600000000000005,0.004278891358062869,0.1917038793143448,-0.05,-2.006319001138299,1.0000012907993918,-0.000192953534723205,-0.0001969227734216822,-1.2023059919192876,0.23135191590977422,-0.029045923990486625,-551.2475993958318,1047.8597008419415,-497.62124366485176,-1.0091422187420567
4.58,0.004523043596855479,0.25978034191756516,-0.05,-2.006319001138299,1.0000012907993918,-0.000192953534723205,-0.0001969227734216822,-1.2023059919192876,0.23135191590977422,-0.029045923990486625,-551.2475993958318,1047.8597008419415,-497.62124366485176,-1.0091422187420567
4.6000000000000005,0.004706280740466743,0.20448328662596213,0.05,-2.006319001138299,1.0000012907993918,-0.000192953534723205,-0.0001969227734216822,-1.2023059919192876,0.23135191590977422,-0.029045923990486625,-551.2475993958318,1047.8597008419415,-497.62124366485176,-1.0091422187420567
4.62,0.004827219767282008,0.12109586581377013,0.05,-2.006319001138299,1.0000012907993918,-0.000192953534723205,-0.0001969227734216822,-1.2023059919192876,0.23135191590977422,-0.029045923990486625,-551.2475993958318,1047.8597008419415,-497.62124366485176,-1.0091422187420567
4.64,0.004913903854309291,0.047849051275053914,0.05,-2.006319001138299,1.0000012907993918,-0.000192953534723205,-0.0001969227734216822,-1.2023059919192876,0.23135191590977422,-0.029045923990486625,-551.2475993958318,1047.8597008419415,-497.62124366485176,-1.0091422187420567
4.66,0.004997697360083451,-0.006990310896837437,0.05,-2.006319001138299,1.0000012907993918,-0.000192953534723205,-0.0001969227734216822,-1.2023059919192876,0.23135191590977422,-0.029045923990486625,-551.2475993958318,1047.8597008419415,-497.62124366485176,-1.0091422187420567
4.68,0.005104327926842999,-0.04428842919011096,0.05,-2.006319001138299,1.0000012907993918,-0.000192953534723205,-0.0001969227734216822,-1.2023059919192876,0.23135191590977422,-0.029045923990486625,-551.2475993958318,1047.8597008419415,-497.62124366485176,-1.0091422187420567
4.7,0.005252588855651802,0.03403374753003616,-0.05,-2.006319001138299,1.0000012907993918,-0.000192953534723205,-0.0001969227734216822,-1.2023059919192876,0.23135191590977422,-0.029045923990486625,-551.2475993958318,1047.8597008419415,-497.62124366485176,-1.0091422187420567
4.72,0.005435321839988262,0.13367320276381942,-0.05,-2.006319001138299,1.0000012907993918,-0.000192953534723205,-0.0001969227734216822,-1.2023059919192876,0.23135191590977422,-0.029045923990486625,-551.2475993958318,1047.8597008419415,-497.62124366485176,-1.0091422187420567
4.74,0.005618629604053564,0.2176141952432065,-0.05,-2.006319001138299,1.0000012907993918,-0.000192953534723205,-0.0001969227734216822,-1.2023059919192876,0.23135191590977422,-0.029045923990486625,-551.2475993958318,1047.8597008419415,-497.62124366485176,-1.0091422187420567
4.76,0.005767512607539477,0.27868250896314406,-0.05,-2.006319001138299,1.0000012907993918,-0.000192953534723205,-0.0001969227734216822,-1.2023059919192876,0.23135191590977422,-0.029045923990486625,-551.2475993958318,1047.8597008419415,-497.62124366485176,-1.0091422187420567
4.78,0.005854350208617501,0.3186578762406852,-0.05,-2.006319001138299,1.0000012907993918,-0.000192953534723205,-0.0001969227734216822,-1.2023059919192876,0.23135191590977422,-0.029045923990486625,-551.2475993958318,1047.8597008419415,-497.62124366485176,-1.0091422187420567
4.8,0.00585979168595536,0.3411236961418328,-0.05,-2.006319001138299,1.0000012907993918,-0.000192953534723205,-0.0001969227734216822,-1.2023059919192876,0.23135191590977422,-0.029045923990486625,-551.2475993958318,1047.8597008419415,-497.62124366485176,-1.0091422187420567
4.82,0.005771581058461656,0.24863010552066409,0.05,-2.006319001138299,1.0000012907993918,-0.000192953534723205,-0.0001969227734216822,-1.2023059919192876,0.23135191590977422,-0.029045923990486625,-551.2475993958318,1047.8597008419415,-497.62124366485176,-1.0091422187420567
4.84,0.005602956038752301,0.13557413744953845,0.05,-2.006319001138299,1.0000012907993918,-0.000192953534723205,-0.0001969227734216822,-1.2023059919192876,0.23135191590977422,-0.029045923990486625,-551.2475993958318,1047.8597008419415,-497.62124366485176,-1.0091422187420567
4.86,0.005393330747148002,0.03894182129192034,0.05,-2.006319001138299,1.0000012907993918,-0.000192953534723205,-0.0001969227734216822,-1.2023059919192876,0.23135191590977422,-0.029045923990486625,-551.2475993958318,1047.8597008419415,-497.62124366485176,-1.0091422187420567
4.88,0.00518268063709409,-0.03414450257300488,0.05,-2.006319001138299,1.0000012907993918,-0.000192953534723205,-0.0001969227734216822,-1.2023059919192876,0.23135191590977422,-0.029045923990486625,-551.2475993958318,1047.8597008419415,-497.62124366485176,-1.0091422187420567
4.9,0.005003108121009082,0.015398695199992839,-0.05,-2.006319001138299,1.0000012907993918,-0.000192953534723205,-0.0001969227734216822,-1.2023059919192876,0.23135191590977422,-0.029045923990486625,-551.2475993958318,1047.8597008419415,-497.62124366485176,-1.0091422187420567
4.92,0.0048581374497478425,0.09249476360966966,-0.05,-2.006319001138299,1.0000012907993918,-0.000192953534723205,-0.0001969227734216822,-1.2023059919192876,0.23135191590977422,-0.029045923990486625,-551.2475993958318,1047.8597008419415,-497.62124366485176,-1.0091422187420567
4.94,0.004721947775305523,0.1590786494168196,-0.05,-2.006319001138299,1.0000012907993918,-0.000192953534723205,-0.0001969227734216822,-1.2023059919192876,0.23135191590977422,-0.029045923990486625,-551.2475993958318,1047.8597008419415,-497.62124366485176,-1.0091422187420567
4.96,0.004565418514550913,0.20701636567385676,-0.05,-2.006319001138299,1.0000012907993918,-0.000192953534723205,-0.0001969227734216822,-1.2023059919192876,0.23135191590977422,-0.029045923990486625,-551.2475993958318,1047.8597008419415,-497.62124366485176,-1.0091422187420567
4.98,0.004365042320979851,0.2372801196563254,-0.05,-2.006319001138299,1.0000012907993918,-0.000192953534723205,-0.0001969227734216822,-1.2023059919192876,0.23135191590977422,-0.029045923990486625,-551.2475993958318,1047.8597008419415,-497.62124366485176,-1.0091422187420567
5.0,0.004104189427114163,0.15187501982460844,0.05,-2.006319001138299,1.0000012907993918,-0.000192953534723205,-0.0001969227734216822,-1.2023059919192876,0.23135191590977422,-0.029045923990486625,-551.2475993958318,1047.8597008419415,-497.62124366485176,-1.0091422187420567
5.0200000000000005,0.003792100991856501,0.045170558301890124,0.05,-2.006319001138299,1.0000012907993918,-0.000192953534723205,-0.0001969227734216822,-1.2023059919192876,0.23135191590977422,-0.029045923990486625,-551.2475993958318,1047.8597008419415,-497.62124366485176,-1.0091422187420567
5.04,0.0034646598438829897,-0.045765376796529936,0.05,-2.006319001138299,1.0000012907993918,-0.000192953534723205,-0.0001969227734216822,-1.2023059919192876,0.23135191590977422,-0.029045923990486625,-551.2475993958318,1047.8597008419415,-497.62124366485176,-1.0091422187420567
5.0600000000000005,0.0031587426379843827,-0.1137181621678114,0.05,-2.006319001138299,1.0000012907993918,-0.000192953534723205,-0.0001969227734216822,-1.2023059919192876,0.23135191590977422,-0.029045923990486625,-551.2475993958318,1047.8597008419415,-497.62124366485176,-1.0091422187420567
5.08,0.0029037319472134384,-0.16043672059014125,0.05,-2.006319001138299,1.0000012907993918,-0.000192953534723205,-0.0001969227734216822,-1.2023059919192876,0.23135191590977422,-0.029045923990486625,-551.2475993958318,1047.8597008419415,-497.62124366485176,-1.0091422187420567
5.1000000000000005,0.0027206219913534268,-0.08856721052106567,-0.05,-2.006319001138299,1.0000012907993918,-0.000192953534723205,-0.0001969227734216822,-1.2023059919192876,0.23135191590977422,-0.029045923990486625,-551.2475993958318,1047.8597008419415,-497.62124366485176,-1.0091422187420567
5.12,0.0026033311786556484,0.006995136180546341,-0.05,-2.006319001138299,1.0000012907993918,-0.000192953534723205,-0.0001969227734216822,-1.2023059919192876,0.23135191590977422,-0.029045923990486625,-551.2475993958318,1047.8597008419415,-497.62124366485176,-1.0091422187420567
5.14,0.0025181805871838554,0.08875203848147106,-0.05,-2.006319001138299,1.0000012907993918,-0.000192953534723205,-0.0001969227734216822,-1.2023059919192876,0.23135191590977422,-0.029045923990486625,-551.2475993958318,1047.8597008419415,-497.62124366485176,-1.0091422187420567
5.16,0.002429743799451855,0.1491367426125545,-0.05,-2.006319001138299,1.0000012907993918,-0.000192953534723205,-0.0001969227734216822,-1.2023059919192876,0.23135191590977422,-0.029045923990486625,-551.2475993958318,1047.8597008419415,-497.62124366485176,-1.0091422187420567
5.18,0.0023094978068827214,0.18961000285069102,-0.05,-2.006319001138299,1.0000012907993918,-0.000192953534723205,-0.0001969227734216822,-1.2023059919192876,0.23135191590977422,-0.029045923990486625,-551.2475993958318,1047.8597008419415,-497.62124366485176,-1.0091422187420567
5.2,0.00213684857228393,0.11258204144476458,0.05,-2.006319001138299,1.0000012907993918,-0.000192953534723205,-0.0001969227734216822,-1.2023059919192876,0.23135191590977422,-0.029045923990486625,-551.2475993958318,1047.8597008419415,-497.62124366485176,-1.0091422187420567
5.22,0.0019179241055731682,0.012754853354256634,0.05,-2.006319001138299,1.0000012907993918,-0.000192953534723205,-0.0001969227734216822,-1.2023059919192876,0.23135191590977422,-0.029045923990486625,-551.2475993958318,1047.8597008419415,-497.62124366485176,-1.0091422187420567
5.24,0.0016861807378910694,-0.07253159910798262,0.05,-2.006319001138299,1.0000012907993918,-0.000192953534723205,-0.0001969227734216822,-1.2023059919192876,0.23135191590977422,-0.029045923990486625,-551.2475993958318,1047.8597008419415,-497.62124366485176,-1.0091422187420567
5.26,0.001476621084001821,-0.13584033461886222,0.05,-2.006319001138299,1.0000012907993918,-0.000192953534723205,-0.0001969227734216822,-1.2023059919192876,0.23135191590977422,-0.029045923990486625,-551.2475993958318,1047.8597008419415,-497.62124366485176,-1.0091422187420567
5.28,0.0013171972054899796,-0.1787385323237435,0.05,-2.006319001138299,1.0000012907993918,-0.000192953534723205,-0.0001969227734216822,-1.2023059919192876,0.23135191590977422,-0.029045923990486625,-551.2475993958318,1047.8597008419415,-497.62124366485176,-1.0091422187420567
5.3,0.0012278279906909292,-0.20463796209196058,0.05,-2.006319001138299,1.0000012907993918,-0.000192953534723205,-0.0001969227734216822,-1.2023059919192876,0.23135191590977422,-0.029045923990486625,-551.2475993958318,1047.8597008419415,-497.62124366485176,-1.0091422187420567
5.32,0.0012215021813791196,-0.11595045751535255,-0.05,-2.006319001138299,1.0000012907993918,-0.000192953534723205,-0.0001969227734216822,-1.2023059919192876,0.23135191590977422,-0.029045923990486625,-551.2475993958318,1047.8597008419415,-497.62124366485176,-1.0091422187420567
5.34,0.0012858225931582212,-0.006962061021762403,-0.05,-2.006319001138299,1.0000012907993918,-0.000192953534723205,-0.0001969227734216822,-1.2023059919192876,0.23135191590977422,-0.029045923990486625,-551.2475993958318,1047.8597008419415,-497.62124366485176,-1.0091422187420567
5.36,0.0013822795907376477,0.08543010798143581,-0.05,-2.006319001138299,1.0000012907993918,-0.000192953534723205,-0.0001969227734216822,-1.2023059919192876,0.23135191590977422,-0.029045923990486625,-551.2475993958318,1047.8597008419415,-497.62124366485176,-1.0091422187420567
5.38,0.0014718329457239904,0.15417497718543838,-0.05,-2.006319001138299,1.0000012907993918,-0.000192953534723205,-0.0001969227734216822,-1.2023059919192876,0.23135191590977422,-0.029045923990486625,-551.2475993958318,1047.8597008419415,-497.62124366485176,-1.0091422187420567
5.4,0.0015233206103520008,0.1002458376903202,0.05,-2.006319001138299,1.0000012907993918,-0.000192953534723205,-0.0001969227734216822,-1.2023059919192876,0.23135191590977422,-0.029045923990486625,-551.2475993958318,1047.8597008419415,-497.62124366485176,-1.0091422187420567
5.42,0.0015341446464138832,0.01876439577855163,0.05,-2.006319001138299,1.0000012907993918,-0.000192953534723205,-0.0001969227734216822,-1.2023059919192876,0.23135191590977422,-0.029045923990486625,-551.2475993958318,1047.8597008419415,-497.62124366485176,-1.0091422187420567
5.44,0.0015310237574010619,-0.0521689601314102,0.05,-2.006319001138299,1.0000012907993918,-0.000192953534723205,-0.0001969227734216822,-1.2023059919192876,0.23135191590977422,-0.029045923990486625,-551.2475993958318,1047.8597008419415,-497.62124366485176,-1.0091422187420567
5.46,0.001543937293807421,-0.10439301290053035,0.05,-2.006319001138299,1.0000012907993918,-0.000192953534723205,-0.0001969227734216822,-1.2023059919192876,0.23135191590977422,-0.029045923990486625,-551.2475993958318,1047.8597008419415,-497.62124366485176,-1.0091422187420567
5.48,0.0015972051690291106,-0.1388592471704838,0.05,-2.006319001138299,1.0000012907993918,-0.000192953534723205,-0.0001969227734216822,-1.2023059919192876,0.23135191590977422,-0.029045923990486625,-551.2475993958318,1047.8597008419415,-497.62124366485176,-1.0091422187420567
5.5,0.001708219083672545,-0.05755723127829335,-0.05,-2.006319001138299,1.0000012907993918,-0.000192953534723205,-0.0001969227734216822,-1.2023059919192876,0.23135191590977422,-0.029045923990486625,-551.2475993958318,1047.8597008419415,-497.62124366485176,-1.0091422187420567
5.5200000000000005,0.0018684466195461812,0.04515486648443681,-0.05,-2.006319001138299,1.0000012907993918,-0.000192953534723205,-0.0001969227734216822,-1.2023059919192876,0.23135191590977422,-0.029045923990486625,-551.2475993958318,1047.8597008419415,-497.62124366485176,-1.0091422187420567
5.54,0.002042659691944984,0.13221719870733042,-0.05,-2.006319001138299,1.0000012907993918,-0.000192953534723205,-0.0001969227734216822,-1.2023059919192876,0.23135191590977422,-0.029045923990486625,-551.2475993958318,1047.8597008419415,-497.62124366485176,-1.0091422187420567
5.5600000000000005,0.0021945828939899017,0.1964206821427588,-0.05,-2.006319001138299,1.0000012907993918,-0.000192953534723205,-0.0001969227734216822,-1.2023059919192876,0.23135191590977422,-0.029045923990486625,-551.2475993958318,1047.8597008419415,-497.62124366485176,-1.0091422187420567
5.58,0.002295382468198313,0.23951769340698356,-0.05,-2.006319001138299,1.0000012907993918,-0.000192953534723205,-0.0001969227734216822,-1.2023059919192876,0.23135191590977422,-0.029045923990486625,-551.2475993958318,1047.8597008419415,-497.62124366485176,-1.0091422187420567
5.6000000000000005,0.0023245621361863275,0.164156096390559,0.05,-2.006319001138299,1.0000012907993918,-0.000192953534723205,-0.0001969227734216822,-1.2023059919192876,0.23135191590977422,-0.029045923990486625,-551.2475993958318,1047.8597008419415,-497.62124366485176,-1.0091422187420567
5.62,0.0022886525753444123,0.06523142221135572,0.05,-2.006319001138299,1.0000012907993918,-0.000192953534723205,-0.0001969227734216822,-1.2023059919192876,0.23135191590977422,-0.029045923990486625,-551.2475993958318,1047.8597008419415,-497.62124366485176,-1.0091422187420567
5.64,0.0022217352809144816,-0.019758857491260752,0.05,-2.006319001138299,1.0000012907993918,-0.000192953534723205,-0.0001969227734216822,-1.2023059919192876,0.23135191590977422,-0.029045923990486625,-551.2475993958318,1047.8597008419415,-497.62124366485176,-1.0091422187420567
5.66,0.002159595303681909,-0.08324965182832453,0.05,-2.006319001138299,1.0000012907993918,-0.000192953534723205,-0.0001969227734216822,-1.2023059919192876,0.23135191590977422,-0.029045923990486625,-551.2475993958318,1047.8597008419415,-497.62124366485176,-1.0091422187420567
5.68,0.002131073053250823,-0.1267040202187405,0.05,-2.006319001138299,1.0000012907993918,-0.000192953534723205,-0.0001969227734216822,-1.2023059919192876,0.23135191590977422,-0.029045923990486625,-551.2475993958318,1047.8597008419415,-497.62124366485176,-1.0091422187420567
5.7,0.002157041470967091,-0.05253497814857985,-0.05,-2.006319001138299,1.0000012907993918,-0.000192953534723205,-0.0001969227734216822,-1.2023059919192876,0.23135191590977422,-0.029045923990486625,-551.2475993958318,1047.8597008419415,-497.62124366485176,-1.0091422187420567
5.72,0.0022316156780681847,0.04455232463283101,-0.05,-2.006319001138299,1.0000012907993918,-0.000192953534723205,-0.0001969227734216822,-1.2023059919192876,0.23135191590977422,-0.029045923990486625,-551.2475993958318,1047.8597008419415,-497.62124366485176,-1.0091422187420567
5.74,0.0023215494139058896,0.12721453420249082,-0.05,-2.006319001138299,1.0000012907993918,-0.000192953534723205,-0.0001969227734216822,-1.2023059919192876,0.23135191590977422,-0.029045923990486625,-551.2475993958318,1047.8597008419415,-497.62124366485176,-1.0091422187420567
5.76,0.002392019689354429,0.18801112124504757,-0.05,-2.006319001138299,1.0000012907993918,-0.000192953534723205,-0.0001969227734216822,-1.2023059919192876,0.23135191590977422,-0.029045923990486625,-551.2475993958318,1047.8597008419415,-497.62124366485176,-1.0091422187420567
5.78,0.002415226079685056,0.22850559467994022,-0.05,-2.006319001138299,1.0000012907993918,-0.000192953534723205,-0.0001969227734216822,-1.2023059919192876,0.23135191590977422,-0.029045923990486625,-551.2475993958318,1047.8597008419415,-497.62124366485176,-1.0091422187420567
5.8,0.0023713756686732693,0.15119174529696375,0.05,-2.006319001138299,1.0000012907993918,-0.000192953534723205,-0.0001969227734216822,-1.2023059919192876,0.23135191590977422,-0.029045923990486625,-551.2475993958318,1047.8597008419415,-497.62124366485176,-1.0091422187420567
5.82,0.0022674443743280915,0.05083945483069005,0.05,-2.006319001138299,1.0000012907993918,-0.000192953534723205,-0.0001969227734216822,-1.2023059919192876,0.23135191590977422,-0.029045923990486625,-551.2475993958318,1047.8597008419415,-497.62124366485176,-1.0091422187420567
5.84,0.0021377586319008663,-0.03515623397232014,0.05,-2.006319001138299,1.0000012907993918,-0.000192953534723205,-0.0001969227734216822,-1.2023059919192876,0.23135191590977422,-0.029045923990486625,-551.2475993958318,1047.8597008419415,-497.62124366485176,-1.0091422187420567
5.86,0.0020181945438173237,-0.09931369664118163,0.05,-2.006319001138299,1.0000012907993918,-0.000192953534723205,-0.0001969227734216822,-1.2023059919192876,0.23135191590977422,-0.029045923990486625,-551.2475993958318,1047.8597008419415,-497.62124366485176,-1.0091422187420567
5.88,0.0019375668287108737,-0.14316398132966543,0.05,-2.006319001138299,1.0000012907993918,-0.000192953534723205,-0.0001969227734216822,-1.2023059919192876,0.23135191590977422,-0.029045923990486625,-551.2475993958318,1047.8597008419415,-497.62124366485176,-1.0091422187420567
5.9,0.0019166356399742904,-0.06917545613823639,-0.05,-2.006319001138299,1.0000012907993918,-0.000192953534723205,-0.0001969227734216822,-1.2023059919192876,0.23135191590977422,-0.029045923990486625,-551.2475993958318,1047.8597008419415,-497.62124366485176,-1.0091422187420567
5.92,0.0019493397791756854,0.027901689152188824,-0.05,-2.006319001138299,1.0000012907993918,-0.000192953534723205,-0.0001969227734216822,-1.2023059919192876,0.23135191590977422,-0.029045923990486625,-551.2475993958318,1047.8597008419415,-497.62124366485176,-1.0091422187420567
5.94,0.0020022117966229437,0.11068748252155439,-0.05,-2.006319001138299,1.0000012907993918,-0.000192953534723205,-0.0001969227734216822,-1.2023059919192876,0.23135191590977422,-0.029045923990486625,-551.2475993958318,1047.8597008419415,-497.62124366485176,-1.0091422187420567
5.96,0.0020401773606338477,0.171711663518134,-0.05,-2.006319001138299,1.0000012907993918,-0.000192953534723205,-0.0001969227734216822,-1.2023059919192876,0.23135191590977422,-0.029045923990486625,-551.2475993958318,1047.8597008419415,-497.62124366485176,-1.0091422187420567
5.98,0.002035166064497233,0.2125136350247367,-0.05,-2.006319001138299,1.0000012907993918,-0.000192953534723205,-0.0001969227734216822,-1.2023059919192876,0.23135191590977422,-0.029045923990486625,-551.2475993958318,1047.8597008419415,-497.62124366485176,-1.0091422187420567
6.0,0.001967105304377681,0.23648189434168904,-0.05,-2.006319001138299,1.0000012907993918,-0.000192953534723205,-0.0001969227734216822,-1.2023059919192876,0.23135191590977422,-0.029045923990486625,-551.2475993958318,1047.8597008419415,-497.62124366485176,-1.0091422187420567
6.0200000000000005,0.0018228263286945935,0.1460087050354724,0.05,-2.006319001138299,1.0000012907993918,-0.000192953534723205,-0.0001969227734216822,-1.2023059919192876,0.23135191590977422,-0.029045923990486625,-551.2475993958318,1047.8597008419415,-497.62124366485176,-1.0091422187420567
6.04,0.001614527312119972,0.035363587031925714,0.05,-2.006319001138299,1.0000012907993918,-0.000192953534723205,-0.0001969227734216822,-1.2023059919192876,0.23135191590977422,-0.029045923990486625,-551.2475993958318,1047.8597008419415,-497.62124366485176,-1.0091422187420567
6.0600000000000005,0.0013805057856109547,-0.05857031821318867,0.05,-2.006319001138299,1.0000012907993918,-0.000192953534723205,-0.0001969227734216822,-1.2023059919192876,0.23135191590977422,-0.029045923990486625,-551.2475993958318,1047.8597008419415,-497.62124366485176,-1.0091422187420567
6.08,0.0011595815258357192,-0.12875378945046517,0.05,-2.006319001138299,1.0000012907993918,-0.000192953534723205,-0.0001969227734216822,-1.2023059919192876,0.23135191590977422,-0.029045923990486625,-551.2475993958318,1047.8597008419415,-497.62124366485176,-1.0091422187420567
6.1000000000000005,0.0009826915008589632,-0.17708445412730667,0.05,-2.006319001138299,1.0000012907993918,-0.000192953534723205,-0.0001969227734216822,-1.2023059919192876,0.23135191590977422,-0.029045923990486625,-551.2475993958318,1047.8597008419415,-497.62124366485176,-1.0091422187420567
6.12,0.0008720690216334147,-0.10633084888676722,-0.05,-2.006319001138299,1.0000012907993918,-0.000192953534723205,-0.0001969227734216822,-1.2023059919192876,0.23135191590977422,-0.029045923990486625,-551.2475993958318,1047.8597008419415,-497.62124366485176,-1.0091422187420567
6.140000000000001,0.0008226172579917868,-0.011488079483441632,-0.05,-2.006319001138299,1.0000012907993918,-0.000192953534723205,-0.0001969227734216822,-1.2023059919192876,0.23135191590977422,-0.029045923990486625,-551.2475993958318,1047.8597008419415,-497.62124366485176,-1.0091422187420567
6.16,0.0008014375760302211,0.06986432524669595,-0.05,-2.006319001138299,1.0000012907993918,-0.000192953534723205,-0.0001969227734216822,-1.2023059919192876,0.23135191590977422,-0.029045923990486625,-551.2475993958318,1047.8597008419415,-497.62124366485176,-1.0091422187420567
6.18,0.0007737199398462672,0.13009366301107933,-0.05,-2.006319001138299,1.0000012907993918,-0.000192953534723205,-0.0001969227734216822,-1.2023059919192876,0.23135191590977422,-0.029045923990486625,-551.2475993958318,1047.8597008419415,-497.62124366485176,-1.0091422187420567
6.2,0.0007114266182502516,0.17060720816090702,-0.05,-2.006319001138299,1.0000012907993918,-0.000192953534723205,-0.0001969227734216822,-1.2023059919192876,0.23135191590977422,-0.029045923990486625,-551.2475993958318,1047.8597008419415,-497.62124366485176,-1.0091422187420567
6.22,0.0005943442526768509,0.09377185124152004,0.05,-2.006319001138299,1.0000012907993918,-0.000192953534723205,-0.0001969227734216822,-1.2023059919192876,0.23135191590977422,-0.029045923990486625,-551.2475993958318,1047.8597008419415,-497.62124366485176,-1.0091422187420567
6.24,0.0004288983788008725,-0.005745456703016225,0.05,-2.006319001138299,1.0000012907993918,-0.000192953534723205,-0.0001969227734216822,-1.2023059919192876,0.23135191590977422,-0.029045923990486625,-551.2475993958318,1047.8597008419415,-497.62124366485176,-1.0091422187420567
6.26,0.0002487769404589987,-0.09063307090681497,0.05,-2.006319001138299,1.0000012907993918,-0.000192953534723205,-0.0001969227734216822,-1.2023059919192876,0.23135191590977422,-0.029045923990486625,-551.2475993958318,1047.8597008419415,-497.62124366485176,-1.0091422187420567
6.28,8.916207772959062e-05,-0.1534768871102139,0.05,-2.006319001138299,1.0000012907993918,-0.000192953534723205,-0.0001969227734216822,-1.2023059919192876,0.23135191590977422,-0.029045923990486625,-551.2475993958318,1047.8597008419415,-497.62124366485176,-1.0091422187420567
6.3,-2.1855534278828265e-05,-0.19586250782498993,0.05,-2.006319001138299,1.0000012907993918,-0.000192953534723205,-0.0001969227734216822,-1.2023059919192876,0.23135191590977422,-0.029045923990486625,-551.2475993958318,1047.8597008419415,-497.62124366485176,-1.0091422187420567
6.32,-6.425030659552656e-05,-0.12030225487352386,-0.05,-2.006319001138299,1.0000012907993918,-0.000192953534723205,-0.0001969227734216822,-1.2023059919192876,0.23135191590977422,-0.029045923990486625,-551.2475993958318,1047.8597008419415,-497.62124366485176,-1.0091422187420567
6.34,-4.4813698764782296e-05,-0.021581637460564462,-0.05,-2.006319001138299,1.0000012907993918,-0.000192953534723205,-0.0001969227734216822,-1.2023059919192876,0.23135191590977422,-0.029045923990486625,-551.2475993958318,1047.8597008419415,-497.62124366485176,-1.0091422187420567
6.36,2.271972543014207e-06,0.06289109945882293,-0.05,-2.006319001138299,1.0000012907993918,-0.000192953534723205,-0.0001969227734216822,-1.2023059919192876,0.23135191590977422,-0.029045923990486625,-551.2475993958318,1047.8597008419415,-497.62124366485176,-1.0091422187420567
6.38,4.124104677818028e-05,0.12562319073011485,-0.05,-2.006319001138299,1.0000012907993918,-0.000192953534723205,-0.0001969227734216822,-1.2023059919192876,0.23135191590977422,-0.029045923990486625,-551.2475993958318,1047.8597008419415,-497.62124366485176,-1.0091422187420567
6.4,4.336106795354518e-05,0.1681362264008647,-0.05,-2.006319001138299,1.0000012907993918,-0.000192953534723205,-0.0001969227734216822,-1.2023059919192876,0.23135191590977422,-0.029045923990486625,-551.2475993958318,1047.8597008419415,-497.62124366485176,-1.0091422187420567
6.42,-1.2069481281625375e-05,0.09289047847116327,0.05,-2.006319001138299,1.0000012907993918,-0.000192953534723205,-0.0001969227734216822,-1.2023059919192876,0.23135191590977422,-0.029045923990486625,-551.2475993958318,1047.8597008419415,-497.62124366485176,-1.0091422187420567
6.44,-0.00011895055009812411,-0.005370822122907792,0.05,-2.006319001138299,1.0000012907993918,-0.000192953534723205,-0.0001969227734216822,-1.2023059919192876,0.23135191590977422,-0.029045923990486625,-551.2475993958318,1047.8597008419415,-497.62124366485176,-1.0091422187420567
6.46,-0.00024379241632497065,-0.08927372736399664,0.05,-2.006319001138299,1.0000012907993918,-0.000192953534723205,-0.0001969227734216822,-1.2023059919192876,0.23135191590977422,-0.029045923990486625,-551.2475993958318,1047.8597008419415,-497.62124366485176,-1.0091422187420567
6.48,-0.00035151240841614704,-0.1513532520364234,0.05,-2.006319001138299,1.0000012907993918,-0.000192953534723205,-0.0001969227734216822,-1.2023059919192876,0.23135191590977422,-0.029045923990486625,-551.2475993958318,1047.8597008419415,-497.62124366485176,-1.0091422187420567
6.5,-0.0004140434565749445,-0.19315344514705324,0.05,-2.006319001138299,1.0000012907993918,-0.000192953534723205,-0.0001969227734216822,-1.2023059919192876,0.23135191590977422,-0.029045923990486625,-551.2475993958318,1047.8597008419415,-497.62124366485176,-1.0091422187420567
6.5200000000000005,-0.00041132604862895416,-0.117152692757783,-0.05,-2.006319001138299,1.0000012907993918,-0.000192953534723205,-0.0001969227734216822,-1.2023059919192876,0.23135191590977422,-0.029045923990486625,-551.2475993958318,1047.8597008419415,-497.62124366485176,-1.0091422187420567
6.54,-0.00035007483646253923,-0.01810879172622501,-0.05,-2.006319001138299,1.0000012907993918,-0.000192953534723205,-0.0001969227734216822,-1.2023059919192876,0.23135191590977422,-0.029045923990486625,-551.2475993958318,1047.8597008419415,-497.62124366485176,-1.0091422187420567
6.5600000000000005,-0.0002643641049075148,0.0665926371162475,-0.05,-2.006319001138299,1.0000012907993918,-0.000192953534723205,-0.0001969227734216822,-1.2023059919192876,0.23135191590977422,-0.029045923990486625,-551.2475993958318,1047.8597008419415,-497.62124366485176,-1.0091422187420567
6.58,-0.0001898295027361198,0.129477291718911,-0.05,-2.006319001138299,1.0000012907993918,-0.000192953534723205,-0.0001969227734216822,-1.2023059919192876,0.23135191590977422,-0.029045923990486625,-551.2475993958318,1047.8597008419415,-497.62124366485176,-1.0091422187420567
6.6000000000000005,-0.00015505877807086579,0.17208182592466975,-0.05,-2.006319001138299,1.0000012907993918,-0.000192953534723205,-0.0001969227734216822,-1.2023059919192876,0.23135191590977422,-0.029045923990486625,-551.2475993958318,1047.8597008419415,-497.62124366485176,-1.0091422187420567
6.62,-0.000180599747708519,0.0968787988331773,0.05,-2.006319001138299,1.0000012907993918,-0.000192953534723205,-0.0001969227734216822,-1.2023059919192876,0.23135191590977422,-0.029045923990486625,-551.2475993958318,1047.8597008419415,-497.62124366485176,-1.0091422187420567
6.640000000000001,-0.0002601941006912202,-0.0013785409189837061,0.05,-2.006319001138299,1.0000012907993918,-0.000192953534723205,-0.0001969227734216822,-1.2023059919192876,0.23135191590977422,-0.029045923990486625,-551.2475993958318,1047.8597008419415,-497.62124366485176,-1.0091422187420567
6.66,-0.0003601927080915317,-0.08530808323371605,0.05,-2.006319001138299,1.0000012907993918,-0.000192953534723205,-0.0001969227734216822,-1.2023059919192876,0.23135191590977422,-0.029045923990486625,-551.2475993958318,1047.8597008419415,-497.62124366485176,-1.0091422187420567
6.68,-0.00044535493840023004,-0.1474381975643708,0.05,-2.006319001138299,1.0000012907993918,-0.000192953534723205,-0.0001969227734216822,-1.2023059919192876,0.23135191590977422,-0.029045923990486625,-551.2475993958318,1047.8597008419415,-497.62124366485176,-1.0091422187420567
6.7,-0.00048745914637438644,-0.18930752688395988,0.05,-2.006319001138299,1.0000012907993918,-0.000192953534723205,-0.0001969227734216822,-1.2023059919192876,0.23135191590977422,-0.029045923990486625,-551.2475993958318,1047.8597008419415,-497.62124366485176,-1.0091422187420567
6.72,-0.0004662960451651937,-0.11339006409903993,-0.05,-2.006319001138299,1.0000012907993918,-0.000192953534723205,-0.0001969227734216822,-1.2023059919192876,0.23135191590977422,-0.029045923990486625,-551.2475993958318,1047.8597008419415,-497.62124366485176,-1.0091422187420567
6.74,-0.0003884363154965814,-0.014440040891990191,-0.05,-2.006319001138299,1.0000012907993918,-0.000192953534723205,-0.0001969227734216822,-1.2023059919192876,0.23135191590977422,-0.029045923990486625,-551.2475993958318,1047.8597008419415,-497.62124366485176,-1.0091422187420567
6.76,-0.0002878167522348937,0.07015980949274817,-0.05,-2.006319001138299,1.0000012907993918,-0.000192953534723205,-0.0001969227734216822,-1.2023059919192876,0.23135191590977422,-0.029045923990486625,-551.2475993958318,1047.8597008419415,-497.62124366485176,-1.0091422187420567
6.78,-0.00019994241699675862,0.13293751833051975,-0.05,-2.006319001138299,1.0000012907993918,-0.000192953534723205,-0.0001969227734216822,-1.2023059919192876,0.23135191590977422,-0.029045923990486625,-551.2475993958318,1047.8597008419415,-497.62124366485176,-1.0091422187420567
6.8,-0.00015327759405796355,0.17543162040009724,-0.05,-2.006319001138299,1.0000012907993918,-0.000192953534723205,-0.0001969227734216822,-1.2023059919192876,0.23135191590977422,-0.029045923990486625,-551.2475993958318,1047.8597008419415,-497.62124366485176,-1.0091422187420567
6.82,-0.0001682538259499803,0.100116186377677,0.05,-2.006319001138299,1.0000012907993918,-0.000192953534723205,-0.0001969227734216822,-1.2023059919192876,0.23135191590977422,-0.029045923990486625,-551.2475993958318,1047.8597008419415,-497.62124366485176,-1.0091422187420567
6.84,-0.00023850366620699798,0.0017456746957457692,0.05,-2.006319001138299,1.0000012907993918,-0.000192953534723205,-0.0001969227734216822,-1.2023059919192876,0.23135191590977422,-0.029045923990486625,-551.2475993958318,1047.8597008419415,-497.62124366485176,-1.0091422187420567
6.86,-0.00033027585034701426,-0.08229684125228844,0.05,-2.006319001138299,1.0000012907993918,-0.000192953534723205,-0.0001969227734216822,-1.2023059919192876,0.23135191590977422,-0.029045923990486625,-551.2475993958318,1047.8597008419415,-497.62124366485176,-1.0091422187420567
6.88,-0.00040823440775841703,-0.14453896886065154,0.05,-2.006319001138299,1.0000012907993918,-0.000192953534723205,-0.0001969227734216822,-1.2023059919192876,0.23135191590977422,-0.029045923990486625,-551.2475993958318,1047.8597008419415,-497.62124366485176,-1.0091422187420567
6.9,-0.0004440689010738447,-0.1865187533308629,0.05,-2.006319001138299,1.0000012907993918,-0.000192953534723205,-0.0001969227734216822,-1.2023059919192876,0.23135191590977422,-0.029045923990486625,-551.2475993958318,1047.8597008419415,-497.62124366485176,-1.0091422187420567
6.92,-0.0004174875175677952,-0.11070972392409667,-0.05,-2.006319001138299,1.0000012907993918,-0.000192953534723205,-0.0001969227734216822,-1.2023059919192876,0.23135191590977422,-0.029045923990486625,-551.2475993958318,1047.8597008419415,-497.62124366485176,-1.0091422187420567
6.94,-0.0003349843781479959,-0.011865758318165012,-0.05,-2.006319001138299,1.0000012907993918,-0.000192953534723205,-0.0001969227734216822,-1.2023059919192876,0.23135191590977422,-0.029045923990486625,-551.2475993958318,1047.8597008419415,-497.62124366485176,-1.0091422187420567
6.96,-0.00023042537187225774,0.0726306753019113,-0.05,-2.006319001138299,1.0000012907993918,-0.000192953534723205,-0.0001969227734216822,-1.2023059919192876,0.23135191590977422,-0.029045923990486625,-551.2475993958318,1047.8597008419415,-497.62124366485176,-1.0091422187420567
6.98,-0.00013924999135348515,0.13530780166891312,-0.05,-2.006319001138299,1.0000012907993918,-0.000192953534723205,-0.0001969227734216822,-1.2023059919192876,0.23135191590977422,-0.029045923990486625,-551.2475993958318,1047.8597008419415,-497.62124366485176,-1.0091422187420567
7.0,-8.986197349338288e-05,0.17770429083164468,-0.05,-2.006319001138299,1.0000012907993918,-0.000192953534723205,-0.0001969227734216822,-1.2023059919192876,0.23135191590977422,-0.029045923990486625,-551.2475993958318,1047.8597008419415,-497.62124366485176,-1.0091422187420567
7.0200000000000005,-0.00010263702590453314,0.10229430128530534,0.05,-2.006319001138299,1.0000012907993918,-0.000192953534723205,-0.0001969227734216822,-1.2023059919192876,0.23135191590977422,-0.029045923990486625,-551.2475993958318,1047.8597008419415,-497.62124366485176,-1.0091422187420567
7.04,-0.0001711562787154921,0.003832340898959688,0.05,-2.006319001138299,1.0000012907993918,-0.000192953534723205,-0.0001969227734216822,-1.2023059919192876,0.23135191590977422,-0.029045923990486625,-551.2475993958318,1047.8597008419415,-497.62124366485176,-1.0091422187420567
7.0600000000000005,-0.00026162116466132155,-0.08029849821126908,0.05,-2.006319001138299,1.0000012907993918,-0.000192953534723205,-0.0001969227734216822,-1.2023059919192876,0.23135191590977422,-0.029045923990486625,-551.2475993958318,1047.8597008419415,-497.62124366485176,-1.0091422187420567
7.08,-0.0003386522519699185,-0.14262582925616102,0.05,-2.006319001138299,1.0000012907993918,-0.000192953534723205,-0.0001969227734216822,-1.2023059919192876,0.23135191590977422,-0.029045923990486625,-551.2475993958318,1047.8597008419415,-497.62124366485176,-1.0091422187420567
7.1000000000000005,-0.0003738992178979329,-0.08377350106310508,-0.05,-2.006319001138299,1.0000012907993918,-0.000192953534723205,-0.0001969227734216822,-1.2023059919192876,0.23135191590977422,-0.029045923990486625,-551.2475993958318,1047.8597008419415,-497.62124366485176,-1.0091422187420567
7.12,-0.00036689588333326065,0.0014230363266304058,-0.05,-2.006319001138299,1.0000012907993918,-0.000192953534723205,-0.0001969227734216822,-1.2023059919192876,0.23135191590977422,-0.029045923990486625,-551.2475993958318,1047.8597008419415,-497.62124366485176,-1.0091422187420567
7.140000000000001,-0.0003459510429651217,0.07509703180813167,-0.05,-2.006319001138299,1.0000012907993918,-0.000192953534723205,-0.0001969227734216822,-1.2023059919192876,0.23135191590977422,-0.029045923990486625,-551.2475993958318,1047.8597008419415,-497.62124366485176,-1.0091422187420567
7.16,-0.000342204590140583,0.12927773314084945,-0.05,-2.006319001138299,1.0000012907993918,-0.000192953534723205,-0.0001969227734216822,-1.2023059919192876,0.23135191590977422,-0.029045923990486625,-551.2475993958318,1047.8597008419415,-497.62124366485176,-1.0091422187420567
7.18,-0.0003807980650078506,0.1650717873449578,-0.05,-2.006319001138299,1.0000012907993918,-0.000192953534723205,-0.0001969227734216822,-1.2023059919192876,0.23135191590977422,-0.029045923990486625,-551.2475993958318,1047.8597008419415,-497.62124366485176,-1.0091422187420567
7.2,-0.0004796789835273698,0.1855093059866176,-0.05,-2.006319001138299,1.0000012907993918,-0.000192953534723205,-0.0001969227734216822,-1.2023059919192876,0.23135191590977422,-0.029045923990486625,-551.2475993958318,1047.8597008419415,-497.62124366485176,-1.0091422187420567
7.22,-0.0006505259345229909,0.09268936588721252,0.05,-2.006319001138299,1.0000012907993918,-0.000192953534723205,-0.0001969227734216822,-1.2023059919192876,0.23135191590977422,-0.029045923990486625,-551.2475993958318,1047.8597008419415,-497.62124366485176,-1.0091422187420567
7.24,-0.0008801480233336439,-0.019357427893862883,0.05,-2.006319001138299,1.0000012907993918,-0.000192953534723205,-0.0001969227734216822,-1.2023059919192876,0.23135191590977422,-0.029045923990486625,-551.2475993958318,1047.8597008419415,-497.62124366485176,-1.0091422187420567
7.26,-0.0011296416143372527,-0.11394234389088827,0.05,-2.006319001138299,1.0000012907993918,-0.000192953534723205,-0.0001969227734216822,-1.2023059919192876,0.23135191590977422,-0.029045923990486625,-551.2475993958318,1047.8597008419415,-497.62124366485176,-1.0091422187420567
7.28,-0.0013598784813001145,-0.18418422563297407,0.05,-2.006319001138299,1.0000012907993918,-0.000192953534723205,-0.0001969227734216822,-1.2023059919192876,0.23135191590977422,-0.029045923990486625,-551.2475993958318,1047.8597008419415,-497.62124366485176,-1.0091422187420567
7.3,-0.001539839583944796,-0.23210906437927867,0.05,-2.006319001138299,1.0000012907993918,-0.000192953534723205,-0.0001969227734216822,-1.2023059919192876,0.23135191590977422,-0.029045923990486625,-551.2475993958318,1047.8597008419415,-497.62124366485176,-1.0091422187420567
7.32,-0.0016473790078592276,-0.16058949382243504,-0.05,-2.006319001138299,1.0000012907993918,-0.000192953534723205,-0.0001969227734216822,-1.2023059919192876,0.23135191590977422,-0.029045923990486625,-551.2475993958318,1047.8597008419415,-497.62124366485176,-1.0091422187420567
7.34,-0.0016878051853397764,-0.06470489512340824,-0.05,-2.006319001138299,1.0000012907993918,-0.000192953534723205,-0.0001969227734216822,-1.2023059919192876,0.23135191590977422,-0.029045923990486625,-551.2475993958318,1047.8597008419415,-497.62124366485176,-1.0091422187420567
7.36,-0.0016943167696102472,0.017897086700645666,-0.05,-2.006319001138299,1.0000012907993918,-0.000192953534723205,-0.0001969227734216822,-1.2023059919192876,0.23135191590977422,-0.029045923990486625,-551.2475993958318,1047.8597008419415,-497.62124366485176,-1.0091422187420567
7.38,-0.0017020841263649569,0.07952877605357153,-0.05,-2.006319001138299,1.0000012907993918,-0.000192953534723205,-0.0001969227734216822,-1.2023059919192876,0.23135191590977422,-0.029045923990486625,-551.2475993958318,1047.8597008419415,-497.62124366485176,-1.0091422187420567
7.4,-0.0017395436437034788,0.12155318392246925,-0.05,-2.006319001138299,1.0000012907993918,-0.000192953534723205,-0.0001969227734216822,-1.2023059919192876,0.23135191590977422,-0.029045923990486625,-551.2475993958318,1047.8597008419415,-497.62124366485176,-1.0091422187420567
7.42,-0.0018273285938985142,0.04630167475453306,0.05,-2.006319001138299,1.0000012907993918,-0.000192953534723205,-0.0001969227734216822,-1.2023059919192876,0.23135191590977422,-0.029045923990486625,-551.2475993958318,1047.8597008419415,-497.62124366485176,-1.0091422187420567
7.44,-0.0019594415305909116,-0.05158722268624234,0.05,-2.006319001138299,1.0000012907993918,-0.000192953534723205,-0.0001969227734216822,-1.2023059919192876,0.23135191590977422,-0.029045923990486625,-551.2475993958318,1047.8597008419415,-497.62124366485176,-1.0091422187420567
7.46,-0.002102620855393568,-0.13482450489569472,0.05,-2.006319001138299,1.0000012907993918,-0.000192953534723205,-0.0001969227734216822,-1.2023059919192876,0.23135191590977422,-0.029045923990486625,-551.2475993958318,1047.8597008419415,-497.62124366485176,-1.0091422187420567
7.48,-0.002222101588050446,-0.1960139801512221,0.05,-2.006319001138299,1.0000012907993918,-0.000192953534723205,-0.0001969227734216822,-1.2023059919192876,0.23135191590977422,-0.029045923990486625,-551.2475993958318,1047.8597008419415,-497.62124366485176,-1.0091422187420567
7.5,-0.002290195598111735,-0.23675531013033752,0.05,-2.006319001138299,1.0000012907993918,-0.000192953534723205,-0.0001969227734216822,-1.2023059919192876,0.23135191590977422,-0.029045923990486625,-551.2475993958318,1047.8597008419415,-497.62124366485176,-1.0091422187420567
7.5200000000000005,-0.0022872613989004865,-0.15957174634253676,-0.05,-2.006319001138299,1.0000012907993918,-0.000192953534723205,-0.0001969227734216822,-1.2023059919192876,0.23135191590977422,-0.029045923990486625,-551.2475993958318,1047.8597008419415,-497.62124366485176,-1.0091422187420567
7.54,-0.002220453494885291,-0.05925716359418057,-0.05,-2.006319001138299,1.0000012907993918,-0.000192953534723205,-0.0001969227734216822,-1.2023059919192876,0.23135191590977422,-0.029045923990486625,-551.2475993958318,1047.8597008419415,-497.62124366485176,-1.0091422187420567
7.5600000000000005,-0.002124294639443784,0.026773873156358652,-0.05,-2.006319001138299,1.0000012907993918,-0.000192953534723205,-0.0001969227734216822,-1.2023059919192876,0.23135191590977422,-0.029045923990486625,-551.2475993958318,1047.8597008419415,-497.62124366485176,-1.0091422187420567
7.58,-0.0020348676248207287,0.09102387106567189,-0.05,-2.006319001138299,1.0000012907993918,-0.000192953534723205,-0.0001969227734216822,-1.2023059919192876,0.23135191590977422,-0.029045923990486625,-551.2475993958318,1047.8597008419415,-497.62124366485176,-1.0091422187420567
7.6000000000000005,-0.0019811985443205318,0.03409676745594367,0.05,-2.006319001138299,1.0000012907993918,-0.000192953534723205,-0.0001969227734216822,-1.2023059919192876,0.23135191590977422,-0.029045923990486625,-551.2475993958318,1047.8597008419415,-497.62124366485176,-1.0091422187420567
7.62,-0.0019643971056044905,-0.04918767112070718,0.05,-2.006319001138299,1.0000012907993918,-0.000192953534723205,-0.0001969227734216822,-1.2023059919192876,0.23135191590977422,-0.029045923990486625,-551.2475993958318,1047.8597008419415,-497.62124366485176,-1.0091422187420567
7.640000000000001,-0.0019567627624102624,-0.12097491821514691,0.05,-2.006319001138299,1.0000012907993918,-0.000192953534723205,-0.0001969227734216822,-1.2023059919192876,0.23135191590977422,-0.029045923990486625,-551.2475993958318,1047.8597008419415,-497.62124366485176,-1.0091422187420567
7.66,-0.0019277268012571581,-0.1733036052990449,0.05,-2.006319001138299,1.0000012907993918,-0.000192953534723205,-0.0001969227734216822,-1.2023059919192876,0.23135191590977422,-0.029045923990486625,-551.2475993958318,1047.8597008419415,-497.62124366485176,-1.0091422187420567
7.68,-0.0018526810494417598,-0.2072874673281659,0.05,-2.006319001138299,1.0000012907993918,-0.000192953534723205,-0.0001969227734216822,-1.2023059919192876,0.23135191590977422,-0.029045923990486625,-551.2475993958318,1047.8597008419415,-497.62124366485176,-1.0091422187420567
7.7,-0.0017141735904863628,-0.22596185688217554,0.05,-2.006319001138299,1.0000012907993918,-0.000192953534723205,-0.0001969227734216822,-1.2023059919192876,0.23135191590977422,-0.029045923990486625,-551.2475993958318,1047.8597008419415,-497.62124366485176,-1.0091422187420567
7.72,-0.0015009842990143748,-0.1314296079557066,-0.05,-2.006319001138299,1.0000012907993918,-0.000192953534723205,-0.0001969227734216822,-1.2023059919192876,0.23135191590977422,-0.029045923990486625,-551.2475993958318,1047.8597008419415,-497.62124366485176,-1.0091422187420567
7.74,-0.0012267264446219873,-0.017723884866487183,-0.05,-2.006319001138299,1.0000012907993918,-0.000192953534723205,-0.0001969227734216822,-1.2023059919192876,0.23135191590977422,-0.029045923990486625,-551.2475993958318,1047.8597008419415,-497.62124366485176,-1.0091422187420567
7.76,-0.000930691355138263,0.07846495503123632,-0.05,-2.006319001138299,1.0000012907993918,-0.000192953534723205,-0.0001969227734216822,-1.2023059919192876,0.23135191590977422,-0.029045923990486625,-551.2475993958318,1047.8597008419415,-497.62124366485176,-1.0091422187420567
7.78,-0.0006523618905566632,0.15025485670060018,-0.05,-2.006319001138299,1.0000012907993918,-0.000192953534723205,-0.0001969227734216822,-1.2023059919192876,0.23135191590977422,-0.029045923990486625,-551.2475993958318,1047.8597008419415,-497.62124366485176,-1.0091422187420567
7.8,-0.00042308035313669084,0.19967151802152752,-0.05,-2.006319001138299,1.0000012907993918,-0.000192953534723205,-0.0001969227734216822,-1.2023059919192876,0.23135191590977422,-0.029045923990486625,-551.2475993958318,1047.8597008419415,-497.62124366485176,-1.0091422187420567
7.82,-0.0002652862834094555,0.12958777983257203,0.05,-2.006319001138299,1.0000012907993918,-0.000192953534723205,-0.0001969227734216822,-1.2023059919192876,0.23135191590977422,-0.029045923990486625,-551.2475993958318,1047.8597008419415,-497.62124366485176,-1.0091422187420567
7.84,-0.0001739369834920148,0.035083645611881875,0.05,-2.006319001138299,1.0000012907993918,-0.000192953534723205,-0.0001969227734216822,-1.2023059919192876,0.23135191590977422,-0.029045923990486625,-551.2475993958318,1047.8597008419415,-497.62124366485176,-1.0091422187420567
7.86,-0.00011607343200302947,-0.04619230654225816,0.05,-2.006319001138299,1.0000012907993918,-0.000192953534723205,-0.0001969227734216822,-1.2023059919192876,0.23135191590977422,-0.029045923990486625,-551.2475993958318,1047.8597008419415,-497.62124366485176,-1.0091422187420567
7.88,-5.674062252298728e-05,-0.10655126796396705,0.05,-2.006319001138299,1.0000012907993918,-0.000192953534723205,-0.0001969227734216822,-1.2023059919192876,0.23135191590977422,-0.029045923990486625,-551.2475993958318,1047.8597008419415,-497.62124366485176,-1.0091422187420567
7.9,3.2304989325518746e-05,-0.04644074749304944,-0.05,-2.006319001138299,1.0000012907993918,-0.000192953534723205,-0.0001969227734216822,-1.2023059919192876,0.23135191590977422,-0.029045923990486625,-551.2475993958318,1047.8597008419415,-497.62124366485176,-1.0091422187420567
7.92,0.0001516624838373249,0.03944740825549418,-0.05,-2.006319001138299,1.0000012907993918,-0.000192953534723205,-0.0001969227734216822,-1.2023059919192876,0.23135191590977422,-0.029045923990486625,-551.2475993958318,1047.8597008419415,-497.62124366485176,-1.0091422187420567
7.94,0.00027333349500884246,0.11336331910691384,-0.05,-2.006319001138299,1.0000012907993918,-0.000192953534723205,-0.0001969227734216822,-1.2023059919192876,0.23135191590977422,-0.029045923990486625,-551.2475993958318,1047.8597008419415,-497.62124366485176,-1.0091422187420567
7.96,0.0003666167402063276,0.167431278315321,-0.05,-2.006319001138299,1.0000012907993918,-0.000192953534723205,-0.0001969227734216822,-1.2023059919192876,0.23135191590977422,-0.029045923990486625,-551.2475993958318,1047.8597008419415,-497.62124366485176,-1.0091422187420567
7.98,0.00040689847297576667,0.20283515787388595,-0.05,-2.006319001138299,1.0000012907993918,-0.000192953534723205,-0.0001969227734216822,-1.2023059919192876,0.23135191590977422,-0.029045923990486625,-551.2475993958318,1047.8597008419415,-497.62124366485176,-1.0091422187420567
8.0,0.000376817505462386,0.22266774329025005,-0.05,-2.006319001138299,1.0000012907993918,-0.000192953534723205,-0.0001969227734216822,-1.2023059919192876,0.23135191590977422,-0.029045923990486625,-551.2475993958318,1047.8597008419415,-497.62124366485176,-1.0091422187420567
8.02,0.0002653161946449787,0.1290789058240917,0.05,-2.006319001138299,1.0000012907993918,-0.000192953534723205,-0.0001969227734216822,-1.2023059919192876,0.23135191590977422,-0.029045923990486625,-551.2475993958318,1047.8597008419415,-497.62124366485176,-1.0091422187420567
8.040000000000001,8.62225045475758e-05,0.0161403525217034,0.05,-2.006319001138299,1.0000012907993918,-0.000192953534723205,-0.0001969227734216822,-1.2023059919192876,0.23135191590977422,-0.029045923990486625,-551.2475993958318,1047.8597008419415,-497.62124366485176,-1.0091422187420567
8.06,-0.00012092087345013228,-0.07942598449140653,0.05,-2.006319001138299,1.0000012907993918,-0.000192953534723205,-0.0001969227734216822,-1.2023059919192876,0.23135191590977422,-0.029045923990486625,-551.2475993958318,1047.8597008419415,-497.62124366485176,-1.0091422187420567
8.08,-0.0003163553386935447,-0.15071219418422976,0.05,-2.006319001138299,1.0000012907993918,-0.000192953534723205,-0.0001969227734216822,-1.2023059919192876,0.23135191590977422,-0.029045923990486625,-551.2475993958318,1047.8597008419415,-497.62124366485176,-1.0091422187420567
8.1,-0.00046844806852533775,-0.19972277800680618,0.05,-2.006319001138299,1.0000012907993918,-0.000192953534723205,-0.0001969227734216822,-1.2023059919192876,0.23135191590977422,-0.029045923990486625,-551.2475993958318,1047.8597008419415,-497.62124366485176,-1.0091422187420567
8.120000000000001,-0.0005544616729920559,-0.12931317834578432,-0.05,-2.006319001138299,1.0000012907993918,-0.000192953534723205,-0.0001969227734216822,-1.2023059919192876,0.23135191590977422,-0.029045923990486625,-551.2475993958318,1047.8597008419415,-497.62124366485176,-1.0091422187420567
8.14,-0.0005791394125367733,-0.03454910435478534,-0.05,-2.006319001138299,1.0000012907993918,-0.000192953534723205,-0.0001969227734216822,-1.2023059919192876,0.23135191590977422,-0.029045923990486625,-551.2475993958318,1047.8597008419415,-497.62124366485176,-1.0091422187420567
8.16,-0.0005751436646592374,0.04693261452605846,-0.05,-2.006319001138299,1.0000012907993918,-0.000192953534723205,-0.0001969227734216822,-1.2023059919192876,0.23135191590977422,-0.029045923990486625,-551.2475993958318,1047.8597008419415,-497.62124366485176,-1.0091422187420567
8.18,-0.0005771388844979094,0.10745282440609254,-0.05,-2.006319001138299,1.0000012907993918,-0.000192953534723205,-0.0001969227734216822,-1.2023059919192876,0.23135191590977422,-0.029045923990486625,-551.2475993958318,1047.8597008419415,-497.62124366485176,-1.0091422187420567
8.2,-0.0006130865789968639,0.1483811928876287,-0.05,-2.006319001138299,1.0000012907993918,-0.000192953534723205,-0.0001969227734216822,-1.2023059919192876,0.23135191590977422,-0.029045923990486625,-551.2475993958318,1047.8597008419415,-497.62124366485176,-1.0091422187420567
8.22,-0.000703176221124372,0.07205421665738285,0.05,-2.006319001138299,1.0000012907993918,-0.000192953534723205,-0.0001969227734216822,-1.2023059919192876,0.23135191590977422,-0.029045923990486625,-551.2475993958318,1047.8597008419415,-497.62124366485176,-1.0091422187420567
8.24,-0.000840997196839203,-0.02688566826048102,0.05,-2.006319001138299,1.0000012907993918,-0.000192953534723205,-0.0001969227734216822,-1.2023059919192876,0.23135191590977422,-0.029045923990486625,-551.2475993958318,1047.8597008419415,-497.62124366485176,-1.0091422187420567
8.26,-0.0009929045883933544,-0.11114654856983014,0.05,-2.006319001138299,1.0000012907993918,-0.000192953534723205,-0.0001969227734216822,-1.2023059919192876,0.23135191590977422,-0.029045923990486625,-551.2475993958318,1047.8597008419415,-497.62124366485176,-1.0091422187420567
8.28,-0.001123778951282784,-0.1733301552984836,0.05,-2.006319001138299,1.0000012907993918,-0.000192953534723205,-0.0001969227734216822,-1.2023059919192876,0.23135191590977422,-0.029045923990486625,-551.2475993958318,1047.8597008419415,-497.62124366485176,-1.0091422187420567
8.3,-0.0012056053561332824,-0.11412052427732178,-0.05,-2.006319001138299,1.0000012907993918,-0.000192953534723205,-0.0001969227734216822,-1.2023059919192876,0.23135191590977422,-0.029045923990486625,-551.2475993958318,1047.8597008419415,-497.62124366485176,-1.0091422187420567
8.32,-0.0012383040404170139,-0.028401911023309384,-0.05,-2.006319001138299,1.0000012907993918,-0.000192953534723205,-0.0001969227734216822,-1.2023059919192876,0.23135191590977422,-0.029045923990486625,-551.2475993958318,1047.8597008419415,-497.62124366485176,-1.0091422187420567
8.34,-0.0012506021663356403,0.045919413214887426,-0.05,-2.006319001138299,1.0000012907993918,-0.000192953534723205,-0.0001969227734216822,-1.2023059919192876,0.23135191590977422,-0.029045923990486625,-551.2475993958318,1047.8597008419415,-497.62124366485176,-1.0091422187420567
8.36,-0.001274075164877456,0.10084073622028417,-0.05,-2.006319001138299,1.0000012907993918,-0.000192953534723205,-0.0001969227734216822,-1.2023059919192876,0.23135191590977422,-0.029045923990486625,-551.2475993958318,1047.8597008419415,-497.62124366485176,-1.0091422187420567
8.38,-0.0013343059141517936,0.1374429120917205,-0.05,-2.006319001138299,1.0000012907993918,-0.000192953534723205,-0.0001969227734216822,-1.2023059919192876,0.23135191590977422,-0.029045923990486625,-551.2475993958318,1047.8597008419415,-497.62124366485176,-1.0091422187420567
8.4,-0.0014496804280011326,0.05782107221638563,0.05,-2.006319001138299,1.0000012907993918,-0.000192953534723205,-0.0001969227734216822,-1.2023059919192876,0.23135191590977422,-0.029045923990486625,-551.2475993958318,1047.8597008419415,-497.62124366485176,-1.0091422187420567
8.42,-0.001612444325528727,-0.04358049046842344,0.05,-2.006319001138299,1.0000012907993918,-0.000192953534723205,-0.0001969227734216822,-1.2023059919192876,0.23135191590977422,-0.029045923990486625,-551.2475993958318,1047.8597008419415,-497.62124366485176,-1.0091422187420567
8.44,-0.0017879738163281862,-0.12963167817685745,0.05,-2.006319001138299,1.0000012907993918,-0.000192953534723205,-0.0001969227734216822,-1.2023059919192876,0.23135191590977422,-0.029045923990486625,-551.2475993958318,1047.8597008419415,-497.62124366485176,-1.0091422187420567
8.46,-0.001940458566030382,-0.19306612648727506,0.05,-2.006319001138299,1.0000012907993918,-0.000192953534723205,-0.0001969227734216822,-1.2023059919192876,0.23135191590977422,-0.029045923990486625,-551.2475993958318,1047.8597008419415,-497.62124366485176,-1.0091422187420567
8.48,-0.0020414186473488873,-0.23558952049180384,0.05,-2.006319001138299,1.0000012907993918,-0.000192953534723205,-0.0001969227734216822,-1.2023059919192876,0.23135191590977422,-0.029045923990486625,-551.2475993958318,1047.8597008419415,-497.62124366485176,-1.0091422187420567
8.5,-0.0020706230229404887,-0.2607258991224375,0.05,-2.006319001138299,1.0000012907993918,-0.000192953534723205,-0.0001969227734216822,-1.2023059919192876,0.23135191590977422,-0.029045923990486625,-551.2475993958318,1047.8597008419415,-497.62124366485176,-1.0091422187420567
8.52,-0.0020149352022027474,-0.17097795483932607,-0.05,-2.006319001138299,1.0000012907993918,-0.000192953534723205,-0.0001969227734216822,-1.2023059919192876,0.23135191590977422,-0.029045923990486625,-551.2475993958318,1047.8597008419415,-497.62124366485176,-1.0091422187420567
8.540000000000001,-0.0018867280855006554,-0.06070512115379262,-0.05,-2.006319001138299,1.0000012907993918,-0.000192953534723205,-0.0001969227734216822,-1.2023059919192876,0.23135191590977422,-0.029045923990486625,-551.2475993958318,1047.8597008419415,-497.62124366485176,-1.0091422187420567
8.56,-0.0017245780313459433,0.03313629908420747,-0.05,-2.006319001138299,1.0000012907993918,-0.000192953534723205,-0.0001969227734216822,-1.2023059919192876,0.23135191590977422,-0.029045923990486625,-551.2475993958318,1047.8597008419415,-497.62124366485176,-1.0091422187420567
8.58,-0.001567657383966768,0.10344758933390111,-0.05,-2.006319001138299,1.0000012907993918,-0.000192953534723205,-0.0001969227734216822,-1.2023059919192876,0.23135191590977422,-0.029045923990486625,-551.2475993958318,1047.8597008419415,-497.62124366485176,-1.0091422187420567
8.6,-0.0014473054993814141,0.15207803533293895,-0.05,-2.006319001138299,1.0000012907993918,-0.000192953534723205,-0.0001969227734216822,-1.2023059919192876,0.23135191590977422,-0.029045923990486625,-551.2475993958318,1047.8597008419415,-497.62124366485176,-1.0091422187420567
8.620000000000001,-0.0013861891625227656,0.08175694102846456,0.05,-2.006319001138299,1.0000012907993918,-0.000192953534723205,-0.0001969227734216822,-1.2023059919192876,0.23135191590977422,-0.029045923990486625,-551.2475993958318,1047.8597008419415,-497.62124366485176,-1.0091422187420567
8.64,-0.0013796615568287614,-0.01255238747714893,0.05,-2.006319001138299,1.0000012907993918,-0.000192953534723205,-0.0001969227734216822,-1.2023059919192876,0.23135191590977422,-0.029045923990486625,-551.2475993958318,1047.8597008419415,-497.62124366485176,-1.0091422187420567
8.66,-0.0013952794026181696,-0.09329614949204729,0.05,-2.006319001138299,1.0000012907993918,-0.000192953534723205,-0.0001969227734216822,-1.2023059919192876,0.23135191590977422,-0.029045923990486625,-551.2475993958318,1047.8597008419415,-497.62124366485176,-1.0091422187420567
8.68,-0.0013986848345686714,-0.15286240540215312,0.05,-2.006319001138299,1.0000012907993918,-0.000192953534723205,-0.0001969227734216822,-1.2023059919192876,0.23135191590977422,-0.029045923990486625,-551.2475993958318,1047.8597008419415,-497.62124366485176,-1.0091422187420567
8.700000000000001,-0.0013622827448334662,-0.09176091983300105,-0.05,-2.006319001138299,1.0000012907993918,-0.000192953534723205,-0.0001969227734216822,-1.2023059919192876,0.23135191590977422,-0.029045923990486625,-551.2475993958318,1047.8597008419415,-497.62124366485176,-1.0091422187420567
8.72,-0.0012861503833775465,-0.004733864017322287,-0.05,-2.006319001138299,1.0000012907993918,-0.000192953534723205,-0.0001969227734216822,-1.2023059919192876,0.23135191590977422,-0.029045923990486625,-551.2475993958318,1047.8597008419415,-497.62124366485176,-1.0091422187420567
8.74,-0.0011989723639561302,0.07042827754862395,-0.05,-2.006319001138299,1.0000012907993918,-0.000192953534723205,-0.0001969227734216822,-1.2023059919192876,0.23135191590977422,-0.029045923990486625,-551.2475993958318,1047.8597008419415,-497.62124366485176,-1.0091422187420567
8.76,-0.0011321325112227513,0.12581709912861455,-0.05,-2.006319001138299,1.0000012907993918,-0.000192953534723205,-0.0001969227734216822,-1.2023059919192876,0.23135191590977422,-0.029045923990486625,-551.2475993958318,1047.8597008419415,-497.62124366485176,-1.0091422187420567
8.78,-0.0011109132039457091,0.1625902255452782,-0.05,-2.006319001138299,1.0000012907993918,-0.000192953534723205,-0.0001969227734216822,-1.2023059919192876,0.23135191590977422,-0.029045923990486625,-551.2475993958318,1047.8597008419415,-497.62124366485176,-1.0091422187420567
8.8,-0.0011533228752117208,0.08290524195341331,0.05,-2.006319001138299,1.0000012907993918,-0.000192953534723205,-0.0001969227734216822,-1.2023059919192876,0.23135191590977422,-0.029045923990486625,-551.2475993958318,1047.8597008419415,-497.62124366485176,-1.0091422187420567
8.82,-0.0012511775404792016,-0.018742790829892997,0.05,-2.006319001138299,1.0000012907993918,-0.000192953534723205,-0.0001969227734216822,-1.2023059919192876,0.23135191590977422,-0.029045923990486625,-551.2475993958318,1047.8597008419415,-497.62124366485176,-1.0091422187420567
8.84,-0.0013693914038100407,-0.10518254811613428,0.05,-2.006319001138299,1.0000012907993918,-0.000192953534723205,-0.0001969227734216822,-1.2023059919192876,0.23135191590977422,-0.029045923990486625,-551.2475993958318,1047.8597008419415,-497.62124366485176,-1.0091422187420567
8.86,-0.00147167498074931,-0.16911423609412563,0.05,-2.006319001138299,1.0000012907993918,-0.000192953534723205,-0.0001969227734216822,-1.2023059919192876,0.23135191590977422,-0.029045923990486625,-551.2475993958318,1047.8597008419415,-497.62124366485176,-1.0091422187420567
8.88,-0.0015290637899487319,-0.21221647985849665,0.05,-2.006319001138299,1.0000012907993918,-0.000192953534723205,-0.0001969227734216822,-1.2023059919192876,0.23135191590977422,-0.029045923990486625,-551.2475993958318,1047.8597008419415,-497.62124366485176,-1.0091422187420567
8.9,-0.0015208457548535617,-0.13707723625186202,-0.05,-2.006319001138299,1.0000012907993918,-0.000192953534723205,-0.0001969227734216822,-1.2023059919192876,0.23135191590977422,-0.029045923990486625,-551.2475993958318,1047.8597008419415,-497.62124366485176,-1.0091422187420567
8.92,-0.0014532756954931604,-0.03854344709915719,-0.05,-2.006319001138299,1.0000012907993918,-0.000192953534723205,-0.0001969227734216822,-1.2023059919192876,0.23135191590977422,-0.029045923990486625,-551.2475993958318,1047.8597008419415,-497.62124366485176,-1.0091422187420567
8.94,-0.0013601188464946864,0.04592678157601263,-0.05,-2.006319001138299,1.0000012907993918,-0.000192953534723205,-0.0001969227734216822,-1.2023059919192876,0.23135191590977422,-0.029045923990486625,-551.2475993958318,1047.8597008419415,-497.62124366485176,-1.0091422187420567
8.96,-0.0012768189039549112,0.10880023391250836,-0.05,-2.006319001138299,1.0000012907993918,-0.000192953534723205,-0.0001969227734216822,-1.2023059919192876,0.23135191590977422,-0.029045923990486625,-551.2475993958318,1047.8597008419415,-497.62124366485176,-1.0091422187420567
8.98,-0.0012318617226832636,0.15156573053445455,-0.05,-2.006319001138299,1.0000012907993918,-0.000192953534723205,-0.0001969227734216822,-1.2023059919192876,0.23135191590977422,-0.029045923990486625,-551.2475993958318,1047.8597008419415,-497.62124366485176,-1.0091422187420567
9.0,-0.0012457616416709125,0.1775712710661824,-0.05,-2.006319001138299,1.0000012907993918,-0.000192953534723205,-0.0001969227734216822,-1.2023059919192876,0.23135191590977422,-0.029045923990486625,-551.2475993958318,1047.8597008419415,-497.62124366485176,-1.0091422187420567
9.02,-0.0013321402227466303,0.0891768322866188,0.05,-2.006319001138299,1.0000012907993918,-0.000192953534723205,-0.0001969227734216822,-1.2023059919192876,0.23135191590977422,-0.029045923990486625,-551.2475993958318,1047.8597008419415,-497.62124366485176,-1.0091422187420567
9.040000000000001,-0.001479251629461084,-0.01937367001578895,0.05,-2.006319001138299,1.0000012907993918,-0.000192953534723205,-0.0001969227734216822,-1.2023059919192876,0.23135191590977422,-0.029045923990486625,-551.2475993958318,1047.8597008419415,-497.62124366485176,-1.0091422187420567
9.06,-0.0016492416366771835,-0.11121729734859942,0.05,-2.006319001138299,1.0000012907993918,-0.000192953534723205,-0.0001969227734216822,-1.2023059919192876,0.23135191590977422,-0.029045923990486625,-551.2475993958318,1047.8597008419415,-497.62124366485176,-1.0091422187420567
9.08,-0.0018037185193828273,-0.17933066609237014,0.05,-2.006319001138299,1.0000012907993918,-0.000192953534723205,-0.0001969227734216822,-1.2023059919192876,0.23135191590977422,-0.029045923990486625,-551.2475993958318,1047.8597008419415,-497.62124366485176,-1.0091422187420567
9.1,-0.0019121536515285286,-0.22562367294229807,0.05,-2.006319001138299,1.0000012907993918,-0.000192953534723205,-0.0001969227734216822,-1.2023059919192876,0.23135191590977422,-0.029045923990486625,-551.2475993958318,1047.8597008419415,-497.62124366485176,-1.0091422187420567
9.120000000000001,-0.001952699315701019,-0.1528742086477964,-0.05,-2.006319001138299,1.0000012907993918,-0.000192953534723205,-0.0001969227734216822,-1.2023059919192876,0.23135191590977422,-0.029045923990486625,-551.2475993958318,1047.8597008419415,-497.62124366485176,-1.0091422187420567
9.14,-0.0019308132533825512,-0.05608435019271146,-0.05,-2.006319001138299,1.0000012907993918,-0.000192953534723205,-0.0001969227734216822,-1.2023059919192876,0.23135191590977422,-0.029045923990486625,-551.2475993958318,1047.8597008419415,-497.62124366485176,-1.0091422187420567
9.16,-0.0018797293330342277,0.027161307396031897,-0.05,-2.006319001138299,1.0000012907993918,-0.000192953534723205,-0.0001969227734216822,-1.2023059919192876,0.23135191590977422,-0.029045923990486625,-551.2475993958318,1047.8597008419415,-497.62124366485176,-1.0091422187420567
9.18,-0.0018345669053168943,0.08922648445014869,-0.05,-2.006319001138299,1.0000012907993918,-0.000192953534723205,-0.0001969227734216822,-1.2023059919192876,0.23135191590977422,-0.029045923990486625,-551.2475993958318,1047.8597008419415,-497.62124366485176,-1.0091422187420567
9.200000000000001,-0.00182364732585905,0.030601853275427582,0.05,-2.006319001138299,1.0000012907993918,-0.000192953534723205,-0.0001969227734216822,-1.2023059919192876,0.23135191590977422,-0.029045923990486625,-551.2475993958318,1047.8597008419415,-497.62124366485176,-1.0091422187420567
9.22,-0.0018475803022362195,-0.05398524223059126,0.05,-2.006319001138299,1.0000012907993918,-0.000192953534723205,-0.0001969227734216822,-1.2023059919192876,0.23135191590977422,-0.029045923990486625,-551.2475993958318,1047.8597008419415,-497.62124366485176,-1.0091422187420567
9.24,-0.0018783264596631945,-0.12675568213489996,0.05,-2.006319001138299,1.0000012907993918,-0.000192953534723205,-0.0001969227734216822,-1.2023059919192876,0.23135191590977422,-0.029045923990486625,-551.2475993958318,1047.8597008419415,-497.62124366485176,-1.0091422187420567
9.26,-0.0018851043132551532,-0.17980961170852644,0.05,-2.006319001138299,1.0000012907993918,-0.000192953534723205,-0.0001969227734216822,-1.2023059919192876,0.23135191590977422,-0.029045923990486625,-551.2475993958318,1047.8597008419415,-497.62124366485176,-1.0091422187420567
9.28,-0.0018431907134551142,-0.21431092897064377,0.05,-2.006319001138299,1.0000012907993918,-0.000192953534723205,-0.0001969227734216822,-1.2023059919192876,0.23135191590977422,-0.029045923990486625,-551.2475993958318,1047.8597008419415,-497.62124366485176,-1.0091422187420567
9.3,-0.0017350938685641278,-0.1324216538156706,-0.05,-2.006319001138299,1.0000012907993918,-0.000192953534723205,-0.0001969227734216822,-1.2023059919192876,0.23135191590977422,-0.029045923990486625,-551.2475993958318,1047.8597008419415,-497.62124366485176,-1.0091422187420567
9.32,-0.0015694728761002728,-0.02863979756391477,-0.05,-2.006319001138299,1.0000012907993918,-0.000192953534723205,-0.0001969227734216822,-1.2023059919192876,0.23135191590977422,-0.029045923990486625,-551.2475993958318,1047.8597008419415,-497.62124366485176,-1.0091422187420567
9.34,-0.001381848622694524,0.059861528774677514,-0.05,-2.006319001138299,1.0000012907993918,-0.000192953534723205,-0.0001969227734216822,-1.2023059919192876,0.23135191590977422,-0.029045923990486625,-551.2475993958318,1047.8597008419415,-497.62124366485176,-1.0091422187420567
9.36,-0.0012089074649652136,0.1257816503430904,-0.05,-2.006319001138299,1.0000012907993918,-0.000192953534723205,-0.0001969227734216822,-1.2023059919192876,0.23135191590977422,-0.029045923990486625,-551.2475993958318,1047.8597008419415,-497.62124366485176,-1.0091422187420567
9.38,-0.0010799744635763338,0.1707990480106149,-0.05,-2.006319001138299,1.0000012907993918,-0.000192953534723205,-0.0001969227734216822,-1.2023059919192876,0.23135191590977422,-0.029045923990486625,-551.2475993958318,1047.8597008419415,-497.62124366485176,-1.0091422187420567
9.4,-0.0010160879864091125,0.09750213436709865,0.05,-2.006319001138299,1.0000012907993918,-0.000192953534723205,-0.0001969227734216822,-1.2023059919192876,0.23135191590977422,-0.029045923990486625,-551.2475993958318,1047.8597008419415,-497.62124366485176,-1.0091422187420567
9.42,-0.001011287261365643,0.0007387893490327369,0.05,-2.006319001138299,1.0000012907993918,-0.000192953534723205,-0.0001969227734216822,-1.2023059919192876,0.23135191590977422,-0.029045923990486625,-551.2475993958318,1047.8597008419415,-497.62124366485176,-1.0091422187420567
9.44,-0.0010320709489313067,-0.082031582815461,0.05,-2.006319001138299,1.0000012907993918,-0.000192953534723205,-0.0001969227734216822,-1.2023059919192876,0.23135191590977422,-0.029045923990486625,-551.2475993958318,1047.8597008419415,-497.62124366485176,-1.0091422187420567
9.46,-0.0010432311970447015,-0.1432742171244773,0.05,-2.006319001138299,1.0000012907993918,-0.000192953534723205,-0.0001969227734216822,-1.2023059919192876,0.23135191590977422,-0.029045923990486625,-551.2475993958318,1047.8597008419415,-497.62124366485176,-1.0091422187420567
9.48,-0.0010164919679412465,-0.18447619425073777,0.05,-2.006319001138299,1.0000012907993918,-0.000192953534723205,-0.0001969227734216822,-1.2023059919192876,0.23135191590977422,-0.029045923990486625,-551.2475993958318,1047.8597008419415,-497.62124366485176,-1.0091422187420567
9.5,-0.0009315246473394527,-0.20898362503041523,0.05,-2.006319001138299,1.0000012907993918,-0.000192953534723205,-0.0001969227734216822,-1.2023059919192876,0.23135191590977422,-0.029045923990486625,-551.2475993958318,1047.8597008419415,-497.62124366485176,-1.0091422187420567
9.52,-0.000774871157148161,-0.119154488883957,-0.05,-2.006319001138299,1.0000012907993918,-0.000192953534723205,-0.0001969227734216822,-1.2023059919192876,0.23135191590977422,-0.029045923990486625,-551.2475993958318,1047.8597008419415,-497.62124366485176,-1.0091422187420567
9.540000000000001,-0.0005584203616174865,-0.009230642872455064,-0.05,-2.006319001138299,1.0000012907993918,-0.000192953534723205,-0.0001969227734216822,-1.2023059919192876,0.23135191590977422,-0.029045923990486625,-551.2475993958318,1047.8597008419415,-497.62124366485176,-1.0091422187420567
9.56,-0.00032015076500211846,0.08392705402324721,-0.05,-2.006319001138299,1.0000012907993918,-0.000192953534723205,-0.0001969227734216822,-1.2023059919192876,0.23135191590977422,-0.029045923990486625,-551.2475993958318,1047.8597008419415,-497.62124366485176,-1.0091422187420567
9.58,-9.856120783614366e-05,0.15329730635010025,-0.05,-2.006319001138299,1.0000012907993918,-0.000192953534723205,-0.0001969227734216822,-1.2023059919192876,0.23135191590977422,-0.029045923990486625,-551.2475993958318,1047.8597008419415,-497.62124366485176,-1.0091422187420567
9.6,7.572826585327167e-05,0.20079210428593636,-0.05,-2.006319001138299,1.0000012907993918,-0.000192953534723205,-0.0001969227734216822,-1.2023059919192876,0.23135191590977422,-0.029045923990486625,-551.2475993958318,1047.8597008419415,-497.62124366485176,-1.0091422187420567
9.620000000000001,0.00018079285075998935,0.12919142862651534,0.05,-2.006319001138299,1.0000012907993918,-0.000192953534723205,-0.0001969227734216822,-1.2023059919192876,0.23135191590977422,-0.029045923990486625,-551.2475993958318,1047.8597008419415,-497.62124366485176,-1.0091422187420567
9.64,0.000222026286617528,0.03349945051070087,0.05,-2.006319001138299,1.0000012907993918,-0.000192953534723205,-0.0001969227734216822,-1.2023059919192876,0.23135191590977422,-0.029045923990486625,-551.2475993958318,1047.8597008419415,-497.62124366485176,-1.0091422187420567
9.66,0.0002326103104245927,-0.0486971730118838,0.05,-2.006319001138299,1.0000012907993918,-0.000192953534723205,-0.0001969227734216822,-1.2023059919192876,0.23135191590977422,-0.029045923990486625,-551.2475993958318,1047.8597008419415,-497.62124366485176,-1.0091422187420567
9.68,0.000247622807902293,-0.10976018648985567,0.05,-2.006319001138299,1.0000012907993918,-0.000192953534723205,-0.0001969227734216822,-1.2023059919192876,0.23135191590977422,-0.029045923990486625,-551.2475993958318,1047.8597008419415,-497.62124366485176,-1.0091422187420567
9.700000000000001,0.00029535326484178597,-0.05017836341451251,-0.05,-2.006319001138299,1.0000012907993918,-0.000192953534723205,-0.0001969227734216822,-1.2023059919192876,0.23135191590977422,-0.029045923990486625,-551.2475993958318,1047.8597008419415,-497.62124366485176,-1.0091422187420567
9.72,0.0003763881219992542,0.03532277356982988,-0.05,-2.006319001138299,1.0000012907993918,-0.000192953534723205,-0.0001969227734216822,-1.2023059919192876,0.23135191590977422,-0.029045923990486625,-551.2475993958318,1047.8597008419415,-497.62124366485176,-1.0091422187420567
9.74,0.0004626724659506559,0.10896586794480992,-0.05,-2.006319001138299,1.0000012907993918,-0.000192953534723205,-0.0001969227734216822,-1.2023059919192876,0.23135191590977422,-0.029045923990486625,-551.2475993958318,1047.8597008419415,-497.62124366485176,-1.0091422187420567
9.76,0.0005234162447977958,0.16285280065215657,-0.05,-2.006319001138299,1.0000012907993918,-0.000192953534723205,-0.0001969227734216822,-1.2023059919192876,0.23135191590977422,-0.029045923990486625,-551.2475993958318,1047.8597008419415,-497.62124366485176,-1.0091422187420567
9.78,0.0005338939903136692,0.19814916795895723,-0.05,-2.006319001138299,1.0000012907993918,-0.000192953534723205,-0.0001969227734216822,-1.2023059919192876,0.23135191590977422,-0.029045923990486625,-551.2475993958318,1047.8597008419415,-497.62124366485176,-1.0091422187420567
9.8,0.0004766171575252446,0.11701863750543606,0.05,-2.006319001138299,1.0000012907993918,-0.000192953534723205,-0.0001969227734216822,-1.2023059919192876,0.23135191590977422,-0.029045923990486625,-551.2475993958318,1047.8597008419415,-497.62124366485176,-1.0091422187420567
9.82,0.00036025304784402697,0.013960825671652702,0.05,-2.006319001138299,1.0000012907993918,-0.000192953534723205,-0.0001969227734216822,-1.2023059919192876,0.23135191590977422,-0.029045923990486625,-551.2475993958318,1047.8597008419415,-497.62124366485176,-1.0091422187420567
9.84,0.00022033510489247434,-0.07384961751956981,0.05,-2.006319001138299,1.0000012907993918,-0.000192953534723205,-0.0001969227734216822,-1.2023059919192876,0.23135191590977422,-0.029045923990486625,-551.2475993958318,1047.8597008419415,-497.62124366485176,-1.0091422187420567
9.86,9.356600222457814e-05,-0.1391105711822394,0.05,-2.006319001138299,1.0000012907993918,-0.000192953534723205,-0.0001969227734216822,-1.2023059919192876,0.23135191590977422,-0.029045923990486625,-551.2475993958318,1047.8597008419415,-497.62124366485176,-1.0091422187420567
9.88,9.290383059929653e-06,-0.18349914144631438,0.05,-2.006319001138299,1.0000012907993918,-0.000192953534723205,-0.0001969227734216822,-1.2023059919192876,0.23135191590977422,-0.029045923990486625,-551.2475993958318,1047.8597008419415,-497.62124366485176,-1.0091422187420567
9.9,-1.1430961280870778e-05,-0.10960241713374044,-0.05,-2.006319001138299,1.0000012907993918,-0.000192953534723205,-0.0001969227734216822,-1.2023059919192876,0.23135191590977422,-0.029045923990486625,-551.2475993958318,1047.8597008419415,-497.62124366485176,-1.0091422187420567
9.92,2.5466068016250872e-05,-0.012267004546536092,-0.05,-2.006319001138299,1.0000012907993918,-0.000192953534723205,-0.0001969227734216822,-1.2023059919192876,0.23135191590977422,-0.029045923990486625,-551.2475993958318,1047.8597008419415,-497.62124366485176,-1.0091422187420567
9.94,8.65070956546111e-05,0.07104891817367437,-0.05,-2.006319001138299,1.0000012907993918,-0.000192953534723205,-0.0001969227734216822,-1.2023059919192876,0.23135191590977422,-0.029045923990486625,-551.2475993958318,1047.8597008419415,-497.62124366485176,-1.0091422187420567
9.96,0.00013651301315326548,0.13281177035495317,-0.05,-2.006319001138299,1.0000012907993918,-0.000192953534723205,-0.0001969227734216822,-1.2023059919192876,0.23135191590977422,-0.029045923990486625,-551.2475993958318,1047.8597008419415,-497.62124366485176,-1.0091422187420567
9.98,0.00014723801293786844,0.17450977298130693,-0.05,-2.006319001138299,1.0000012907993918,-0.000192953534723205,-0.0001969227734216822,-1.2023059919192876,0.23135191590977422,-0.029045923990486625,-551.2475993958318,1047.8597008419415,-497.62124366485176,-1.0091422187420567
10.0,9.838493011125105e-05,0.09857591044936989,0.05,-2.006319001138299,1.0000012907993918,-0.000192953534723205,-0.0001969227734216822,-1.2023059919192876,0.23135191590977422,-0.029045923990486625,-551.2475993958318,1047.8597008419415,-497.62124366485176,-1.0091422187420567
10.02,-3.609691577227721e-06,-0.00026890701971284126,0.05,-2.006319001138299,1.0000012907993918,-0.000192953534723205,-0.0001969227734216822,-1.2023059919192876,0.23135191590977422,-0.029045923990486625,-551.2475993958318,1047.8597008419415,-497.62124366485176,-1.0091422187420567
10.040000000000001,-0.00012497565289749485,-0.08466899462815766,0.05,-2.006319001138299,1.0000012907993918,-0.000192953534723205,-0.0001969227734216822,-1.2023059919192876,0.23135191590977422,-0.029045923990486625,-551.2475993958318,1047.8597008419415,-497.62124366485176,-1.0091422187420567
10.06,-0.00023039609931866888,-0.14717431556569238,0.05,-2.006319001138299,1.0000012907993918,-0.000192953534723205,-0.0001969227734216822,-1.2023059919192876,0.23135191590977422,-0.029045923990486625,-551.2475993958318,1047.8597008419415,-497.62124366485176,-1.0091422187420567
10.08,-0.0002916080885517926,-0.1893411598198817,0.05,-2.006319001138299,1.0000012907993918,-0.000192953534723205,-0.0001969227734216822,-1.2023059919192876,0.23135191590977422,-0.029045923990486625,-551.2475993958318,1047.8597008419415,-497.62124366485176,-1.0091422187420567
10.1,-0.0002883879855187318,-0.21457216496629758,0.05,-2.006319001138299,1.0000012907993918,-0.000192953534723205,-0.0001969227734216822,-1.2023059919192876,0.23135191590977422,-0.029045923990486625,-551.2475993958318,1047.8597008419415,-497.62124366485176,-1.0091422187420567
10.120000000000001,-0.0002074504769136822,-0.1252714714473277,-0.05,-2.006319001138299,1.0000012907993918,-0.000192953534723205,-0.0001969227734216822,-1.2023059919192876,0.23135191590977422,-0.029045923990486625,-551.2475993958318,1047.8597008419415,-497.62124366485176,-1.0091422187420567
10.14,-6.090583722974838e-05,-0.01571862716673851,-0.05,-2.006319001138299,1.0000012907993918,-0.000192953534723205,-0.0001969227734216822,-1.2023059919192876,0.23135191590977422,-0.029045923990486625,-551.2475993958318,1047.8597008419415,-497.62124366485176,-1.0091422187420567
10.16,0.00011301251928032819,0.07719474745727346,-0.05,-2.006319001138299,1.0000012907993918,-0.000192953534723205,-0.0001969227734216822,-1.2023059919192876,0.23135191590977422,-0.029045923990486625,-551.2475993958318,1047.8597008419415,-497.62124366485176,-1.0091422187420567
10.18,0.0002755292528098234,0.14642226328388694,-0.05,-2.006319001138299,1.0000012907993918,-0.000192953534723205,-0.0001969227734216822,-1.2023059919192876,0.23135191590977422,-0.029045923990486625,-551.2475993958318,1047.8597008419415,-497.62124366485176,-1.0091422187420567
10.200000000000001,0.000395735513131266,0.09294122036792443,0.05,-2.006319001138299,1.0000012907993918,-0.000192953534723205,-0.0001969227734216822,-1.2023059919192876,0.23135191590977422,-0.029045923990486625,-551.2475993958318,1047.8597008419415,-497.62124366485176,-1.0091422187420567
10.22,0.0004712747542408964,0.011876786810245538,0.05,-2.006319001138299,1.0000012907993918,-0.000192953534723205,-0.0001969227734216822,-1.2023059919192876,0.23135191590977422,-0.029045923990486625,-551.2475993958318,1047.8597008419415,-497.62124366485176,-1.0091422187420567
10.24,0.0005290952919858546,-0.058667653687306955,0.05,-2.006319001138299,1.0000012907993918,-0.000192953534723205,-0.0001969227734216822,-1.2023059919192876,0.23135191590977422,-0.029045923990486625,-551.2475993958318,1047.8597008419415,-497.62124366485176,-1.0091422187420567
10.26,0.0005993944235947958,-0.11052830422430569,0.05,-2.006319001138299,1.0000012907993918,-0.000192953534723205,-0.0001969227734216822,-1.2023059919192876,0.23135191590977422,-0.029045923990486625,-551.2475993958318,1047.8597008419415,-497.62124366485176,-1.0091422187420567
10.28,0.0007066985820587311,-0.14465441437607035,0.05,-2.006319001138299,1.0000012907993918,-0.000192953534723205,-0.0001969227734216822,-1.2023059919192876,0.23135191590977422,-0.029045923990486625,-551.2475993958318,1047.8597008419415,-497.62124366485176,-1.0091422187420567
10.3,0.0008685948897496963,-0.06303359793443189,-0.05,-2.006319001138299,1.0000012907993918,-0.000192953534723205,-0.0001969227734216822,-1.2023059919192876,0.23135191590977422,-0.029045923990486625,-551.2475993958318,1047.8597008419415,-497.62124366485176,-1.0091422187420567
10.32,0.0010767356140487484,0.03997768603838436,-0.05,-2.006319001138299,1.0000012907993918,-0.000192953534723205,-0.0001969227734216822,-1.2023059919192876,0.23135191590977422,-0.029045923990486625,-551.2475993958318,1047.8597008419415,-497.62124366485176,-1.0091422187420567
10.34,0.0012960670333127175,0.12732109655298807,-0.05,-2.006319001138299,1.0000012907993918,-0.000192953534723205,-0.0001969227734216822,-1.2023059919192876,0.23135191590977422,-0.029045923990486625,-551.2475993958318,1047.8597008419415,-497.62124366485176,-1.0091422187420567
10.36,0.001490478252268376,0.19178890494507092,-0.05,-2.006319001138299,1.0000012907993918,-0.000192953534723205,-0.0001969227734216822,-1.2023059919192876,0.23135191590977422,-0.029045923990486625,-551.2475993958318,1047.8597008419415,-497.62124366485176,-1.0091422187420567
10.38,0.0016312906410649458,0.23513471300358754,-0.05,-2.006319001138299,1.0000012907993918,-0.000192953534723205,-0.0001969227734216822,-1.2023059919192876,0.23135191590977422,-0.029045923990486625,-551.2475993958318,1047.8597008419415,-497.62124366485176,-1.0091422187420567
10.4,0.001698154122629102,0.16000749361897465,0.05,-2.006319001138299,1.0000012907993918,-0.000192953534723205,-0.0001969227734216822,-1.2023059919192876,0.23135191590977422,-0.029045923990486625,-551.2475993958318,1047.8597008419415,-497.62124366485176,-1.0091422187420567
10.42,0.0016977371224836464,0.061303796836184254,0.05,-2.006319001138299,1.0000012907993918,-0.000192953534723205,-0.0001969227734216822,-1.2023059919192876,0.23135191590977422,-0.029045923990486625,-551.2475993958318,1047.8597008419415,-497.62124366485176,-1.0091422187420567
10.44,0.0016642508587716158,-0.023477980027178123,0.05,-2.006319001138299,1.0000012907993918,-0.000192953534723205,-0.0001969227734216822,-1.2023059919192876,0.23135191590977422,-0.029045923990486625,-551.2475993958318,1047.8597008419415,-497.62124366485176,-1.0091422187420567
10.46,0.0016336024567937923,-0.08677192837232994,0.05,-2.006319001138299,1.0000012907993918,-0.000192953534723205,-0.0001969227734216822,-1.2023059919192876,0.23135191590977422,-0.029045923990486625,-551.2475993958318,1047.8597008419415,-497.62124366485176,-1.0091422187420567
10.48,0.0016347471522174608,-0.13004037554466252,0.05,-2.006319001138299,1.0000012907993918,-0.000192953534723205,-0.0001969227734216822,-1.2023059919192876,0.23135191590977422,-0.029045923990486625,-551.2475993958318,1047.8597008419415,-497.62124366485176,-1.0091422187420567
10.5,0.0016886658707327678,-0.05569566776688459,-0.05,-2.006319001138299,1.0000012907993918,-0.000192953534723205,-0.0001969227734216822,-1.2023059919192876,0.23135191590977422,-0.029045923990486625,-551.2475993958318,1047.8597008419415,-497.62124366485176,-1.0091422187420567
10.52,0.0017895752527235693,0.04155765388695475,-0.05,-2.006319001138299,1.0000012907993918,-0.000192953534723205,-0.0001969227734216822,-1.2023059919192876,0.23135191590977422,-0.029045923990486625,-551.2475993958318,1047.8597008419415,-497.62124366485176,-1.0091422187420567
10.540000000000001,0.0019043244687646055,0.12437679745007474,-0.05,-2.006319001138299,1.0000012907993918,-0.000192953534723205,-0.0001969227734216822,-1.2023059919192876,0.23135191590977422,-0.029045923990486625,-551.2475993958318,1047.8597008419415,-497.62124366485176,-1.0091422187420567
10.56,0.001998180257486541,0.1853217696331171,-0.05,-2.006319001138299,1.0000012907993918,-0.000192953534723205,-0.0001969227734216822,-1.2023059919192876,0.23135191590977422,-0.029045923990486625,-551.2475993958318,1047.8597008419415,-497.62124366485176,-1.0091422187420567
10.58,0.002043426565505047,0.2259565874975694,-0.05,-2.006319001138299,1.0000012907993918,-0.000192953534723205,-0.0001969227734216822,-1.2023059919192876,0.23135191590977422,-0.029045923990486625,-551.2475993958318,1047.8597008419415,-497.62124366485176,-1.0091422187420567
10.6,0.0020203498095271058,0.24968974015562392,-0.05,-2.006319001138299,1.0000012907993918,-0.000192953534723205,-0.0001969227734216822,-1.2023059919192876,0.23135191590977422,-0.029045923990486625,-551.2475993958318,1047.8597008419415,-497.62124366485176,-1.0091422187420567
10.620000000000001,0.001916138360557815,0.15892970560235384,0.05,-2.006319001138299,1.0000012907993918,-0.000192953534723205,-0.0001969227734216822,-1.2023059919192876,0.23135191590977422,-0.029045923990486625,-551.2475993958318,1047.8597008419415,-497.62124366485176,-1.0091422187420567
10.64,0.0017433406906788255,0.04795913075498129,0.05,-2.006319001138299,1.0000012907993918,-0.000192953534723205,-0.0001969227734216822,-1.2023059919192876,0.23135191590977422,-0.029045923990486625,-551.2475993958318,1047.8597008419415,-497.62124366485176,-1.0091422187420567
10.66,0.0015405941883479674,-0.04632823595106539,0.05,-2.006319001138299,1.0000012907993918,-0.000192953534723205,-0.0001969227734216822,-1.2023059919192876,0.23135191590977422,-0.029045923990486625,-551.2475993958318,1047.8597008419415,-497.62124366485176,-1.0091422187420567
10.68,0.0013470454826256112,-0.11688461737252337,0.05,-2.006319001138299,1.0000012907993918,-0.000192953534723205,-0.0001969227734216822,-1.2023059919192876,0.23135191590977422,-0.029045923990486625,-551.2475993958318,1047.8597008419415,-497.62124366485176,-1.0091422187420567
10.700000000000001,0.0011939436420079434,-0.0646865354637253,-0.05,-2.006319001138299,1.0000012907993918,-0.000192953534723205,-0.0001969227734216822,-1.2023059919192876,0.23135191590977422,-0.029045923990486625,-551.2475993958318,1047.8597008419415,-497.62124366485176,-1.0091422187420567
10.72,0.0010839560346897774,0.015141118276092741,-0.05,-2.006319001138299,1.0000012907993918,-0.000192953534723205,-0.0001969227734216822,-1.2023059919192876,0.23135191590977422,-0.029045923990486625,-551.2475993958318,1047.8597008419415,-497.62124366485176,-1.0091422187420567
10.74,0.0009904174635767952,0.08449482332835166,-0.05,-2.006319001138299,1.0000012907993918,-0.000192953534723205,-0.0001969227734216822,-1.2023059919192876,0.23135191590977422,-0.029045923990486625,-551.2475993958318,1047.8597008419415,-497.62124366485176,-1.0091422187420567
10.76,0.0008833877453520094,0.13521031332558853,-0.05,-2.006319001138299,1.0000012907993918,-0.000192953534723205,-0.0001969227734216822,-1.2023059919192876,0.23135191590977422,-0.029045923990486625,-551.2475993958318,1047.8597008419415,-497.62124366485176,-1.0091422187420567
10.78,0.0007385732611499024,0.16823611791416218,-0.05,-2.006319001138299,1.0000012907993918,-0.000192953534723205,-0.0001969227734216822,-1.2023059919192876,0.23135191590977422,-0.029045923990486625,-551.2475993958318,1047.8597008419415,-497.62124366485176,-1.0091422187420567
10.8,0.0005385970751152859,0.08555894356656352,0.05,-2.006319001138299,1.0000012907993918,-0.000192953534723205,-0.0001969227734216822,-1.2023059919192876,0.23135191590977422,-0.029045923990486625,-551.2475993958318,1047.8597008419415,-497.62124366485176,-1.0091422187420567
10.82,0.0002919961055424967,-0.018465793186213678,0.05,-2.006319001138299,1.0000012907993918,-0.000192953534723205,-0.0001969227734216822,-1.2023059919192876,0.23135191590977422,-0.029045923990486625,-551.2475993958318,1047.8597008419415,-497.62124366485176,-1.0091422187420567
10.84,3.3993833333714816e-05,-0.10678088318256151,0.05,-2.006319001138299,1.0000012907993918,-0.000192953534723205,-0.0001969227734216822,-1.2023059919192876,0.23135191590977422,-0.029045923990486625,-551.2475993958318,1047.8597008419415,-497.62124366485176,-1.0091422187420567
10.86,-0.00019914702995869934,-0.1721797964396946,0.05,-2.006319001138299,1.0000012907993918,-0.000192953534723205,-0.0001969227734216822,-1.2023059919192876,0.23135191590977422,-0.029045923990486625,-551.2475993958318,1047.8597008419415,-497.62124366485176,-1.0091422187420567
10.88,-0.00037861259699702393,-0.2164173903415665,0.05,-2.006319001138299,1.0000012907993918,-0.000192953534723205,-0.0001969227734216822,-1.2023059919192876,0.23135191590977422,-0.029045923990486625,-551.2475993958318,1047.8597008419415,-497.62124366485176,-1.0091422187420567
10.9,-0.0004839327890112417,-0.14214393616267135,-0.05,-2.006319001138299,1.0000012907993918,-0.000192953534723205,-0.0001969227734216822,-1.2023059919192876,0.23135191590977422,-0.029045923990486625,-551.2475993958318,1047.8597008419415,-497.62124366485176,-1.0091422187420567
10.92,-0.0005216700814817567,-0.044257322571998214,-0.05,-2.006319001138299,1.0000012907993918,-0.000192953534723205,-0.0001969227734216822,-1.2023059919192876,0.23135191590977422,-0.029045923990486625,-551.2475993958318,1047.8597008419415,-497.62124366485176,-1.0091422187420567
10.94,-0.0005259426238071707,0.039742706126637176,-0.05,-2.006319001138299,1.0000012907993918,-0.000192953534723205,-0.0001969227734216822,-1.2023059919192876,0.23135191590977422,-0.029045923990486625,-551.2475993958318,1047.8597008419415,-497.62124366485176,-1.0091422187420567
10.96,-0.0005325762055635561,0.10228892995348529,-0.05,-2.006319001138299,1.0000012907993918,-0.000192953534723205,-0.0001969227734216822,-1.2023059919192876,0.23135191590977422,-0.029045923990486625,-551.2475993958318,1047.8597008419415,-497.62124366485176,-1.0091422187420567
10.98,-0.0005704554186529795,0.1448423990811907,-0.05,-2.006319001138299,1.0000012907993918,-0.000192953534723205,-0.0001969227734216822,-1.2023059919192876,0.23135191590977422,-0.029045923990486625,-551.2475993958318,1047.8597008419415,-497.62124366485176,-1.0091422187420567
11.0,-0.0006605002925107958,0.06981420699011867,0.05,-2.006319001138299,1.0000012907993918,-0.000192953534723205,-0.0001969227734216822,-1.2023059919192876,0.23135191590977422,-0.029045923990486625,-551.2475993958318,1047.8597008419415,-497.62124366485176,-1.0091422187420567
11.02,-0.0007968754229668704,-0.028092321496791563,0.05,-2.006319001138299,1.0000012907993918,-0.000192953534723205,-0.0001969227734216822,-1.2023059919192876,0.23135191590977422,-0.029045923990486625,-551.2475993958318,1047.8597008419415,-497.62124366485176,-1.0091422187420567
11.040000000000001,-0.0009463859757546735,-0.11153557854869774,0.05,-2.006319001138299,1.0000012907993918,-0.000192953534723205,-0.0001969227734216822,-1.2023059919192876,0.23135191590977422,-0.029045923990486625,-551.2475993958318,1047.8597008419415,-497.62124366485176,-1.0091422187420567
11.06,-0.0010742620099954622,-0.1730767425076268,0.05,-2.006319001138299,1.0000012907993918,-0.000192953534723205,-0.0001969227734216822,-1.2023059919192876,0.23135191590977422,-0.029045923990486625,-551.2475993958318,1047.8597008419415,-497.62124366485176,-1.0091422187420567
11.08,-0.0011527574425592624,-0.21428098388023878,0.05,-2.006319001138299,1.0000012907993918,-0.000192953534723205,-0.0001969227734216822,-1.2023059919192876,0.23135191590977422,-0.029045923990486625,-551.2475993958318,1047.8597008419415,-497.62124366485176,-1.0091422187420567
11.1,-0.0011621346744912736,-0.23855791778921864,0.05,-2.006319001138299,1.0000012907993918,-0.000192953534723205,-0.0001969227734216822,-1.2023059919192876,0.23135191590977422,-0.029045923990486625,-551.2475993958318,1047.8597008419415,-497.62124366485176,-1.0091422187420567
11.120000000000001,-0.0010895634813724447,-0.14831711414004273,-0.05,-2.006319001138299,1.0000012907993918,-0.000192953534723205,-0.0001969227734216822,-1.2023059919192876,0.23135191590977422,-0.029045923990486625,-551.2475993958318,1047.8597008419415,-497.62124366485176,-1.0091422187420567
11.14,-0.0009475786342101859,-0.03784228766636413,-0.05,-2.006319001138299,1.0000012907993918,-0.000192953534723205,-0.0001969227734216822,-1.2023059919192876,0.23135191590977422,-0.029045923990486625,-551.2475993958318,1047.8597008419415,-497.62124366485176,-1.0091422187420567
11.16,-0.0007748081932309747,0.05597178810351583,-0.05,-2.006319001138299,1.0000012907993918,-0.000192953534723205,-0.0001969227734216822,-1.2023059919192876,0.23135191590977422,-0.029045923990486625,-551.2475993958318,1047.8597008419415,-497.62124366485176,-1.0091422187420567
11.18,-0.0006103933172612893,0.12607637759805482,-0.05,-2.006319001138299,1.0000012907993918,-0.000192953534723205,-0.0001969227734216822,-1.2023059919192876,0.23135191590977422,-0.029045923990486625,-551.2475993958318,1047.8597008419415,-497.62124366485176,-1.0091422187420567
11.200000000000001,-0.00048558103048937693,0.07344709339728675,0.05,-2.006319001138299,1.0000012907993918,-0.000192953534723205,-0.0001969227734216822,-1.2023059919192876,0.23135191590977422,-0.029045923990486625,-551.2475993958318,1047.8597008419415,-497.62124366485176,-1.0091422187420567
11.22,-0.00040303969715237457,-0.0067920434955238,0.05,-2.006319001138299,1.0000012907993918,-0.000192953534723205,-0.0001969227734216822,-1.2023059919192876,0.23135191590977422,-0.029045923990486625,-551.2475993958318,1047.8597008419415,-497.62124366485176,-1.0091422187420567
11.24,-0.00033610782299921157,-0.07653835679704964,0.05,-2.006319001138299,1.0000012907993918,-0.000192953534723205,-0.0001969227734216822,-1.2023059919192876,0.23135191590977422,-0.029045923990486625,-551.2475993958318,1047.8597008419415,-497.62124366485176,-1.0091422187420567
11.26,-0.00025485133977820915,-0.12762840669830927,0.05,-2.006319001138299,1.0000012907993918,-0.000192953534723205,-0.0001969227734216822,-1.2023059919192876,0.23135191590977422,-0.029045923990486625,-551.2475993958318,1047.8597008419415,-497.62124366485176,-1.0091422187420567
11.28,-0.00013498486879615334,-0.1610115238489517,0.05,-2.006319001138299,1.0000012907993918,-0.000192953534723205,-0.0001969227734216822,-1.2023059919192876,0.23135191590977422,-0.029045923990486625,-551.2475993958318,1047.8597008419415,-497.62124366485176,-1.0091422187420567
11.3,4.085842987210319e-05,-0.07867518486734557,-0.05,-2.006319001138299,1.0000012907993918,-0.000192953534723205,-0.0001969227734216822,-1.2023059919192876,0.23135191590977422,-0.029045923990486625,-551.2475993958318,1047.8597008419415,-497.62124366485176,-1.0091422187420567
11.32,0.0002641299319334847,0.025024454799742607,-0.05,-2.006319001138299,1.0000012907993918,-0.000192953534723205,-0.0001969227734216822,-1.2023059919192876,0.23135191590977422,-0.029045923990486625,-551.2475993958318,1047.8597008419415,-497.62124366485176,-1.0091422187420567
11.34,0.000499593074882754,0.11302948358947942,-0.05,-2.006319001138299,1.0000012907993918,-0.000192953534723205,-0.0001969227734216822,-1.2023059919192876,0.23135191590977422,-0.029045923990486625,-551.2475993958318,1047.8597008419415,-497.62124366485176,-1.0091422187420567
11.36,0.0007109709025222313,0.1781327058023373,-0.05,-2.006319001138299,1.0000012907993918,-0.000192953534723205,-0.0001969227734216822,-1.2023059919192876,0.23135191590977422,-0.029045923990486625,-551.2475993958318,1047.8597008419415,-497.62124366485176,-1.0091422187420567
11.38,0.0008694342977463127,0.2220883407996356,-0.05,-2.006319001138299,1.0000012907993918,-0.000192953534723205,-0.0001969227734216822,-1.2023059919192876,0.23135191590977422,-0.029045923990486625,-551.2475993958318,1047.8597008419415,-497.62124366485176,-1.0091422187420567
11.4,0.0009544971229642053,0.14754604420587936,0.05,-2.006319001138299,1.0000012907993918,-0.000192953534723205,-0.0001969227734216822,-1.2023059919192876,0.23135191590977422,-0.029045923990486625,-551.2475993958318,1047.8597008419415,-497.62124366485176,-1.0091422187420567
11.42,0.0009727051010735586,0.049403106675860065,0.05,-2.006319001138299,1.0000012907993918,-0.000192953534723205,-0.0001969227734216822,-1.2023059919192876,0.23135191590977422,-0.029045923990486625,-551.2475993958318,1047.8597008419415,-497.62124366485176,-1.0091422187420567
11.44,0.0009581590688311834,-0.034841302989050846,0.05,-2.006319001138299,1.0000012907993918,-0.000192953534723205,-0.0001969227734216822,-1.2023059919192876,0.23135191590977422,-0.029045923990486625,-551.2475993958318,1047.8597008419415,-497.62124366485176,-1.0091422187420567
11.46,0.0009466670791432608,-0.09762050878764934,0.05,-2.006319001138299,1.0000012907993918,-0.000192953534723205,-0.0001969227734216822,-1.2023059919192876,0.23135191590977422,-0.029045923990486625,-551.2475993958318,1047.8597008419415,-497.62124366485176,-1.0091422187420567
11.48,0.0009670956782582057,-0.14039607636751494,0.05,-2.006319001138299,1.0000012907993918,-0.000192953534723205,-0.0001969227734216822,-1.2023059919192876,0.23135191590977422,-0.029045923990486625,-551.2475993958318,1047.8597008419415,-497.62124366485176,-1.0091422187420567
11.5,0.00104034663735932,-0.06557959148124295,-0.05,-2.006319001138299,1.0000012907993918,-0.000192953534723205,-0.0001969227734216822,-1.2023059919192876,0.23135191590977422,-0.029045923990486625,-551.2475993958318,1047.8597008419415,-497.62124366485176,-1.0091422187420567
11.52,0.0011605661725889041,0.03212515306940302,-0.05,-2.006319001138299,1.0000012907993918,-0.000192953534723205,-0.0001969227734216822,-1.2023059919192876,0.23135191590977422,-0.029045923990486625,-551.2475993958318,1047.8597008419415,-497.62124366485176,-1.0091422187420567
11.540000000000001,0.0012945410260102766,0.11537610335139015,-0.05,-2.006319001138299,1.0000012907993918,-0.000192953534723205,-0.0001969227734216822,-1.2023059919192876,0.23135191590977422,-0.029045923990486625,-551.2475993958318,1047.8597008419415,-497.62124366485176,-1.0091422187420567
11.56,0.0014074828477864392,0.17673400672916828,-0.05,-2.006319001138299,1.0000012907993918,-0.000192953534723205,-0.0001969227734216822,-1.2023059919192876,0.23135191590977422,-0.029045923990486625,-551.2475993958318,1047.8597008419415,-497.62124366485176,-1.0091422187420567
11.58,0.0014716272150434944,0.21776361741221864,-0.05,-2.006319001138299,1.0000012907993918,-0.000192953534723205,-0.0001969227734216822,-1.2023059919192876,0.23135191590977422,-0.029045923990486625,-551.2475993958318,1047.8597008419415,-497.62124366485176,-1.0091422187420567
11.6,0.0014672183090414764,0.140959928059511,0.05,-2.006319001138299,1.0000012907993918,-0.000192953534723205,-0.0001969227734216822,-1.2023059919192876,0.23135191590977422,-0.029045923990486625,-551.2475993958318,1047.8597008419415,-497.62124366485176,-1.0091422187420567
11.620000000000001,0.0014012700266947333,0.04109399251135901,0.05,-2.006319001138299,1.0000012907993918,-0.000192953534723205,-0.0001969227734216822,-1.2023059919192876,0.23135191590977422,-0.029045923990486625,-551.2475993958318,1047.8597008419415,-497.62124366485176,-1.0091422187420567
11.64,0.001308147422359451,-0.04443802651920243,0.05,-2.006319001138299,1.0000012907993918,-0.000192953534723205,-0.0001969227734216822,-1.2023059919192876,0.23135191590977422,-0.029045923990486625,-551.2475993958318,1047.8597008419415,-497.62124366485176,-1.0091422187420567
11.66,0.0012237655867672424,-0.10815347036191603,0.05,-2.006319001138299,1.0000012907993918,-0.000192953534723205,-0.0001969227734216822,-1.2023059919192876,0.23135191590977422,-0.029045923990486625,-551.2475993958318,1047.8597008419415,-497.62124366485176,-1.0091422187420567
11.68,0.0011769783989967423,-0.151582418294084,0.05,-2.006319001138299,1.0000012907993918,-0.000192953534723205,-0.0001969227734216822,-1.2023059919192876,0.23135191590977422,-0.029045923990486625,-551.2475993958318,1047.8597008419415,-497.62124366485176,-1.0091422187420567
11.700000000000001,0.0011885851974374854,-0.0771923128714907,-0.05,-2.006319001138299,1.0000012907993918,-0.000192953534723205,-0.0001969227734216822,-1.2023059919192876,0.23135191590977422,-0.029045923990486625,-551.2475993958318,1047.8597008419415,-497.62124366485176,-1.0091422187420567
11.72,0.001252563845498074,0.020267534236981223,-0.05,-2.006319001138299,1.0000012907993918,-0.000192953534723205,-0.0001969227734216822,-1.2023059919192876,0.23135191590977422,-0.029045923990486625,-551.2475993958318,1047.8597008419415,-497.62124366485176,-1.0091422187420567
11.74,0.0013354857211078364,0.10341799237745392,-0.05,-2.006319001138299,1.0000012907993918,-0.000192953534723205,-0.0001969227734216822,-1.2023059919192876,0.23135191590977422,-0.029045923990486625,-551.2475993958318,1047.8597008419415,-497.62124366485176,-1.0091422187420567
11.76,0.0014023150184134198,0.16478962578072925,-0.05,-2.006319001138299,1.0000012907993918,-0.000192953534723205,-0.0001969227734216822,-1.2023059919192876,0.23135191590977422,-0.029045923990486625,-551.2475993958318,1047.8597008419415,-497.62124366485176,-1.0091422187420567
11.78,0.0014250194755205245,0.20592263872874805,-0.05,-2.006319001138299,1.0000012907993918,-0.000192953534723205,-0.0001969227734216822,-1.2023059919192876,0.23135191590977422,-0.029045923990486625,-551.2475993958318,1047.8597008419415,-497.62124366485176,-1.0091422187420567
11.8,0.001383564171275205,0.12929207716316807,0.05,-2.006319001138299,1.0000012907993918,-0.000192953534723205,-0.0001969227734216822,-1.2023059919192876,0.23135191590977422,-0.029045923990486625,-551.2475993958318,1047.8597008419415,-497.62124366485176,-1.0091422187420567
11.82,0.001284679675630219,0.02965281032048779,0.05,-2.006319001138299,1.0000012907993918,-0.000192953534723205,-0.0001969227734216822,-1.2023059919192876,0.23135191590977422,-0.029045923990486625,-551.2475993958318,1047.8597008419415,-497.62124366485176,-1.0091422187420567
11.84,0.0011624488562862081,-0.05561211139805564,0.05,-2.006319001138299,1.0000012907993918,-0.000192953534723205,-0.0001969227734216822,-1.2023059919192876,0.23135191590977422,-0.029045923990486625,-551.2475993958318,1047.8597008419415,-497.62124366485176,-1.0091422187420567
11.86,0.0010525097771537347,-0.11903063722558557,0.05,-2.006319001138299,1.0000012907993918,-0.000192953534723205,-0.0001969227734216822,-1.2023059919192876,0.23135191590977422,-0.029045923990486625,-551.2475993958318,1047.8597008419415,-497.62124366485176,-1.0091422187420567
11.88,0.0009834474040131922,-0.16214141156626283,0.05,-2.006319001138299,1.0000012907993918,-0.000192953534723205,-0.0001969227734216822,-1.2023059919192876,0.23135191590977422,-0.029045923990486625,-551.2475993958318,1047.8597008419415,-497.62124366485176,-1.0091422187420567
11.9,0.0009758023865389447,-0.08741877413585741,-0.05,-2.006319001138299,1.0000012907993918,-0.000192953534723205,-0.0001969227734216822,-1.2023059919192876,0.23135191590977422,-0.029045923990486625,-551.2475993958318,1047.8597008419415,-497.62124366485176,-1.0091422187420567
11.92,0.0010233055640745776,0.01038242542907089,-0.05,-2.006319001138299,1.0000012907993918,-0.000192953534723205,-0.0001969227734216822,-1.2023059919192876,0.23135191590977422,-0.029045923990486625,-551.2475993958318,1047.8597008419415,-497.62124366485176,-1.0091422187420567
11.94,0.0010922938744983828,0.0938786280794452,-0.05,-2.006319001138299,1.0000012907993918,-0.000192953534723205,-0.0001969227734216822,-1.2023059919192876,0.23135191590977422,-0.029045923990486625,-551.2475993958318,1047.8597008419415,-497.62124366485176,-1.0091422187420567
11.96,0.0011475101740492466,0.15559687851401804,-0.05,-2.006319001138299,1.0000012907993918,-0.000192953534723205,-0.0001969227734216822,-1.2023059919192876,0.23135191590977422,-0.029045923990486625,-551.2475993958318,1047.8597008419415,-497.62124366485176,-1.0091422187420567
11.98,0.0011607141649379476,0.19707460255897125,-0.05,-2.006319001138299,1.0000012907993918,-0.000192953534723205,-0.0001969227734216822,-1.2023059919192876,0.23135191590977422,-0.029045923990486625,-551.2475993958318,1047.8597008419415,-497.62124366485176,-1.0091422187420567
12.0,0.0011116761486076807,0.22169889250975716,-0.05,-2.006319001138299,1.0000012907993918,-0.000192953534723205,-0.0001969227734216822,-1.2023059919192876,0.23135191590977422,-0.029045923990486625,-551.2475993958318,1047.8597008419415,-497.62124366485176,-1.0091422187420567
12.02,0.0009870827721404614,0.1318610624866259,0.05,-2.006319001138299,1.0000012907993918,-0.000192953534723205,-0.0001969227734216822,-1.2023059919192876,0.23135191590977422,-0.029045923990486625,-551.2475993958318,1047.8597008419415,-497.62124366485176,-1.0091422187420567
12.040000000000001,0.000798999695717172,0.021830058464046523,0.05,-2.006319001138299,1.0000012907993918,-0.000192953534723205,-0.0001969227734216822,-1.2023059919192876,0.23135191590977422,-0.029045923990486625,-551.2475993958318,1047.8597008419415,-497.62124366485176,-1.0091422187420567
12.06,0.0005856034907753065,-0.07151126806800266,0.05,-2.006319001138299,1.0000012907993918,-0.000192953534723205,-0.0001969227734216822,-1.2023059919192876,0.23135191590977422,-0.029045923990486625,-551.2475993958318,1047.8597008419415,-497.62124366485176,-1.0091422187420567
12.08,0.00038560390832322527,-0.14112378408116075,0.05,-2.006319001138299,1.0000012907993918,-0.000192953534723205,-0.0001969227734216822,-1.2023059919192876,0.23135191590977422,-0.029045923990486625,-551.2475993958318,1047.8597008419415,-497.62124366485176,-1.0091422187420567
12.1,0.00022983821266649897,-0.1889050347078172,0.05,-2.006319001138299,1.0000012907993918,-0.000192953534723205,-0.0001969227734216822,-1.2023059919192876,0.23135191590977422,-0.029045923990486625,-551.2475993958318,1047.8597008419415,-497.62124366485176,-1.0091422187420567
12.120000000000001,0.00014044972596788236,-0.11762332729431516,-0.05,-2.006319001138299,1.0000012907993918,-0.000192953534723205,-0.0001969227734216822,-1.2023059919192876,0.23135191590977422,-0.029045923990486625,-551.2475993958318,1047.8597008419415,-497.62124366485176,-1.0091422187420567
12.14,0.00011226072829659462,-0.02227342288665357,-0.05,-2.006319001138299,1.0000012907993918,-0.000192953534723205,-0.0001969227734216822,-1.2023059919192876,0.23135191590977422,-0.029045923990486625,-551.2475993958318,1047.8597008419415,-497.62124366485176,-1.0091422187420567
12.16,0.00011230018806844513,0.05956558520939376,-0.05,-2.006319001138299,1.0000012907993918,-0.000192953534723205,-0.0001969227734216822,-1.2023059919192876,0.23135191590977422,-0.029045923990486625,-551.2475993958318,1047.8597008419415,-497.62124366485176,-1.0091422187420567
12.18,0.00010569357234978003,0.12026150156629761,-0.05,-2.006319001138299,1.0000012907993918,-0.000192953534723205,-0.0001969227734216822,-1.2023059919192876,0.23135191590977422,-0.029045923990486625,-551.2475993958318,1047.8597008419415,-497.62124366485176,-1.0091422187420567
12.200000000000001,6.434597129278675e-05,0.161222156811821,-0.05,-2.006319001138299,1.0000012907993918,-0.000192953534723205,-0.0001969227734216822,-1.2023059919192876,0.23135191590977422,-0.029045923990486625,-551.2475993958318,1047.8597008419415,-497.62124366485176,-1.0091422187420567
12.22,-3.200639527034382e-05,0.08481503102353588,0.05,-2.006319001138299,1.0000012907993918,-0.000192953534723205,-0.0001969227734216822,-1.2023059919192876,0.23135191590977422,-0.029045923990486625,-551.2475993958318,1047.8597008419415,-497.62124366485176,-1.0091422187420567
12.24,-0.00017698218937913353,-0.014292312363244797,0.05,-2.006319001138299,1.0000012907993918,-0.000192953534723205,-0.0001969227734216822,-1.2023059919192876,0.23135191590977422,-0.029045923990486625,-551.2475993958318,1047.8597008419415,-497.62124366485176,-1.0091422187420567
12.26,-0.00033693195722185815,-0.09878760792349268,0.05,-2.006319001138299,1.0000012907993918,-0.000192953534723205,-0.0001969227734216822,-1.2023059919192876,0.23135191590977422,-0.029045923990486625,-551.2475993958318,1047.8597008419415,-497.62124366485176,-1.0091422187420567
12.280000000000001,-0.00047670683157295554,-0.1612561328854848,0.05,-2.006319001138299,1.0000012907993918,-0.000192953534723205,-0.0001969227734216822,-1.2023059919192876,0.23135191590977422,-0.029045923990486625,-551.2475993958318,1047.8597008419415,-497.62124366485176,-1.0091422187420567
12.3,-0.0005682446411618943,-0.20328287276822837,0.05,-2.006319001138299,1.0000012907993918,-0.000192953534723205,-0.0001969227734216822,-1.2023059919192876,0.23135191590977422,-0.029045923990486625,-551.2475993958318,1047.8597008419415,-497.62124366485176,-1.0091422187420567
12.32,-0.0005915439461065433,-0.12737953402868954,-0.05,-2.006319001138299,1.0000012907993918,-0.000192953534723205,-0.0001969227734216822,-1.2023059919192876,0.23135191590977422,-0.029045923990486625,-551.2475993958318,1047.8597008419415,-497.62124366485176,-1.0091422187420567
12.34,-0.0005534163842704063,-0.028331013299884467,-0.05,-2.006319001138299,1.0000012907993918,-0.000192953534723205,-0.0001969227734216822,-1.2023059919192876,0.23135191590977422,-0.029045923990486625,-551.2475993958318,1047.8597008419415,-497.62124366485176,-1.0091422187420567
12.36,-0.00048806084625617637,0.05645504712459404,-0.05,-2.006319001138299,1.0000012907993918,-0.000192953534723205,-0.0001969227734216822,-1.2023059919192876,0.23135191590977422,-0.029045923990486625,-551.2475993958318,1047.8597008419415,-497.62124366485176,-1.0091422187420567
12.38,-0.0004312563115549991,0.1194864667888631,-0.05,-2.006319001138299,1.0000012907993918,-0.000192953534723205,-0.0001969227734216822,-1.2023059919192876,0.23135191590977422,-0.029045923990486625,-551.2475993958318,1047.8597008419415,-497.62124366485176,-1.0091422187420567
12.4,-0.00041174561789376326,0.16228540302509614,-0.05,-2.006319001138299,1.0000012907993918,-0.000192953534723205,-0.0001969227734216822,-1.2023059919192876,0.23135191590977422,-0.029045923990486625,-551.2475993958318,1047.8597008419415,-497.62124366485176,-1.0091422187420567
12.42,-0.0004502380162099931,0.08731267981409738,0.05,-2.006319001138299,1.0000012907993918,-0.000192953534723205,-0.0001969227734216822,-1.2023059919192876,0.23135191590977422,-0.029045923990486625,-551.2475993958318,1047.8597008419415,-497.62124366485176,-1.0091422187420567
12.44,-0.0005406388095441163,-0.010687936285677185,0.05,-2.006319001138299,1.0000012907993918,-0.000192953534723205,-0.0001969227734216822,-1.2023059919192876,0.23135191590977422,-0.029045923990486625,-551.2475993958318,1047.8597008419415,-497.62124366485176,-1.0091422187420567
12.46,-0.0006494614990414692,-0.09434197963759937,0.05,-2.006319001138299,1.0000012907993918,-0.000192953534723205,-0.0001969227734216822,-1.2023059919192876,0.23135191590977422,-0.029045923990486625,-551.2475993958318,1047.8597008419415,-497.62124366485176,-1.0091422187420567
12.48,-0.0007416247327130329,-0.15618396459232703,0.05,-2.006319001138299,1.0000012907993918,-0.000192953534723205,-0.0001969227734216822,-1.2023059919192876,0.23135191590977422,-0.029045923990486625,-551.2475993958318,1047.8597008419415,-497.62124366485176,-1.0091422187420567
12.5,-0.0007890610630170515,-0.19775745572592096,0.05,-2.006319001138299,1.0000012907993918,-0.000192953534723205,-0.0001969227734216822,-1.2023059919192876,0.23135191590977422,-0.029045923990486625,-551.2475993958318,1047.8597008419415,-497.62124366485176,-1.0091422187420567
12.52,-0.0007717090915574449,-0.12154037009491209,-0.05,-2.006319001138299,1.0000012907993918,-0.000192953534723205,-0.0001969227734216822,-1.2023059919192876,0.23135191590977422,-0.029045923990486625,-551.2475993958318,1047.8597008419415,-497.62124366485176,-1.0091422187420567
12.540000000000001,-0.000696280245229368,-0.02229004896363987,-0.05,-2.006319001138299,1.0000012907993918,-0.000192953534723205,-0.0001969227734216822,-1.2023059919192876,0.23135191590977422,-0.029045923990486625,-551.2475993958318,1047.8597008419415,-497.62124366485176,-1.0091422187420567
12.56,-0.0005968444086797229,0.06260832504460664,-0.05,-2.006319001138299,1.0000012907993918,-0.000192953534723205,-0.0001969227734216822,-1.2023059919192876,0.23135191590977422,-0.029045923990486625,-551.2475993958318,1047.8597008419415,-497.62124366485176,-1.0091422187420567
12.58,-0.000509031812557256,0.12568086573388942,-0.05,-2.006319001138299,1.0000012907993918,-0.000192953534723205,-0.0001969227734216822,-1.2023059919192876,0.23135191590977422,-0.029045923990486625,-551.2475993958318,1047.8597008419415,-497.62124366485176,-1.0091422187420567
12.6,-0.00046142390503211514,0.16846462381050487,-0.05,-2.006319001138299,1.0000012907993918,-0.000192953534723205,-0.0001969227734216822,-1.2023059919192876,0.23135191590977422,-0.029045923990486625,-551.2475993958318,1047.8597008419415,-497.62124366485176,-1.0091422187420567
12.620000000000001,-0.0004745614404178614,0.09343253992876172,0.05,-2.006319001138299,1.0000012907993918,-0.000192953534723205,-0.0001969227734216822,-1.2023059919192876,0.23135191590977422,-0.029045923990486625,-551.2475993958318,1047.8597008419415,-497.62124366485176,-1.0091422187420567
12.64,-0.0005421783926203181,-0.00466177081656273,0.05,-2.006319001138299,1.0000012907993918,-0.000192953534723205,-0.0001969227734216822,-1.2023059919192876,0.23135191590977422,-0.029045923990486625,-551.2475993958318,1047.8597008419415,-497.62124366485176,-1.0091422187420567
12.66,-0.0006306173651234059,-0.08843584692899091,0.05,-2.006319001138299,1.0000012907993918,-0.000192953534723205,-0.0001969227734216822,-1.2023059919192876,0.23135191590977422,-0.029045923990486625,-551.2475993958318,1047.8597008419415,-497.62124366485176,-1.0091422187420567
12.68,-0.0007046289952791832,-0.15041772010966664,0.05,-2.006319001138299,1.0000012907993918,-0.000192953534723205,-0.0001969227734216822,-1.2023059919192876,0.23135191590977422,-0.029045923990486625,-551.2475993958318,1047.8597008419415,-497.62124366485176,-1.0091422187420567
12.700000000000001,-0.000735982523502638,-0.19214570852414073,0.05,-2.006319001138299,1.0000012907993918,-0.000192953534723205,-0.0001969227734216822,-1.2023059919192876,0.23135191590977422,-0.029045923990486625,-551.2475993958318,1047.8597008419415,-497.62124366485176,-1.0091422187420567
12.72,-0.0007044592379584463,-0.11609349274441197,-0.05,-2.006319001138299,1.0000012907993918,-0.000192953534723205,-0.0001969227734216822,-1.2023059919192876,0.23135191590977422,-0.029045923990486625,-551.2475993958318,1047.8597008419415,-497.62124366485176,-1.0091422187420567
12.74,-0.0006166201470225085,-0.017015002980330485,-0.05,-2.006319001138299,1.0000012907993918,-0.000192953534723205,-0.0001969227734216822,-1.2023059919192876,0.23135191590977422,-0.029045923990486625,-551.2475993958318,1047.8597008419415,-497.62124366485176,-1.0091422187420567
12.76,-0.0005063921882182828,0.06770731580742718,-0.05,-2.006319001138299,1.0000012907993918,-0.000192953534723205,-0.0001969227734216822,-1.2023059919192876,0.23135191590977422,-0.029045923990486625,-551.2475993958318,1047.8597008419415,-497.62124366485176,-1.0091422187420567
12.780000000000001,-0.00040927044164479467,0.13060176716640626,-0.05,-2.006319001138299,1.0000012907993918,-0.000192953534723205,-0.0001969227734216822,-1.2023059919192876,0.23135191590977422,-0.029045923990486625,-551.2475993958318,1047.8597008419415,-497.62124366485176,-1.0091422187420567
12.8,-0.00035370913534527607,0.17320714475865723,-0.05,-2.006319001138299,1.0000012907993918,-0.000192953534723205,-0.0001969227734216822,-1.2023059919192876,0.23135191590977422,-0.029045923990486625,-551.2475993958318,1047.8597008419415,-497.62124366485176,-1.0091422187420567
12.82,-0.0003601297220363481,0.09799776738064611,0.05,-2.006319001138299,1.0000012907993918,-0.000192953534723205,-0.0001969227734216822,-1.2023059919192876,0.23135191590977422,-0.029045923990486625,-551.2475993958318,1047.8597008419415,-497.62124366485176,-1.0091422187420567
12.84,-0.00042215466915765105,-0.0002716687834109499,0.05,-2.006319001138299,1.0000012907993918,-0.000192953534723205,-0.0001969227734216822,-1.2023059919192876,0.23135191590977422,-0.029045923990486625,-551.2475993958318,1047.8597008419415,-497.62124366485176,-1.0091422187420567
12.86,-0.0005060226634923628,-0.08421786293822861,0.05,-2.006319001138299,1.0000012907993918,-0.000192953534723205,-0.0001969227734216822,-1.2023059919192876,0.23135191590977422,-0.029045923990486625,-551.2475993958318,1047.8597008419415,-497.62124366485176,-1.0091422187420567
12.88,-0.0005763877520093191,-0.1463682046933636,0.05,-2.006319001138299,1.0000012907993918,-0.000192953534723205,-0.0001969227734216822,-1.2023059919192876,0.23135191590977422,-0.029045923990486625,-551.2475993958318,1047.8597008419415,-497.62124366485176,-1.0091422187420567
12.9,-0.0006049296064750457,-0.1882605305057105,0.05,-2.006319001138299,1.0000012907993918,-0.000192953534723205,-0.0001969227734216822,-1.2023059919192876,0.23135191590977422,-0.029045923990486625,-551.2475993958318,1047.8597008419415,-497.62124366485176,-1.0091422187420567
12.92,-0.0005713466367494883,-0.11236816944100661,-0.05,-2.006319001138299,1.0000012907993918,-0.000192953534723205,-0.0001969227734216822,-1.2023059919192876,0.23135191590977422,-0.029045923990486625,-551.2475993958318,1047.8597008419415,-497.62124366485176,-1.0091422187420567
12.94,-0.00048212331765581543,-0.013444806521237626,-0.05,-2.006319001138299,1.0000012907993918,-0.000192953534723205,-0.0001969227734216822,-1.2023059919192876,0.23135191590977422,-0.029045923990486625,-551.2475993958318,1047.8597008419415,-497.62124366485176,-1.0091422187420567
12.96,-0.000371116042082357,0.07112727389395136,-0.05,-2.006319001138299,1.0000012907993918,-0.000192953534723205,-0.0001969227734216822,-1.2023059919192876,0.23135191590977422,-0.029045923990486625,-551.2475993958318,1047.8597008419415,-497.62124366485176,-1.0091422187420567
12.98,-0.00027375497504023255,0.13387647005663447,-0.05,-2.006319001138299,1.0000012907993918,-0.000192953534723205,-0.0001969227734216822,-1.2023059919192876,0.23135191590977422,-0.029045923990486625,-551.2475993958318,1047.8597008419415,-497.62124366485176,-1.0091422187420567
13.0,-0.00021843470746048187,0.17634161687843983,-0.05,-2.006319001138299,1.0000012907993918,-0.000192953534723205,-0.0001969227734216822,-1.2023059919192876,0.23135191590977422,-0.029045923990486625,-551.2475993958318,1047.8597008419415,-497.62124366485176,-1.0091422187420567
13.02,-0.00022552199186272966,0.10099703065769561,0.05,-2.006319001138299,1.0000012907993918,-0.000192953534723205,-0.0001969227734216822,-1.2023059919192876,0.23135191590977422,-0.029045923990486625,-551.2475993958318,1047.8597008419415,-497.62124366485176,-1.0091422187420567
13.040000000000001,-0.0002885892019973152,0.0025973703705525902,0.05,-2.006319001138299,1.0000012907993918,-0.000192953534723205,-0.0001969227734216822,-1.2023059919192876,0.23135191590977422,-0.029045923990486625,-551.2475993958318,1047.8597008419415,-497.62124366485176,-1.0091422187420567
13.06,-0.0003738292198745237,-0.08147412755423178,0.05,-2.006319001138299,1.0000012907993918,-0.000192953534723205,-0.0001969227734216822,-1.2023059919192876,0.23135191590977422,-0.029045923990486625,-551.2475993958318,1047.8597008419415,-497.62124366485176,-1.0091422187420567
13.08,-0.0004458542740129878,-0.14374493855024556,0.05,-2.006319001138299,1.0000012907993918,-0.000192953534723205,-0.0001969227734216822,-1.2023059919192876,0.23135191590977422,-0.029045923990486625,-551.2475993958318,1047.8597008419415,-497.62124366485176,-1.0091422187420567
13.1,-0.0004763059166297627,-0.1857530015810851,0.05,-2.006319001138299,1.0000012907993918,-0.000192953534723205,-0.0001969227734216822,-1.2023059919192876,0.23135191590977422,-0.029045923990486625,-551.2475993958318,1047.8597008419415,-497.62124366485176,-1.0091422187420567
13.120000000000001,-0.0004448478650858824,-0.10997176100470427,-0.05,-2.006319001138299,1.0000012907993918,-0.000192953534723205,-0.0001969227734216822,-1.2023059919192876,0.23135191590977422,-0.029045923990486625,-551.2475993958318,1047.8597008419415,-497.62124366485176,-1.0091422187420567
13.14,-0.0003579330734415425,-0.011155027266324113,-0.05,-2.006319001138299,1.0000012907993918,-0.000192953534723205,-0.0001969227734216822,-1.2023059919192876,0.23135191590977422,-0.029045923990486625,-551.2475993958318,1047.8597008419415,-497.62124366485176,-1.0091422187420567
13.16,-0.00024938934284292856,0.07331478368939151,-0.05,-2.006319001138299,1.0000012907993918,-0.000192953534723205,-0.0001969227734216822,-1.2023059919192876,0.23135191590977422,-0.029045923990486625,-551.2475993958318,1047.8597008419415,-497.62124366485176,-1.0091422187420567
13.18,-0.00015462094562313807,0.13596593612070001,-0.05,-2.006319001138299,1.0000012907993918,-0.000192953534723205,-0.0001969227734216822,-1.2023059919192876,0.23135191590977422,-0.029045923990486625,-551.2475993958318,1047.8597008419415,-497.62124366485176,-1.0091422187420567
13.200000000000001,-0.00010199906644346053,0.1783371292515225,-0.05,-2.006319001138299,1.0000012907993918,-0.000192953534723205,-0.0001969227734216822,-1.2023059919192876,0.23135191590977422,-0.029045923990486625,-551.2475993958318,1047.8597008419415,-497.62124366485176,-1.0091422187420567
13.22,-0.00011186934094574647,0.10290254230776208,0.05,-2.006319001138299,1.0000012907993918,-0.000192953534723205,-0.0001969227734216822,-1.2023059919192876,0.23135191590977422,-0.029045923990486625,-551.2475993958318,1047.8597008419415,-497.62124366485176,-1.0091422187420567
13.24,-0.00017778513151044126,0.004416696866059347,0.05,-2.006319001138299,1.0000012907993918,-0.000192953534723205,-0.0001969227734216822,-1.2023059919192876,0.23135191590977422,-0.029045923990486625,-551.2475993958318,1047.8597008419415,-497.62124366485176,-1.0091422187420567
13.26,-0.0002659222425730294,-0.07973730713956659,0.05,-2.006319001138299,1.0000012907993918,-0.000192953534723205,-0.0001969227734216822,-1.2023059919192876,0.23135191590977422,-0.029045923990486625,-551.2475993958318,1047.8597008419415,-497.62124366485176,-1.0091422187420567
13.280000000000001,-0.0003408775993927388,-0.14208708000078232,0.05,-2.006319001138299,1.0000012907993918,-0.000192953534723205,-0.0001969227734216822,-1.2023059919192876,0.23135191590977422,-0.029045923990486625,-551.2475993958318,1047.8597008419415,-497.62124366485176,-1.0091422187420567
13.3,-0.00037427907758683543,-0.1841706935464453,0.05,-2.006319001138299,1.0000012907993918,-0.000192953534723205,-0.0001969227734216822,-1.2023059919192876,0.23135191590977422,-0.029045923990486625,-551.2475993958318,1047.8597008419415,-497.62124366485176,-1.0091422187420567
13.32,-0.00034577820796272027,-0.10846172276650162,-0.05,-2.006319001138299,1.0000012907993918,-0.000192953534723205,-0.0001969227734216822,-1.2023059919192876,0.23135191590977422,-0.029045923990486625,-551.2475993958318,1047.8597008419415,-497.62124366485176,-1.0091422187420567
13.34,-0.0002618171221669331,-0.009714106546544504,-0.05,-2.006319001138299,1.0000012907993918,-0.000192953534723205,-0.0001969227734216822,-1.2023059919192876,0.23135191590977422,-0.029045923990486625,-551.2475993958318,1047.8597008419415,-497.62124366485176,-1.0091422187420567
13.36,-0.00015621404474401267,0.0746896141024076,-0.05,-2.006319001138299,1.0000012907993918,-0.000192953534723205,-0.0001969227734216822,-1.2023059919192876,0.23135191590977422,-0.029045923990486625,-551.2475993958318,1047.8597008419415,-497.62124366485176,-1.0091422187420567
13.38,-6.436480639186814e-05,0.13727758295032283,-0.05,-2.006319001138299,1.0000012907993918,-0.000192953534723205,-0.0001969227734216822,-1.2023059919192876,0.23135191590977422,-0.029045923990486625,-551.2475993958318,1047.8597008419415,-497.62124366485176,-1.0091422187420567
13.4,-1.4633184431933735e-05,0.17958838271041302,-0.05,-2.006319001138299,1.0000012907993918,-0.000192953534723205,-0.0001969227734216822,-1.2023059919192876,0.23135191590977422,-0.029045923990486625,-551.2475993958318,1047.8597008419415,-497.62124366485176,-1.0091422187420567
13.42,-2.735834958711464e-05,0.10409607942471143,0.05,-2.006319001138299,1.0000012907993918,-0.000192953534723205,-0.0001969227734216822,-1.2023059919192876,0.23135191590977422,-0.029045923990486625,-551.2475993958318,1047.8597008419415,-497.62124366485176,-1.0091422187420567
13.44,-9.608805695659589e-05,0.005555084765468496,0.05,-2.006319001138299,1.0000012907993918,-0.000192953534723205,-0.0001969227734216822,-1.2023059919192876,0.23135191590977422,-0.029045923990486625,-551.2475993958318,1047.8597008419415,-497.62124366485176,-1.0091422187420567
13.46,-0.00018699328257768414,-0.07865160759101303,0.05,-2.006319001138299,1.0000012907993918,-0.000192953534723205,-0.0001969227734216822,-1.2023059919192876,0.23135191590977422,-0.029045923990486625,-551.2475993958318,1047.8597008419415,-497.62124366485176,-1.0091422187420567
13.48,-0.0002646668295244988,-0.14105171038857828,0.05,-2.006319001138299,1.0000012907993918,-0.000192953534723205,-0.0001969227734216822,-1.2023059919192876,0.23135191590977422,-0.029045923990486625,-551.2475993958318,1047.8597008419415,-497.62124366485176,-1.0091422187420567
13.5,-0.0003007330910541718,-0.18318339435978556,0.05,-2.006319001138299,1.0000012907993918,-0.000192953534723205,-0.0001969227734216822,-1.2023059919192876,0.23135191590977422,-0.029045923990486625,-551.2475993958318,1047.8597008419415,-497.62124366485176,-1.0091422187420567
13.52,-0.00027484069471756493,-0.107520330115709,-0.05,-2.006319001138299,1.0000012907993918,-0.000192953534723205,-0.0001969227734216822,-1.2023059919192876,0.23135191590977422,-0.029045923990486625,-551.2475993958318,1047.8597008419415,-497.62124366485176,-1.0091422187420567
13.540000000000001,-0.00019342939256402193,-0.008816549163960727,-0.05,-2.006319001138299,1.0000012907993918,-0.000192953534723205,-0.0001969227734216822,-1.2023059919192876,0.23135191590977422,-0.029045923990486625,-551.2475993958318,1047.8597008419415,-497.62124366485176,-1.0091422187420567
13.56,-9.031550112470811e-05,0.07554531839972994,-0.05,-2.006319001138299,1.0000012907993918,-0.000192953534723205,-0.0001969227734216822,-1.2023059919192876,0.23135191590977422,-0.029045923990486625,-551.2475993958318,1047.8597008419415,-497.62124366485176,-1.0091422187420567
13.58,-8.933660300729571e-07,0.1380933313367924,-0.05,-2.006319001138299,1.0000012907993918,-0.000192953534723205,-0.0001969227734216822,-1.2023059919192876,0.23135191590977422,-0.029045923990486625,-551.2475993958318,1047.8597008419415,-497.62124366485176,-1.0091422187420567
13.6,4.6474341032030695e-05,0.1803659908772908,-0.05,-2.006319001138299,1.0000012907993918,-0.000192953534723205,-0.0001969227734216822,-1.2023059919192876,0.23135191590977422,-0.029045923990486625,-551.2475993958318,1047.8597008419415,-497.62124366485176,-1.0091422187420567
13.620000000000001,3.144921475585358e-05,0.1048372845615343,0.05,-2.006319001138299,1.0000012907993918,-0.000192953534723205,-0.0001969227734216822,-1.2023059919192876,0.23135191590977422,-0.029045923990486625,-551.2475993958318,1047.8597008419415,-497.62124366485176,-1.0091422187420567
13.64,-3.951603887404547e-05,0.006261548369083672,0.05,-2.006319001138299,1.0000012907993918,-0.000192953534723205,-0.0001969227734216822,-1.2023059919192876,0.23135191590977422,-0.029045923990486625,-551.2475993958318,1047.8597008419415,-497.62124366485176,-1.0091422187420567
13.66,-0.00013259220578427667,-0.07797829669993361,0.05,-2.006319001138299,1.0000012907993918,-0.000192953534723205,-0.0001969227734216822,-1.2023059919192876,0.23135191590977422,-0.029045923990486625,-551.2475993958318,1047.8597008419415,-497.62124366485176,-1.0091422187420567
13.68,-0.0002123721392031232,-0.14041003294850382,0.05,-2.006319001138299,1.0000012907993918,-0.000192953534723205,-0.0001969227734216822,-1.2023059919192876,0.23135191590977422,-0.029045923990486625,-551.2475993958318,1047.8597008419415,-497.62124366485176,-1.0091422187420567
13.700000000000001,-0.00025048049520196876,-0.0816576759692206,-0.05,-2.006319001138299,1.0000012907993918,-0.000192953534723205,-0.0001969227734216822,-1.2023059919192876,0.23135191590977422,-0.029045923990486625,-551.2475993958318,1047.8597008419415,-497.62124366485176,-1.0091422187420567
13.72,-0.00024642854812496505,0.003443159452408251,-0.05,-2.006319001138299,1.0000012907993918,-0.000192953534723205,-0.0001969227734216822,-1.2023059919192876,0.23135191590977422,-0.029045923990486625,-551.2475993958318,1047.8597008419415,-497.62124366485176,-1.0091422187420567
13.74,-0.00022850481655411174,0.07702556042267078,-0.05,-2.006319001138299,1.0000012907993918,-0.000192953534723205,-0.0001969227734216822,-1.2023059919192876,0.23135191590977422,-0.029045923990486625,-551.2475993958318,1047.8597008419415,-497.62124366485176,-1.0091422187420567
13.76,-0.00022783099726682835,0.13111861739024971,-0.05,-2.006319001138299,1.0000012907993918,-0.000192953534723205,-0.0001969227734216822,-1.2023059919192876,0.23135191590977422,-0.029045923990486625,-551.2475993958318,1047.8597008419415,-497.62124366485176,-1.0091422187420567
13.780000000000001,-0.0002695323378080806,0.1668288245127286,-0.05,-2.006319001138299,1.0000012907993918,-0.000192953534723205,-0.0001969227734216822,-1.2023059919192876,0.23135191590977422,-0.029045923990486625,-551.2475993958318,1047.8597008419415,-497.62124366485176,-1.0091422187420567
13.8,-0.0003715418040922794,0.18718614457871083,-0.05,-2.006319001138299,1.0000012907993918,-0.000192953534723205,-0.0001969227734216822,-1.2023059919192876,0.23135191590977422,-0.029045923990486625,-551.2475993958318,1047.8597008419415,-497.62124366485176,-1.0091422187420567
13.82,-0.0005455250285390547,0.09428950965457336,0.05,-2.006319001138299,1.0000012907993918,-0.000192953534723205,-0.0001969227734216822,-1.2023059919192876,0.23135191590977422,-0.029045923990486625,-551.2475993958318,1047.8597008419415,-497.62124366485176,-1.0091422187420567
13.84,-0.0007782796145062485,-0.017830614902547642,0.05,-2.006319001138299,1.0000012907993918,-0.000192953534723205,-0.0001969227734216822,-1.2023059919192876,0.23135191590977422,-0.029045923990486625,-551.2475993958318,1047.8597008419415,-497.62124366485176,-1.0091422187420567
13.86,-0.0010308917501409985,-0.11248563188151656,0.05,-2.006319001138299,1.0000012907993918,-0.000192953534723205,-0.0001969227734216822,-1.2023059919192876,0.23135191590977422,-0.029045923990486625,-551.2475993958318,1047.8597008419415,-497.62124366485176,-1.0091422187420567
13.88,-0.0012642242426596129,-0.18279451495355042,0.05,-2.006319001138299,1.0000012907993918,-0.000192953534723205,-0.0001969227734216822,-1.2023059919192876,0.23135191590977422,-0.029045923990486625,-551.2475993958318,1047.8597008419415,-497.62124366485176,-1.0091422187420567
13.9,-0.0014472501887889833,-0.23078338216644773,0.05,-2.006319001138299,1.0000012907993918,-0.000192953534723205,-0.0001969227734216822,-1.2023059919192876,0.23135191590977422,-0.029045923990486625,-551.2475993958318,1047.8597008419415,-497.62124366485176,-1.0091422187420567
13.92,-0.0015578168167766017,-0.15932499072058912,-0.05,-2.006319001138299,1.0000012907993918,-0.000192953534723205,-0.0001969227734216822,-1.2023059919192876,0.23135191590977422,-0.029045923990486625,-551.2475993958318,1047.8597008419415,-497.62124366485176,-1.0091422187420567
13.94,-0.0016012266195613656,-0.06349884339881517,-0.05,-2.006319001138299,1.0000012907993918,-0.000192953534723205,-0.0001969227734216822,-1.2023059919192876,0.23135191590977422,-0.029045923990486625,-551.2475993958318,1047.8597008419415,-497.62124366485176,-1.0091422187420567
13.96,-0.0016106731443749048,0.01904729685693462,-0.05,-2.006319001138299,1.0000012907993918,-0.000192953534723205,-0.0001969227734216822,-1.2023059919192876,0.23135191590977422,-0.029045923990486625,-551.2475993958318,1047.8597008419415,-497.62124366485176,-1.0091422187420567
13.98,-0.0016213224009881501,0.08062564359821595,-0.05,-2.006319001138299,1.0000012907993918,-0.000192953534723205,-0.0001969227734216822,-1.2023059919192876,0.23135191590977422,-0.029045923990486625,-551.2475993958318,1047.8597008419415,-497.62124366485176,-1.0091422187420567
14.0,-0.0016616070980905587,0.1225991030028561,-0.05,-2.006319001138299,1.0000012907993918,-0.000192953534723205,-0.0001969227734216822,-1.2023059919192876,0.23135191590977422,-0.029045923990486625,-551.2475993958318,1047.8597008419415,-497.62124366485176,-1.0091422187420567
14.02,-0.0017521574398875527,0.04729893908503857,0.05,-2.006319001138299,1.0000012907993918,-0.000192953534723205,-0.0001969227734216822,-1.2023059919192876,0.23135191590977422,-0.029045923990486625,-551.2475993958318,1047.8597008419415,-497.62124366485176,-1.0091422187420567
14.040000000000001,-0.0018869734613828262,-0.05063641467317065,0.05,-2.006319001138299,1.0000012907993918,-0.000192953534723205,-0.0001969227734216822,-1.2023059919192876,0.23135191590977422,-0.029045923990486625,-551.2475993958318,1047.8597008419415,-497.62124366485176,-1.0091422187420567
14.06,-0.0020327915405867506,-0.13391804607144284,0.05,-2.006319001138299,1.0000012907993918,-0.000192953534723205,-0.0001969227734216822,-1.2023059919192876,0.23135191590977422,-0.029045923990486625,-551.2475993958318,1047.8597008419415,-497.62124366485176,-1.0091422187420567
14.08,-0.002154845123014188,-0.1951498533700043,0.05,-2.006319001138299,1.0000012907993918,-0.000192953534723205,-0.0001969227734216822,-1.2023059919192876,0.23135191590977422,-0.029045923990486625,-551.2475993958318,1047.8597008419415,-497.62124366485176,-1.0091422187420567
14.1,-0.0022254449094907197,-0.23593158640449371,0.05,-2.006319001138299,1.0000012907993918,-0.000192953534723205,-0.0001969227734216822,-1.2023059919192876,0.23135191590977422,-0.029045923990486625,-551.2475993958318,1047.8597008419415,-497.62124366485176,-1.0091422187420567
14.120000000000001,-0.0022249486084312464,-0.15878658209764135,-0.05,-2.006319001138299,1.0000012907993918,-0.000192953534723205,-0.0001969227734216822,-1.2023059919192876,0.23135191590977422,-0.029045923990486625,-551.2475993958318,1047.8597008419415,-497.62124366485176,-1.0091422187420567
14.14,-0.0021605102472235073,-0.05850879902568204,-0.05,-2.006319001138299,1.0000012907993918,-0.000192953534723205,-0.0001969227734216822,-1.2023059919192876,0.23135191590977422,-0.029045923990486625,-551.2475993958318,1047.8597008419415,-497.62124366485176,-1.0091422187420567
14.16,-0.002066652393236813,0.027487117498109448,-0.05,-2.006319001138299,1.0000012907993918,-0.000192953534723205,-0.0001969227734216822,-1.2023059919192876,0.23135191590977422,-0.029045923990486625,-551.2475993958318,1047.8597008419415,-497.62124366485176,-1.0091422187420567
14.18,-0.0019794579056846293,0.09170360049716186,-0.05,-2.006319001138299,1.0000012907993918,-0.000192953534723205,-0.0001969227734216822,-1.2023059919192876,0.23135191590977422,-0.029045923990486625,-551.2475993958318,1047.8597008419415,-497.62124366485176,-1.0091422187420567
14.200000000000001,-0.0019279531665934181,0.03474451789816092,0.05,-2.006319001138299,1.0000012907993918,-0.000192953534723205,-0.0001969227734216822,-1.2023059919192876,0.23135191590977422,-0.029045923990486625,-551.2475993958318,1047.8597008419415,-497.62124366485176,-1.0091422187420567
14.22,-0.0019132483656570509,-0.04857042886867538,0.05,-2.006319001138299,1.0000012907993918,-0.000192953534723205,-0.0001969227734216822,-1.2023059919192876,0.23135191590977422,-0.029045923990486625,-551.2475993958318,1047.8597008419415,-497.62124366485176,-1.0091422187420567
14.24,-0.0019076436089584196,-0.12038677592461204,0.05,-2.006319001138299,1.0000012907993918,-0.000192953534723205,-0.0001969227734216822,-1.2023059919192876,0.23135191590977422,-0.029045923990486625,-551.2475993958318,1047.8597008419415,-497.62124366485176,-1.0091422187420567
14.26,-0.0018805709877253644,-0.17274321681667576,0.05,-2.006319001138299,1.0000012907993918,-0.000192953534723205,-0.0001969227734216822,-1.2023059919192876,0.23135191590977422,-0.029045923990486625,-551.2475993958318,1047.8597008419415,-497.62124366485176,-1.0091422187420567
14.280000000000001,-0.001807423267735539,-0.20675354728459575,0.05,-2.006319001138299,1.0000012907993918,-0.000192953534723205,-0.0001969227734216822,-1.2023059919192876,0.23135191590977422,-0.029045923990486625,-551.2475993958318,1047.8597008419415,-497.62124366485176,-1.0091422187420567
14.3,-0.0016707495865443019,-0.2254531785218838,0.05,-2.006319001138299,1.0000012907993918,-0.000192953534723205,-0.0001969227734216822,-1.2023059919192876,0.23135191590977422,-0.029045923990486625,-551.2475993958318,1047.8597008419415,-497.62124366485176,-1.0091422187420567
14.32,-0.0014593309712841425,-0.13094500058271372,-0.05,-2.006319001138299,1.0000012907993918,-0.000192953534723205,-0.0001969227734216822,-1.2023059919192876,0.23135191590977422,-0.029045923990486625,-551.2475993958318,1047.8597008419415,-497.62124366485176,-1.0091422187420567
14.34,-0.0011867819281317948,-0.01726223189411344,-0.05,-2.006319001138299,1.0000012907993918,-0.000192953534723205,-0.0001969227734216822,-1.2023059919192876,0.23135191590977422,-0.029045923990486625,-551.2475993958318,1047.8597008419415,-497.62124366485176,-1.0091422187420567
14.36,-0.0008923950905736569,0.07890471891016677,-0.05,-2.006319001138299,1.0000012907993918,-0.000192953534723205,-0.0001969227734216822,-1.2023059919192876,0.23135191590977422,-0.029045923990486625,-551.2475993958318,1047.8597008419415,-497.62124366485176,-1.0091422187420567
14.38,-0.0006156546783504678,0.15067374926913224,-0.05,-2.006319001138299,1.0000012907993918,-0.000192953534723205,-0.0001969227734216822,-1.2023059919192876,0.23135191590977422,-0.029045923990486625,-551.2475993958318,1047.8597008419415,-497.62124366485176,-1.0091422187420567
14.4,-0.00038790439636680895,0.20007051211293217,-0.05,-2.006319001138299,1.0000012907993918,-0.000192953534723205,-0.0001969227734216822,-1.2023059919192876,0.23135191590977422,-0.029045923990486625,-551.2475993958318,1047.8597008419415,-497.62124366485176,-1.0091422187420567
14.42,-0.00023158522172231585,0.12996780497324487,0.05,-2.006319001138299,1.0000012907993918,-0.000192953534723205,-0.0001969227734216822,-1.2023059919192876,0.23135191590977422,-0.029045923990486625,-551.2475993958318,1047.8597008419415,-497.62124366485176,-1.0091422187420567
14.44,-0.0001416559189200324,0.03544558947845022,0.05,-2.006319001138299,1.0000012907993918,-0.000192953534723205,-0.0001969227734216822,-1.2023059919192876,0.23135191590977422,-0.029045923990486625,-551.2475993958318,1047.8597008419415,-497.62124366485176,-1.0091422187420567
14.46,-8.515894747434715e-05,-0.045847596707762374,0.05,-2.006319001138299,1.0000012907993918,-0.000192953534723205,-0.0001969227734216822,-1.2023059919192876,0.23135191590977422,-0.029045923990486625,-551.2475993958318,1047.8597008419415,-497.62124366485176,-1.0091422187420567
14.48,-2.714079353743234e-05,-0.10622298383006948,0.05,-2.006319001138299,1.0000012907993918,-0.000192953534723205,-0.0001969227734216822,-1.2023059919192876,0.23135191590977422,-0.029045923990486625,-551.2475993958318,1047.8597008419415,-497.62124366485176,-1.0091422187420567
14.5,6.064058949216609e-05,-0.14704233981067544,0.05,-2.006319001138299,1.0000012907993918,-0.000192953534723205,-0.0001969227734216822,-1.2023059919192876,0.23135191590977422,-0.029045923990486625,-551.2475993958318,1047.8597008419415,-497.62124366485176,-1.0091422187420567
14.52,0.00019864498147131754,-0.07063566649967977,-0.05,-2.006319001138299,1.0000012907993918,-0.000192953534723205,-0.0001969227734216822,-1.2023059919192876,0.23135191590977422,-0.029045923990486625,-551.2475993958318,1047.8597008419415,-497.62124366485176,-1.0091422187420567
14.540000000000001,0.00038072067514079475,0.0283599410951074,-0.05,-2.006319001138299,1.0000012907993918,-0.000192953534723205,-0.0001969227734216822,-1.2023059919192876,0.23135191590977422,-0.029045923990486625,-551.2475993958318,1047.8597008419415,-497.62124366485176,-1.0091422187420567
14.56,0.000573469525744669,0.11265696356054733,-0.05,-2.006319001138299,1.0000012907993918,-0.000192953534723205,-0.0001969227734216822,-1.2023059919192876,0.23135191590977422,-0.029045923990486625,-551.2475993958318,1047.8597008419415,-497.62124366485176,-1.0091422187420567
14.58,0.0007420063408353712,0.17486075263546233,-0.05,-2.006319001138299,1.0000012907993918,-0.000192953534723205,-0.0001969227734216822,-1.2023059919192876,0.23135191590977422,-0.029045923990486625,-551.2475993958318,1047.8597008419415,-497.62124366485176,-1.0091422187420567
14.6,0.0008585377967039391,0.2165725536133607,-0.05,-2.006319001138299,1.0000012907993918,-0.000192953534723205,-0.0001969227734216822,-1.2023059919192876,0.23135191590977422,-0.029045923990486625,-551.2475993958318,1047.8597008419415,-497.62124366485176,-1.0091422187420567
14.620000000000001,0.0009033309812099141,0.14031721758830176,0.05,-2.006319001138299,1.0000012907993918,-0.000192953534723205,-0.0001969227734216822,-1.2023059919192876,0.23135191590977422,-0.029045923990486625,-551.2475993958318,1047.8597008419415,-497.62124366485176,-1.0091422187420567
14.64,0.0008834616039520555,0.040890240190979754,0.05,-2.006319001138299,1.0000012907993918,-0.000192953534723205,-0.0001969227734216822,-1.2023059919192876,0.23135191590977422,-0.029045923990486625,-551.2475993958318,1047.8597008419415,-497.62124366485176,-1.0091422187420567
14.66,0.0008333851277795214,-0.04429221198919661,0.05,-2.006319001138299,1.0000012907993918,-0.000192953534723205,-0.0001969227734216822,-1.2023059919192876,0.23135191590977422,-0.029045923990486625,-551.2475993958318,1047.8597008419415,-497.62124366485176,-1.0091422187420567
14.68,0.0007891274343580842,-0.10773111976576102,0.05,-2.006319001138299,1.0000012907993918,-0.000192953534723205,-0.0001969227734216822,-1.2023059919192876,0.23135191590977422,-0.029045923990486625,-551.2475993958318,1047.8597008419415,-497.62124366485176,-1.0091422187420567
14.700000000000001,0.0007796670985453882,-0.05002895411545889,-0.05,-2.006319001138299,1.0000012907993918,-0.000192953534723205,-0.0001969227734216822,-1.2023059919192876,0.23135191590977422,-0.029045923990486625,-551.2475993958318,1047.8597008419415,-497.62124366485176,-1.0091422187420567
14.72,0.0008060747878662,0.033995926774732704,-0.05,-2.006319001138299,1.0000012907993918,-0.000192953534723205,-0.0001969227734216822,-1.2023059919192876,0.23135191590977422,-0.029045923990486625,-551.2475993958318,1047.8597008419415,-497.62124366485176,-1.0091422187420567
14.74,0.0008406185940688131,0.10649036900960779,-0.05,-2.006319001138299,1.0000012907993918,-0.000192953534723205,-0.0001969227734216822,-1.2023059919192876,0.23135191590977422,-0.029045923990486625,-551.2475993958318,1047.8597008419415,-497.62124366485176,-1.0091422187420567
14.76,0.000852705427754015,0.15949436965096292,-0.05,-2.006319001138299,1.0000012907993918,-0.000192953534723205,-0.0001969227734216822,-1.2023059919192876,0.23135191590977422,-0.029045923990486625,-551.2475993958318,1047.8597008419415,-497.62124366485176,-1.0091422187420567
14.780000000000001,0.0008177090532255287,0.19412300784513,-0.05,-2.006319001138299,1.0000012907993918,-0.000192953534723205,-0.0001969227734216822,-1.2023059919192876,0.23135191590977422,-0.029045923990486625,-551.2475993958318,1047.8597008419415,-497.62124366485176,-1.0091422187420567
14.8,0.0007181651632604572,0.21341294337421274,-0.05,-2.006319001138299,1.0000012907993918,-0.000192953534723205,-0.0001969227734216822,-1.2023059919192876,0.23135191590977422,-0.029045923990486625,-551.2475993958318,1047.8597008419415,-497.62124366485176,-1.0091422187420567
14.82,0.000542846315389842,0.1194682722779106,0.05,-2.006319001138299,1.0000012907993918,-0.000192953534723205,-0.0001969227734216822,-1.2023059919192876,0.23135191590977422,-0.029045923990486625,-551.2475993958318,1047.8597008419415,-497.62124366485176,-1.0091422187420567
14.84,0.0003053630013452384,0.0063233829547387765,0.05,-2.006319001138299,1.0000012907993918,-0.000192953534723205,-0.0001969227734216822,-1.2023059919192876,0.23135191590977422,-0.029045923990486625,-551.2475993958318,1047.8597008419415,-497.62124366485176,-1.0091422187420567
14.86,4.500778433296854e-05,-0.08933019885848105,0.05,-2.006319001138299,1.0000012907993918,-0.000192953534723205,-0.0001969227734216822,-1.2023059919192876,0.23135191590977422,-0.029045923990486625,-551.2475993958318,1047.8597008419415,-497.62124366485176,-1.0091422187420567
14.88,-0.00019873173018252887,-0.1606093208047001,0.05,-2.006319001138299,1.0000012907993918,-0.000192953534723205,-0.0001969227734216822,-1.2023059919192876,0.23135191590977422,-0.029045923990486625,-551.2475993958318,1047.8597008419415,-497.62124366485176,-1.0091422187420567
14.9,-0.0003945054015629759,-0.20953863315254578,0.05,-2.006319001138299,1.0000012907993918,-0.000192953534723205,-0.0001969227734216822,-1.2023059919192876,0.23135191590977422,-0.029045923990486625,-551.2475993958318,1047.8597008419415,-497.62124366485176,-1.0091422187420567
14.92,-0.0005198631196249369,-0.13898996270020636,-0.05,-2.006319001138299,1.0000012907993918,-0.000192953534723205,-0.0001969227734216822,-1.2023059919192876,0.23135191590977422,-0.029045923990486625,-551.2475993958318,1047.8597008419415,-497.62124366485176,-1.0091422187420567
14.94,-0.0005798346079776073,-0.044042327164898004,-0.05,-2.006319001138299,1.0000012907993918,-0.000192953534723205,-0.0001969227734216822,-1.2023059919192876,0.23135191590977422,-0.029045923990486625,-551.2475993958318,1047.8597008419415,-497.62124366485176,-1.0091422187420567
14.96,-0.0006073638147417532,0.037656649933660934,-0.05,-2.006319001138299,1.0000012907993918,-0.000192953534723205,-0.0001969227734216822,-1.2023059919192876,0.23135191590977422,-0.029045923990486625,-551.2475993958318,1047.8597008419415,-497.62124366485176,-1.0091422187420567
14.98,-0.0006373888672242254,0.09841907520343629,-0.05,-2.006319001138299,1.0000012907993918,-0.000192953534723205,-0.0001969227734216822,-1.2023059919192876,0.23135191590977422,-0.029045923990486625,-551.2475993958318,1047.8597008419415,-497.62124366485176,-1.0091422187420567
15.0,-0.0006981348926230751,0.1396075538450614,-0.05,-2.006319001138299,1.0000012907993918,-0.000192953534723205,-0.0001969227734216822,-1.2023059919192876,0.23135191590977422,-0.029045923990486625,-551.2475993958318,1047.8597008419415,-497.62124366485176,-1.0091422187420567
15.02,-0.00081004345134445,0.06355288911447937,0.05,-2.006319001138299,1.0000012907993918,-0.000192953534723205,-0.0001969227734216822,-1.2023059919192876,0.23135191590977422,-0.029045923990486625,-551.2475993958318,1047.8597008419415,-497.62124366485176,-1.0091422187420567
15.040000000000001,-0.0009669435329780011,-0.035107059854541676,0.05,-2.006319001138299,1.0000012907993918,-0.000192953534723205,-0.0001969227734216822,-1.2023059919192876,0.23135191590977422,-0.029045923990486625,-551.2475993958318,1047.8597008419415,-497.62124366485176,-1.0091422187420567
15.06,-0.0011354168007699059,-0.11908404584096399,0.05,-2.006319001138299,1.0000012907993918,-0.000192953534723205,-0.0001969227734216822,-1.2023059919192876,0.23135191590977422,-0.029045923990486625,-551.2475993958318,1047.8597008419415,-497.62124366485176,-1.0091422187420567
15.08,-0.0012805571454862572,-0.18098272143479152,0.05,-2.006319001138299,1.0000012907993918,-0.000192953534723205,-0.0001969227734216822,-1.2023059919192876,0.23135191590977422,-0.029045923990486625,-551.2475993958318,1047.8597008419415,-497.62124366485176,-1.0091422187420567
15.1,-0.001374549747323516,-0.22240365774356538,0.05,-2.006319001138299,1.0000012907993918,-0.000192953534723205,-0.0001969227734216822,-1.2023059919192876,0.23135191590977422,-0.029045923990486625,-551.2475993958318,1047.8597008419415,-497.62124366485176,-1.0091422187420567
15.120000000000001,-0.0013976397509849203,-0.14587105603484815,-0.05,-2.006319001138299,1.0000012907993918,-0.000192953534723205,-0.0001969227734216822,-1.2023059919192876,0.23135191590977422,-0.029045923990486625,-551.2475993958318,1047.8597008419415,-497.62124366485176,-1.0091422187420567
15.14,-0.0013568805856862996,-0.04617978074411455,-0.05,-2.006319001138299,1.0000012907993918,-0.000192953534723205,-0.0001969227734216822,-1.2023059919192876,0.23135191590977422,-0.029045923990486625,-551.2475993958318,1047.8597008419415,-497.62124366485176,-1.0091422187420567
15.16,-0.0012867052125387635,0.039254606367191,-0.05,-2.006319001138299,1.0000012907993918,-0.000192953534723205,-0.0001969227734216822,-1.2023059919192876,0.23135191590977422,-0.029045923990486625,-551.2475993958318,1047.8597008419415,-497.62124366485176,-1.0091422187420567
15.18,-0.0012231169142134725,0.10293365231636592,-0.05,-2.006319001138299,1.0000012907993918,-0.000192953534723205,-0.0001969227734216822,-1.2023059919192876,0.23135191590977422,-0.029045923990486625,-551.2475993958318,1047.8597008419415,-497.62124366485176,-1.0091422187420567
15.200000000000001,-0.0011950716654812294,0.04546036224663094,0.05,-2.006319001138299,1.0000012907993918,-0.000192953534723205,-0.0001969227734216822,-1.2023059919192876,0.23135191590977422,-0.029045923990486625,-551.2475993958318,1047.8597008419415,-497.62124366485176,-1.0091422187420567
15.22,-0.0012036176168416853,-0.03834640037241423,0.05,-2.006319001138299,1.0000012907993918,-0.000192953534723205,-0.0001969227734216822,-1.2023059919192876,0.23135191590977422,-0.029045923990486625,-551.2475993958318,1047.8597008419415,-497.62124366485176,-1.0091422187420567
15.24,-0.001221000489698728,-0.11063299807699352,0.05,-2.006319001138299,1.0000012907993918,-0.000192953534723205,-0.0001969227734216822,-1.2023059919192876,0.23135191590977422,-0.029045923990486625,-551.2475993958318,1047.8597008419415,-497.62124366485176,-1.0091422187420567
15.26,-0.0012166050154967319,-0.1634389577398837,0.05,-2.006319001138299,1.0000012907993918,-0.000192953534723205,-0.0001969227734216822,-1.2023059919192876,0.23135191590977422,-0.029045923990486625,-551.2475993958318,1047.8597008419415,-497.62124366485176,-1.0091422187420567
15.280000000000001,-0.0011657830170678386,-0.19787890389651847,0.05,-2.006319001138299,1.0000012907993918,-0.000192953534723205,-0.0001969227734216822,-1.2023059919192876,0.23135191590977422,-0.029045923990486625,-551.2475993958318,1047.8597008419415,-497.62124366485176,-1.0091422187420567
15.3,-0.001051048528451183,-0.216989059918168,0.05,-2.006319001138299,1.0000012907993918,-0.000192953534723205,-0.0001969227734216822,-1.2023059919192876,0.23135191590977422,-0.029045923990486625,-551.2475993958318,1047.8597008419415,-497.62124366485176,-1.0091422187420567
15.32,-0.0008611527725355263,-0.1228731047691706,-0.05,-2.006319001138299,1.0000012907993918,-0.000192953534723205,-0.0001969227734216822,-1.2023059919192876,0.23135191590977422,-0.029045923990486625,-551.2475993958318,1047.8597008419415,-497.62124366485176,-1.0091422187420567
15.34,-0.0006096852631220915,-0.009565026985741326,-0.05,-2.006319001138299,1.0000012907993918,-0.000192953534723205,-0.0001969227734216822,-1.2023059919192876,0.23135191590977422,-0.029045923990486625,-551.2475993958318,1047.8597008419415,-497.62124366485176,-1.0091422187420567
15.36,-0.0003359179794608837,0.08624402613683696,-0.05,-2.006319001138299,1.0000012907993918,-0.000192953534723205,-0.0001969227734216822,-1.2023059919192876,0.23135191590977422,-0.029045923990486625,-551.2475993958318,1047.8597008419415,-497.62124366485176,-1.0091422187420567
15.38,-7.931837311936635e-05,0.15767125660227493,-0.05,-2.006319001138299,1.0000012907993918,-0.000192953534723205,-0.0001969227734216822,-1.2023059919192876,0.23135191590977422,-0.029045923990486625,-551.2475993958318,1047.8597008419415,-497.62124366485176,-1.0091422187420567
15.4,0.00012878312004986473,0.20674165156374963,-0.05,-2.006319001138299,1.0000012907993918,-0.000192953534723205,-0.0001969227734216822,-1.2023059919192876,0.23135191590977422,-0.029045923990486625,-551.2475993958318,1047.8597008419415,-497.62124366485176,-1.0091422187420567
15.42,0.00026595563512877695,0.13632736193070616,0.05,-2.006319001138299,1.0000012907993918,-0.000192953534723205,-0.0001969227734216822,-1.2023059919192876,0.23135191590977422,-0.029045923990486625,-551.2475993958318,1047.8597008419415,-497.62124366485176,-1.0091422187420567
15.44,0.0003372476759104229,0.04150771916829327,0.05,-2.006319001138299,1.0000012907993918,-0.000192953534723205,-0.0001969227734216822,-1.2023059919192876,0.23135191590977422,-0.029045923990486625,-551.2475993958318,1047.8597008419415,-497.62124366485176,-1.0091422187420567
15.46,0.0003756214981612145,-0.04006935128060943,0.05,-2.006319001138299,1.0000012907993918,-0.000192953534723205,-0.0001969227734216822,-1.2023059919192876,0.23135191590977422,-0.029045923990486625,-551.2475993958318,1047.8597008419415,-497.62124366485176,-1.0091422187420567
15.48,0.0004160330526546494,-0.10071566947445641,0.05,-2.006319001138299,1.0000012907993918,-0.000192953534723205,-0.0001969227734216822,-1.2023059919192876,0.23135191590977422,-0.029045923990486625,-551.2475993958318,1047.8597008419415,-497.62124366485176,-1.0091422187420567
15.5,0.0004867247983485132,-0.14179356895917683,0.05,-2.006319001138299,1.0000012907993918,-0.000192953534723205,-0.0001969227734216822,-1.2023059919192876,0.23135191590977422,-0.029045923990486625,-551.2475993958318,1047.8597008419415,-497.62124366485176,-1.0091422187420567
15.52,0.0006081551329636175,-0.0656335942904186,-0.05,-2.006319001138299,1.0000012907993918,-0.000192953534723205,-0.0001969227734216822,-1.2023059919192876,0.23135191590977422,-0.029045923990486625,-551.2475993958318,1047.8597008419415,-497.62124366485176,-1.0091422187420567
15.540000000000001,0.0007741693857960838,0.03312664064251781,-0.05,-2.006319001138299,1.0000012907993918,-0.000192953534723205,-0.0001969227734216822,-1.2023059919192876,0.23135191590977422,-0.029045923990486625,-551.2475993958318,1047.8597008419415,-497.62124366485176,-1.0091422187420567
15.56,0.0009513650622713097,0.11719912136593416,-0.05,-2.006319001138299,1.0000012907993918,-0.000192953534723205,-0.0001969227734216822,-1.2023059919192876,0.23135191590977422,-0.029045923990486625,-551.2475993958318,1047.8597008419415,-497.62124366485176,-1.0091422187420567
15.58,0.0011048514045329388,0.17918872409366582,-0.05,-2.006319001138299,1.0000012907993918,-0.000192953534723205,-0.0001969227734216822,-1.2023059919192876,0.23135191590977422,-0.029045923990486625,-551.2475993958318,1047.8597008419415,-497.62124366485176,-1.0091422187420567
15.6,0.0012068284607061966,0.22069623529941282,-0.05,-2.006319001138299,1.0000012907993918,-0.000192953534723205,-0.0001969227734216822,-1.2023059919192876,0.23135191590977422,-0.029045923990486625,-551.2475993958318,1047.8597008419415,-497.62124366485176,-1.0091422187420567
15.620000000000001,0.0012375557670798638,0.14424606320650485,0.05,-2.006319001138299,1.0000012907993918,-0.000192953534723205,-0.0001969227734216822,-1.2023059919192876,0.23135191590977422,-0.029045923990486625,-551.2475993958318,1047.8597008419415,-497.62124366485176,-1.0091422187420567
15.64,0.0012041006792471354,0.04463327286133437,0.05,-2.006319001138299,1.0000012907993918,-0.000192953534723205,-0.0001969227734216822,-1.2023059919192876,0.23135191590977422,-0.029045923990486625,-551.2475993958318,1047.8597008419415,-497.62124366485176,-1.0091422187420567
15.66,0.0011409096246294001,-0.040726382462759815,0.05,-2.006319001138299,1.0000012907993918,-0.000192953534723205,-0.0001969227734216822,-1.2023059919192876,0.23135191590977422,-0.029045923990486625,-551.2475993958318,1047.8597008419415,-497.62124366485176,-1.0091422187420567
15.68,0.0010839988908810385,-0.10433427170453197,0.05,-2.006319001138299,1.0000012907993918,-0.000192953534723205,-0.0001969227734216822,-1.2023059919192876,0.23135191590977422,-0.029045923990486625,-551.2475993958318,1047.8597008419415,-497.62124366485176,-1.0091422187420567
15.700000000000001,0.0010623370021523584,-0.04679323284244816,-0.05,-2.006319001138299,1.0000012907993918,-0.000192953534723205,-0.0001969227734216822,-1.2023059919192876,0.23135191590977422,-0.029045923990486625,-551.2475993958318,1047.8597008419415,-497.62124366485176,-1.0091422187420567
15.72,0.0010769842096696848,0.03707802806430467,-0.05,-2.006319001138299,1.0000012907993918,-0.000192953534723205,-0.0001969227734216822,-1.2023059919192876,0.23135191590977422,-0.029045923990486625,-551.2475993958318,1047.8597008419415,-497.62124366485176,-1.0091422187420567
15.74,0.0011001978985473338,0.10942602387238072,-0.05,-2.006319001138299,1.0000012907993918,-0.000192953534723205,-0.0001969227734216822,-1.2023059919192876,0.23135191590977422,-0.029045923990486625,-551.2475993958318,1047.8597008419415,-497.62124366485176,-1.0091422187420567
15.76,0.0011013740428400805,0.1622904277324955,-0.05,-2.006319001138299,1.0000012907993918,-0.000192953534723205,-0.0001969227734216822,-1.2023059919192876,0.23135191590977422,-0.029045923990486625,-551.2475993958318,1047.8597008419415,-497.62124366485176,-1.0091422187420567
15.780000000000001,0.0010558752994488374,0.19678600553225647,-0.05,-2.006319001138299,1.0000012907993918,-0.000192953534723205,-0.0001969227734216822,-1.2023059919192876,0.23135191590977422,-0.029045923990486625,-551.2475993958318,1047.8597008419415,-497.62124366485176,-1.0091422187420567
15.8,0.0009462261386815095,0.11503489418762194,0.05,-2.006319001138299,1.0000012907993918,-0.000192953534723205,-0.0001969227734216822,-1.2023059919192876,0.23135191590977422,-0.029045923990486625,-551.2475993958318,1047.8597008419415,-497.62124366485176,-1.0091422187420567
15.82,0.0007810500202590968,0.011502777383647939,0.05,-2.006319001138299,1.0000012907993918,-0.000192953534723205,-0.0001969227734216822,-1.2023059919192876,0.23135191590977422,-0.029045923990486625,-551.2475993958318,1047.8597008419415,-497.62124366485176,-1.0091422187420567
15.84,0.0005957942780581707,-0.07666341171179933,0.05,-2.006319001138299,1.0000012907993918,-0.000192953534723205,-0.0001969227734216822,-1.2023059919192876,0.23135191590977422,-0.029045923990486625,-551.2475993958318,1047.8597008419415,-497.62124366485176,-1.0091422187420567
15.860000000000001,0.00042704482333034364,-0.14218418282065454,0.05,-2.006319001138299,1.0000012907993918,-0.000192953534723205,-0.0001969227734216822,-1.2023059919192876,0.23135191590977422,-0.029045923990486625,-551.2475993958318,1047.8597008419415,-497.62124366485176,-1.0091422187420567
15.88,0.0003040080722355928,-0.1867551211097528,0.05,-2.006319001138299,1.0000012907993918,-0.000192953534723205,-0.0001969227734216822,-1.2023059919192876,0.23135191590977422,-0.029045923990486625,-551.2475993958318,1047.8597008419415,-497.62124366485176,-1.0091422187420567
15.9,0.0002475923575191801,-0.21389262741961765,0.05,-2.006319001138299,1.0000012907993918,-0.000192953534723205,-0.0001969227734216822,-1.2023059919192876,0.23135191590977422,-0.029045923990486625,-551.2475993958318,1047.8597008419415,-497.62124366485176,-1.0091422187420567
15.92,0.0002715629469740935,-0.12609374861546083,-0.05,-2.006319001138299,1.0000012907993918,-0.000192953534723205,-0.0001969227734216822,-1.2023059919192876,0.23135191590977422,-0.029045923990486625,-551.2475993958318,1047.8597008419415,-497.62124366485176,-1.0091422187420567
15.94,0.00036412841890261574,-0.017713899180469866,-0.05,-2.006319001138299,1.0000012907993918,-0.000192953534723205,-0.0001969227734216822,-1.2023059919192876,0.23135191590977422,-0.029045923990486625,-551.2475993958318,1047.8597008419415,-497.62124366485176,-1.0091422187420567
15.96,0.0004872483026054526,0.0742933575685924,-0.05,-2.006319001138299,1.0000012907993918,-0.000192953534723205,-0.0001969227734216822,-1.2023059919192876,0.23135191590977422,-0.029045923990486625,-551.2475993958318,1047.8597008419415,-497.62124366485176,-1.0091422187420567
15.98,0.0006022426116247085,0.1428310649534369,-0.05,-2.006319001138299,1.0000012907993918,-0.000192953534723205,-0.0001969227734216822,-1.2023059919192876,0.23135191590977422,-0.029045923990486625,-551.2475993958318,1047.8597008419415,-497.62124366485176,-1.0091422187420567
16.0,0.0006782229905705536,0.1897494678526544,-0.05,-2.006319001138299,1.0000012907993918,-0.000192953534723205,-0.0001969227734216822,-1.2023059919192876,0.23135191590977422,-0.029045923990486625,-551.2475993958318,1047.8597008419415,-497.62124366485176,-1.0091422187420567
16.02,0.0006929345354435342,0.11777816649714692,0.05,-2.006319001138299,1.0000012907993918,-0.000192953534723205,-0.0001969227734216822,-1.2023059919192876,0.23135191590977422,-0.029045923990486625,-551.2475993958318,1047.8597008419415,-497.62124366485176,-1.0091422187420567
16.04,0.0006513991195673144,0.02188023563217338,0.05,-2.006319001138299,1.0000012907993918,-0.000192953534723205,-0.0001969227734216822,-1.2023059919192876,0.23135191590977422,-0.029045923990486625,-551.2475993958318,1047.8597008419415,-497.62124366485176,-1.0091422187420567
16.06,0.0005864005545242379,-0.06039117166980841,0.05,-2.006319001138299,1.0000012907993918,-0.000192953534723205,-0.0001969227734216822,-1.2023059919192876,0.23135191590977422,-0.029045923990486625,-551.2475993958318,1047.8597008419415,-497.62124366485176,-1.0091422187420567
16.080000000000002,0.0005326049757966893,-0.12142509255882543,0.05,-2.006319001138299,1.0000012907993918,-0.000192953534723205,-0.0001969227734216822,-1.2023059919192876,0.23135191590977422,-0.029045923990486625,-551.2475993958318,1047.8597008419415,-497.62124366485176,-1.0091422187420567
16.1,0.0005178857177485284,-0.06173251919168954,-0.05,-2.006319001138299,1.0000012907993918,-0.000192953534723205,-0.0001969227734216822,-1.2023059919192876,0.23135191590977422,-0.029045923990486625,-551.2475993958318,1047.8597008419415,-497.62124366485176,-1.0091422187420567
16.12,0.0005424158423910292,0.023942951797722725,-0.05,-2.006319001138299,1.0000012907993918,-0.000192953534723205,-0.0001969227734216822,-1.2023059919192876,0.23135191590977422,-0.029045923990486625,-551.2475993958318,1047.8597008419415,-497.62124366485176,-1.0091422187420567
16.14,0.0005777352049702316,0.09780927535646491,-0.05,-2.006319001138299,1.0000012907993918,-0.000192953534723205,-0.0001969227734216822,-1.2023059919192876,0.23135191590977422,-0.029045923990486625,-551.2475993958318,1047.8597008419415,-497.62124366485176,-1.0091422187420567
16.16,0.0005926606112157841,0.1519564091496874,-0.05,-2.006319001138299,1.0000012907993918,-0.000192953534723205,-0.0001969227734216822,-1.2023059919192876,0.23135191590977422,-0.029045923990486625,-551.2475993958318,1047.8597008419415,-497.62124366485176,-1.0091422187420567
16.18,0.0005620883474020865,0.187540286669522,-0.05,-2.006319001138299,1.0000012907993918,-0.000192953534723205,-0.0001969227734216822,-1.2023059919192876,0.23135191590977422,-0.029045923990486625,-551.2475993958318,1047.8597008419415,-497.62124366485176,-1.0091422187420567
16.2,0.00046816843184000845,0.20763098274574257,-0.05,-2.006319001138299,1.0000012907993918,-0.000192953534723205,-0.0001969227734216822,-1.2023059919192876,0.23135191590977422,-0.029045923990486625,-551.2475993958318,1047.8597008419415,-497.62124366485176,-1.0091422187420567
16.22,0.00029936255093819015,0.11435993051088572,0.05,-2.006319001138299,1.0000012907993918,-0.000192953534723205,-0.0001969227734216822,-1.2023059919192876,0.23135191590977422,-0.029045923990486625,-551.2475993958318,1047.8597008419415,-497.62124366485176,-1.0091422187420567
16.240000000000002,6.903125217525753e-05,0.00178389027528357,0.05,-2.006319001138299,1.0000012907993918,-0.000192953534723205,-0.0001969227734216822,-1.2023059919192876,0.23135191590977422,-0.029045923990486625,-551.2475993958318,1047.8597008419415,-497.62124366485176,-1.0091422187420567
16.26,-0.00018373325103067473,-0.09338730016271847,0.05,-2.006319001138299,1.0000012907993918,-0.000192953534723205,-0.0001969227734216822,-1.2023059919192876,0.23135191590977422,-0.029045923990486625,-551.2475993958318,1047.8597008419415,-497.62124366485176,-1.0091422187420567
16.28,-0.0004196033597505003,-0.16425549581766252,0.05,-2.006319001138299,1.0000012907993918,-0.000192953534723205,-0.0001969227734216822,-1.2023059919192876,0.23135191590977422,-0.029045923990486625,-551.2475993958318,1047.8597008419415,-497.62124366485176,-1.0091422187420567
16.3,-0.0006073561395437141,-0.21283306397055288,0.05,-2.006319001138299,1.0000012907993918,-0.000192953534723205,-0.0001969227734216822,-1.2023059919192876,0.23135191590977422,-0.029045923990486625,-551.2475993958318,1047.8597008419415,-497.62124366485176,-1.0091422187420567
16.32,-0.0007246420375966411,-0.14198176060396475,-0.05,-2.006319001138299,1.0000012907993918,-0.000192953534723205,-0.0001969227734216822,-1.2023059919192876,0.23135191590977422,-0.029045923990486625,-551.2475993958318,1047.8597008419415,-497.62124366485176,-1.0091422187420567
16.34,-0.0007765697017915017,-0.046772338758115595,-0.05,-2.006319001138299,1.0000012907993918,-0.000192953534723205,-0.0001969227734216822,-1.2023059919192876,0.23135191590977422,-0.029045923990486625,-551.2475993958318,1047.8597008419415,-497.62124366485176,-1.0091422187420567
16.36,-0.0007961444665038958,0.03515436464229897,-0.05,-2.006319001138299,1.0000012907993918,-0.000192953534723205,-0.0001969227734216822,-1.2023059919192876,0.23135191590977422,-0.029045923990486625,-551.2475993958318,1047.8597008419415,-497.62124366485176,-1.0091422187420567
16.38,-0.0008183516533495064,0.09611603027467108,-0.05,-2.006319001138299,1.0000012907993918,-0.000192953534723205,-0.0001969227734216822,-1.2023059919192876,0.23135191590977422,-0.029045923990486625,-551.2475993958318,1047.8597008419415,-497.62124366485176,-1.0091422187420567
16.4,-0.0008714521182062368,0.13747984560098608,-0.05,-2.006319001138299,1.0000012907993918,-0.000192953534723205,-0.0001969227734216822,-1.2023059919192876,0.23135191590977422,-0.029045923990486625,-551.2475993958318,1047.8597008419415,-497.62124366485176,-1.0091422187420567
16.42,-0.0009759139042131955,0.061580385918905134,0.05,-2.006319001138299,1.0000012907993918,-0.000192953534723205,-0.0001969227734216822,-1.2023059919192876,0.23135191590977422,-0.029045923990486625,-551.2475993958318,1047.8597008419415,-497.62124366485176,-1.0091422187420567
16.44,-0.0011255850485236306,-0.036941381785562694,0.05,-2.006319001138299,1.0000012907993918,-0.000192953534723205,-0.0001969227734216822,-1.2023059919192876,0.23135191590977422,-0.029045923990486625,-551.2475993958318,1047.8597008419415,-497.62124366485176,-1.0091422187420567
16.46,-0.0012870602997877986,-0.120794645768876,0.05,-2.006319001138299,1.0000012907993918,-0.000192953534723205,-0.0001969227734216822,-1.2023059919192876,0.23135191590977422,-0.029045923990486625,-551.2475993958318,1047.8597008419415,-497.62124366485176,-1.0091422187420567
16.48,-0.001425441865963799,-0.18258193636220932,0.05,-2.006319001138299,1.0000012907993918,-0.000192953534723205,-0.0001969227734216822,-1.2023059919192876,0.23135191590977422,-0.029045923990486625,-551.2475993958318,1047.8597008419415,-497.62124366485176,-1.0091422187420567
16.5,-0.0015129194479418769,-0.22390206445167082,0.05,-2.006319001138299,1.0000012907993918,-0.000192953534723205,-0.0001969227734216822,-1.2023059919192876,0.23135191590977422,-0.029045923990486625,-551.2475993958318,1047.8597008419415,-497.62124366485176,-1.0091422187420567
16.52,-0.0015297397053937434,-0.14727776836109666,-0.05,-2.006319001138299,1.0000012907993918,-0.000192953534723205,-0.0001969227734216822,-1.2023059919192876,0.23135191590977422,-0.029045923990486625,-551.2475993958318,1047.8597008419415,-497.62124366485176,-1.0091422187420567
16.54,-0.001482955215806141,-0.047502691812822184,-0.05,-2.006319001138299,1.0000012907993918,-0.000192953534723205,-0.0001969227734216822,-1.2023059919192876,0.23135191590977422,-0.029045923990486625,-551.2475993958318,1047.8597008419415,-497.62124366485176,-1.0091422187420567
16.56,-0.001406996245507327,0.038008622894349815,-0.05,-2.006319001138299,1.0000012907993918,-0.000192953534723205,-0.0001969227734216822,-1.2023059919192876,0.23135191590977422,-0.029045923990486625,-551.2475993958318,1047.8597008419415,-497.62124366485176,-1.0091422187420567
16.580000000000002,-0.001337861970224205,0.10175857258928428,-0.05,-2.006319001138299,1.0000012907993918,-0.000192953534723205,-0.0001969227734216822,-1.2023059919192876,0.23135191590977422,-0.029045923990486625,-551.2475993958318,1047.8597008419415,-497.62124366485176,-1.0091422187420567
16.6,-0.0013045031898575182,0.0443508738653597,0.05,-2.006319001138299,1.0000012907993918,-0.000192953534723205,-0.0001969227734216822,-1.2023059919192876,0.23135191590977422,-0.029045923990486625,-551.2475993958318,1047.8597008419415,-497.62124366485176,-1.0091422187420567
16.62,-0.0013079620898498576,-0.03939501203303622,0.05,-2.006319001138299,1.0000012907993918,-0.000192953534723205,-0.0001969227734216822,-1.2023059919192876,0.23135191590977422,-0.029045923990486625,-551.2475993958318,1047.8597008419415,-497.62124366485176,-1.0091422187420567
16.64,-0.001320477856465856,-0.11162494178351863,0.05,-2.006319001138299,1.0000012907993918,-0.000192953534723205,-0.0001969227734216822,-1.2023059919192876,0.23135191590977422,-0.029045923990486625,-551.2475993958318,1047.8597008419415,-497.62124366485176,-1.0091422187420567
16.66,-0.0013114282886962272,-0.16437800976515637,0.05,-2.006319001138299,1.0000012907993918,-0.000192953534723205,-0.0001969227734216822,-1.2023059919192876,0.23135191590977422,-0.029045923990486625,-551.2475993958318,1047.8597008419415,-497.62124366485176,-1.0091422187420567
16.68,-0.0012561580201474894,-0.19876846936337284,0.05,-2.006319001138299,1.0000012907993918,-0.000192953534723205,-0.0001969227734216822,-1.2023059919192876,0.23135191590977422,-0.029045923990486625,-551.2475993958318,1047.8597008419415,-497.62124366485176,-1.0091422187420567
16.7,-0.0011371737522928268,-0.2178322245828954,0.05,-2.006319001138299,1.0000012907993918,-0.000192953534723205,-0.0001969227734216822,-1.2023059919192876,0.23135191590977422,-0.029045923990486625,-551.2475993958318,1047.8597008419415,-497.62124366485176,-1.0091422187420567
16.72,-0.0009432193227591762,-0.12367267859695708,-0.05,-2.006319001138299,1.0000012907993918,-0.000192953534723205,-0.0001969227734216822,-1.2023059919192876,0.23135191590977422,-0.029045923990486625,-551.2475993958318,1047.8597008419415,-497.62124366485176,-1.0091422187420567
16.740000000000002,-0.0006878768777195338,-0.010323579952426401,-0.05,-2.006319001138299,1.0000012907993918,-0.000192953534723205,-0.0001969227734216822,-1.2023059919192876,0.23135191590977422,-0.029045923990486625,-551.2475993958318,1047.8597008419415,-497.62124366485176,-1.0091422187420567
16.76,-0.00041041110410359663,0.0855241327640677,-0.05,-2.006319001138299,1.0000012907993918,-0.000192953534723205,-0.0001969227734216822,-1.2023059919192876,0.23135191590977422,-0.029045923990486625,-551.2475993958318,1047.8597008419415,-497.62124366485176,-1.0091422187420567
16.78,-0.00015028228281257323,0.15698784274881616,-0.05,-2.006319001138299,1.0000012907993918,-0.000192953534723205,-0.0001969227734216822,-1.2023059919192876,0.23135191590977422,-0.029045923990486625,-551.2475993958318,1047.8597008419415,-497.62124366485176,-1.0091422187420567
16.8,6.118616696103847e-05,0.10517847469362018,0.05,-2.006319001138299,1.0000012907993918,-0.000192953534723205,-0.0001969227734216822,-1.2023059919192876,0.23135191590977422,-0.029045923990486625,-551.2475993958318,1047.8597008419415,-497.62124366485176,-1.0091422187420567
16.82,0.00022143241703015382,0.02533020190794877,0.05,-2.006319001138299,1.0000012907993918,-0.000192953534723205,-0.0001969227734216822,-1.2023059919192876,0.23135191590977422,-0.029045923990486625,-551.2475993958318,1047.8597008419415,-497.62124366485176,-1.0091422187420567
16.84,0.00035735976899589454,-0.04436469707962674,0.05,-2.006319001138299,1.0000012907993918,-0.000192953534723205,-0.0001969227734216822,-1.2023059919192876,0.23135191590977422,-0.029045923990486625,-551.2475993958318,1047.8597008419415,-497.62124366485176,-1.0091422187420567
16.86,0.0004992415410166191,-0.09566996170465847,0.05,-2.006319001138299,1.0000012907993918,-0.000192953534723205,-0.0001969227734216822,-1.2023059919192876,0.23135191590977422,-0.029045923990486625,-551.2475993958318,1047.8597008419415,-497.62124366485176,-1.0091422187420567
16.88,0.0006717699304914619,-0.12947579995819208,0.05,-2.006319001138299,1.0000012907993918,-0.000192953534723205,-0.0001969227734216822,-1.2023059919192876,0.23135191590977422,-0.029045923990486625,-551.2475993958318,1047.8597008419415,-497.62124366485176,-1.0091422187420567
16.9,0.0008927627081744885,-0.14863596787746833,0.05,-2.006319001138299,1.0000012907993918,-0.000192953534723205,-0.0001969227734216822,-1.2023059919192876,0.23135191590977422,-0.029045923990486625,-551.2475993958318,1047.8597008419415,-497.62124366485176,-1.0091422187420567
16.92,0.00117401020199943,-0.05510592243261539,-0.05,-2.006319001138299,1.0000012907993918,-0.000192953534723205,-0.0001969227734216822,-1.2023059919192876,0.23135191590977422,-0.029045923990486625,-551.2475993958318,1047.8597008419415,-497.62124366485176,-1.0091422187420567
16.94,0.001502612464517326,0.05720062587780311,-0.05,-2.006319001138299,1.0000012907993918,-0.000192953534723205,-0.0001969227734216822,-1.2023059919192876,0.23135191590977422,-0.029045923990486625,-551.2475993958318,1047.8597008419415,-497.62124366485176,-1.0091422187420567
16.96,0.0018400865559540086,0.15169002377293236,-0.05,-2.006319001138299,1.0000012907993918,-0.000192953534723205,-0.0001969227734216822,-1.2023059919192876,0.23135191590977422,-0.029045923990486625,-551.2475993958318,1047.8597008419415,-497.62124366485176,-1.0091422187420567
16.98,0.0021478155737434867,0.2215583728764592,-0.05,-2.006319001138299,1.0000012907993918,-0.000192953534723205,-0.0001969227734216822,-1.2023059919192876,0.23135191590977422,-0.029045923990486625,-551.2475993958318,1047.8597008419415,-497.62124366485176,-1.0091422187420567
17.0,0.0023953516595925073,0.268894365531031,-0.05,-2.006319001138299,1.0000012907993918,-0.000192953534723205,-0.0001969227734216822,-1.2023059919192876,0.23135191590977422,-0.029045923990486625,-551.2475993958318,1047.8597008419415,-497.62124366485176,-1.0091422187420567
17.02,0.002561155907531228,0.19662144802615442,0.05,-2.006319001138299,1.0000012907993918,-0.000192953534723205,-0.0001969227734216822,-1.2023059919192876,0.23135191590977422,-0.029045923990486625,-551.2475993958318,1047.8597008419415,-497.62124366485176,-1.0091422187420567
17.04,0.0026511609362217413,0.09986008566975471,0.05,-2.006319001138299,1.0000012907993918,-0.000192953534723205,-0.0001969227734216822,-1.2023059919192876,0.23135191590977422,-0.029045923990486625,-551.2475993958318,1047.8597008419415,-497.62124366485176,-1.0091422187420567
17.06,0.002699192512563538,0.01629108028006633,0.05,-2.006319001138299,1.0000012907993918,-0.000192953534723205,-0.0001969227734216822,-1.2023059919192876,0.23135191590977422,-0.029045923990486625,-551.2475993958318,1047.8597008419415,-497.62124366485176,-1.0091422187420567
17.080000000000002,0.002741040359538944,-0.04637115645825714,0.05,-2.006319001138299,1.0000012907993918,-0.000192953534723205,-0.0001969227734216822,-1.2023059919192876,0.23135191590977422,-0.029045923990486625,-551.2475993958318,1047.8597008419415,-497.62124366485176,-1.0091422187420567
17.1,0.00280574453195709,-0.08946813276619256,0.05,-2.006319001138299,1.0000012907993918,-0.000192953534723205,-0.0001969227734216822,-1.2023059919192876,0.23135191590977422,-0.029045923990486625,-551.2475993958318,1047.8597008419415,-497.62124366485176,-1.0091422187420567
17.12,0.0029145205202003527,-0.015313988900226422,-0.05,-2.006319001138299,1.0000012907993918,-0.000192953534723205,-0.0001969227734216822,-1.2023059919192876,0.23135191590977422,-0.029045923990486625,-551.2475993958318,1047.8597008419415,-497.62124366485176,-1.0091422187420567
17.14,0.003061927678704357,0.08146650657759819,-0.05,-2.006319001138299,1.0000012907993918,-0.000192953534723205,-0.0001969227734216822,-1.2023059919192876,0.23135191590977422,-0.029045923990486625,-551.2475993958318,1047.8597008419415,-497.62124366485176,-1.0091422187420567
17.16,0.0032152331488203437,0.16359527535160995,-0.05,-2.006319001138299,1.0000012907993918,-0.000192953534723205,-0.0001969227734216822,-1.2023059919192876,0.23135191590977422,-0.029045923990486625,-551.2475993958318,1047.8597008419415,-497.62124366485176,-1.0091422187420567
17.18,0.003340170971253259,0.22368469290895743,-0.05,-2.006319001138299,1.0000012907993918,-0.000192953534723205,-0.0001969227734216822,-1.2023059919192876,0.23135191590977422,-0.029045923990486625,-551.2475993958318,1047.8597008419415,-497.62124366485176,-1.0091422187420567
17.2,0.0034095215320830473,0.26334107023284753,-0.05,-2.006319001138299,1.0000012907993918,-0.000192953534723205,-0.0001969227734216822,-1.2023059919192876,0.23135191590977422,-0.029045923990486625,-551.2475993958318,1047.8597008419415,-497.62124366485176,-1.0091422187420567
17.22,0.0034040812419685626,0.1850927623203111,0.05,-2.006319001138299,1.0000012907993918,-0.000192953534723205,-0.0001969227734216822,-1.2023059919192876,0.23135191590977422,-0.029045923990486625,-551.2475993958318,1047.8597008419415,-497.62124366485176,-1.0091422187420567
17.240000000000002,0.0033314122014074495,0.08373746558372272,0.05,-2.006319001138299,1.0000012907993918,-0.000192953534723205,-0.0001969227734216822,-1.2023059919192876,0.23135191590977422,-0.029045923990486625,-551.2475993958318,1047.8597008419415,-497.62124366485176,-1.0091422187420567
17.26,0.0032264152223632427,-0.0033074403934454932,0.05,-2.006319001138299,1.0000012907993918,-0.000192953534723205,-0.0001969227734216822,-1.2023059919192876,0.23135191590977422,-0.029045923990486625,-551.2475993958318,1047.8597008419415,-497.62124366485176,-1.0091422187420567
17.28,0.003125522749191284,-0.06854239365477746,0.05,-2.006319001138299,1.0000012907993918,-0.000192953534723205,-0.0001969227734216822,-1.2023059919192876,0.23135191590977422,-0.029045923990486625,-551.2475993958318,1047.8597008419415,-497.62124366485176,-1.0091422187420567
17.3,0.0030580833524517267,-0.11348409741573397,0.05,-2.006319001138299,1.0000012907993918,-0.000192953534723205,-0.0001969227734216822,-1.2023059919192876,0.23135191590977422,-0.029045923990486625,-551.2475993958318,1047.8597008419415,-497.62124366485176,-1.0091422187420567
17.32,0.0030453654940647903,-0.040589524350900616,-0.05,-2.006319001138299,1.0000012907993918,-0.000192953534723205,-0.0001969227734216822,-1.2023059919192876,0.23135191590977422,-0.029045923990486625,-551.2475993958318,1047.8597008419415,-497.62124366485176,-1.0091422187420567
17.34,0.0030817888689874005,0.05540015019386467,-0.05,-2.006319001138299,1.0000012907993918,-0.000192953534723205,-0.0001969227734216822,-1.2023059919192876,0.23135191590977422,-0.029045923990486625,-551.2475993958318,1047.8597008419415,-497.62124366485176,-1.0091422187420567
17.36,0.003134338462343724,0.13711201254158045,-0.05,-2.006319001138299,1.0000012907993918,-0.000192953534723205,-0.0001969227734216822,-1.2023059919192876,0.23135191590977422,-0.029045923990486625,-551.2475993958318,1047.8597008419415,-497.62124366485176,-1.0091422187420567
17.38,0.0031683634737828615,0.19708121919717367,-0.05,-2.006319001138299,1.0000012907993918,-0.000192953534723205,-0.0001969227734216822,-1.2023059919192876,0.23135191590977422,-0.029045923990486625,-551.2475993958318,1047.8597008419415,-497.62124366485176,-1.0091422187420567
17.400000000000002,0.003156188255936261,0.1359370427818711,0.05,-2.006319001138299,1.0000012907993918,-0.000192953534723205,-0.0001969227734216822,-1.2023059919192876,0.23135191590977422,-0.029045923990486625,-551.2475993958318,1047.8597008419415,-497.62124366485176,-1.0091422187420567
17.42,0.003097968840019716,0.04851861417055048,0.05,-2.006319001138299,1.0000012907993918,-0.000192953534723205,-0.0001969227734216822,-1.2023059919192876,0.23135191590977422,-0.029045923990486625,-551.2475993958318,1047.8597008419415,-497.62124366485176,-1.0091422187420567
17.44,0.0030225858181978,-0.027304980090062596,0.05,-2.006319001138299,1.0000012907993918,-0.000192953534723205,-0.0001969227734216822,-1.2023059919192876,0.23135191590977422,-0.029045923990486625,-551.2475993958318,1047.8597008419415,-497.62124366485176,-1.0091422187420567
17.46,0.0029617029715086327,-0.08356162049476921,0.05,-2.006319001138299,1.0000012907993918,-0.000192953534723205,-0.0001969227734216822,-1.2023059919192876,0.23135191590977422,-0.029045923990486625,-551.2475993958318,1047.8597008419415,-497.62124366485176,-1.0091422187420567
17.48,0.0029409403725683615,-0.12135737594321383,0.05,-2.006319001138299,1.0000012907993918,-0.000192953534723205,-0.0001969227734216822,-1.2023059919192876,0.23135191590977422,-0.029045923990486625,-551.2475993958318,1047.8597008419415,-497.62124366485176,-1.0091422187420567
17.5,0.00297868128407398,-0.14372244430988065,0.05,-2.006319001138299,1.0000012907993918,-0.000192953534723205,-0.0001969227734216822,-1.2023059919192876,0.23135191590977422,-0.029045923990486625,-551.2475993958318,1047.8597008419415,-497.62124366485176,-1.0091422187420567
17.52,0.0030869998364276368,-0.05275653239867073,-0.05,-2.006319001138299,1.0000012907993918,-0.000192953534723205,-0.0001969227734216822,-1.2023059919192876,0.23135191590977422,-0.029045923990486625,-551.2475993958318,1047.8597008419415,-497.62124366485176,-1.0091422187420567
17.54,0.003253063146925721,0.0575087520440717,-0.05,-2.006319001138299,1.0000012907993918,-0.000192953534723205,-0.0001969227734216822,-1.2023059919192876,0.23135191590977422,-0.029045923990486625,-551.2475993958318,1047.8597008419415,-497.62124366485176,-1.0091422187420567
17.56,0.0034382906237767465,0.15038337598243978,-0.05,-2.006319001138299,1.0000012907993918,-0.000192953534723205,-0.0001969227734216822,-1.2023059919192876,0.23135191590977422,-0.029045923990486625,-551.2475993958318,1047.8597008419415,-497.62124366485176,-1.0091422187420567
17.580000000000002,0.003603844455967351,0.2189845721719112,-0.05,-2.006319001138299,1.0000012907993918,-0.000192953534723205,-0.0001969227734216822,-1.2023059919192876,0.23135191590977422,-0.029045923990486625,-551.2475993958318,1047.8597008419415,-497.62124366485176,-1.0091422187420567
17.6,0.003718965701660697,0.1644222630592507,0.05,-2.006319001138299,1.0000012907993918,-0.000192953534723205,-0.0001969227734216822,-1.2023059919192876,0.23135191590977422,-0.029045923990486625,-551.2475993958318,1047.8597008419415,-497.62124366485176,-1.0091422187420567
17.62,0.0037816025325828526,0.08192887545055902,0.05,-2.006319001138299,1.0000012907993918,-0.000192953534723205,-0.0001969227734216822,-1.2023059919192876,0.23135191590977422,-0.029045923990486625,-551.2475993958318,1047.8597008419415,-497.62124366485176,-1.0091422187420567
17.64,0.0038191174206754527,0.009694419659801654,0.05,-2.006319001138299,1.0000012907993918,-0.000192953534723205,-0.0001969227734216822,-1.2023059919192876,0.23135191590977422,-0.029045923990486625,-551.2475993958318,1047.8597008419415,-497.62124366485176,-1.0091422187420567
17.66,0.0038621958513902583,-0.044047348964374594,0.05,-2.006319001138299,1.0000012907993918,-0.000192953534723205,-0.0001969227734216822,-1.2023059919192876,0.23135191590977422,-0.029045923990486625,-551.2475993958318,1047.8597008419415,-497.62124366485176,-1.0091422187420567
17.68,0.003935898752472138,-0.08018931528494491,0.05,-2.006319001138299,1.0000012907993918,-0.000192953534723205,-0.0001969227734216822,-1.2023059919192876,0.23135191590977422,-0.029045923990486625,-551.2475993958318,1047.8597008419415,-497.62124366485176,-1.0091422187420567
17.7,0.0040583724972269655,-0.10158807315501414,0.05,-2.006319001138299,1.0000012907993918,-0.000192953534723205,-0.0001969227734216822,-1.2023059919192876,0.23135191590977422,-0.029045923990486625,-551.2475993958318,1047.8597008419415,-497.62124366485176,-1.0091422187420567
17.72,0.004241698994890641,-0.01020205276015114,-0.05,-2.006319001138299,1.0000012907993918,-0.000192953534723205,-0.0001969227734216822,-1.2023059919192876,0.23135191590977422,-0.029045923990486625,-551.2475993958318,1047.8597008419415,-497.62124366485176,-1.0091422187420567
17.740000000000002,0.004473235979399309,0.10005206902764864,-0.05,-2.006319001138299,1.0000012907993918,-0.000192953534723205,-0.0001969227734216822,-1.2023059919192876,0.23135191590977422,-0.029045923990486625,-551.2475993958318,1047.8597008419415,-497.62124366485176,-1.0091422187420567
17.76,0.004714727101023779,0.19257766820053113,-0.05,-2.006319001138299,1.0000012907993918,-0.000192953534723205,-0.0001969227734216822,-1.2023059919192876,0.23135191590977422,-0.029045923990486625,-551.2475993958318,1047.8597008419415,-497.62124366485176,-1.0091422187420567
17.78,0.004927753311358768,0.2605677343614,-0.05,-2.006319001138299,1.0000012907993918,-0.000192953534723205,-0.0001969227734216822,-1.2023059919192876,0.23135191590977422,-0.029045923990486625,-551.2475993958318,1047.8597008419415,-497.62124366485176,-1.0091422187420567
17.8,0.00508203818625376,0.20519353277776128,0.05,-2.006319001138299,1.0000012907993918,-0.000192953534723205,-0.0001969227734216822,-1.2023059919192876,0.23135191590977422,-0.029045923990486625,-551.2475993958318,1047.8597008419415,-497.62124366485176,-1.0091422187420567
17.82,0.0051760520049916655,0.12173701462511533,0.05,-2.006319001138299,1.0000012907993918,-0.000192953534723205,-0.0001969227734216822,-1.2023059919192876,0.23135191590977422,-0.029045923990486625,-551.2475993958318,1047.8597008419415,-497.62124366485176,-1.0091422187420567
17.84,0.00523770030600918,0.048428121996583695,0.05,-2.006319001138299,1.0000012907993918,-0.000192953534723205,-0.0001969227734216822,-1.2023059919192876,0.23135191590977422,-0.029045923990486625,-551.2475993958318,1047.8597008419415,-497.62124366485176,-1.0091422187420567
17.86,0.005298218516867747,-0.006467146756199152,0.05,-2.006319001138299,1.0000012907993918,-0.000192953534723205,-0.0001969227734216822,-1.2023059919192876,0.23135191590977422,-0.029045923990486625,-551.2475993958318,1047.8597008419415,-497.62124366485176,-1.0091422187420567
17.88,0.005383213646597844,-0.04381570510516122,0.05,-2.006319001138299,1.0000012907993918,-0.000192953534723205,-0.0001969227734216822,-1.2023059919192876,0.23135191590977422,-0.029045923990486625,-551.2475993958318,1047.8597008419415,-497.62124366485176,-1.0091422187420567
17.900000000000002,0.0055113662209217325,0.03446089744601349,-0.05,-2.006319001138299,1.0000012907993918,-0.000192953534723205,-0.0001969227734216822,-1.2023059919192876,0.23135191590977422,-0.029045923990486625,-551.2475993958318,1047.8597008419415,-497.62124366485176,-1.0091422187420567
17.92,0.005675412601875287,0.1340591401060583,-0.05,-2.006319001138299,1.0000012907993918,-0.000192953534723205,-0.0001969227734216822,-1.2023059919192876,0.23135191590977422,-0.029045923990486625,-551.2475993958318,1047.8597008419415,-497.62124366485176,-1.0091422187420567
17.94,0.005841357188908293,0.2179628456611686,-0.05,-2.006319001138299,1.0000012907993918,-0.000192953534723205,-0.0001969227734216822,-1.2023059919192876,0.23135191590977422,-0.029045923990486625,-551.2475993958318,1047.8597008419415,-497.62124366485176,-1.0091422187420567
17.96,0.005974108659839343,0.27899739403268453,-0.05,-2.006319001138299,1.0000012907993918,-0.000192953534723205,-0.0001969227734216822,-1.2023059919192876,0.23135191590977422,-0.029045923990486625,-551.2475993958318,1047.8597008419415,-497.62124366485176,-1.0091422187420567
17.98,0.00604596071987886,0.3189421479787369,-0.05,-2.006319001138299,1.0000012907993918,-0.000192953534723205,-0.0001969227734216822,-1.2023059919192876,0.23135191590977422,-0.029045923990486625,-551.2475993958318,1047.8597008419415,-497.62124366485176,-1.0091422187420567
18.0,0.006037482746147831,0.34138017720364444,-0.05,-2.006319001138299,1.0000012907993918,-0.000192953534723205,-0.0001969227734216822,-1.2023059919192876,0.23135191590977422,-0.029045923990486625,-551.2475993958318,1047.8597008419415,-497.62124366485176,-1.0091422187420567
18.02,0.005936344253959051,0.24886132927894314,0.05,-2.006319001138299,1.0000012907993918,-0.000192953534723205,-0.0001969227734216822,-1.2023059919192876,0.23135191590977422,-0.029045923990486625,-551.2475993958318,1047.8597008419415,-497.62124366485176,-1.0091422187420567
18.04,0.0057557134947430165,0.13578237323198009,0.05,-2.006319001138299,1.0000012907993918,-0.000192953534723205,-0.0001969227734216822,-1.2023059919192876,0.23135191590977422,-0.029045923990486625,-551.2475993958318,1047.8597008419415,-497.62124366485176,-1.0091422187420567
18.06,0.005534939856697269,0.03912910590024321,0.05,-2.006319001138299,1.0000012907993918,-0.000192953534723205,-0.0001969227734216822,-1.2023059919192876,0.23135191590977422,-0.029045923990486625,-551.2475993958318,1047.8597008419415,-497.62124366485176,-1.0091422187420567
18.080000000000002,0.0053139385191820964,-0.0339763203425591,0.05,-2.006319001138299,1.0000012907993918,-0.000192953534723205,-0.0001969227734216822,-1.2023059919192876,0.23135191590977422,-0.029045923990486625,-551.2475993958318,1047.8597008419415,-497.62124366485176,-1.0091422187420567
18.1,0.005124755795191111,-0.08536475590783778,0.05,-2.006319001138299,1.0000012907993918,-0.000192953534723205,-0.0001969227734216822,-1.2023059919192876,0.23135191590977422,-0.029045923990486625,-551.2475993958318,1047.8597008419415,-497.62124366485176,-1.0091422187420567
18.12,0.004990725658822558,-0.01775125984089984,-0.05,-2.006319001138299,1.0000012907993918,-0.000192953534723205,-0.0001969227734216822,-1.2023059919192876,0.23135191590977422,-0.029045923990486625,-551.2475993958318,1047.8597008419415,-497.62124366485176,-1.0091422187420567
18.14,0.004907826599114381,0.07391177853503737,-0.05,-2.006319001138299,1.0000012907993918,-0.000192953534723205,-0.0001969227734216822,-1.2023059919192876,0.23135191590977422,-0.029045923990486625,-551.2475993958318,1047.8597008419415,-497.62124366485176,-1.0091422187420567
18.16,0.004844197629424792,0.15207868632627491,-0.05,-2.006319001138299,1.0000012907993918,-0.000192953534723205,-0.0001969227734216822,-1.2023059919192876,0.23135191590977422,-0.029045923990486625,-551.2475993958318,1047.8597008419415,-497.62124366485176,-1.0091422187420567
18.18,0.004766019675469371,0.20914319536416856,-0.05,-2.006319001138299,1.0000012907993918,-0.000192953534723205,-0.0001969227734216822,-1.2023059919192876,0.23135191590977422,-0.029045923990486625,-551.2475993958318,1047.8597008419415,-497.62124366485176,-1.0091422187420567
18.2,0.004646193426771464,0.24653303874830626,-0.05,-2.006319001138299,1.0000012907993918,-0.000192953534723205,-0.0001969227734216822,-1.2023059919192876,0.23135191590977422,-0.029045923990486625,-551.2475993958318,1047.8597008419415,-497.62124366485176,-1.0091422187420567
18.22,0.004465387953373754,0.16663079944869771,0.05,-2.006319001138299,1.0000012907993918,-0.000192953534723205,-0.0001969227734216822,-1.2023059919192876,0.23135191590977422,-0.029045923990486625,-551.2475993958318,1047.8597008419415,-497.62124366485176,-1.0091422187420567
18.240000000000002,0.004230853365774952,0.06411519183582401,0.05,-2.006319001138299,1.0000012907993918,-0.000192953534723205,-0.0001969227734216822,-1.2023059919192876,0.23135191590977422,-0.029045923990486625,-551.2475993958318,1047.8597008419415,-497.62124366485176,-1.0091422187420567
18.26,0.003977044079517506,-0.023693440254980644,0.05,-2.006319001138299,1.0000012907993918,-0.000192953534723205,-0.0001969227734216822,-1.2023059919192876,0.23135191590977422,-0.029045923990486625,-551.2475993958318,1047.8597008419415,-497.62124366485176,-1.0091422187420567
18.28,0.0037398516395561006,-0.08937457041573445,0.05,-2.006319001138299,1.0000012907993918,-0.000192953534723205,-0.0001969227734216822,-1.2023059919192876,0.23135191590977422,-0.029045923990486625,-551.2475993958318,1047.8597008419415,-497.62124366485176,-1.0091422187420567
18.3,0.0035480205395726264,-0.13450927889951916,0.05,-2.006319001138299,1.0000012907993918,-0.000192953534723205,-0.0001969227734216822,-1.2023059919192876,0.23135191590977422,-0.029045923990486625,-551.2475993958318,1047.8597008419415,-497.62124366485176,-1.0091422187420567
18.32,0.00342217645755982,-0.061606981058869914,-0.05,-2.006319001138299,1.0000012907993918,-0.000192953534723205,-0.0001969227734216822,-1.2023059919192876,0.23135191590977422,-0.029045923990486625,-551.2475993958318,1047.8597008419415,-497.62124366485176,-1.0091422187420567
18.34,0.003356076620094987,0.03454845548747268,-0.05,-2.006319001138299,1.0000012907993918,-0.000192953534723205,-0.0001969227734216822,-1.2023059919192876,0.23135191590977422,-0.029045923990486625,-551.2475993958318,1047.8597008419415,-497.62124366485176,-1.0091422187420567
18.36,0.003316038462273115,0.11654937634013156,-0.05,-2.006319001138299,1.0000012907993918,-0.000192953534723205,-0.0001969227734216822,-1.2023059919192876,0.23135191590977422,-0.029045923990486625,-551.2475993958318,1047.8597008419415,-497.62124366485176,-1.0091422187420567
18.38,0.003266749625065246,0.1769026805202016,-0.05,-2.006319001138299,1.0000012907993918,-0.000192953534723205,-0.0001969227734216822,-1.2023059919192876,0.23135191590977422,-0.029045923990486625,-551.2475993958318,1047.8597008419415,-497.62124366485176,-1.0091422187420567
18.400000000000002,0.003179887205540802,0.11621469933094247,0.05,-2.006319001138299,1.0000012907993918,-0.000192953534723205,-0.0001969227734216822,-1.2023059919192876,0.23135191590977422,-0.029045923990486625,-551.2475993958318,1047.8597008419415,-497.62124366485176,-1.0091422187420567
18.42,0.003054980370178826,0.0293059791959992,0.05,-2.006319001138299,1.0000012907993918,-0.000192953534723205,-0.0001969227734216822,-1.2023059919192876,0.23135191590977422,-0.029045923990486625,-551.2475993958318,1047.8597008419415,-497.62124366485176,-1.0091422187420567
18.44,0.002920307556950395,-0.04596940865769218,0.05,-2.006319001138299,1.0000012907993918,-0.000192953534723205,-0.0001969227734216822,-1.2023059919192876,0.23135191590977422,-0.029045923990486625,-551.2475993958318,1047.8597008419415,-497.62124366485176,-1.0091422187420567
18.46,0.0028069580043152322,-0.10165144785121408,0.05,-2.006319001138299,1.0000012907993918,-0.000192953534723205,-0.0001969227734216822,-1.2023059919192876,0.23135191590977422,-0.029045923990486625,-551.2475993958318,1047.8597008419415,-497.62124366485176,-1.0091422187420567
18.48,0.0027400066348946175,-0.13885594225532083,0.05,-2.006319001138299,1.0000012907993918,-0.000192953534723205,-0.0001969227734216822,-1.2023059919192876,0.23135191590977422,-0.029045923990486625,-551.2475993958318,1047.8597008419415,-497.62124366485176,-1.0091422187420567
18.5,0.002737321877845957,-0.16062089484563033,0.05,-2.006319001138299,1.0000012907993918,-0.000192953534723205,-0.0001969227734216822,-1.2023059919192876,0.23135191590977422,-0.029045923990486625,-551.2475993958318,1047.8597008419415,-497.62124366485176,-1.0091422187420567
18.52,0.0028104936148877955,-0.06905224171217017,-0.05,-2.006319001138299,1.0000012907993918,-0.000192953534723205,-0.0001969227734216822,-1.2023059919192876,0.23135191590977422,-0.029045923990486625,-551.2475993958318,1047.8597008419415,-497.62124366485176,-1.0091422187420567
18.54,0.0029462350500249145,0.04181345681669811,-0.05,-2.006319001138299,1.0000012907993918,-0.000192953534723205,-0.0001969227734216822,-1.2023059919192876,0.23135191590977422,-0.029045923990486625,-551.2475993958318,1047.8597008419415,-497.62124366485176,-1.0091422187420567
18.56,0.003105541400076836,0.13528225816584902,-0.05,-2.006319001138299,1.0000012907993918,-0.000192953534723205,-0.0001969227734216822,-1.2023059919192876,0.23135191590977422,-0.029045923990486625,-551.2475993958318,1047.8597008419415,-497.62124366485176,-1.0091422187420567
18.580000000000002,0.0032491795263970818,0.20446835223885082,-0.05,-2.006319001138299,1.0000012907993918,-0.000192953534723205,-0.0001969227734216822,-1.2023059919192876,0.23135191590977422,-0.029045923990486625,-551.2475993958318,1047.8597008419415,-497.62124366485176,-1.0091422187420567
18.6,0.00334602296150728,0.15047932729167138,0.05,-2.006319001138299,1.0000012907993918,-0.000192953534723205,-0.0001969227734216822,-1.2023059919192876,0.23135191590977422,-0.029045923990486625,-551.2475993958318,1047.8597008419415,-497.62124366485176,-1.0091422187420567
18.62,0.0033936789779656384,0.06854586616469296,0.05,-2.006319001138299,1.0000012907993918,-0.000192953534723205,-0.0001969227734216822,-1.2023059919192876,0.23135191590977422,-0.029045923990486625,-551.2475993958318,1047.8597008419415,-497.62124366485176,-1.0091422187420567
18.64,0.00341919448140903,-0.0031432952062007344,0.05,-2.006319001138299,1.0000012907993918,-0.000192953534723205,-0.0001969227734216822,-1.2023059919192876,0.23135191590977422,-0.029045923990486625,-551.2475993958318,1047.8597008419415,-497.62124366485176,-1.0091422187420567
18.66,0.003452963331847343,-0.05635532527261079,0.05,-2.006319001138299,1.0000012907993918,-0.000192953534723205,-0.0001969227734216822,-1.2023059919192876,0.23135191590977422,-0.029045923990486625,-551.2475993958318,1047.8597008419415,-497.62124366485176,-1.0091422187420567
18.68,0.0035197773870339942,-0.09198374954898521,0.05,-2.006319001138299,1.0000012907993918,-0.000192953534723205,-0.0001969227734216822,-1.2023059919192876,0.23135191590977422,-0.029045923990486625,-551.2475993958318,1047.8597008419415,-497.62124366485176,-1.0091422187420567
18.7,0.0036375351473845277,-0.11288556619013543,0.05,-2.006319001138299,1.0000012907993918,-0.000192953534723205,-0.0001969227734216822,-1.2023059919192876,0.23135191590977422,-0.029045923990486625,-551.2475993958318,1047.8597008419415,-497.62124366485176,-1.0091422187420567
18.72,0.0038180905211053543,-0.021019414043916274,-0.05,-2.006319001138299,1.0000012907993918,-0.000192953534723205,-0.0001969227734216822,-1.2023059919192876,0.23135191590977422,-0.029045923990486625,-551.2475993958318,1047.8597008419415,-497.62124366485176,-1.0091422187420567
18.740000000000002,0.004048591788304053,0.0896979594238338,-0.05,-2.006319001138299,1.0000012907993918,-0.000192953534723205,-0.0001969227734216822,-1.2023059919192876,0.23135191590977422,-0.029045923990486625,-551.2475993958318,1047.8597008419415,-497.62124366485176,-1.0091422187420567
18.76,0.00429059044497881,0.18266997734975607,-0.05,-2.006319001138299,1.0000012907993918,-0.000192953534723205,-0.0001969227734216822,-1.2023059919192876,0.23135191590977422,-0.029045923990486625,-551.2475993958318,1047.8597008419415,-497.62124366485176,-1.0091422187420567
18.78,0.00450549145009422,0.25108980281919435,-0.05,-2.006319001138299,1.0000012907993918,-0.000192953534723205,-0.0001969227734216822,-1.2023059919192876,0.23135191590977422,-0.029045923990486625,-551.2475993958318,1047.8597008419415,-497.62124366485176,-1.0091422187420567
18.8,0.004662857438243431,0.1961289737766315,0.05,-2.006319001138299,1.0000012907993918,-0.000192953534723205,-0.0001969227734216822,-1.2023059919192876,0.23135191590977422,-0.029045923990486625,-551.2475993958318,1047.8597008419415,-497.62124366485176,-1.0091422187420567
18.82,0.004761011769165647,0.113069807612062,0.05,-2.006319001138299,1.0000012907993918,-0.000192953534723205,-0.0001969227734216822,-1.2023059919192876,0.23135191590977422,-0.029045923990486625,-551.2475993958318,1047.8597008419415,-497.62124366485176,-1.0091422187420567
18.84,0.004827726056007003,0.040142665961162144,0.05,-2.006319001138299,1.0000012907993918,-0.000192953534723205,-0.0001969227734216822,-1.2023059919192876,0.23135191590977422,-0.029045923990486625,-551.2475993958318,1047.8597008419415,-497.62124366485176,-1.0091422187420567
18.86,0.004894113753175955,-0.014386037989104674,0.05,-2.006319001138299,1.0000012907993918,-0.000192953534723205,-0.0001969227734216822,-1.2023059919192876,0.23135191590977422,-0.029045923990486625,-551.2475993958318,1047.8597008419415,-497.62124366485176,-1.0091422187420567
18.88,0.004985670908167419,-0.05138280597475113,0.05,-2.006319001138299,1.0000012907993918,-0.000192953534723205,-0.0001969227734216822,-1.2023059919192876,0.23135191590977422,-0.029045923990486625,-551.2475993958318,1047.8597008419415,-497.62124366485176,-1.0091422187420567
18.900000000000002,0.005120977244892144,0.027231232678912858,-0.05,-2.006319001138299,1.0000012907993918,-0.000192953534723205,-0.0001969227734216822,-1.2023059919192876,0.23135191590977422,-0.029045923990486625,-551.2475993958318,1047.8597008419415,-497.62124366485176,-1.0091422187420567
18.92,0.005292677653396167,0.1271529647809019,-0.05,-2.006319001138299,1.0000012907993918,-0.000192953534723205,-0.0001969227734216822,-1.2023059919192876,0.23135191590977422,-0.029045923990486625,-551.2475993958318,1047.8597008419415,-497.62124366485176,-1.0091422187420567
18.94,0.005466693659973529,0.21136662298879202,-0.05,-2.006319001138299,1.0000012907993918,-0.000192953534723205,-0.0001969227734216822,-1.2023059919192876,0.23135191590977422,-0.029045923990486625,-551.2475993958318,1047.8597008419415,-497.62124366485176,-1.0091422187420567
18.96,0.005607859053655854,0.2726980366909023,-0.05,-2.006319001138299,1.0000012907993918,-0.000192953534723205,-0.0001969227734216822,-1.2023059919192876,0.23135191590977422,-0.029045923990486625,-551.2475993958318,1047.8597008419415,-497.62124366485176,-1.0091422187420567
18.98,0.005688400025437191,0.3129270425061873,-0.05,-2.006319001138299,1.0000012907993918,-0.000192953534723205,-0.0001969227734216822,-1.2023059919192876,0.23135191590977422,-0.029045923990486625,-551.2475993958318,1047.8597008419415,-497.62124366485176,-1.0091422187420567
19.0,0.005688825219107295,0.3356371878569384,-0.05,-2.006319001138299,1.0000012907993918,-0.000192953534723205,-0.0001969227734216822,-1.2023059919192876,0.23135191590977422,-0.029045923990486625,-551.2475993958318,1047.8597008419415,-497.62124366485176,-1.0091422187420567
19.02,0.005596749634323134,0.24337878998202198,0.05,-2.006319001138299,1.0000012907993918,-0.000192953534723205,-0.0001969227734216822,-1.2023059919192876,0.23135191590977422,-0.029045923990486625,-551.2475993958318,1047.8597008419415,-497.62124366485176,-1.0091422187420567
19.04,0.005425292740164709,0.13054909724476935,0.05,-2.006319001138299,1.0000012907993918,-0.000192953534723205,-0.0001969227734216822,-1.2023059919192876,0.23135191590977422,-0.029045923990486625,-551.2475993958318,1047.8597008419415,-497.62124366485176,-1.0091422187420567
19.06,0.005213760380318341,0.03413437311198442,0.05,-2.006319001138299,1.0000012907993918,-0.000192953534723205,-0.0001969227734216822,-1.2023059919192876,0.23135191590977422,-0.029045923990486625,-551.2475993958318,1047.8597008419415,-497.62124366485176,-1.0091422187420567
19.080000000000002,0.005002028909865443,-0.03874281465072434,0.05,-2.006319001138299,1.0000012907993918,-0.000192953534723205,-0.0001969227734216822,-1.2023059919192876,0.23135191590977422,-0.029045923990486625,-551.2475993958318,1047.8597008419415,-497.62124366485176,-1.0091422187420567
19.1,0.004822110107174856,-0.08991293446501131,0.05,-2.006319001138299,1.0000012907993918,-0.000192953534723205,-0.0001969227734216822,-1.2023059919192876,0.23135191590977422,-0.029045923990486625,-551.2475993958318,1047.8597008419415,-497.62124366485176,-1.0091422187420567
19.12,0.004697307333120928,-0.022090676466185025,-0.05,-2.006319001138299,1.0000012907993918,-0.000192953534723205,-0.0001969227734216822,-1.2023059919192876,0.23135191590977422,-0.029045923990486625,-551.2475993958318,1047.8597008419415,-497.62124366485176,-1.0091422187420567
19.14,0.004623572023754318,0.06977191756303196,-0.05,-2.006319001138299,1.0000012907993918,-0.000192953534723205,-0.0001969227734216822,-1.2023059919192876,0.23135191590977422,-0.029045923990486625,-551.2475993958318,1047.8597008419415,-497.62124366485176,-1.0091422187420567
19.16,0.004569019397458636,0.14812951534815538,-0.05,-2.006319001138299,1.0000012907993918,-0.000192953534723205,-0.0001969227734216822,-1.2023059919192876,0.23135191590977422,-0.029045923990486625,-551.2475993958318,1047.8597008419415,-497.62124366485176,-1.0091422187420567
19.18,0.004499809603373151,0.20537620717621347,-0.05,-2.006319001138299,1.0000012907993918,-0.000192953534723205,-0.0001969227734216822,-1.2023059919192876,0.23135191590977422,-0.029045923990486625,-551.2475993958318,1047.8597008419415,-497.62124366485176,-1.0091422187420567
19.2,0.0043888253193463105,0.2429400895715571,-0.05,-2.006319001138299,1.0000012907993918,-0.000192953534723205,-0.0001969227734216822,-1.2023059919192876,0.23135191590977422,-0.029045923990486625,-551.2475993958318,1047.8597008419415,-497.62124366485176,-1.0091422187420567
19.22,0.0042167201161877515,0.1632041003436779,0.05,-2.006319001138299,1.0000012907993918,-0.000192953534723205,-0.0001969227734216822,-1.2023059919192876,0.23135191590977422,-0.029045923990486625,-551.2475993958318,1047.8597008419415,-497.62124366485176,-1.0091422187420567
19.240000000000002,0.0039907309011616415,0.06084730659964699,0.05,-2.006319001138299,1.0000012907993918,-0.000192953534723205,-0.0001969227734216822,-1.2023059919192876,0.23135191590977422,-0.029045923990486625,-551.2475993958318,1047.8597008419415,-497.62124366485176,-1.0091422187420567
19.26,0.0037453009554335452,-0.02680961067342577,0.05,-2.006319001138299,1.0000012907993918,-0.000192953534723205,-0.0001969227734216822,-1.2023059919192876,0.23135191590977422,-0.029045923990486625,-551.2475993958318,1047.8597008419415,-497.62124366485176,-1.0091422187420567
19.28,0.0035163125188531364,-0.09234582336956544,0.05,-2.006319001138299,1.0000012907993918,-0.000192953534723205,-0.0001969227734216822,-1.2023059919192876,0.23135191590977422,-0.029045923990486625,-551.2475993958318,1047.8597008419415,-497.62124366485176,-1.0091422187420567
19.3,0.003332502417914223,-0.13734213354064312,0.05,-2.006319001138299,1.0000012907993918,-0.000192953534723205,-0.0001969227734216822,-1.2023059919192876,0.23135191590977422,-0.029045923990486625,-551.2475993958318,1047.8597008419415,-497.62124366485176,-1.0091422187420567
19.32,0.003214490142090483,-0.06430768974852555,-0.05,-2.006319001138299,1.0000012907993918,-0.000192953534723205,-0.0001969227734216822,-1.2023059919192876,0.23135191590977422,-0.029045923990486625,-551.2475993958318,1047.8597008419415,-497.62124366485176,-1.0091422187420567
19.34,0.0031560280518641843,0.03197389247362946,-0.05,-2.006319001138299,1.0000012907993918,-0.000192953534723205,-0.0001969227734216822,-1.2023059919192876,0.23135191590977422,-0.029045923990486625,-551.2475993958318,1047.8597008419415,-497.62124366485176,-1.0091422187420567
19.36,0.003123429909899205,0.11409520319603873,-0.05,-2.006319001138299,1.0000012907993918,-0.000192953534723205,-0.0001969227734216822,-1.2023059919192876,0.23135191590977422,-0.029045923990486625,-551.2475993958318,1047.8597008419415,-497.62124366485176,-1.0091422187420567
19.38,0.0030813807784159505,0.17456338998595575,-0.05,-2.006319001138299,1.0000012907993918,-0.000192953534723205,-0.0001969227734216822,-1.2023059919192876,0.23135191590977422,-0.029045923990486625,-551.2475993958318,1047.8597008419415,-497.62124366485176,-1.0091422187420567
19.400000000000002,0.00300155616204798,0.11398503060141243,0.05,-2.006319001138299,1.0000012907993918,-0.000192953534723205,-0.0001969227734216822,-1.2023059919192876,0.23135191590977422,-0.029045923990486625,-551.2475993958318,1047.8597008419415,-497.62124366485176,-1.0091422187420567
19.42,0.0028834845259169423,0.027180916166008387,0.05,-2.006319001138299,1.0000012907993918,-0.000192953534723205,-0.0001969227734216822,-1.2023059919192876,0.23135191590977422,-0.029045923990486625,-551.2475993958318,1047.8597008419415,-497.62124366485176,-1.0091422187420567
19.44,0.0027554443941595103,-0.04799464769481959,0.05,-2.006319001138299,1.0000012907993918,-0.000192953534723205,-0.0001969227734216822,-1.2023059919192876,0.23135191590977422,-0.029045923990486625,-551.2475993958318,1047.8597008419415,-497.62124366485176,-1.0091422187420567
19.46,0.0026485257673920684,-0.10358143139949064,0.05,-2.006319001138299,1.0000012907993918,-0.000192953534723205,-0.0001969227734216822,-1.2023059919192876,0.23135191590977422,-0.029045923990486625,-551.2475993958318,1047.8597008419415,-497.62124366485176,-1.0091422187420567
19.48,0.002587804918551664,-0.1406950410020221,0.05,-2.006319001138299,1.0000012907993918,-0.000192953534723205,-0.0001969227734216822,-1.2023059919192876,0.23135191590977422,-0.029045923990486625,-551.2475993958318,1047.8597008419415,-497.62124366485176,-1.0091422187420567
19.5,0.0025911521435244772,-0.16237329080468146,0.05,-2.006319001138299,1.0000012907993918,-0.000192953534723205,-0.0001969227734216822,-1.2023059919192876,0.23135191590977422,-0.029045923990486625,-551.2475993958318,1047.8597008419415,-497.62124366485176,-1.0091422187420567
19.52,0.0026701596443437664,-0.07072193468313767,-0.05,-2.006319001138299,1.0000012907993918,-0.000192953534723205,-0.0001969227734216822,-1.2023059919192876,0.23135191590977422,-0.029045923990486625,-551.2475993958318,1047.8597008419415,-497.62124366485176,-1.0091422187420567
19.54,0.002811543333162907,0.04022263862751757,-0.05,-2.006319001138299,1.0000012907993918,-0.000192953534723205,-0.0001969227734216822,-1.2023059919192876,0.23135191590977422,-0.029045923990486625,-551.2475993958318,1047.8597008419415,-497.62124366485176,-1.0091422187420567
19.56,0.0029763014693966416,0.1337666502857533,-0.05,-2.006319001138299,1.0000012907993918,-0.000192953534723205,-0.0001969227734216822,-1.2023059919192876,0.23135191590977422,-0.029045923990486625,-551.2475993958318,1047.8597008419415,-497.62124366485176,-1.0091422187420567
19.580000000000002,0.0031252042544802467,0.20302445327857527,-0.05,-2.006319001138299,1.0000012907993918,-0.000192953534723205,-0.0001969227734216822,-1.2023059919192876,0.23135191590977422,-0.029045923990486625,-551.2475993958318,1047.8597008419415,-497.62124366485176,-1.0091422187420567
19.6,0.0032271288186012555,0.14910379636979304,0.05,-2.006319001138299,1.0000012907993918,-0.000192953534723205,-0.0001969227734216822,-1.2023059919192876,0.23135191590977422,-0.029045923990486625,-551.2475993958318,1047.8597008419415,-497.62124366485176,-1.0091422187420567
19.62,0.003279686257621724,0.06723552223904264,0.05,-2.006319001138299,1.0000012907993918,-0.000192953534723205,-0.0001969227734216822,-1.2023059919192876,0.23135191590977422,-0.029045923990486625,-551.2475993958318,1047.8597008419415,-497.62124366485176,-1.0091422187420567
19.64,0.0033099274866598624,-0.0043914791930695085,0.05,-2.006319001138299,1.0000012907993918,-0.000192953534723205,-0.0001969227734216822,-1.2023059919192876,0.23135191590977422,-0.029045923990486625,-551.2475993958318,1047.8597008419415,-497.62124366485176,-1.0091422187420567
19.66,0.0033482505123820267,-0.05754423654068739,0.05,-2.006319001138299,1.0000012907993918,-0.000192953534723205,-0.0001969227734216822,-1.2023059919192876,0.23135191590977422,-0.029045923990486625,-551.2475993958318,1047.8597008419415,-497.62124366485176,-1.0091422187420567
19.68,0.003419451440290834,-0.0931161465223898,0.05,-2.006319001138299,1.0000012907993918,-0.000192953534723205,-0.0001969227734216822,-1.2023059919192876,0.23135191590977422,-0.029045923990486625,-551.2475993958318,1047.8597008419415,-497.62124366485176,-1.0091422187420567
19.7,0.0035414330928664026,-0.11396408537311896,0.05,-2.006319001138299,1.0000012907993918,-0.000192953534723205,-0.0001969227734216822,-1.2023059919192876,0.23135191590977422,-0.029045923990486625,-551.2475993958318,1047.8597008419415,-497.62124366485176,-1.0091422187420567
19.72,0.0037260537528067614,-0.02204657481024977,-0.05,-2.006319001138299,1.0000012907993918,-0.000192953534723205,-0.0001969227734216822,-1.2023059919192876,0.23135191590977422,-0.029045923990486625,-551.2475993958318,1047.8597008419415,-497.62124366485176,-1.0091422187420567
19.740000000000002,0.003960466100210876,0.08871974644401523,-0.05,-2.006319001138299,1.0000012907993918,-0.000192953534723205,-0.0001969227734216822,-1.2023059919192876,0.23135191590977422,-0.029045923990486625,-551.2475993958318,1047.8597008419415,-497.62124366485176,-1.0091422187420567
19.76,0.004206226038616797,0.18173840462442714,-0.05,-2.006319001138299,1.0000012907993918,-0.000192953534723205,-0.0001969227734216822,-1.2023059919192876,0.23135191590977422,-0.029045923990486625,-551.2475993958318,1047.8597008419415,-497.62124366485176,-1.0091422187420567
19.78,0.004424742937098691,0.2502026671240176,-0.05,-2.006319001138299,1.0000012907993918,-0.000192953534723205,-0.0001969227734216822,-1.2023059919192876,0.23135191590977422,-0.029045923990486625,-551.2475993958318,1047.8597008419415,-497.62124366485176,-1.0091422187420567
19.8,0.004585583833020854,0.19528417573003912,0.05,-2.006319001138299,1.0000012907993918,-0.000192953534723205,-0.0001969227734216822,-1.2023059919192876,0.23135191590977422,-0.029045923990486625,-551.2475993958318,1047.8597008419415,-497.62124366485176,-1.0091422187420567
19.82,0.004687076476492563,0.11226535280478192,0.05,-2.006319001138299,1.0000012907993918,-0.000192953534723205,-0.0001969227734216822,-1.2023059919192876,0.23135191590977422,-0.029045923990486625,-551.2475993958318,1047.8597008419415,-497.62124366485176,-1.0091422187420567
19.84,0.004756996844661668,0.03937666126428338,0.05,-2.006319001138299,1.0000012907993918,-0.000192953534723205,-0.0001969227734216822,-1.2023059919192876,0.23135191590977422,-0.029045923990486625,-551.2475993958318,1047.8597008419415,-497.62124366485176,-1.0091422187420567
19.86,0.004826462704995449,-0.01511539576063247,0.05,-2.006319001138299,1.0000012907993918,-0.000192953534723205,-0.0001969227734216822,-1.2023059919192876,0.23135191590977422,-0.029045923990486625,-551.2475993958318,1047.8597008419415,-497.62124366485176,-1.0091422187420567
19.88,0.004920974352479327,-0.05207723868994986,0.05,-2.006319001138299,1.0000012907993918,-0.000192953534723205,-0.0001969227734216822,-1.2023059919192876,0.23135191590977422,-0.029045923990486625,-551.2475993958318,1047.8597008419415,-497.62124366485176,-1.0091422187420567
19.900000000000002,0.0050591156852104425,0.02657007955666446,-0.05,-2.006319001138299,1.0000012907993918,-0.000192953534723205,-0.0001969227734216822,-1.2023059919192876,0.23135191590977422,-0.029045923990486625,-551.2475993958318,1047.8597008419415,-497.62124366485176,-1.0091422187420567
19.92,0.005233535682621366,0.1265235153953802,-0.05,-2.006319001138299,1.0000012907993918,-0.000192953534723205,-0.0001969227734216822,-1.2023059919192876,0.23135191590977422,-0.029045923990486625,-551.2475993958318,1047.8597008419415,-497.62124366485176,-1.0091422187420567
19.94,0.005410159872245141,0.21076736759205075,-0.05,-2.006319001138299,1.0000012907993918,-0.000192953534723205,-0.0001969227734216822,-1.2023059919192876,0.23135191590977422,-0.029045923990486625,-551.2475993958318,1047.8597008419415,-497.62124366485176,-1.0091422187420567
19.96,0.005553825963280905,0.2721275343443389,-0.05,-2.006319001138299,1.0000012907993918,-0.000192953534723205,-0.0001969227734216822,-1.2023059919192876,0.23135191590977422,-0.029045923990486625,-551.2475993958318,1047.8597008419415,-497.62124366485176,-1.0091422187420567
19.98,0.005636763986582176,0.312383921757895,-0.05,-2.006319001138299,1.0000012907993918,-0.000192953534723205,-0.0001969227734216822,-1.2023059919192876,0.23135191590977422,-0.029045923990486625,-551.2475993958318,1047.8597008419415,-497.62124366485176,-1.0091422187420567
