t,y,u,ref,a1_est,a2_est,b1_est,b2_est,r1,r2,r3,s0,s1,s2,t0
0.0,0.1,36.67736036488241,0.0,-2.006320008667282,1.0,-0.0002928370247095777,-0.0002928370247095777,-1.2033447024137292,0.23239066389667679,-0.029045961482947642,-366.77360364882406,697.1883841780135,-331.08655460390986,-0.6717740747203834
0.02,0.0896339147052405,7.292022781391559,0.0,-2.006320008667282,1.0,-0.0002928370247095777,-0.0002928370247095777,-1.2033447024137292,0.23239066389667679,-0.029045961482947642,-366.77360364882406,697.1883841780135,-331.08655460390986,-0.6717740747203834
0.04,0.06701884541867664,-4.550984395218931,0.0,-2.006320008667282,1.0,-0.0002928370247095777,-0.0002928370247095777,-1.2033447024137292,0.23239066389667679,-0.029045961482947642,-366.77360364882406,697.1883841780135,-331.08655460390986,-0.6717740747203834
0.06,0.04402570757196836,-7.006380913761225,0.0,-2.006320008667282,1.0,-0.0002928370247095777,-0.0002928370247095777,-1.2033447024137292,0.23239066389667679,-0.029045961482947642,-366.77360364882406,697.1883841780135,-331.08655460390986,-0.6717740747203834
0.08,0.02468987994566542,-6.6112583177019495,0.0,-2.006320008667282,1.0,-0.0002928370247095777,-0.0002928370247095777,-1.2033447024137292,0.23239066389667679,-0.029045961482947642,-366.77360364882406,697.1883841780135,-331.08655460390986,-0.6717740747203834
0.1,0.009495667376673287,-5.6140104063587,0.0,-2.006320008667282,1.0,-0.0002928370247095777,-0.0002928370247095777,-1.2033447024137292,0.23239066389667679,-0.029045961482947642,-366.77360364882406,697.1883841780135,-331.08655460390986,-0.6717740747203834
0.12,-0.0020589414649475647,-4.623649133341075,0.0,-2.006320008667282,1.0,-0.0002928370247095777,-0.0002928370247095777,-1.2033447024137292,0.23239066389667679,-0.029045961482947642,-366.77360364882406,697.1883841780135,-331.08655460390986,-0.6717740747203834
0.14,-0.010628623514640877,-3.770171119239104,0.0,-2.006320008667282,1.0,-0.0002928370247095777,-0.0002928370247095777,-1.2033447024137292,0.23239066389667679,-0.029045961482947642,-366.77360364882406,697.1883841780135,-331.08655460390986,-0.6717740747203834
0.16,-0.016807575266764643,-3.0614968125769693,0.0,-2.006320008667282,1.0,-0.0002928370247095777,-0.0002928370247095777,-1.2033447024137292,0.23239066389667679,-0.029045961482947642,-366.77360364882406,697.1883841780135,-331.08655460390986,-0.6717740747203834
0.18,-0.02109246231385858,-2.479288246244136,0.0,-2.006320008667282,1.0,-0.0002928370247095777,-0.0002928370247095777,-1.2033447024137292,0.23239066389667679,-0.029045961482947642,-366.77360364882406,697.1883841780135,-331.08655460390986,-0.6717740747203834
0.2,-0.023888479748595405,-2.0024896156643037,0.0,-2.006320008667282,1.0,-0.0002928370247095777,-0.0002928370247095777,-1.2033447024137292,0.23239066389667679,-0.029045961482947642,-366.77360364882406,697.1883841780135,-331.08655460390986,-0.6717740747203834
0.22,-0.025523436599622373,-1.6124288459721257,0.0,-2.006320008667282,1.0,-0.0002928370247095777,-0.0002928370247095777,-1.2033447024137292,0.23239066389667679,-0.029045961482947642,-366.77360364882406,697.1883841780135,-331.08655460390986,-0.6717740747203834
0.24,-0.02626148383215023,-1.293491124904847,0.0,-2.006320008667282,1.0,-0.0002928370247095777,-0.0002928370247095777,-1.2033447024137292,0.23239066389667679,-0.029045961482947642,-366.77360364882406,697.1883841780135,-331.08655460390986,-0.6717740747203834
0.26,-0.02631484976120315,-1.0328240017787325,0.0,-2.006320008667282,1.0,-0.0002928370247095777,-0.0002928370247095777,-1.2033447024137292,0.23239066389667679,-0.029045961482947642,-366.77360364882406,697.1883841780135,-331.08655460390986,-0.6717740747203834
0.28,-0.025853536555172512,-0.8198939612389089,0.0,-2.006320008667282,1.0,-0.0002928370247095777,-0.0002928370247095777,-1.2033447024137292,0.23239066389667679,-0.029045961482947642,-366.77360364882406,697.1883841780135,-331.08655460390986,-0.6717740747203834
0.3,-0.025013254293603886,-0.6460760751464457,0.0,-2.006320008667282,1.0,-0.0002928370247095777,-0.0002928370247095777,-1.2033447024137292,0.23239066389667679,-0.029045961482947642,-366.77360364882406,697.1883841780135,-331.08655460390986,-0.6717740747203834
0.32,-0.02390189442644766,-0.5043078377896775,0.0,-2.006320008667282,1.0,-0.0002928370247095777,-0.0002928370247095777,-1.2033447024137292,0.23239066389667679,-0.029045961482947642,-366.77360364882406,697.1883841780135,-331.08655460390986,-0.6717740747203834
0.34,-0.02260480715347276,-0.38880433437530987,0.0,-2.006320008667282,1.0,-0.0002928370247095777,-0.0002928370247095777,-1.2033447024137292,0.23239066389667679,-0.029045961482947642,-366.77360364882406,697.1883841780135,-331.08655460390986,-0.6717740747203834
0.36,-0.021189102537173883,-0.29482549942492486,0.0,-2.006320008667282,1.0,-0.0002928370247095777,-0.0002928370247095777,-1.2033447024137292,0.23239066389667679,-0.029045961482947642,-366.77360364882406,697.1883841780135,-331.08655460390986,-0.6717740747203834
0.38,-0.01970715524641277,-0.21848621675831553,0.0,-2.006320008667282,1.0,-0.0002928370247095777,-0.0002928370247095777,-1.2033447024137292,0.23239066389667679,-0.029045961482947642,-366.77360364882406,697.1883841780135,-331.08655460390986,-0.6717740747203834
0.4,-0.018199459543900114,-0.1566013262294919,0.0,-2.006320008667282,1.0,-0.0002928370247095777,-0.0002928370247095777,-1.2033447024137292,0.23239066389667679,-0.029045961482947642,-366.77360364882406,697.1883841780135,-331.08655460390986,-0.6717740747203834
0.42,-0.016696953934383217,-0.10655901317144018,0.0,-2.006320008667282,1.0,-0.0002928370247095777,-0.0002928370247095777,-1.2033447024137292,0.23239066389667679,-0.029045961482947642,-366.77360364882406,697.1883841780135,-331.08655460390986,-0.6717740747203834
0.44,-0.015222912798919073,-0.06621728718836128,0.0,-2.006320008667282,1.0,-0.0002928370247095777,-0.0002928370247095777,-1.2033447024137292,0.23239066389667679,-0.029045961482947642,-366.77360364882406,697.1883841780135,-331.08655460390986,-0.6717740747203834
0.46,-0.013794484410775227,-0.03381926959258191,0.0,-2.006320008667282,1.0,-0.0002928370247095777,-0.0002928370247095777,-1.2033447024137292,0.23239066389667679,-0.029045961482947642,-366.77360364882406,697.1883841780135,-331.08655460390986,-0.6717740747203834
0.48,-0.012423940161400191,-0.00792382579163474,0.0,-2.006320008667282,1.0,-0.0002928370247095777,-0.0002928370247095777,-1.2033447024137292,0.23239066389667679,-0.029045961482947642,-366.77360364882406,697.1883841780135,-331.08655460390986,-0.6717740747203834
0.5,-0.011119687970588932,0.01265126567735938,0.0,-2.006320008667282,1.0,-0.0002928370247095777,-0.0002928370247095777,-1.2033447024137292,0.23239066389667679,-0.029045961482947642,-366.77360364882406,697.1883841780135,-331.08655460390986,-0.6717740747203834
0.52,-0.009887093192094312,0.02887588992530308,0.0,-2.006320008667282,1.0,-0.0002928370247095777,-0.0002928370247095777,-1.2033447024137292,0.23239066389667679,-0.029045961482947642,-366.77360364882406,697.1883841780135,-331.08655460390986,-0.6717740747203834
0.54,-0.008729142437778031,0.04154577769357008,0.0,-2.006320008667282,1.0,-0.0002928370247095777,-0.0002928370247095777,-1.2033447024137292,0.23239066389667679,-0.029045961482947642,-366.77360364882406,697.1883841780135,-331.08655460390986,-0.6717740747203834
0.56,-0.007646979296403855,0.05131381030636427,0.0,-2.006320008667282,1.0,-0.0002928370247095777,-0.0002928370247095777,-1.2033447024137292,0.23239066389667679,-0.029045961482947642,-366.77360364882406,697.1883841780135,-331.08655460390986,-0.6717740747203834
0.58,-0.006640335649442833,0.058715688466991725,0.0,-2.006320008667282,1.0,-0.0002928370247095777,-0.0002928370247095777,-1.2033447024137292,0.23239066389667679,-0.029045961482947642,-366.77360364882406,697.1883841780135,-331.08655460390986,-0.6717740747203834
0.6,-0.005707877969705128,0.06419098060427395,0.0,-2.006320008667282,1.0,-0.0002928370247095777,-0.0002928370247095777,-1.2033447024137292,0.23239066389667679,-0.029045961482947642,-366.77360364882406,697.1883841780135,-331.08655460390986,-0.6717740747203834
0.62,-0.0048474844542491,0.06810038286646174,0.0,-2.006320008667282,1.0,-0.0002928370247095777,-0.0002928370247095777,-1.2033447024137292,0.23239066389667679,-0.029045961482947642,-366.77360364882406,697.1883841780135,-331.08655460390986,-0.6717740747203834
0.64,-0.004056465948631355,0.07073987282002568,0.0,-2.006320008667282,1.0,-0.0002928370247095777,-0.0002928370247095777,-1.2033447024137292,0.23239066389667679,-0.029045961482947642,-366.77360364882406,697.1883841780135,-331.08655460390986,-0.6717740747203834
0.66,-0.0033317412492374675,0.07235231610944581,0.0,-2.006320008667282,1.0,-0.0002928370247095777,-0.0002928370247095777,-1.2033447024137292,0.23239066389667679,-0.029045961482947642,-366.77360364882406,697.1883841780135,-331.08655460390986,-0.6717740747203834
0.68,-0.002669975429479757,0.07313698471732889,0.0,-2.006320008667282,1.0,-0.0002928370247095777,-0.0002928370247095777,-1.2033447024137292,0.23239066389667679,-0.029045961482947642,-366.77360364882406,697.1883841780135,-331.08655460390986,-0.6717740747203834
0.7000000000000001,-0.0020676882465857334,0.07325736296587648,0.0,-2.006320008667282,1.0,-0.0002928370247095777,-0.0002928370247095777,-1.2033447024137292,0.23239066389667679,-0.029045961482947642,-366.77360364882406,697.1883841780135,-331.08655460390986,-0.6717740747203834
0.72,-0.0015213383850593944,0.07284754973075665,0.0,-2.006320008667282,1.0,-0.0002928370247095777,-0.0002928370247095777,-1.2033447024137292,0.23239066389667679,-0.029045961482947642,-366.77360364882406,697.1883841780135,-331.08655460390986,-0.6717740747203834
0.74,-0.0010273882286485536,0.07201750982111094,0.0,-2.006320008667282,1.0,-0.0002928370247095777,-0.0002928370247095777,-1.2033447024137292,0.23239066389667679,-0.029045961482947642,-366.77360364882406,697.1883841780135,-331.08655460390986,-0.6717740747203834
0.76,-0.0005823529821272139,0.0708573819307027,0.0,-2.006320008667282,1.0,-0.0002928370247095777,-0.0002928370247095777,-1.2033447024137292,0.23239066389667679,-0.029045961482947642,-366.77360364882406,697.1883841780135,-331.08655460390986,-0.6717740747203834
0.78,-0.00018283725240580078,0.06944101319784182,0.0,-2.006320008667282,1.0,-0.0002928370247095777,-0.0002928370247095777,-1.2033447024137292,0.23239066389667679,-0.029045961482947642,-366.77360364882406,697.1883841780135,-331.08655460390986,-0.6717740747203834
0.8,0.0001744383832907635,0.06782885976013465,0.0,-2.006320008667282,1.0,-0.0002928370247095777,-0.0002928370247095777,-1.2033447024137292,0.23239066389667679,-0.029045961482947642,-366.77360364882406,697.1883841780135,-331.08655460390986,-0.6717740747203834
0.8200000000000001,0.0004926187697286428,0.0660703675517893,0.0,-2.006320008667282,1.0,-0.0002928370247095777,-0.0002928370247095777,-1.2033447024137292,0.23239066389667679,-0.029045961482947642,-366.77360364882406,697.1883841780135,-331.08655460390986,-0.6717740747203834
0.84,0.0007747018621192367,0.06420592697811126,0.0,-2.006320008667282,1.0,-0.0002928370247095777,-0.0002928370247095777,-1.2033447024137292,0.23239066389667679,-0.029045961482947642,-366.77360364882406,697.1883841780135,-331.08655460390986,-0.6717740747203834
0.86,0.0010235313631470806,0.06226847820255248,0.0,-2.006320008667282,1.0,-0.0002928370247095777,-0.0002928370247095777,-1.2033447024137292,0.23239066389667679,-0.029045961482947642,-366.77360364882406,697.1883841780135,-331.08655460390986,-0.6717740747203834
0.88,0.0012417932193733913,0.060284829929447115,0.0,-2.006320008667282,1.0,-0.0002928370247095777,-0.0002928370247095777,-1.2033447024137292,0.23239066389667679,-0.029045961482947642,-366.77360364882406,697.1883841780135,-331.08655460390986,-0.6717740747203834
0.9,0.0014320150984373488,0.058276743212823,0.0,-2.006320008667282,1.0,-0.0002928370247095777,-0.0002928370247095777,-1.2033447024137292,0.23239066389667679,-0.029045961482947642,-366.77360364882406,697.1883841780135,-331.08655460390986,-0.6717740747203834
0.92,0.0015965681400456784,0.056261822518579474,0.0,-2.006320008667282,1.0,-0.0002928370247095777,-0.0002928370247095777,-1.2033447024137292,0.23239066389667679,-0.029045961482947642,-366.77360364882406,697.1883841780135,-331.08655460390986,-0.6717740747203834
0.9400000000000001,0.001737670413386898,0.054254248644758946,0.0,-2.006320008667282,1.0,-0.0002928370247095777,-0.0002928370247095777,-1.2033447024137292,0.23239066389667679,-0.029045961482947642,-366.77360364882406,697.1883841780135,-331.08655460390986,-0.6717740747203834
0.96,0.0018573916271662153,0.05226538185953939,0.0,-2.006320008667282,1.0,-0.0002928370247095777,-0.0002928370247095777,-1.2033447024137292,0.23239066389667679,-0.029045961482947642,-366.77360364882406,697.1883841780135,-331.08655460390986,-0.6717740747203834
0.98,0.0019576587307080276,0.05030425850037253,0.0,-2.006320008667282,1.0,-0.0002928370247095777,-0.0002928370247095777,-1.2033447024137292,0.23239066389667679,-0.029045961482947642,-366.77360364882406,697.1883841780135,-331.08655460390986,-0.6717740747203834
1.0,0.002040262119424792,0.04837800008646425,0.0,-2.006320008667282,1.0,-0.0002928370247095777,-0.0002928370247095777,-1.2033447024137292,0.23239066389667679,-0.029045961482947642,-366.77360364882406,697.1883841780135,-331.08655460390986,-0.6717740747203834
1.02,0.0021068622186023647,0.04649215056342009,0.0,-2.006320008667282,1.0,-0.0002928370247095777,-0.0002928370247095777,-1.2033447024137292,0.23239066389667679,-0.029045961482947642,-366.77360364882406,697.1883841780135,-331.08655460390986,-0.6717740747203834
1.04,0.0021589962685189383,0.04465095448624945,0.0,-2.006320008667282,1.0,-0.0002928370247095777,-0.0002928370247095777,-1.2033447024137292,0.23239066389667679,-0.029045961482947642,-366.77360364882406,697.1883841780135,-331.08655460390986,-0.6717740747203834
1.06,0.0021980851735370014,0.042857586642805076,0.0,-2.006320008667282,1.0,-0.0002928370247095777,-0.0002928370247095777,-1.2033447024137292,0.23239066389667679,-0.029045961482947642,-366.77360364882406,697.1883841780135,-331.08655460390986,-0.6717740747203834
1.08,0.0022254403097344,0.04111434173206543,0.0,-2.006320008667282,1.0,-0.0002928370247095777,-0.0002928370247095777,-1.2033447024137292,0.23239066389667679,-0.029045961482947642,-366.77360364882406,697.1883841780135,-331.08655460390986,-0.6717740747203834
1.1,0.00224227021130122,0.039422791165079886,0.0,-2.006320008667282,1.0,-0.0002928370247095777,-0.0002928370247095777,-1.2033447024137292,0.23239066389667679,-0.029045961482947642,-366.77360364882406,697.1883841780135,-331.08655460390986,-0.6717740747203834
1.12,0.0022496870764920434,0.03778391278915556,0.0,-2.006320008667282,1.0,-0.0002928370247095777,-0.0002928370247095777,-1.2033447024137292,0.23239066389667679,-0.029045961482947642,-366.77360364882406,697.1883841780135,-331.08655460390986,-0.6717740747203834
1.1400000000000001,0.0022487130503423248,0.0361981982973751,0.0,-2.006320008667282,1.0,-0.0002928370247095777,-0.0002928370247095777,-1.2033447024137292,0.23239066389667679,-0.029045961482947642,-366.77360364882406,697.1883841780135,-331.08655460390986,-0.6717740747203834
1.16,0.002240286254412462,0.034665742234413974,0.0,-2.006320008667282,1.0,-0.0002928370247095777,-0.0002928370247095777,-1.2033447024137292,0.23239066389667679,-0.029045961482947642,-366.77360364882406,697.1883841780135,-331.08655460390986,-0.6717740747203834
1.18,0.0022252665441495826,0.03318631581193772,0.0,-2.006320008667282,1.0,-0.0002928370247095777,-0.0002928370247095777,-1.2033447024137292,0.23239066389667679,-0.029045961482947642,-366.77360364882406,697.1883841780135,-331.08655460390986,-0.6717740747203834
1.2,0.002204440982574129,0.03175942817484384,0.0,-2.006320008667282,1.0,-0.0002928370247095777,-0.0002928370247095777,-1.2033447024137292,0.23239066389667679,-0.029045961482947642,-366.77360364882406,697.1883841780135,-331.08655460390986,-0.6717740747203834
1.22,0.0021785290253292632,0.030384377290544454,0.0,-2.006320008667282,1.0,-0.0002928370247095777,-0.0002928370247095777,-1.2033447024137292,0.23239066389667679,-0.029045961482947642,-366.77360364882406,697.1883841780135,-331.08655460390986,-0.6717740747203834
1.24,0.0021481874170208386,0.029060292248727058,0.0,-2.006320008667282,1.0,-0.0002928370247095777,-0.0002928370247095777,-1.2033447024137292,0.23239066389667679,-0.029045961482947642,-366.77360364882406,697.1883841780135,-331.08655460390986,-0.6717740747203834
1.26,0.0021140148025052797,0.02778616844334997,0.0,-2.006320008667282,1.0,-0.0002928370247095777,-0.0002928370247095777,-1.2033447024137292,0.23239066389667679,-0.029045961482947642,-366.77360364882406,697.1883841780135,-331.08655460390986,-0.6717740747203834
1.28,0.00207655605958087,0.026560896849553636,0.0,-2.006320008667282,1.0,-0.0002928370247095777,-0.0002928370247095777,-1.2033447024137292,0.23239066389667679,-0.029045961482947642,-366.77360364882406,697.1883841780135,-331.08655460390986,-0.6717740747203834
1.3,0.002036306361590729,0.025383288395458267,0.0,-2.006320008667282,1.0,-0.0002928370247095777,-0.0002928370247095777,-1.2033447024137292,0.23239066389667679,-0.029045961482947642,-366.77360364882406,697.1883841780135,-331.08655460390986,-0.6717740747203834
1.32,0.0019937149799043015,0.02425209425411504,0.0,-2.006320008667282,1.0,-0.0002928370247095777,-0.0002928370247095777,-1.2033447024137292,0.23239066389667679,-0.029045961482947642,-366.77360364882406,697.1883841780135,-331.08655460390986,-0.6717740747203834
1.34,0.001949188837231215,0.02316602273734221,0.0,-2.006320008667282,1.0,-0.0002928370247095777,-0.0002928370247095777,-1.2033447024137292,0.23239066389667679,-0.029045961482947642,-366.77360364882406,697.1883841780135,-331.08655460390986,-0.6717740747203834
1.36,0.0019030958233362805,0.022123753355163367,0.0,-2.006320008667282,1.0,-0.0002928370247095777,-0.0002928370247095777,-1.2033447024137292,0.23239066389667679,-0.029045961482947642,-366.77360364882406,697.1883841780135,-331.08655460390986,-0.6717740747203834
1.3800000000000001,0.0018557678850477455,0.02112394850750798,0.0,-2.006320008667282,1.0,-0.0002928370247095777,-0.0002928370247095777,-1.2033447024137292,0.23239066389667679,-0.029045961482947642,-366.77360364882406,697.1883841780135,-331.08655460390986,-0.6717740747203834
1.4000000000000001,0.0018075039025476725,0.020165263194955076,0.0,-2.006320008667282,1.0,-0.0002928370247095777,-0.0002928370247095777,-1.2033447024137292,0.23239066389667679,-0.029045961482947642,-366.77360364882406,697.1883841780135,-331.08655460390986,-0.6717740747203834
1.42,0.0017585723638559349,0.019246353069510978,0.0,-2.006320008667282,1.0,-0.0002928370247095777,-0.0002928370247095777,-1.2033447024137292,0.23239066389667679,-0.029045961482947642,-366.77360364882406,697.1883841780135,-331.08655460390986,-0.6717740747203834
1.44,0.0017092138492099777,0.01836588109219261,0.0,-2.006320008667282,1.0,-0.0002928370247095777,-0.0002928370247095777,-1.2033447024137292,0.23239066389667679,-0.029045961482947642,-366.77360364882406,697.1883841780135,-331.08655460390986,-0.6717740747203834
1.46,0.0016596433367350037,0.017522523019474788,0.0,-2.006320008667282,1.0,-0.0002928370247095777,-0.0002928370247095777,-1.2033447024137292,0.23239066389667679,-0.029045961482947642,-366.77360364882406,697.1883841780135,-331.08655460390986,-0.6717740747203834
1.48,0.00161005234042062,0.016714971903718113,0.0,-2.006320008667282,1.0,-0.0002928370247095777,-0.0002928370247095777,-1.2033447024137292,0.23239066389667679,-0.029045961482947642,-366.77360364882406,697.1883841780135,-331.08655460390986,-0.6717740747203834
1.5,0.0015606108909917813,0.01594194176220292,0.0,-2.006320008667282,1.0,-0.0002928370247095777,-0.0002928370247095777,-1.2033447024137292,0.23239066389667679,-0.029045961482947642,-366.77360364882406,697.1883841780135,-331.08655460390986,-0.6717740747203834
1.52,0.0015114693698010852,0.01520217054413912,0.0,-2.006320008667282,1.0,-0.0002928370247095777,-0.0002928370247095777,-1.2033447024137292,0.23239066389667679,-0.029045961482947642,-366.77360364882406,697.1883841780135,-331.08655460390986,-0.6717740747203834
1.54,0.0014627602053895467,0.014494422504109417,0.0,-2.006320008667282,1.0,-0.0002928370247095777,-0.0002928370247095777,-1.2033447024137292,0.23239066389667679,-0.029045961482947642,-366.77360364882406,697.1883841780135,-331.08655460390986,-0.6717740747203834
1.56,0.0014145994418743955,0.013817490073066147,0.0,-2.006320008667282,1.0,-0.0002928370247095777,-0.0002928370247095777,-1.2033447024137292,0.23239066389667679,-0.029045961482947642,-366.77360364882406,697.1883841780135,-331.08655460390986,-0.6717740747203834
1.58,0.0013670881878332958,0.013170195303593177,0.0,-2.006320008667282,1.0,-0.0002928370247095777,-0.0002928370247095777,-1.2033447024137292,0.23239066389667679,-0.029045961482947642,-366.77360364882406,697.1883841780135,-331.08655460390986,-0.6717740747203834
1.6,0.0013203139538708968,0.012551390954158761,0.0,-2.006320008667282,1.0,-0.0002928370247095777,-0.0002928370247095777,-1.2033447024137292,0.23239066389667679,-0.029045961482947642,-366.77360364882406,697.1883841780135,-331.08655460390986,-0.6717740747203834
1.62,0.0012743518865804529,0.011959961267096947,0.0,-2.006320008667282,1.0,-0.0002928370247095777,-0.0002928370247095777,-1.2033447024137292,0.23239066389667679,-0.029045961482947642,-366.77360364882406,697.1883841780135,-331.08655460390986,-0.6717740747203834
1.6400000000000001,0.0012292659061538555,0.011394822486720375,0.0,-2.006320008667282,1.0,-0.0002928370247095777,-0.0002928370247095777,-1.2033447024137292,0.23239066389667679,-0.029045961482947642,-366.77360364882406,697.1883841780135,-331.08655460390986,-0.6717740747203834
1.6600000000000001,0.001185109754450244,0.010854923156988097,0.0,-2.006320008667282,1.0,-0.0002928370247095777,-0.0002928370247095777,-1.2033447024137292,0.23239066389667679,-0.029045961482947642,-366.77360364882406,697.1883841780135,-331.08655460390986,-0.6717740747203834
1.68,0.0011419279599080999,0.01033924423230663,0.0,-2.006320008667282,1.0,-0.0002928370247095777,-0.0002928370247095777,-1.2033447024137292,0.23239066389667679,-0.029045961482947642,-366.77360364882406,697.1883841780135,-331.08655460390986,-0.6717740747203834
1.7,0.0010997567252794488,0.00984679903012885,0.0,-2.006320008667282,1.0,-0.0002928370247095777,-0.0002928370247095777,-1.2033447024137292,0.23239066389667679,-0.029045961482947642,-366.77360364882406,697.1883841780135,-331.08655460390986,-0.6717740747203834
1.72,0.0010586247437780719,0.009376633049879363,0.0,-2.006320008667282,1.0,-0.0002928370247095777,-0.0002928370247095777,-1.2033447024137292,0.23239066389667679,-0.029045961482947642,-366.77360364882406,697.1883841780135,-331.08655460390986,-0.6717740747203834
1.74,0.0010185539488666662,0.008927823679236443,0.0,-2.006320008667282,1.0,-0.0002928370247095777,-0.0002928370247095777,-1.2033447024137292,0.23239066389667679,-0.029045961482947642,-366.77360364882406,697.1883841780135,-331.08655460390986,-0.6717740747203834
1.76,0.0009795602025606267,0.00849947980585121,0.0,-2.006320008667282,1.0,-0.0002928370247095777,-0.0002928370247095777,-1.2033447024137292,0.23239066389667679,-0.029045961482947642,-366.77360364882406,697.1883841780135,-331.08655460390986,-0.6717740747203834
1.78,0.0009416539267982175,0.008090741350068553,0.0,-2.006320008667282,1.0,-0.0002928370247095777,-0.0002928370247095777,-1.2033447024137292,0.23239066389667679,-0.029045961482947642,-366.77360364882406,697.1883841780135,-331.08655460390986,-0.6717740747203834
1.8,0.000904840682117908,0.007700778732080641,0.0,-2.006320008667282,1.0,-0.0002928370247095777,-0.0002928370247095777,-1.2033447024137292,0.23239066389667679,-0.029045961482947642,-366.77360364882406,697.1883841780135,-331.08655460390986,-0.6717740747203834
1.82,0.0008691216975929598,0.007328792285118343,0.0,-2.006320008667282,1.0,-0.0002928370247095777,-0.0002928370247095777,-1.2033447024137292,0.23239066389667679,-0.029045961482947642,-366.77360364882406,697.1883841780135,-331.08655460390986,-0.6717740747203834
1.84,0.0008344943557003032,0.006974011624726534,0.0,-2.006320008667282,1.0,-0.0002928370247095777,-0.0002928370247095777,-1.2033447024137292,0.23239066389667679,-0.029045961482947642,-366.77360364882406,697.1883841780135,-331.08655460390986,-0.6717740747203834
1.86,0.0008009526355445899,0.006635694982827498,0.0,-2.006320008667282,1.0,-0.0002928370247095777,-0.0002928370247095777,-1.2033447024137292,0.23239066389667679,-0.029045961482947642,-366.77360364882406,697.1883841780135,-331.08655460390986,-0.6717740747203834
1.8800000000000001,0.0007684875176182823,0.006313128514121195,0.0,-2.006320008667282,1.0,-0.0002928370247095777,-0.0002928370247095777,-1.2033447024137292,0.23239066389667679,-0.029045961482947642,-366.77360364882406,697.1883841780135,-331.08655460390986,-0.6717740747203834
1.9000000000000001,0.0007370873530539659,0.006005625581375546,0.0,-2.006320008667282,1.0,-0.0002928370247095777,-0.0002928370247095777,-1.2033447024137292,0.23239066389667679,-0.029045961482947642,-366.77360364882406,697.1883841780135,-331.08655460390986,-0.6717740747203834
1.92,0.000706738200114943,0.005712526025297304,0.0,-2.006320008667282,1.0,-0.0002928370247095777,-0.0002928370247095777,-1.2033447024137292,0.23239066389667679,-0.029045961482947642,-366.77360364882406,697.1883841780135,-331.08655460390986,-0.6717740747203834
1.94,0.0006774241304738094,0.005433195423918296,0.0,-2.006320008667282,1.0,-0.0002928370247095777,-0.0002928370247095777,-1.2033447024137292,0.23239066389667679,-0.029045961482947642,-366.77360364882406,697.1883841780135,-331.08655460390986,-0.6717740747203834
1.96,0.0006491275076453713,0.005167024345788896,0.0,-2.006320008667282,1.0,-0.0002928370247095777,-0.0002928370247095777,-1.2033447024137292,0.23239066389667679,-0.029045961482947642,-366.77360364882406,697.1883841780135,-331.08655460390986,-0.6717740747203834
1.98,0.0006218292397691451,0.004913427600687758,0.0,-2.006320008667282,1.0,-0.0002928370247095777,-0.0002928370247095777,-1.2033447024137292,0.23239066389667679,-0.029045961482947642,-366.77360364882406,697.1883841780135,-331.08655460390986,-0.6717740747203834
2.0,0.000595509008777132,0.004671843491069522,0.0,-2.006320008667282,1.0,-0.0002928370247095777,-0.0002928370247095777,-1.2033447024137292,0.23239066389667679,-0.029045961482947642,-366.77360364882406,697.1883841780135,-331.08655460390986,-0.6717740747203834
2.02,0.0005701454778338123,0.0044417330670254804,0.0,-2.006320008667282,1.0,-0.0002928370247095777,-0.0002928370247095777,-1.2033447024137292,0.23239066389667679,-0.029045961482947642,-366.77360364882406,697.1883841780135,-331.08655460390986,-0.6717740747203834
2.04,0.0005457164787967504,0.004222579387153199,0.0,-2.006320008667282,1.0,-0.0002928370247095777,-0.0002928370247095777,-1.2033447024137292,0.23239066389667679,-0.029045961482947642,-366.77360364882406,697.1883841780135,-331.08655460390986,-0.6717740747203834
2.06,0.0005221991813171701,0.004013886787389667,0.0,-2.006320008667282,1.0,-0.0002928370247095777,-0.0002928370247095777,-1.2033447024137292,0.23239066389667679,-0.029045961482947642,-366.77360364882406,697.1883841780135,-331.08655460390986,-0.6717740747203834
2.08,0.0004995702450797628,0.0038151801595643735,0.0,-2.006320008667282,1.0,-0.0002928370247095777,-0.0002928370247095777,-1.2033447024137292,0.23239066389667679,-0.029045961482947642,-366.77360364882406,697.1883841780135,-331.08655460390986,-0.6717740747203834
2.1,0.0004778059565692556,0.003626004241165776,0.0,-2.006320008667282,1.0,-0.0002928370247095777,-0.0002928370247095777,-1.2033447024137292,0.23239066389667679,-0.029045961482947642,-366.77360364882406,697.1883841780135,-331.08655460390986,-0.6717740747203834
2.12,0.00045688235164734593,0.0034459229175798044,0.0,-2.006320008667282,1.0,-0.0002928370247095777,-0.0002928370247095777,-1.2033447024137292,0.23239066389667679,-0.029045961482947642,-366.77360364882406,697.1883841780135,-331.08655460390986,-0.6717740747203834
2.14,0.00043677532512699426,0.00327451853785484,0.0,-2.006320008667282,1.0,-0.0002928370247095777,-0.0002928370247095777,-1.2033447024137292,0.23239066389667679,-0.029045961482947642,-366.77360364882406,697.1883841780135,-331.08655460390986,-0.6717740747203834
2.16,0.0004174607284412788,0.003111391244863032,0.0,-2.006320008667282,1.0,-0.0002928370247095777,-0.0002928370247095777,-1.2033447024137292,0.23239066389667679,-0.029045961482947642,-366.77360364882406,697.1883841780135,-331.08655460390986,-0.6717740747203834
2.18,0.0003989144564205972,0.002956158320567206,0.0,-2.006320008667282,1.0,-0.0002928370247095777,-0.0002928370247095777,-1.2033447024137292,0.23239066389667679,-0.029045961482947642,-366.77360364882406,697.1883841780135,-331.08655460390986,-0.6717740747203834
2.2,0.0003811125241145261,0.0028084535469592763,0.0,-2.006320008667282,1.0,-0.0002928370247095777,-0.0002928370247095777,-1.2033447024137292,0.23239066389667679,-0.029045961482947642,-366.77360364882406,697.1883841780135,-331.08655460390986,-0.6717740747203834
2.22,0.0003640311345227188,0.0026679265831086652,0.0,-2.006320008667282,1.0,-0.0002928370247095777,-0.0002928370247095777,-1.2033447024137292,0.23239066389667679,-0.029045961482947642,-366.77360364882406,697.1883841780135,-331.08655460390986,-0.6717740747203834
2.24,0.0003476467380324629,0.0025342423586480704,0.0,-2.006320008667282,1.0,-0.0002928370247095777,-0.0002928370247095777,-1.2033447024137292,0.23239066389667679,-0.029045961482947642,-366.77360364882406,697.1883841780135,-331.08655460390986,-0.6717740747203834
2.2600000000000002,0.00033193608429857085,0.0024070804839231353,0.0,-2.006320008667282,1.0,-0.0002928370247095777,-0.0002928370247095777,-1.2033447024137292,0.23239066389667679,-0.029045961482947642,-366.77360364882406,697.1883841780135,-331.08655460390986,-0.6717740747203834
2.2800000000000002,0.00031687626724382305,0.002286134676946865,0.0,-2.006320008667282,1.0,-0.0002928370247095777,-0.0002928370247095777,-1.2033447024137292,0.23239066389667679,-0.029045961482947642,-366.77360364882406,697.1883841780135,-331.08655460390986,-0.6717740747203834
2.3000000000000003,0.00030244476380490265,0.002171112207221473,0.0,-2.006320008667282,1.0,-0.0002928370247095777,-0.0002928370247095777,-1.2033447024137292,0.23239066389667679,-0.029045961482947642,-366.77360364882406,697.1883841780135,-331.08655460390986,-0.6717740747203834
2.32,0.00028861946699937233,0.0020617333564220287,0.0,-2.006320008667282,1.0,-0.0002928370247095777,-0.0002928370247095777,-1.2033447024137292,0.23239066389667679,-0.029045961482947642,-366.77360364882406,697.1883841780135,-331.08655460390986,-0.6717740747203834
2.34,0.0002753787138434748,0.001957730895877397,0.0,-2.006320008667282,1.0,-0.0002928370247095777,-0.0002928370247095777,-1.2033447024137292,0.23239066389667679,-0.029045961482947642,-366.77360364882406,697.1883841780135,-331.08655460390986,-0.6717740747203834
2.36,0.00026270130860814485,0.0018588495807334705,0.0,-2.006320008667282,1.0,-0.0002928370247095777,-0.0002928370247095777,-1.2033447024137292,0.23239066389667679,-0.029045961482947642,-366.77360364882406,697.1883841780135,-331.08655460390986,-0.6717740747203834
2.38,0.0002505665418613441,0.0017648456606333951,0.0,-2.006320008667282,1.0,-0.0002928370247095777,-0.0002928370247095777,-1.2033447024137292,0.23239066389667679,-0.029045961482947642,-366.77360364882406,697.1883841780135,-331.08655460390986,-0.6717740747203834
2.4,0.00023895420570848818,0.0016754864067166368,0.0,-2.006320008667282,1.0,-0.0002928370247095777,-0.0002928370247095777,-1.2033447024137292,0.23239066389667679,-0.029045961482947642,-366.77360364882406,697.1883841780135,-331.08655460390986,-0.6717740747203834
2.42,0.00022784460560908563,0.0015905496547001612,0.0,-2.006320008667282,1.0,-0.0002928370247095777,-0.0002928370247095777,-1.2033447024137292,0.23239066389667679,-0.029045961482947642,-366.77360364882406,697.1883841780135,-331.08655460390986,-0.6717740747203834
2.44,0.00021721856911658465,0.001509823363777829,0.0,-2.006320008667282,1.0,-0.0002928370247095777,-0.0002928370247095777,-1.2033447024137292,0.23239066389667679,-0.029045961482947642,-366.77360364882406,697.1883841780135,-331.08655460390986,-0.6717740747203834
2.46,0.0002070574518596353,0.001433105191049195,0.0,-2.006320008667282,1.0,-0.0002928370247095777,-0.0002928370247095777,-1.2033447024137292,0.23239066389667679,-0.029045961482947642,-366.77360364882406,697.1883841780135,-331.08655460390986,-0.6717740747203834
2.48,0.000197343141056362,0.0013602020811681822,0.0,-2.006320008667282,1.0,-0.0002928370247095777,-0.0002928370247095777,-1.2033447024137292,0.23239066389667679,-0.029045961482947642,-366.77360364882406,697.1883841780135,-331.08655460390986,-0.6717740747203834
2.5,0.00018805805682864496,0.0012909298708847204,0.0,-2.006320008667282,1.0,-0.0002928370247095777,-0.0002928370247095777,-1.2033447024137292,0.23239066389667679,-0.029045961482947642,-366.77360364882406,697.1883841780135,-331.08655460390986,-0.6717740747203834
2.52,0.00017918515156068658,0.001225112908138694,0.0,-2.006320008667282,1.0,-0.0002928370247095777,-0.0002928370247095777,-1.2033447024137292,0.23239066389667679,-0.029045961482947642,-366.77360364882406,697.1883841780135,-331.08655460390986,-0.6717740747203834
2.54,0.0001707079075251575,0.0011625836853541096,0.0,-2.006320008667282,1.0,-0.0002928370247095777,-0.0002928370247095777,-1.2033447024137292,0.23239066389667679,-0.029045961482947642,-366.77360364882406,697.1883841780135,-331.08655460390986,-0.6717740747203834
2.56,0.00016261033298084685,0.0011031824865728919,0.0,-2.006320008667282,1.0,-0.0002928370247095777,-0.0002928370247095777,-1.2033447024137292,0.23239066389667679,-0.029045961482947642,-366.77360364882406,697.1883841780135,-331.08655460390986,-0.6717740747203834
2.58,0.00015487695692787112,0.001046757048061163,0.0,-2.006320008667282,1.0,-0.0002928370247095777,-0.0002928370247095777,-1.2033447024137292,0.23239066389667679,-0.029045961482947642,-366.77360364882406,697.1883841780135,-331.08655460390986,-0.6717740747203834
2.6,0.00014749282269001333,0.0009931622320163615,0.0,-2.006320008667282,1.0,-0.0002928370247095777,-0.0002928370247095777,-1.2033447024137292,0.23239066389667679,-0.029045961482947642,-366.77360364882406,697.1883841780135,-331.08655460390986,-0.6717740747203834
2.62,0.00014044348047857034,0.0009422597130013569,0.0,-2.006320008667282,1.0,-0.0002928370247095777,-0.0002928370247095777,-1.2033447024137292,0.23239066389667679,-0.029045961482947642,-366.77360364882406,697.1883841780135,-331.08655460390986,-0.6717740747203834
2.64,0.00013371497907808575,0.0008939176767303479,0.0,-2.006320008667282,1.0,-0.0002928370247095777,-0.0002928370247095777,-1.2033447024137292,0.23239066389667679,-0.029045961482947642,-366.77360364882406,697.1883841780135,-331.08655460390986,-0.6717740747203834
2.66,0.0001272938567814524,0.0008480105308318838,0.0,-2.006320008667282,1.0,-0.0002928370247095777,-0.0002928370247095777,-1.2033447024137292,0.23239066389667679,-0.029045961482947642,-366.77360364882406,697.1883841780135,-331.08655460390986,-0.6717740747203834
2.68,0.00012116713168999994,0.0008044186272159783,0.0,-2.006320008667282,1.0,-0.0002928370247095777,-0.0002928370247095777,-1.2033447024137292,0.23239066389667679,-0.029045961482947642,-366.77360364882406,697.1883841780135,-331.08655460390986,-0.6717740747203834
2.7,0.00011532229148326414,0.0007630279956749924,0.0,-2.006320008667282,1.0,-0.0002928370247095777,-0.0002928370247095777,-1.2033447024137292,0.23239066389667679,-0.029045961482947642,-366.77360364882406,697.1883841780135,-331.08655460390986,-0.6717740747203834
2.72,0.00010974728275309552,0.0007237300883517425,0.0,-2.006320008667282,1.0,-0.0002928370247095777,-0.0002928370247095777,-1.2033447024137292,0.23239066389667679,-0.029045961482947642,-366.77360364882406,697.1883841780135,-331.08655460390986,-0.6717740747203834
2.74,0.00010443049998753941,0.0006864215347129155,0.0,-2.006320008667282,1.0,-0.0002928370247095777,-0.0002928370247095777,-1.2033447024137292,0.23239066389667679,-0.029045961482947642,-366.77360364882406,697.1883841780135,-331.08655460390986,-0.6717740747203834
2.7600000000000002,9.936077428144726e-05,0.0006510039066708454,0.0,-2.006320008667282,1.0,-0.0002928370247095777,-0.0002928370247095777,-1.2033447024137292,0.23239066389667679,-0.029045961482947642,-366.77360364882406,697.1883841780135,-331.08655460390986,-0.6717740747203834
2.7800000000000002,9.452736184300413e-05,0.000617383493502906,0.0,-2.006320008667282,1.0,-0.0002928370247095777,-0.0002928370247095777,-1.2033447024137292,0.23239066389667679,-0.029045961482947642,-366.77360364882406,697.1883841780135,-331.08655460390986,-0.6717740747203834
2.8000000000000003,8.991993235822626e-05,0.0005854710862240175,0.0,-2.006320008667282,1.0,-0.0002928370247095777,-0.0002928370247095777,-1.2033447024137292,0.23239066389667679,-0.029045961482947642,-366.77360364882406,697.1883841780135,-331.08655460390986,-0.6717740747203834
2.82,8.552855726894815e-05,0.0005551817710747329,0.0,-2.006320008667282,1.0,-0.0002928370247095777,-0.0002928370247095777,-1.2033447024137292,0.23239066389667679,-0.029045961482947642,-366.77360364882406,697.1883841780135,-331.08655460390986,-0.6717740747203834
2.84,8.134369801383305e-05,0.0005264347317943884,0.0,-2.006320008667282,1.0,-0.0002928370247095777,-0.0002928370247095777,-1.2033447024137292,0.23239066389667679,-0.029045961482947642,-366.77360364882406,697.1883841780135,-331.08655460390986,-0.6717740747203834
2.86,7.735619427646773e-05,0.0004991530603571053,0.0,-2.006320008667282,1.0,-0.0002928370247095777,-0.0002928370247095777,-1.2033447024137292,0.23239066389667679,-0.029045961482947642,-366.77360364882406,697.1883841780135,-331.08655460390986,-0.6717740747203834
2.88,7.355725227959239e-05,0.00047326357585466606,0.0,-2.006320008667282,1.0,-0.0002928370247095777,-0.0002928370247095777,-1.2033447024137292,0.23239066389667679,-0.029045961482947642,-366.77360364882406,697.1883841780135,-331.08655460390986,-0.6717740747203834
2.9,6.993843315994808e-05,0.00044869665122007456,0.0,-2.006320008667282,1.0,-0.0002928370247095777,-0.0002928370247095777,-1.2033447024137292,0.23239066389667679,-0.029045961482947642,-366.77360364882406,697.1883841780135,-331.08655460390986,-0.6717740747203834
2.92,6.649164145404934e-05,0.00042538604749255463,0.0,-2.006320008667282,1.0,-0.0002928370247095777,-0.0002928370247095777,-1.2033447024137292,0.23239066389667679,-0.029045961482947642,-366.77360364882406,697.1883841780135,-331.08655460390986,-0.6717740747203834
2.94,6.320911372138735e-05,0.00040326875533333134,0.0,-2.006320008667282,1.0,-0.0002928370247095777,-0.0002928370247095777,-1.2033447024137292,0.23239066389667679,-0.029045961482947642,-366.77360364882406,697.1883841780135,-331.08655460390986,-0.6717740747203834
2.96,6.008340732810548e-05,0.0003822848435097904,0.0,-2.006320008667282,1.0,-0.0002928370247095777,-0.0002928370247095777,-1.2033447024137292,0.23239066389667679,-0.029045961482947642,-366.77360364882406,697.1883841780135,-331.08655460390986,-0.6717740747203834
2.98,5.7107389411039256e-05,0.00036237731407386847,0.0,-2.006320008667282,1.0,-0.0002928370247095777,-0.0002928370247095777,-1.2033447024137292,0.23239066389667679,-0.029045961482947642,-366.77360364882406,697.1883841780135,-331.08655460390986,-0.6717740747203834
3.0,5.4274226039152344e-05,0.00034349196396896386,0.0,-2.006320008667282,1.0,-0.0002928370247095777,-0.0002928370247095777,-1.2033447024137292,0.23239066389667679,-0.029045961482947642,-366.77360364882406,697.1883841780135,-331.08655460390986,-0.6717740747203834
3.02,5.1577371586804035e-05,0.00032557725280760847,0.0,-2.006320008667282,1.0,-0.0002928370247095777,-0.0002928370247095777,-1.2033447024137292,0.23239066389667679,-0.029045961482947642,-366.77360364882406,697.1883841780135,-331.08655460390986,-0.6717740747203834
3.04,4.901055833093369e-05,0.00030858417657072846,0.0,-2.006320008667282,1.0,-0.0002928370247095777,-0.0002928370247095777,-1.2033447024137292,0.23239066389667679,-0.029045961482947642,-366.77360364882406,697.1883841780135,-331.08655460390986,-0.6717740747203834
3.06,4.656778628212124e-05,0.0002924661469870976,0.0,-2.006320008667282,1.0,-0.0002928370247095777,-0.0002928370247095777,-1.2033447024137292,0.23239066389667679,-0.029045961482947642,-366.77360364882406,697.1883841780135,-331.08655460390986,-0.6717740747203834
3.08,4.424331325756367e-05,0.0002771788763598068,0.0,-2.006320008667282,1.0,-0.0002928370247095777,-0.0002928370247095777,-1.2033447024137292,0.23239066389667679,-0.029045961482947642,-366.77360364882406,697.1883841780135,-331.08655460390986,-0.6717740747203834
3.1,4.2031645202277853e-05,0.0002626802676143455,0.0,-2.006320008667282,1.0,-0.0002928370247095777,-0.0002928370247095777,-1.2033447024137292,0.23239066389667679,-0.029045961482947642,-366.77360364882406,697.1883841780135,-331.08655460390986,-0.6717740747203834
3.12,3.992752676328472e-05,0.0002489303093508059,0.0,-2.006320008667282,1.0,-0.0002928370247095777,-0.0002928370247095777,-1.2033447024137292,0.23239066389667679,-0.029045961482947642,-366.77360364882406,697.1883841780135,-331.08655460390986,-0.6717740747203834
3.14,3.792593212013409e-05,0.00023589097569021888,0.0,-2.006320008667282,1.0,-0.0002928370247095777,-0.0002928370247095777,-1.2033447024137292,0.23239066389667679,-0.029045961482947642,-366.77360364882406,697.1883841780135,-331.08655460390986,-0.6717740747203834
3.16,3.602205607388031e-05,0.00022352613071256923,0.0,-2.006320008667282,1.0,-0.0002928370247095777,-0.0002928370247095777,-1.2033447024137292,0.23239066389667679,-0.029045961482947642,-366.77360364882406,697.1883841780135,-331.08655460390986,-0.6717740747203834
3.18,3.4211305395503714e-05,0.00021180143729136573,0.0,-2.006320008667282,1.0,-0.0002928370247095777,-0.0002928370247095777,-1.2033447024137292,0.23239066389667679,-0.029045961482947642,-366.77360364882406,697.1883841780135,-331.08655460390986,-0.6717740747203834
3.2,3.248929043378063e-05,0.00020068427013677695,0.0,-2.006320008667282,1.0,-0.0002928370247095777,-0.0002928370247095777,-1.2033447024137292,0.23239066389667679,-0.029045961482947642,-366.77360364882406,697.1883841780135,-331.08655460390986,-0.6717740747203834
3.22,3.0851816981724236e-05,0.00019014363286630885,0.0,-2.006320008667282,1.0,-0.0002928370247095777,-0.0002928370247095777,-1.2033447024137292,0.23239066389667679,-0.029045961482947642,-366.77360364882406,697.1883841780135,-331.08655460390986,-0.6717740747203834
3.24,2.9294878399941286e-05,0.0001801500789289065,0.0,-2.006320008667282,1.0,-0.0002928370247095777,-0.0002928370247095777,-1.2033447024137292,0.23239066389667679,-0.029045961482947642,-366.77360364882406,697.1883841780135,-331.08655460390986,-0.6717740747203834
3.2600000000000002,2.7814647994565167e-05,0.00017067563621483788,0.0,-2.006320008667282,1.0,-0.0002928370247095777,-0.0002928370247095777,-1.2033447024137292,0.23239066389667679,-0.029045961482947642,-366.77360364882406,697.1883841780135,-331.08655460390986,-0.6717740747203834
3.2800000000000002,2.6407471646827245e-05,0.00016169373519027752,0.0,-2.006320008667282,1.0,-0.0002928370247095777,-0.0002928370247095777,-1.2033447024137292,0.23239066389667679,-0.029045961482947642,-366.77360364882406,697.1883841780135,-331.08655460390986,-0.6717740747203834
3.3000000000000003,2.50698606908072e-05,0.00015317914040177073,0.0,-2.006320008667282,1.0,-0.0002928370247095777,-0.0002928370247095777,-1.2033447024137292,0.23239066389667679,-0.029045961482947642,-366.77360364882406,697.1883841780135,-331.08655460390986,-0.6717740747203834
3.3200000000000003,2.379848503545245e-05,0.0001451078852017413,0.0,-2.006320008667282,1.0,-0.0002928370247095777,-0.0002928370247095777,-1.2033447024137292,0.23239066389667679,-0.029045961482947642,-366.77360364882406,697.1883841780135,-331.08655460390986,-0.6717740747203834
3.34,2.2590166526570757e-05,0.00013745720955227444,0.0,-2.006320008667282,1.0,-0.0002928370247095777,-0.0002928370247095777,-1.2033447024137292,0.23239066389667679,-0.029045961482947642,-366.77360364882406,697.1883841780135,-331.08655460390986,-0.6717740747203834
3.36,2.144187254417159e-05,0.0001302055007698686,0.0,-2.006320008667282,1.0,-0.0002928370247095777,-0.0002928370247095777,-1.2033447024137292,0.23239066389667679,-0.029045961482947642,-366.77360364882406,697.1883841780135,-331.08655460390986,-0.6717740747203834
3.38,2.0350709830257398e-05,0.00012333223707979265,0.0,-2.006320008667282,1.0,-0.0002928370247095777,-0.0002928370247095777,-1.2033447024137292,0.23239066389667679,-0.029045961482947642,-366.77360364882406,697.1883841780135,-331.08655460390986,-0.6717740747203834
3.4,1.9313918541937244e-05,0.00011681793385343793,0.0,-2.006320008667282,1.0,-0.0002928370247095777,-0.0002928370247095777,-1.2033447024137292,0.23239066389667679,-0.029045961482947642,-366.77360364882406,697.1883841780135,-331.08655460390986,-0.6717740747203834
3.42,1.8328866524551967e-05,0.00011064409240790847,0.0,-2.006320008667282,1.0,-0.0002928370247095777,-0.0002928370247095777,-1.2033447024137292,0.23239066389667679,-0.029045961482947642,-366.77360364882406,697.1883841780135,-331.08655460390986,-0.6717740747203834
3.44,1.7393043799353848e-05,0.00010479315125156874,0.0,-2.006320008667282,1.0,-0.0002928370247095777,-0.0002928370247095777,-1.2033447024137292,0.23239066389667679,-0.029045961482947642,-366.77360364882406,697.1883841780135,-331.08655460390986,-0.6717740747203834
3.46,1.6504057260173396e-05,9.924843966437993e-05,0.0,-2.006320008667282,1.0,-0.0002928370247095777,-0.0002928370247095777,-1.2033447024137292,0.23239066389667679,-0.029045961482947642,-366.77360364882406,697.1883841780135,-331.08655460390986,-0.6717740747203834
3.48,1.5659625573426625e-05,9.399413350640647e-05,0.0,-2.006320008667282,1.0,-0.0002928370247095777,-0.0002928370247095777,-1.2033447024137292,0.23239066389667679,-0.029045961482947642,-366.77360364882406,697.1883841780135,-331.08655460390986,-0.6717740747203834
3.5,1.4857574275765153e-05,8.901521315241926e-05,0.0,-2.006320008667282,1.0,-0.0002928370247095777,-0.0002928370247095777,-1.2033447024137292,0.23239066389667679,-0.029045961482947642,-366.77360364882406,697.1883841780135,-331.08655460390986,-0.6717740747203834
3.52,1.4095831063645411e-05,8.429742345481629e-05,0.0,-2.006320008667282,1.0,-0.0002928370247095777,-0.0002928370247095777,-1.2033447024137292,0.23239066389667679,-0.029045961482947642,-366.77360364882406,697.1883841780135,-331.08655460390986,-0.6717740747203834
3.54,1.3372421269089675e-05,7.982723564130789e-05,0.0,-2.006320008667282,1.0,-0.0002928370247095777,-0.0002928370247095777,-1.2033447024137292,0.23239066389667679,-0.029045961482947642,-366.77360364882406,697.1883841780135,-331.08655460390986,-0.6717740747203834
3.56,1.2685463515927764e-05,7.559181105777984e-05,0.0,-2.006320008667282,1.0,-0.0002928370247095777,-0.0002928370247095777,-1.2033447024137292,0.23239066389667679,-0.029045961482947642,-366.77360364882406,697.1883841780135,-331.08655460390986,-0.6717740747203834
3.58,1.2033165550842044e-05,7.157896667064807e-05,0.0,-2.006320008667282,1.0,-0.0002928370247095777,-0.0002928370247095777,-1.2033447024137292,0.23239066389667679,-0.029045961482947642,-366.77360364882406,697.1883841780135,-331.08655460390986,-0.6717740747203834
3.6,1.1413820243587513e-05,6.777714224674574e-05,0.0,-2.006320008667282,1.0,-0.0002928370247095777,-0.0002928370247095777,-1.2033447024137292,0.23239066389667679,-0.029045961482947642,-366.77360364882406,697.1883841780135,-331.08655460390986,-0.6717740747203834
3.62,1.0825801750821446e-05,6.41753691323463e-05,0.0,-2.006320008667282,1.0,-0.0002928370247095777,-0.0002928370247095777,-1.2033447024137292,0.23239066389667679,-0.029045961482947642,-366.77360364882406,697.1883841780135,-331.08655460390986,-0.6717740747203834
3.64,1.0267561838051603e-05,6.076324055638349e-05,0.0,-2.006320008667282,1.0,-0.0002928370247095777,-0.0002928370247095777,-1.2033447024137292,0.23239066389667679,-0.029045961482947642,-366.77360364882406,697.1883841780135,-331.08655460390986,-0.6717740747203834
3.66,9.73762635429661e-06,5.753088338620385e-05,0.0,-2.006320008667282,1.0,-0.0002928370247095777,-0.0002928370247095777,-1.2033447024137292,0.23239066389667679,-0.029045961482947642,-366.77360364882406,697.1883841780135,-331.08655460390986,-0.6717740747203834
3.68,9.234591854145663e-06,5.4468931267409725e-05,0.0,-2.006320008667282,1.0,-0.0002928370247095777,-0.0002928370247095777,-1.2033447024137292,0.23239066389667679,-0.029045961482947642,-366.77360364882406,697.1883841780135,-331.08655460390986,-0.6717740747203834
3.7,8.757122362005512e-06,5.156849908237122e-05,0.0,-2.006320008667282,1.0,-0.0002928370247095777,-0.0002928370247095777,-1.2033447024137292,0.23239066389667679,-0.029045961482947642,-366.77360364882406,697.1883841780135,-331.08655460390986,-0.6717740747203834
3.72,8.303946273429904e-06,4.882115866489417e-05,0.0,-2.006320008667282,1.0,-0.0002928370247095777,-0.0002928370247095777,-1.2033447024137292,0.23239066389667679,-0.029045961482947642,-366.77360364882406,697.1883841780135,-331.08655460390986,-0.6717740747203834
3.74,7.873853388538992e-06,4.621891571138044e-05,0.0,-2.006320008667282,1.0,-0.0002928370247095777,-0.0002928370247095777,-1.2033447024137292,0.23239066389667679,-0.029045961482947642,-366.77360364882406,697.1883841780135,-331.08655460390986,-0.6717740747203834
3.7600000000000002,7.465692072652804e-06,4.375418783147114e-05,0.0,-2.006320008667282,1.0,-0.0002928370247095777,-0.0002928370247095777,-1.2033447024137292,0.23239066389667679,-0.029045961482947642,-366.77360364882406,697.1883841780135,-331.08655460390986,-0.6717740747203834
3.7800000000000002,7.078366539382793e-06,4.141978368376301e-05,0.0,-2.006320008667282,1.0,-0.0002928370247095777,-0.0002928370247095777,-1.2033447024137292,0.23239066389667679,-0.029045961482947642,-366.77360364882406,697.1883841780135,-331.08655460390986,-0.6717740747203834
3.8000000000000003,6.7108342515480354e-06,3.9208883144663914e-05,0.0,-2.006320008667282,1.0,-0.0002928370247095777,-0.0002928370247095777,-1.2033447024137292,0.23239066389667679,-0.029045961482947642,-366.77360364882406,697.1883841780135,-331.08655460390986,-0.6717740747203834
3.8200000000000003,6.362103435406928e-06,3.711501846080282e-05,0.0,-2.006320008667282,1.0,-0.0002928370247095777,-0.0002928370247095777,-1.2033447024137292,0.23239066389667679,-0.029045961482947642,-366.77360364882406,697.1883841780135,-331.08655460390986,-0.6717740747203834
3.84,6.031230703820916e-06,3.513205633770341e-05,0.0,-2.006320008667282,1.0,-0.0002928370247095777,-0.0002928370247095777,-1.2033447024137292,0.23239066389667679,-0.029045961482947642,-366.77360364882406,697.1883841780135,-331.08655460390986,-0.6717740747203834
3.86,5.717318784092934e-06,3.325418091957135e-05,0.0,-2.006320008667282,1.0,-0.0002928370247095777,-0.0002928370247095777,-1.2033447024137292,0.23239066389667679,-0.029045961482947642,-366.77360364882406,697.1883841780135,-331.08655460390986,-0.6717740747203834
3.88,5.419514346349848e-06,3.1475877617209366e-05,0.0,-2.006320008667282,1.0,-0.0002928370247095777,-0.0002928370247095777,-1.2033447024137292,0.23239066389667679,-0.029045961482947642,-366.77360364882406,697.1883841780135,-331.08655460390986,-0.6717740747203834
3.9,5.137005928464033e-06,2.9791917742912366e-05,0.0,-2.006320008667282,1.0,-0.0002928370247095777,-0.0002928370247095777,-1.2033447024137292,0.23239066389667679,-0.029045961482947642,-366.77360364882406,697.1883841780135,-331.08655460390986,-0.6717740747203834
3.92,4.869021953634949e-06,2.8197343913266878e-05,0.0,-2.006320008667282,1.0,-0.0002928370247095777,-0.0002928370247095777,-1.2033447024137292,0.23239066389667679,-0.029045961482947642,-366.77360364882406,697.1883841780135,-331.08655460390986,-0.6717740747203834
3.94,4.61482883687584e-06,2.6687456182502367e-05,0.0,-2.006320008667282,1.0,-0.0002928370247095777,-0.0002928370247095777,-1.2033447024137292,0.23239066389667679,-0.029045961482947642,-366.77360364882406,697.1883841780135,-331.08655460390986,-0.6717740747203834
3.96,4.373729176773805e-06,2.5257798870807944e-05,0.0,-2.006320008667282,1.0,-0.0002928370247095777,-0.0002928370247095777,-1.2033447024137292,0.23239066389667679,-0.029045961482947642,-366.77360364882406,697.1883841780135,-331.08655460390986,-0.6717740747203834
3.98,4.145060029012985e-06,2.390414805369933e-05,0.0,-2.006320008667282,1.0,-0.0002928370247095777,-0.0002928370247095777,-1.2033447024137292,0.23239066389667679,-0.029045961482947642,-366.77360364882406,697.1883841780135,-331.08655460390986,-0.6717740747203834
4.0,3.928191258270239e-06,2.26224996801173e-05,0.0,-2.006320008667282,1.0,-0.0002928370247095777,-0.0002928370247095777,-1.2033447024137292,0.23239066389667679,-0.029045961482947642,-366.77360364882406,697.1883841780135,-331.08655460390986,-0.6717740747203834
4.0200000000000005,3.7225239652103208e-06,2.140905828845249e-05,0.0,-2.006320008667282,1.0,-0.0002928370247095777,-0.0002928370247095777,-1.2033447024137292,0.23239066389667679,-0.029045961482947642,-366.77360364882406,697.1883841780135,-331.08655460390986,-0.6717740747203834
4.04,3.527488985422994e-06,2.0260226291163368e-05,0.0,-2.006320008667282,1.0,-0.0002928370247095777,-0.0002928370247095777,-1.2033447024137292,0.23239066389667679,-0.029045961482947642,-366.77360364882406,697.1883841780135,-331.08655460390986,-0.6717740747203834
4.0600000000000005,3.3425454572575016e-06,1.917259379998834e-05,0.0,-2.006320008667282,1.0,-0.0002928370247095777,-0.0002928370247095777,-1.2033447024137292,0.23239066389667679,-0.029045961482947642,-366.77360364882406,697.1883841780135,-331.08655460390986,-0.6717740747203834
4.08,3.1671794556206757e-06,1.8142928965218643e-05,0.0,-2.006320008667282,1.0,-0.0002928370247095777,-0.0002928370247095777,-1.2033447024137292,0.23239066389667679,-0.029045961482947642,-366.77360364882406,697.1883841780135,-331.08655460390986,-0.6717740747203834
4.1,3.000902688912625e-06,1.7168168803539566e-05,0.0,-2.006320008667282,1.0,-0.0002928370247095777,-0.0002928370247095777,-1.2033447024137292,0.23239066389667679,-0.029045961482947642,-366.77360364882406,697.1883841780135,-331.08655460390986,-0.6717740747203834
4.12,2.843251256379794e-06,1.624541049042015e-05,0.0,-2.006320008667282,1.0,-0.0002928370247095777,-0.0002928370247095777,-1.2033447024137292,0.23239066389667679,-0.029045961482947642,-366.77360364882406,697.1883841780135,-331.08655460390986,-0.6717740747203834
4.14,2.693784463267622e-06,1.5371903093983922e-05,0.0,-2.006320008667282,1.0,-0.0002928370247095777,-0.0002928370247095777,-1.2033447024137292,0.23239066389667679,-0.029045961482947642,-366.77360364882406,697.1883841780135,-331.08655460390986,-0.6717740747203834
4.16,2.552083691255033e-06,1.4545039728454878e-05,0.0,-2.006320008667282,1.0,-0.0002928370247095777,-0.0002928370247095777,-1.2033447024137292,0.23239066389667679,-0.029045961482947642,-366.77360364882406,697.1883841780135,-331.08655460390986,-0.6717740747203834
4.18,2.417751321750453e-06,1.3762350106430461e-05,0.0,-2.006320008667282,1.0,-0.0002928370247095777,-0.0002928370247095777,-1.2033447024137292,0.23239066389667679,-0.029045961482947642,-366.77360364882406,697.1883841780135,-331.08655460390986,-0.6717740747203834
4.2,2.290409709723106e-06,1.3021493470027806e-05,0.0,-2.006320008667282,1.0,-0.0002928370247095777,-0.0002928370247095777,-1.2033447024137292,0.23239066389667679,-0.029045961482947642,-366.77360364882406,697.1883841780135,-331.08655460390986,-0.6717740747203834
4.22,2.169700205835384e-06,1.2320251882142189e-05,0.0,-2.006320008667282,1.0,-0.0002928370247095777,-0.0002928370247095777,-1.2033447024137292,0.23239066389667679,-0.029045961482947642,-366.77360364882406,697.1883841780135,-331.08655460390986,-0.6717740747203834
4.24,2.0552822247305553e-06,1.1656523859746612e-05,0.0,-2.006320008667282,1.0,-0.0002928370247095777,-0.0002928370247095777,-1.2033447024137292,0.23239066389667679,-0.029045961482947642,-366.77360364882406,697.1883841780135,-331.08655460390986,-0.6717740747203834
4.26,1.946832357416545e-06,1.1028318332245328e-05,0.0,-2.006320008667282,1.0,-0.0002928370247095777,-0.0002928370247095777,-1.2033447024137292,0.23239066389667679,-0.029045961482947642,-366.77360364882406,697.1883841780135,-331.08655460390986,-0.6717740747203834
4.28,1.8440435257694895e-06,1.0433748908517835e-05,0.0,-2.006320008667282,1.0,-0.0002928370247095777,-0.0002928370247095777,-1.2033447024137292,0.23239066389667679,-0.029045961482947642,-366.77360364882406,697.1883841780135,-331.08655460390986,-0.6717740747203834
4.3,1.7466241772617233e-06,9.871028437279445e-06,0.0,-2.006320008667282,1.0,-0.0002928370247095777,-0.0002928370247095777,-1.2033447024137292,0.23239066389667679,-0.029045961482947642,-366.77360364882406,697.1883841780135,-331.08655460390986,-0.6717740747203834
4.32,1.6542975180964723e-06,9.33846384595621e-06,0.0,-2.006320008667282,1.0,-0.0002928370247095777,-0.0002928370247095777,-1.2033447024137292,0.23239066389667679,-0.029045961482947642,-366.77360364882406,697.1883841780135,-331.08655460390986,-0.6717740747203834
4.34,1.5668007830070936e-06,8.834451244156799e-06,0.0,-2.006320008667282,1.0,-0.0002928370247095777,-0.0002928370247095777,-1.2033447024137292,0.23239066389667679,-0.029045961482947642,-366.77360364882406,697.1883841780135,-331.08655460390986,-0.6717740747203834
4.36,1.4838845400511088e-06,8.35747127835919e-06,0.0,-2.006320008667282,1.0,-0.0002928370247095777,-0.0002928370247095777,-1.2033447024137292,0.23239066389667679,-0.029045961482947642,-366.77360364882406,697.1883841780135,-331.08655460390986,-0.6717740747203834
4.38,1.4053120287996515e-06,7.906084725223231e-06,0.0,-2.006320008667282,1.0,-0.0002928370247095777,-0.0002928370247095777,-1.2033447024137292,0.23239066389667679,-0.029045961482947642,-366.77360364882406,697.1883841780135,-331.08655460390986,-0.6717740747203834
4.4,1.3308585303903233e-06,7.478928311427918e-06,0.0,-2.006320008667282,1.0,-0.0002928370247095777,-0.0002928370247095777,-1.2033447024137292,0.23239066389667679,-0.029045961482947642,-366.77360364882406,697.1883841780135,-331.08655460390986,-0.6717740747203834
4.42,1.2603107679768488e-06,7.074710748654739e-06,0.0,-2.006320008667282,1.0,-0.0002928370247095777,-0.0002928370247095777,-1.2033447024137292,0.23239066389667679,-0.029045961482947642,-366.77360364882406,697.1883841780135,-331.08655460390986,-0.6717740747203834
4.44,1.1934663361714655e-06,6.6922089727762955e-06,0.0,-2.006320008667282,1.0,-0.0002928370247095777,-0.0002928370247095777,-1.2033447024137292,0.23239066389667679,-0.029045961482947642,-366.77360364882406,697.1883841780135,-331.08655460390986,-0.6717740747203834
4.46,1.130133158136635e-06,6.330264576971374e-06,0.0,-2.006320008667282,1.0,-0.0002928370247095777,-0.0002928370247095777,-1.2033447024137292,0.23239066389667679,-0.029045961482947642,-366.77360364882406,697.1883841780135,-331.08655460390986,-0.6717740747203834
4.48,1.0701289690406094e-06,5.987780428876697e-06,0.0,-2.006320008667282,1.0,-0.0002928370247095777,-0.0002928370247095777,-1.2033447024137292,0.23239066389667679,-0.029045961482947642,-366.77360364882406,697.1883841780135,-331.08655460390986,-0.6717740747203834
4.5,1.0132808246475211e-06,5.663717462492225e-06,0.0,-2.006320008667282,1.0,-0.0002928370247095777,-0.0002928370247095777,-1.2033447024137292,0.23239066389667679,-0.029045961482947642,-366.77360364882406,697.1883841780135,-331.08655460390986,-0.6717740747203834
4.5200000000000005,9.594246338662676e-07,5.357091635907334e-06,0.0,-2.006320008667282,1.0,-0.0002928370247095777,-0.0002928370247095777,-1.2033447024137292,0.23239066389667679,-0.029045961482947642,-366.77360364882406,697.1883841780135,-331.08655460390986,-0.6717740747203834
4.54,9.084047141343143e-07,5.066971046461095e-06,0.0,-2.006320008667282,1.0,-0.0002928370247095777,-0.0002928370247095777,-1.2033447024137292,0.23239066389667679,-0.029045961482947642,-366.77360364882406,697.1883841780135,-331.08655460390986,-0.6717740747203834
4.5600000000000005,8.600733685620408e-07,4.792473195275003e-06,0.0,-2.006320008667282,1.0,-0.0002928370247095777,-0.0002928370247095777,-1.2033447024137292,0.23239066389667679,-0.029045961482947642,-366.77360364882406,697.1883841780135,-331.08655460390986,-0.6717740747203834
4.58,8.142904838110847e-07,4.532762393584359e-06,0.0,-2.006320008667282,1.0,-0.0002928370247095777,-0.0002928370247095777,-1.2033447024137292,0.23239066389667679,-0.029045961482947642,-366.77360364882406,697.1883841780135,-331.08655460390986,-0.6717740747203834
4.6000000000000005,7.709231477257709e-07,4.287047303591131e-06,0.0,-2.006320008667282,1.0,-0.0002928370247095777,-0.0002928370247095777,-1.2033447024137292,0.23239066389667679,-0.029045961482947642,-366.77360364882406,697.1883841780135,-331.08655460390986,-0.6717740747203834
4.62,7.298452857807694e-07,4.054578607003857e-06,0.0,-2.006320008667282,1.0,-0.0002928370247095777,-0.0002928370247095777,-1.2033447024137292,0.23239066389667679,-0.029045961482947642,-366.77360364882406,697.1883841780135,-331.08655460390986,-0.6717740747203834
4.64,6.909373154501357e-07,3.834646794697527e-06,0.0,-2.006320008667282,1.0,-0.0002928370247095777,-0.0002928370247095777,-1.2033447024137292,0.23239066389667679,-0.029045961482947642,-366.77360364882406,697.1883841780135,-331.08655460390986,-0.6717740747203834
4.66,6.540858176433971e-07,3.626580071322614e-06,0.0,-2.006320008667282,1.0,-0.0002928370247095777,-0.0002928370247095777,-1.2033447024137292,0.23239066389667679,-0.029045961482947642,-366.77360364882406,697.1883841780135,-331.08655460390986,-0.6717740747203834
4.68,6.191832243930157e-07,3.429742368955096e-06,0.0,-2.006320008667282,1.0,-0.0002928370247095777,-0.0002928370247095777,-1.2033447024137292,0.23239066389667679,-0.029045961482947642,-366.77360364882406,697.1883841780135,-331.08655460390986,-0.6717740747203834
4.7,5.861275220146804e-07,3.2435314641908545e-06,0.0,-2.006320008667282,1.0,-0.0002928370247095777,-0.0002928370247095777,-1.2033447024137292,0.23239066389667679,-0.029045961482947642,-366.77360364882406,697.1883841780135,-331.08655460390986,-0.6717740747203834
4.72,5.548219689974989e-07,3.0673771933906213e-06,0.0,-2.006320008667282,1.0,-0.0002928370247095777,-0.0002928370247095777,-1.2033447024137292,0.23239066389667679,-0.029045961482947642,-366.77360364882406,697.1883841780135,-331.08655460390986,-0.6717740747203834
4.74,5.25174827915133e-07,2.900739761005456e-06,0.0,-2.006320008667282,1.0,-0.0002928370247095777,-0.0002928370247095777,-1.2033447024137292,0.23239066389667679,-0.029045961482947642,-366.77360364882406,697.1883841780135,-331.08655460390986,-0.6717740747203834
4.76,4.970991106816273e-07,2.7431081362181876e-06,0.0,-2.006320008667282,1.0,-0.0002928370247095777,-0.0002928370247095777,-1.2033447024137292,0.23239066389667679,-0.029045961482947642,-366.77360364882406,697.1883841780135,-331.08655460390986,-0.6717740747203834
4.78,4.7051233650680776e-07,2.593998533328935e-06,0.0,-2.006320008667282,1.0,-0.0002928370247095777,-0.0002928370247095777,-1.2033447024137292,0.23239066389667679,-0.029045961482947642,-366.77360364882406,697.1883841780135,-331.08655460390986,-0.6717740747203834
4.8,4.45336301936093e-07,2.4529529715906384e-06,0.0,-2.006320008667282,1.0,-0.0002928370247095777,-0.0002928370247095777,-1.2033447024137292,0.23239066389667679,-0.029045961482947642,-366.77360364882406,697.1883841780135,-331.08655460390986,-0.6717740747203834
4.82,4.2149686238805846e-07,2.3195379103729195e-06,0.0,-2.006320008667282,1.0,-0.0002928370247095777,-0.0002928370247095777,-1.2033447024137292,0.23239066389667679,-0.029045961482947642,-366.77360364882406,697.1883841780135,-331.08655460390986,-0.6717740747203834
4.84,3.9892372463051665e-07,2.1933429557860075e-06,0.0,-2.006320008667282,1.0,-0.0002928370247095777,-0.0002928370247095777,-1.2033447024137292,0.23239066389667679,-0.029045961482947642,-366.77360364882406,697.1883841780135,-331.08655460390986,-0.6717740747203834
4.86,3.775502496619458e-07,2.0739796350497944e-06,0.0,-2.006320008667282,1.0,-0.0002928370247095777,-0.0002928370247095777,-1.2033447024137292,0.23239066389667679,-0.029045961482947642,-366.77360364882406,697.1883841780135,-331.08655460390986,-0.6717740747203834
4.88,3.5731326549017024e-07,1.9610802351236314e-06,0.0,-2.006320008667282,1.0,-0.0002928370247095777,-0.0002928370247095777,-1.2033447024137292,0.23239066389667679,-0.029045961482947642,-366.77360364882406,697.1883841780135,-331.08655460390986,-0.6717740747203834
4.9,3.381528893240208e-07,1.8542967022508466e-06,0.0,-2.006320008667282,1.0,-0.0002928370247095777,-0.0002928370247095777,-1.2033447024137292,0.23239066389667679,-0.029045961482947642,-366.77360364882406,697.1883841780135,-331.08655460390986,-0.6717740747203834
4.92,3.200123587166026e-07,1.7532995992782386e-06,0.0,-2.006320008667282,1.0,-0.0002928370247095777,-0.0002928370247095777,-1.2033447024137292,0.23239066389667679,-0.029045961482947642,-366.77360364882406,697.1883841780135,-331.08655460390986,-0.6717740747203834
4.94,3.0283787122055445e-07,1.657777117738054e-06,0.0,-2.006320008667282,1.0,-0.0002928370247095777,-0.0002928370247095777,-1.2033447024137292,0.23239066389667679,-0.029045961482947642,-366.77360364882406,697.1883841780135,-331.08655460390986,-0.6717740747203834
4.96,2.865784321365817e-07,1.5674341418650405e-06,0.0,-2.006320008667282,1.0,-0.0002928370247095777,-0.0002928370247095777,-1.2033447024137292,0.23239066389667679,-0.029045961482947642,-366.77360364882406,697.1883841780135,-331.08655460390986,-0.6717740747203834
4.98,2.711857099563957e-07,1.4819913618365821e-06,0.0,-2.006320008667282,1.0,-0.0002928370247095777,-0.0002928370247095777,-1.2033447024137292,0.23239066389667679,-0.029045961482947642,-366.77360364882406,697.1883841780135,-331.08655460390986,-0.6717740747203834
5.0,2.5661389912024837e-07,1.4011844336893686e-06,0.0,-2.006320008667282,1.0,-0.0002928370247095777,-0.0002928370247095777,-1.2033447024137292,0.23239066389667679,-0.029045961482947642,-366.77360364882406,697.1883841780135,-331.08655460390986,-0.6717740747203834
5.0200000000000005,2.4281958972734994e-07,1.3247631834716252e-06,0.0,-2.006320008667282,1.0,-0.0002928370247095777,-0.0002928370247095777,-1.2033447024137292,0.23239066389667679,-0.029045961482947642,-366.77360364882406,697.1883841780135,-331.08655460390986,-0.6717740747203834
5.04,2.297616438548201e-07,1.252490853339639e-06,0.0,-2.006320008667282,1.0,-0.0002928370247095777,-0.0002928370247095777,-1.2033447024137292,0.23239066389667679,-0.029045961482947642,-366.77360364882406,697.1883841780135,-331.08655460390986,-0.6717740747203834
5.0600000000000005,2.1740107815731289e-07,1.1841433874008128e-06,0.0,-2.006320008667282,1.0,-0.0002928370247095777,-0.0002928370247095777,-1.2033447024137292,0.23239066389667679,-0.029045961482947642,-366.77360364882406,697.1883841780135,-331.08655460390986,-0.6717740747203834
5.08,2.057009524352642e-07,1.119508755241266e-06,0.0,-2.006320008667282,1.0,-0.0002928370247095777,-0.0002928370247095777,-1.2033447024137292,0.23239066389667679,-0.029045961482947642,-366.77360364882406,697.1883841780135,-331.08655460390986,-0.6717740747203834
5.1000000000000005,1.9462626387472297e-07,1.0583863111611606e-06,0.0,-2.006320008667282,1.0,-0.0002928370247095777,-0.0002928370247095777,-1.2033447024137292,0.23239066389667679,-0.029045961482947642,-366.77360364882406,697.1883841780135,-331.08655460390986,-0.6717740747203834
5.12,1.8414384667611322e-07,1.0005861872622223e-06,0.0,-2.006320008667282,1.0,-0.0002928370247095777,-0.0002928370247095777,-1.2033447024137292,0.23239066389667679,-0.029045961482947642,-366.77360364882406,697.1883841780135,-331.08655460390986,-0.6717740747203834
5.14,1.742222768029301e-07,9.459287186088057e-07,0.0,-2.006320008667282,1.0,-0.0002928370247095777,-0.0002928370247095777,-1.2033447024137292,0.23239066389667679,-0.029045961482947642,-366.77360364882406,697.1883841780135,-331.08655460390986,-0.6717740747203834
5.16,1.6483178159445432e-07,8.942438987927251e-07,0.0,-2.006320008667282,1.0,-0.0002928370247095777,-0.0002928370247095777,-1.2033447024137292,0.23239066389667679,-0.029045961482947642,-366.77360364882406,697.1883841780135,-331.08655460390986,-0.6717740747203834
5.18,1.5594415399899554e-07,8.453708643059258e-07,0.0,-2.006320008667282,1.0,-0.0002928370247095777,-0.0002928370247095777,-1.2033447024137292,0.23239066389667679,-0.029045961482947642,-366.77360364882406,697.1883841780135,-331.08655460390986,-0.6717740747203834
5.2,1.4753267119604038e-07,7.991574062116262e-07,0.0,-2.006320008667282,1.0,-0.0002928370247095777,-0.0002928370247095777,-1.2033447024137292,0.23239066389667679,-0.029045961482947642,-366.77360364882406,697.1883841780135,-331.08655460390986,-0.6717740747203834
5.22,1.3957201738700185e-07,7.554595076876008e-07,0.0,-2.006320008667282,1.0,-0.0002928370247095777,-0.0002928370247095777,-1.2033447024137292,0.23239066389667679,-0.029045961482947642,-366.77360364882406,697.1883841780135,-331.08655460390986,-0.6717740747203834
5.24,1.320382105450198e-07,7.141409060780854e-07,0.0,-2.006320008667282,1.0,-0.0002928370247095777,-0.0002928370247095777,-1.2033447024137292,0.23239066389667679,-0.029045961482947642,-366.77360364882406,697.1883841780135,-331.08655460390986,-0.6717740747203834
5.26,1.2490853292455477e-07,6.750726781745447e-07,0.0,-2.006320008667282,1.0,-0.0002928370247095777,-0.0002928370247095777,-1.2033447024137292,0.23239066389667679,-0.029045961482947642,-366.77360364882406,697.1883841780135,-331.08655460390986,-0.6717740747203834
5.28,1.1816146514127627e-07,6.381328474990489e-07,0.0,-2.006320008667282,1.0,-0.0002928370247095777,-0.0002928370247095777,-1.2033447024137292,0.23239066389667679,-0.029045961482947642,-366.77360364882406,697.1883841780135,-331.08655460390986,-0.6717740747203834
5.3,1.1177662364208757e-07,6.032060124396234e-07,0.0,-2.006320008667282,1.0,-0.0002928370247095777,-0.0002928370247095777,-1.2033447024137292,0.23239066389667679,-0.029045961482947642,-366.77360364882406,697.1883841780135,-331.08655460390986,-0.6717740747203834
5.32,1.0573470139398484e-07,5.701829941355424e-07,0.0,-2.006320008667282,1.0,-0.0002928370247095777,-0.0002928370247095777,-1.2033447024137292,0.23239066389667679,-0.029045961482947642,-366.77360364882406,697.1883841780135,-331.08655460390986,-0.6717740747203834
5.34,1.00017411628921e-07,5.389605030783859e-07,0.0,-2.006320008667282,1.0,-0.0002928370247095777,-0.0002928370247095777,-1.2033447024137292,0.23239066389667679,-0.029045961482947642,-366.77360364882406,697.1883841780135,-331.08655460390986,-0.6717740747203834
5.36,9.460743448987623e-08,5.094408234383894e-07,0.0,-2.006320008667282,1.0,-0.0002928370247095777,-0.0002928370247095777,-1.2033447024137292,0.23239066389667679,-0.029045961482947642,-366.77360364882406,697.1883841780135,-331.08655460390986,-0.6717740747203834
5.38,8.948836643101882e-08,4.815315141869357e-07,0.0,-2.006320008667282,1.0,-0.0002928370247095777,-0.0002928370247095777,-1.2033447024137292,0.23239066389667679,-0.029045961482947642,-366.77360364882406,697.1883841780135,-331.08655460390986,-0.6717740747203834
5.4,8.464467223212012e-08,4.551451261249248e-07,0.0,-2.006320008667282,1.0,-0.0002928370247095777,-0.0002928370247095777,-1.2033447024137292,0.23239066389667679,-0.029045961482947642,-366.77360364882406,697.1883841780135,-331.08655460390986,-0.6717740747203834
5.42,8.006163949434903e-08,4.3019893398243447e-07,0.0,-2.006320008667282,1.0,-0.0002928370247095777,-0.0002928370247095777,-1.2033447024137292,0.23239066389667679,-0.029045961482947642,-366.77360364882406,697.1883841780135,-331.08655460390986,-0.6717740747203834
5.44,7.572533549116747e-08,4.066146827899358e-07,0.0,-2.006320008667282,1.0,-0.0002928370247095777,-0.0002928370247095777,-1.2033447024137292,0.23239066389667679,-0.029045961482947642,-366.77360364882406,697.1883841780135,-331.08655460390986,-0.6717740747203834
5.46,7.162256625435394e-08,3.843183477710356e-07,0.0,-2.006320008667282,1.0,-0.0002928370247095777,-0.0002928370247095777,-1.2033447024137292,0.23239066389667679,-0.029045961482947642,-366.77360364882406,697.1883841780135,-331.08655460390986,-0.6717740747203834
5.48,6.774083778115627e-08,3.6323990703860527e-07,0.0,-2.006320008667282,1.0,-0.0002928370247095777,-0.0002928370247095777,-1.2033447024137292,0.23239066389667679,-0.029045961482947642,-366.77360364882406,697.1883841780135,-331.08655460390986,-0.6717740747203834
5.5,6.406831925428385e-08,3.433131264207645e-07,0.0,-2.006320008667282,1.0,-0.0002928370247095777,-0.0002928370247095777,-1.2033447024137292,0.23239066389667679,-0.029045961482947642,-366.77360364882406,697.1883841780135,-331.08655460390986,-0.6717740747203834
5.5200000000000005,6.059380817185744e-08,3.2447535577144393e-07,0.0,-2.006320008667282,1.0,-0.0002928370247095777,-0.0002928370247095777,-1.2033447024137292,0.23239066389667679,-0.029045961482947642,-366.77360364882406,697.1883841780135,-331.08655460390986,-0.6717740747203834
5.54,5.73066972896017e-08,3.066673361608137e-07,0.0,-2.006320008667282,1.0,-0.0002928370247095777,-0.0002928370247095777,-1.2033447024137292,0.23239066389667679,-0.029045961482947642,-366.77360364882406,697.1883841780135,-331.08655460390986,-0.6717740747203834
5.5600000000000005,5.419694328245945e-08,2.8983301736635994e-07,0.0,-2.006320008667282,1.0,-0.0002928370247095777,-0.0002928370247095777,-1.2033447024137292,0.23239066389667679,-0.029045961482947642,-366.77360364882406,697.1883841780135,-331.08655460390986,-0.6717740747203834
5.58,5.1255037037480487e-08,2.7391938512121894e-07,0.0,-2.006320008667282,1.0,-0.0002928370247095777,-0.0002928370247095777,-1.2033447024137292,0.23239066389667679,-0.029045961482947642,-366.77360364882406,697.1883841780135,-331.08655460390986,-0.6717740747203834
5.6000000000000005,4.847197549426492e-08,2.588762976000999e-07,0.0,-2.006320008667282,1.0,-0.0002928370247095777,-0.0002928370247095777,-1.2033447024137292,0.23239066389667679,-0.029045961482947642,-366.77360364882406,697.1883841780135,-331.08655460390986,-0.6717740747203834
5.62,4.5839234953467567e-08,2.4465633065479606e-07,0.0,-2.006320008667282,1.0,-0.0002928370247095777,-0.0002928370247095777,-1.2033447024137292,0.23239066389667679,-0.029045961482947642,-366.77360364882406,697.1883841780135,-331.08655460390986,-0.6717740747203834
5.64,4.3348745777872814e-08,2.3121463133280235e-07,0.0,-2.006320008667282,1.0,-0.0002928370247095777,-0.0002928370247095777,-1.2033447024137292,0.23239066389667679,-0.029045961482947642,-366.77360364882406,697.1883841780135,-331.08655460390986,-0.6717740747203834
5.66,4.099286841436953e-08,2.1850877924084798e-07,0.0,-2.006320008667282,1.0,-0.0002928370247095777,-0.0002928370247095777,-1.2033447024137292,0.23239066389667679,-0.029045961482947642,-366.77360364882406,697.1883841780135,-331.08655460390986,-0.6717740747203834
5.68,3.876437066877642e-08,2.064986553354492e-07,0.0,-2.006320008667282,1.0,-0.0002928370247095777,-0.0002928370247095777,-1.2033447024137292,0.23239066389667679,-0.029045961482947642,-366.77360364882406,697.1883841780135,-331.08655460390986,-0.6717740747203834
5.7,3.665640616891457e-08,1.9514631774544355e-07,0.0,-2.006320008667282,1.0,-0.0002928370247095777,-0.0002928370247095777,-1.2033447024137292,0.23239066389667679,-0.029045961482947642,-366.77360364882406,697.1883841780135,-331.08655460390986,-0.6717740747203834
5.72,3.4662493954602715e-08,1.844158842536154e-07,0.0,-2.006320008667282,1.0,-0.0002928370247095777,-0.0002928370247095777,-1.2033447024137292,0.23239066389667679,-0.029045961482947642,-366.77360364882406,697.1883841780135,-331.08655460390986,-0.6717740747203834
5.74,3.277649913635846e-08,1.74273421081395e-07,0.0,-2.006320008667282,1.0,-0.0002928370247095777,-0.0002928370247095777,-1.2033447024137292,0.23239066389667679,-0.029045961482947642,-366.77360364882406,697.1883841780135,-331.08655460390986,-0.6717740747203834
5.76,3.099261456755273e-08,1.6468683764261146e-07,0.0,-2.006320008667282,1.0,-0.0002928370247095777,-0.0002928370247095777,-1.2033447024137292,0.23239066389667679,-0.029045961482947642,-366.77360364882406,697.1883841780135,-331.08655460390986,-0.6717740747203834
5.78,2.9305343477570725e-08,1.5562578694680595e-07,0.0,-2.006320008667282,1.0,-0.0002928370247095777,-0.0002928370247095777,-1.2033447024137292,0.23239066389667679,-0.029045961482947642,-366.77360364882406,697.1883841780135,-331.08655460390986,-0.6717740747203834
5.8,2.7709483016208765e-08,1.4706157135235925e-07,0.0,-2.006320008667282,1.0,-0.0002928370247095777,-0.0002928370247095777,-1.2033447024137292,0.23239066389667679,-0.029045961482947642,-366.77360364882406,697.1883841780135,-331.08655460390986,-0.6717740747203834
5.82,2.620010866206976e-08,1.3896705338285604e-07,0.0,-2.006320008667282,1.0,-0.0002928370247095777,-0.0002928370247095777,-1.2033447024137292,0.23239066389667679,-0.029045961482947642,-366.77360364882406,697.1883841780135,-331.08655460390986,-0.6717740747203834
5.84,2.4772559450135733e-08,1.3131657133778736e-07,0.0,-2.006320008667282,1.0,-0.0002928370247095777,-0.0002928370247095777,-1.2033447024137292,0.23239066389667679,-0.029045961482947642,-366.77360364882406,697.1883841780135,-331.08655460390986,-0.6717740747203834
5.86,2.3422423975981867e-08,1.240858594404875e-07,0.0,-2.006320008667282,1.0,-0.0002928370247095777,-0.0002928370247095777,-1.2033447024137292,0.23239066389667679,-0.029045961482947642,-366.77360364882406,697.1883841780135,-331.08655460390986,-0.6717740747203834
5.88,2.2145527136276716e-08,1.1725197228214083e-07,0.0,-2.006320008667282,1.0,-0.0002928370247095777,-0.0002928370247095777,-1.2033447024137292,0.23239066389667679,-0.029045961482947642,-366.77360364882406,697.1883841780135,-331.08655460390986,-0.6717740747203834
5.9,2.0937917567275602e-08,1.1079321333128962e-07,0.0,-2.006320008667282,1.0,-0.0002928370247095777,-0.0002928370247095777,-1.2033447024137292,0.23239066389667679,-0.029045961482947642,-366.77360364882406,697.1883841780135,-331.08655460390986,-0.6717740747203834
5.92,1.9795855744980946e-08,1.0468906729251241e-07,0.0,-2.006320008667282,1.0,-0.0002928370247095777,-0.0002928370247095777,-1.2033447024137292,0.23239066389667679,-0.029045961482947642,-366.77360364882406,697.1883841780135,-331.08655460390986,-0.6717740747203834
5.94,1.871580271250357e-08,9.892013610749755e-08,0.0,-2.006320008667282,1.0,-0.0002928370247095777,-0.0002928370247095777,-1.2033447024137292,0.23239066389667679,-0.029045961482947642,-366.77360364882406,697.1883841780135,-331.08655460390986,-0.6717740747203834
5.96,1.7694409401932675e-08,9.346807840455363e-08,0.0,-2.006320008667282,1.0,-0.0002928370247095777,-0.0002928370247095777,-1.2033447024137292,0.23239066389667679,-0.029045961482947642,-366.77360364882406,697.1883841780135,-331.08655460390986,-0.6717740747203834
5.98,1.6728506519699644e-08,8.831555221111534e-08,0.0,-2.006320008667282,1.0,-0.0002928370247095777,-0.0002928370247095777,-1.2033447024137292,0.23239066389667679,-0.029045961482947642,-366.77360364882406,697.1883841780135,-331.08655460390986,-0.6717740747203834
6.0,1.5815094966019976e-08,8.344616075535807e-08,0.0,-2.006320008667282,1.0,-0.0002928370247095777,-0.0002928370247095777,-1.2033447024137292,0.23239066389667679,-0.029045961482947642,-366.77360364882406,697.1883841780135,-331.08655460390986,-0.6717740747203834
6.0200000000000005,1.4951336760509852e-08,7.884440119063568e-08,0.0,-2.006320008667282,1.0,-0.0002928370247095777,-0.0002928370247095777,-1.2033447024137292,0.23239066389667679,-0.029045961482947642,-366.77360364882406,697.1883841780135,-331.08655460390986,-0.6717740747203834
6.04,1.4134546447515208e-08,7.449561608686792e-08,0.0,-2.006320008667282,1.0,-0.0002928370247095777,-0.0002928370247095777,-1.2033447024137292,0.23239066389667679,-0.029045961482947642,-366.77360364882406,697.1883841780135,-331.08655460390986,-0.6717740747203834
6.0600000000000005,1.3362182956054147e-08,7.038594753980833e-08,0.0,-2.006320008667282,1.0,-0.0002928370247095777,-0.0002928370247095777,-1.2033447024137292,0.23239066389667679,-0.029045961482947642,-366.77360364882406,697.1883841780135,-331.08655460390986,-0.6717740747203834
6.08,1.2631841890572276e-08,6.650229375843924e-08,0.0,-2.006320008667282,1.0,-0.0002928370247095777,-0.0002928370247095777,-1.2033447024137292,0.23239066389667679,-0.029045961482947642,-366.77360364882406,697.1883841780135,-331.08655460390986,-0.6717740747203834
6.1000000000000005,1.1941248229938648e-08,6.283226799687946e-08,0.0,-2.006320008667282,1.0,-0.0002928370247095777,-0.0002928370247095777,-1.2033447024137292,0.23239066389667679,-0.029045961482947642,-366.77360364882406,697.1883841780135,-331.08655460390986,-0.6717740747203834
6.12,1.1288249413280089e-08,5.9364159705577144e-08,0.0,-2.006320008667282,1.0,-0.0002928370247095777,-0.0002928370247095777,-1.2033447024137292,0.23239066389667679,-0.029045961482947642,-366.77360364882406,697.1883841780135,-331.08655460390986,-0.6717740747203834
6.140000000000001,1.0670808792357877e-08,5.6086897781981275e-08,0.0,-2.006320008667282,1.0,-0.0002928370247095777,-0.0002928370247095777,-1.2033447024137292,0.23239066389667679,-0.029045961482947642,-366.77360364882406,697.1883841780135,-331.08655460390986,-0.6717740747203834
6.16,1.0086999431244699e-08,5.299001580848373e-08,0.0,-2.006320008667282,1.0,-0.0002928370247095777,-0.0002928370247095777,-1.2033447024137292,0.23239066389667679,-0.029045961482947642,-366.77360364882406,697.1883841780135,-331.08655460390986,-0.6717740747203834
6.18,9.534998235056019e-09,5.006361917029187e-08,0.0,-2.006320008667282,1.0,-0.0002928370247095777,-0.0002928370247095777,-1.2033447024137292,0.23239066389667679,-0.029045961482947642,-366.77360364882406,697.1883841780135,-331.08655460390986,-0.6717740747203834
6.2,9.013080390438861e-09,4.729835395257424e-08,0.0,-2.006320008667282,1.0,-0.0002928370247095777,-0.0002928370247095777,-1.2033447024137292,0.23239066389667679,-0.029045961482947642,-366.77360364882406,697.1883841780135,-331.08655460390986,-0.6717740747203834
6.22,8.519614101418688e-09,4.4685377520938984e-08,0.0,-2.006320008667282,1.0,-0.0002928370247095777,-0.0002928370247095777,-1.2033447024137292,0.23239066389667679,-0.029045961482947642,-366.77360364882406,697.1883841780135,-331.08655460390986,-0.6717740747203834
6.24,8.053055605057882e-09,4.22163306946305e-08,0.0,-2.006320008667282,1.0,-0.0002928370247095777,-0.0002928370247095777,-1.2033447024137292,0.23239066389667679,-0.029045961482947642,-366.77360364882406,697.1883841780135,-331.08655460390986,-0.6717740747203834
6.26,7.611944452189154e-09,3.988331142696651e-08,0.0,-2.006320008667282,1.0,-0.0002928370247095777,-0.0002928370247095777,-1.2033447024137292,0.23239066389667679,-0.029045961482947642,-366.77360364882406,697.1883841780135,-331.08655460390986,-0.6717740747203834
6.28,7.194899039253449e-09,3.767884991149258e-08,0.0,-2.006320008667282,1.0,-0.0002928370247095777,-0.0002928370247095777,-1.2033447024137292,0.23239066389667679,-0.029045961482947642,-366.77360364882406,697.1883841780135,-331.08655460390986,-0.6717740747203834
6.3,6.800612378001389e-09,3.559588503740128e-08,0.0,-2.006320008667282,1.0,-0.0002928370247095777,-0.0002928370247095777,-1.2033447024137292,0.23239066389667679,-0.029045961482947642,-366.77360364882406,697.1883841780135,-331.08655460390986,-0.6717740747203834
6.32,6.42784809050664e-09,3.362774212116228e-08,0.0,-2.006320008667282,1.0,-0.0002928370247095777,-0.0002928370247095777,-1.2033447024137292,0.23239066389667679,-0.029045961482947642,-366.77360364882406,697.1883841780135,-331.08655460390986,-0.6717740747203834
6.34,6.075436617595995e-09,3.176811184588943e-08,0.0,-2.006320008667282,1.0,-0.0002928370247095777,-0.0002928370247095777,-1.2033447024137292,0.23239066389667679,-0.029045961482947642,-366.77360364882406,697.1883841780135,-331.08655460390986,-0.6717740747203834
6.36,5.742271629421195e-09,3.001103034299585e-08,0.0,-2.006320008667282,1.0,-0.0002928370247095777,-0.0002928370247095777,-1.2033447024137292,0.23239066389667679,-0.029045961482947642,-366.77360364882406,697.1883841780135,-331.08655460390986,-0.6717740747203834
6.38,5.427306627487939e-09,2.8350860354797506e-08,0.0,-2.006320008667282,1.0,-0.0002928370247095777,-0.0002928370247095777,-1.2033447024137292,0.23239066389667679,-0.029045961482947642,-366.77360364882406,697.1883841780135,-331.08655460390986,-0.6717740747203834
6.4,5.12955172801553e-09,2.678227341945762e-08,0.0,-2.006320008667282,1.0,-0.0002928370247095777,-0.0002928370247095777,-1.2033447024137292,0.23239066389667679,-0.029045961482947642,-366.77360364882406,697.1883841780135,-331.08655460390986,-0.6717740747203834
6.42,4.84807061703159e-09,2.530023302333076e-08,0.0,-2.006320008667282,1.0,-0.0002928370247095777,-0.0002928370247095777,-1.2033447024137292,0.23239066389667679,-0.029045961482947642,-366.77360364882406,697.1883841780135,-331.08655460390986,-0.6717740747203834
6.44,4.581977668108123e-09,2.389997866820789e-08,0.0,-2.006320008667282,1.0,-0.0002928370247095777,-0.0002928370247095777,-1.2033447024137292,0.23239066389667679,-0.029045961482947642,-366.77360364882406,697.1883841780135,-331.08655460390986,-0.6717740747203834
6.46,4.3304352141227246e-09,2.2577010804278596e-08,0.0,-2.006320008667282,1.0,-0.0002928370247095777,-0.0002928370247095777,-1.2033447024137292,0.23239066389667679,-0.029045961482947642,-366.77360364882406,697.1883841780135,-331.08655460390986,-0.6717740747203834
6.48,4.0926509648799264e-09,2.1327076581781166e-08,0.0,-2.006320008667282,1.0,-0.0002928370247095777,-0.0002928370247095777,-1.2033447024137292,0.23239066389667679,-0.029045961482947642,-366.77360364882406,697.1883841780135,-331.08655460390986,-0.6717740747203834
6.5,3.867875562857041e-09,2.014615637730391e-08,0.0,-2.006320008667282,1.0,-0.0002928370247095777,-0.0002928370247095777,-1.2033447024137292,0.23239066389667679,-0.029045961482947642,-366.77360364882406,697.1883841780135,-331.08655460390986,-0.6717740747203834
6.5200000000000005,3.655400269744472e-09,1.9030451052633834e-08,0.0,-2.006320008667282,1.0,-0.0002928370247095777,-0.0002928370247095777,-1.2033447024137292,0.23239066389667679,-0.029045961482947642,-366.77360364882406,697.1883841780135,-331.08655460390986,-0.6717740747203834
6.54,3.454554776836435e-09,1.7976369906712553e-08,0.0,-2.006320008667282,1.0,-0.0002928370247095777,-0.0002928370247095777,-1.2033447024137292,0.23239066389667679,-0.029045961482947642,-366.77360364882406,697.1883841780135,-331.08655460390986,-0.6717740747203834
6.5600000000000005,3.2647051326925966e-09,1.6980519283005663e-08,0.0,-2.006320008667282,1.0,-0.0002928370247095777,-0.0002928370247095777,-1.2033447024137292,0.23239066389667679,-0.029045961482947642,-366.77360364882406,697.1883841780135,-331.08655460390986,-0.6717740747203834
6.58,3.0852517818380515e-09,1.6039691796976907e-08,0.0,-2.006320008667282,1.0,-0.0002928370247095777,-0.0002928370247095777,-1.2033447024137292,0.23239066389667679,-0.029045961482947642,-366.77360364882406,697.1883841780135,-331.08655460390986,-0.6717740747203834
6.6000000000000005,2.9156277085966886e-09,1.5150856149921915e-08,0.0,-2.006320008667282,1.0,-0.0002928370247095777,-0.0002928370247095777,-1.2033447024137292,0.23239066389667679,-0.029045961482947642,-366.77360364882406,697.1883841780135,-331.08655460390986,-0.6717740747203834
6.62,2.7552966804647083e-09,1.431114749754652e-08,0.0,-2.006320008667282,1.0,-0.0002928370247095777,-0.0002928370247095777,-1.2033447024137292,0.23239066389667679,-0.029045961482947642,-366.77360364882406,697.1883841780135,-331.08655460390986,-0.6717740747203834
6.640000000000001,2.6037515857254678e-09,1.3517858343089589e-08,0.0,-2.006320008667282,1.0,-0.0002928370247095777,-0.0002928370247095777,-1.2033447024137292,0.23239066389667679,-0.029045961482947642,-366.77360364882406,697.1883841780135,-331.08655460390986,-0.6717740747203834
6.66,2.4605128602868718e-09,1.2768429926684594e-08,0.0,-2.006320008667282,1.0,-0.0002928370247095777,-0.0002928370247095777,-1.2033447024137292,0.23239066389667679,-0.029045961482947642,-366.77360364882406,697.1883841780135,-331.08655460390986,-0.6717740747203834
6.68,2.3251269989870306e-09,1.206044408393001e-08,0.0,-2.006320008667282,1.0,-0.0002928370247095777,-0.0002928370247095777,-1.2033447024137292,0.23239066389667679,-0.029045961482947642,-366.77360364882406,697.1883841780135,-331.08655460390986,-0.6717740747203834
6.7,2.1971651468654287e-09,1.1391615548320495e-08,0.0,-2.006320008667282,1.0,-0.0002928370247095777,-0.0002928370247095777,-1.2033447024137292,0.23239066389667679,-0.029045961482947642,-366.77360364882406,697.1883841780135,-331.08655460390986,-0.6717740747203834
6.72,2.076221766134584e-09,1.0759784673396246e-08,0.0,-2.006320008667282,1.0,-0.0002928370247095777,-0.0002928370247095777,-1.2033447024137292,0.23239066389667679,-0.029045961482947642,-366.77360364882406,697.1883841780135,-331.08655460390986,-0.6717740747203834
6.74,1.9619133748127707e-09,1.016291055182525e-08,0.0,-2.006320008667282,1.0,-0.0002928370247095777,-0.0002928370247095777,-1.2033447024137292,0.23239066389667679,-0.029045961482947642,-366.77360364882406,697.1883841780135,-331.08655460390986,-0.6717740747203834
6.76,1.8538773531922908e-09,9.599064509928041e-09,0.0,-2.006320008667282,1.0,-0.0002928370247095777,-0.0002928370247095777,-1.2033447024137292,0.23239066389667679,-0.029045961482947642,-366.77360364882406,697.1883841780135,-331.08655460390986,-0.6717740747203834
6.78,1.751770814520032e-09,9.066423957168321e-09,0.0,-2.006320008667282,1.0,-0.0002928370247095777,-0.0002928370247095777,-1.2033447024137292,0.23239066389667679,-0.029045961482947642,-366.77360364882406,697.1883841780135,-331.08655460390986,-0.6717740747203834
6.8,1.6552695364593088e-09,8.563266571415835e-09,0.0,-2.006320008667282,1.0,-0.0002928370247095777,-0.0002928370247095777,-1.2033447024137292,0.23239066389667679,-0.029045961482947642,-366.77360364882406,697.1883841780135,-331.08655460390986,-0.6717740747203834
6.82,1.5640669500835297e-09,8.087964801651211e-09,0.0,-2.006320008667282,1.0,-0.0002928370247095777,-0.0002928370247095777,-1.2033447024137292,0.23239066389667679,-0.029045961482947642,-366.77360364882406,697.1883841780135,-331.08655460390986,-0.6717740747203834
6.84,1.4778731833248453e-09,7.638980670934445e-09,0.0,-2.006320008667282,1.0,-0.0002928370247095777,-0.0002928370247095777,-1.2033447024137292,0.23239066389667679,-0.029045961482947642,-366.77360364882406,697.1883841780135,-331.08655460390986,-0.6717740747203834
6.86,1.396414155963926e-09,7.214860863237949e-09,0.0,-2.006320008667282,1.0,-0.0002928370247095777,-0.0002928370247095777,-1.2033447024137292,0.23239066389667679,-0.029045961482947642,-366.77360364882406,697.1883841780135,-331.08655460390986,-0.6717740747203834
6.88,1.3194307234019661e-09,6.814232078776606e-09,0.0,-2.006320008667282,1.0,-0.0002928370247095777,-0.0002928370247095777,-1.2033447024137292,0.23239066389667679,-0.029045961482947642,-366.77360364882406,697.1883841780135,-331.08655460390986,-0.6717740747203834
6.9,1.2466778666023105e-09,6.435796643156576e-09,0.0,-2.006320008667282,1.0,-0.0002928370247095777,-0.0002928370247095777,-1.2033447024137292,0.23239066389667679,-0.029045961482947642,-366.77360364882406,697.1883841780135,-331.08655460390986,-0.6717740747203834
6.92,1.1779239257281793e-09,6.078328356597581e-09,0.0,-2.006320008667282,1.0,-0.0002928370247095777,-0.0002928370247095777,-1.2033447024137292,0.23239066389667679,-0.029045961482947642,-366.77360364882406,697.1883841780135,-331.08655460390986,-0.6717740747203834
6.94,1.112949875134272e-09,5.7406685700974045e-09,0.0,-2.006320008667282,1.0,-0.0002928370247095777,-0.0002928370247095777,-1.2033447024137292,0.23239066389667679,-0.029045961482947642,-366.77360364882406,697.1883841780135,-331.08655460390986,-0.6717740747203834
6.96,1.051548637494838e-09,5.421722476239611e-09,0.0,-2.006320008667282,1.0,-0.0002928370247095777,-0.0002928370247095777,-1.2033447024137292,0.23239066389667679,-0.029045961482947642,-366.77360364882406,697.1883841780135,-331.08655460390986,-0.6717740747203834
6.98,9.935244349686345e-10,5.120455602899002e-09,0.0,-2.006320008667282,1.0,-0.0002928370247095777,-0.0002928370247095777,-1.2033447024137292,0.23239066389667679,-0.029045961482947642,-366.77360364882406,697.1883841780135,-331.08655460390986,-0.6717740747203834
7.0,9.386921754131817e-10,4.835890498842064e-09,0.0,-2.006320008667282,1.0,-0.0002928370247095777,-0.0002928370247095777,-1.2033447024137292,0.23239066389667679,-0.029045961482947642,-366.77360364882406,697.1883841780135,-331.08655460390986,-0.6717740747203834
7.0200000000000005,8.868768717664492e-10,4.5671036007170105e-09,0.0,-2.006320008667282,1.0,-0.0002928370247095777,-0.0002928370247095777,-1.2033447024137292,0.23239066389667679,-0.029045961482947642,-366.77360364882406,697.1883841780135,-331.08655460390986,-0.6717740747203834
7.04,8.379130928145829e-10,4.313222271590376e-09,0.0,-2.006320008667282,1.0,-0.0002928370247095777,-0.0002928370247095777,-1.2033447024137292,0.23239066389667679,-0.029045961482947642,-366.77360364882406,697.1883841780135,-331.08655460390986,-0.6717740747203834
7.0600000000000005,7.916444436591298e-10,4.073422001634578e-09,0.0,-2.006320008667282,1.0,-0.0002928370247095777,-0.0002928370247095777,-1.2033447024137292,0.23239066389667679,-0.029045961482947642,-366.77360364882406,697.1883841780135,-331.08655460390986,-0.6717740747203834
7.08,7.479230742873504e-10,3.846923762162568e-09,0.0,-2.006320008667282,1.0,-0.0002928370247095777,-0.0002928370247095777,-1.2033447024137292,0.23239066389667679,-0.029045961482947642,-366.77360364882406,697.1883841780135,-331.08655460390986,-0.6717740747203834
7.1000000000000005,7.06609214734289e-10,3.6329915046057466e-09,0.0,-2.006320008667282,1.0,-0.0002928370247095777,-0.0002928370247095777,-1.2033447024137292,0.23239066389667679,-0.029045961482947642,-366.77360364882406,697.1883841780135,-331.08655460390986,-0.6717740747203834
7.12,6.675707354061164e-10,3.430929796561721e-09,0.0,-2.006320008667282,1.0,-0.0002928370247095777,-0.0002928370247095777,-1.2033447024137292,0.23239066389667679,-0.029045961482947642,-366.77360364882406,697.1883841780135,-331.08655460390986,-0.6717740747203834
7.140000000000001,6.306827312105657e-10,3.2400815873966567e-09,0.0,-2.006320008667282,1.0,-0.0002928370247095777,-0.0002928370247095777,-1.2033447024137292,0.23239066389667679,-0.029045961482947642,-366.77360364882406,697.1883841780135,-331.08655460390986,-0.6717740747203834
7.16,5.958271282127901e-10,3.059826096360496e-09,0.0,-2.006320008667282,1.0,-0.0002928370247095777,-0.0002928370247095777,-1.2033447024137292,0.23239066389667679,-0.029045961482947642,-366.77360364882406,697.1883841780135,-331.08655460390986,-0.6717740747203834
7.18,5.628923116034005e-10,2.8895768164945436e-09,0.0,-2.006320008667282,1.0,-0.0002928370247095777,-0.0002928370247095777,-1.2033447024137292,0.23239066389667679,-0.029045961482947642,-366.77360364882406,697.1883841780135,-331.08655460390986,-0.6717740747203834
7.2,5.317727738304499e-10,2.7287796280320236e-09,0.0,-2.006320008667282,1.0,-0.0002928370247095777,-0.0002928370247095777,-1.2033447024137292,0.23239066389667679,-0.029045961482947642,-366.77360364882406,697.1883841780135,-331.08655460390986,-0.6717740747203834
7.22,5.023687818085313e-10,2.5769110152941256e-09,0.0,-2.006320008667282,1.0,-0.0002928370247095777,-0.0002928370247095777,-1.2033447024137292,0.23239066389667679,-0.029045961482947642,-366.77360364882406,697.1883841780135,-331.08655460390986,-0.6717740747203834
7.24,4.745860621763624e-10,2.433476381423807e-09,0.0,-2.006320008667282,1.0,-0.0002928370247095777,-0.0002928370247095777,-1.2033447024137292,0.23239066389667679,-0.029045961482947642,-366.77360364882406,697.1883841780135,-331.08655460390986,-0.6717740747203834
7.26,4.4833550362938216e-10,2.2980084556242677e-09,0.0,-2.006320008667282,1.0,-0.0002928370247095777,-0.0002928370247095777,-1.2033447024137292,0.23239066389667679,-0.029045961482947642,-366.77360364882406,697.1883841780135,-331.08655460390986,-0.6717740747203834
7.28,4.235328754059863e-10,2.1700657878226205e-09,0.0,-2.006320008667282,1.0,-0.0002928370247095777,-0.0002928370247095777,-1.2033447024137292,0.23239066389667679,-0.029045961482947642,-366.77360364882406,697.1883841780135,-331.08655460390986,-0.6717740747203834
7.3,4.0009856105550954e-10,2.049231325999091e-09,0.0,-2.006320008667282,1.0,-0.0002928370247095777,-0.0002928370247095777,-1.2033447024137292,0.23239066389667679,-0.029045961482947642,-366.77360364882406,697.1883841780135,-331.08655460390986,-0.6717740747203834
7.32,3.779573066627575e-10,1.9351110716386113e-09,0.0,-2.006320008667282,1.0,-0.0002928370247095777,-0.0002928370247095777,-1.2033447024137292,0.23239066389667679,-0.029045961482947642,-366.77360364882406,697.1883841780135,-331.08655460390986,-0.6717740747203834
7.34,3.570379827482448e-10,1.8273328090495323e-09,0.0,-2.006320008667282,1.0,-0.0002928370247095777,-0.0002928370247095777,-1.2033447024137292,0.23239066389667679,-0.029045961482947642,-366.77360364882406,697.1883841780135,-331.08655460390986,-0.6717740747203834
7.36,3.3727335910514944e-10,1.7255449044883884e-09,0.0,-2.006320008667282,1.0,-0.0002928370247095777,-0.0002928370247095777,-1.2033447024137292,0.23239066389667679,-0.029045961482947642,-366.77360364882406,697.1883841780135,-331.08655460390986,-0.6717740747203834
7.38,3.1859989187374585e-10,1.629415171285976e-09,0.0,-2.006320008667282,1.0,-0.0002928370247095777,-0.0002928370247095777,-1.2033447024137292,0.23239066389667679,-0.029045961482947642,-366.77360364882406,697.1883841780135,-331.08655460390986,-0.6717740747203834
7.4,3.00957522191589e-10,1.5386297973446402e-09,0.0,-2.006320008667282,1.0,-0.0002928370247095777,-0.0002928370247095777,-1.2033447024137292,0.23239066389667679,-0.029045961482947642,-366.77360364882406,697.1883841780135,-331.08655460390986,-0.6717740747203834
7.42,2.842894857933472e-10,1.4528923316062563e-09,0.0,-2.006320008667282,1.0,-0.0002928370247095777,-0.0002928370247095777,-1.2033447024137292,0.23239066389667679,-0.029045961482947642,-366.77360364882406,697.1883841780135,-331.08655460390986,-0.6717740747203834
7.44,2.685421329677942e-10,1.371922726245131e-09,0.0,-2.006320008667282,1.0,-0.0002928370247095777,-0.0002928370247095777,-1.2033447024137292,0.23239066389667679,-0.029045961482947642,-366.77360364882406,697.1883841780135,-331.08655460390986,-0.6717740747203834
7.46,2.5366475831139323e-10,1.2954564315464034e-09,0.0,-2.006320008667282,1.0,-0.0002928370247095777,-0.0002928370247095777,-1.2033447024137292,0.23239066389667679,-0.029045961482947642,-366.77360364882406,697.1883841780135,-331.08655460390986,-0.6717740747203834
7.48,2.3960943974802553e-10,1.223243540569372e-09,0.0,-2.006320008667282,1.0,-0.0002928370247095777,-0.0002928370247095777,-1.2033447024137292,0.23239066389667679,-0.029045961482947642,-366.77360364882406,697.1883841780135,-331.08655460390986,-0.6717740747203834
7.5,2.263308863130158e-10,1.1550479808785867e-09,0.0,-2.006320008667282,1.0,-0.0002928370247095777,-0.0002928370247095777,-1.2033447024137292,0.23239066389667679,-0.029045961482947642,-366.77360364882406,697.1883841780135,-331.08655460390986,-0.6717740747203834
7.5200000000000005,2.1378629422659288e-10,1.0906467507502104e-09,0.0,-2.006320008667282,1.0,-0.0002928370247095777,-0.0002928370247095777,-1.2033447024137292,0.23239066389667679,-0.029045961482947642,-366.77360364882406,697.1883841780135,-331.08655460390986,-0.6717740747203834
7.54,2.019352108075464e-10,1.0298291974254888e-09,0.0,-2.006320008667282,1.0,-0.0002928370247095777,-0.0002928370247095777,-1.2033447024137292,0.23239066389667679,-0.029045961482947642,-366.77360364882406,697.1883841780135,-331.08655460390986,-0.6717740747203834
7.5600000000000005,1.9073940580201534e-10,9.72396335094041e-10,0.0,-2.006320008667282,1.0,-0.0002928370247095777,-0.0002928370247095777,-1.2033447024137292,0.23239066389667679,-0.029045961482947642,-366.77360364882406,697.1883841780135,-331.08655460390986,-0.6717740747203834
7.58,1.8016274972529634e-10,9.181602004372344e-10,0.0,-2.006320008667282,1.0,-0.0002928370247095777,-0.0002928370247095777,-1.2033447024137292,0.23239066389667679,-0.029045961482947642,-366.77360364882406,697.1883841780135,-331.08655460390986,-0.6717740747203834
7.6000000000000005,1.7017109883621536e-10,8.669432436605078e-10,0.0,-2.006320008667282,1.0,-0.0002928370247095777,-0.0002928370247095777,-1.2033447024137292,0.23239066389667679,-0.029045961482947642,-366.77360364882406,697.1883841780135,-331.08655460390986,-0.6717740747203834
7.62,1.6073218638416388e-10,8.18577753075533e-10,0.0,-2.006320008667282,1.0,-0.0002928370247095777,-0.0002928370247095777,-1.2033447024137292,0.23239066389667679,-0.029045961482947642,-366.77360364882406,697.1883841780135,-331.08655460390986,-0.6717740747203834
7.640000000000001,1.518155197882976e-10,7.729053113819596e-10,0.0,-2.006320008667282,1.0,-0.0002928370247095777,-0.0002928370247095777,-1.2033447024137292,0.23239066389667679,-0.029045961482947642,-366.77360364882406,697.1883841780135,-331.08655460390986,-0.6717740747203834
7.66,1.4339228342680737e-10,7.297762819154563e-10,0.0,-2.006320008667282,1.0,-0.0002928370247095777,-0.0002928370247095777,-1.2033447024137292,0.23239066389667679,-0.029045961482947642,-366.77360364882406,697.1883841780135,-331.08655460390986,-0.6717740747203834
7.68,1.3543524673154358e-10,6.890493232088801e-10,0.0,-2.006320008667282,1.0,-0.0002928370247095777,-0.0002928370247095777,-1.2033447024137292,0.23239066389667679,-0.029045961482947642,-366.77360364882406,697.1883841780135,-331.08655460390986,-0.6717740747203834
7.7,1.2791867729976104e-10,6.505909303170729e-10,0.0,-2.006320008667282,1.0,-0.0002928370247095777,-0.0002928370247095777,-1.2033447024137292,0.23239066389667679,-0.029045961482947642,-366.77360364882406,697.1883841780135,-331.08655460390986,-0.6717740747203834
7.72,1.2081825875031743e-10,6.142750014311484e-10,0.0,-2.006320008667282,1.0,-0.0002928370247095777,-0.0002928370247095777,-1.2033447024137292,0.23239066389667679,-0.029045961482947642,-366.77360364882406,697.1883841780135,-331.08655460390986,-0.6717740747203834
7.74,1.1411101306640097e-10,5.799824283918417e-10,0.0,-2.006320008667282,1.0,-0.0002928370247095777,-0.0002928370247095777,-1.2033447024137292,0.23239066389667679,-0.029045961482947642,-366.77360364882406,697.1883841780135,-331.08655460390986,-0.6717740747203834
7.76,1.0777522718082519e-10,5.476007097917545e-10,0.0,-2.006320008667282,1.0,-0.0002928370247095777,-0.0002928370247095777,-1.2033447024137292,0.23239066389667679,-0.029045961482947642,-366.77360364882406,697.1883841780135,-331.08655460390986,-0.6717740747203834
7.78,1.0179038357311034e-10,5.170235854193791e-10,0.0,-2.006320008667282,1.0,-0.0002928370247095777,-0.0002928370247095777,-1.2033447024137292,0.23239066389667679,-0.029045961482947642,-366.77360364882406,697.1883841780135,-331.08655460390986,-0.6717740747203834
7.8,9.613709466008008e-11,4.881506908761727e-10,0.0,-2.006320008667282,1.0,-0.0002928370247095777,-0.0002928370247095777,-1.2033447024137292,0.23239066389667679,-0.029045961482947642,-366.77360364882406,697.1883841780135,-331.08655460390986,-0.6717740747203834
7.82,9.07970407735018e-11,4.60887231252268e-10,0.0,-2.006320008667282,1.0,-0.0002928370247095777,-0.0002928370247095777,-1.2033447024137292,0.23239066389667679,-0.029045961482947642,-366.77360364882406,697.1883841780135,-331.08655460390986,-0.6717740747203834
7.84,8.575291152949798e-11,4.3514367281677045e-10,0.0,-2.006320008667282,1.0,-0.0002928370247095777,-0.0002928370247095777,-1.2033447024137292,0.23239066389667679,-0.029045961482947642,-366.77360364882406,697.1883841780135,-331.08655460390986,-0.6717740747203834
7.86,8.0988350405019e-11,4.108354517268697e-10,0.0,-2.006320008667282,1.0,-0.0002928370247095777,-0.0002928370247095777,-1.2033447024137292,0.23239066389667679,-0.029045961482947642,-366.77360364882406,697.1883841780135,-331.08655460390986,-0.6717740747203834
7.88,7.648790234669309e-11,3.878826988232827e-10,0.0,-2.006320008667282,1.0,-0.0002928370247095777,-0.0002928370247095777,-1.2033447024137292,0.23239066389667679,-0.029045961482947642,-366.77360364882406,697.1883841780135,-331.08655460390986,-0.6717740747203834
7.9,7.223696424682457e-11,3.6620997962240356e-10,0.0,-2.006320008667282,1.0,-0.0002928370247095777,-0.0002928370247095777,-1.2033447024137292,0.23239066389667679,-0.029045961482947642,-366.77360364882406,697.1883841780135,-331.08655460390986,-0.6717740747203834
7.92,6.82217381302851e-11,3.457460486721969e-10,0.0,-2.006320008667282,1.0,-0.0002928370247095777,-0.0002928370247095777,-1.2033447024137292,0.23239066389667679,-0.029045961482947642,-366.77360364882406,697.1883841780135,-331.08655460390986,-0.6717740747203834
7.94,6.44291869045057e-11,3.2642361747715837e-10,0.0,-2.006320008667282,1.0,-0.0002928370247095777,-0.0002928370247095777,-1.2033447024137292,0.23239066389667679,-0.029045961482947642,-366.77360364882406,697.1883841780135,-331.08655460390986,-0.6717740747203834
7.96,6.084699253280935e-11,3.0817913524835647e-10,0.0,-2.006320008667282,1.0,-0.0002928370247095777,-0.0002928370247095777,-1.2033447024137292,0.23239066389667679,-0.029045961482947642,-366.77360364882406,697.1883841780135,-331.08655460390986,-0.6717740747203834
7.98,5.7463516498897865e-11,2.9095258176865797e-10,0.0,-2.006320008667282,1.0,-0.0002928370247095777,-0.0002928370247095777,-1.2033447024137292,0.23239066389667679,-0.029045961482947642,-366.77360364882406,697.1883841780135,-331.08655460390986,-0.6717740747203834
8.0,5.4267762437495184e-11,2.746872717086631e-10,0.0,-2.006320008667282,1.0,-0.0002928370247095777,-0.0002928370247095777,-1.2033447024137292,0.23239066389667679,-0.029045961482947642,-366.77360364882406,697.1883841780135,-331.08655460390986,-0.6717740747203834
8.02,5.124934081292748e-11,2.593296697593298e-10,0.0,-2.006320008667282,1.0,-0.0002928370247095777,-0.0002928370247095777,-1.2033447024137292,0.23239066389667679,-0.029045961482947642,-366.77360364882406,697.1883841780135,-331.08655460390986,-0.6717740747203834
8.040000000000001,4.839843553385194e-11,2.448292159873717e-10,0.0,-2.006320008667282,1.0,-0.0002928370247095777,-0.0002928370247095777,-1.2033447024137292,0.23239066389667679,-0.029045961482947642,-366.77360364882406,697.1883841780135,-331.08655460390986,-0.6717740747203834
8.06,4.570577239841634e-11,2.311381608487685e-10,0.0,-2.006320008667282,1.0,-0.0002928370247095777,-0.0002928370247095777,-1.2033447024137292,0.23239066389667679,-0.029045961482947642,-366.77360364882406,697.1883841780135,-331.08655460390986,-0.6717740747203834
8.08,4.316258926987637e-11,2.1821140932678842e-10,0.0,-2.006320008667282,1.0,-0.0002928370247095777,-0.0002928370247095777,-1.2033447024137292,0.23239066389667679,-0.029045961482947642,-366.77360364882406,697.1883841780135,-331.08655460390986,-0.6717740747203834
8.1,4.076060788814144e-11,2.0600637369368539e-10,0.0,-2.006320008667282,1.0,-0.0002928370247095777,-0.0002928370247095777,-1.2033447024137292,0.23239066389667679,-0.029045961482947642,-366.77360364882406,697.1883841780135,-331.08655460390986,-0.6717740747203834
8.120000000000001,3.8492007227852783e-11,1.944828344180152e-10,0.0,-2.006320008667282,1.0,-0.0002928370247095777,-0.0002928370247095777,-1.2033447024137292,0.23239066389667679,-0.029045961482947642,-366.77360364882406,697.1883841780135,-331.08655460390986,-0.6717740747203834
8.14,3.634939831846768e-11,1.8360280876964737e-10,0.0,-2.006320008667282,1.0,-0.0002928370247095777,-0.0002928370247095777,-1.2033447024137292,0.23239066389667679,-0.029045961482947642,-366.77360364882406,697.1883841780135,-331.08655460390986,-0.6717740747203834
8.16,3.432580044641801e-11,1.7333042669610944e-10,0.0,-2.006320008667282,1.0,-0.0002928370247095777,-0.0002928370247095777,-1.2033447024137292,0.23239066389667679,-0.029045961482947642,-366.77360364882406,697.1883841780135,-331.08655460390986,-0.6717740747203834
8.18,3.2414618663769975e-11,1.63631813571057e-10,0.0,-2.006320008667282,1.0,-0.0002928370247095777,-0.0002928370247095777,-1.2033447024137292,0.23239066389667679,-0.029045961482947642,-366.77360364882406,697.1883841780135,-331.08655460390986,-0.6717740747203834
8.2,3.06096225319201e-11,1.544749794335609e-10,0.0,-2.006320008667282,1.0,-0.0002928370247095777,-0.0002928370247095777,-1.2033447024137292,0.23239066389667679,-0.029045961482947642,-366.77360364882406,697.1883841780135,-331.08655460390986,-0.6717740747203834
8.22,2.8904926032758913e-11,1.458297143606859e-10,0.0,-2.006320008667282,1.0,-0.0002928370247095777,-0.0002928370247095777,-1.2033447024137292,0.23239066389667679,-0.029045961482947642,-366.77360364882406,697.1883841780135,-331.08655460390986,-0.6717740747203834
8.24,2.729496858341502e-11,1.3766748963483154e-10,0.0,-2.006320008667282,1.0,-0.0002928370247095777,-0.0002928370247095777,-1.2033447024137292,0.23239066389667679,-0.029045961482947642,-366.77360364882406,697.1883841780135,-331.08655460390986,-0.6717740747203834
8.26,2.5774497094171055e-11,1.2996136438474514e-10,0.0,-2.006320008667282,1.0,-0.0002928370247095777,-0.0002928370247095777,-1.2033447024137292,0.23239066389667679,-0.029045961482947642,-366.77360364882406,697.1883841780135,-331.08655460390986,-0.6717740747203834
8.28,2.4338549012441125e-11,1.226858973993832e-10,0.0,-2.006320008667282,1.0,-0.0002928370247095777,-0.0002928370247095777,-1.2033447024137292,0.23239066389667679,-0.029045961482947642,-366.77360364882406,697.1883841780135,-331.08655460390986,-0.6717740747203834
8.3,2.298243629880836e-11,1.1581706382737072e-10,0.0,-2.006320008667282,1.0,-0.0002928370247095777,-0.0002928370247095777,-1.2033447024137292,0.23239066389667679,-0.029045961482947642,-366.77360364882406,697.1883841780135,-331.08655460390986,-0.6717740747203834
8.32,2.17017302840702e-11,1.0933217649301382e-10,0.0,-2.006320008667282,1.0,-0.0002928370247095777,-0.0002928370247095777,-1.2033447024137292,0.23239066389667679,-0.029045961482947642,-366.77360364882406,697.1883841780135,-331.08655460390986,-0.6717740747203834
8.34,2.0492247359020998e-11,1.0320981157274397e-10,0.0,-2.006320008667282,1.0,-0.0002928370247095777,-0.0002928370247095777,-1.2033447024137292,0.23239066389667679,-0.029045961482947642,-366.77360364882406,697.1883841780135,-331.08655460390986,-0.6717740747203834
8.36,1.9350035451339867e-11,9.742973839223954e-11,0.0,-2.006320008667282,1.0,-0.0002928370247095777,-0.0002928370247095777,-1.2033447024137292,0.23239066389667679,-0.029045961482947642,-366.77360364882406,697.1883841780135,-331.08655460390986,-0.6717740747203834
8.38,1.8271361246438404e-11,9.197285311517482e-11,0.0,-2.006320008667282,1.0,-0.0002928370247095777,-0.0002928370247095777,-1.2033447024137292,0.23239066389667679,-0.029045961482947642,-366.77360364882406,697.1883841780135,-331.08655460390986,-0.6717740747203834
8.4,1.7252698111481595e-11,8.682111610920228e-11,0.0,-2.006320008667282,1.0,-0.0002928370247095777,-0.0002928370247095777,-1.2033447024137292,0.23239066389667679,-0.029045961482947642,-366.77360364882406,697.1883841780135,-331.08655460390986,-0.6717740747203834
8.42,1.629071468402004e-11,8.195749278500083e-11,0.0,-2.006320008667282,1.0,-0.0002928370247095777,-0.0002928370247095777,-1.2033447024137292,0.23239066389667679,-0.029045961482947642,-366.77360364882406,697.1883841780135,-331.08655460390986,-0.6717740747203834
8.44,1.538226408878153e-11,7.736589771728663e-11,0.0,-2.006320008667282,1.0,-0.0002928370247095777,-0.0002928370247095777,-1.2033447024137292,0.23239066389667679,-0.029045961482947642,-366.77360364882406,697.1883841780135,-331.08655460390986,-0.6717740747203834
8.46,1.4524373748158433e-11,7.303114186526616e-11,0.0,-2.006320008667282,1.0,-0.0002928370247095777,-0.0002928370247095777,-1.2033447024137292,0.23239066389667679,-0.029045961482947642,-366.77360364882406,697.1883841780135,-331.08655460390986,-0.6717740747203834
8.48,1.3714235753813362e-11,6.893888272164914e-11,0.0,-2.006320008667282,1.0,-0.0002928370247095777,-0.0002928370247095777,-1.2033447024137292,0.23239066389667679,-0.029045961482947642,-366.77360364882406,697.1883841780135,-331.08655460390986,-0.6717740747203834
8.5,1.294919776860439e-11,6.507557722752409e-11,0.0,-2.006320008667282,1.0,-0.0002928370247095777,-0.0002928370247095777,-1.2033447024137292,0.23239066389667679,-0.029045961482947642,-366.77360364882406,697.1883841780135,-331.08655460390986,-0.6717740747203834
8.52,1.2226754429717887e-11,6.142843730079188e-11,0.0,-2.006320008667282,1.0,-0.0002928370247095777,-0.0002928370247095777,-1.2033447024137292,0.23239066389667679,-0.029045961482947642,-366.77360364882406,697.1883841780135,-331.08655460390986,-0.6717740747203834
8.540000000000001,1.1544539225486694e-11,5.798538783275054e-11,0.0,-2.006320008667282,1.0,-0.0002928370247095777,-0.0002928370247095777,-1.2033447024137292,0.23239066389667679,-0.029045961482947642,-366.77360364882406,697.1883841780135,-331.08655460390986,-0.6717740747203834
8.56,1.0900316819878954e-11,5.473502701662854e-11,0.0,-2.006320008667282,1.0,-0.0002928370247095777,-0.0002928370247095777,-1.2033447024137292,0.23239066389667679,-0.029045961482947642,-366.77360364882406,697.1883841780135,-331.08655460390986,-0.6717740747203834
8.58,1.0291975800064737e-11,5.166658887845186e-11,0.0,-2.006320008667282,1.0,-0.0002928370247095777,-0.0002928370247095777,-1.2033447024137292,0.23239066389667679,-0.029045961482947642,-366.77360364882406,697.1883841780135,-331.08655460390986,-0.6717740747203834
8.6,9.71752182381588e-12,4.876990788890119e-11,0.0,-2.006320008667282,1.0,-0.0002928370247095777,-0.0002928370247095777,-1.2033447024137292,0.23239066389667679,-0.029045961482947642,-366.77360364882406,697.1883841780135,-331.08655460390986,-0.6717740747203834
8.620000000000001,9.175071144764867e-12,4.603538554029581e-11,0.0,-2.006320008667282,1.0,-0.0002928370247095777,-0.0002928370247095777,-1.2033447024137292,0.23239066389667679,-0.029045961482947642,-366.77360364882406,697.1883841780135,-331.08655460390986,-0.6717740747203834
8.64,8.662844494753455e-12,4.345395878019488e-11,0.0,-2.006320008667282,1.0,-0.0002928370247095777,-0.0002928370247095777,-1.2033447024137292,0.23239066389667679,-0.029045961482947642,-366.77360364882406,697.1883841780135,-331.08655460390986,-0.6717740747203834
8.66,8.179161303637958e-12,4.1017070198368056e-11,0.0,-2.006320008667282,1.0,-0.0002928370247095777,-0.0002928370247095777,-1.2033447024137292,0.23239066389667679,-0.029045961482947642,-366.77360364882406,697.1883841780135,-331.08655460390986,-0.6717740747203834
8.68,7.722434237995444e-12,3.8716639870462866e-11,0.0,-2.006320008667282,1.0,-0.0002928370247095777,-0.0002928370247095777,-1.2033447024137292,0.23239066389667679,-0.029045961482947642,-366.77360364882406,697.1883841780135,-331.08655460390986,-0.6717740747203834
8.700000000000001,7.291164041190222e-12,3.654503876606083e-11,0.0,-2.006320008667282,1.0,-0.0002928370247095777,-0.0002928370247095777,-1.2033447024137292,0.23239066389667679,-0.029045961482947642,-366.77360364882406,697.1883841780135,-331.08655460390986,-0.6717740747203834
8.72,6.883934658222655e-12,3.449506363471812e-11,0.0,-2.006320008667282,1.0,-0.0002928370247095777,-0.0002928370247095777,-1.2033447024137292,0.23239066389667679,-0.029045961482947642,-366.77360364882406,697.1883841780135,-331.08655460390986,-0.6717740747203834
8.74,6.499408629690057e-12,3.255991328771418e-11,0.0,-2.006320008667282,1.0,-0.0002928370247095777,-0.0002928370247095777,-1.2033447024137292,0.23239066389667679,-0.029045961482947642,-366.77360364882406,697.1883841780135,-331.08655460390986,-0.6717740747203834
8.76,6.1363227400501476e-12,3.073316619853589e-11,0.0,-2.006320008667282,1.0,-0.0002928370247095777,-0.0002928370247095777,-1.2033447024137292,0.23239066389667679,-0.029045961482947642,-366.77360364882406,697.1883841780135,-331.08655460390986,-0.6717740747203834
8.78,5.793483906188426e-12,2.900875934857669e-11,0.0,-2.006320008667282,1.0,-0.0002928370247095777,-0.0002928370247095777,-1.2033447024137292,0.23239066389667679,-0.029045961482947642,-366.77360364882406,697.1883841780135,-331.08655460390986,-0.6717740747203834
8.8,5.4697652930595776e-12,2.7380968249143534e-11,0.0,-2.006320008667282,1.0,-0.0002928370247095777,-0.0002928370247095777,-1.2033447024137292,0.23239066389667679,-0.029045961482947642,-366.77360364882406,697.1883841780135,-331.08655460390986,-0.6717740747203834
8.82,5.164102643898909e-12,2.58443880745479e-11,0.0,-2.006320008667282,1.0,-0.0002928370247095777,-0.0002928370247095777,-1.2033447024137292,0.23239066389667679,-0.029045961482947642,-366.77360364882406,697.1883841780135,-331.08655460390986,-0.6717740747203834
8.84,4.875490813185517e-12,2.439391584442695e-11,0.0,-2.006320008667282,1.0,-0.0002928370247095777,-0.0002928370247095777,-1.2033447024137292,0.23239066389667679,-0.029045961482947642,-366.77360364882406,697.1883841780135,-331.08655460390986,-0.6717740747203834
8.86,4.602980491188664e-12,2.3024733597372258e-11,0.0,-2.006320008667282,1.0,-0.0002928370247095777,-0.0002928370247095777,-1.2033447024137292,0.23239066389667679,-0.029045961482947642,-366.77360364882406,697.1883841780135,-331.08655460390986,-0.6717740747203834
8.88,4.345675109541081e-12,2.1732292500567308e-11,0.0,-2.006320008667282,1.0,-0.0002928370247095777,-0.0002928370247095777,-1.2033447024137292,0.23239066389667679,-0.029045961482947642,-366.77360364882406,697.1883841780135,-331.08655460390986,-0.6717740747203834
8.9,4.102727917863361e-12,2.0512297843652635e-11,0.0,-2.006320008667282,1.0,-0.0002928370247095777,-0.0002928370247095777,-1.2033447024137292,0.23239066389667679,-0.029045961482947642,-366.77360364882406,697.1883841780135,-331.08655460390986,-0.6717740747203834
8.92,3.873339222010968e-12,1.936069486755047e-11,0.0,-2.006320008667282,1.0,-0.0002928370247095777,-0.0002928370247095777,-1.2033447024137292,0.23239066389667679,-0.029045961482947642,-366.77360364882406,697.1883841780135,-331.08655460390986,-0.6717740747203834
8.94,3.656753775034192e-12,1.8273655382124232e-11,0.0,-2.006320008667282,1.0,-0.0002928370247095777,-0.0002928370247095777,-1.2033447024137292,0.23239066389667679,-0.029045961482947642,-366.77360364882406,697.1883841780135,-331.08655460390986,-0.6717740747203834
8.96,3.4522583124302417e-12,1.7247565128644384e-11,0.0,-2.006320008667282,1.0,-0.0002928370247095777,-0.0002928370247095777,-1.2033447024137292,0.23239066389667679,-0.029045961482947642,-366.77360364882406,697.1883841780135,-331.08655460390986,-0.6717740747203834
8.98,3.2591792237300655e-12,1.6279011845834038e-11,0.0,-2.006320008667282,1.0,-0.0002928370247095777,-0.0002928370247095777,-1.2033447024137292,0.23239066389667679,-0.029045961482947642,-366.77360364882406,697.1883841780135,-331.08655460390986,-0.6717740747203834
9.0,3.076880352899454e-12,1.536477400026813e-11,0.0,-2.006320008667282,1.0,-0.0002928370247095777,-0.0002928370247095777,-1.2033447024137292,0.23239066389667679,-0.029045961482947642,-366.77360364882406,697.1883841780135,-331.08655460390986,-0.6717740747203834
9.02,2.904760920448173e-12,1.4501810144411039e-11,0.0,-2.006320008667282,1.0,-0.0002928370247095777,-0.0002928370247095777,-1.2033447024137292,0.23239066389667679,-0.029045961482947642,-366.77360364882406,697.1883841780135,-331.08655460390986,-0.6717740747203834
9.040000000000001,2.7422535605310585e-12,1.368724886723287e-11,0.0,-2.006320008667282,1.0,-0.0002928370247095777,-0.0002928370247095777,-1.2033447024137292,0.23239066389667679,-0.029045961482947642,-366.77360364882406,697.1883841780135,-331.08655460390986,-0.6717740747203834
9.06,2.58882246669493e-12,1.2918379304597199e-11,0.0,-2.006320008667282,1.0,-0.0002928370247095777,-0.0002928370247095777,-1.2033447024137292,0.23239066389667679,-0.029045961482947642,-366.77360364882406,697.1883841780135,-331.08655460390986,-0.6717740747203834
9.08,2.44396164027393e-12,1.2192642178186046e-11,0.0,-2.006320008667282,1.0,-0.0002928370247095777,-0.0002928370247095777,-1.2033447024137292,0.23239066389667679,-0.029045961482947642,-366.77360364882406,697.1883841780135,-331.08655460390986,-0.6717740747203834
9.1,2.307193235766468e-12,1.1507621333736331e-11,0.0,-2.006320008667282,1.0,-0.0002928370247095777,-0.0002928370247095777,-1.2033447024137292,0.23239066389667679,-0.029045961482947642,-366.77360364882406,697.1883841780135,-331.08655460390986,-0.6717740747203834
9.120000000000001,2.1780659978383585e-12,1.086103575069077e-11,0.0,-2.006320008667282,1.0,-0.0002928370247095777,-0.0002928370247095777,-1.2033447024137292,0.23239066389667679,-0.029045961482947642,-366.77360364882406,697.1883841780135,-331.08655460390986,-0.6717740747203834
9.14,2.0561537848919484e-12,1.0250731997141486e-11,0.0,-2.006320008667282,1.0,-0.0002928370247095777,-0.0002928370247095777,-1.2033447024137292,0.23239066389667679,-0.029045961482947642,-366.77360364882406,697.1883841780135,-331.08655460390986,-0.6717740747203834
9.16,1.941054174419323e-12,9.674677105207841e-12,0.0,-2.006320008667282,1.0,-0.0002928370247095777,-0.0002928370247095777,-1.2033447024137292,0.23239066389667679,-0.029045961482947642,-366.77360364882406,697.1883841780135,-331.08655460390986,-0.6717740747203834
9.18,1.8323871456214774e-12,9.130951843592157e-12,0.0,-2.006320008667282,1.0,-0.0002928370247095777,-0.0002928370247095777,-1.2033447024137292,0.23239066389667679,-0.029045961482947642,-366.77360364882406,697.1883841780135,-331.08655460390986,-0.6717740747203834
9.200000000000001,1.7297938350238038e-12,8.617744365107472e-12,0.0,-2.006320008667282,1.0,-0.0002928370247095777,-0.0002928370247095777,-1.2033447024137292,0.23239066389667679,-0.029045961482947642,-366.77360364882406,697.1883841780135,-331.08655460390986,-0.6717740747203834
9.22,1.632935361053782e-12,8.133344208386655e-12,0.0,-2.006320008667282,1.0,-0.0002928370247095777,-0.0002928370247095777,-1.2033447024137292,0.23239066389667679,-0.029045961482947642,-366.77360364882406,697.1883841780135,-331.08655460390986,-0.6717740747203834
9.24,1.5414917137688085e-12,7.676136633997465e-12,0.0,-2.006320008667282,1.0,-0.0002928370247095777,-0.0002928370247095777,-1.2033447024137292,0.23239066389667679,-0.029045961482947642,-366.77360364882406,697.1883841780135,-331.08655460390986,-0.6717740747203834
9.26,1.4551607061325333e-12,7.24459727644896e-12,0.0,-2.006320008667282,1.0,-0.0002928370247095777,-0.0002928370247095777,-1.2033447024137292,0.23239066389667679,-0.029045961482947642,-366.77360364882406,697.1883841780135,-331.08655460390986,-0.6717740747203834
9.28,1.3736569834363102e-12,6.837287094425611e-12,0.0,-2.006320008667282,1.0,-0.0002928370247095777,-0.0002928370247095777,-1.2033447024137292,0.23239066389667679,-0.029045961482947642,-366.77360364882406,697.1883841780135,-331.08655460390986,-0.6717740747203834
9.3,1.2967110876501921e-12,6.452847602684553e-12,0.0,-2.006320008667282,1.0,-0.0002928370247095777,-0.0002928370247095777,-1.2033447024137292,0.23239066389667679,-0.029045961482947642,-366.77360364882406,697.1883841780135,-331.08655460390986,-0.6717740747203834
9.32,1.2240685736652294e-12,6.089996369947456e-12,0.0,-2.006320008667282,1.0,-0.0002928370247095777,-0.0002928370247095777,-1.2033447024137292,0.23239066389667679,-0.029045961482947642,-366.77360364882406,697.1883841780135,-331.08655460390986,-0.6717740747203834
9.34,1.1554891745562724e-12,5.747522767928508e-12,0.0,-2.006320008667282,1.0,-0.0002928370247095777,-0.0002928370247095777,-1.2033447024137292,0.23239066389667679,-0.029045961482947642,-366.77360364882406,697.1883841780135,-331.08655460390986,-0.6717740747203834
9.36,1.090746013153098e-12,5.424283957589796e-12,0.0,-2.006320008667282,1.0,-0.0002928370247095777,-0.0002928370247095777,-1.2033447024137292,0.23239066389667679,-0.029045961482947642,-366.77360364882406,697.1883841780135,-331.08655460390986,-0.6717740747203834
9.38,1.029624857357084e-12,5.119201099343678e-12,0.0,-2.006320008667282,1.0,-0.0002928370247095777,-0.0002928370247095777,-1.2033447024137292,0.23239066389667679,-0.029045961482947642,-366.77360364882406,697.1883841780135,-331.08655460390986,-0.6717740747203834
9.4,9.719234167822721e-13,4.831255774775983e-12,0.0,-2.006320008667282,1.0,-0.0002928370247095777,-0.0002928370247095777,-1.2033447024137292,0.23239066389667679,-0.029045961482947642,-366.77360364882406,697.1883841780135,-331.08655460390986,-0.6717740747203834
9.42,9.174506784331359e-13,4.559486608062592e-12,0.0,-2.006320008667282,1.0,-0.0002928370247095777,-0.0002928370247095777,-1.2033447024137292,0.23239066389667679,-0.029045961482947642,-366.77360364882406,697.1883841780135,-331.08655460390986,-0.6717740747203834
9.44,8.66026279257872e-13,4.302986076013331e-12,0.0,-2.006320008667282,1.0,-0.0002928370247095777,-0.0002928370247095777,-1.2033447024137292,0.23239066389667679,-0.029045961482947642,-366.77360364882406,697.1883841780135,-331.08655460390986,-0.6717740747203834
9.46,8.174799135351679e-13,4.060897496179737e-12,0.0,-2.006320008667282,1.0,-0.0002928370247095777,-0.0002928370247095777,-1.2033447024137292,0.23239066389667679,-0.029045961482947642,-366.77360364882406,697.1883841780135,-331.08655460390986,-0.6717740747203834
9.48,7.716507731653149e-13,3.832412183140254e-12,0.0,-2.006320008667282,1.0,-0.0002928370247095777,-0.0002928370247095777,-1.2033447024137292,0.23239066389667679,-0.029045961482947642,-366.77360364882406,697.1883841780135,-331.08655460390986,-0.6717740747203834
9.5,7.283870190429723e-13,3.6167667635554892e-12,0.0,-2.006320008667282,1.0,-0.0002928370247095777,-0.0002928370247095777,-1.2033447024137292,0.23239066389667679,-0.029045961482947642,-366.77360364882406,697.1883841780135,-331.08655460390986,-0.6717740747203834
9.52,6.875452817897336e-13,3.4132406411894756e-12,0.0,-2.006320008667282,1.0,-0.0002928370247095777,-0.0002928370247095777,-1.2033447024137292,0.23239066389667679,-0.029045961482947642,-366.77360364882406,697.1883841780135,-331.08655460390986,-0.6717740747203834
9.540000000000001,6.489901902196414e-13,3.2211536034972747e-12,0.0,-2.006320008667282,1.0,-0.0002928370247095777,-0.0002928370247095777,-1.2033447024137292,0.23239066389667679,-0.029045961482947642,-366.77360364882406,697.1883841780135,-331.08655460390986,-0.6717740747203834
9.56,6.125939260008084e-13,3.039863561912599e-12,0.0,-2.006320008667282,1.0,-0.0002928370247095777,-0.0002928370247095777,-1.2033447024137292,0.23239066389667679,-0.029045961482947642,-366.77360364882406,697.1883841780135,-331.08655460390986,-0.6717740747203834
9.58,5.782358030611562e-13,2.8687644183541205e-12,0.0,-2.006320008667282,1.0,-0.0002928370247095777,-0.0002928370247095777,-1.2033447024137292,0.23239066389667679,-0.029045961482947642,-366.77360364882406,697.1883841780135,-331.08655460390986,-0.6717740747203834
9.6,5.458018703666719e-13,2.7072840509483053e-12,0.0,-2.006320008667282,1.0,-0.0002928370247095777,-0.0002928370247095777,-1.2033447024137292,0.23239066389667679,-0.029045961482947642,-366.77360364882406,697.1883841780135,-331.08655460390986,-0.6717740747203834
9.620000000000001,5.151845367763068e-13,2.5548824122877844e-12,0.0,-2.006320008667282,1.0,-0.0002928370247095777,-0.0002928370247095777,-1.2033447024137292,0.23239066389667679,-0.029045961482947642,-366.77360364882406,697.1883841780135,-331.08655460390986,-0.6717740747203834
9.64,4.862822167493863e-13,2.4110497339695053e-12,0.0,-2.006320008667282,1.0,-0.0002928370247095777,-0.0002928370247095777,-1.2033447024137292,0.23239066389667679,-0.029045961482947642,-366.77360364882406,697.1883841780135,-331.08655460390986,-0.6717740747203834
9.66,4.589989957490362e-13,2.2753048314627534e-12,0.0,-2.006320008667282,1.0,-0.0002928370247095777,-0.0002928370247095777,-1.2033447024137292,0.23239066389667679,-0.029045961482947642,-366.77360364882406,697.1883841780135,-331.08655460390986,-0.6717740747203834
9.68,4.332443142491981e-13,2.147193503739298e-12,0.0,-2.006320008667282,1.0,-0.0002928370247095777,-0.0002928370247095777,-1.2033447024137292,0.23239066389667679,-0.029045961482947642,-366.77360364882406,697.1883841780135,-331.08655460390986,-0.6717740747203834
9.700000000000001,4.0893266931315963e-13,2.0262870223508484e-12,0.0,-2.006320008667282,1.0,-0.0002928370247095777,-0.0002928370247095777,-1.2033447024137292,0.23239066389667679,-0.029045961482947642,-366.77360364882406,697.1883841780135,-331.08655460390986,-0.6717740747203834
9.72,3.8598333276870375e-13,1.9121807049812478e-12,0.0,-2.006320008667282,1.0,-0.0002928370247095777,-0.0002928370247095777,-1.2033447024137292,0.23239066389667679,-0.029045961482947642,-366.77360364882406,697.1883841780135,-331.08655460390986,-0.6717740747203834
9.74,3.643200850588765e-13,1.8044925687408854e-12,0.0,-2.006320008667282,1.0,-0.0002928370247095777,-0.0002928370247095777,-1.2033447024137292,0.23239066389667679,-0.029045961482947642,-366.77360364882406,697.1883841780135,-331.08655460390986,-0.6717740747203834
9.76,3.438709638984342e-13,1.7028620587762765e-12,0.0,-2.006320008667282,1.0,-0.0002928370247095777,-0.0002928370247095777,-1.2033447024137292,0.23239066389667679,-0.029045961482947642,-366.77360364882406,697.1883841780135,-331.08655460390986,-0.6717740747203834
9.78,3.2456802691411853e-13,1.6069488479699967e-12,0.0,-2.006320008667282,1.0,-0.0002928370247095777,-0.0002928370247095777,-1.2033447024137292,0.23239066389667679,-0.029045961482947642,-366.77360364882406,697.1883841780135,-331.08655460390986,-0.6717740747203834
9.8,3.0634712749245897e-13,1.5164317037716409e-12,0.0,-2.006320008667282,1.0,-0.0002928370247095777,-0.0002928370247095777,-1.2033447024137292,0.23239066389667679,-0.029045961482947642,-366.77360364882406,697.1883841780135,-331.08655460390986,-0.6717740747203834
9.82,2.8914770310179085e-13,1.4310074184133814e-12,0.0,-2.006320008667282,1.0,-0.0002928370247095777,-0.0002928370247095777,-1.2033447024137292,0.23239066389667679,-0.029045961482947642,-366.77360364882406,697.1883841780135,-331.08655460390986,-0.6717740747203834
9.84,2.7291257539576626e-13,1.3503897989602426e-12,0.0,-2.006320008667282,1.0,-0.0002928370247095777,-0.0002928370247095777,-1.2033447024137292,0.23239066389667679,-0.029045961482947642,-366.77360364882406,697.1883841780135,-331.08655460390986,-0.6717740747203834
9.86,2.575877614440645e-13,1.2743087138702547e-12,0.0,-2.006320008667282,1.0,-0.0002928370247095777,-0.0002928370247095777,-1.2033447024137292,0.23239066389667679,-0.029045961482947642,-366.77360364882406,697.1883841780135,-331.08655460390986,-0.6717740747203834
9.88,2.4312229547220674e-13,1.2025091928933566e-12,0.0,-2.006320008667282,1.0,-0.0002928370247095777,-0.0002928370247095777,-1.2033447024137292,0.23239066389667679,-0.029045961482947642,-366.77360364882406,697.1883841780135,-331.08655460390986,-0.6717740747203834
9.9,2.294680605266714e-13,1.1347505773395046e-12,0.0,-2.006320008667282,1.0,-0.0002928370247095777,-0.0002928370247095777,-1.2033447024137292,0.23239066389667679,-0.029045961482947642,-366.77360364882406,697.1883841780135,-331.08655460390986,-0.6717740747203834
9.92,2.165796295138277e-13,1.0708057178923875e-12,0.0,-2.006320008667282,1.0,-0.0002928370247095777,-0.0002928370247095777,-1.2033447024137292,0.23239066389667679,-0.029045961482947642,-366.77360364882406,697.1883841780135,-331.08655460390986,-0.6717740747203834
9.94,2.0441411509182034e-13,1.0104602173259258e-12,0.0,-2.006320008667282,1.0,-0.0002928370247095777,-0.0002928370247095777,-1.2033447024137292,0.23239066389667679,-0.029045961482947642,-366.77360364882406,697.1883841780135,-331.08655460390986,-0.6717740747203834
9.96,1.9293102792337107e-13,9.535117156022345e-13,0.0,-2.006320008667282,1.0,-0.0002928370247095777,-0.0002928370247095777,-1.2033447024137292,0.23239066389667679,-0.029045961482947642,-366.77360364882406,697.1883841780135,-331.08655460390986,-0.6717740747203834
9.98,1.8209214282477762e-13,8.997692149910902e-13,0.0,-2.006320008667282,1.0,-0.0002928370247095777,-0.0002928370247095777,-1.2033447024137292,0.23239066389667679,-0.029045961482947642,-366.77360364882406,697.1883841780135,-331.08655460390986,-0.6717740747203834
10.0,1.7186137237213405e-13,8.490524429658955e-13,0.0,-2.006320008667282,1.0,-0.0002928370247095777,-0.0002928370247095777,-1.2033447024137292,0.23239066389667679,-0.029045961482947642,-366.77360364882406,697.1883841780135,-331.08655460390986,-0.6717740747203834
10.02,1.622046475501806e-13,8.011912507756015e-13,0.0,-2.006320008667282,1.0,-0.0002928370247095777,-0.0002928370247095777,-1.2033447024137292,0.23239066389667679,-0.029045961482947642,-366.77360364882406,697.1883841780135,-331.08655460390986,-0.6717740747203834
10.040000000000001,1.5308980505215477e-13,7.560250456888964e-13,0.0,-2.006320008667282,1.0,-0.0002928370247095777,-0.0002928370247095777,-1.2033447024137292,0.23239066389667679,-0.029045961482947642,-366.77360364882406,697.1883841780135,-331.08655460390986,-0.6717740747203834
10.06,1.4448648086076875e-13,7.134022550342241e-13,0.0,-2.006320008667282,1.0,-0.0002928370247095777,-0.0002928370247095777,-1.2033447024137292,0.23239066389667679,-0.029045961482947642,-366.77360364882406,697.1883841780135,-331.08655460390986,-0.6717740747203834
10.08,1.3636600976094026e-13,6.731798202518894e-13,0.0,-2.006320008667282,1.0,-0.0002928370247095777,-0.0002928370247095777,-1.2033447024137292,0.23239066389667679,-0.029045961482947642,-366.77360364882406,697.1883841780135,-331.08655460390986,-0.6717740747203834
10.1,1.2870133045432135e-13,6.352227192884807e-13,0.0,-2.006320008667282,1.0,-0.0002928370247095777,-0.0002928370247095777,-1.2033447024137292,0.23239066389667679,-0.029045961482947642,-366.77360364882406,697.1883841780135,-331.08655460390986,-0.6717740747203834
10.120000000000001,1.214668959639564e-13,5.994035157411078e-13,0.0,-2.006320008667282,1.0,-0.0002928370247095777,-0.0002928370247095777,-1.2033447024137292,0.23239066389667679,-0.029045961482947642,-366.77360364882406,697.1883841780135,-331.08655460390986,-0.6717740747203834
10.14,1.146385890347225e-13,5.656019332602801e-13,0.0,-2.006320008667282,1.0,-0.0002928370247095777,-0.0002928370247095777,-1.2033447024137292,0.23239066389667679,-0.029045961482947642,-366.77360364882406,697.1883841780135,-331.08655460390986,-0.6717740747203834
10.16,1.0819364225152979e-13,5.337044537938035e-13,0.0,-2.006320008667282,1.0,-0.0002928370247095777,-0.0002928370247095777,-1.2033447024137292,0.23239066389667679,-0.029045961482947642,-366.77360364882406,697.1883841780135,-331.08655460390986,-0.6717740747203834
10.18,1.0211056261272044e-13,5.03603938344831e-13,0.0,-2.006320008667282,1.0,-0.0002928370247095777,-0.0002928370247095777,-1.2033447024137292,0.23239066389667679,-0.029045961482947642,-366.77360364882406,697.1883841780135,-331.08655460390986,-0.6717740747203834
10.200000000000001,9.636906031066466e-14,4.751992689782514e-13,0.0,-2.006320008667282,1.0,-0.0002928370247095777,-0.0002928370247095777,-1.2033447024137292,0.23239066389667679,-0.029045961482947642,-366.77360364882406,697.1883841780135,-331.08655460390986,-0.6717740747203834
10.22,9.094998148534308e-14,4.483950108907984e-13,0.0,-2.006320008667282,1.0,-0.0002928370247095777,-0.0002928370247095777,-1.2033447024137292,0.23239066389667679,-0.029045961482947642,-366.77360364882406,697.1883841780135,-331.08655460390986,-0.6717740747203834
10.24,8.583524472970156e-14,4.231010934180833e-13,0.0,-2.006320008667282,1.0,-0.0002928370247095777,-0.0002928370247095777,-1.2033447024137292,0.23239066389667679,-0.029045961482947642,-366.77360364882406,697.1883841780135,-331.08655460390986,-0.6717740747203834
10.26,8.100778113787339e-14,3.9923250892442536e-13,0.0,-2.006320008667282,1.0,-0.0002928370247095777,-0.0002928370247095777,-1.2033447024137292,0.23239066389667679,-0.029045961482947642,-366.77360364882406,697.1883841780135,-331.08655460390986,-0.6717740747203834
10.28,7.645147769895426e-14,3.7670902856954997e-13,0.0,-2.006320008667282,1.0,-0.0002928370247095777,-0.0002928370247095777,-1.2033447024137292,0.23239066389667679,-0.029045961482947642,-366.77360364882406,697.1883841780135,-331.08655460390986,-0.6717740747203834
10.3,7.21511238499915e-14,3.554549340100606e-13,0.0,-2.006320008667282,1.0,-0.0002928370247095777,-0.0002928370247095777,-1.2033447024137292,0.23239066389667679,-0.029045961482947642,-366.77360364882406,697.1883841780135,-331.08655460390986,-0.6717740747203834
10.32,6.80923610122052e-14,3.353987641439406e-13,0.0,-2.006320008667282,1.0,-0.0002928370247095777,-0.0002928370247095777,-1.2033447024137292,0.23239066389667679,-0.029045961482947642,-366.77360364882406,697.1883841780135,-331.08655460390986,-0.6717740747203834
10.34,6.426163494423461e-14,3.1647307605338974e-13,0.0,-2.006320008667282,1.0,-0.0002928370247095777,-0.0002928370247095777,-1.2033447024137292,0.23239066389667679,-0.029045961482947642,-366.77360364882406,697.1883841780135,-331.08655460390986,-0.6717740747203834
10.36,6.064615075545682e-14,2.986142193551451e-13,0.0,-2.006320008667282,1.0,-0.0002928370247095777,-0.0002928370247095777,-1.2033447024137292,0.23239066389667679,-0.029045961482947642,-366.77360364882406,697.1883841780135,-331.08655460390986,-0.6717740747203834
10.38,5.723383043113873e-14,2.817621232038952e-13,0.0,-2.006320008667282,1.0,-0.0002928370247095777,-0.0002928370247095777,-1.2033447024137292,0.23239066389667679,-0.029045961482947642,-366.77360364882406,697.1883841780135,-331.08655460390986,-0.6717740747203834
10.4,5.401327272943698e-14,2.658600952425938e-13,0.0,-2.006320008667282,1.0,-0.0002928370247095777,-0.0002928370247095777,-1.2033447024137292,0.23239066389667679,-0.029045961482947642,-366.77360364882406,697.1883841780135,-331.08655460390986,-0.6717740747203834
10.42,5.097371531803778e-14,2.5085463182833045e-13,0.0,-2.006320008667282,1.0,-0.0002928370247095777,-0.0002928370247095777,-1.2033447024137292,0.23239066389667679,-0.029045961482947642,-366.77360364882406,697.1883841780135,-331.08655460390986,-0.6717740747203834
10.44,4.810499902559344e-14,2.366952389053161e-13,0.0,-2.006320008667282,1.0,-0.0002928370247095777,-0.0002928370247095777,-1.2033447024137292,0.23239066389667679,-0.029045961482947642,-366.77360364882406,697.1883841780135,-331.08655460390986,-0.6717740747203834
10.46,4.539753409004759e-14,2.2333426292575664e-13,0.0,-2.006320008667282,1.0,-0.0002928370247095777,-0.0002928370247095777,-1.2033447024137292,0.23239066389667679,-0.029045961482947642,-366.77360364882406,697.1883841780135,-331.08655460390986,-0.6717740747203834
10.48,4.2842268292509105e-14,2.1072673125762477e-13,0.0,-2.006320008667282,1.0,-0.0002928370247095777,-0.0002928370247095777,-1.2033447024137292,0.23239066389667679,-0.029045961482947642,-366.77360364882406,697.1883841780135,-331.08655460390986,-0.6717740747203834
10.5,4.043065687152377e-14,1.988302015459759e-13,0.0,-2.006320008667282,1.0,-0.0002928370247095777,-0.0002928370247095777,-1.2033447024137292,0.23239066389667679,-0.029045961482947642,-366.77360364882406,697.1883841780135,-331.08655460390986,-0.6717740747203834
10.52,3.8154634118453585e-14,1.8760461952864102e-13,0.0,-2.006320008667282,1.0,-0.0002928370247095777,-0.0002928370247095777,-1.2033447024137292,0.23239066389667679,-0.029045961482947642,-366.77360364882406,697.1883841780135,-331.08655460390986,-0.6717740747203834
10.540000000000001,3.6006586560191774e-14,1.7701218483028093e-13,0.0,-2.006320008667282,1.0,-0.0002928370247095777,-0.0002928370247095777,-1.2033447024137292,0.23239066389667679,-0.029045961482947642,-366.77360364882406,697.1883841780135,-331.08655460390986,-0.6717740747203834
10.56,3.397932764066799e-14,1.670172242892036e-13,0.0,-2.006320008667282,1.0,-0.0002928370247095777,-0.0002928370247095777,-1.2033447024137292,0.23239066389667679,-0.029045961482947642,-366.77360364882406,697.1883841780135,-331.08655460390986,-0.6717740747203834
10.58,3.2066073817522534e-14,1.575860723932601e-13,0.0,-2.006320008667282,1.0,-0.0002928370247095777,-0.0002928370247095777,-1.2033447024137292,0.23239066389667679,-0.029045961482947642,-366.77360364882406,697.1883841780135,-331.08655460390986,-0.6717740747203834
10.6,3.0260421994991644e-14,1.4868695842840554e-13,0.0,-2.006320008667282,1.0,-0.0002928370247095777,-0.0002928370247095777,-1.2033447024137292,0.23239066389667679,-0.029045961482947642,-366.77360364882406,697.1883841780135,-331.08655460390986,-0.6717740747203834
10.620000000000001,2.8556328218436214e-14,1.4028989996177651e-13,0.0,-2.006320008667282,1.0,-0.0002928370247095777,-0.0002928370247095777,-1.2033447024137292,0.23239066389667679,-0.029045961482947642,-366.77360364882406,697.1883841780135,-331.08655460390986,-0.6717740747203834
10.64,2.694808756010457e-14,1.3236660230538284e-13,0.0,-2.006320008667282,1.0,-0.0002928370247095777,-0.0002928370247095777,-1.2033447024137292,0.23239066389667679,-0.029045961482947642,-366.77360364882406,697.1883841780135,-331.08655460390986,-0.6717740747203834
10.66,2.5430315129637418e-14,1.2489036362395015e-13,0.0,-2.006320008667282,1.0,-0.0002928370247095777,-0.0002928370247095777,-1.2033447024137292,0.23239066389667679,-0.029045961482947642,-366.77360364882406,697.1883841780135,-331.08655460390986,-0.6717740747203834
10.68,2.399792814653303e-14,1.1783598537201579e-13,0.0,-2.006320008667282,1.0,-0.0002928370247095777,-0.0002928370247095777,-1.2033447024137292,0.23239066389667679,-0.029045961482947642,-366.77360364882406,697.1883841780135,-331.08655460390986,-0.6717740747203834
10.700000000000001,2.264612901528323e-14,1.1117968775996724e-13,0.0,-2.006320008667282,1.0,-0.0002928370247095777,-0.0002928370247095777,-1.2033447024137292,0.23239066389667679,-0.029045961482947642,-366.77360364882406,697.1883841780135,-331.08655460390986,-0.6717740747203834
10.72,2.137038934719863e-14,1.0489902996801329e-13,0.0,-2.006320008667282,1.0,-0.0002928370247095777,-0.0002928370247095777,-1.2033447024137292,0.23239066389667679,-0.029045961482947642,-366.77360364882406,697.1883841780135,-331.08655460390986,-0.6717740747203834
10.74,2.0166434876057925e-14,9.897283484080457e-14,0.0,-2.006320008667282,1.0,-0.0002928370247095777,-0.0002928370247095777,-1.2033447024137292,0.23239066389667679,-0.029045961482947642,-366.77360364882406,697.1883841780135,-331.08655460390986,-0.6717740747203834
10.76,1.90302312176669e-14,9.338111781269808e-14,0.0,-2.006320008667282,1.0,-0.0002928370247095777,-0.0002928370247095777,-1.2033447024137292,0.23239066389667679,-0.029045961482947642,-366.77360364882406,697.1883841780135,-331.08655460390986,-0.6717740747203834
10.78,1.7957970426191172e-14,8.810501982515378e-14,0.0,-2.006320008667282,1.0,-0.0002928370247095777,-0.0002928370247095777,-1.2033447024137292,0.23239066389667679,-0.029045961482947642,-366.77360364882406,697.1883841780135,-331.08655460390986,-0.6717740747203834
10.8,1.694605830275678e-14,8.312674401290012e-14,0.0,-2.006320008667282,1.0,-0.0002928370247095777,-0.0002928370247095777,-1.2033447024137292,0.23239066389667679,-0.029045961482947642,-366.77360364882406,697.1883841780135,-331.08655460390986,-0.6717740747203834
10.82,1.599110241429421e-14,7.842949594748091e-14,0.0,-2.006320008667282,1.0,-0.0002928370247095777,-0.0002928370247095777,-1.2033447024137292,0.23239066389667679,-0.029045961482947642,-366.77360364882406,697.1883841780135,-331.08655460390986,-0.6717740747203834
10.84,1.5089900782942995e-14,7.399742723797311e-14,0.0,-2.006320008667282,1.0,-0.0002928370247095777,-0.0002928370247095777,-1.2033447024137292,0.23239066389667679,-0.029045961482947642,-366.77360364882406,697.1883841780135,-331.08655460390986,-0.6717740747203834
10.86,1.4239431208550387e-14,6.981558230146755e-14,0.0,-2.006320008667282,1.0,-0.0002928370247095777,-0.0002928370247095777,-1.2033447024137292,0.23239066389667679,-0.029045961482947642,-366.77360364882406,697.1883841780135,-331.08655460390986,-0.6717740747203834
10.88,1.3436841188884109e-14,6.586984812452932e-14,0.0,-2.006320008667282,1.0,-0.0002928370247095777,-0.0002928370247095777,-1.2033447024137292,0.23239066389667679,-0.029045961482947642,-366.77360364882406,697.1883841780135,-331.08655460390986,-0.6717740747203834
10.9,1.2679438404155075e-14,6.214690684836786e-14,0.0,-2.006320008667282,1.0,-0.0002928370247095777,-0.0002928370247095777,-1.2033447024137292,0.23239066389667679,-0.029045961482947642,-366.77360364882406,697.1883841780135,-331.08655460390986,-0.6717740747203834
10.92,1.19646817343076e-14,5.863419101866696e-14,0.0,-2.006320008667282,1.0,-0.0002928370247095777,-0.0002928370247095777,-1.2033447024137292,0.23239066389667679,-0.029045961482947642,-366.77360364882406,697.1883841780135,-331.08655460390986,-0.6717740747203834
10.94,1.1290172779296996e-14,5.531984135123485e-14,0.0,-2.006320008667282,1.0,-0.0002928370247095777,-0.0002928370247095777,-1.2033447024137292,0.23239066389667679,-0.029045961482947642,-366.77360364882406,697.1883841780135,-331.08655460390986,-0.6717740747203834
10.96,1.0653647854233825e-14,5.2192666871578754e-14,0.0,-2.006320008667282,1.0,-0.0002928370247095777,-0.0002928370247095777,-1.2033447024137292,0.23239066389667679,-0.029045961482947642,-366.77360364882406,697.1883841780135,-331.08655460390986,-0.6717740747203834
10.98,1.0052970432845184e-14,4.924210729555633e-14,0.0,-2.006320008667282,1.0,-0.0002928370247095777,-0.0002928370247095777,-1.2033447024137292,0.23239066389667679,-0.029045961482947642,-366.77360364882406,697.1883841780135,-331.08655460390986,-0.6717740747203834
11.0,9.486124014183682e-15,4.645819752483589e-14,0.0,-2.006320008667282,1.0,-0.0002928370247095777,-0.0002928370247095777,-1.2033447024137292,0.23239066389667679,-0.029045961482947642,-366.77360364882406,697.1883841780135,-331.08655460390986,-0.6717740747203834
11.02,8.951205388916157e-15,4.3831534139028375e-14,0.0,-2.006320008667282,1.0,-0.0002928370247095777,-0.0002928370247095777,-1.2033447024137292,0.23239066389667679,-0.029045961482947642,-366.77360364882406,697.1883841780135,-331.08655460390986,-0.6717740747203834
11.040000000000001,8.446418282843493e-15,4.1353243771796643e-14,0.0,-2.006320008667282,1.0,-0.0002928370247095777,-0.0002928370247095777,-1.2033447024137292,0.23239066389667679,-0.029045961482947642,-366.77360364882406,697.1883841780135,-331.08655460390986,-0.6717740747203834
11.06,7.970067356552157e-15,3.9014953265517e-14,0.0,-2.006320008667282,1.0,-0.0002928370247095777,-0.0002928370247095777,-1.2033447024137292,0.23239066389667679,-0.029045961482947642,-366.77360364882406,697.1883841780135,-331.08655460390986,-0.6717740747203834
11.08,7.520552541274915e-15,3.6808761504227205e-14,0.0,-2.006320008667282,1.0,-0.0002928370247095777,-0.0002928370247095777,-1.2033447024137292,0.23239066389667679,-0.029045961482947642,-366.77360364882406,697.1883841780135,-331.08655460390986,-0.6717740747203834
11.1,7.096363692152399e-15,3.47272128310849e-14,0.0,-2.006320008667282,1.0,-0.0002928370247095777,-0.0002928370247095777,-1.2033447024137292,0.23239066389667679,-0.029045961482947642,-366.77360364882406,697.1883841780135,-331.08655460390986,-0.6717740747203834
11.120000000000001,6.696075541136104e-15,3.2763271960883166e-14,0.0,-2.006320008667282,1.0,-0.0002928370247095777,-0.0002928370247095777,-1.2033447024137292,0.23239066389667679,-0.029045961482947642,-366.77360364882406,697.1883841780135,-331.08655460390986,-0.6717740747203834
11.14,6.318342932766463e-15,3.0910300303914836e-14,0.0,-2.006320008667282,1.0,-0.0002928370247095777,-0.0002928370247095777,-1.2033447024137292,0.23239066389667679,-0.029045961482947642,-366.77360364882406,697.1883841780135,-331.08655460390986,-0.6717740747203834
11.16,5.961896326995333e-15,2.91620336216272e-14,0.0,-2.006320008667282,1.0,-0.0002928370247095777,-0.0002928370247095777,-1.2033447024137292,0.23239066389667679,-0.029045961482947642,-366.77360364882406,697.1883841780135,-331.08655460390986,-0.6717740747203834
11.18,5.625537554107877e-15,2.7512560939594245e-14,0.0,-2.006320008667282,1.0,-0.0002928370247095777,-0.0002928370247095777,-1.2033447024137292,0.23239066389667679,-0.029045961482947642,-366.77360364882406,697.1883841780135,-331.08655460390986,-0.6717740747203834
11.200000000000001,5.308135807632668e-15,2.5956304646821164e-14,0.0,-2.006320008667282,1.0,-0.0002928370247095777,-0.0002928370247095777,-1.2033447024137292,0.23239066389667679,-0.029045961482947642,-366.77360364882406,697.1883841780135,-331.08655460390986,-0.6717740747203834
11.22,5.0086238619182816e-15,2.4488001714944082e-14,0.0,-2.006320008667282,1.0,-0.0002928370247095777,-0.0002928370247095777,-1.2033447024137292,0.23239066389667679,-0.029045961482947642,-366.77360364882406,697.1883841780135,-331.08655460390986,-0.6717740747203834
11.24,4.7259945017983434e-15,2.3102685974147403e-14,0.0,-2.006320008667282,1.0,-0.0002928370247095777,-0.0002928370247095777,-1.2033447024137292,0.23239066389667679,-0.029045961482947642,-366.77360364882406,697.1883841780135,-331.08655460390986,-0.6717740747203834
11.26,4.459297152471029e-15,2.179567138671925e-14,0.0,-2.006320008667282,1.0,-0.0002928370247095777,-0.0002928370247095777,-1.2033447024137292,0.23239066389667679,-0.029045961482947642,-366.77360364882406,697.1883841780135,-331.08655460390986,-0.6717740747203834
11.28,4.207634698381788e-15,2.0562536261900483e-14,0.0,-2.006320008667282,1.0,-0.0002928370247095777,-0.0002928370247095777,-1.2033447024137292,0.23239066389667679,-0.029045961482947642,-366.77360364882406,697.1883841780135,-331.08655460390986,-0.6717740747203834
11.3,3.9701604805253606e-15,1.9399108359222358e-14,0.0,-2.006320008667282,1.0,-0.0002928370247095777,-0.0002928370247095777,-1.2033447024137292,0.23239066389667679,-0.029045961482947642,-366.77360364882406,697.1883841780135,-331.08655460390986,-0.6717740747203834
11.32,3.746075462174861e-15,1.8301450830424998e-14,0.0,-2.006320008667282,1.0,-0.0002928370247095777,-0.0002928370247095777,-1.2033447024137292,0.23239066389667679,-0.029045961482947642,-366.77360364882406,697.1883841780135,-331.08655460390986,-0.6717740747203834
11.34,3.5346255536040393e-15,1.726584895265061e-14,0.0,-2.006320008667282,1.0,-0.0002928370247095777,-0.0002928370247095777,-1.2033447024137292,0.23239066389667679,-0.029045961482947642,-366.77360364882406,697.1883841780135,-331.08655460390986,-0.6717740747203834
11.36,3.3350990868970837e-15,1.6288797608651445e-14,0.0,-2.006320008667282,1.0,-0.0002928370247095777,-0.0002928370247095777,-1.2033447024137292,0.23239066389667679,-0.029045961482947642,-366.77360364882406,697.1883841780135,-331.08655460390986,-0.6717740747203834
11.38,3.1468244324376864e-15,1.5366989471804856e-14,0.0,-2.006320008667282,1.0,-0.0002928370247095777,-0.0002928370247095777,-1.2033447024137292,0.23239066389667679,-0.029045961482947642,-366.77360364882406,697.1883841780135,-331.08655460390986,-0.6717740747203834
11.4,2.969167749139914e-15,1.4497303856430036e-14,0.0,-2.006320008667282,1.0,-0.0002928370247095777,-0.0002928370247095777,-1.2033447024137292,0.23239066389667679,-0.029045961482947642,-366.77360364882406,697.1883841780135,-331.08655460390986,-0.6717740747203834
11.42,2.801530860926952e-15,1.3676796195858109e-14,0.0,-2.006320008667282,1.0,-0.0002928370247095777,-0.0002928370247095777,-1.2033447024137292,0.23239066389667679,-0.029045961482947642,-366.77360364882406,697.1883841780135,-331.08655460390986,-0.6717740747203834
11.44,2.6433492523836383e-15,1.2902688113128759e-14,0.0,-2.006320008667282,1.0,-0.0002928370247095777,-0.0002928370247095777,-1.2033447024137292,0.23239066389667679,-0.029045961482947642,-366.77360364882406,697.1883841780135,-331.08655460390986,-0.6717740747203834
11.46,2.4940901769039054e-15,1.2172358050815138e-14,0.0,-2.006320008667282,1.0,-0.0002928370247095777,-0.0002928370247095777,-1.2033447024137292,0.23239066389667679,-0.029045961482947642,-366.77360364882406,697.1883841780135,-331.08655460390986,-0.6717740747203834
11.48,2.35325087102839e-15,1.1483332428631489e-14,0.0,-2.006320008667282,1.0,-0.0002928370247095777,-0.0002928370247095777,-1.2033447024137292,0.23239066389667679,-0.029045961482947642,-366.77360364882406,697.1883841780135,-331.08655460390986,-0.6717740747203834
11.5,2.220356869019901e-15,1.0833277299026211e-14,0.0,-2.006320008667282,1.0,-0.0002928370247095777,-0.0002928370247095777,-1.2033447024137292,0.23239066389667679,-0.029045961482947642,-366.77360364882406,697.1883841780135,-331.08655460390986,-0.6717740747203834
11.52,2.0949604120580568e-15,1.0219990472886985e-14,0.0,-2.006320008667282,1.0,-0.0002928370247095777,-0.0002928370247095777,-1.2033447024137292,0.23239066389667679,-0.029045961482947642,-366.77360364882406,697.1883841780135,-331.08655460390986,-0.6717740747203834
11.540000000000001,1.9766389467484024e-15,9.641394088776867e-15,0.0,-2.006320008667282,1.0,-0.0002928370247095777,-0.0002928370247095777,-1.2033447024137292,0.23239066389667679,-0.029045961482947642,-366.77360364882406,697.1883841780135,-331.08655460390986,-0.6717740747203834
11.56,1.8649937079386056e-15,9.095527600827395e-15,0.0,-2.006320008667282,1.0,-0.0002928370247095777,-0.0002928370247095777,-1.2033447024137292,0.23239066389667679,-0.029045961482947642,-366.77360364882406,697.1883841780135,-331.08655460390986,-0.6717740747203834
11.58,1.7596483811143583e-15,8.580541161648634e-15,0.0,-2.006320008667282,1.0,-0.0002928370247095777,-0.0002928370247095777,-1.2033447024137292,0.23239066389667679,-0.029045961482947642,-366.77360364882406,697.1883841780135,-331.08655460390986,-0.6717740747203834
11.6,1.6602478399126558e-15,8.094689378138014e-15,0.0,-2.006320008667282,1.0,-0.0002928370247095777,-0.0002928370247095777,-1.2033447024137292,0.23239066389667679,-0.029045961482947642,-366.77360364882406,697.1883841780135,-331.08655460390986,-0.6717740747203834
11.620000000000001,1.5664569545396158e-15,7.636325419095438e-15,0.0,-2.006320008667282,1.0,-0.0002928370247095777,-0.0002928370247095777,-1.2033447024137292,0.23239066389667679,-0.029045961482947642,-366.77360364882406,697.1883841780135,-331.08655460390986,-0.6717740747203834
11.64,1.4779594671161834e-15,7.2038954549135e-15,0.0,-2.006320008667282,1.0,-0.0002928370247095777,-0.0002928370247095777,-1.2033447024137292,0.23239066389667679,-0.029045961482947642,-366.77360364882406,697.1883841780135,-331.08655460390986,-0.6717740747203834
11.66,1.3944569301975354e-15,6.795933410583394e-15,0.0,-2.006320008667282,1.0,-0.0002928370247095777,-0.0002928370247095777,-1.2033447024137292,0.23239066389667679,-0.029045961482947642,-366.77360364882406,697.1883841780135,-331.08655460390986,-0.6717740747203834
11.68,1.315667704922561e-15,6.411056014467031e-15,0.0,-2.006320008667282,1.0,-0.0002928370247095777,-0.0002928370247095777,-1.2033447024137292,0.23239066389667679,-0.029045961482947642,-366.77360364882406,697.1883841780135,-331.08655460390986,-0.6717740747203834
11.700000000000001,1.241326015447999e-15,6.0479581261035195e-15,0.0,-2.006320008667282,1.0,-0.0002928370247095777,-0.0002928370247095777,-1.2033447024137292,0.23239066389667679,-0.029045961482947642,-366.77360364882406,697.1883841780135,-331.08655460390986,-0.6717740747203834
11.72,1.171181056509434e-15,5.705408327394643e-15,0.0,-2.006320008667282,1.0,-0.0002928370247095777,-0.0002928370247095777,-1.2033447024137292,0.23239066389667679,-0.029045961482947642,-366.77360364882406,697.1883841780135,-331.08655460390986,-0.6717740747203834
11.74,1.1049961511280746e-15,5.382244762285686e-15,0.0,-2.006320008667282,1.0,-0.0002928370247095777,-0.0002928370247095777,-1.2033447024137292,0.23239066389667679,-0.029045961482947642,-366.77360364882406,697.1883841780135,-331.08655460390986,-0.6717740747203834
11.76,1.042547955649507e-15,5.0773712110202335e-15,0.0,-2.006320008667282,1.0,-0.0002928370247095777,-0.0002928370247095777,-1.2033447024137292,0.23239066389667679,-0.029045961482947642,-366.77360364882406,697.1883841780135,-331.08655460390986,-0.6717740747203834
11.78,9.836257094580598e-16,4.78975338569742e-15,0.0,-2.006320008667282,1.0,-0.0002928370247095777,-0.0002928370247095777,-1.2033447024137292,0.23239066389667679,-0.029045961482947642,-366.77360364882406,697.1883841780135,-331.08655460390986,-0.6717740747203834
11.8,9.280305268594074e-16,4.518415434695428e-15,0.0,-2.006320008667282,1.0,-0.0002928370247095777,-0.0002928370247095777,-1.2033447024137292,0.23239066389667679,-0.029045961482947642,-366.77360364882406,697.1883841780135,-331.08655460390986,-0.6717740747203834
11.82,8.755747287645546e-16,4.2624366442036454e-15,0.0,-2.006320008667282,1.0,-0.0002928370247095777,-0.0002928370247095777,-1.2033447024137292,0.23239066389667679,-0.029045961482947642,-366.77360364882406,697.1883841780135,-331.08655460390986,-0.6717740747203834
11.84,8.260812119409189e-16,4.0209483257295105e-15,0.0,-2.006320008667282,1.0,-0.0002928370247095777,-0.0002928370247095777,-1.2033447024137292,0.23239066389667679,-0.029045961482947642,-366.77360364882406,697.1883841780135,-331.08655460390986,-0.6717740747203834
11.86,7.793828537216326e-16,3.793130879154381e-15,0.0,-2.006320008667282,1.0,-0.0002928370247095777,-0.0002928370247095777,-1.2033447024137292,0.23239066389667679,-0.029045961482947642,-366.77360364882406,697.1883841780135,-331.08655460390986,-0.6717740747203834
11.88,7.353219501822458e-16,3.5782110214032124e-15,0.0,-2.006320008667282,1.0,-0.0002928370247095777,-0.0002928370247095777,-1.2033447024137292,0.23239066389667679,-0.029045961482947642,-366.77360364882406,697.1883841780135,-331.08655460390986,-0.6717740747203834
11.9,6.93749685905749e-16,3.3754591714284196e-15,0.0,-2.006320008667282,1.0,-0.0002928370247095777,-0.0002928370247095777,-1.2033447024137292,0.23239066389667679,-0.029045961482947642,-366.77360364882406,697.1883841780135,-331.08655460390986,-0.6717740747203834
11.92,6.545256335620833e-16,3.1841869826707063e-15,0.0,-2.006320008667282,1.0,-0.0002928370247095777,-0.0002928370247095777,-1.2033447024137292,0.23239066389667679,-0.029045961482947642,-366.77360364882406,697.1883841780135,-331.08655460390986,-0.6717740747203834
11.94,6.17517281627916e-16,3.0037450147288946e-15,0.0,-2.006320008667282,1.0,-0.0002928370247095777,-0.0002928370247095777,-1.2033447024137292,0.23239066389667679,-0.029045961482947642,-366.77360364882406,697.1883841780135,-331.08655460390986,-0.6717740747203834
11.96,5.8259958866621145e-16,2.8335205363565294e-15,0.0,-2.006320008667282,1.0,-0.0002928370247095777,-0.0002928370247095777,-1.2033447024137292,0.23239066389667679,-0.029045961482947642,-366.77360364882406,697.1883841780135,-331.08655460390986,-0.6717740747203834
11.98,5.496545626738688e-16,2.6729354524101145e-15,0.0,-2.006320008667282,1.0,-0.0002928370247095777,-0.0002928370247095777,-1.2033447024137292,0.23239066389667679,-0.029045961482947642,-366.77360364882406,697.1883841780135,-331.08655460390986,-0.6717740747203834
12.0,5.185708640892784e-16,2.5214443477382196e-15,0.0,-2.006320008667282,1.0,-0.0002928370247095777,-0.0002928370247095777,-1.2033447024137292,0.23239066389667679,-0.029045961482947642,-366.77360364882406,697.1883841780135,-331.08655460390986,-0.6717740747203834
12.02,4.892434311307531e-16,2.3785326414547908e-15,0.0,-2.006320008667282,1.0,-0.0002928370247095777,-0.0002928370247095777,-1.2033447024137292,0.23239066389667679,-0.029045961482947642,-366.77360364882406,697.1883841780135,-331.08655460390986,-0.6717740747203834
12.040000000000001,4.615731262112383e-16,2.2437148453443708e-15,0.0,-2.006320008667282,1.0,-0.0002928370247095777,-0.0002928370247095777,-1.2033447024137292,0.23239066389667679,-0.029045961482947642,-366.77360364882406,697.1883841780135,-331.08655460390986,-0.6717740747203834
12.06,4.354664022451729e-16,2.1165329205495907e-15,0.0,-2.006320008667282,1.0,-0.0002928370247095777,-0.0002928370247095777,-1.2033447024137292,0.23239066389667679,-0.029045961482947642,-366.77360364882406,697.1883841780135,-331.08655460390986,-0.6717740747203834
12.08,4.1083498772974475e-16,1.9965547269812766e-15,0.0,-2.006320008667282,1.0,-0.0002928370247095777,-0.0002928370247095777,-1.2033447024137292,0.23239066389667679,-0.029045961482947642,-366.77360364882406,697.1883841780135,-331.08655460390986,-0.6717740747203834
12.1,3.8759558954559244e-16,1.8833725602501987e-15,0.0,-2.006320008667282,1.0,-0.0002928370247095777,-0.0002928370247095777,-1.2033447024137292,0.23239066389667679,-0.029045961482947642,-366.77360364882406,697.1883841780135,-331.08655460390986,-0.6717740747203834
12.120000000000001,3.656696124811234e-16,1.776601771162161e-15,0.0,-2.006320008667282,1.0,-0.0002928370247095777,-0.0002928370247095777,-1.2033447024137292,0.23239066389667679,-0.029045961482947642,-366.77360364882406,697.1883841780135,-331.08655460390986,-0.6717740747203834
12.14,3.4498289454056944e-16,1.675879463137519e-15,0.0,-2.006320008667282,1.0,-0.0002928370247095777,-0.0002928370247095777,-1.2033447024137292,0.23239066389667679,-0.029045961482947642,-366.77360364882406,697.1883841780135,-331.08655460390986,-0.6717740747203834
12.16,3.2546545714860006e-16,1.5808632631455127e-15,0.0,-2.006320008667282,1.0,-0.0002928370247095777,-0.0002928370247095777,-1.2033447024137292,0.23239066389667679,-0.029045961482947642,-366.77360364882406,697.1883841780135,-331.08655460390986,-0.6717740747203834
12.18,3.0705126941418237e-16,1.491230162028797e-15,0.0,-2.006320008667282,1.0,-0.0002928370247095777,-0.0002928370247095777,-1.2033447024137292,0.23239066389667679,-0.029045961482947642,-366.77360364882406,697.1883841780135,-331.08655460390986,-0.6717740747203834
12.200000000000001,2.8967802566331484e-16,1.4066754202862725e-15,0.0,-2.006320008667282,1.0,-0.0002928370247095777,-0.0002928370247095777,-1.2033447024137292,0.23239066389667679,-0.029045961482947642,-366.77360364882406,697.1883841780135,-331.08655460390986,-0.6717740747203834
12.22,2.732869354946833e-16,1.3269115356352305e-15,0.0,-2.006320008667282,1.0,-0.0002928370247095777,-0.0002928370247095777,-1.2033447024137292,0.23239066389667679,-0.029045961482947642,-366.77360364882406,697.1883841780135,-331.08655460390986,-0.6717740747203834
12.24,2.5782252565412835e-16,1.2516672688560422e-15,0.0,-2.006320008667282,1.0,-0.0002928370247095777,-0.0002928370247095777,-1.2033447024137292,0.23239066389667679,-0.029045961482947642,-366.77360364882406,697.1883841780135,-331.08655460390986,-0.6717740747203834
12.26,2.432324530634038e-16,1.1806867246483282e-15,0.0,-2.006320008667282,1.0,-0.0002928370247095777,-0.0002928370247095777,-1.2033447024137292,0.23239066389667679,-0.029045961482947642,-366.77360364882406,697.1883841780135,-331.08655460390986,-0.6717740747203834
12.280000000000001,2.2946732837597087e-16,1.113728484381327e-15,0.0,-2.006320008667282,1.0,-0.0002928370247095777,-0.0002928370247095777,-1.2033447024137292,0.23239066389667679,-0.029045961482947642,-366.77360364882406,697.1883841780135,-331.08655460390986,-0.6717740747203834
12.3,2.1648054946783677e-16,1.0505647878200123e-15,0.0,-2.006320008667282,1.0,-0.0002928370247095777,-0.0002928370247095777,-1.2033447024137292,0.23239066389667679,-0.029045961482947642,-366.77360364882406,697.1883841780135,-331.08655460390986,-0.6717740747203834
12.32,2.0422814430466344e-16,9.909807610551841e-16,0.0,-2.006320008667282,1.0,-0.0002928370247095777,-0.0002928370247095777,-1.2033447024137292,0.23239066389667679,-0.029045961482947642,-366.77360364882406,697.1883841780135,-331.08655460390986,-0.6717740747203834
12.34,1.9266862265780052e-16,9.347736880433476e-16,0.0,-2.006320008667282,1.0,-0.0002928370247095777,-0.0002928370247095777,-1.2033447024137292,0.23239066389667679,-0.029045961482947642,-366.77360364882406,697.1883841780135,-331.08655460390986,-0.6717740747203834
12.36,1.8176283617147893e-16,8.817523232845841e-16,0.0,-2.006320008667282,1.0,-0.0002928370247095777,-0.0002928370247095777,-1.2033447024137292,0.23239066389667679,-0.029045961482947642,-366.77360364882406,697.1883841780135,-331.08655460390986,-0.6717740747203834
12.38,1.714738463113888e-16,8.317362433221947e-16,0.0,-2.006320008667282,1.0,-0.0002928370247095777,-0.0002928370247095777,-1.2033447024137292,0.23239066389667679,-0.029045961482947642,-366.77360364882406,697.1883841780135,-331.08655460390986,-0.6717740747203834
12.4,1.617667997512577e-16,7.845552348750728e-16,0.0,-2.006320008667282,1.0,-0.0002928370247095777,-0.0002928370247095777,-1.2033447024137292,0.23239066389667679,-0.029045961482947642,-366.77360364882406,697.1883841780135,-331.08655460390986,-0.6717740747203834
12.42,1.5260881077894036e-16,7.400487175288401e-16,0.0,-2.006320008667282,1.0,-0.0002928370247095777,-0.0002928370247095777,-1.2033447024137292,0.23239066389667679,-0.029045961482947642,-366.77360364882406,697.1883841780135,-331.08655460390986,-0.6717740747203834
12.44,1.4396885032707838e-16,6.980651990452964e-16,0.0,-2.006320008667282,1.0,-0.0002928370247095777,-0.0002928370247095777,-1.2033447024137292,0.23239066389667679,-0.029045961482947642,-366.77360364882406,697.1883841780135,-331.08655460390986,-0.6717740747203834
12.46,1.3581764125555128e-16,6.584617614406355e-16,0.0,-2.006320008667282,1.0,-0.0002928370247095777,-0.0002928370247095777,-1.2033447024137292,0.23239066389667679,-0.029045961482947642,-366.77360364882406,697.1883841780135,-331.08655460390986,-0.6717740747203834
12.48,1.2812755953391368e-16,6.211035761013779e-16,0.0,-2.006320008667282,1.0,-0.0002928370247095777,-0.0002928370247095777,-1.2033447024137292,0.23239066389667679,-0.029045961482947642,-366.77360364882406,697.1883841780135,-331.08655460390986,-0.6717740747203834
12.5,1.208725409917665e-16,5.858634462933154e-16,0.0,-2.006320008667282,1.0,-0.0002928370247095777,-0.0002928370247095777,-1.2033447024137292,0.23239066389667679,-0.029045961482947642,-366.77360364882406,697.1883841780135,-331.08655460390986,-0.6717740747203834
12.52,1.1402799332370042e-16,5.526213755250026e-16,0.0,-2.006320008667282,1.0,-0.0002928370247095777,-0.0002928370247095777,-1.2033447024137292,0.23239066389667679,-0.029045961482947642,-366.77360364882406,697.1883841780135,-331.08655460390986,-0.6717740747203834
12.540000000000001,1.075707130530402e-16,5.212641602990373e-16,0.0,-2.006320008667282,1.0,-0.0002928370247095777,-0.0002928370247095777,-1.2033447024137292,0.23239066389667679,-0.029045961482947642,-366.77360364882406,697.1883841780135,-331.08655460390986,-0.6717740747203834
12.56,1.014788071752643e-16,4.916850058791395e-16,0.0,-2.006320008667282,1.0,-0.0002928370247095777,-0.0002928370247095777,-1.2033447024137292,0.23239066389667679,-0.029045961482947642,-366.77360364882406,697.1883841780135,-331.08655460390986,-0.6717740747203834
12.58,9.573161921765143e-17,4.63783163768872e-16,0.0,-2.006320008667282,1.0,-0.0002928370247095777,-0.0002928370247095777,-1.2033447024137292,0.23239066389667679,-0.029045961482947642,-366.77360364882406,697.1883841780135,-331.08655460390986,-0.6717740747203834
12.6,9.03096594665392e-17,4.3746358968237705e-16,0.0,-2.006320008667282,1.0,-0.0002928370247095777,-0.0002928370247095777,-1.2033447024137292,0.23239066389667679,-0.029045961482947642,-366.77360364882406,697.1883841780135,-331.08655460390986,-0.6717740747203834
12.620000000000001,8.519453912753973e-17,4.1263662084437926e-16,0.0,-2.006320008667282,1.0,-0.0002928370247095777,-0.0002928370247095777,-1.2033447024137292,0.23239066389667679,-0.029045961482947642,-366.77360364882406,697.1883841780135,-331.08655460390986,-0.6717740747203834
12.64,8.036890819726789e-17,3.8921767153168267e-16,0.0,-2.006320008667282,1.0,-0.0002928370247095777,-0.0002928370247095777,-1.2033447024137292,0.23239066389667679,-0.029045961482947642,-366.77360364882406,697.1883841780135,-331.08655460390986,-0.6717740747203834
12.66,7.581639683757885e-17,3.6712694582237923e-16,0.0,-2.006320008667282,1.0,-0.0002928370247095777,-0.0002928370247095777,-1.2033447024137292,0.23239066389667679,-0.029045961482947642,-366.77360364882406,697.1883841780135,-331.08655460390986,-0.6717740747203834
12.68,7.15215600550829e-17,3.462891665858682e-16,0.0,-2.006320008667282,1.0,-0.0002928370247095777,-0.0002928370247095777,-1.2033447024137292,0.23239066389667679,-0.029045961482947642,-366.77360364882406,697.1883841780135,-331.08655460390986,-0.6717740747203834
12.700000000000001,6.746982549978391e-17,3.2663331979195794e-16,0.0,-2.006320008667282,1.0,-0.0002928370247095777,-0.0002928370247095777,-1.2033447024137292,0.23239066389667679,-0.029045961482947642,-366.77360364882406,697.1883841780135,-331.08655460390986,-0.6717740747203834
12.72,6.364744420717094e-17,3.0809241327676254e-16,0.0,-2.006320008667282,1.0,-0.0002928370247095777,-0.0002928370247095777,-1.2033447024137292,0.23239066389667679,-0.029045961482947642,-366.77360364882406,697.1883841780135,-331.08655460390986,-0.6717740747203834
12.74,6.004144411796452e-17,2.9060324914588007e-16,0.0,-2.006320008667282,1.0,-0.0002928370247095777,-0.0002928370247095777,-1.2033447024137292,0.23239066389667679,-0.029045961482947642,-366.77360364882406,697.1883841780135,-331.08655460390986,-0.6717740747203834
12.76,5.663958621906044e-17,2.741062090484227e-16,0.0,-2.006320008667282,1.0,-0.0002928370247095777,-0.0002928370247095777,-1.2033447024137292,0.23239066389667679,-0.029045961482947642,-366.77360364882406,697.1883841780135,-331.08655460390986,-0.6717740747203834
12.780000000000001,5.343032315800416e-17,2.585450515912503e-16,0.0,-2.006320008667282,1.0,-0.0002928370247095777,-0.0002928370247095777,-1.2033447024137292,0.23239066389667679,-0.029045961482947642,-366.77360364882406,697.1883841780135,-331.08655460390986,-0.6717740747203834
12.8,5.040276019164714e-17,2.4386672120987114e-16,0.0,-2.006320008667282,1.0,-0.0002928370247095777,-0.0002928370247095777,-1.2033447024137292,0.23239066389667679,-0.029045961482947642,-366.77360364882406,697.1883841780135,-331.08655460390986,-0.6717740747203834
12.82,4.754661833746993e-17,2.3002116784650126e-16,0.0,-2.006320008667282,1.0,-0.0002928370247095777,-0.0002928370247095777,-1.2033447024137292,0.23239066389667679,-0.029045961482947642,-366.77360364882406,697.1883841780135,-331.08655460390986,-0.6717740747203834
12.84,4.485219960346852e-17,2.1696117682765855e-16,0.0,-2.006320008667282,1.0,-0.0002928370247095777,-0.0002928370247095777,-1.2033447024137292,0.23239066389667679,-0.029045961482947642,-366.77360364882406,697.1883841780135,-331.08655460390986,-0.6717740747203834
12.86,4.231035417947503e-17,2.046422083622978e-16,0.0,-2.006320008667282,1.0,-0.0002928370247095777,-0.0002928370247095777,-1.2033447024137292,0.23239066389667679,-0.029045961482947642,-366.77360364882406,697.1883841780135,-331.08655460390986,-0.6717740747203834
12.88,3.991244947938245e-17,1.9302224611808428e-16,0.0,-2.006320008667282,1.0,-0.0002928370247095777,-0.0002928370247095777,-1.2033447024137292,0.23239066389667679,-0.029045961482947642,-366.77360364882406,697.1883841780135,-331.08655460390986,-0.6717740747203834
12.9,3.7650340929964134e-17,1.8206165436307318e-16,0.0,-2.006320008667282,1.0,-0.0002928370247095777,-0.0002928370247095777,-1.2033447024137292,0.23239066389667679,-0.029045961482947642,-366.77360364882406,697.1883841780135,-331.08655460390986,-0.6717740747203834
12.92,3.551634440784679e-17,1.7172304318720792e-16,0.0,-2.006320008667282,1.0,-0.0002928370247095777,-0.0002928370247095777,-1.2033447024137292,0.23239066389667679,-0.029045961482947642,-366.77360364882406,697.1883841780135,-331.08655460390986,-0.6717740747203834
12.94,3.3503210231744873e-17,1.6197114134931053e-16,0.0,-2.006320008667282,1.0,-0.0002928370247095777,-0.0002928370247095777,-1.2033447024137292,0.23239066389667679,-0.029045961482947642,-366.77360364882406,697.1883841780135,-331.08655460390986,-0.6717740747203834
12.96,3.1604098622287074e-17,1.5277267631652018e-16,0.0,-2.006320008667282,1.0,-0.0002928370247095777,-0.0002928370247095777,-1.2033447024137292,0.23239066389667679,-0.029045961482947642,-366.77360364882406,697.1883841780135,-331.08655460390986,-0.6717740747203834
12.98,2.981255654670695e-17,1.4409626109094446e-16,0.0,-2.006320008667282,1.0,-0.0002928370247095777,-0.0002928370247095777,-1.2033447024137292,0.23239066389667679,-0.029045961482947642,-366.77360364882406,697.1883841780135,-331.08655460390986,-0.6717740747203834
13.0,2.8122495870323553e-17,1.35912287438596e-16,0.0,-2.006320008667282,1.0,-0.0002928370247095777,-0.0002928370247095777,-1.2033447024137292,0.23239066389667679,-0.029045961482947642,-366.77360364882406,697.1883841780135,-331.08655460390986,-0.6717740747203834
13.02,2.652817274114043e-17,1.2819282516043217e-16,0.0,-2.006320008667282,1.0,-0.0002928370247095777,-0.0002928370247095777,-1.2033447024137292,0.23239066389667679,-0.029045961482947642,-366.77360364882406,697.1883841780135,-331.08655460390986,-0.6717740747203834
13.040000000000001,2.5024168138034508e-17,1.209115270623592e-16,0.0,-2.006320008667282,1.0,-0.0002928370247095777,-0.0002928370247095777,-1.2033447024137292,0.23239066389667679,-0.029045961482947642,-366.77360364882406,697.1883841780135,-331.08655460390986,-0.6717740747203834
13.06,2.3605369516926494e-17,1.1404353930298926e-16,0.0,-2.006320008667282,1.0,-0.0002928370247095777,-0.0002928370247095777,-1.2033447024137292,0.23239066389667679,-0.029045961482947642,-366.77360364882406,697.1883841780135,-331.08655460390986,-0.6717740747203834
13.08,2.2266953493016113e-17,1.0756541681413808e-16,0.0,-2.006320008667282,1.0,-0.0002928370247095777,-0.0002928370247095777,-1.2033447024137292,0.23239066389667679,-0.029045961482947642,-366.77360364882406,697.1883841780135,-331.08655460390986,-0.6717740747203834
13.1,2.1004369500657917e-17,1.0145504350859675e-16,0.0,-2.006320008667282,1.0,-0.0002928370247095777,-0.0002928370247095777,-1.2033447024137292,0.23239066389667679,-0.029045961482947642,-366.77360364882406,697.1883841780135,-331.08655460390986,-0.6717740747203834
13.120000000000001,1.981332437573995e-17,9.569155700322417e-17,0.0,-2.006320008667282,1.0,-0.0002928370247095777,-0.0002928370247095777,-1.2033447024137292,0.23239066389667679,-0.029045961482947642,-366.77360364882406,697.1883841780135,-331.08655460390986,-0.6717740747203834
13.14,1.8689767808537173e-17,9.025527760286056e-17,0.0,-2.006320008667282,1.0,-0.0002928370247095777,-0.0002928370247095777,-1.2033447024137292,0.23239066389667679,-0.029045961482947642,-366.77360364882406,697.1883841780135,-331.08655460390986,-0.6717740747203834
13.16,1.7629878617939883e-17,8.512764130327982e-17,0.0,-2.006320008667282,1.0,-0.0002928370247095777,-0.0002928370247095777,-1.2033447024137292,0.23239066389667679,-0.029045961482947642,-366.77360364882406,697.1883841780135,-331.08655460390986,-0.6717740747203834
13.18,1.6630051800727576e-17,8.02911365870215e-17,0.0,-2.006320008667282,1.0,-0.0002928370247095777,-0.0002928370247095777,-1.2033447024137292,0.23239066389667679,-0.029045961482947642,-366.77360364882406,697.1883841780135,-331.08655460390986,-0.6717740747203834
13.200000000000001,1.568688631216562e-17,7.572924479655786e-17,0.0,-2.006320008667282,1.0,-0.0002928370247095777,-0.0002928370247095777,-1.2033447024137292,0.23239066389667679,-0.029045961482947642,-366.77360364882406,697.1883841780135,-331.08655460390986,-0.6717740747203834
13.22,1.47971735366686e-17,7.142638388313363e-17,0.0,-2.006320008667282,1.0,-0.0002928370247095777,-0.0002928370247095777,-1.2033447024137292,0.23239066389667679,-0.029045961482947642,-366.77360364882406,697.1883841780135,-331.08655460390986,-0.6717740747203834
13.24,1.3957886409596848e-17,6.736785533969083e-17,0.0,-2.006320008667282,1.0,-0.0002928370247095777,-0.0002928370247095777,-1.2033447024137292,0.23239066389667679,-0.029045961482947642,-366.77360364882406,697.1883841780135,-331.08655460390986,-0.6717740747203834
13.26,1.3166169153449921e-17,6.353979413863498e-17,0.0,-2.006320008667282,1.0,-0.0002928370247095777,-0.0002928370247095777,-1.2033447024137292,0.23239066389667679,-0.029045961482947642,-366.77360364882406,697.1883841780135,-331.08655460390986,-0.6717740747203834
13.280000000000001,1.2419327593788412e-17,5.992912150369426e-17,0.0,-2.006320008667282,1.0,-0.0002928370247095777,-0.0002928370247095777,-1.2033447024137292,0.23239066389667679,-0.029045961482947642,-366.77360364882406,697.1883841780135,-331.08655460390986,-0.6717740747203834
13.3,1.1714820022171788e-17,5.652350035602466e-17,0.0,-2.006320008667282,1.0,-0.0002928370247095777,-0.0002928370247095777,-1.2033447024137292,0.23239066389667679,-0.029045961482947642,-366.77360364882406,697.1883841780135,-331.08655460390986,-0.6717740747203834
13.32,1.1050248575242023e-17,5.331129328278388e-17,0.0,-2.006320008667282,1.0,-0.0002928370247095777,-0.0002928370247095777,-1.2033447024137292,0.23239066389667679,-0.029045961482947642,-366.77360364882406,697.1883841780135,-331.08655460390986,-0.6717740747203834
13.34,1.0423351100825496e-17,5.028152288614381e-17,0.0,-2.006320008667282,1.0,-0.0002928370247095777,-0.0002928370247095777,-1.2033447024137292,0.23239066389667679,-0.029045961482947642,-366.77360364882406,697.1883841780135,-331.08655460390986,-0.6717740747203834
13.36,9.831993483565464e-18,4.742383437744099e-17,0.0,-2.006320008667282,1.0,-0.0002928370247095777,-0.0002928370247095777,-1.2033447024137292,0.23239066389667679,-0.029045961482947642,-366.77360364882406,697.1883841780135,-331.08655460390986,-0.6717740747203834
13.38,9.274162404148505e-18,4.472846028970015e-17,0.0,-2.006320008667282,1.0,-0.0002928370247095777,-0.0002928370247095777,-1.2033447024137292,0.23239066389667679,-0.029045961482947642,-366.77360364882406,697.1883841780135,-331.08655460390986,-0.6717740747203834
13.4,8.747958507650679e-18,4.218618718872352e-17,0.0,-2.006320008667282,1.0,-0.0002928370247095777,-0.0002928370247095777,-1.2033447024137292,0.23239066389667679,-0.029045961482947642,-366.77360364882406,697.1883841780135,-331.08655460390986,-0.6717740747203834
13.42,8.251589957908299e-18,3.978832426931974e-17,0.0,-2.006320008667282,1.0,-0.0002928370247095777,-0.0002928370247095777,-1.2033447024137292,0.23239066389667679,-0.029045961482947642,-366.77360364882406,697.1883841780135,-331.08655460390986,-0.6717740747203834
13.44,7.783366356122248e-18,3.752667373050265e-17,0.0,-2.006320008667282,1.0,-0.0002928370247095777,-0.0002928370247095777,-1.2033447024137292,0.23239066389667679,-0.029045961482947642,-366.77360364882406,697.1883841780135,-331.08655460390986,-0.6717740747203834
13.46,7.341693003132023e-18,3.539350282850881e-17,0.0,-2.006320008667282,1.0,-0.0002928370247095777,-0.0002928370247095777,-1.2033447024137292,0.23239066389667679,-0.029045961482947642,-366.77360364882406,697.1883841780135,-331.08655460390986,-0.6717740747203834
13.48,6.925065485956715e-18,3.338151751298438e-17,0.0,-2.006320008667282,1.0,-0.0002928370247095777,-0.0002928370247095777,-1.2033447024137292,0.23239066389667679,-0.029045961482947642,-366.77360364882406,697.1883841780135,-331.08655460390986,-0.6717740747203834
13.5,6.5320645702933835e-18,3.148383755642734e-17,0.0,-2.006320008667282,1.0,-0.0002928370247095777,-0.0002928370247095777,-1.2033447024137292,0.23239066389667679,-0.029045961482947642,-366.77360364882406,697.1883841780135,-331.08655460390986,-0.6717740747203834
13.52,6.1613513816974844e-18,2.969397309277747e-17,0.0,-2.006320008667282,1.0,-0.0002928370247095777,-0.0002928370247095777,-1.2033447024137292,0.23239066389667679,-0.029045961482947642,-366.77360364882406,697.1883841780135,-331.08655460390986,-0.6717740747203834
13.540000000000001,5.811662859143138e-18,2.800580248500285e-17,0.0,-2.006320008667282,1.0,-0.0002928370247095777,-0.0002928370247095777,-1.2033447024137292,0.23239066389667679,-0.029045961482947642,-366.77360364882406,697.1883841780135,-331.08655460390986,-0.6717740747203834
13.56,5.4818074655816665e-18,2.6413551446708928e-17,0.0,-2.006320008667282,1.0,-0.0002928370247095777,-0.0002928370247095777,-1.2033447024137292,0.23239066389667679,-0.029045961482947642,-366.77360364882406,697.1883841780135,-331.08655460390986,-0.6717740747203834
13.58,5.17066114098377e-18,2.4911773346523484e-17,0.0,-2.006320008667282,1.0,-0.0002928370247095777,-0.0002928370247095777,-1.2033447024137292,0.23239066389667679,-0.029045961482947642,-366.77360364882406,697.1883841780135,-331.08655460390986,-0.6717740747203834
13.6,4.877163484170701e-18,2.3495330628627468e-17,0.0,-2.006320008667282,1.0,-0.0002928370247095777,-0.0002928370247095777,-1.2033447024137292,0.23239066389667679,-0.029045961482947642,-366.77360364882406,697.1883841780135,-331.08655460390986,-0.6717740747203834
13.620000000000001,4.600314150511464e-18,2.2159377285949262e-17,0.0,-2.006320008667282,1.0,-0.0002928370247095777,-0.0002928370247095777,-1.2033447024137292,0.23239066389667679,-0.029045961482947642,-366.77360364882406,697.1883841780135,-331.08655460390986,-0.6717740747203834
13.64,4.339169453293034e-18,2.0899342326593976e-17,0.0,-2.006320008667282,1.0,-0.0002928370247095777,-0.0002928370247095777,-1.2033447024137292,0.23239066389667679,-0.029045961482947642,-366.77360364882406,697.1883841780135,-331.08655460390986,-0.6717740747203834
13.66,4.0928391572579675e-18,1.9710914177097148e-17,0.0,-2.006320008667282,1.0,-0.0002928370247095777,-0.0002928370247095777,-1.2033447024137292,0.23239066389667679,-0.029045961482947642,-366.77360364882406,697.1883841780135,-331.08655460390986,-0.6717740747203834
13.68,3.860483453453982e-18,1.8590025969704943e-17,0.0,-2.006320008667282,1.0,-0.0002928370247095777,-0.0002928370247095777,-1.2033447024137292,0.23239066389667679,-0.029045961482947642,-366.77360364882406,697.1883841780135,-331.08655460390986,-0.6717740747203834
13.700000000000001,3.641310105151851e-18,1.7532841663383716e-17,0.0,-2.006320008667282,1.0,-0.0002928370247095777,-0.0002928370247095777,-1.2033447024137292,0.23239066389667679,-0.029045961482947642,-366.77360364882406,697.1883841780135,-331.08655460390986,-0.6717740747203834
13.72,3.434571755166797e-18,1.6535742951500588e-17,0.0,-2.006320008667282,1.0,-0.0002928370247095777,-0.0002928370247095777,-1.2033447024137292,0.23239066389667679,-0.029045961482947642,-366.77360364882406,697.1883841780135,-331.08655460390986,-0.6717740747203834
13.74,3.2395633854634765e-18,1.5595316911464943e-17,0.0,-2.006320008667282,1.0,-0.0002928370247095777,-0.0002928370247095777,-1.2033447024137292,0.23239066389667679,-0.029045961482947642,-366.77360364882406,697.1883841780135,-331.08655460390986,-0.6717740747203834
13.76,3.0556199204402223e-18,1.4708344354527308e-17,0.0,-2.006320008667282,1.0,-0.0002928370247095777,-0.0002928370247095777,-1.2033447024137292,0.23239066389667679,-0.029045961482947642,-366.77360364882406,697.1883841780135,-331.08655460390986,-0.6717740747203834
13.780000000000001,2.8821139657731965e-18,1.387178883587456e-17,0.0,-2.006320008667282,1.0,-0.0002928370247095777,-0.0002928370247095777,-1.2033447024137292,0.23239066389667679,-0.029045961482947642,-366.77360364882406,697.1883841780135,-331.08655460390986,-0.6717740747203834
13.8,2.7184536751600118e-18,1.308278628775933e-17,0.0,-2.006320008667282,1.0,-0.0002928370247095777,-0.0002928370247095777,-1.2033447024137292,0.23239066389667679,-0.029045961482947642,-366.77360364882406,697.1883841780135,-331.08655460390986,-0.6717740747203834
13.82,2.5640807377344242e-18,1.2338635240239986e-17,0.0,-2.006320008667282,1.0,-0.0002928370247095777,-0.0002928370247095777,-1.2033447024137292,0.23239066389667679,-0.029045961482947642,-366.77360364882406,697.1883841780135,-331.08655460390986,-0.6717740747203834
13.84,2.418468479332385e-18,1.1636787596416985e-17,0.0,-2.006320008667282,1.0,-0.0002928370247095777,-0.0002928370247095777,-1.2033447024137292,0.23239066389667679,-0.029045961482947642,-366.77360364882406,697.1883841780135,-331.08655460390986,-0.6717740747203834
13.86,2.281120071174281e-18,1.0974839930599926e-17,0.0,-2.006320008667282,1.0,-0.0002928370247095777,-0.0002928370247095777,-1.2033447024137292,0.23239066389667679,-0.029045961482947642,-366.77360364882406,697.1883841780135,-331.08655460390986,-0.6717740747203834
13.88,2.1515668398918767e-18,1.0350525279850686e-17,0.0,-2.006320008667282,1.0,-0.0002928370247095777,-0.0002928370247095777,-1.2033447024137292,0.23239066389667679,-0.029045961482947642,-366.77360364882406,697.1883841780135,-331.08655460390986,-0.6717740747203834
13.9,2.029366673171324e-18,9.761705400964697e-18,0.0,-2.006320008667282,1.0,-0.0002928370247095777,-0.0002928370247095777,-1.2033447024137292,0.23239066389667679,-0.029045961482947642,-366.77360364882406,697.1883841780135,-331.08655460390986,-0.6717740747203834
13.92,1.9141025156069e-18,9.206363466435833e-18,0.0,-2.006320008667282,1.0,-0.0002928370247095777,-0.0002928370247095777,-1.2033447024137292,0.23239066389667679,-0.029045961482947642,-366.77360364882406,697.1883841780135,-331.08655460390986,-0.6717740747203834
13.94,1.805380949665824e-18,8.682597174661092e-18,0.0,-2.006320008667282,1.0,-0.0002928370247095777,-0.0002928370247095777,-1.2033447024137292,0.23239066389667679,-0.029045961482947642,-366.77360364882406,697.1883841780135,-331.08655460390986,-0.6717740747203834
13.96,1.7028308569521288e-18,8.188612250795244e-18,0.0,-2.006320008667282,1.0,-0.0002928370247095777,-0.0002928370247095777,-1.2033447024137292,0.23239066389667679,-0.029045961482947642,-366.77360364882406,697.1883841780135,-331.08655460390986,-0.6717740747203834
13.98,1.6061021552296693e-18,7.722716316196409e-18,0.0,-2.006320008667282,1.0,-0.0002928370247095777,-0.0002928370247095777,-1.2033447024137292,0.23239066389667679,-0.029045961482947642,-366.77360364882406,697.1883841780135,-331.08655460390986,-0.6717740747203834
14.0,1.5148646069205372e-18,7.28331310550145e-18,0.0,-2.006320008667282,1.0,-0.0002928370247095777,-0.0002928370247095777,-1.2033447024137292,0.23239066389667679,-0.029045961482947642,-366.77360364882406,697.1883841780135,-331.08655460390986,-0.6717740747203834
14.02,1.4288066950374715e-18,6.868897011728459e-18,0.0,-2.006320008667282,1.0,-0.0002928370247095777,-0.0002928370247095777,-1.2033447024137292,0.23239066389667679,-0.029045961482947642,-366.77360364882406,697.1883841780135,-331.08655460390986,-0.6717740747203834
14.040000000000001,1.3476345627368534e-18,6.47804794072535e-18,0.0,-2.006320008667282,1.0,-0.0002928370247095777,-0.0002928370247095777,-1.2033447024137292,0.23239066389667679,-0.029045961482947642,-366.77360364882406,697.1883841780135,-331.08655460390986,-0.6717740747203834
14.06,1.2710710128945528e-18,6.109426457492571e-18,0.0,-2.006320008667282,1.0,-0.0002928370247095777,-0.0002928370247095777,-1.2033447024137292,0.23239066389667679,-0.029045961482947642,-366.77360364882406,697.1883841780135,-331.08655460390986,-0.6717740747203834
14.08,1.1988545643099672e-18,5.7617692077780424e-18,0.0,-2.006320008667282,1.0,-0.0002928370247095777,-0.0002928370247095777,-1.2033447024137292,0.23239066389667679,-0.029045961482947642,-366.77360364882406,697.1883841780135,-331.08655460390986,-0.6717740747203834
14.1,1.1307385613356585e-18,5.433884599419982e-18,0.0,-2.006320008667282,1.0,-0.0002928370247095777,-0.0002928370247095777,-1.2033447024137292,0.23239066389667679,-0.029045961482947642,-366.77360364882406,697.1883841780135,-331.08655460390986,-0.6717740747203834
14.120000000000001,1.0664903339107166e-18,5.124648728642231e-18,0.0,-2.006320008667282,1.0,-0.0002928370247095777,-0.0002928370247095777,-1.2033447024137292,0.23239066389667679,-0.029045961482947642,-366.77360364882406,697.1883841780135,-331.08655460390986,-0.6717740747203834
14.14,1.0058904051469224e-18,4.833001537463203e-18,0.0,-2.006320008667282,1.0,-0.0002928370247095777,-0.0002928370247095777,-1.2033447024137292,0.23239066389667679,-0.029045961482947642,-366.77360364882406,697.1883841780135,-331.08655460390986,-0.6717740747203834
14.16,9.487317437777424e-19,4.557943189072613e-18,0.0,-2.006320008667282,1.0,-0.0002928370247095777,-0.0002928370247095777,-1.2033447024137292,0.23239066389667679,-0.029045961482947642,-366.77360364882406,697.1883841780135,-331.08655460390986,-0.6717740747203834
14.18,8.948190589324175e-19,4.29853064887869e-18,0.0,-2.006320008667282,1.0,-0.0002928370247095777,-0.0002928370247095777,-1.2033447024137292,0.23239066389667679,-0.029045961482947642,-366.77360364882406,697.1883841780135,-331.08655460390986,-0.6717740747203834
14.200000000000001,8.439681348406381e-19,4.053874459510409e-18,0.0,-2.006320008667282,1.0,-0.0002928370247095777,-0.0002928370247095777,-1.2033447024137292,0.23239066389667679,-0.029045961482947642,-366.77360364882406,697.1883841780135,-331.08655460390986,-0.6717740747203834
14.22,7.96005203208793e-19,3.823135698814538e-18,0.0,-2.006320008667282,1.0,-0.0002928370247095777,-0.0002928370247095777,-1.2033447024137292,0.23239066389667679,-0.029045961482947642,-366.77360364882406,697.1883841780135,-331.08655460390986,-0.6717740747203834
14.24,7.507663511363388e-19,3.605523110437213e-18,0.0,-2.006320008667282,1.0,-0.0002928370247095777,-0.0002928370247095777,-1.2033447024137292,0.23239066389667679,-0.029045961482947642,-366.77360364882406,697.1883841780135,-331.08655460390986,-0.6717740747203834
14.26,7.080969625614916e-19,3.400290397249947e-18,0.0,-2.006320008667282,1.0,-0.0002928370247095777,-0.0002928370247095777,-1.2033447024137292,0.23239066389667679,-0.029045961482947642,-366.77360364882406,697.1883841780135,-331.08655460390986,-0.6717740747203834
14.280000000000001,6.678511913389562e-19,3.206733668344741e-18,0.0,-2.006320008667282,1.0,-0.0002928370247095777,-0.0002928370247095777,-1.2033447024137292,0.23239066389667679,-0.029045961482947642,-366.77360364882406,697.1883841780135,-331.08655460390986,-0.6717740747203834
14.3,6.298914641597885e-19,3.0241890309171503e-18,0.0,-2.006320008667282,1.0,-0.0002928370247095777,-0.0002928370247095777,-1.2033447024137292,0.23239066389667679,-0.029045961482947642,-366.77360364882406,697.1883841780135,-331.08655460390986,-0.6717740747203834
14.32,5.940880116245836e-19,2.8520303187932464e-18,0.0,-2.006320008667282,1.0,-0.0002928370247095777,-0.0002928370247095777,-1.2033447024137292,0.23239066389667679,-0.029045961482947642,-366.77360364882406,697.1883841780135,-331.08655460390986,-0.6717740747203834
14.34,5.6031842587679445e-19,2.68966694988877e-18,0.0,-2.006320008667282,1.0,-0.0002928370247095777,-0.0002928370247095777,-1.2033447024137292,0.23239066389667679,-0.029045961482947642,-366.77360364882406,697.1883841780135,-331.08655460390986,-0.6717740747203834
14.36,5.284672432929551e-19,2.5365419052548608e-18,0.0,-2.006320008667282,1.0,-0.0002928370247095777,-0.0002928370247095777,-1.2033447024137292,0.23239066389667679,-0.029045961482947642,-366.77360364882406,697.1883841780135,-331.08655460390986,-0.6717740747203834
14.38,4.984255508116493e-19,2.3921298228295003e-18,0.0,-2.006320008667282,1.0,-0.0002928370247095777,-0.0002928370247095777,-1.2033447024137292,0.23239066389667679,-0.029045961482947642,-366.77360364882406,697.1883841780135,-331.08655460390986,-0.6717740747203834
14.4,4.700906145632654e-19,2.2559351993920105e-18,0.0,-2.006320008667282,1.0,-0.0002928370247095777,-0.0002928370247095777,-1.2033447024137292,0.23239066389667679,-0.029045961482947642,-366.77360364882406,697.1883841780135,-331.08655460390986,-0.6717740747203834
14.42,4.433655295381856e-19,2.1274906945646734e-18,0.0,-2.006320008667282,1.0,-0.0002928370247095777,-0.0002928370247095777,-1.2033447024137292,0.23239066389667679,-0.029045961482947642,-366.77360364882406,697.1883841780135,-331.08655460390986,-0.6717740747203834
14.44,4.181588891025524e-19,2.0063555311017365e-18,0.0,-2.006320008667282,1.0,-0.0002928370247095777,-0.0002928370247095777,-1.2033447024137292,0.23239066389667679,-0.029045961482947642,-366.77360364882406,697.1883841780135,-331.08655460390986,-0.6717740747203834
14.46,3.9438447323800863e-19,1.8921139859773336e-18,0.0,-2.006320008667282,1.0,-0.0002928370247095777,-0.0002928370247095777,-1.2033447024137292,0.23239066389667679,-0.029045961482947642,-366.77360364882406,697.1883841780135,-331.08655460390986,-0.6717740747203834
14.48,3.7196095444543446e-19,1.784373967139257e-18,0.0,-2.006320008667282,1.0,-0.0002928370247095777,-0.0002928370247095777,-1.2033447024137292,0.23239066389667679,-0.029045961482947642,-366.77360364882406,697.1883841780135,-331.08655460390986,-0.6717740747203834
14.5,3.5081162031259986e-19,1.68276567105129e-18,0.0,-2.006320008667282,1.0,-0.0002928370247095777,-0.0002928370247095777,-1.2033447024137292,0.23239066389667679,-0.029045961482947642,-366.77360364882406,697.1883841780135,-331.08655460390986,-0.6717740747203834
14.52,3.3086411180230086e-19,1.5869403164636821e-18,0.0,-2.006320008667282,1.0,-0.0002928370247095777,-0.0002928370247095777,-1.2033447024137292,0.23239066389667679,-0.029045961482947642,-366.77360364882406,697.1883841780135,-331.08655460390986,-0.6717740747203834
14.540000000000001,3.1205017637084483e-19,1.4965689500657063e-18,0.0,-2.006320008667282,1.0,-0.0002928370247095777,-0.0002928370247095777,-1.2033447024137292,0.23239066389667679,-0.029045961482947642,-366.77360364882406,697.1883841780135,-331.08655460390986,-0.6717740747203834
14.56,2.943054350771618e-19,1.4113413199560786e-18,0.0,-2.006320008667282,1.0,-0.0002928370247095777,-0.0002928370247095777,-1.2033447024137292,0.23239066389667679,-0.029045961482947642,-366.77360364882406,697.1883841780135,-331.08655460390986,-0.6717740747203834
14.58,2.775691628902822e-19,1.3309648130695233e-18,0.0,-2.006320008667282,1.0,-0.0002928370247095777,-0.0002928370247095777,-1.2033447024137292,0.23239066389667679,-0.029045961482947642,-366.77360364882406,697.1883841780135,-331.08655460390986,-0.6717740747203834
14.6,2.6178408144780464e-19,1.2551634529481477e-18,0.0,-2.006320008667282,1.0,-0.0002928370247095777,-0.0002928370247095777,-1.2033447024137292,0.23239066389667679,-0.029045961482947642,-366.77360364882406,697.1883841780135,-331.08655460390986,-0.6717740747203834
14.620000000000001,2.468961635602112e-19,1.1836769544175625e-18,0.0,-2.006320008667282,1.0,-0.0002928370247095777,-0.0002928370247095777,-1.2033447024137292,0.23239066389667679,-0.029045961482947642,-366.77360364882406,697.1883841780135,-331.08655460390986,-0.6717740747203834
14.64,2.328544487958276e-19,1.1162598319487815e-18,0.0,-2.006320008667282,1.0,-0.0002928370247095777,-0.0002928370247095777,-1.2033447024137292,0.23239066389667679,-0.029045961482947642,-366.77360364882406,697.1883841780135,-331.08655460390986,-0.6717740747203834
14.66,2.1961086951883386e-19,1.0526805586487463e-18,0.0,-2.006320008667282,1.0,-0.0002928370247095777,-0.0002928370247095777,-1.2033447024137292,0.23239066389667679,-0.029045961482947642,-366.77360364882406,697.1883841780135,-331.08655460390986,-0.6717740747203834
14.68,2.0712008678829334e-19,9.927207730207025e-19,0.0,-2.006320008667282,1.0,-0.0002928370247095777,-0.0002928370247095777,-1.2033447024137292,0.23239066389667679,-0.029045961482947642,-366.77360364882406,697.1883841780135,-331.08655460390986,-0.6717740747203834
14.700000000000001,1.9533933555962858e-19,9.36174530769975e-19,0.0,-2.006320008667282,1.0,-0.0002928370247095777,-0.0002928370247095777,-1.2033447024137292,0.23239066389667679,-0.029045961482947642,-366.77360364882406,697.1883841780135,-331.08655460390986,-0.6717740747203834
14.72,1.842282786616188e-19,8.828475991070826e-19,0.0,-2.006320008667282,1.0,-0.0002928370247095777,-0.0002928370247095777,-1.2033447024137292,0.23239066389667679,-0.029045961482947642,-366.77360364882406,697.1883841780135,-331.08655460390986,-0.6717740747203834
14.74,1.7374886905178902e-19,8.325567911277621e-19,0.0,-2.006320008667282,1.0,-0.0002928370247095777,-0.0002928370247095777,-1.2033447024137292,0.23239066389667679,-0.029045961482947642,-366.77360364882406,697.1883841780135,-331.08655460390986,-0.6717740747203834
14.76,1.638652198812364e-19,7.851293380064755e-19,0.0,-2.006320008667282,1.0,-0.0002928370247095777,-0.0002928370247095777,-1.2033447024137292,0.23239066389667679,-0.029045961482947642,-366.77360364882406,697.1883841780135,-331.08655460390986,-0.6717740747203834
14.780000000000001,1.5454348192644942e-19,7.404022968461877e-19,0.0,-2.006320008667282,1.0,-0.0002928370247095777,-0.0002928370247095777,-1.2033447024137292,0.23239066389667679,-0.029045961482947642,-366.77360364882406,697.1883841780135,-331.08655460390986,-0.6717740747203834
14.8,1.4575172797074738e-19,6.982219921676753e-19,0.0,-2.006320008667282,1.0,-0.0002928370247095777,-0.0002928370247095777,-1.2033447024137292,0.23239066389667679,-0.029045961482947642,-366.77360364882406,697.1883841780135,-331.08655460390986,-0.6717740747203834
14.82,1.374598437415729e-19,6.584434891218406e-19,0.0,-2.006320008667282,1.0,-0.0002928370247095777,-0.0002928370247095777,-1.2033447024137292,0.23239066389667679,-0.029045961482947642,-366.77360364882406,697.1883841780135,-331.08655460390986,-0.6717740747203834
14.84,1.296394250321918e-19,6.209300966327442e-19,0.0,-2.006320008667282,1.0,-0.0002928370247095777,-0.0002928370247095777,-1.2033447024137292,0.23239066389667679,-0.029045961482947642,-366.77360364882406,697.1883841780135,-331.08655460390986,-0.6717740747203834
14.86,1.2226368065735792e-19,5.855528987647068e-19,0.0,-2.006320008667282,1.0,-0.0002928370247095777,-0.0002928370247095777,-1.2033447024137292,0.23239066389667679,-0.029045961482947642,-366.77360364882406,697.1883841780135,-331.08655460390986,-0.6717740747203834
14.88,1.1530734091235658e-19,5.521903127140841e-19,0.0,-2.006320008667282,1.0,-0.0002928370247095777,-0.0002928370247095777,-1.2033447024137292,0.23239066389667679,-0.029045961482947642,-366.77360364882406,697.1883841780135,-331.08655460390986,-0.6717740747203834
14.9,1.0874657122356e-19,5.207276719152176e-19,0.0,-2.006320008667282,1.0,-0.0002928370247095777,-0.0002928370247095777,-1.2033447024137292,0.23239066389667679,-0.029045961482947642,-366.77360364882406,697.1883841780135,-331.08655460390986,-0.6717740747203834
14.92,1.0255889069627425e-19,4.910568328301213e-19,0.0,-2.006320008667282,1.0,-0.0002928370247095777,-0.0002928370247095777,-1.2033447024137292,0.23239066389667679,-0.029045961482947642,-366.77360364882406,697.1883841780135,-331.08655460390986,-0.6717740747203834
14.94,9.672309528234038e-20,4.630758040835541e-19,0.0,-2.006320008667282,1.0,-0.0002928370247095777,-0.0002928370247095777,-1.2033447024137292,0.23239066389667679,-0.029045961482947642,-366.77360364882406,697.1883841780135,-331.08655460390986,-0.6717740747203834
14.96,9.12191853056481e-20,4.366883966690055e-19,0.0,-2.006320008667282,1.0,-0.0002928370247095777,-0.0002928370247095777,-1.2033447024137292,0.23239066389667679,-0.029045961482947642,-366.77360364882406,697.1883841780135,-331.08655460390986,-0.6717740747203834
14.98,8.602829709856489e-20,4.118038940325494e-19,0.0,-2.006320008667282,1.0,-0.0002928370247095777,-0.0002928370247095777,-1.2033447024137292,0.23239066389667679,-0.029045961482947642,-366.77360364882406,697.1883841780135,-331.08655460390986,-0.6717740747203834
15.0,8.113263851625846e-20,3.8833674090219526e-19,0.0,-2.006320008667282,1.0,-0.0002928370247095777,-0.0002928370247095777,-1.2033447024137292,0.23239066389667679,-0.029045961482947642,-366.77360364882406,697.1883841780135,-331.08655460390986,-0.6717740747203834
15.02,7.651542810910633e-20,3.662062498032512e-19,0.0,-2.006320008667282,1.0,-0.0002928370247095777,-0.0002928370247095777,-1.2033447024137292,0.23239066389667679,-0.029045961482947642,-366.77360364882406,697.1883841780135,-331.08655460390986,-0.6717740747203834
15.040000000000001,7.216083774581937e-20,3.453363242503498e-19,0.0,-2.006320008667282,1.0,-0.0002928370247095777,-0.0002928370247095777,-1.2033447024137292,0.23239066389667679,-0.029045961482947642,-366.77360364882406,697.1883841780135,-331.08655460390986,-0.6717740747203834
15.06,6.805393849166482e-20,3.2565519767234023e-19,0.0,-2.006320008667282,1.0,-0.0002928370247095777,-0.0002928370247095777,-1.2033447024137292,0.23239066389667679,-0.029045961482947642,-366.77360364882406,697.1883841780135,-331.08655460390986,-0.6717740747203834
15.08,6.418064955724482e-20,3.0709518717330723e-19,0.0,-2.006320008667282,1.0,-0.0002928370247095777,-0.0002928370247095777,-1.2033447024137292,0.23239066389667679,-0.029045961482947642,-366.77360364882406,697.1883841780135,-331.08655460390986,-0.6717740747203834
15.1,6.052769014375397e-20,2.8959246129102095e-19,0.0,-2.006320008667282,1.0,-0.0002928370247095777,-0.0002928370247095777,-1.2033447024137292,0.23239066389667679,-0.029045961482947642,-366.77360364882406,697.1883841780135,-331.08655460390986,-0.6717740747203834
15.120000000000001,5.708253402048855e-20,2.7308682095415636e-19,0.0,-2.006320008667282,1.0,-0.0002928370247095777,-0.0002928370247095777,-1.2033447024137292,0.23239066389667679,-0.029045961482947642,-366.77360364882406,697.1883841780135,-331.08655460390986,-0.6717740747203834
15.14,5.383336667969366e-20,2.575214928909426e-19,0.0,-2.006320008667282,1.0,-0.0002928370247095777,-0.0002928370247095777,-1.2033447024137292,0.23239066389667679,-0.029045961482947642,-366.77360364882406,697.1883841780135,-331.08655460390986,-0.6717740747203834
15.16,5.0769044922602915e-20,2.428429347794284e-19,0.0,-2.006320008667282,1.0,-0.0002928370247095777,-0.0002928370247095777,-1.2033447024137292,0.23239066389667679,-0.029045961482947642,-366.77360364882406,697.1883841780135,-331.08655460390986,-0.6717740747203834
15.18,4.7879058738817296e-20,2.290006514756969e-19,0.0,-2.006320008667282,1.0,-0.0002928370247095777,-0.0002928370247095777,-1.2033447024137292,0.23239066389667679,-0.029045961482947642,-366.77360364882406,697.1883841780135,-331.08655460390986,-0.6717740747203834
15.200000000000001,4.5153495348969776e-20,2.1594702168766076e-19,0.0,-2.006320008667282,1.0,-0.0002928370247095777,-0.0002928370247095777,-1.2033447024137292,0.23239066389667679,-0.029045961482947642,-366.77360364882406,697.1883841780135,-331.08655460390986,-0.6717740747203834
15.22,4.258300528800004e-20,2.0363713450293249e-19,0.0,-2.006320008667282,1.0,-0.0002928370247095777,-0.0002928370247095777,-1.2033447024137292,0.23239066389667679,-0.029045961482947642,-366.77360364882406,697.1883841780135,-331.08655460390986,-0.6717740747203834
15.24,4.0158770413308323e-20,1.920286352090341e-19,0.0,-2.006320008667282,1.0,-0.0002928370247095777,-0.0002928370247095777,-1.2033447024137292,0.23239066389667679,-0.029045961482947642,-366.77360364882406,697.1883841780135,-331.08655460390986,-0.6717740747203834
15.26,3.7872473728624765e-20,1.8108157988055436e-19,0.0,-2.006320008667282,1.0,-0.0002928370247095777,-0.0002928370247095777,-1.2033447024137292,0.23239066389667679,-0.029045961482947642,-366.77360364882406,697.1883841780135,-331.08655460390986,-0.6717740747203834
15.280000000000001,3.5716270920608755e-20,1.7075829823273675e-19,0.0,-2.006320008667282,1.0,-0.0002928370247095777,-0.0002928370247095777,-1.2033447024137292,0.23239066389667679,-0.029045961482947642,-366.77360364882406,697.1883841780135,-331.08655460390986,-0.6717740747203834
15.3,3.368276351103583e-20,1.610232642733572e-19,0.0,-2.006320008667282,1.0,-0.0002928370247095777,-0.0002928370247095777,-1.2033447024137292,0.23239066389667679,-0.029045961482947642,-366.77360364882406,697.1883841780135,-331.08655460390986,-0.6717740747203834
15.32,3.176497353293006e-20,1.5184297430823796e-19,0.0,-2.006320008667282,1.0,-0.0002928370247095777,-0.0002928370247095777,-1.2033447024137292,0.23239066389667679,-0.029045961482947642,-366.77360364882406,697.1883841780135,-331.08655460390986,-0.6717740747203834
15.34,2.995631964420106e-20,1.4318583188458586e-19,0.0,-2.006320008667282,1.0,-0.0002928370247095777,-0.0002928370247095777,-1.2033447024137292,0.23239066389667679,-0.029045961482947642,-366.77360364882406,697.1883841780135,-331.08655460390986,-0.6717740747203834
15.36,2.825059459723817e-20,1.3502203927604561e-19,0.0,-2.006320008667282,1.0,-0.0002928370247095777,-0.0002928370247095777,-1.2033447024137292,0.23239066389667679,-0.029045961482947642,-366.77360364882406,697.1883841780135,-331.08655460390986,-0.6717740747203834
15.38,2.6641943987540394e-20,1.2732349513855138e-19,0.0,-2.006320008667282,1.0,-0.0002928370247095777,-0.0002928370247095777,-1.2033447024137292,0.23239066389667679,-0.029045961482947642,-366.77360364882406,697.1883841780135,-331.08655460390986,-0.6717740747203834
15.4,2.5124846208821337e-20,1.2006369798643919e-19,0.0,-2.006320008667282,1.0,-0.0002928370247095777,-0.0002928370247095777,-1.2033447024137292,0.23239066389667679,-0.029045961482947642,-366.77360364882406,697.1883841780135,-331.08655460390986,-0.6717740747203834
15.42,2.3694093546138996e-20,1.132176551570572e-19,0.0,-2.006320008667282,1.0,-0.0002928370247095777,-0.0002928370247095777,-1.2033447024137292,0.23239066389667679,-0.029045961482947642,-366.77360364882406,697.1883841780135,-331.08655460390986,-0.6717740747203834
15.44,2.2344774342486002e-20,1.0676179695345146e-19,0.0,-2.006320008667282,1.0,-0.0002928370247095777,-0.0002928370247095777,-1.2033447024137292,0.23239066389667679,-0.029045961482947642,-366.77360364882406,697.1883841780135,-331.08655460390986,-0.6717740747203834
15.46,2.1072256177931434e-20,1.0067389566940257e-19,0.0,-2.006320008667282,1.0,-0.0002928370247095777,-0.0002928370247095777,-1.2033447024137292,0.23239066389667679,-0.029045961482947642,-366.77360364882406,697.1883841780135,-331.08655460390986,-0.6717740747203834
15.48,1.9872170003862465e-20,9.493298922025361e-20,0.0,-2.006320008667282,1.0,-0.0002928370247095777,-0.0002928370247095777,-1.2033447024137292,0.23239066389667679,-0.029045961482947642,-366.77360364882406,697.1883841780135,-331.08655460390986,-0.6717740747203834
15.5,1.8740395178128476e-20,8.95193091168146e-20,0.0,-2.006320008667282,1.0,-0.0002928370247095777,-0.0002928370247095777,-1.2033447024137292,0.23239066389667679,-0.029045961482947642,-366.77360364882406,697.1883841780135,-331.08655460390986,-0.6717740747203834
15.52,1.7673045349967495e-20,8.441421253664988e-20,0.0,-2.006320008667282,1.0,-0.0002928370247095777,-0.0002928370247095777,-1.2033447024137292,0.23239066389667679,-0.029045961482947642,-366.77360364882406,697.1883841780135,-331.08655460390986,-0.6717740747203834
15.540000000000001,1.6666455146489742e-20,7.960011825875056e-20,0.0,-2.006320008667282,1.0,-0.0002928370247095777,-0.0002928370247095777,-1.2033447024137292,0.23239066389667679,-0.029045961482947642,-366.77360364882406,697.1883841780135,-331.08655460390986,-0.6717740747203834
15.56,1.571716761523067e-20,7.506044624266792e-20,0.0,-2.006320008667282,1.0,-0.0002928370247095777,-0.0002928370247095777,-1.2033447024137292,0.23239066389667679,-0.029045961482947642,-366.77360364882406,697.1883841780135,-331.08655460390986,-0.6717740747203834
15.58,1.4821922379863086e-20,7.077956064422893e-20,0.0,-2.006320008667282,1.0,-0.0002928370247095777,-0.0002928370247095777,-1.2033447024137292,0.23239066389667679,-0.029045961482947642,-366.77360364882406,697.1883841780135,-331.08655460390986,-0.6717740747203834
15.6,1.3977644468594694e-20,6.674271607339025e-20,0.0,-2.006320008667282,1.0,-0.0002928370247095777,-0.0002928370247095777,-1.2033447024137292,0.23239066389667679,-0.029045961482947642,-366.77360364882406,697.1883841780135,-331.08655460390986,-0.6717740747203834
15.620000000000001,1.318143377706981e-20,6.293600690904321e-20,0.0,-2.006320008667282,1.0,-0.0002928370247095777,-0.0002928370247095777,-1.2033447024137292,0.23239066389667679,-0.029045961482947642,-366.77360364882406,697.1883841780135,-331.08655460390986,-0.6717740747203834
15.64,1.2430555129761858e-20,5.934631949751913e-20,0.0,-2.006320008667282,1.0,-0.0002928370247095777,-0.0002928370247095777,-1.2033447024137292,0.23239066389667679,-0.029045961482947642,-366.77360364882406,697.1883841780135,-331.08655460390986,-0.6717740747203834
15.66,1.1722428905883963e-20,5.596128707029122e-20,0.0,-2.006320008667282,1.0,-0.0002928370247095777,-0.0002928370247095777,-1.2033447024137292,0.23239066389667679,-0.029045961482947642,-366.77360364882406,697.1883841780135,-331.08655460390986,-0.6717740747203834
15.68,1.1054622197774555e-20,5.276924722699747e-20,0.0,-2.006320008667282,1.0,-0.0002928370247095777,-0.0002928370247095777,-1.2033447024137292,0.23239066389667679,-0.029045961482947642,-366.77360364882406,697.1883841780135,-331.08655460390986,-0.6717740747203834
15.700000000000001,1.0424840471530076e-20,4.9759201837221357e-20,0.0,-2.006320008667282,1.0,-0.0002928370247095777,-0.0002928370247095777,-1.2033447024137292,0.23239066389667679,-0.029045961482947642,-366.77360364882406,697.1883841780135,-331.08655460390986,-0.6717740747203834
15.72,9.830919701373462e-21,4.6920779223957515e-20,0.0,-2.006320008667282,1.0,-0.0002928370247095777,-0.0002928370247095777,-1.2033447024137292,0.23239066389667679,-0.029045961482947642,-366.77360364882406,697.1883841780135,-331.08655460390986,-0.6717740747203834
15.74,9.27081895086299e-21,4.424419849855019e-20,0.0,-2.006320008667282,1.0,-0.0002928370247095777,-0.0002928370247095777,-1.2033447024137292,0.23239066389667679,-0.029045961482947642,-366.77360364882406,697.1883841780135,-331.08655460390986,-0.6717740747203834
15.76,8.742613375573883e-21,4.172023592535997e-20,0.0,-2.006320008667282,1.0,-0.0002928370247095777,-0.0002928370247095777,-1.2033447024137292,0.23239066389667679,-0.029045961482947642,-366.77360364882406,697.1883841780135,-331.08655460390986,-0.6717740747203834
15.780000000000001,8.244487623322406e-21,3.934019320017343e-20,0.0,-2.006320008667282,1.0,-0.0002928370247095777,-0.0002928370247095777,-1.2033447024137292,0.23239066389667679,-0.029045961482947642,-366.77360364882406,697.1883841780135,-331.08655460390986,-0.6717740747203834
15.8,7.774729609361354e-21,3.7095867533887347e-20,0.0,-2.006320008667282,1.0,-0.0002928370247095777,-0.0002928370247095777,-1.2033447024137292,0.23239066389667679,-0.029045961482947642,-366.77360364882406,697.1883841780135,-331.08655460390986,-0.6717740747203834
15.82,7.331724645255228e-21,3.4979523438428864e-20,0.0,-2.006320008667282,1.0,-0.0002928370247095777,-0.0002928370247095777,-1.2033447024137292,0.23239066389667679,-0.029045961482947642,-366.77360364882406,697.1883841780135,-331.08655460390986,-0.6717740747203834
15.84,6.913949901353193e-21,3.298386611857425e-20,0.0,-2.006320008667282,1.0,-0.0002928370247095777,-0.0002928370247095777,-1.2033447024137292,0.23239066389667679,-0.029045961482947642,-366.77360364882406,697.1883841780135,-331.08655460390986,-0.6717740747203834
15.860000000000001,6.519969183915861e-21,3.1102016377891046e-20,0.0,-2.006320008667282,1.0,-0.0002928370247095777,-0.0002928370247095777,-1.2033447024137292,0.23239066389667679,-0.029045961482947642,-366.77360364882406,697.1883841780135,-331.08655460390986,-0.6717740747203834
15.88,6.148428009028093e-21,2.932748695296017e-20,0.0,-2.006320008667282,1.0,-0.0002928370247095777,-0.0002928370247095777,-1.2033447024137292,0.23239066389667679,-0.029045961482947642,-366.77360364882406,697.1883841780135,-331.08655460390986,-0.6717740747203834
15.9,5.798048956443061e-21,2.765416019436418e-20,0.0,-2.006320008667282,1.0,-0.0002928370247095777,-0.0002928370247095777,-1.2033447024137292,0.23239066389667679,-0.029045961482947642,-366.77360364882406,697.1883841780135,-331.08655460390986,-0.6717740747203834
15.92,5.467627287460533e-21,2.6076267018200835e-20,0.0,-2.006320008667282,1.0,-0.0002928370247095777,-0.0002928370247095777,-1.2033447024137292,0.23239066389667679,-0.029045961482947642,-366.77360364882406,697.1883841780135,-331.08655460390986,-0.6717740747203834
15.94,5.1560268118434345e-21,2.4588367055509926e-20,0.0,-2.006320008667282,1.0,-0.0002928370247095777,-0.0002928370247095777,-1.2033447024137292,0.23239066389667679,-0.029045961482947642,-366.77360364882406,697.1883841780135,-331.08655460390986,-0.6717740747203834
15.96,4.862175989628517e-21,2.318532993162332e-20,0.0,-2.006320008667282,1.0,-0.0002928370247095777,-0.0002928370247095777,-1.2033447024137292,0.23239066389667679,-0.029045961482947642,-366.77360364882406,697.1883841780135,-331.08655460390986,-0.6717740747203834
15.98,4.5850642544897245e-21,2.1862317611187754e-20,0.0,-2.006320008667282,1.0,-0.0002928370247095777,-0.0002928370247095777,-1.2033447024137292,0.23239066389667679,-0.029045961482947642,-366.77360364882406,697.1883841780135,-331.08655460390986,-0.6717740747203834
16.0,4.323738546069632e-21,2.0614767748047225e-20,0.0,-2.006320008667282,1.0,-0.0002928370247095777,-0.0002928370247095777,-1.2033447024137292,0.23239066389667679,-0.029045961482947642,-366.77360364882406,697.1883841780135,-331.08655460390986,-0.6717740747203834
16.02,4.077300039409596e-21,1.9438377983098345e-20,0.0,-2.006320008667282,1.0,-0.0002928370247095777,-0.0002928370247095777,-1.2033447024137292,0.23239066389667679,-0.029045961482947642,-366.77360364882406,697.1883841780135,-331.08655460390986,-0.6717740747203834
16.04,3.8449010602821175e-21,1.832909113593755e-20,0.0,-2.006320008667282,1.0,-0.0002928370247095777,-0.0002928370247095777,-1.2033447024137292,0.23239066389667679,-0.029045961482947642,-366.77360364882406,697.1883841780135,-331.08655460390986,-0.6717740747203834
16.06,3.625742175865059e-21,1.728308123955637e-20,0.0,-2.006320008667282,1.0,-0.0002928370247095777,-0.0002928370247095777,-1.2033447024137292,0.23239066389667679,-0.029045961482947642,-366.77360364882406,697.1883841780135,-331.08655460390986,-0.6717740747203834
16.080000000000002,3.4190694507966845e-21,1.6296740370088054e-20,0.0,-2.006320008667282,1.0,-0.0002928370247095777,-0.0002928370247095777,-1.2033447024137292,0.23239066389667679,-0.029045961482947642,-366.77360364882406,697.1883841780135,-331.08655460390986,-0.6717740747203834
16.1,3.224171859216273e-21,1.5366666226447296e-20,0.0,-2.006320008667282,1.0,-0.0002928370247095777,-0.0002928370247095777,-1.2033447024137292,0.23239066389667679,-0.029045961482947642,-366.77360364882406,697.1883841780135,-331.08655460390986,-0.6717740747203834
16.12,3.040378843927721e-21,1.4489650416947383e-20,0.0,-2.006320008667282,1.0,-0.0002928370247095777,-0.0002928370247095777,-1.2033447024137292,0.23239066389667679,-0.029045961482947642,-366.77360364882406,697.1883841780135,-331.08655460390986,-0.6717740747203834
16.14,2.8670580143280064e-21,1.3662667413043665e-20,0.0,-2.006320008667282,1.0,-0.0002928370247095777,-0.0002928370247095777,-1.2033447024137292,0.23239066389667679,-0.029045961482947642,-366.77360364882406,697.1883841780135,-331.08655460390986,-0.6717740747203834
16.16,2.7036129752157148e-21,1.2882864131904026e-20,0.0,-2.006320008667282,1.0,-0.0002928370247095777,-0.0002928370247095777,-1.2033447024137292,0.23239066389667679,-0.029045961482947642,-366.77360364882406,697.1883841780135,-331.08655460390986,-0.6717740747203834
16.18,2.549481279043269e-21,1.2147550112182134e-20,0.0,-2.006320008667282,1.0,-0.0002928370247095777,-0.0002928370247095777,-1.2033447024137292,0.23239066389667679,-0.029045961482947642,-366.77360364882406,697.1883841780135,-331.08655460390986,-0.6717740747203834
16.2,2.4041324945985397e-21,1.1454188249197932e-20,0.0,-2.006320008667282,1.0,-0.0002928370247095777,-0.0002928370247095777,-1.2033447024137292,0.23239066389667679,-0.029045961482947642,-366.77360364882406,697.1883841780135,-331.08655460390986,-0.6717740747203834
16.22,2.2670663854998725e-21,1.0800386057694201e-20,0.0,-2.006320008667282,1.0,-0.0002928370247095777,-0.0002928370247095777,-1.2033447024137292,0.23239066389667679,-0.029045961482947642,-366.77360364882406,697.1883841780135,-331.08655460390986,-0.6717740747203834
16.240000000000002,2.1378111922642527e-21,1.018388743212832e-20,0.0,-2.006320008667282,1.0,-0.0002928370247095777,-0.0002928370247095777,-1.2033447024137292,0.23239066389667679,-0.029045961482947642,-366.77360364882406,697.1883841780135,-331.08655460390986,-0.6717740747203834
16.26,2.0159220120628755e-21,9.602564876240184e-21,0.0,-2.006320008667282,1.0,-0.0002928370247095777,-0.0002928370247095777,-1.2033447024137292,0.23239066389667679,-0.029045961482947642,-366.77360364882406,697.1883841780135,-331.08655460390986,-0.6717740747203834
16.28,1.9009792706121885e-21,9.054412175026863e-21,0.0,-2.006320008667282,1.0,-0.0002928370247095777,-0.0002928370247095777,-1.2033447024137292,0.23239066389667679,-0.029045961482947642,-366.77360364882406,697.1883841780135,-331.08655460390986,-0.6717740747203834
16.3,1.792587280964585e-21,8.537537484185591e-21,0.0,-2.006320008667282,1.0,-0.0002928370247095777,-0.0002928370247095777,-1.2033447024137292,0.23239066389667679,-0.029045961482947642,-366.77360364882406,697.1883841780135,-331.08655460390986,-0.6717740747203834
16.32,1.690372884259534e-21,8.050156813048756e-21,0.0,-2.006320008667282,1.0,-0.0002928370247095777,-0.0002928370247095777,-1.2033447024137292,0.23239066389667679,-0.029045961482947642,-366.77360364882406,697.1883841780135,-331.08655460390986,-0.6717740747203834
16.34,1.593984167776928e-21,7.590587878714067e-21,0.0,-2.006320008667282,1.0,-0.0002928370247095777,-0.0002928370247095777,-1.2033447024137292,0.23239066389667679,-0.029045961482947642,-366.77360364882406,697.1883841780135,-331.08655460390986,-0.6717740747203834
16.36,1.5030892558988807e-21,7.157244310217286e-21,0.0,-2.006320008667282,1.0,-0.0002928370247095777,-0.0002928370247095777,-1.2033447024137292,0.23239066389667679,-0.029045961482947642,-366.77360364882406,697.1883841780135,-331.08655460390986,-0.6717740747203834
16.38,1.4173751698358228e-21,6.748630182823055e-21,0.0,-2.006320008667282,1.0,-0.0002928370247095777,-0.0002928370247095777,-1.2033447024137292,0.23239066389667679,-0.029045961482947642,-366.77360364882406,697.1883841780135,-331.08655460390986,-0.6717740747203834
16.4,1.336546752208143e-21,6.363334863638175e-21,0.0,-2.006320008667282,1.0,-0.0002928370247095777,-0.0002928370247095777,-1.2033447024137292,0.23239066389667679,-0.029045961482947642,-366.77360364882406,697.1883841780135,-331.08655460390986,-0.6717740747203834
16.42,1.2603256527966672e-21,6.000028150820284e-21,0.0,-2.006320008667282,1.0,-0.0002928370247095777,-0.0002928370247095777,-1.2033447024137292,0.23239066389667679,-0.029045961482947642,-366.77360364882406,697.1883841780135,-331.08655460390986,-0.6717740747203834
16.44,1.1884493719848063e-21,5.6574556896985714e-21,0.0,-2.006320008667282,1.0,-0.0002928370247095777,-0.0002928370247095777,-1.2033447024137292,0.23239066389667679,-0.029045961482947642,-366.77360364882406,697.1883841780135,-331.08655460390986,-0.6717740747203834
16.46,1.1206703586124637e-21,5.334434649947036e-21,0.0,-2.006320008667282,1.0,-0.0002928370247095777,-0.0002928370247095777,-1.2033447024137292,0.23239066389667679,-0.029045961482947642,-366.77360364882406,697.1883841780135,-331.08655460390986,-0.6717740747203834
16.48,1.0567551591486176e-21,5.029849649092754e-21,0.0,-2.006320008667282,1.0,-0.0002928370247095777,-0.0002928370247095777,-1.2033447024137292,0.23239066389667679,-0.029045961482947642,-366.77360364882406,697.1883841780135,-331.08655460390986,-0.6717740747203834
16.5,9.964836152647682e-22,4.742648908204967e-21,0.0,-2.006320008667282,1.0,-0.0002928370247095777,-0.0002928370247095777,-1.2033447024137292,0.23239066389667679,-0.029045961482947642,-366.77360364882406,697.1883841780135,-331.08655460390986,-0.6717740747203834
16.52,9.396481070574919e-22,4.471840626604768e-21,0.0,-2.006320008667282,1.0,-0.0002928370247095777,-0.0002928370247095777,-1.2033447024137292,0.23239066389667679,-0.029045961482947642,-366.77360364882406,697.1883841780135,-331.08655460390986,-0.6717740747203834
16.54,8.860528393246266e-22,4.216489563113487e-21,0.0,-2.006320008667282,1.0,-0.0002928370247095777,-0.0002928370247095777,-1.2033447024137292,0.23239066389667679,-0.029045961482947642,-366.77360364882406,697.1883841780135,-331.08655460390986,-0.6717740747203834
16.56,8.355131684471023e-22,3.975713812077558e-21,0.0,-2.006320008667282,1.0,-0.0002928370247095777,-0.0002928370247095777,-1.2033447024137292,0.23239066389667679,-0.029045961482947642,-366.77360364882406,697.1883841780135,-331.08655460390986,-0.6717740747203834
16.580000000000002,7.878549675675334e-22,3.7486817630758515e-21,0.0,-2.006320008667282,1.0,-0.0002928370247095777,-0.0002928370247095777,-1.2033447024137292,0.23239066389667679,-0.029045961482947642,-366.77360364882406,697.1883841780135,-331.08655460390986,-0.6717740747203834
16.6,7.429140278879543e-22,3.5346092338692145e-21,0.0,-2.006320008667282,1.0,-0.0002928370247095777,-0.0002928370247095777,-1.2033447024137292,0.23239066389667679,-0.029045961482947642,-366.77360364882406,697.1883841780135,-331.08655460390986,-0.6717740747203834
16.62,7.005354940326586e-22,3.3327567666681992e-21,0.0,-2.006320008667282,1.0,-0.0002928370247095777,-0.0002928370247095777,-1.2033447024137292,0.23239066389667679,-0.029045961482947642,-366.77360364882406,697.1883841780135,-331.08655460390986,-0.6717740747203834
16.64,6.605733315391307e-22,3.1424270785082232e-21,0.0,-2.006320008667282,1.0,-0.0002928370247095777,-0.0002928370247095777,-1.2033447024137292,0.23239066389667679,-0.029045961482947642,-366.77360364882406,697.1883841780135,-331.08655460390986,-0.6717740747203834
16.66,6.228898246498574e-22,2.9629626568757217e-21,0.0,-2.006320008667282,1.0,-0.0002928370247095777,-0.0002928370247095777,-1.2033447024137292,0.23239066389667679,-0.029045961482947642,-366.77360364882406,697.1883841780135,-331.08655460390986,-0.6717740747203834
16.68,5.873551026818239e-22,2.7937434923508366e-21,0.0,-2.006320008667282,1.0,-0.0002928370247095777,-0.0002928370247095777,-1.2033447024137292,0.23239066389667679,-0.029045961482947642,-366.77360364882406,697.1883841780135,-331.08655460390986,-0.6717740747203834
16.7,5.538466933483951e-22,2.6341849404550266e-21,0.0,-2.006320008667282,1.0,-0.0002928370247095777,-0.0002928370247095777,-1.2033447024137292,0.23239066389667679,-0.029045961482947642,-366.77360364882406,697.1883841780135,-331.08655460390986,-0.6717740747203834
16.72,5.222491015006667e-22,2.4837357053446098e-21,0.0,-2.006320008667282,1.0,-0.0002928370247095777,-0.0002928370247095777,-1.2033447024137292,0.23239066389667679,-0.029045961482947642,-366.77360364882406,697.1883841780135,-331.08655460390986,-0.6717740747203834
16.740000000000002,4.924534118425027e-22,2.341875938407698e-21,0.0,-2.006320008667282,1.0,-0.0002928370247095777,-0.0002928370247095777,-1.2033447024137292,0.23239066389667679,-0.029045961482947642,-366.77360364882406,697.1883841780135,-331.08655460390986,-0.6717740747203834
16.76,4.643569142556974e-22,2.2081154452327354e-21,0.0,-2.006320008667282,1.0,-0.0002928370247095777,-0.0002928370247095777,-1.2033447024137292,0.23239066389667679,-0.029045961482947642,-366.77360364882406,697.1883841780135,-331.08655460390986,-0.6717740747203834
16.78,4.378627504491003e-22,2.0819919947385418e-21,0.0,-2.006320008667282,1.0,-0.0002928370247095777,-0.0002928370247095777,-1.2033447024137292,0.23239066389667679,-0.029045961482947642,-366.77360364882406,697.1883841780135,-331.08655460390986,-0.6717740747203834
16.8,4.1287958071884694e-22,1.9630697247031593e-21,0.0,-2.006320008667282,1.0,-0.0002928370247095777,-0.0002928370247095777,-1.2033447024137292,0.23239066389667679,-0.029045961482947642,-366.77360364882406,697.1883841780135,-331.08655460390986,-0.6717740747203834
16.82,3.893212696756042e-22,1.8509376381501953e-21,0.0,-2.006320008667282,1.0,-0.0002928370247095777,-0.0002928370247095777,-1.2033447024137292,0.23239066389667679,-0.029045961482947642,-366.77360364882406,697.1883841780135,-331.08655460390986,-0.6717740747203834
16.84,3.6710658985989224e-22,1.7452081854403122e-21,0.0,-2.006320008667282,1.0,-0.0002928370247095777,-0.0002928370247095777,-1.2033447024137292,0.23239066389667679,-0.029045961482947642,-366.77360364882406,697.1883841780135,-331.08655460390986,-0.6717740747203834
16.86,3.4615894222785185e-22,1.6455159271804713e-21,0.0,-2.006320008667282,1.0,-0.0002928370247095777,-0.0002928370247095777,-1.2033447024137292,0.23239066389667679,-0.029045961482947642,-366.77360364882406,697.1883841780135,-331.08655460390986,-0.6717740747203834
16.88,3.2640609254769203e-22,1.5515162733472509e-21,0.0,-2.006320008667282,1.0,-0.0002928370247095777,-0.0002928370247095777,-1.2033447024137292,0.23239066389667679,-0.029045961482947642,-366.77360364882406,697.1883841780135,-331.08655460390986,-0.6717740747203834
16.9,3.0777992280162114e-22,1.4628842942813952e-21,0.0,-2.006320008667282,1.0,-0.0002928370247095777,-0.0002928370247095777,-1.2033447024137292,0.23239066389667679,-0.029045961482947642,-366.77360364882406,697.1883841780135,-331.08655460390986,-0.6717740747203834
16.92,2.9021619673953354e-22,1.3793135994576943e-21,0.0,-2.006320008667282,1.0,-0.0002928370247095777,-0.0002928370247095777,-1.2033447024137292,0.23239066389667679,-0.029045961482947642,-366.77360364882406,697.1883841780135,-331.08655460390986,-0.6717740747203834
16.94,2.736543387792891e-22,1.3005152801766103e-21,0.0,-2.006320008667282,1.0,-0.0002928370247095777,-0.0002928370247095777,-1.2033447024137292,0.23239066389667679,-0.029045961482947642,-366.77360364882406,697.1883841780135,-331.08655460390986,-0.6717740747203834
16.96,2.5803722549414485e-22,1.2262169125137391e-21,0.0,-2.006320008667282,1.0,-0.0002928370247095777,-0.0002928370247095777,-1.2033447024137292,0.23239066389667679,-0.029045961482947642,-366.77360364882406,697.1883841780135,-331.08655460390986,-0.6717740747203834
16.98,2.433109889711914e-22,1.1561616171268022e-21,0.0,-2.006320008667282,1.0,-0.0002928370247095777,-0.0002928370247095777,-1.2033447024137292,0.23239066389667679,-0.029045961482947642,-366.77360364882406,697.1883841780135,-331.08655460390986,-0.6717740747203834
17.0,2.2942483136526716e-22,1.0901071726512005e-21,0.0,-2.006320008667282,1.0,-0.0002928370247095777,-0.0002928370247095777,-1.2033447024137292,0.23239066389667679,-0.029045961482947642,-366.77360364882406,697.1883841780135,-331.08655460390986,-0.6717740747203834
17.02,2.1633085001130326e-22,1.0278251796444836e-21,0.0,-2.006320008667282,1.0,-0.0002928370247095777,-0.0002928370247095777,-1.2033447024137292,0.23239066389667679,-0.029045961482947642,-366.77360364882406,697.1883841780135,-331.08655460390986,-0.6717740747203834
17.04,2.0398387249426234e-22,9.691002721962646e-22,0.0,-2.006320008667282,1.0,-0.0002928370247095777,-0.0002928370247095777,-1.2033447024137292,0.23239066389667679,-0.029045961482947642,-366.77360364882406,697.1883841780135,-331.08655460390986,-0.6717740747203834
17.06,1.9234130111000983e-22,9.137293744876535e-22,0.0,-2.006320008667282,1.0,-0.0002928370247095777,-0.0002928370247095777,-1.2033447024137292,0.23239066389667679,-0.029045961482947642,-366.77360364882406,697.1883841780135,-331.08655460390986,-0.6717740747203834
17.080000000000002,1.813629661826841e-22,8.615209997374843e-22,0.0,-2.006320008667282,1.0,-0.0002928370247095777,-0.0002928370247095777,-1.2033447024137292,0.23239066389667679,-0.029045961482947642,-366.77360364882406,697.1883841780135,-331.08655460390986,-0.6717740747203834
17.1,1.7101098773454275e-22,8.12294589124736e-22,0.0,-2.006320008667282,1.0,-0.0002928370247095777,-0.0002928370247095777,-1.2033447024137292,0.23239066389667679,-0.029045961482947642,-366.77360364882406,697.1883841780135,-331.08655460390986,-0.6717740747203834
17.12,1.612496450328907e-22,7.658798883952317e-22,0.0,-2.006320008667282,1.0,-0.0002928370247095777,-0.0002928370247095777,-1.2033447024137292,0.23239066389667679,-0.029045961482947642,-366.77360364882406,697.1883841780135,-331.08655460390986,-0.6717740747203834
17.14,1.5204525356580514e-22,7.221163600258693e-22,0.0,-2.006320008667282,1.0,-0.0002928370247095777,-0.0002928370247095777,-1.2033447024137292,0.23239066389667679,-0.029045961482947642,-366.77360364882406,697.1883841780135,-331.08655460390986,-0.6717740747203834
17.16,1.433660490238066e-22,6.808526289013883e-22,0.0,-2.006320008667282,1.0,-0.0002928370247095777,-0.0002928370247095777,-1.2033447024137292,0.23239066389667679,-0.029045961482947642,-366.77360364882406,697.1883841780135,-331.08655460390986,-0.6717740747203834
17.18,1.3518207788871672e-22,6.419459596020914e-22,0.0,-2.006320008667282,1.0,-0.0002928370247095777,-0.0002928370247095777,-1.2033447024137292,0.23239066389667679,-0.029045961482947642,-366.77360364882406,697.1883841780135,-331.08655460390986,-0.6717740747203834
17.2,1.2746509425361806e-22,6.052617634995048e-22,0.0,-2.006320008667282,1.0,-0.0002928370247095777,-0.0002928370247095777,-1.2033447024137292,0.23239066389667679,-0.029045961482947642,-366.77360364882406,697.1883841780135,-331.08655460390986,-0.6717740747203834
17.22,1.2018846251922689e-22,5.70673133960532e-22,0.0,-2.006320008667282,1.0,-0.0002928370247095777,-0.0002928370247095777,-1.2033447024137292,0.23239066389667679,-0.029045961482947642,-366.77360364882406,697.1883841780135,-331.08655460390986,-0.6717740747203834
17.240000000000002,1.1332706563216827e-22,5.380604080577124e-22,0.0,-2.006320008667282,1.0,-0.0002928370247095777,-0.0002928370247095777,-1.2033447024137292,0.23239066389667679,-0.029045961482947642,-366.77360364882406,697.1883841780135,-331.08655460390986,-0.6717740747203834
17.26,1.0685721854968244e-22,5.073107532773436e-22,0.0,-2.006320008667282,1.0,-0.0002928370247095777,-0.0002928370247095777,-1.2033447024137292,0.23239066389667679,-0.029045961482947642,-366.77360364882406,697.1883841780135,-331.08655460390986,-0.6717740747203834
17.28,1.0075658663321549e-22,4.783177777923208e-22,0.0,-2.006320008667282,1.0,-0.0002928370247095777,-0.0002928370247095777,-1.2033447024137292,0.23239066389667679,-0.029045961482947642,-366.77360364882406,697.1883841780135,-331.08655460390986,-0.6717740747203834
17.3,9.500410869031883e-23,4.509811629692203e-22,0.0,-2.006320008667282,1.0,-0.0002928370247095777,-0.0002928370247095777,-1.2033447024137292,0.23239066389667679,-0.029045961482947642,-366.77360364882406,697.1883841780135,-331.08655460390986,-0.6717740747203834
17.32,8.957992440020563e-23,4.25206316830793e-22,0.0,-2.006320008667282,1.0,-0.0002928370247095777,-0.0002928370247095777,-1.2033447024137292,0.23239066389667679,-0.029045961482947642,-366.77360364882406,697.1883841780135,-331.08655460390986,-0.6717740747203834
17.34,8.446530587339464e-23,4.0090404728444535e-22,0.0,-2.006320008667282,1.0,-0.0002928370247095777,-0.0002928370247095777,-1.2033447024137292,0.23239066389667679,-0.029045961482947642,-366.77360364882406,697.1883841780135,-331.08655460390986,-0.6717740747203834
17.36,7.964259311006679e-23,3.7799025398905025e-22,0.0,-2.006320008667282,1.0,-0.0002928370247095777,-0.0002928370247095777,-1.2033447024137292,0.23239066389667679,-0.029045961482947642,-366.77360364882406,697.1883841780135,-331.08655460390986,-0.6717740747203834
17.38,7.509513313515403e-23,3.5638563779725333e-22,0.0,-2.006320008667282,1.0,-0.0002928370247095777,-0.0002928370247095777,-1.2033447024137292,0.23239066389667679,-0.029045961482947642,-366.77360364882406,697.1883841780135,-331.08655460390986,-0.6717740747203834
17.400000000000002,7.080722260081201e-23,3.3601542677100433e-22,0.0,-2.006320008667282,1.0,-0.0002928370247095777,-0.0002928370247095777,-1.2033447024137292,0.23239066389667679,-0.029045961482947642,-366.77360364882406,697.1883841780135,-331.08655460390986,-0.6717740747203834
17.42,6.676405365884698e-23,3.168091178272985e-22,0.0,-2.006320008667282,1.0,-0.0002928370247095777,-0.0002928370247095777,-1.2033447024137292,0.23239066389667679,-0.029045961482947642,-366.77360364882406,697.1883841780135,-331.08655460390986,-0.6717740747203834
17.44,6.295166291688729e-23,2.987002331175668e-22,0.0,-2.006320008667282,1.0,-0.0002928370247095777,-0.0002928370247095777,-1.2033447024137292,0.23239066389667679,-0.029045961482947642,-366.77360364882406,697.1883841780135,-331.08655460390986,-0.6717740747203834
17.46,5.935688330271424e-23,2.816260903088356e-22,0.0,-2.006320008667282,1.0,-0.0002928370247095777,-0.0002928370247095777,-1.2033447024137292,0.23239066389667679,-0.029045961482947642,-366.77360364882406,697.1883841780135,-331.08655460390986,-0.6717740747203834
17.48,5.596729867113408e-23,2.655275859667731e-22,0.0,-2.006320008667282,1.0,-0.0002928370247095777,-0.0002928370247095777,-1.2033447024137292,0.23239066389667679,-0.029045961482947642,-366.77360364882406,697.1883841780135,-331.08655460390986,-0.6717740747203834
17.5,5.277120099721471e-23,2.503489912970123e-22,0.0,-2.006320008667282,1.0,-0.0002928370247095777,-0.0002928370247095777,-1.2033447024137292,0.23239066389667679,-0.029045961482947642,-366.77360364882406,697.1883841780135,-331.08655460390986,-0.6717740747203834
17.52,4.9757550008594775e-23,2.3603775953923585e-22,0.0,-2.006320008667282,1.0,-0.0002928370247095777,-0.0002928370247095777,-1.2033447024137292,0.23239066389667679,-0.029045961482947642,-366.77360364882406,697.1883841780135,-331.08655460390986,-0.6717740747203834
17.54,4.691593511795811e-23,2.225443443496676e-22,0.0,-2.006320008667282,1.0,-0.0002928370247095777,-0.0002928370247095777,-1.2033447024137292,0.23239066389667679,-0.029045961482947642,-366.77360364882406,697.1883841780135,-331.08655460390986,-0.6717740747203834
17.56,4.423653952467256e-23,2.0982202854525211e-22,0.0,-2.006320008667282,1.0,-0.0002928370247095777,-0.0002928370247095777,-1.2033447024137292,0.23239066389667679,-0.029045961482947642,-366.77360364882406,697.1883841780135,-331.08655460390986,-0.6717740747203834
17.580000000000002,4.1710106362049324e-23,1.978267626184716e-22,0.0,-2.006320008667282,1.0,-0.0002928370247095777,-0.0002928370247095777,-1.2033447024137292,0.23239066389667679,-0.029045961482947642,-366.77360364882406,697.1883841780135,-331.08655460390986,-0.6717740747203834
17.6,3.93279067737147e-23,1.8651701246665672e-22,0.0,-2.006320008667282,1.0,-0.0002928370247095777,-0.0002928370247095777,-1.2033447024137292,0.23239066389667679,-0.029045961482947642,-366.77360364882406,697.1883841780135,-331.08655460390986,-0.6717740747203834
17.62,3.7081709809209276e-23,1.758536158072121e-22,0.0,-2.006320008667282,1.0,-0.0002928370247095777,-0.0002928370247095777,-1.2033447024137292,0.23239066389667679,-0.029045961482947642,-366.77360364882406,697.1883841780135,-331.08655460390986,-0.6717740747203834
17.64,3.496375403520095e-23,1.6579964678819418e-22,0.0,-2.006320008667282,1.0,-0.0002928370247095777,-0.0002928370247095777,-1.2033447024137292,0.23239066389667679,-0.029045961482947642,-366.77360364882406,697.1883841780135,-331.08655460390986,-0.6717740747203834
17.66,3.2966720764581515e-23,1.5632028832252907e-22,0.0,-2.006320008667282,1.0,-0.0002928370247095777,-0.0002928370247095777,-1.2033447024137292,0.23239066389667679,-0.029045961482947642,-366.77360364882406,697.1883841780135,-331.08655460390986,-0.6717740747203834
17.68,3.1083708811289566e-23,1.473827117073929e-22,0.0,-2.006320008667282,1.0,-0.0002928370247095777,-0.0002928370247095777,-1.2033447024137292,0.23239066389667679,-0.029045961482947642,-366.77360364882406,697.1883841780135,-331.08655460390986,-0.6717740747203834
17.7,2.930821068394669e-23,1.3895596311287375e-22,0.0,-2.006320008667282,1.0,-0.0002928370247095777,-0.0002928370247095777,-1.2033447024137292,0.23239066389667679,-0.029045961482947642,-366.77360364882406,697.1883841780135,-331.08655460390986,-0.6717740747203834
17.72,2.7634090136342673e-23,1.3101085654801887e-22,0.0,-2.006320008667282,1.0,-0.0002928370247095777,-0.0002928370247095777,-1.2033447024137292,0.23239066389667679,-0.029045961482947642,-366.77360364882406,697.1883841780135,-331.08655460390986,-0.6717740747203834
17.740000000000002,2.6055560997472298e-23,1.2351987293479093e-22,0.0,-2.006320008667282,1.0,-0.0002928370247095777,-0.0002928370247095777,-1.2033447024137292,0.23239066389667679,-0.029045961482947642,-366.77360364882406,697.1883841780135,-331.08655460390986,-0.6717740747203834
17.76,2.4567167208229253e-23,1.164570649421018e-22,0.0,-2.006320008667282,1.0,-0.0002928370247095777,-0.0002928370247095777,-1.2033447024137292,0.23239066389667679,-0.029045961482947642,-366.77360364882406,697.1883841780135,-331.08655460390986,-0.6717740747203834
17.78,2.31637639960078e-23,1.097979672494712e-22,0.0,-2.006320008667282,1.0,-0.0002928370247095777,-0.0002928370247095777,-1.2033447024137292,0.23239066389667679,-0.029045961482947642,-366.77360364882406,697.1883841780135,-331.08655460390986,-0.6717740747203834
17.8,2.1840500122387422e-23,1.0351951193360807e-22,0.0,-2.006320008667282,1.0,-0.0002928370247095777,-0.0002928370247095777,-1.2033447024137292,0.23239066389667679,-0.029045961482947642,-366.77360364882406,697.1883841780135,-331.08655460390986,-0.6717740747203834
17.82,2.0592801142757357e-23,9.759994868293956e-23,0.0,-2.006320008667282,1.0,-0.0002928370247095777,-0.0002928370247095777,-1.2033447024137292,0.23239066389667679,-0.029045961482947642,-366.77360364882406,697.1883841780135,-331.08655460390986,-0.6717740747203834
17.84,1.9416353620225607e-23,9.201876956599848e-23,0.0,-2.006320008667282,1.0,-0.0002928370247095777,-0.0002928370247095777,-1.2033447024137292,0.23239066389667679,-0.029045961482947642,-366.77360364882406,697.1883841780135,-331.08655460390986,-0.6717740747203834
17.86,1.8307090239438574e-23,8.675663809359628e-23,0.0,-2.006320008667282,1.0,-0.0002928370247095777,-0.0002928370247095777,-1.2033447024137292,0.23239066389667679,-0.029045961482947642,-366.77360364882406,697.1883841780135,-331.08655460390986,-0.6717740747203834
17.88,1.7261175769034415e-23,8.179532232983888e-23,0.0,-2.006320008667282,1.0,-0.0002928370247095777,-0.0002928370247095777,-1.2033447024137292,0.23239066389667679,-0.029045961482947642,-366.77360364882406,697.1883841780135,-331.08655460390986,-0.6717740747203834
17.900000000000002,1.6274993824373268e-23,7.711763182088324e-23,0.0,-2.006320008667282,1.0,-0.0002928370247095777,-0.0002928370247095777,-1.2033447024137292,0.23239066389667679,-0.029045961482947642,-366.77360364882406,697.1883841780135,-331.08655460390986,-0.6717740747203834
17.92,1.5345134384942914e-23,7.270735812408047e-23,0.0,-2.006320008667282,1.0,-0.0002928370247095777,-0.0002928370247095777,-1.2033447024137292,0.23239066389667679,-0.029045961482947642,-366.77360364882406,697.1883841780135,-331.08655460390986,-0.6717740747203834
17.94,1.4468382023432038e-23,6.854921873085684e-23,0.0,-2.006320008667282,1.0,-0.0002928370247095777,-0.0002928370247095777,-1.2033447024137292,0.23239066389667679,-0.029045961482947642,-366.77360364882406,697.1883841780135,-331.08655460390986,-0.6717740747203834
17.96,1.364170480591896e-23,6.462880419158903e-23,0.0,-2.006320008667282,1.0,-0.0002928370247095777,-0.0002928370247095777,-1.2033447024137292,0.23239066389667679,-0.029045961482947642,-366.77360364882406,697.1883841780135,-331.08655460390986,-0.6717740747203834
17.98,1.2862243824927488e-23,6.093252825808934e-23,0.0,-2.006320008667282,1.0,-0.0002928370247095777,-0.0002928370247095777,-1.2033447024137292,0.23239066389667679,-0.029045961482947642,-366.77360364882406,697.1883841780135,-331.08655460390986,-0.6717740747203834
18.0,1.2127303329283783e-23,5.74475808723322e-23,0.0,-2.006320008667282,1.0,-0.0002928370247095777,-0.0002928370247095777,-1.2033447024137292,0.23239066389667679,-0.029045961482947642,-366.77360364882406,697.1883841780135,-331.08655460390986,-0.6717740747203834
18.02,1.1434341416761357e-23,5.416188383885928e-23,0.0,-2.006320008667282,1.0,-0.0002928370247095777,-0.0002928370247095777,-1.2033447024137292,0.23239066389667679,-0.029045961482947642,-366.77360364882406,697.1883841780135,-331.08655460390986,-0.6717740747203834
18.04,1.0780961257439088e-23,5.106404902769971e-23,0.0,-2.006320008667282,1.0,-0.0002928370247095777,-0.0002928370247095777,-1.2033447024137292,0.23239066389667679,-0.029045961482947642,-366.77360364882406,697.1883841780135,-331.08655460390986,-0.6717740747203834
18.06,1.0164902817524291e-23,4.814333896343136e-23,0.0,-2.006320008667282,1.0,-0.0002928370247095777,-0.0002928370247095777,-1.2033447024137292,0.23239066389667679,-0.029045961482947642,-366.77360364882406,697.1883841780135,-331.08655460390986,-0.6717740747203834
18.080000000000002,9.584035055115921e-24,4.5389629664149344e-23,0.0,-2.006320008667282,1.0,-0.0002928370247095777,-0.0002928370247095777,-1.2033447024137292,0.23239066389667679,-0.029045961482947642,-366.77360364882406,697.1883841780135,-331.08655460390986,-0.6717740747203834
18.1,9.036348561008807e-24,4.279337560223362e-23,0.0,-2.006320008667282,1.0,-0.0002928370247095777,-0.0002928370247095777,-1.2033447024137292,0.23239066389667679,-0.029045961482947642,-366.77360364882406,697.1883841780135,-331.08655460390986,-0.6717740747203834
18.12,8.519948619170103e-24,4.034557666508223e-23,0.0,-2.006320008667282,1.0,-0.0002928370247095777,-0.0002928370247095777,-1.2033447024137292,0.23239066389667679,-0.029045961482947642,-366.77360364882406,697.1883841780135,-331.08655460390986,-0.6717740747203834
18.14,8.033048662968078e-24,3.803774700279378e-23,0.0,-2.006320008667282,1.0,-0.0002928370247095777,-0.0002928370247095777,-1.2033447024137292,0.23239066389667679,-0.029045961482947642,-366.77360364882406,697.1883841780135,-331.08655460390986,-0.6717740747203834
18.16,7.573964104592648e-24,3.5861885654128055e-23,0.0,-2.006320008667282,1.0,-0.0002928370247095777,-0.0002928370247095777,-1.2033447024137292,0.23239066389667679,-0.029045961482947642,-366.77360364882406,697.1883841780135,-331.08655460390986,-0.6717740747203834
18.18,7.14110651639456e-24,3.3810448849725076e-23,0.0,-2.006320008667282,1.0,-0.0002928370247095777,-0.0002928370247095777,-1.2033447024137292,0.23239066389667679,-0.029045961482947642,-366.77360364882406,697.1883841780135,-331.08655460390986,-0.6717740747203834
18.2,6.73297814408155e-24,3.1876323896760566e-23,0.0,-2.006320008667282,1.0,-0.0002928370247095777,-0.0002928370247095777,-1.2033447024137292,0.23239066389667679,-0.029045961482947642,-366.77360364882406,697.1883841780135,-331.08655460390986,-0.6717740747203834
18.22,6.3481667328530215e-24,3.005280455476625e-23,0.0,-2.006320008667282,1.0,-0.0002928370247095777,-0.0002928370247095777,-1.2033447024137292,0.23239066389667679,-0.029045961482947642,-366.77360364882406,697.1883841780135,-331.08655460390986,-0.6717740747203834
18.240000000000002,5.985340648632722e-24,2.833356781749404e-23,0.0,-2.006320008667282,1.0,-0.0002928370247095777,-0.0002928370247095777,-1.2033447024137292,0.23239066389667679,-0.029045961482947642,-366.77360364882406,697.1883841780135,-331.08655460390986,-0.6717740747203834
18.26,5.6432442775759486e-24,2.6712652020716593e-23,0.0,-2.006320008667282,1.0,-0.0002928370247095777,-0.0002928370247095777,-1.2033447024137292,0.23239066389667679,-0.029045961482947642,-366.77360364882406,697.1883841780135,-331.08655460390986,-0.6717740747203834
18.28,5.3206936879851395e-24,2.5184436199837355e-23,0.0,-2.006320008667282,1.0,-0.0002928370247095777,-0.0002928370247095777,-1.2033447024137292,0.23239066389667679,-0.029045961482947642,-366.77360364882406,697.1883841780135,-331.08655460390986,-0.6717740747203834
18.3,5.0165725396741184e-24,2.3743620626663353e-23,0.0,-2.006320008667282,1.0,-0.0002928370247095777,-0.0002928370247095777,-1.2033447024137292,0.23239066389667679,-0.029045961482947642,-366.77360364882406,697.1883841780135,-331.08655460390986,-0.6717740747203834
18.32,4.729828226671567e-24,2.2385208457409587e-23,0.0,-2.006320008667282,1.0,-0.0002928370247095777,-0.0002928370247095777,-1.2033447024137292,0.23239066389667679,-0.029045961482947642,-366.77360364882406,697.1883841780135,-331.08655460390986,-0.6717740747203834
18.34,4.459468239959671e-24,2.110448842880834e-23,0.0,-2.006320008667282,1.0,-0.0002928370247095777,-0.0002928370247095777,-1.2033447024137292,0.23239066389667679,-0.029045961482947642,-366.77360364882406,697.1883841780135,-331.08655460390986,-0.6717740747203834
18.36,4.2045567377017245e-24,1.9897018542425335e-23,0.0,-2.006320008667282,1.0,-0.0002928370247095777,-0.0002928370247095777,-1.2033447024137292,0.23239066389667679,-0.029045961482947642,-366.77360364882406,697.1883841780135,-331.08655460390986,-0.6717740747203834
18.38,3.964211311127533e-24,1.8758610680765497e-23,0.0,-2.006320008667282,1.0,-0.0002928370247095777,-0.0002928370247095777,-1.2033447024137292,0.23239066389667679,-0.029045961482947642,-366.77360364882406,697.1883841780135,-331.08655460390986,-0.6717740747203834
18.400000000000002,3.7375999349197806e-24,1.7685316101970603e-23,0.0,-2.006320008667282,1.0,-0.0002928370247095777,-0.0002928370247095777,-1.2033447024137292,0.23239066389667679,-0.029045961482947642,-366.77360364882406,697.1883841780135,-331.08655460390986,-0.6717740747203834
18.42,3.52393809158066e-24,1.6673411763036342e-23,0.0,-2.006320008667282,1.0,-0.0002928370247095777,-0.0002928370247095777,-1.2033447024137292,0.23239066389667679,-0.029045961482947642,-366.77360364882406,697.1883841780135,-331.08655460390986,-0.6717740747203834
18.44,3.322486059856905e-24,1.5719387423974355e-23,0.0,-2.006320008667282,1.0,-0.0002928370247095777,-0.0002928370247095777,-1.2033447024137292,0.23239066389667679,-0.029045961482947642,-366.77360364882406,697.1883841780135,-331.08655460390986,-0.6717740747203834
18.46,3.132546357868298e-24,1.4819933488767902e-23,0.0,-2.006320008667282,1.0,-0.0002928370247095777,-0.0002928370247095777,-1.2033447024137292,0.23239066389667679,-0.029045961482947642,-366.77360364882406,697.1883841780135,-331.08655460390986,-0.6717740747203834
18.48,2.9534613321165895e-24,1.3971929540665336e-23,0.0,-2.006320008667282,1.0,-0.0002928370247095777,-0.0002928370247095777,-1.2033447024137292,0.23239066389667679,-0.029045961482947642,-366.77360364882406,697.1883841780135,-331.08655460390986,-0.6717740747203834
18.5,2.784610884055502e-24,1.3172433532357796e-23,0.0,-2.006320008667282,1.0,-0.0002928370247095777,-0.0002928370247095777,-1.2033447024137292,0.23239066389667679,-0.029045961482947642,-366.77360364882406,697.1883841780135,-331.08655460390986,-0.6717740747203834
18.52,2.6254103263764843e-24,1.2418671593610908e-23,0.0,-2.006320008667282,1.0,-0.0002928370247095777,-0.0002928370247095777,-1.2033447024137292,0.23239066389667679,-0.029045961482947642,-366.77360364882406,697.1883841780135,-331.08655460390986,-0.6717740747203834
18.54,2.475308361612147e-24,1.1708028421094028e-23,0.0,-2.006320008667282,1.0,-0.0002928370247095777,-0.0002928370247095777,-1.2033447024137292,0.23239066389667679,-0.029045961482947642,-366.77360364882406,697.1883841780135,-331.08655460390986,-0.6717740747203834
18.56,2.333785176081045e-24,1.1038038217164599e-23,0.0,-2.006320008667282,1.0,-0.0002928370247095777,-0.0002928370247095777,-1.2033447024137292,0.23239066389667679,-0.029045961482947642,-366.77360364882406,697.1883841780135,-331.08655460390986,-0.6717740747203834
18.580000000000002,2.200350642595178e-24,1.0406376146253082e-23,0.0,-2.006320008667282,1.0,-0.0002928370247095777,-0.0002928370247095777,-1.2033447024137292,0.23239066389667679,-0.029045961482947642,-366.77360364882406,697.1883841780135,-331.08655460390986,-0.6717740747203834
18.6,2.074542625726788e-24,9.810850279348772e-24,0.0,-2.006320008667282,1.0,-0.0002928370247095777,-0.0002928370247095777,-1.2033447024137292,0.23239066389667679,-0.029045961482947642,-366.77360364882406,697.1883841780135,-331.08655460390986,-0.6717740747203834
18.62,1.9559253837842117e-24,9.249393998553679e-24,0.0,-2.006320008667282,1.0,-0.0002928370247095777,-0.0002928370247095777,-1.2033447024137292,0.23239066389667679,-0.029045961482947642,-366.77360364882406,697.1883841780135,-331.08655460390986,-0.6717740747203834
18.64,1.8440880619809182e-24,8.720058835681995e-24,0.0,-2.006320008667282,1.0,-0.0002928370247095777,-0.0002928370247095777,-1.2033447024137292,0.23239066389667679,-0.029045961482947642,-366.77360364882406,697.1883841780135,-331.08655460390986,-0.6717740747203834
18.66,1.7386432715955395e-24,8.221007719898253e-24,0.0,-2.006320008667282,1.0,-0.0002928370247095777,-0.0002928370247095777,-1.2033447024137292,0.23239066389667679,-0.029045961482947642,-366.77360364882406,697.1883841780135,-331.08655460390986,-0.6717740747203834
18.68,1.6392257502177799e-24,7.750508611138799e-24,0.0,-2.006320008667282,1.0,-0.0002928370247095777,-0.0002928370247095777,-1.2033447024137292,0.23239066389667679,-0.029045961482947642,-366.77360364882406,697.1883841780135,-331.08655460390986,-0.6717740747203834
18.7,1.5454910984546353e-24,7.306928497266561e-24,0.0,-2.006320008667282,1.0,-0.0002928370247095777,-0.0002928370247095777,-1.2033447024137292,0.23239066389667679,-0.029045961482947642,-366.77360364882406,697.1883841780135,-331.08655460390986,-0.6717740747203834
18.72,1.4571145887351233e-24,6.888727734184426e-24,0.0,-2.006320008667282,1.0,-0.0002928370247095777,-0.0002928370247095777,-1.2033447024137292,0.23239066389667679,-0.029045961482947642,-366.77360364882406,697.1883841780135,-331.08655460390986,-0.6717740747203834
18.740000000000002,1.3737900421004187e-24,6.494454709314694e-24,0.0,-2.006320008667282,1.0,-0.0002928370247095777,-0.0002928370247095777,-1.2033447024137292,0.23239066389667679,-0.029045961482947642,-366.77360364882406,697.1883841780135,-331.08655460390986,-0.6717740747203834
18.76,1.2952287691009461e-24,6.122740810012984e-24,0.0,-2.006320008667282,1.0,-0.0002928370247095777,-0.0002928370247095777,-1.2033447024137292,0.23239066389667679,-0.029045961482947642,-366.77360364882406,697.1883841780135,-331.08655460390986,-0.6717740747203834
18.78,1.2211585711428323e-24,5.772295679397996e-24,0.0,-2.006320008667282,1.0,-0.0002928370247095777,-0.0002928370247095777,-1.2033447024137292,0.23239066389667679,-0.029045961482947642,-366.77360364882406,697.1883841780135,-331.08655460390986,-0.6717740747203834
18.8,1.1513227988352205e-24,5.441902743338971e-24,0.0,-2.006320008667282,1.0,-0.0002928370247095777,-0.0002928370247095777,-1.2033447024137292,0.23239066389667679,-0.029045961482947642,-366.77360364882406,697.1883841780135,-331.08655460390986,-0.6717740747203834
18.82,1.0854794640861013e-24,5.130414992974283e-24,0.0,-2.006320008667282,1.0,-0.0002928370247095777,-0.0002928370247095777,-1.2033447024137292,0.23239066389667679,-0.029045961482947642,-366.77360364882406,697.1883841780135,-331.08655460390986,-0.6717740747203834
18.84,1.0234004028800868e-24,4.8367510082321955e-24,0.0,-2.006320008667282,1.0,-0.0002928370247095777,-0.0002928370247095777,-1.2033447024137292,0.23239066389667679,-0.029045961482947642,-366.77360364882406,697.1883841780135,-331.08655460390986,-0.6717740747203834
18.86,9.648704858463556e-25,4.55989120857428e-24,0.0,-2.006320008667282,1.0,-0.0002928370247095777,-0.0002928370247095777,-1.2033447024137292,0.23239066389667679,-0.029045961482947642,-366.77360364882406,697.1883841780135,-331.08655460390986,-0.6717740747203834
18.88,9.096868738899344e-25,4.2988743179825245e-24,0.0,-2.006320008667282,1.0,-0.0002928370247095777,-0.0002928370247095777,-1.2033447024137292,0.23239066389667679,-0.029045961482947642,-366.77360364882406,697.1883841780135,-331.08655460390986,-0.6717740747203834
18.900000000000002,8.576583163149917e-25,4.052794031948525e-24,0.0,-2.006320008667282,1.0,-0.0002928370247095777,-0.0002928370247095777,-1.2033447024137292,0.23239066389667679,-0.029045961482947642,-366.77360364882406,697.1883841780135,-331.08655460390986,-0.6717740747203834
18.92,8.08604489015546e-25,3.820795874948455e-24,0.0,-2.006320008667282,1.0,-0.0002928370247095777,-0.0002928370247095777,-1.2033447024137292,0.23239066389667679,-0.029045961482947642,-366.77360364882406,697.1883841780135,-331.08655460390986,-0.6717740747203834
18.94,7.6235537044708415e-25,3.6020742374580734e-24,0.0,-2.006320008667282,1.0,-0.0002928370247095777,-0.0002928370247095777,-1.2033447024137292,0.23239066389667679,-0.029045961482947642,-366.77360364882406,697.1883841780135,-331.08655460390986,-0.6717740747203834
18.96,7.187506532233317e-25,3.395869582349865e-24,0.0,-2.006320008667282,1.0,-0.0002928370247095777,-0.0002928370247095777,-1.2033447024137292,0.23239066389667679,-0.029045961482947642,-366.77360364882406,697.1883841780135,-331.08655460390986,-0.6717740747203834
18.98,6.776391893050623e-25,3.201465810910175e-24,0.0,-2.006320008667282,1.0,-0.0002928370247095777,-0.0002928370247095777,-1.2033447024137292,0.23239066389667679,-0.029045961482947642,-366.77360364882406,697.1883841780135,-331.08655460390986,-0.6717740747203834
19.0,6.388784668639906e-25,3.018187779397341e-24,0.0,-2.006320008667282,1.0,-0.0002928370247095777,-0.0002928370247095777,-1.2033447024137292,0.23239066389667679,-0.029045961482947642,-366.77360364882406,697.1883841780135,-331.08655460390986,-0.6717740747203834
19.02,6.023341170140839e-25,2.8453989575334038e-24,0.0,-2.006320008667282,1.0,-0.0002928370247095777,-0.0002928370247095777,-1.2033447024137292,0.23239066389667679,-0.029045961482947642,-366.77360364882406,697.1883841780135,-331.08655460390986,-0.6717740747203834
19.04,5.678794487057568e-25,2.6824992208202086e-24,0.0,-2.006320008667282,1.0,-0.0002928370247095777,-0.0002928370247095777,-1.2033447024137292,0.23239066389667679,-0.029045961482947642,-366.77360364882406,697.1883841780135,-331.08655460390986,-0.6717740747203834
19.06,5.353950101756456e-25,2.5289227690335175e-24,0.0,-2.006320008667282,1.0,-0.0002928370247095777,-0.0002928370247095777,-1.2033447024137292,0.23239066389667679,-0.029045961482947642,-366.77360364882406,697.1883841780135,-331.08655460390986,-0.6717740747203834
19.080000000000002,5.0476817543635055e-25,2.3841361636847604e-24,0.0,-2.006320008667282,1.0,-0.0002928370247095777,-0.0002928370247095777,-1.2033447024137292,0.23239066389667679,-0.029045961482947642,-366.77360364882406,697.1883841780135,-331.08655460390986,-0.6717740747203834
19.1,4.758927543770362e-25,2.2476364776666913e-24,0.0,-2.006320008667282,1.0,-0.0002928370247095777,-0.0002928370247095777,-1.2033447024137292,0.23239066389667679,-0.029045961482947642,-366.77360364882406,697.1883841780135,-331.08655460390986,-0.6717740747203834
19.12,4.486686251271962e-25,2.1189495506341882e-24,0.0,-2.006320008667282,1.0,-0.0002928370247095777,-0.0002928370247095777,-1.2033447024137292,0.23239066389667679,-0.029045961482947642,-366.77360364882406,697.1883841780135,-331.08655460390986,-0.6717740747203834
19.14,4.230013874129685e-25,1.9976283441383687e-24,0.0,-2.006320008667282,1.0,-0.0002928370247095777,-0.0002928370247095777,-1.2033447024137292,0.23239066389667679,-0.029045961482947642,-366.77360364882406,697.1883841780135,-331.08655460390986,-0.6717740747203834
19.16,3.988020357076962e-25,1.8832513907629138e-24,0.0,-2.006320008667282,1.0,-0.0002928370247095777,-0.0002928370247095777,-1.2033447024137292,0.23239066389667679,-0.029045961482947642,-366.77360364882406,697.1883841780135,-331.08655460390986,-0.6717740747203834
19.18,3.759866510469016e-25,1.775421331913978e-24,0.0,-2.006320008667282,1.0,-0.0002928370247095777,-0.0002928370247095777,-1.2033447024137292,0.23239066389667679,-0.029045961482947642,-366.77360364882406,697.1883841780135,-331.08655460390986,-0.6717740747203834
19.2,3.5447611044227633e-25,1.6737635391952346e-24,0.0,-2.006320008667282,1.0,-0.0002928370247095777,-0.0002928370247095777,-1.2033447024137292,0.23239066389667679,-0.029045961482947642,-366.77360364882406,697.1883841780135,-331.08655460390986,-0.6717740747203834
19.22,3.341958128900834e-25,1.5779248145903492e-24,0.0,-2.006320008667282,1.0,-0.0002928370247095777,-0.0002928370247095777,-1.2033447024137292,0.23239066389667679,-0.029045961482947642,-366.77360364882406,697.1883841780135,-331.08655460390986,-0.6717740747203834
19.240000000000002,3.1507542102668564e-25,1.4875721649488691e-24,0.0,-2.006320008667282,1.0,-0.0002928370247095777,-0.0002928370247095777,-1.2033447024137292,0.23239066389667679,-0.029045961482947642,-366.77360364882406,697.1883841780135,-331.08655460390986,-0.6717740747203834
19.26,2.970486175379912e-25,1.4023916465373963e-24,0.0,-2.006320008667282,1.0,-0.0002928370247095777,-0.0002928370247095777,-1.2033447024137292,0.23239066389667679,-0.029045961482947642,-366.77360364882406,697.1883841780135,-331.08655460390986,-0.6717740747203834
19.28,2.800528754805062e-25,1.322087275628442e-24,0.0,-2.006320008667282,1.0,-0.0002928370247095777,-0.0002928370247095777,-1.2033447024137292,0.23239066389667679,-0.029045961482947642,-366.77360364882406,697.1883841780135,-331.08655460390986,-0.6717740747203834
19.3,2.640292417198669e-25,1.246380001389877e-24,0.0,-2.006320008667282,1.0,-0.0002928370247095777,-0.0002928370247095777,-1.2033447024137292,0.23239066389667679,-0.029045961482947642,-366.77360364882406,697.1883841780135,-331.08655460390986,-0.6717740747203834
19.32,2.4892213273792637e-25,1.1750067374822197e-24,0.0,-2.006320008667282,1.0,-0.0002928370247095777,-0.0002928370247095777,-1.2033447024137292,0.23239066389667679,-0.029045961482947642,-366.77360364882406,697.1883841780135,-331.08655460390986,-0.6717740747203834
19.34,2.3467914210227438e-25,1.1077194490235184e-24,0.0,-2.006320008667282,1.0,-0.0002928370247095777,-0.0002928370247095777,-1.2033447024137292,0.23239066389667679,-0.029045961482947642,-366.77360364882406,697.1883841780135,-331.08655460390986,-0.6717740747203834
19.36,2.212508589323487e-25,1.0442842917552439e-24,0.0,-2.006320008667282,1.0,-0.0002928370247095777,-0.0002928370247095777,-1.2033447024137292,0.23239066389667679,-0.029045961482947642,-366.77360364882406,697.1883841780135,-331.08655460390986,-0.6717740747203834
19.38,2.085906967342958e-25,9.844808004250704e-25,0.0,-2.006320008667282,1.0,-0.0002928370247095777,-0.0002928370247095777,-1.2033447024137292,0.23239066389667679,-0.029045961482947642,-366.77360364882406,697.1883841780135,-331.08655460390986,-0.6717740747203834
19.400000000000002,1.9665473201256953e-25,9.281011235730934e-25,0.0,-2.006320008667282,1.0,-0.0002928370247095777,-0.0002928370247095777,-1.2033447024137292,0.23239066389667679,-0.029045961482947642,-366.77360364882406,697.1883841780135,-331.08655460390986,-0.6717740747203834
19.42,1.8540155210005907e-25,8.749493020744606e-25,0.0,-2.006320008667282,1.0,-0.0002928370247095777,-0.0002928370247095777,-1.2033447024137292,0.23239066389667679,-0.029045961482947642,-366.77360364882406,697.1883841780135,-331.08655460390986,-0.6717740747203834
19.44,1.7479211168035148e-25,8.2484058892243795e-25,0.0,-2.006320008667282,1.0,-0.0002928370247095777,-0.0002928370247095777,-1.2033447024137292,0.23239066389667679,-0.029045961482947642,-366.77360364882406,697.1883841780135,-331.08655460390986,-0.6717740747203834
19.46,1.647895975058534e-25,7.77600807918033e-25,0.0,-2.006320008667282,1.0,-0.0002928370247095777,-0.0002928370247095777,-1.2033447024137292,0.23239066389667679,-0.029045961482947642,-366.77360364882406,697.1883841780135,-331.08655460390986,-0.6717740747203834
19.48,1.5535930084374884e-25,7.330657490215903e-25,0.0,-2.006320008667282,1.0,-0.0002928370247095777,-0.0002928370247095777,-1.2033447024137292,0.23239066389667679,-0.029045961482947642,-366.77360364882406,697.1883841780135,-331.08655460390986,-0.6717740747203834
19.5,1.464684972085266e-25,6.910805982807823e-25,0.0,-2.006320008667282,1.0,-0.0002928370247095777,-0.0002928370247095777,-1.2033447024137292,0.23239066389667679,-0.029045961482947642,-366.77360364882406,697.1883841780135,-331.08655460390986,-0.6717740747203834
19.52,1.3808633296498507e-25,6.514994003564907e-25,0.0,-2.006320008667282,1.0,-0.0002928370247095777,-0.0002928370247095777,-1.2033447024137292,0.23239066389667679,-0.029045961482947642,-366.77360364882406,697.1883841780135,-331.08655460390986,-0.6717740747203834
19.54,1.3018371840937496e-25,6.141845517832333e-25,0.0,-2.006320008667282,1.0,-0.0002928370247095777,-0.0002928370247095777,-1.2033447024137292,0.23239066389667679,-0.029045961482947642,-366.77360364882406,697.1883841780135,-331.08655460390986,-0.6717740747203834
19.56,1.227332269587364e-25,5.790063232071628e-25,0.0,-2.006320008667282,1.0,-0.0002928370247095777,-0.0002928370247095777,-1.2033447024137292,0.23239066389667679,-0.029045961482947642,-366.77360364882406,697.1883841780135,-331.08655460390986,-0.6717740747203834
19.580000000000002,1.1570900009960324e-25,5.458424089446619e-25,0.0,-2.006320008667282,1.0,-0.0002928370247095777,-0.0002928370247095777,-1.2033447024137292,0.23239066389667679,-0.029045961482947642,-366.77360364882406,697.1883841780135,-331.08655460390986,-0.6717740747203834
19.6,1.0908665776716952e-25,5.1457750230283955e-25,0.0,-2.006320008667282,1.0,-0.0002928370247095777,-0.0002928370247095777,-1.2033447024137292,0.23239066389667679,-0.029045961482947642,-366.77360364882406,697.1883841780135,-331.08655460390986,-0.6717740747203834
19.62,1.0284321384476263e-25,4.851028951805242e-25,0.0,-2.006320008667282,1.0,-0.0002928370247095777,-0.0002928370247095777,-1.2033447024137292,0.23239066389667679,-0.029045961482947642,-366.77360364882406,697.1883841780135,-331.08655460390986,-0.6717740747203834
19.64,9.695699649121769e-26,4.5731610057489675e-25,0.0,-2.006320008667282,1.0,-0.0002928370247095777,-0.0002928370247095777,-1.2033447024137292,0.23239066389667679,-0.029045961482947642,-366.77360364882406,697.1883841780135,-331.08655460390986,-0.6717740747203834
19.66,9.140757302039829e-26,4.311204966726878e-25,0.0,-2.006320008667282,1.0,-0.0002928370247095777,-0.0002928370247095777,-1.2033447024137292,0.23239066389667679,-0.029045961482947642,-366.77360364882406,697.1883841780135,-331.08655460390986,-0.6717740747203834
19.68,8.617567907287653e-26,4.064249912973418e-25,0.0,-2.006320008667282,1.0,-0.0002928370247095777,-0.0002928370247095777,-1.2033447024137292,0.23239066389667679,-0.029045961482947642,-366.77360364882406,697.1883841780135,-331.08655460390986,-0.6717740747203834
19.7,8.124315183462087e-26,3.8314370554739803e-25,0.0,-2.006320008667282,1.0,-0.0002928370247095777,-0.0002928370247095777,-1.2033447024137292,0.23239066389667679,-0.029045961482947642,-366.77360364882406,697.1883841780135,-331.08655460390986,-0.6717740747203834
19.72,7.659286707153804e-26,3.611956755286757e-25,0.0,-2.006320008667282,1.0,-0.0002928370247095777,-0.0002928370247095777,-1.2033447024137292,0.23239066389667679,-0.029045961482947642,-366.77360364882406,697.1883841780135,-331.08655460390986,-0.6717740747203834
19.740000000000002,7.220867976191246e-26,3.4050457114561723e-25,0.0,-2.006320008667282,1.0,-0.0002928370247095777,-0.0002928370247095777,-1.2033447024137292,0.23239066389667679,-0.029045961482947642,-366.77360364882406,697.1883841780135,-331.08655460390986,-0.6717740747203834
19.76,6.807536812123617e-26,3.2099843097826125e-25,0.0,-2.006320008667282,1.0,-0.0002928370247095777,-0.0002928370247095777,-1.2033447024137292,0.23239066389667679,-0.029045961482947642,-366.77360364882406,697.1883841780135,-331.08655460390986,-0.6717740747203834
19.78,6.417858082564048e-26,3.0260941231969295e-25,0.0,-2.006320008667282,1.0,-0.0002928370247095777,-0.0002928370247095777,-1.2033447024137292,0.23239066389667679,-0.029045961482947642,-366.77360364882406,697.1883841780135,-331.08655460390986,-0.6717740747203834
19.8,6.050478725123248e-26,2.8527355551543337e-25,0.0,-2.006320008667282,1.0,-0.0002928370247095777,-0.0002928370247095777,-1.2033447024137292,0.23239066389667679,-0.029045961482947642,-366.77360364882406,697.1883841780135,-331.08655460390986,-0.6717740747203834
19.82,5.704123055704551e-26,2.6893056177976543e-25,0.0,-2.006320008667282,1.0,-0.0002928370247095777,-0.0002928370247095777,-1.2033447024137292,0.23239066389667679,-0.029045961482947642,-366.77360364882406,697.1883841780135,-331.08655460390986,-0.6717740747203834
19.84,5.377588344916563e-26,2.53523583721726e-25,0.0,-2.006320008667282,1.0,-0.0002928370247095777,-0.0002928370247095777,-1.2033447024137292,0.23239066389667679,-0.029045961482947642,-366.77360364882406,697.1883841780135,-331.08655460390986,-0.6717740747203834
19.86,5.069740647286781e-26,2.3899902785341437e-25,0.0,-2.006320008667282,1.0,-0.0002928370247095777,-0.0002928370247095777,-1.2033447024137292,0.23239066389667679,-0.029045961482947642,-366.77360364882406,697.1883841780135,-331.08655460390986,-0.6717740747203834
19.88,4.7795108688342204e-26,2.253063683954112e-25,0.0,-2.006320008667282,1.0,-0.0002928370247095777,-0.0002928370247095777,-1.2033447024137292,0.23239066389667679,-0.029045961482947642,-366.77360364882406,697.1883841780135,-331.08655460390986,-0.6717740747203834
19.900000000000002,4.505891059383798e-26,2.123979717330348e-25,0.0,-2.006320008667282,1.0,-0.0002928370247095777,-0.0002928370247095777,-1.2033447024137292,0.23239066389667679,-0.029045961482947642,-366.77360364882406,697.1883841780135,-331.08655460390986,-0.6717740747203834
19.92,4.2479309167831775e-26,2.0022893091563255e-25,0.0,-2.006320008667282,1.0,-0.0002928370247095777,-0.0002928370247095777,-1.2033447024137292,0.23239066389667679,-0.029045961482947642,-366.77360364882406,697.1883841780135,-331.08655460390986,-0.6717740747203834
19.94,4.0047344909150294e-26,1.887569096211797e-25,0.0,-2.006320008667282,1.0,-0.0002928370247095777,-0.0002928370247095777,-1.2033447024137292,0.23239066389667679,-0.029045961482947642,-366.77360364882406,697.1883841780135,-331.08655460390986,-0.6717740747203834
19.96,3.7754570760907665e-26,1.7794199505008703e-25,0.0,-2.006320008667282,1.0,-0.0002928370247095777,-0.0002928370247095777,-1.2033447024137292,0.23239066389667679,-0.029045961482947642,-366.77360364882406,697.1883841780135,-331.08655460390986,-0.6717740747203834
19.98,3.559302281062032e-26,1.6774655923297076e-25,0.0,-2.006320008667282,1.0,-0.0002928370247095777,-0.0002928370247095777,-1.2033447024137292,0.23239066389667679,-0.029045961482947642,-366.77360364882406,697.1883841780135,-331.08655460390986,-0.6717740747203834
