t,y,u,ref,a1_est,a2_est,b1_est,b2_est,r1,r2,r3,s0,s1,s2,t0
0.0,0.1,36.67736036488241,0.0,-2.006320008667282,1.0,-0.0002928370247095777,-0.0002928370247095777,-1.2033447024137292,0.23239066389667679,-0.029045961482947642,-366.77360364882406,697.1883841780135,-331.08655460390986,-0.6717740747203834
0.02,0.0896339147052405,7.292022781391559,0.0,-2.006320008667282,1.0,-0.0002928370247095777,-0.0002928370247095777,-1.2033447024137292,0.23239066389667679,-0.029045961482947642,-366.77360364882406,697.1883841780135,-331.08655460390986,-0.6717740747203834
0.04,0.06701884541867664,-4.550984395218931,0.0,-2.006320008667282,1.0,-0.0002928370247095777,-0.0002928370247095777,-1.2033447024137292,0.23239066389667679,-0.029045961482947642,-366.77360364882406,697.1883841780135,-331.08655460390986,-0.6717740747203834
0.06,0.04402570757196836,-7.006380913761225,0.0,-2.006320012538188,0.9999999956814274,-0.0002925221134139021,-0.00029125308628525737,-1.2033447024137292,0.23239066389667679,-0.029045961482947642,-366.77360364882406,697.1883841780135,-331.08655460390986,-0.6717740747203834
0.08,0.02468987994566542,-6.6112583177019495,0.0,-2.0063199989316813,1.000000014750812,-0.0002910116945331555,-0.00029155330741330695,-1.2033447024137292,0.23239066389667679,-0.029045961482947642,-366.77360364882406,697.1883841780135,-331.08655460390986,-0.6717740747203834
0.1,0.009495667376673287,-5.6140104063587,0.0,-2.0063232095039787,0.9999946881582928,-0.0002920388175531997,-0.0002914267731015258,-1.2033447024137292,0.23239066389667679,-0.029045961482947642,-366.77360364882406,697.1883841780135,-331.08655460390986,-0.6717740747203834
0.12,-0.0020589414649475647,-4.623649133341075,0.0,-2.0063201548308833,0.9999960519109321,-0.00029273216654940624,-0.0002913297538583262,-1.2033447024137292,0.23239066389667679,-0.029045961482947642,-366.77360364882406,697.1883841780135,-331.08655460390986,-0.6717740747203834
0.14,-0.010628623514640877,-3.770171119239104,0.0,-2.0063112039352053,1.0000045233223687,-0.00029325742397253026,-0.000291213102548245,-1.2033447024137292,0.23239066389667679,-0.029045961482947642,-366.77360364882406,697.1883841780135,-331.08655460390986,-0.6717740747203834
0.16,-0.016807575266764643,-3.0614968125769693,0.0,-2.0063010401913934,1.000014937139094,-0.0002936390021417991,-0.0002911011092399417,-1.2033447024137292,0.23239066389667679,-0.029045961482947642,-366.77360364882406,697.1883841780135,-331.08655460390986,-0.6717740747203834
0.18,-0.02109246231385858,-2.479288246244136,0.0,-2.0062929905453344,1.0000234299765256,-0.0002938823185263343,-0.0002910174868793788,-1.2033447024137292,0.23239066389667679,-0.029045961482947642,-366.77360364882406,697.1883841780135,-331.08655460390986,-0.6717740747203834
0.2,-0.023888479748595405,-2.0024896156643037,0.0,-2.0062880274825345,1.0000287472931262,-0.00029401412703783706,-0.00029096741906785875,-1.2033447024137292,0.23239066389667679,-0.029045961482947642,-366.77360364882406,697.1883841780135,-331.08655460390986,-0.6717740747203834
0.22,-0.025523436599622373,-1.6124288459721257,0.0,-2.0062856811858123,1.000031285798314,-0.0002940711480968263,-0.00029094417132341066,-1.2033447024137292,0.23239066389667679,-0.029045961482947642,-366.77360364882406,697.1883841780135,-331.08655460390986,-0.6717740747203834
0.24,-0.02626148383215023,-1.293491124904847,0.0,-2.0062850727747614,1.0000319487480003,-0.00029408497997648463,-0.00029093821784386797,-1.2033447024137292,0.23239066389667679,-0.029045961482947642,-366.77360364882406,697.1883841780135,-331.08655460390986,-0.6717740747203834
0.26,-0.02631484976120315,-1.0328240017787325,0.0,-2.0062854452462378,1.0000315405840026,-0.0002940769509709857,-0.00029094182870092165,-1.2033447024137292,0.23239066389667679,-0.029045961482947642,-366.77360364882406,697.1883841780135,-331.08655460390986,-0.6717740747203834
0.28,-0.025853536555172512,-0.8198939612389089,0.0,-2.0062862915855963,1.0000306086612814,-0.00029405949534234803,-0.00029094997370943625,-1.2033447024137292,0.23239066389667679,-0.029045961482947642,-366.77360364882406,697.1883841780135,-331.08655460390986,-0.6717740747203834
0.3,-0.025013254293603886,-0.6460760751464457,0.0,-2.006287314785107,1.0000294771093006,-0.00029403917045874945,-0.0002909597633457046,-1.2033447024137292,0.23239066389667679,-0.029045961482947642,-366.77360364882406,697.1883841780135,-331.08655460390986,-0.6717740747203834
0.32,-0.02390189442644766,-0.5043078377896775,0.0,-2.006288356093653,1.0000283208597578,-0.00029401914818924995,-0.00029096967905949697,-1.2033447024137292,0.23239066389667679,-0.029045961482947642,-366.77360364882406,697.1883841780135,-331.08655460390986,-0.6717740747203834
0.34,-0.02260480715347276,-0.38880433437530987,0.0,-2.006289337753252,1.0000272265624204,-0.00029400080353146423,-0.00029097899073741946,-1.2033447024137292,0.23239066389667679,-0.029045961482947642,-366.77360364882406,697.1883841780135,-331.08655460390986,-0.6717740747203834
0.36,-0.021189102537173883,-0.29482549942492486,0.0,-2.006290226320492,1.0000262321629514,-0.00029398461193070745,-0.00029098739308153573,-1.2033447024137292,0.23239066389667679,-0.029045961482947642,-366.77360364882406,697.1883841780135,-331.08655460390986,-0.6717740747203834
0.38,-0.01970715524641277,-0.21848621675831553,0.0,-2.0062910114462804,1.0000253500161815,-0.000293970622841259,-0.00029099479882916697,-1.2033447024137292,0.23239066389667679,-0.029045961482947642,-366.77360364882406,697.1883841780135,-331.08655460390986,-0.6717740747203834
0.4,-0.018199459543900114,-0.1566013262294919,0.0,-2.006291694270346,1.000024579622114,-0.0002939586988444516,-0.0002910012272263526,-1.2033447024137292,0.23239066389667679,-0.029045961482947642,-366.77360364882406,697.1883841780135,-331.08655460390986,-0.6717740747203834
0.42,-0.016696953934383217,-0.10655901317144018,0.0,-2.0062922812940216,1.0000239143967005,-0.00029394863213712513,-0.00029100674591416546,-1.2033447024137292,0.23239066389667679,-0.029045961482947642,-366.77360364882406,697.1883841780135,-331.08655460390986,-0.6717740747203834
0.44,-0.015222912798919073,-0.06621728718836128,0.0,-2.006292781227614,1.0000233451807532,-0.00029394019909503204,-0.0002910114414524739,-1.2033447024137292,0.23239066389667679,-0.029045961482947642,-366.77360364882406,697.1883841780135,-331.08655460390986,-0.6717740747203834
0.46,-0.013794484410775227,-0.03381926959258191,0.0,-2.0062932034058125,1.0000228620184501,-0.0002939331843901174,-0.00029101540476825325,-1.2033447024137292,0.23239066389667679,-0.029045961482947642,-366.77360364882406,697.1883841780135,-331.08655460390986,-0.6717740747203834
0.48,-0.012423940161400191,-0.00792382579163474,0.0,-2.0062935570130964,1.000022455036309,-0.0002939273905274911,-0.00029101872422367635,-1.2033447024137292,0.23239066389667679,-0.029045961482947642,-366.77360364882406,697.1883841780135,-331.08655460390986,-0.6717740747203834
0.5,-0.011119687970588932,0.01265126567735938,0.0,-2.0062938507211365,1.0000221148615076,-0.0002939226406310044,-0.0002910214825073457,-1.2033447024137292,0.23239066389667679,-0.029045961482947642,-366.77360364882406,697.1883841780135,-331.08655460390986,-0.6717740747203834
0.52,-0.009887093192094312,0.02887588992530308,0.0,-2.0062940925330968,1.000021832807063,-0.00029391877826277476,-0.0002910237554112649,-1.2033447024137292,0.23239066389667679,-0.029045961482947642,-366.77360364882406,697.1883841780135,-331.08655460390986,-0.6717740747203834
0.54,-0.008729142437778031,0.04154577769357008,0.0,-2.0062942897307514,1.0000216009400584,-0.00029391566606157705,-0.00029102561152082333,-1.2033447024137292,0.23239066389667679,-0.029045961482947642,-366.77360364882406,697.1883841780135,-331.08655460390986,-0.6717740747203834
0.56,-0.007646979296403855,0.05131381030636427,0.0,-2.0062944488723438,1.0000214120914779,-0.0002939131840111897,-0.00029102711233744535,-1.2033447024137292,0.23239066389667679,-0.029045961482947642,-366.77360364882406,697.1883841780135,-331.08655460390986,-0.6717740747203834
0.58,-0.006640335649442833,0.058715688466991725,0.0,-2.006294575815464,1.0000212598368186,-0.00029391122768508335,-0.0002910283126009779,-1.2033447024137292,0.23239066389667679,-0.029045961482947642,-366.77360364882406,697.1883841780135,-331.08655460390986,-0.6717740747203834
0.6,-0.005707877969705128,0.06419098060427395,0.0,-2.0062946757523674,1.000021138461898,-0.0002939097065985701,-0.000291029260701012,-1.2033447024137292,0.23239066389667679,-0.029045961482947642,-366.77360364882406,697.1883841780135,-331.08655460390986,-0.6717740747203834
0.62,-0.0048474844542491,0.06810038286646174,0.0,-2.006294753251561,1.000021042921002,-0.00029390854270461313,-0.00029102999912523355,-1.2033447024137292,0.23239066389667679,-0.029045961482947642,-366.77360364882406,697.1883841780135,-331.08655460390986,-0.6717740747203834
0.64,-0.004056465948631355,0.07073987282002568,0.0,-2.00629481230256,1.0000209687910155,-0.0002939076690313468,-0.0002910305649204104,-1.2033447024137292,0.23239066389667679,-0.029045961482947642,-366.77360364882406,697.1883841780135,-331.08655460390986,-0.6717740747203834
0.66,-0.0033317412492374675,0.07235231610944581,0.0,-2.006294856362104,1.000020912223537,-0.0002939070284469861,-0.00029103099015390674,-1.2033447024137292,0.23239066389667679,-0.029045961482947642,-366.77360364882406,697.1883841780135,-331.08655460390986,-0.6717740747203834
0.68,-0.002669975429479757,0.07313698471732889,0.0,-2.0062948884007716,1.0000208698962245,-0.00029390657253632513,-0.0002910313023687806,-1.2033447024137292,0.23239066389667679,-0.029045961482947642,-366.77360364882406,697.1883841780135,-331.08655460390986,-0.6717740747203834
0.7000000000000001,-0.0020676882465857334,0.07325736296587648,0.0,-2.006294910949202,1.0000208389642806,-0.0002939062605754889,-0.0002910315250275489,-1.2033447024137292,0.23239066389667679,-0.029045961482947642,-366.77360364882406,697.1883841780135,-331.08655460390986,-0.6717740747203834
0.72,-0.0015213383850593944,0.07284754973075665,0.0,-2.006294926143273,1.0000208170128133,-0.0002939060585949018,-0.0002910316779405151,-1.2033447024137292,0.23239066389667679,-0.029045961482947642,-366.77360364882406,697.1883841780135,-331.08655460390986,-0.6717740747203834
0.74,-0.0010273882286485536,0.07201750982111094,0.0,-2.00629493576768,1.0000208020106989,-0.00029390593852332515,-0.00029103177767500574,-1.2033447024137292,0.23239066389667679,-0.029045961482947642,-366.77360364882406,697.1883841780135,-331.08655460390986,-0.6717740747203834
0.76,-0.0005823529821272139,0.0708573819307027,0.0,-2.006294941297431,1.0000207922664794,-0.0002939058774079019,-0.0002910318379423141,-1.2033447024137292,0.23239066389667679,-0.029045961482947642,-366.77360364882406,697.1883841780135,-331.08655460390986,-0.6717740747203834
0.78,-0.00018283725240580078,0.06944101319784182,0.0,-2.0062949439368873,1.0000207863867325,-0.0002939058567064327,-0.000291031869959703,-1.2033447024137292,0.23239066389667679,-0.029045961482947642,-366.77360364882406,697.1883841780135,-331.08655460390986,-0.6717740747203834
0.8,0.0001744383832907635,0.06782885976013465,0.0,-2.006294944656036,1.0000207832372459,-0.0002939058616487348,-0.00029103188278547636,-1.2033447024137292,0.23239066389667679,-0.029045961482947642,-366.77360364882406,697.1883841780135,-331.08655460390986,-0.6717740747203834
0.8200000000000001,0.0004926187697286428,0.0660703675517893,0.0,-2.0062949442238156,1.0000207819072306,-0.0002939058806640936,-0.00029103188362584044,-1.2033447024137292,0.23239066389667679,-0.029045961482947642,-366.77360364882406,697.1883841780135,-331.08655460390986,-0.6717740747203834
0.84,0.0007747018621192367,0.06420592697811126,0.0,-2.006294943238377,1.0000207816767042,-0.0002939059048716821,-0.0002910318781129932,-1.2033447024137292,0.23239066389667679,-0.029045961482947642,-366.77360364882406,697.1883841780135,-331.08655460390986,-0.6717740747203834
0.86,0.0010235313631470806,0.06226847820255248,0.0,-2.0062949421542706,1.0000207819870837,-0.00029390592763053826,-0.000291031870554549,-1.2033447024137292,0.23239066389667679,-0.029045961482947642,-366.77360364882406,697.1883841780135,-331.08655460390986,-0.6717740747203834
0.88,0.0012417932193733913,0.060284829929447115,0.0,-2.0062949413066047,1.0000207824149516,-0.00029390594414536525,-0.0002910318641549979,-1.2033447024137292,0.23239066389667679,-0.029045961482947642,-366.77360364882406,697.1883841780135,-331.08655460390986,-0.6717740747203834
0.9,0.0014320150984373488,0.058276743212823,0.0,-2.0062949409322965,1.0000207826488892,-0.0002939059511241283,-0.0002910318612103879,-1.2033447024137292,0.23239066389667679,-0.029045961482947642,-366.77360364882406,697.1883841780135,-331.08655460390986,-0.6717740747203834
0.92,0.0015965681400456784,0.056261822518579474,0.0,-2.0062949411885738,1.00002078246922,-0.00029390594648320823,-0.00029103186327779763,-1.2033447024137292,0.23239066389667679,-0.029045961482947642,-366.77360364882406,697.1883841780135,-331.08655460390986,-0.6717740747203834
0.9400000000000001,0.001737670413386898,0.054254248644758946,0.0,-2.0062949421689207,1.000020781730471,-0.0002939059290957568,-0.0002910318713214365,-1.2033447024137292,0.23239066389667679,-0.029045961482947642,-366.77360364882406,697.1883841780135,-331.08655460390986,-0.6717740747203834
0.96,0.0018573916271662153,0.05226538185953939,0.0,-2.0062949439166844,1.000020780346331,-0.0002939058985788879,-0.00029103188583737776,-1.2033447024137292,0.23239066389667679,-0.029045961482947642,-366.77360364882406,697.1883841780135,-331.08655460390986,-0.6717740747203834
0.98,0.0019576587307080276,0.05030425850037253,0.0,-2.006294946436569,1.0000207782768762,-0.00029390585511542385,-0.0002910319069590069,-1.2033447024137292,0.23239066389667679,-0.029045961482947642,-366.77360364882406,697.1883841780135,-331.08655460390986,-0.6717740747203834
1.0,0.002040262119424792,0.04837800008646425,0.0,-2.006294949704243,1.000020775517824,-0.00029390579930608195,-0.0002910319345452731,-1.2033447024137292,0.23239066389667679,-0.029045961482947642,-366.77360364882406,697.1883841780135,-331.08655460390986,-0.6717740747203834
1.02,0.0021068622186023647,0.04649215056342009,0.0,-2.0062949536742822,1.0000207720915877,-0.0002939057320482183,-0.0002910319682537753,-1.2033447024137292,0.23239066389667679,-0.029045961482947642,-366.77360364882406,697.1883841780135,-331.08655460390986,-0.6717740747203834
1.04,0.0021589962685189383,0.04465095448624945,0.0,-2.006294958286665,1.0000207680399043,-0.00029390565443752263,-0.00029103200760061435,-1.2033447024137292,0.23239066389667679,-0.029045961482947642,-366.77360364882406,697.1883841780135,-331.08655460390986,-0.6717740747203834
1.06,0.0021980851735370014,0.042857586642805076,0.0,-2.006294963472011,1.000020763417831,-0.0002939055676893645,-0.00029103205200881364,-1.2033447024137292,0.23239066389667679,-0.029045961482947642,-366.77360364882406,697.1883841780135,-331.08655460390986,-0.6717740747203834
1.08,0.0022254403097344,0.04111434173206543,0.0,-2.006294969155749,1.0000207582889153,-0.0002939054730768108,-0.0002910321008469592,-1.2033447024137292,0.23239066389667679,-0.029045961482947642,-366.77360364882406,697.1883841780135,-331.08655460390986,-0.6717740747203834
1.1,0.00224227021130122,0.039422791165079886,0.0,-2.0062949752613783,1.000020752721364,-0.00029390537188265776,-0.0002910321534595523,-1.2033447024137292,0.23239066389667679,-0.029045961482947642,-366.77360364882406,697.1883841780135,-331.08655460390986,-0.6717740747203834
1.12,0.0022496870764920434,0.03778391278915556,0.0,-2.00629498171297,1.0000207467850553,-0.00029390526536313176,-0.0002910322091904051,-1.2033447024137292,0.23239066389667679,-0.029045961482947642,-366.77360364882406,697.1883841780135,-331.08655460390986,-0.6717740747203834
1.1400000000000001,0.0022487130503423248,0.0361981982973751,0.0,-2.006294988437036,1.000020740549254,-0.00029390515472121307,-0.0002910322674002528,-1.2033447024137292,0.23239066389667679,-0.029045961482947642,-366.77360364882406,697.1883841780135,-331.08655460390986,-0.6717740747203834
1.16,0.002240286254412462,0.034665742234413974,0.0,-2.006294995363878,1.0000207340809106,-0.00029390504108781247,-0.0002910323274796047,-1.2033447024137292,0.23239066389667679,-0.029045961482947642,-366.77360364882406,697.1883841780135,-331.08655460390986,-0.6717740747203834
1.18,0.0022252665441495826,0.03318631581193772,0.0,-2.0062950024285184,1.0000207274434352,-0.000293904925509285,-0.00029103238885771804,-1.2033447024137292,0.23239066389667679,-0.029045961482947642,-366.77360364882406,697.1883841780135,-331.08655460390986,-0.6717740747203834
1.2,0.002204440982574129,0.03175942817484384,0.0,-2.0062950095712875,1.00002072069586,-0.0002939048089399937,-0.0002910324510084499,-1.2033447024137292,0.23239066389667679,-0.029045961482947642,-366.77360364882406,697.1883841780135,-331.08655460390986,-0.6717740747203834
1.22,0.0021785290253292632,0.030384377290544454,0.0,-2.006295016738147,1.0000207138923112,-0.00029390469223884014,-0.0002910325134536275,-1.2033447024137292,0.23239066389667679,-0.029045961482947642,-366.77360364882406,697.1883841780135,-331.08655460390986,-0.6717740747203834
1.24,0.0021481874170208386,0.029060292248727058,0.0,-2.0062950238808015,1.0000207070817244,-0.0002939045761688566,-0.00029103257576447504,-1.2033447024137292,0.23239066389667679,-0.029045961482947642,-366.77360364882406,697.1883841780135,-331.08655460390986,-0.6717740747203834
1.26,0.0021140148025052797,0.02778616844334997,0.0,-2.00629503095665,1.000020700307753,-0.000293904461399113,-0.0002910326375615467,-1.2033447024137292,0.23239066389667679,-0.029045961482947642,-366.77360364882406,697.1883841780135,-331.08655460390986,-0.6717740747203834
1.28,0.00207655605958087,0.026560896849553636,0.0,-2.0062950379286195,1.0000206936088194,-0.0002939043485083236,-0.000291032698513535,-1.2033447024137292,0.23239066389667679,-0.029045961482947642,-366.77360364882406,697.1883841780135,-331.08655460390986,-0.6717740747203834
1.3,0.002036306361590729,0.025383288395458267,0.0,-2.0062950447649097,1.0000206870182762,-0.0002939042379896566,-0.0002910327583352592,-1.2033447024137292,0.23239066389667679,-0.029045961482947642,-366.77360364882406,697.1883841780135,-331.08655460390986,-0.6717740747203834
1.32,0.0019937149799043015,0.02425209425411504,0.0,-2.0062950514386806,1.000020680564645,-0.0002939041302563444,-0.00029103281678507885,-1.2033447024137292,0.23239066389667679,-0.029045961482947642,-366.77360364882406,697.1883841780135,-331.08655460390986,-0.6717740747203834
1.34,0.001949188837231215,0.02316602273734221,0.0,-2.0062950579276984,1.0000206742719087,-0.0002939040256477772,-0.00029103287366192995,-1.2033447024137292,0.23239066389667679,-0.029045961482947642,-366.77360364882406,697.1883841780135,-331.08655460390986,-0.6717740747203834
1.36,0.0019030958233362805,0.022123753355163367,0.0,-2.0062950642139645,1.0000206681598376,-0.0002939039244358302,-0.0002910329288021409,-1.2033447024137292,0.23239066389667679,-0.029045961482947642,-366.77360364882406,697.1883841780135,-331.08655460390986,-0.6717740747203834
1.3800000000000001,0.0018557678850477455,0.02112394850750798,0.0,-2.006295070283332,1.0000206622443355,-0.00029390382683123134,-0.00029103298207615015,-1.2033447024137292,0.23239066389667679,-0.029045961482947642,-366.77360364882406,697.1883841780135,-331.08655460390986,-0.6717740747203834
1.4000000000000001,0.0018075039025476725,0.020165263194955076,0.0,-2.0062950761251286,1.0000206565377905,-0.00029390373298982333,-0.00029103303338521945,-1.2033447024137292,0.23239066389667679,-0.029045961482947642,-366.77360364882406,697.1883841780135,-331.08655460390986,-0.6717740747203834
1.42,0.0017585723638559349,0.019246353069510978,0.0,-2.006295081731784,1.0000206510494252,-0.0002939036430186138,-0.0002910330826582147,-1.2033447024137292,0.23239066389667679,-0.029045961482947642,-366.77360364882406,697.1883841780135,-331.08655460390986,-0.6717740747203834
1.44,0.0017092138492099777,0.01836588109219261,0.0,-2.006295087098478,1.0000206457856367,-0.0002939035569815354,-0.0002910331298485053,-1.2033447024137292,0.23239066389667679,-0.029045961482947642,-366.77360364882406,697.1883841780135,-331.08655460390986,-0.6717740747203834
1.46,0.0016596433367350037,0.017522523019474788,0.0,-2.0062950922228024,1.0000206407503225,-0.00029390347490486525,-0.00029103317493101987,-1.2033447024137292,0.23239066389667679,-0.029045961482947642,-366.77360364882406,697.1883841780135,-331.08655460390986,-0.6717740747203834
1.48,0.00161005234042062,0.016714971903718113,0.0,-2.0062950971044486,1.0000206359451893,-0.0002939033967822709,-0.00029103321789948183,-1.2033447024137292,0.23239066389667679,-0.029045961482947642,-366.77360364882406,697.1883841780135,-331.08655460390986,-0.6717740747203834
1.5,0.0015606108909917813,0.01594194176220292,0.0,-2.0062951017449158,1.0000206313700404,-0.0002939033225794673,-0.0002910332587638408,-1.2033447024137292,0.23239066389667679,-0.029045961482947642,-366.77360364882406,697.1883841780135,-331.08655460390986,-0.6717740747203834
1.52,0.0015114693698010852,0.01520217054413912,0.0,-2.0062951061472423,1.0000206270230432,-0.0002939032522384786,-0.0002910332975479062,-1.2033447024137292,0.23239066389667679,-0.029045961482947642,-366.77360364882406,697.1883841780135,-331.08655460390986,-0.6717740747203834
1.54,0.0014627602053895467,0.014494422504109417,0.0,-2.0062951103157625,1.0000206229009752,-0.0002939031856815112,-0.00029103333428718436,-1.2033447024137292,0.23239066389667679,-0.029045961482947642,-366.77360364882406,697.1883841780135,-331.08655460390986,-0.6717740747203834
1.56,0.0014145994418743955,0.013817490073066147,0.0,-2.0062951142558854,1.0000206189994465,-0.0002939031228144474,-0.0002910333690269172,-1.2033447024137292,0.23239066389667679,-0.029045961482947642,-366.77360364882406,697.1883841780135,-331.08655460390986,-0.6717740747203834
1.58,0.0013670881878332958,0.013170195303593177,0.0,-2.0062951179738953,1.0000206153131033,-0.00029390306352997727,-0.0002910334018203148,-1.2033447024137292,0.23239066389667679,-0.029045961482947642,-366.77360364882406,697.1883841780135,-331.08655460390986,-0.6717740747203834
1.6,0.0013203139538708968,0.012551390954158761,0.0,-2.0062951214767746,1.0000206118358088,-0.00029390300771038727,-0.0002910334327269737,-1.2033447024137292,0.23239066389667679,-0.029045961482947642,-366.77360364882406,697.1883841780135,-331.08655460390986,-0.6717740747203834
1.62,0.0012743518865804529,0.011959961267096947,0.0,-2.006295124772046,1.000020608560806,-0.00029390295523002737,-0.00029103346181147107,-1.2033447024137292,0.23239066389667679,-0.029045961482947642,-366.77360364882406,697.1883841780135,-331.08655460390986,-0.6717740747203834
1.6400000000000001,0.0012292659061538555,0.011394822486720375,0.0,-2.0062951278676344,1.0000206054808618,-0.0002939029059574797,-0.00029103348914212253,-1.2033447024137292,0.23239066389667679,-0.029045961482947642,-366.77360364882406,697.1883841780135,-331.08655460390986,-0.6717740747203834
1.6600000000000001,0.001185109754450244,0.010854923156988097,0.0,-2.0062951307717434,1.0000206025883935,-0.0002939028597574516,-0.00029103351478989274,-1.2033447024137292,0.23239066389667679,-0.029045961482947642,-366.77360364882406,697.1883841780135,-331.08655460390986,-0.6717740747203834
1.68,0.0011419279599080999,0.01033924423230663,0.0,-2.0062951334927503,1.00002059987558,-0.0002939028164924166,-0.000291033538827446,-1.2033447024137292,0.23239066389667679,-0.029045961482947642,-366.77360364882406,697.1883841780135,-331.08655460390986,-0.6717740747203834
1.7,0.0010997567252794488,0.00984679903012885,0.0,-2.0062951360391152,1.0000205973344582,-0.0002939027760240253,-0.0002910335613283252,-1.2033447024137292,0.23239066389667679,-0.029045961482947642,-366.77360364882406,697.1883841780135,-331.08655460390986,-0.6717740747203834
1.72,0.0010586247437780719,0.009376633049879363,0.0,-2.006295138419302,1.0000205949570065,-0.0002939027382143084,-0.00029103358236624784,-1.2033447024137292,0.23239066389667679,-0.029045961482947642,-366.77360364882406,697.1883841780135,-331.08655460390986,-0.6717740747203834
1.74,0.0010185539488666662,0.008927823679236443,0.0,-2.0062951406417118,1.0000205927352148,-0.0002939027029266928,-0.0002910336020145072,-1.2033447024137292,0.23239066389667679,-0.029045961482947642,-366.77360364882406,697.1883841780135,-331.08655460390986,-0.6717740747203834
1.76,0.0009795602025606267,0.00849947980585121,0.0,-2.0062951427146283,1.000020590661146,-0.00029390267002684934,-0.0002910336203454687,-1.2033447024137292,0.23239066389667679,-0.029045961482947642,-366.77360364882406,697.1883841780135,-331.08655460390986,-0.6717740747203834
1.78,0.0009416539267982175,0.008090741350068553,0.0,-2.006295144646171,1.0000205887269853,-0.00029390263938339174,-0.00029103363743015115,-1.2033447024137292,0.23239066389667679,-0.029045961482947642,-366.77360364882406,697.1883841780135,-331.08655460390986,-0.6717740747203834
1.8,0.000904840682117908,0.007700778732080641,0.0,-2.0062951464442578,1.0000205869250827,-0.0002939026108684425,-0.0002910336533378837,-1.2033447024137292,0.23239066389667679,-0.029045961482947642,-366.77360364882406,697.1883841780135,-331.08655460390986,-0.6717740747203834
1.82,0.0008691216975929598,0.007328792285118343,0.0,-2.0062951481165734,1.000020585247986,-0.0002939025843580823,-0.0002910336681360296,-1.2033447024137292,0.23239066389667679,-0.029045961482947642,-366.77360364882406,697.1883841780135,-331.08655460390986,-0.6717740747203834
1.84,0.0008344943557003032,0.006974011624726534,0.0,-2.0062951496705486,1.0000205836884686,-0.00029390255973269646,-0.0002910336818897689,-1.2033447024137292,0.23239066389667679,-0.029045961482947642,-366.77360364882406,697.1883841780135,-331.08655460390986,-0.6717740747203834
1.86,0.0008009526355445899,0.006635694982827498,0.0,-2.0062951511133393,1.0000205822395496,-0.00029390253687723236,-0.0002910336946619332,-1.2033447024137292,0.23239066389667679,-0.029045961482947642,-366.77360364882406,697.1883841780135,-331.08655460390986,-0.6717740747203834
1.8800000000000001,0.0007684875176182823,0.006313128514121195,0.0,-2.0062951524518167,1.0000205808945106,-0.0002939025156813788,-0.00029103370651288493,-1.2033447024137292,0.23239066389667679,-0.029045961482947642,-366.77360364882406,697.1883841780135,-331.08655460390986,-0.6717740747203834
1.9000000000000001,0.0007370873530539659,0.006005625581375546,0.0,-2.0062951536925557,1.000020579646906,-0.00029390249603967864,-0.000291033717500436,-1.2033447024137292,0.23239066389667679,-0.029045961482947642,-366.77360364882406,697.1883841780135,-331.08655460390986,-0.6717740747203834
1.92,0.000706738200114943,0.005712526025297304,0.0,-2.0062951548418333,1.00002057849057,-0.00029390247785158433,-0.00029103372767979983,-1.2033447024137292,0.23239066389667679,-0.029045961482947642,-366.77360364882406,697.1883841780135,-331.08655460390986,-0.6717740747203834
1.94,0.0006774241304738094,0.005433195423918296,0.0,-2.0062951559056246,1.0000205774196216,-0.00029390246102146435,-0.00029103373710357176,-1.2033447024137292,0.23239066389667679,-0.029045961482947642,-366.77360364882406,697.1883841780135,-331.08655460390986,-0.6717740747203834
1.96,0.0006491275076453713,0.005167024345788896,0.0,-2.006295156889605,1.0000205764284638,-0.00029390244545856914,-0.0002910337458217344,-1.2033447024137292,0.23239066389667679,-0.029045961482947642,-366.77360364882406,697.1883841780135,-331.08655460390986,-0.6717740747203834
1.98,0.0006218292397691451,0.004913427600687758,0.0,-2.0062951577991543,1.000020575511783,-0.00029390243107696283,-0.0002910337538816826,-1.2033447024137292,0.23239066389667679,-0.029045961482947642,-366.77360364882406,697.1883841780135,-331.08655460390986,-0.6717740747203834
2.0,0.000595509008777132,0.004673243451312364,0.0,-2.00629515863936,1.0000205746645459,-0.00029390241779542664,-0.0002910337613282659,-1.2033447024137292,0.23239066389667679,-0.029045961482947642,-366.77360364882406,697.1883841780135,-331.08655460390986,-0.6717740747203834
2.02,0.0005701450678736917,0.004444619789047545,0.0,-2.006295159415026,1.0000205738819925,-0.0002939024055373398,-0.0002910337682038443,-1.203846500999825,0.23289186490688318,-0.029045363907058187,-367.0668838900158,697.8002375552431,-331.4059751584746,-0.6726214932475323
2.04,0.0005457144009864974,0.004226556521722315,0.0,-2.0062951601307266,1.0000205731595657,-0.00029390239422926823,-0.0002910337745489603,-1.203846500999825,0.23289186490688318,-0.029045363907058187,-367.0668838900158,697.8002375552431,-331.4059751584746,-0.6726214932475323
2.06,0.0005221934125339929,0.00401849782667643,0.0,-2.0062951607906414,1.000020572493117,-0.00029390238380474267,-0.00029103378040042446,-1.203846500999825,0.23289186490688318,-0.029045363907058187,-367.0668838900158,697.8002375552431,-331.4059751584746,-0.6726214932475323
2.08,0.0004995582339300006,0.003820029667877472,0.0,-2.0062951613987536,1.0000205718786874,-0.00029390237420049364,-0.0002910337857933565,-1.203846500999825,0.23289186490688318,-0.029045363907058187,-367.0668838900158,697.8002375552431,-331.4059751584746,-0.6726214932475323
2.1,0.0004777848567441068,0.0036307770966823734,0.0,-2.0062951619588225,1.0000205713125354,-0.00029390236535682424,-0.0002910337907609307,-1.203846500999825,0.23289186490688318,-0.029045363907058187,-367.0668838900158,697.8002375552431,-331.4059751584746,-0.6726214932475323
2.12,0.00045684921201168864,0.003450376990556746,0.0,-2.0062951624743732,1.0000205707911478,-0.00029390235721776006,-0.000291033795334275,-1.203846500999825,0.23289186490688318,-0.029045363907058187,-367.0668838900158,697.8002375552431,-331.4059751584746,-0.6726214932475323
2.14,0.0004367272342520593,0.003278472653302974,0.0,-2.0062951629487027,1.0000205703112361,-0.0002939023497309635,-0.00029103379954251233,-1.203846500999825,0.23289186490688318,-0.029045363907058187,-367.0668838900158,697.8002375552431,-331.4059751584746,-0.6726214932475323
2.16,0.0004173949201636848,0.00311471383756715,0.0,-2.00629516338489,1.000020569869726,-0.00029390234284756974,-0.0002910338034128489,-1.203846500999825,0.23289186490688318,-0.029045363907058187,-367.0668838900158,697.8002375552431,-331.4059751584746,-0.6726214932475323
2.18,0.00039882838394208304,0.0029587578015117526,0.0,-2.006295163785807,1.0000205694637465,-0.00029390233652200516,-0.00029103380697067285,-1.203846500999825,0.23289186490688318,-0.029045363907058187,-367.0668838900158,697.8002375552431,-331.4059751584746,-0.6726214932475323
2.2,0.0003810039092539868,0.002810270347903712,0.0,-2.006295164154131,1.00002056909062,-0.00029390233071180594,-0.00029103381023965326,-1.203846500999825,0.23289186490688318,-0.029045363907058187,-367.0668838900158,697.8002375552431,-331.4059751584746,-0.6726214932475323
2.22,0.0003638979975825275,0.0026689266405952004,0.0,-2.0062951644923546,1.000020568747851,-0.00029390232537744175,-0.00029103381324183634,-1.203846500999825,0.23289186490688318,-0.029045363907058187,-367.0668838900158,697.8002375552431,-331.4059751584746,-0.6726214932475323
2.24,0.0003474874127055983,0.002534411791939027,0.0,-2.006295164802797,1.0000205684331152,-0.00029390232048214545,-0.0002910338159977387,-1.203846500999825,0.23289186490688318,-0.029045363907058187,-367.0668838900158,697.8002375552431,-331.4059751584746,-0.6726214932475323
2.2600000000000002,0.00033174922117738456,0.0024064212542753,0.0,-2.006295165087614,1.0000205681442507,-0.00029390231599174917,-0.0002910338185264367,-1.203846500999825,0.23289186490688318,-0.029045363907058187,-367.0668838900158,697.8002375552431,-331.4059751584746,-0.6726214932475323
2.2800000000000002,0.00031666082878224365,0.002284661051517834,0.0,-2.006295165348808,1.000020567879248,-0.0002939023118745271,-0.0002910338208456528,-1.203846500999825,0.23289186490688318,-0.029045363907058187,-367.0668838900158,697.8002375552431,-331.4059751584746,-0.6726214932475323
2.3000000000000003,0.00030220001300886083,0.002168847882318383,0.0,-2.006295165588238,1.0000205676362408,-0.00029390230810104475,-0.0002910338229718381,-1.203846500999825,0.23289186490688318,-0.029045363907058187,-367.0668838900158,697.8002375552431,-331.4059751584746,-0.6726214932475323
2.32,0.00028834495165188984,0.002058709120971853,0.0,-2.0062951658076265,1.000020567413497,-0.000293902304644015,-0.00029103382492025114,-1.203846500999825,0.23289186490688318,-0.029045363907058187,-367.0668838900158,697.8002375552431,-331.4059751584746,-0.6726214932475323
2.34,0.0002750742476913603,0.001953982737510937,0.0,-2.00629516600857,1.000020567209411,-0.00029390230147816087,-0.00029103382670503353,-1.203846500999825,0.23289186490688318,-0.029045363907058187,-367.0668838900158,697.8002375552431,-331.4059751584746,-0.6726214932475323
2.36,0.00026236695063022817,0.0018544171545038675,0.0,-2.006295166192548,1.0000205670224944,-0.0002939022985800847,-0.00029103382833928177,-1.203846500999825,0.23289186490688318,-0.029045363907058187,-367.0668838900158,697.8002375552431,-331.4059751584746,-0.6726214932475323
2.38,0.0002502025744902481,0.0017597710548221848,0.0,-2.006295166360928,1.0000205668513702,-0.0002939022959281442,-0.0002910338298351155,-1.203846500999825,0.23289186490688318,-0.029045363907058187,-367.0668838900158,697.8002375552431,-331.4059751584746,-0.6726214932475323
2.4,0.00023856111267813362,0.001669813151994881,0.0,-2.0062951665149744,1.0000205666947637,-0.0002939022935023344,-0.0002910338312037426,-1.203846500999825,0.23289186490688318,-0.029045363907058187,-367.0668838900158,697.8002375552431,-331.4059751584746,-0.6726214932475323
2.42,0.00022742304993949704,0.0015843219325852812,0.0,-2.0062951666558564,1.0000205665514967,-0.0002939022912841766,-0.0002910338324555205,-1.203846500999825,0.23289186490688318,-0.029045363907058187,-367.0668838900158,697.8002375552431,-331.4059751584746,-0.6726214932475323
2.44,0.0002167693716188083,0.001503085378247808,0.0,-2.0062951667846525,1.0000205664204809,-0.00029390228925661293,-0.0002910338336000142,-1.203846500999825,0.23289186490688318,-0.029045363907058187,-367.0668838900158,697.8002375552431,-331.4059751584746,-0.6726214932475323
2.46,0.0002065815704407283,0.0014259006736636341,0.0,-2.0062951669023588,1.000020566300711,-0.00029390228740390717,-0.00029103383464605155,-1.203846500999825,0.23289186490688318,-0.029045363907058187,-367.0668838900158,697.8002375552431,-331.4059751584746,-0.6726214932475323
2.48,0.0001968416510225933,0.0013525739053614908,0.0,-2.006295167009893,1.0000205661912598,-0.0002939022857115512,-0.0002910338356017746,-1.203846500999825,0.23289186490688318,-0.029045363907058187,-367.0668838900158,697.8002375552431,-331.4059751584746,-0.6726214932475323
2.5,0.00018753213232029225,0.0012829195466077968,0.0,-2.006295167108102,1.0000205660912724,-0.0002939022841661773,-0.0002910338364746885,-1.203846500999825,0.23289186490688318,-0.029045363907058187,-367.0668838900158,697.8002375552431,-331.4059751584746,-0.6726214932475323
2.52,0.00017863604826203437,0.0012167607650090033,0.0,-2.0062951671977656,1.0000205659999608,-0.00029390228275547547,-0.0002910338372717071,-1.203846467445403,0.2328918315813929,-0.02904536413598995,-367.06694954950615,697.8003429661284,-331.4060149716358,-0.6726215550135795
2.54,0.00017013694663477728,0.0011539285822381817,0.0,-2.0062951672796006,1.000020565916599,-0.0002939022814681162,-0.000291033837999196,-1.203846467445403,0.2328918315813929,-0.02904536413598995,-367.06694954950615,697.8003429661284,-331.4060149716358,-0.6726215550135795
2.56,0.00016201888637226372,0.0010942616315598376,0.0,-2.0062951673542675,1.0000205658405195,-0.0002939022802936779,-0.00029103383866301285,-1.203846467445403,0.2328918315813929,-0.02904536413598995,-367.06694954950615,697.8003429661284,-331.4060149716358,-0.6726215550135795
2.58,0.00015426643354459553,0.0010376059032827381,0.0,-2.006295167422373,1.0000205657711072,-0.00029390227922257927,-0.00029103383926854475,-1.203846467445403,0.2328918315813929,-0.02904536413598995,-367.06694954950615,697.8003429661284,-331.4060149716358,-0.6726215550135795
2.6,0.00014686465616954488,0.0009838144655081138,0.0,-2.006295167484476,1.0000205657077974,-0.0002939022782460162,-0.00029103383982074366,-1.203846467445403,0.2328918315813929,-0.02904536413598995,-367.06694954950615,697.8003429661284,-331.4060149716358,-0.6726215550135795
2.62,0.00013979911796912662,0.000932747180026151,0.0,-2.006295167541088,1.0000205656500707,-0.0002939022773559026,-0.00029103384032415916,-1.203846467445403,0.2328918315813929,-0.02904536413598995,-367.06694954950615,697.8003429661284,-331.4060149716358,-0.6726215550135795
2.64,0.00013305587119694364,0.0008842704221998354,0.0,-2.0062951675926803,1.00002056559745,-0.00029390227654481544,-0.0002910338407829692,-1.203846467445403,0.2328918315813929,-0.02904536413598995,-367.06694954950615,697.8003429661284,-331.4060149716358,-0.6726215550135795
2.66,0.00012662144865619867,0.0008382568078498399,0.0,-2.006295167639685,1.0000205655494971,-0.0002939022758059437,-0.0002910338412010083,-1.203846467445403,0.2328918315813929,-0.02904536413598995,-367.06694954950615,697.8003429661284,-331.4060149716358,-0.6726215550135795
2.68,0.00012048285501993245,0.0007945849281703181,0.0,-2.006295167682498,1.0000205655058105,-0.00029390227513304056,-0.0002910338415817946,-1.203846467445403,0.2328918315813929,-0.02904536413598995,-367.06694954950615,697.8003429661284,-331.4060149716358,-0.6726215550135795
2.7,0.00011462755755623658,0.0007531390930723568,0.0,-2.0062951677214826,1.0000205654660212,-0.0002939022745203794,-0.00029103384192855417,-1.203846467445403,0.2328918315813929,-0.02904536413598995,-367.06694954950615,697.8003429661284,-331.4060149716358,-0.6726215550135795
2.72,0.00010904347635260942,0.0007138090831208166,0.0,-2.006295167756972,1.0000205654297916,-0.00029390227396271256,-0.0002910338422442441,-1.203846467445403,0.2328918315813929,-0.02904536413598995,-367.06694954950615,697.8003429661284,-331.4060149716358,-0.6726215550135795
2.74,0.00010371897412547317,0.0006764899101159678,0.0,-2.006295167789271,1.0000205653968115,-0.0002939022734552335,-0.00029103384253157365,-1.203846467445403,0.2328918315813929,-0.02904536413598995,-367.06694954950615,697.8003429661284,-331.4060149716358,-0.6726215550135795
2.7600000000000002,9.864284569320082e-05,0.0006410815862992443,0.0,-2.006295167818659,1.0000205653667973,-0.00029390227299354137,-0.0002910338427930242,-1.203846467445403,0.2328918315813929,-0.02904536413598995,-367.06694954950615,697.8003429661284,-331.4060149716358,-0.6726215550135795
2.7800000000000002,9.380430718381795e-05,0.0006074889021079629,0.0,-2.006295167845392,1.0000205653394891,-0.0002939022725736084,-0.00029103384303086723,-1.203846467445403,0.2328918315813929,-0.02904536413598995,-367.06694954950615,697.8003429661284,-331.4060149716358,-0.6726215550135795
2.8000000000000003,8.919298504183867e-05,0.0005756212123621641,0.0,-2.0062951678697036,1.0000205653146492,-0.00029390227219174974,-0.00029103384324718156,-1.203846467445403,0.2328918315813929,-0.02904536413598995,-367.06694954950615,697.8003429661284,-331.4060149716358,-0.6726215550135795
2.82,8.479890489245289e-05,0.0005453922307343595,0.0,-2.006295167891808,1.00002056529206,-0.00029390227184459546,-0.0002910338434438687,-1.203846467445403,0.2328918315813929,-0.02904536413598995,-367.06694954950615,697.8003429661284,-331.4060149716358,-0.6726215550135795
2.84,8.061248031548502e-05,0.0005167198323273426,0.0,-2.006295167911901,1.0000205652715224,-0.00029390227152906493,-0.0002910338436226674,-1.203846467445403,0.2328918315813929,-0.02904536413598995,-367.06694954950615,697.8003429661284,-331.4060149716358,-0.6726215550135795
2.86,7.66245015761765e-05,0.0004895258641669977,0.0,-2.0062951679301615,1.0000205652528544,-0.0002939022712423428,-0.0002910338437851671,-1.203846467445403,0.2328918315813929,-0.02904536413598995,-367.06694954950615,697.8003429661284,-331.4060149716358,-0.6726215550135795
2.88,7.282612435487547e-05,0.0004637359634009273,0.0,-2.0062951679467527,1.0000205652358898,-0.00029390227098185714,-0.0002910338439328201,-1.203846467445403,0.2328918315813929,-0.02904536413598995,-367.06694954950615,697.8003429661284,-331.4060149716358,-0.6726215550135795
2.9,6.920885851313983e-05,0.00043927938298557814,0.0,-2.0062951679618237,1.0000205652204763,-0.00029390227074525924,-0.000291033844066953,-1.203846467445403,0.2328918315813929,-0.02904536413598995,-367.06694954950615,697.8003429661284,-331.4060149716358,-0.6726215550135795
2.92,6.57645569295379e-05,0.0004160888246360572,0.0,-2.006295167975511,1.0000205652064755,-0.0002939022705304049,-0.0002910338441887771,-1.203846467445403,0.2328918315813929,-0.02904536413598995,-367.06694954950615,697.8003429661284,-331.4060149716358,-0.6726215550135795
2.94,6.248540443455289e-05,0.00039410027880904197,0.0,-2.006295167987939,1.0000205651937606,-0.0002939022703353373,-0.00029103384429939825,-1.203846467445403,0.2328918315813929,-0.02904536413598995,-367.06694954950615,697.8003429661284,-331.4060149716358,-0.6726215550135795
2.96,5.936390687043682e-05,0.0003732528714871261,0.0,-2.006295167999221,1.000020565182216,-0.0002939022701582711,-0.0002910338443998254,-1.203846467445403,0.2328918315813929,-0.02904536413598995,-367.06694954950615,697.8003429661284,-331.4060149716358,-0.6726215550135795
2.98,5.6392880298598445e-05,0.0003534887175325321,0.0,-2.0062951680094607,1.0000205651717362,-0.000293902269997578,-0.0002910338444909791,-1.203846467445403,0.2328918315813929,-0.02904536413598995,-367.06694954950615,697.8003429661284,-331.4060149716358,-0.6726215550135795
3.0,5.356544037412626e-05,0.0003347527736186408,0.0,-2.0062951680187524,1.000020565162225,-0.0002939022698517735,-0.0002910338445736988,-1.203846467445403,0.2328918315813929,-0.02904536413598995,-367.06694954950615,697.8003429661284,-331.4060149716358,-0.6726215550135795
3.02,5.087499190630409e-05,0.00031699272399043064,0.0,-2.0062951680271826,1.0000205651535943,-0.0002939022697195042,-0.00029103384464874976,-1.203846463876875,0.23289182803744746,-0.029045364160572473,-367.06695651087904,697.8003541229906,-331.4060191736327,-0.6726215615208155
3.04,4.831521861566236e-05,0.00030015883484676135,0.0,-2.0062951680348293,1.0000205651457643,-0.000293902269599537,-0.0002910338447168296,-1.203846463876875,0.23289182803744746,-0.029045364160572473,-367.06695651087904,697.8003541229906,-331.4060191736327,-0.6726215615208155
3.06,4.5880073098925175e-05,0.00028420383371973443,0.0,-2.006295168041764,1.0000205651386622,-0.00029390226949074864,-0.0002910338447785738,-1.203846463876875,0.23289182803744746,-0.029045364160572473,-367.06695651087904,697.8003541229906,-331.4060191736327,-0.6726215615208155
3.08,4.356376701639621e-05,0.00026908279375860813,0.0,-2.006295168048052,1.0000205651322216,-0.00029390226939211595,-0.00029103384483456136,-1.203846463876875,0.23289182803744746,-0.029045364160572473,-367.06695651087904,697.8003541229906,-331.4060191736327,-0.6726215615208155
3.1,4.1360761508975564e-05,0.0002547530222596202,0.0,-2.0062951680537524,1.0000205651263818,-0.0002939022693027075,-0.0002910338448853194,-1.203846463876875,0.23289182803744746,-0.029045364160572473,-367.06695651087904,697.8003541229906,-331.4060191736327,-0.6726215615208155
3.12,3.9265757850771766e-05,0.00024117395385125413,0.0,-2.006295168058919,1.000020565121088,-0.0002939022692216754,-0.000291033844931328,-1.203846463876875,0.23289182803744746,-0.029045364160572473,-367.06695651087904,697.8003541229906,-331.4060191736327,-0.6726215615208155
3.14,3.7273688342155126e-05,0.00022830704839837623,0.0,-2.006295168063601,1.00002056511629,-0.00029390226914824814,-0.00029103384497302385,-1.203846463876875,0.23289182803744746,-0.029045364160572473,-367.06695651087904,697.8003541229906,-331.4060191736327,-0.6726215615208155
3.16,3.537970744687322e-05,0.0002161156935109452,0.0,-2.0062951680678434,1.0000205651119418,-0.0002939022690817237,-0.00029103384501080455,-1.203846463876875,0.23289182803744746,-0.029045364160572473,-367.06695651087904,697.8003541229906,-331.4060191736327,-0.6726215615208155
3.18,3.3579183175661574e-05,0.00020456511148951386,0.0,-2.0062951680716865,1.0000205651080023,-0.00029390226902146376,-0.0002910338450450317,-1.203846463876875,0.23289182803744746,-0.029045364160572473,-367.06695651087904,697.8003541229906,-331.4060191736327,-0.6726215615208155
3.2,3.18676887176927e-05,0.00019362227052914483,0.0,-2.0062951680751673,1.0000205651044336,-0.0002939022689668877,-0.0002910338450760341,-1.203846463876875,0.23289182803744746,-0.029045364160572473,-367.06695651087904,697.8003541229906,-331.4060191736327,-0.6726215615208155
3.22,3.0240994320226716e-05,0.00018325580000511744,0.0,-2.0062951680783194,1.0000205651012013,-0.00029390226891746774,-0.0002910338451041109,-1.203846463876875,0.23289182803744746,-0.029045364160572473,-367.06695651087904,697.8003541229906,-331.4060191736327,-0.6726215615208155
3.24,2.8695059415953246e-05,0.00017343590966883407,0.0,-2.0062951680811736,1.0000205650982743,-0.00029390226887272423,-0.0002910338451295338,-1.203846463876875,0.23289182803744746,-0.029045364160572473,-367.06695651087904,697.8003541229906,-331.4060191736327,-0.6726215615208155
3.2600000000000002,2.7226024996739087e-05,0.00016413431258802976,0.0,-2.0062951680837573,1.0000205650956242,-0.00029390226883222126,-0.0002910338451525499,-1.203846463876875,0.23289182803744746,-0.029045364160572473,-367.06695651087904,697.8003541229906,-331.4060191736327,-0.6726215615208155
3.2800000000000002,2.5830206231812208e-05,0.00015532415167118208,0.0,-2.006295168086096,1.000020565093225,-0.00029390226879556287,-0.0002910338451733836,-1.203846463876875,0.23289182803744746,-0.029045364160572473,-367.06695651087904,697.8003541229906,-331.4060191736327,-0.6726215615208155
3.3000000000000003,2.450408532781115e-05,0.0001469799296217897,0.0,-2.0062951680882124,1.0000205650910534,-0.0002939022687623894,-0.00029103384519223885,-1.203846463876875,0.23289182803744746,-0.029045364160572473,-367.06695651087904,697.8003541229906,-331.4060191736327,-0.6726215615208155
3.3200000000000003,2.324430462760369e-05,0.00013907744217383524,0.0,-2.0062951680901278,1.0000205650890883,-0.00029390226873237437,-0.0002910338452093008,-1.203846463876875,0.23289182803744746,-0.029045364160572473,-367.06695651087904,697.8003541229906,-331.4060191736327,-0.6726215615208155
3.34,2.204765994432238e-05,0.0001315937144654226,0.0,-2.0062951680918606,1.0000205650873102,-0.0002939022687052212,-0.00029103384522473764,-1.203846463876875,0.23289182803744746,-0.029045364160572473,-367.06695651087904,697.8003541229906,-331.4060191736327,-0.6726215615208155
3.36,2.091109412667109e-05,0.00012450694041277882,0.0,-2.006295168093428,1.0000205650857015,-0.0002939022686806607,-0.00029103384523870195,-1.203846463876875,0.23289182803744746,-0.029045364160572473,-367.06695651087904,697.8003541229906,-331.4060191736327,-0.6726215615208155
3.38,1.9831690851221384e-05,0.00011779642495245914,0.0,-2.0062951680948453,1.0000205650842464,-0.00029390226865844875,-0.0002910338452513323,-1.203846463876875,0.23289182803744746,-0.029045364160572473,-367.06695651087904,697.8003541229906,-331.4060191736327,-0.6726215615208155
3.4,1.8806668637132535e-05,0.00011144252902424903,0.0,-2.0062951680961274,1.0000205650829304,-0.00029390226863836374,-0.00029103384526275443,-1.203846463876875,0.23289182803744746,-0.029045364160572473,-367.06695651087904,697.8003541229906,-331.4060191736327,-0.6726215615208155
3.42,1.783337507849332e-05,0.0001054266171727998,0.0,-2.0062951680972865,1.0000205650817402,-0.00029390226862020466,-0.0002910338452730823,-1.203846463876875,0.23289182803744746,-0.029045364160572473,-367.06695651087904,697.8003541229906,-331.4060191736327,-0.6726215615208155
3.44,1.690928128928893e-05,9.973100765054842e-05,0.0,-2.0062951680983345,1.0000205650806642,-0.0002939022686037892,-0.0002910338452824195,-1.203846463876875,0.23289182803744746,-0.029045364160572473,-367.06695651087904,697.8003541229906,-331.4060191736327,-0.6726215615208155
3.46,1.6031976555841065e-05,9.433892490930781e-05,0.0,-2.0062951680992818,1.0000205650796914,-0.00029390226858895204,-0.0002910338452908597,-1.203846463876875,0.23289182803744746,-0.029045364160572473,-367.06695651087904,697.8003541229906,-331.4060191736327,-0.6726215615208155
3.48,1.5199163191448583e-05,8.923445437253319e-05,0.0,-2.006295168100138,1.000020565078812,-0.00029390226857554334,-0.00029103384529848816,-1.203846463876875,0.23289182803744746,-0.029045364160572473,-367.06695651087904,697.8003541229906,-331.4060191736327,-0.6726215615208155
3.5,1.4408651587866499e-05,8.440249921495694e-05,0.0,-2.0062951681009116,1.0000205650780174,-0.00029390226856342727,-0.00029103384530538185,-1.203846463876875,0.23289182803744746,-0.029045364160572473,-367.06695651087904,697.8003541229906,-331.4060191736327,-0.6726215615208155
3.52,1.3658355458249534e-05,7.982873989081493e-05,0.0,-2.0062951681016106,1.0000205650772993,-0.0002939022685524807,-0.00029103384531161075,-1.2038464635570736,0.23289182771986205,-0.029045364162788447,-367.066957133543,697.8003551198652,-331.40601954842276,-0.6726215621005549
3.54,1.2946287266003751e-05,7.549959470835236e-05,0.0,-2.006295168102242,1.0000205650766505,-0.00029390226854259205,-0.0002910338453172382,-1.2038464635570736,0.23289182771986205,-0.029045364162788447,-367.066957133543,697.8003551198652,-331.40601954842276,-0.6726215621005549
3.56,1.2270553834053443e-05,7.140218278191709e-05,0.0,-2.0062951681028123,1.0000205650760643,-0.00029390226853366033,-0.00029103384532232153,-1.2038464635570736,0.23289182771986205,-0.029045364162788447,-367.066957133543,697.8003551198652,-331.40601954842276,-0.6726215621005549
3.58,1.1629352129168038e-05,6.752428877433424e-05,0.0,-2.0062951681033274,1.000020565075535,-0.000293902268525594,-0.0002910338453269128,-1.2038464635570736,0.23289182771986205,-0.029045364162788447,-367.066957133543,697.8003551198652,-331.40601954842276,-0.6726215621005549
3.6,1.1020965215879695e-05,6.385432933482023e-05,0.0,-2.006295168103793,1.0000205650750569,-0.00029390226851831015,-0.00029103384533105906,-1.2038464635570736,0.23289182771986205,-0.029045364162788447,-367.066957133543,697.8003551198652,-331.40601954842276,-0.6726215621005549
3.62,1.044375837457324e-05,6.0381321167889636e-05,0.0,-2.006295168103793,1.0000205650750569,-0.00029390226851831015,-0.00029103384533105906,-1.2038464635570736,0.23289182771986205,-0.029045364162788447,-367.066957133543,697.8003551198652,-331.40601954842276,-0.6726215621005549
3.64,9.89617537839358e-06,5.7094850663399305e-05,0.0,-2.006295168103793,1.0000205650750569,-0.00029390226851831015,-0.00029103384533105906,-1.2038464635570736,0.23289182771986205,-0.029045364162788447,-367.066957133543,697.8003551198652,-331.40601954842276,-0.6726215621005549
3.66,9.376734923684692e-06,5.398504501650285e-05,0.0,-2.006295168103793,1.0000205650750569,-0.00029390226851831015,-0.00029103384533105906,-1.2038464635570736,0.23289182771986205,-0.029045364162788447,-367.066957133543,697.8003551198652,-331.40601954842276,-0.6726215621005549
3.68,8.884027208751082e-06,5.104254476801181e-05,0.0,-2.006295168103793,1.0000205650750569,-0.00029390226851831015,-0.00029103384533105906,-1.2038464635570736,0.23289182771986205,-0.029045364162788447,-367.066957133543,697.8003551198652,-331.40601954842276,-0.6726215621005549
3.7,8.416710655817844e-06,4.825847769833111e-05,0.0,-2.006295168103793,1.0000205650750569,-0.00029390226851831015,-0.00029103384533105906,-1.2038464635570736,0.23289182771986205,-0.029045364162788447,-367.066957133543,697.8003551198652,-331.40601954842276,-0.6726215621005549
3.72,7.973508771158056e-06,4.562443401097696e-05,0.0,-2.006295168103793,1.0000205650750569,-0.00029390226851831015,-0.00029103384533105906,-1.2038464635570736,0.23289182771986205,-0.029045364162788447,-367.066957133543,697.8003551198652,-331.40601954842276,-0.6726215621005549
3.74,7.553207138455555e-06,4.313244274451769e-05,0.0,-2.006295168103793,1.0000205650750569,-0.00029390226851831015,-0.00029103384533105906,-1.2038464635570736,0.23289182771986205,-0.029045364162788447,-367.066957133543,697.8003551198652,-331.40601954842276,-0.6726215621005549
3.7600000000000002,7.154650540575697e-06,4.077494935447407e-05,0.0,-2.006295168103793,1.0000205650750569,-0.00029390226851831015,-0.00029103384533105906,-1.2038464635570736,0.23289182771986205,-0.029045364162788447,-367.066957133543,697.8003551198652,-331.40601954842276,-0.6726215621005549
3.7800000000000002,6.776740205026021e-06,3.854479440935304e-05,0.0,-2.006295168103793,1.0000205650750569,-0.00029390226851831015,-0.00029103384533105906,-1.2038464635570736,0.23289182771986205,-0.029045364162788447,-367.066957133543,697.8003551198652,-331.40601954842276,-0.6726215621005549
3.8000000000000003,6.418431168501522e-06,3.643519334751264e-05,0.0,-2.006295168103793,1.0000205650750569,-0.00029390226851831015,-0.00029103384533105906,-1.2038464635570736,0.23289182771986205,-0.029045364162788447,-367.066957133543,697.8003551198652,-331.40601954842276,-0.6726215621005549
3.8200000000000003,6.078729756024979e-06,3.4439717243936444e-05,0.0,-2.006295168103793,1.0000205650750569,-0.00029390226851831015,-0.00029103384533105906,-1.2038464635570736,0.23289182771986205,-0.029045364162788447,-367.066957133543,697.8003551198652,-331.40601954842276,-0.6726215621005549
3.84,5.7566911703106115e-06,3.2552274538338714e-05,0.0,-2.006295168103793,1.0000205650750569,-0.00029390226851831015,-0.00029103384533105906,-1.2038464635570736,0.23289182771986205,-0.029045364162788447,-367.066957133543,697.8003551198652,-331.40601954842276,-0.6726215621005549
3.86,5.451417187098688e-06,3.076709367821133e-05,0.0,-2.006295168103793,1.0000205650750569,-0.00029390226851831015,-0.00029103384533105906,-1.2038464635570736,0.23289182771986205,-0.029045364162788447,-367.066957133543,697.8003551198652,-331.40601954842276,-0.6726215621005549
3.88,5.162053952329119e-06,2.9078706632603985e-05,0.0,-2.006295168103793,1.0000205650750569,-0.00029390226851831015,-0.00029103384533105906,-1.2038464635570736,0.23289182771986205,-0.029045364162788447,-367.066957133543,697.8003551198652,-331.40601954842276,-0.6726215621005549
3.9,4.887789877142554e-06,2.7481933234344234e-05,0.0,-2.006295168103793,1.0000205650750569,-0.00029390226851831015,-0.00029103384533105906,-1.2038464635570736,0.23289182771986205,-0.029045364162788447,-367.066957133543,697.8003551198652,-331.40601954842276,-0.6726215621005549
3.92,4.627853626818423e-06,2.5971866310503598e-05,0.0,-2.006295168103793,1.0000205650750569,-0.00029390226851831015,-0.00029103384533105906,-1.2038464635570736,0.23289182771986205,-0.029045364162788447,-367.066957133543,697.8003551198652,-331.40601954842276,-0.6726215621005549
3.94,4.381512199879481e-06,2.454385756267564e-05,0.0,-2.006295168103793,1.0000205650750569,-0.00029390226851831015,-0.00029103384533105906,-1.2038464635570736,0.23289182771986205,-0.029045364162788447,-367.066957133543,697.8003551198652,-331.40601954842276,-0.6726215621005549
3.96,4.148069093711924e-06,2.3193504160446487e-05,0.0,-2.006295168103793,1.0000205650750569,-0.00029390226851831015,-0.00029103384533105906,-1.2038464635570736,0.23289182771986205,-0.029045364162788447,-367.066957133543,697.8003551198652,-331.40601954842276,-0.6726215621005549
3.98,3.926862553168464e-06,2.191663601315558e-05,0.0,-2.006295168103793,1.0000205650750569,-0.00029390226851831015,-0.00029103384533105906,-1.2038464635570736,0.23289182771986205,-0.029045364162788447,-367.066957133543,697.8003551198652,-331.40601954842276,-0.6726215621005549
4.0,3.7172638987387725e-06,2.0709303685358298e-05,0.0,-2.006295168103793,1.0000205650750569,-0.00029390226851831015,-0.00029103384533105906,-1.2038464635570736,0.23289182771986205,-0.029045364162788447,-367.066957133543,697.8003551198652,-331.40601954842276,-0.6726215621005549
4.0200000000000005,3.518675930987387e-06,1.956776693079979e-05,0.0,-2.006295168103793,1.0000205650750569,-0.00029390226851831015,-0.00029103384533105906,-1.2038464635477044,0.2328918277105579,-0.029045364162853585,-367.066957151766,697.8003551490228,-331.40601955937433,-0.672621562117484
4.04,3.3305314080716413e-06,1.8488483802204173e-05,0.0,-2.006295168103793,1.0000205650750569,-0.00029390226851831015,-0.00029103384533105906,-1.2038464635477044,0.2328918277105579,-0.029045364162853585,-367.066957151766,697.8003551490228,-331.40601955937433,-0.672621562117484
4.0600000000000005,3.152291593264144e-06,1.7468100319115593e-05,0.0,-2.006295168103793,1.0000205650750569,-0.00029390226851831015,-0.00029103384533105906,-1.2038464635477044,0.2328918277105579,-0.029045364162853585,-367.066957151766,697.8003551490228,-331.40601955937433,-0.672621562117484
4.08,2.9834448695150178e-06,1.650344066255756e-05,0.0,-2.006295168103793,1.0000205650750569,-0.00029390226851831015,-0.00029103384533105906,-1.2038464635477044,0.2328918277105579,-0.029045364162853585,-367.066957151766,697.8003551490228,-331.40601955937433,-0.672621562117484
4.1,2.823505418194695e-06,1.5591497870183252e-05,0.0,-2.006295168103793,1.0000205650750569,-0.00029390226851831015,-0.00029103384533105906,-1.2038464635477044,0.2328918277105579,-0.029045364162853585,-367.066957151766,697.8003551490228,-331.40601955937433,-0.672621562117484
4.12,2.6720119592632814e-06,1.4729425007279818e-05,0.0,-2.006295168103793,1.0000205650750569,-0.00029390226851831015,-0.00029103384533105906,-1.2038464635477044,0.2328918277105579,-0.029045364162853585,-367.066957151766,697.8003551490228,-331.40601955937433,-0.672621562117484
4.14,2.528526550214526e-06,1.3914526789931154e-05,0.0,-2.006295168103793,1.0000205650750569,-0.00029390226851831015,-0.00029103384533105906,-1.2038464635477044,0.2328918277105579,-0.029045364162853585,-367.066957151766,697.8003551490228,-331.40601955937433,-0.672621562117484
4.16,2.3926334412421555e-06,1.3144251637787698e-05,0.0,-2.006295168103793,1.0000205650750569,-0.00029390226851831015,-0.00029103384533105906,-1.2038464635477044,0.2328918277105579,-0.029045364162853585,-367.066957151766,697.8003551490228,-331.40601955937433,-0.672621562117484
4.18,2.26393798417367e-06,1.2416184135062703e-05,0.0,-2.006295168103793,1.0000205650750569,-0.00029390226851831015,-0.00029103384533105906,-1.2038464635477044,0.2328918277105579,-0.029045364162853585,-367.066957151766,697.8003551490228,-331.40601955937433,-0.672621562117484
4.2,2.1420655928107947e-06,1.1728037879221403e-05,0.0,-2.006295168103793,1.0000205650750569,-0.00029390226851831015,-0.00029103384533105906,-1.2038464635477044,0.2328918277105579,-0.029045364162853585,-367.066957151766,697.8003551490228,-331.40601955937433,-0.672621562117484
4.22,2.026660752407997e-06,1.1077648698023425e-05,0.0,-2.006295168103793,1.0000205650750569,-0.00029390226851831015,-0.00029103384533105906,-1.2038464635477044,0.2328918277105579,-0.029045364162853585,-367.066957151766,697.8003551490228,-331.40601955937433,-0.672621562117484
4.24,1.9173860761092486e-06,1.0462968216321736e-05,0.0,-2.006295168103793,1.0000205650750569,-0.00029390226851831015,-0.00029103384533105906,-1.2038464635477044,0.2328918277105579,-0.029045364162853585,-367.066957151766,697.8003551490228,-331.40601955937433,-0.672621562117484
4.26,1.8139214062500554e-06,9.882057755106771e-06,0.0,-2.006295168103793,1.0000205650750569,-0.00029390226851831015,-0.00029103384533105906,-1.2038464635477044,0.2328918277105579,-0.029045364162853585,-367.066957151766,697.8003551490228,-331.40601955937433,-0.672621562117484
4.28,1.7159629585152847e-06,9.333082545962846e-06,0.0,-2.006295168103793,1.0000205650750569,-0.00029390226851831015,-0.00029103384533105906,-1.2038464635477044,0.2328918277105579,-0.029045364162853585,-367.066957151766,697.8003551490228,-331.40601955937433,-0.672621562117484
4.3,1.623222507024814e-06,8.81430624509504e-06,0.0,-2.006295168103793,1.0000205650750569,-0.00029390226851831015,-0.00029103384533105906,-1.2038464635477044,0.2328918277105579,-0.029045364162853585,-367.066957151766,697.8003551490228,-331.40601955937433,-0.672621562117484
4.32,1.535426608497314e-06,8.324085731697644e-06,0.0,-2.006295168103793,1.0000205650750569,-0.00029390226851831015,-0.00029103384533105906,-1.2038464635477044,0.2328918277105579,-0.029045364162853585,-367.066957151766,697.8003551490228,-331.40601955937433,-0.672621562117484
4.34,1.452315863718732e-06,7.860866176331407e-06,0.0,-2.006295168103793,1.0000205650750569,-0.00029390226851831015,-0.00029103384533105906,-1.2038464635477044,0.2328918277105579,-0.029045364162853585,-367.066957151766,697.8003551490228,-331.40601955937433,-0.672621562117484
4.36,1.3736442146152175e-06,7.423176365544534e-06,0.0,-2.006295168103793,1.0000205650750569,-0.00029390226851831015,-0.00029103384533105906,-1.2038464635477044,0.2328918277105579,-0.029045364162853585,-367.066957151766,697.8003551490228,-331.40601955937433,-0.672621562117484
4.38,1.2991782753013903e-06,7.009624269778764e-06,0.0,-2.006295168103793,1.0000205650750569,-0.00029390226851831015,-0.00029103384533105906,-1.2038464635477044,0.2328918277105579,-0.029045364162853585,-367.066957151766,697.8003551490228,-331.40601955937433,-0.672621562117484
4.4,1.2286966955430586e-06,6.6188928421163225e-06,0.0,-2.006295168103793,1.0000205650750569,-0.00029390226851831015,-0.00029103384533105906,-1.2038464635477044,0.2328918277105579,-0.029045364162853585,-367.066957151766,697.8003551490228,-331.40601955937433,-0.672621562117484
4.42,1.1619895551397445e-06,6.2497360361621885e-06,0.0,-2.006295168103793,1.0000205650750569,-0.00029390226851831015,-0.00029103384533105906,-1.2038464635477044,0.2328918277105579,-0.029045364162853585,-367.066957151766,697.8003551490228,-331.40601955937433,-0.672621562117484
4.44,1.0988577877957926e-06,5.9009750318154535e-06,0.0,-2.006295168103793,1.0000205650750569,-0.00029390226851831015,-0.00029103384533105906,-1.2038464635477044,0.2328918277105579,-0.029045364162853585,-367.066957151766,697.8003551490228,-331.40601955937433,-0.672621562117484
4.46,1.0391126331103715e-06,5.571494658358904e-06,0.0,-2.006295168103793,1.0000205650750569,-0.00029390226851831015,-0.00029103384533105906,-1.2038464635477044,0.2328918277105579,-0.029045364162853585,-367.066957151766,697.8003551490228,-331.40601955937433,-0.672621562117484
4.48,9.825751153755286e-07,5.2602400047089605e-06,0.0,-2.006295168103793,1.0000205650750569,-0.00029390226851831015,-0.00029103384533105906,-1.2038464635477044,0.2328918277105579,-0.029045364162853585,-367.066957151766,697.8003551490228,-331.40601955937433,-0.672621562117484
4.5,9.290755479284856e-07,4.9662132072829845e-06,0.0,-2.006295168103793,1.0000205650750569,-0.00029390226851831015,-0.00029103384533105906,-1.2038464635477044,0.2328918277105579,-0.029045364162853585,-367.066957151766,697.8003551490228,-331.40601955937433,-0.672621562117484
4.5200000000000005,8.784530618588643e-07,4.688470406314202e-06,0.0,-2.006295168103793,1.0000205650750569,-0.00029390226851831015,-0.00029103384533105906,-1.2038464635477044,0.2328918277105579,-0.029045364162853585,-367.066957151766,697.8003551490228,-331.40601955937433,-0.672621562117484
4.54,8.305551579242887e-07,4.426118862000911e-06,0.0,-2.006295168103793,1.0000205650750569,-0.00029390226851831015,-0.00029103384533105906,-1.2038464635477044,0.2328918277105579,-0.029045364162853585,-367.066957151766,697.8003551490228,-331.40601955937433,-0.672621562117484
4.5600000000000005,7.852372805781863e-07,4.178314222216121e-06,0.0,-2.006295168103793,1.0000205650750569,-0.00029390226851831015,-0.00029103384533105906,-1.2038464635477044,0.2328918277105579,-0.029045364162853585,-367.066957151766,697.8003551490228,-331.40601955937433,-0.672621562117484
4.58,7.423624130623314e-07,3.944257934005667e-06,0.0,-2.006295168103793,1.0000205650750569,-0.00029390226851831015,-0.00029103384533105906,-1.2038464635477044,0.2328918277105579,-0.029045364162853585,-367.066957151766,697.8003551490228,-331.40601955937433,-0.672621562117484
4.6000000000000005,7.018006925631662e-07,3.7231947914139895e-06,0.0,-2.006295168103793,1.0000205650750569,-0.00029390226851831015,-0.00029103384533105906,-1.2038464635477044,0.2328918277105579,-0.029045364162853585,-367.066957151766,697.8003551490228,-331.40601955937433,-0.672621562117484
4.62,6.634290444758456e-07,3.5144106126256504e-06,0.0,-2.006295168103793,1.0000205650750569,-0.00029390226851831015,-0.00029103384533105906,-1.2038464635477044,0.2328918277105579,-0.029045364162853585,-367.066957151766,697.8003551490228,-331.40601955937433,-0.672621562117484
4.64,6.271308348627986e-07,3.317230039697774e-06,0.0,-2.006295168103793,1.0000205650750569,-0.00029390226851831015,-0.00029103384533105906,-1.2038464635477044,0.2328918277105579,-0.029045364162853585,-367.066957151766,697.8003551490228,-331.40601955937433,-0.672621562117484
4.66,5.927955402349274e-07,3.1310144545575885e-06,0.0,-2.006295168103793,1.0000205650750569,-0.00029390226851831015,-0.00029103384533105906,-1.2038464635477044,0.2328918277105579,-0.029045364162853585,-367.066957151766,697.8003551490228,-331.40601955937433,-0.672621562117484
4.68,5.6031843382303e-07,2.955160005216806e-06,0.0,-2.006295168103793,1.0000205650750569,-0.00029390226851831015,-0.00029103384533105906,-1.2038464635477044,0.2328918277105579,-0.029045364162853585,-367.066957151766,697.8003551490228,-331.40601955937433,-0.672621562117484
4.7,5.296002875449369e-07,2.789095736474727e-06,0.0,-2.006295168103793,1.0000205650750569,-0.00029390226851831015,-0.00029103384533105906,-1.2038464635477044,0.2328918277105579,-0.029045364162853585,-367.066957151766,697.8003551490228,-331.40601955937433,-0.672621562117484
4.72,5.005470889102266e-07,2.6322818196935764e-06,0.0,-2.006295168103793,1.0000205650750569,-0.00029390226851831015,-0.00029103384533105906,-1.2038464635477044,0.2328918277105579,-0.029045364162853585,-367.066957151766,697.8003551490228,-331.40601955937433,-0.672621562117484
4.74,4.730697721390947e-07,2.484207876461478e-06,0.0,-2.006295168103793,1.0000205650750569,-0.00029390226851831015,-0.00029103384533105906,-1.2038464635477044,0.2328918277105579,-0.029045364162853585,-367.066957151766,697.8003551490228,-331.40601955937433,-0.672621562117484
4.76,4.470839628053721e-07,2.344391391272873e-06,0.0,-2.006295168103793,1.0000205650750569,-0.00029390226851831015,-0.00029103384533105906,-1.2038464635477044,0.2328918277105579,-0.029045364162853585,-367.066957151766,697.8003551490228,-331.40601955937433,-0.672621562117484
4.78,4.225097353455121e-07,2.212376208557226e-06,0.0,-2.006295168103793,1.0000205650750569,-0.00029390226851831015,-0.00029103384533105906,-1.2038464635477044,0.2328918277105579,-0.029045364162853585,-367.066957151766,697.8003551490228,-331.40601955937433,-0.672621562117484
4.8,3.9927138280599064e-07,2.0877311096690108e-06,0.0,-2.006295168103793,1.0000205650750569,-0.00029390226851831015,-0.00029103384533105906,-1.2038464635477044,0.2328918277105579,-0.029045364162853585,-367.066957151766,697.8003551490228,-331.40601955937433,-0.672621562117484
4.82,3.77297198230721e-07,1.970048465635702e-06,0.0,-2.006295168103793,1.0000205650750569,-0.00029390226851831015,-0.00029103384533105906,-1.2038464635477044,0.2328918277105579,-0.029045364162853585,-367.066957151766,697.8003551490228,-331.40601955937433,-0.672621562117484
4.84,3.56519267118119e-07,1.8589429617147264e-06,0.0,-2.006295168103793,1.0000205650750569,-0.00029390226851831015,-0.00029103384533105906,-1.2038464635477044,0.2328918277105579,-0.029045364162853585,-367.066957151766,697.8003551490228,-331.40601955937433,-0.672621562117484
4.86,3.3687327040413544e-07,1.7540503899760672e-06,0.0,-2.006295168103793,1.0000205650750569,-0.00029390226851831015,-0.00029103384533105906,-1.2038464635477044,0.2328918277105579,-0.029045364162853585,-367.066957151766,697.8003551490228,-331.40601955937433,-0.672621562117484
4.88,3.1829829745321075e-07,1.6550265063570316e-06,0.0,-2.006295168103793,1.0000205650750569,-0.00029390226851831015,-0.00029103384533105906,-1.2038464635477044,0.2328918277105579,-0.029045364162853585,-367.066957151766,697.8003551490228,-331.40601955937433,-0.672621562117484
4.9,3.007366685634977e-07,1.5615459487844478e-06,0.0,-2.006295168103793,1.0000205650750569,-0.00029390226851831015,-0.00029103384533105906,-1.2038464635477044,0.2328918277105579,-0.029045364162853585,-367.066957151766,697.8003551490228,-331.40601955937433,-0.672621562117484
4.92,2.841337665161211e-07,1.4733012131679086e-06,0.0,-2.006295168103793,1.0000205650750569,-0.00029390226851831015,-0.00029103384533105906,-1.2038464635477044,0.2328918277105579,-0.029045364162853585,-367.066957151766,697.8003551490228,-331.40601955937433,-0.672621562117484
4.94,2.6843787672051985e-07,1.3900016842014806e-06,0.0,-2.006295168103793,1.0000205650750569,-0.00029390226851831015,-0.00029103384533105906,-1.2038464635477044,0.2328918277105579,-0.029045364162853585,-367.066957151766,697.8003551490228,-331.40601955937433,-0.672621562117484
4.96,2.536000355292968e-07,1.3113727180986207e-06,0.0,-2.006295168103793,1.0000205650750569,-0.00029390226851831015,-0.00029103384533105906,-1.2038464635477044,0.2328918277105579,-0.029045364162853585,-367.066957151766,697.8003551490228,-331.40601955937433,-0.672621562117484
4.98,2.3957388631632857e-07,1.2371547745067843e-06,0.0,-2.006295168103793,1.0000205650750569,-0.00029390226851831015,-0.00029103384533105906,-1.2038464635477044,0.2328918277105579,-0.029045364162853585,-367.066957151766,697.8003551490228,-331.40601955937433,-0.672621562117484
5.0,2.263155429313859e-07,1.167102595016172e-06,0.0,-2.006295168103793,1.0000205650750569,-0.00029390226851831015,-0.00029103384533105906,-1.2038464635477044,0.2328918277105579,-0.029045364162853585,-367.066957151766,697.8003551490228,-331.40601955937433,-0.672621562117484
5.0200000000000005,2.1378346016304707e-07,1.1009844257872365e-06,0.0,-2.006295168103793,1.0000205650750569,-0.00029390226851831015,-0.00029103384533105906,-1.2038464635477044,0.2328918277105579,-0.029045364162853585,-367.066957151766,697.8003551490228,-331.40601955937433,-0.672621562117484
5.04,2.0193831085945432e-07,1.0385812819727558e-06,0.0,-2.006295168103793,1.0000205650750569,-0.00029390226851831015,-0.00029103384533105906,-1.2038464635477044,0.2328918277105579,-0.029045364162853585,-367.066957151766,697.8003551490228,-331.40601955937433,-0.672621562117484
5.0600000000000005,1.9074286937334494e-07,9.796862517099653e-07,0.0,-2.006295168103793,1.0000205650750569,-0.00029390226851831015,-0.00029103384533105906,-1.2038464635477044,0.2328918277105579,-0.029045364162853585,-367.066957151766,697.8003551490228,-331.40601955937433,-0.672621562117484
5.08,1.8016190101396785e-07,9.241038375937877e-07,0.0,-2.006295168103793,1.0000205650750569,-0.00029390226851831015,-0.00029103384533105906,-1.2038464635477044,0.2328918277105579,-0.029045364162853585,-367.066957151766,697.8003551490228,-331.40601955937433,-0.672621562117484
5.1000000000000005,1.701620572038616e-07,8.716493336324207e-07,0.0,-2.006295168103793,1.0000205650750569,-0.00029390226851831015,-0.00029103384533105906,-1.2038464635477044,0.2328918277105579,-0.029045364162853585,-367.066957151766,697.8003551490228,-331.40601955937433,-0.672621562117484
5.12,1.607117760531912e-07,8.221482358088882e-07,0.0,-2.006295168103793,1.0000205650750569,-0.00029390226851831015,-0.00029103384533105906,-1.2038464635477044,0.2328918277105579,-0.029045364162853585,-367.066957151766,697.8003551490228,-331.40601955937433,-0.672621562117484
5.14,1.517811880783182e-07,7.754356844528209e-07,0.0,-2.006295168103793,1.0000205650750569,-0.00029390226851831015,-0.00029103384533105906,-1.2038464635477044,0.2328918277105579,-0.029045364162853585,-367.066957151766,697.8003551490228,-331.40601955937433,-0.672621562117484
5.16,1.4334202680465912e-07,7.313559367360544e-07,0.0,-2.006295168103793,1.0000205650750569,-0.00029390226851831015,-0.00029103384533105906,-1.2038464635477044,0.2328918277105579,-0.029045364162853585,-367.066957151766,697.8003551490228,-331.40601955937433,-0.672621562117484
5.18,1.353675440066043e-07,6.897618676833662e-07,0.0,-2.006295168103793,1.0000205650750569,-0.00029390226851831015,-0.00029103384533105906,-1.2038464635477044,0.2328918277105579,-0.029045364162853585,-367.066957151766,697.8003551490228,-331.40601955937433,-0.672621562117484
5.2,1.2783242934940413e-07,6.505144981766885e-07,0.0,-2.006295168103793,1.0000205650750569,-0.00029390226851831015,-0.00029103384533105906,-1.2038464635477044,0.2328918277105579,-0.029045364162853585,-367.066957151766,697.8003551490228,-331.40601955937433,-0.672621562117484
5.22,1.2071273420950846e-07,6.134825485166072e-07,0.0,-2.006295168103793,1.0000205650750569,-0.00029390226851831015,-0.00029103384533105906,-1.2038464635477044,0.2328918277105579,-0.029045364162853585,-367.066957151766,697.8003551490228,-331.40601955937433,-0.672621562117484
5.24,1.1398579946084372e-07,5.785420161695654e-07,0.0,-2.006295168103793,1.0000205650750569,-0.00029390226851831015,-0.00029103384533105906,-1.2038464635477044,0.2328918277105579,-0.029045364162853585,-367.066957151766,697.8003551490228,-331.40601955937433,-0.672621562117484
5.26,1.07630187025032e-07,5.455757764135485e-07,0.0,-2.006295168103793,1.0000205650750569,-0.00029390226851831015,-0.00029103384533105906,-1.2038464635477044,0.2328918277105579,-0.029045364162853585,-367.066957151766,697.8003551490228,-331.40601955937433,-0.672621562117484
5.28,1.0162561499353574e-07,5.144732046511431e-07,0.0,-2.006295168103793,1.0000205650750569,-0.00029390226851831015,-0.00029103384533105906,-1.2038464635477044,0.2328918277105579,-0.029045364162853585,-367.066957151766,697.8003551490228,-331.40601955937433,-0.672621562117484
5.3,9.595289613925541e-08,4.851298192346193e-07,0.0,-2.006295168103793,1.0000205650750569,-0.00029390226851831015,-0.00029103384533105906,-1.2038464635477044,0.2328918277105579,-0.029045364162853585,-367.066957151766,697.8003551490228,-331.40601955937433,-0.672621562117484
5.32,9.059387964415881e-08,4.574469436982989e-07,0.0,-2.006295168103793,1.0000205650750569,-0.00029390226851831015,-0.00029103384533105906,-1.2038464635477044,0.2328918277105579,-0.029045364162853585,-367.066957151766,697.8003551490228,-331.40601955937433,-0.672621562117484
5.34,8.55313958781733e-08,4.313313873615958e-07,0.0,-2.006295168103793,1.0000205650750569,-0.00029390226851831015,-0.00029103384533105906,-1.2038464635477044,0.2328918277105579,-0.029045364162853585,-367.066957151766,697.8003551490228,-331.40601955937433,-0.672621562117484
5.36,8.074920407277752e-08,4.066951433119412e-07,0.0,-2.006295168103793,1.0000205650750569,-0.00029390226851831015,-0.00029103384533105906,-1.2038464635477044,0.2328918277105579,-0.029045364162853585,-367.066957151766,697.8003551490228,-331.40601955937433,-0.672621562117484
5.38,7.623194274056947e-08,3.834551028373403e-07,0.0,-2.006295168103793,1.0000205650750569,-0.00029390226851831015,-0.00029103384533105906,-1.2038464635477044,0.2328918277105579,-0.029045364162853585,-367.066957151766,697.8003551490228,-331.40601955937433,-0.672621562117484
5.4,7.196508269952176e-08,3.615327854200344e-07,0.0,-2.006295168103793,1.0000205650750569,-0.00029390226851831015,-0.00029103384533105906,-1.2038464635477044,0.2328918277105579,-0.029045364162853585,-367.066957151766,697.8003551490228,-331.40601955937433,-0.672621562117484
5.42,6.793488256773622e-08,3.408540834571666e-07,0.0,-2.006295168103793,1.0000205650750569,-0.00029390226851831015,-0.00029103384533105906,-1.2038464635477044,0.2328918277105579,-0.029045364162853585,-367.066957151766,697.8003551490228,-331.40601955937433,-0.672621562117484
5.44,6.412834660124109e-08,3.2134902091152656e-07,0.0,-2.006295168103793,1.0000205650750569,-0.00029390226851831015,-0.00029103384533105906,-1.2038464635477044,0.2328918277105579,-0.029045364162853585,-367.066957151766,697.8003551490228,-331.40601955937433,-0.672621562117484
5.46,6.053318475380237e-08,3.0295152514448394e-07,0.0,-2.006295168103793,1.0000205650750569,-0.00029390226851831015,-0.00029103384533105906,-1.2038464635477044,0.2328918277105579,-0.029045364162853585,-367.066957151766,697.8003551490228,-331.40601955937433,-0.672621562117484
5.48,5.713777484381338e-08,2.8559921121672647e-07,0.0,-2.006295168103793,1.0000205650750569,-0.00029390226851831015,-0.00029103384533105906,-1.2038464635477044,0.2328918277105579,-0.029045364162853585,-367.066957151766,697.8003551490228,-331.40601955937433,-0.672621562117484
5.5,5.393112671914248e-08,2.692331779863341e-07,0.0,-2.006295168103793,1.0000205650750569,-0.00029390226851831015,-0.00029103384533105906,-1.2038464635477044,0.2328918277105579,-0.029045364162853585,-367.066957151766,697.8003551490228,-331.40601955937433,-0.672621562117484
5.5200000000000005,5.09028483163304e-08,2.537978153637762e-07,0.0,-2.006295168103793,1.0000205650750569,-0.00029390226851831015,-0.00029103384533105906,-1.2038464635477044,0.2328918277105579,-0.029045364162853585,-367.066957151766,697.8003551490228,-331.40601955937433,-0.672621562117484
5.54,4.804311351578862e-08,2.392406221231215e-07,0.0,-2.006295168103793,1.0000205650750569,-0.00029390226851831015,-0.00029103384533105906,-1.2038464635477044,0.2328918277105579,-0.029045364162853585,-367.066957151766,697.8003551490228,-331.40601955937433,-0.672621562117484
5.5600000000000005,4.534263169963336e-08,2.2551203369535516e-07,0.0,-2.006295168103793,1.0000205650750569,-0.00029390226851831015,-0.00029103384533105906,-1.2038464635477044,0.2328918277105579,-0.029045364162853585,-367.066957151766,697.8003551490228,-331.40601955937433,-0.672621562117484
5.58,4.279261892354483e-08,2.1256525940558297e-07,0.0,-2.006295168103793,1.0000205650750569,-0.00029390226851831015,-0.00029103384533105906,-1.2038464635477044,0.2328918277105579,-0.029045364162853585,-367.066957151766,697.8003551490228,-331.40601955937433,-0.672621562117484
5.6000000000000005,4.038477061854502e-08,2.0035612863977273e-07,0.0,-2.006295168103793,1.0000205650750569,-0.00029390226851831015,-0.00029103384533105906,-1.2038464635477044,0.2328918277105579,-0.029045364162853585,-367.066957151766,697.8003551490228,-331.40601955937433,-0.672621562117484
5.62,3.8111235742883955e-08,1.88842945458804e-07,0.0,-2.006295168103793,1.0000205650750569,-0.00029390226851831015,-0.00029103384533105906,-1.2038464635477044,0.2328918277105579,-0.029045364162853585,-367.066957151766,697.8003551490228,-331.40601955937433,-0.672621562117484
5.64,3.596459230829304e-08,1.7798635119914639e-07,0.0,-2.006295168103793,1.0000205650750569,-0.00029390226851831015,-0.00029103384533105906,-1.2038464635477044,0.2328918277105579,-0.029045364162853585,-367.066957151766,697.8003551490228,-331.40601955937433,-0.672621562117484
5.66,3.393782420874393e-08,1.6774919462790816e-07,0.0,-2.006295168103793,1.0000205650750569,-0.00029390226851831015,-0.00029103384533105906,-1.2038464635477044,0.2328918277105579,-0.029045364162853585,-367.066957151766,697.8003551490228,-331.40601955937433,-0.672621562117484
5.68,3.202429928352836e-08,1.5809640924062122e-07,0.0,-2.006295168103793,1.0000205650750569,-0.00029390226851831015,-0.00029103384533105906,-1.2038464635477044,0.2328918277105579,-0.029045364162853585,-367.066957151766,697.8003551490228,-331.40601955937433,-0.672621562117484
5.7,3.021774854997173e-08,1.4899489731286543e-07,0.0,-2.006295168103793,1.0000205650750569,-0.00029390226851831015,-0.00029103384533105906,-1.2038464635477044,0.2328918277105579,-0.029045364162853585,-367.066957151766,697.8003551490228,-331.40601955937433,-0.672621562117484
5.72,2.851224654441898e-08,1.4041342033915976e-07,0.0,-2.006295168103793,1.0000205650750569,-0.00029390226851831015,-0.00029103384533105906,-1.2038464635477044,0.2328918277105579,-0.029045364162853585,-367.066957151766,697.8003551490228,-331.40601955937433,-0.672621562117484
5.74,2.6902192713282484e-08,1.3232249550956357e-07,0.0,-2.006295168103793,1.0000205650750569,-0.00029390226851831015,-0.00029103384533105906,-1.2038464635477044,0.2328918277105579,-0.029045364162853585,-367.066957151766,697.8003551490228,-331.40601955937433,-0.672621562117484
5.76,2.5382293798944808e-08,1.2469429789623186e-07,0.0,-2.006295168103793,1.0000205650750569,-0.00029390226851831015,-0.00029103384533105906,-1.2038464635477044,0.2328918277105579,-0.029045364162853585,-367.066957151766,697.8003551490228,-331.40601955937433,-0.672621562117484
5.78,2.3947547168151583e-08,1.1750256803701797e-07,0.0,-2.006295168103793,1.0000205650750569,-0.00029390226851831015,-0.00029103384533105906,-1.2038464635477044,0.2328918277105579,-0.029045364162853585,-367.066957151766,697.8003551490228,-331.40601955937433,-0.672621562117484
5.8,2.2593225033238398e-08,1.1072252462267319e-07,0.0,-2.006295168103793,1.0000205650750569,-0.00029390226851831015,-0.00029103384533105906,-1.2038464635477044,0.2328918277105579,-0.029045364162853585,-367.066957151766,697.8003551490228,-331.40601955937433,-0.672621562117484
5.82,2.131485951909895e-08,1.043307820076249e-07,0.0,-2.006295168103793,1.0000205650750569,-0.00029390226851831015,-0.00029103384533105906,-1.2038464635477044,0.2328918277105579,-0.029045364162853585,-367.066957151766,697.8003551490228,-331.40601955937433,-0.672621562117484
5.84,2.0108228531243888e-08,9.830527228164044e-08,0.0,-2.006295168103793,1.0000205650750569,-0.00029390226851831015,-0.00029103384533105906,-1.2038464635477044,0.2328918277105579,-0.029045364162853585,-367.066957151766,697.8003551490228,-331.40601955937433,-0.672621562117484
5.86,1.8969342382610664e-08,9.262517165186731e-08,0.0,-2.006295168103793,1.0000205650750569,-0.00029390226851831015,-0.00029103384533105906,-1.2038464635477044,0.2328918277105579,-0.029045364162853585,-367.066957151766,697.8003551490228,-331.40601955937433,-0.672621562117484
5.88,1.7894431138985897e-08,8.727083090016295e-08,0.0,-2.006295168103793,1.0000205650750569,-0.00029390226851831015,-0.00029103384533105906,-1.2038464635477044,0.2328918277105579,-0.029045364162853585,-367.066957151766,697.8003551490228,-331.40601955937433,-0.672621562117484
5.9,1.6879932644984207e-08,8.222370969153347e-08,0.0,-2.006295168103793,1.0000205650750569,-0.00029390226851831015,-0.00029103384533105906,-1.2038464635477044,0.2328918277105579,-0.029045364162853585,-367.066957151766,697.8003551490228,-331.40601955937433,-0.672621562117484
5.92,1.5922481194510826e-08,7.746631452342253e-08,0.0,-2.006295168103793,1.0000205650750569,-0.00029390226851831015,-0.00029103384533105906,-1.2038464635477044,0.2328918277105579,-0.029045364162853585,-367.066957151766,697.8003551490228,-331.40601955937433,-0.672621562117484
5.94,1.501889681151135e-08,7.298214011527996e-08,0.0,-2.006295168103793,1.0000205650750569,-0.00029390226851831015,-0.00029103384533105906,-1.2038464635477044,0.2328918277105579,-0.029045364162853585,-367.066957151766,697.8003551490228,-331.40601955937433,-0.672621562117484
5.96,1.4166175108598361e-08,6.875561405033925e-08,0.0,-2.006295168103793,1.0000205650750569,-0.00029390226851831015,-0.00029103384533105906,-1.2038464635477044,0.2328918277105579,-0.029045364162853585,-367.066957151766,697.8003551490228,-331.40601955937433,-0.672621562117484
5.98,1.3361477692834237e-08,6.477204449019604e-08,0.0,-2.006295168103793,1.0000205650750569,-0.00029390226851831015,-0.00029103384533105906,-1.2038464635477044,0.2328918277105579,-0.029045364162853585,-367.066957151766,697.8003551490228,-331.40601955937433,-0.672621562117484
6.0,1.2602123089557955e-08,6.101757079400985e-08,0.0,-2.006295168103793,1.0000205650750569,-0.00029390226851831015,-0.00029103384533105906,-1.2038464635477044,0.2328918277105579,-0.029045364162853585,-367.066957151766,697.8003551490228,-331.40601955937433,-0.672621562117484
6.0200000000000005,1.1885578156664783e-08,5.747911688186423e-08,0.0,-2.006295168103793,1.0000205650750569,-0.00029390226851831015,-0.00029103384533105906,-1.2038464635477044,0.2328918277105579,-0.029045364162853585,-367.066957151766,697.8003551490228,-331.40601955937433,-0.672621562117484
6.04,1.1209449963195683e-08,5.414434719194009e-08,0.0,-2.006295168103793,1.0000205650750569,-0.00029390226851831015,-0.00029103384533105906,-1.2038464635477044,0.2328918277105579,-0.029045364162853585,-367.066957151766,697.8003551490228,-331.40601955937433,-0.672621562117484
6.0600000000000005,1.0571478107462222e-08,5.100162508799632e-08,0.0,-2.006295168103793,1.0000205650750569,-0.00029390226851831015,-0.00029103384533105906,-1.2038464635477044,0.2328918277105579,-0.029045364162853585,-367.066957151766,697.8003551490228,-331.40601955937433,-0.672621562117484
6.08,9.969527451235727e-09,4.8039973582735077e-08,0.0,-2.006295168103793,1.0000205650750569,-0.00029390226851831015,-0.00029103384533105906,-1.2038464635477044,0.2328918277105579,-0.029045364162853585,-367.066957151766,697.8003551490228,-331.40601955937433,-0.672621562117484
6.1000000000000005,9.401581247761188e-09,4.524903824880123e-08,0.0,-2.006295168103793,1.0000205650750569,-0.00029390226851831015,-0.00029103384533105906,-1.2038464635477044,0.2328918277105579,-0.029045364162853585,-367.066957151766,697.8003551490228,-331.40601955937433,-0.672621562117484
6.12,8.865734642528526e-09,4.261905219722448e-08,0.0,-2.006295168103793,1.0000205650750569,-0.00029390226851831015,-0.00029103384533105906,-1.2038464635477044,0.2328918277105579,-0.029045364162853585,-367.066957151766,697.8003551490228,-331.40601955937433,-0.672621562117484
6.140000000000001,8.360188526841788e-09,4.014080300867056e-08,0.0,-2.006295168103793,1.0000205650750569,-0.00029390226851831015,-0.00029103384533105906,-1.2038464635477044,0.2328918277105579,-0.029045364162853585,-367.066957151766,697.8003551490228,-331.40601955937433,-0.672621562117484
6.16,7.883243725280974e-09,3.78056015100908e-08,0.0,-2.006295168103793,1.0000205650750569,-0.00029390226851831015,-0.00029103384533105906,-1.2038464635477044,0.2328918277105579,-0.029045364162853585,-367.066957151766,697.8003551490228,-331.40601955937433,-0.672621562117484
6.18,7.433295499147558e-09,3.5605252294331026e-08,0.0,-2.006295168103793,1.0000205650750569,-0.00029390226851831015,-0.00029103384533105906,-1.2038464635477044,0.2328918277105579,-0.029045364162853585,-367.066957151766,697.8003551490228,-331.40601955937433,-0.672621562117484
6.2,7.008828348932323e-09,3.353202588665436e-08,0.0,-2.006295168103793,1.0000205650750569,-0.00029390226851831015,-0.00029103384533105906,-1.2038464635477044,0.2328918277105579,-0.029045364162853585,-367.066957151766,697.8003551490228,-331.40601955937433,-0.672621562117484
6.22,6.608411099740415e-09,3.1578632466833146e-08,0.0,-2.006295168103793,1.0000205650750569,-0.00029390226851831015,-0.00029103384533105906,-1.2038464635477044,0.2328918277105579,-0.029045364162853585,-367.066957151766,697.8003551490228,-331.40601955937433,-0.672621562117484
6.24,6.230692254459132e-09,2.9738197060636016e-08,0.0,-2.006295168103793,1.0000205650750569,-0.00029390226851831015,-0.00029103384533105906,-1.2038464635477044,0.2328918277105579,-0.029045364162853585,-367.066957151766,697.8003551490228,-331.40601955937433,-0.672621562117484
6.26,5.874395600260885e-09,2.8004236119521682e-08,0.0,-2.006295168103793,1.0000205650750569,-0.00029390226851831015,-0.00029103384533105906,-1.2038464635477044,0.2328918277105579,-0.029045364162853585,-367.066957151766,697.8003551490228,-331.40601955937433,-0.672621562117484
6.28,5.5383160547969944e-09,2.6370635411266476e-08,0.0,-2.006295168103793,1.0000205650750569,-0.00029390226851831015,-0.00029103384533105906,-1.2038464635477044,0.2328918277105579,-0.029045364162853585,-367.066957151766,697.8003551490228,-331.40601955937433,-0.672621562117484
6.3,5.221315739163578e-09,2.4831629149100567e-08,0.0,-2.006295168103793,1.0000205650750569,-0.00029390226851831015,-0.00029103384533105906,-1.2038464635477044,0.2328918277105579,-0.029045364162853585,-367.066957151766,697.8003551490228,-331.40601955937433,-0.672621562117484
6.32,4.9223202654063205e-09,2.338178029034167e-08,0.0,-2.006295168103793,1.0000205650750569,-0.00029390226851831015,-0.00029103384533105906,-1.2038464635477044,0.2328918277105579,-0.029045364162853585,-367.066957151766,697.8003551490228,-331.40601955937433,-0.672621562117484
6.34,4.640315226982652e-09,2.2015961939818297e-08,0.0,-2.006295168103793,1.0000205650750569,-0.00029390226851831015,-0.00029103384533105906,-1.2038464635477044,0.2328918277105579,-0.029045364162853585,-367.066957151766,697.8003551490228,-331.40601955937433,-0.672621562117484
6.36,4.374342881215642e-09,2.0729339796452268e-08,0.0,-2.006295168103793,1.0000205650750569,-0.00029390226851831015,-0.00029103384533105906,-1.2038464635477044,0.2328918277105579,-0.029045364162853585,-367.066957151766,697.8003551490228,-331.40601955937433,-0.672621562117484
6.38,4.123499013359154e-09,1.9517355585231136e-08,0.0,-2.006295168103793,1.0000205650750569,-0.00029390226851831015,-0.00029103384533105906,-1.2038464635477044,0.2328918277105579,-0.029045364162853585,-367.066957151766,697.8003551490228,-331.40601955937433,-0.672621562117484
6.4,3.88692997244677e-09,1.8375711419523275e-08,0.0,-2.006295168103793,1.0000205650750569,-0.00029390226851831015,-0.00029103384533105906,-1.2038464635477044,0.2328918277105579,-0.029045364162853585,-367.066957151766,697.8003551490228,-331.40601955937433,-0.672621562117484
6.42,3.6638298696223935e-09,1.7300355042159116e-08,0.0,-2.006295168103793,1.0000205650750569,-0.00029390226851831015,-0.00029103384533105906,-1.2038464635477044,0.2328918277105579,-0.029045364162853585,-367.066957151766,697.8003551490228,-331.40601955937433,-0.672621562117484
6.44,3.4534379301468925e-09,1.6287465896138622e-08,0.0,-2.006295168103793,1.0000205650750569,-0.00029390226851831015,-0.00029103384533105906,-1.2038464635477044,0.2328918277105579,-0.029045364162853585,-367.066957151766,697.8003551490228,-331.40601955937433,-0.672621562117484
6.46,3.2550359907467113e-09,1.533344197891228e-08,0.0,-2.006295168103793,1.0000205650750569,-0.00029390226851831015,-0.00029103384533105906,-1.2038464635477044,0.2328918277105579,-0.029045364162853585,-367.066957151766,697.8003551490228,-331.40601955937433,-0.672621562117484
6.48,3.0679461344159424e-09,1.4434887436370778e-08,0.0,-2.006295168103793,1.0000205650750569,-0.00029390226851831015,-0.00029103384533105906,-1.2038464635477044,0.2328918277105579,-0.029045364162853585,-367.066957151766,697.8003551490228,-331.40601955937433,-0.672621562117484
6.5,2.8915284552065727e-09,1.358860085544384e-08,0.0,-2.006295168103793,1.0000205650750569,-0.00029390226851831015,-0.00029103384533105906,-1.2038464635477044,0.2328918277105579,-0.029045364162853585,-367.066957151766,697.8003551490228,-331.40601955937433,-0.672621562117484
6.5200000000000005,2.7251789459413754e-09,1.2791564216144861e-08,0.0,-2.006295168103793,1.0000205650750569,-0.00029390226851831015,-0.00029103384533105906,-1.2038464635477044,0.2328918277105579,-0.029045364162853585,-367.066957151766,697.8003551490228,-331.40601955937433,-0.672621562117484
6.54,2.5683275021636526e-09,1.2040932466388315e-08,0.0,-2.006295168103793,1.0000205650750569,-0.00029390226851831015,-0.00029103384533105906,-1.2038464635477044,0.2328918277105579,-0.029045364162853585,-367.066957151766,697.8003551490228,-331.40601955937433,-0.672621562117484
6.5600000000000005,2.4204360359966556e-09,1.1334023684631317e-08,0.0,-2.006295168103793,1.0000205650750569,-0.00029390226851831015,-0.00029103384533105906,-1.2038464635477044,0.2328918277105579,-0.029045364162853585,-367.066957151766,697.8003551490228,-331.40601955937433,-0.672621562117484
6.58,2.280996693926111e-09,1.0668309797606026e-08,0.0,-2.006295168103793,1.0000205650750569,-0.00029390226851831015,-0.00029103384533105906,-1.2038464635477044,0.2328918277105579,-0.029045364162853585,-367.066957151766,697.8003551490228,-331.40601955937433,-0.672621562117484
6.6000000000000005,2.1495301728409393e-09,1.004140782196581e-08,0.0,-2.006295168103793,1.0000205650750569,-0.00029390226851831015,-0.00029103384533105906,-1.2038464635477044,0.2328918277105579,-0.029045364162853585,-367.066957151766,697.8003551490228,-331.40601955937433,-0.672621562117484
6.62,2.0255841289727003e-09,9.451071600633855e-09,0.0,-2.006295168103793,1.0000205650750569,-0.00029390226851831015,-0.00029103384533105906,-1.2038464635477044,0.2328918277105579,-0.029045364162853585,-367.066957151766,697.8003551490228,-331.40601955937433,-0.672621562117484
6.640000000000001,1.9087316746627183e-09,8.895184006041986e-09,0.0,-2.006295168103793,1.0000205650750569,-0.00029390226851831015,-0.00029103384533105906,-1.2038464635477044,0.2328918277105579,-0.029045364162853585,-367.066957151766,697.8003551490228,-331.40601955937433,-0.672621562117484
6.66,1.7985699581597216e-09,8.371749584200468e-09,0.0,-2.006295168103793,1.0000205650750569,-0.00029390226851831015,-0.00029103384533105906,-1.2038464635477044,0.2328918277105579,-0.029045364162853585,-367.066957151766,697.8003551490228,-331.40601955937433,-0.672621562117484
6.68,1.6947188219093955e-09,7.878887614788131e-09,0.0,-2.006295168103793,1.0000205650750569,-0.00029390226851831015,-0.00029103384533105906,-1.2038464635477044,0.2328918277105579,-0.029045364162853585,-367.066957151766,697.8003551490228,-331.40601955937433,-0.672621562117484
6.7,1.5968195350427156e-09,7.4148255640053675e-09,0.0,-2.006295168103793,1.0000205650750569,-0.00029390226851831015,-0.00029103384533105906,-1.2038464635477044,0.2328918277105579,-0.029045364162853585,-367.066957151766,697.8003551490228,-331.40601955937433,-0.672621562117484
6.72,1.5045335960018278e-09,6.977892908106079e-09,0.0,-2.006295168103793,1.0000205650750569,-0.00029390226851831015,-0.00029103384533105906,-1.2038464635477044,0.2328918277105579,-0.029045364162853585,-367.066957151766,697.8003551490228,-331.40601955937433,-0.672621562117484
6.74,1.41754160146197e-09,6.566515306783674e-09,0.0,-2.006295168103793,1.0000205650750569,-0.00029390226851831015,-0.00029103384533105906,-1.2038464635477044,0.2328918277105579,-0.029045364162853585,-367.066957151766,697.8003551490228,-331.40601955937433,-0.672621562117484
6.76,1.3355421779160598e-09,6.17920910680765e-09,0.0,-2.006295168103793,1.0000205650750569,-0.00029390226851831015,-0.00029103384533105906,-1.2038464635477044,0.2328918277105579,-0.029045364162853585,-367.066957151766,697.8003551490228,-331.40601955937433,-0.672621562117484
6.78,1.2582509724852191e-09,5.81457615727751e-09,0.0,-2.006295168103793,1.0000205650750569,-0.00029390226851831015,-0.00029103384533105906,-1.2038464635477044,0.2328918277105579,-0.029045364162853585,-367.066957151766,697.8003551490228,-331.40601955937433,-0.672621562117484
6.8,1.1853996997050925e-09,5.471298919038917e-09,0.0,-2.006295168103793,1.0000205650750569,-0.00029390226851831015,-0.00029103384533105906,-1.2038464635477044,0.2328918277105579,-0.029045364162853585,-367.066957151766,697.8003551490228,-331.40601955937433,-0.672621562117484
6.82,1.116735241213958e-09,5.148135851643198e-09,0.0,-2.006295168103793,1.0000205650750569,-0.00029390226851831015,-0.00029103384533105906,-1.2038464635477044,0.2328918277105579,-0.029045364162853585,-367.066957151766,697.8003551490228,-331.40601955937433,-0.672621562117484
6.84,1.0520187954357713e-09,4.843917062286314e-09,0.0,-2.006295168103793,1.0000205650750569,-0.00029390226851831015,-0.00029103384533105906,-1.2038464635477044,0.2328918277105579,-0.029045364162853585,-367.066957151766,697.8003551490228,-331.40601955937433,-0.672621562117484
6.86,9.910250745090525e-10,4.557540201914928e-09,0.0,-2.006295168103793,1.0000205650750569,-0.00029390226851831015,-0.00029103384533105906,-1.2038464635477044,0.2328918277105579,-0.029045364162853585,-367.066957151766,697.8003551490228,-331.40601955937433,-0.672621562117484
6.88,9.335415458622177e-10,4.28796659462146e-09,0.0,-2.006295168103793,1.0000205650750569,-0.00029390226851831015,-0.00029103384533105906,-1.2038464635477044,0.2328918277105579,-0.029045364162853585,-367.066957151766,697.8003551490228,-331.40601955937433,-0.672621562117484
6.9,8.79367715977244e-10,4.034217587125637e-09,0.0,-2.006295168103793,1.0000205650750569,-0.00029390226851831015,-0.00029103384533105906,-1.2038464635477044,0.2328918277105579,-0.029045364162853585,-367.066957151766,697.8003551490228,-331.40601955937433,-0.672621562117484
6.92,8.283144540175969e-10,3.79537110597382e-09,0.0,-2.006295168103793,1.0000205650750569,-0.00029390226851831015,-0.00029103384533105906,-1.2038464635477044,0.2328918277105579,-0.029045364162853585,-367.066957151766,697.8003551490228,-331.40601955937433,-0.672621562117484
6.94,7.802033531228479e-10,3.570558410686344e-09,0.0,-2.006295168103793,1.0000205650750569,-0.00029390226851831015,-0.00029103384533105906,-1.2038464635477044,0.2328918277105579,-0.029045364162853585,-367.066957151766,697.8003551490228,-331.40601955937433,-0.672621562117484
6.96,7.348661272924135e-10,3.3589610318304018e-09,0.0,-2.006295168103793,1.0000205650750569,-0.00029390226851831015,-0.00029103384533105906,-1.2038464635477044,0.2328918277105579,-0.029045364162853585,-367.066957151766,697.8003551490228,-331.40601955937433,-0.672621562117484
6.98,6.921440418940882e-10,3.1598078835318695e-09,0.0,-2.006295168103793,1.0000205650750569,-0.00029390226851831015,-0.00029103384533105906,-1.2038464635477044,0.2328918277105579,-0.029045364162853585,-367.066957151766,697.8003551490228,-331.40601955937433,-0.672621562117484
7.0,6.518873759404565e-10,2.97237254060079e-09,0.0,-2.006295168103793,1.0000205650750569,-0.00029390226851831015,-0.00029103384533105906,-1.2038464635477044,0.2328918277105579,-0.029045364162853585,-367.066957151766,697.8003551490228,-331.40601955937433,-0.672621562117484
7.0200000000000005,6.139549143776259e-10,2.795970670926633e-09,0.0,-2.006295168103793,1.0000205650750569,-0.00029390226851831015,-0.00029103384533105906,-1.2038464635477044,0.2328918277105579,-0.029045364162853585,-367.066957151766,697.8003551490228,-331.40601955937433,-0.672621562117484
7.04,5.782134687268475e-10,2.629957614391394e-09,0.0,-2.006295168103793,1.0000205650750569,-0.00029390226851831015,-0.00029103384533105906,-1.2038464635477044,0.2328918277105579,-0.029045364162853585,-367.066957151766,697.8003551490228,-331.40601955937433,-0.672621562117484
7.0600000000000005,5.44537424510294e-10,2.473726099973645e-09,0.0,-2.006295168103793,1.0000205650750569,-0.00029390226851831015,-0.00029103384533105906,-1.2038464635477044,0.2328918277105579,-0.029045364162853585,-367.066957151766,697.8003551490228,-331.40601955937433,-0.672621562117484
7.08,5.128083139782739e-10,2.326704093246118e-09,0.0,-2.006295168103793,1.0000205650750569,-0.00029390226851831015,-0.00029103384533105906,-1.2038464635477044,0.2328918277105579,-0.029045364162853585,-367.066957151766,697.8003551490228,-331.40601955937433,-0.672621562117484
7.1000000000000005,4.829144127363153e-10,2.1883527668509382e-09,0.0,-2.006295168103793,1.0000205650750569,-0.00029390226851831015,-0.00029103384533105906,-1.2038464635477044,0.2328918277105579,-0.029045364162853585,-367.066957151766,697.8003551490228,-331.40601955937433,-0.672621562117484
7.12,4.547503589474958e-10,2.0581645870052007e-09,0.0,-2.006295168103793,1.0000205650750569,-0.00029390226851831015,-0.00029103384533105906,-1.2038464635477044,0.2328918277105579,-0.029045364162853585,-367.066957151766,697.8003551490228,-331.40601955937433,-0.672621562117484
7.140000000000001,4.2821679385799397e-10,1.935661509431229e-09,0.0,-2.006295168103793,1.0000205650750569,-0.00029390226851831015,-0.00029103384533105906,-1.2038464635477044,0.2328918277105579,-0.029045364162853585,-367.066957151766,697.8003551490228,-331.40601955937433,-0.672621562117484
7.16,4.0322002246266104e-10,1.8203932785252808e-09,0.0,-2.006295168103793,1.0000205650750569,-0.00029390226851831015,-0.00029103384533105906,-1.2038464635477044,0.2328918277105579,-0.029045364162853585,-367.066957151766,697.8003551490228,-331.40601955937433,-0.672621562117484
7.18,3.7967169319234437e-10,1.7119358238807172e-09,0.0,-2.006295168103793,1.0000205650750569,-0.00029390226851831015,-0.00029103384533105906,-1.2038464635477044,0.2328918277105579,-0.029045364162853585,-367.066957151766,697.8003551490228,-331.40601955937433,-0.672621562117484
7.2,3.574884955662362e-10,1.6098897486532842e-09,0.0,-2.006295168103793,1.0000205650750569,-0.00029390226851831015,-0.00029103384533105906,-1.2038464635477044,0.2328918277105579,-0.029045364162853585,-367.066957151766,697.8003551490228,-331.40601955937433,-0.672621562117484
7.22,3.365918748106159e-10,1.5138789045399093e-09,0.0,-2.006295168103793,1.0000205650750569,-0.00029390226851831015,-0.00029103384533105906,-1.2038464635477044,0.2328918277105579,-0.029045364162853585,-367.066957151766,697.8003551490228,-331.40601955937433,-0.672621562117484
7.24,3.169077625003269e-10,1.423549048443232e-09,0.0,-2.006295168103793,1.0000205650750569,-0.00029390226851831015,-0.00029103384533105906,-1.2038464635477044,0.2328918277105579,-0.029045364162853585,-367.066957151766,697.8003551490228,-331.40601955937433,-0.672621562117484
7.26,2.9836632233133956e-10,1.3385665761870174e-09,0.0,-2.006295168103793,1.0000205650750569,-0.00029390226851831015,-0.00029103384533105906,-1.2038464635477044,0.2328918277105579,-0.029045364162853585,-367.066957151766,697.8003551490228,-331.40601955937433,-0.672621562117484
7.28,2.8090171018184754e-10,1.2586173288814945e-09,0.0,-2.006295168103793,1.0000205650750569,-0.00029390226851831015,-0.00029103384533105906,-1.2038464635477044,0.2328918277105579,-0.029045364162853585,-367.066957151766,697.8003551490228,-331.40601955937433,-0.672621562117484
7.3,2.644518476658631e-10,1.1834054678172156e-09,0.0,-2.006295168103793,1.0000205650750569,-0.00029390226851831015,-0.00029103384533105906,-1.2038464635477044,0.2328918277105579,-0.029045364162853585,-367.066957151766,697.8003551490228,-331.40601955937433,-0.672621562117484
7.32,2.489582084271559e-10,1.112652413968741e-09,0.0,-2.006295168103793,1.0000205650750569,-0.00029390226851831015,-0.00029103384533105906,-1.2038464635477044,0.2328918277105579,-0.029045364162853585,-367.066957151766,697.8003551490228,-331.40601955937433,-0.672621562117484
7.34,2.343656164629611e-10,1.0460958484393598e-09,0.0,-2.006295168103793,1.0000205650750569,-0.00029390226851831015,-0.00029103384533105906,-1.2038464635477044,0.2328918277105579,-0.029045364162853585,-367.066957151766,697.8003551490228,-331.40601955937433,-0.672621562117484
7.36,2.2062205580609664e-10,9.834887703588801e-10,0.0,-2.006295168103793,1.0000205650750569,-0.00029390226851831015,-0.00029103384533105906,-1.2038464635477044,0.2328918277105579,-0.029045364162853585,-367.066957151766,697.8003551490228,-331.40601955937433,-0.672621562117484
7.38,2.0767849093129072e-10,9.245986089690053e-10,0.0,-2.006295168103793,1.0000205650750569,-0.00029390226851831015,-0.00029103384533105906,-1.2038464635477044,0.2328918277105579,-0.029045364162853585,-367.066957151766,697.8003551490228,-331.40601955937433,-0.672621562117484
7.4,1.9548869728656114e-10,8.692063867914863e-10,0.0,-2.006295168103793,1.0000205650750569,-0.00029390226851831015,-0.00029103384533105906,-1.2038464635477044,0.2328918277105579,-0.029045364162853585,-367.066957151766,697.8003551490228,-331.40601955937433,-0.672621562117484
7.42,1.8400910138369337e-10,8.171059309733765e-10,0.0,-2.006295168103793,1.0000205650750569,-0.00029390226851831015,-0.00029103384533105906,-1.2038464635477044,0.2328918277105579,-0.029045364162853585,-367.066957151766,697.8003551490228,-331.40601955937433,-0.672621562117484
7.44,1.731986299131713e-10,7.681031300461029e-10,0.0,-2.006295168103793,1.0000205650750569,-0.00029390226851831015,-0.00029103384533105906,-1.2038464635477044,0.2328918277105579,-0.029045364162853585,-367.066957151766,697.8003551490228,-331.40601955937433,-0.672621562117484
7.46,1.6301856737857922e-10,7.220152335127606e-10,0.0,-2.006295168103793,1.0000205650750569,-0.00029390226851831015,-0.00029103384533105906,-1.2038464635477044,0.2328918277105579,-0.029045364162853585,-367.066957151766,697.8003551490228,-331.40601955937433,-0.672621562117484
7.48,1.534324217734622e-10,6.786701918049403e-10,0.0,-2.006295168103793,1.0000205650750569,-0.00029390226851831015,-0.00029103384533105906,-1.2038464635477044,0.2328918277105579,-0.029045364162853585,-367.066957151766,697.8003551490228,-331.40601955937433,-0.672621562117484
7.5,1.444057978501281e-10,6.379060343083733e-10,0.0,-2.006295168103793,1.0000205650750569,-0.00029390226851831015,-0.00029103384533105906,-1.2038464635477044,0.2328918277105579,-0.029045364162853585,-367.066957151766,697.8003551490228,-331.40601955937433,-0.672621562117484
7.5200000000000005,1.3590627755485765e-10,5.995702832700134e-10,0.0,-2.006295168103793,1.0000205650750569,-0.00029390226851831015,-0.00029103384533105906,-1.2038464635477044,0.2328918277105579,-0.029045364162853585,-367.066957151766,697.8003551490228,-331.40601955937433,-0.672621562117484
7.54,1.2790330722765158e-10,5.635194015394908e-10,0.0,-2.006295168103793,1.0000205650750569,-0.00029390226851831015,-0.00029103384533105906,-1.2038464635477044,0.2328918277105579,-0.029045364162853585,-367.066957151766,697.8003551490228,-331.40601955937433,-0.672621562117484
7.5600000000000005,1.2036809118695542e-10,5.296182721994038e-10,0.0,-2.006295168103793,1.0000205650750569,-0.00029390226851831015,-0.00029103384533105906,-1.2038464635477044,0.2328918277105579,-0.029045364162853585,-367.066957151766,697.8003551490228,-331.40601955937433,-0.672621562117484
7.58,1.132734913409337e-10,4.977397082631651e-10,0.0,-2.006295168103793,1.0000205650750569,-0.00029390226851831015,-0.00029103384533105906,-1.2038464635477044,0.2328918277105579,-0.029045364162853585,-367.066957151766,697.8003551490228,-331.40601955937433,-0.672621562117484
7.6000000000000005,1.0659393248678666e-10,4.677639907099666e-10,0.0,-2.006295168103793,1.0000205650750569,-0.00029390226851831015,-0.00029103384533105906,-1.2038464635477044,0.2328918277105579,-0.029045364162853585,-367.066957151766,697.8003551490228,-331.40601955937433,-0.672621562117484
7.62,1.0030531297847017e-10,4.395784332369462e-10,0.0,-2.006295168103793,1.0000205650750569,-0.00029390226851831015,-0.00029103384533105906,-1.2038464635477044,0.2328918277105579,-0.029045364162853585,-367.066957151766,697.8003551490228,-331.40601955937433,-0.672621562117484
7.640000000000001,9.438492046096514e-11,4.130769721895402e-10,0.0,-2.006295168103793,1.0000205650750569,-0.00029390226851831015,-0.00029103384533105906,-1.2038464635477044,0.2328918277105579,-0.029045364162853585,-367.066957151766,697.8003551490228,-331.40601955937433,-0.672621562117484
7.66,8.881135238608608e-11,3.8815978022928287e-10,0.0,-2.006295168103793,1.0000205650750569,-0.00029390226851831015,-0.00029103384533105906,-1.2038464635477044,0.2328918277105579,-0.029045364162853585,-367.066957151766,697.8003551490228,-331.40601955937433,-0.672621562117484
7.68,8.356444104069512e-11,3.647329023704473e-10,0.0,-2.006295168103793,1.0000205650750569,-0.00029390226851831015,-0.00029103384533105906,-1.2038464635477044,0.2328918277105579,-0.029045364162853585,-367.066957151766,697.8003551490228,-331.40601955937433,-0.672621562117484
7.7,7.862518283322047e-11,3.4270791310396283e-10,0.0,-2.006295168103793,1.0000205650750569,-0.00029390226851831015,-0.00029103384533105906,-1.2038464635477044,0.2328918277105579,-0.029045364162853585,-367.066957151766,697.8003551490228,-331.40601955937433,-0.672621562117484
7.72,7.397567159855509e-11,3.2200159339354907e-10,0.0,-2.006295168103793,1.0000205650750569,-0.00029390226851831015,-0.00029103384533105906,-1.2038464635477044,0.2328918277105579,-0.029045364162853585,-367.066957151766,697.8003551490228,-331.40601955937433,-0.672621562117484
7.74,6.959903569481473e-11,3.025356264006305e-10,0.0,-2.006295168103793,1.0000205650750569,-0.00029390226851831015,-0.00029103384533105906,-1.2038464635477044,0.2328918277105579,-0.029045364162853585,-367.066957151766,697.8003551490228,-331.40601955937433,-0.672621562117484
7.76,6.547937867810167e-11,2.8423631086242155e-10,0.0,-2.006295168103793,1.0000205650750569,-0.00029390226851831015,-0.00029103384533105906,-1.2038464635477044,0.2328918277105579,-0.029045364162853585,-367.066957151766,697.8003551490228,-331.40601955937433,-0.672621562117484
7.78,6.160172335336858e-11,2.670342911032624e-10,0.0,-2.006295168103793,1.0000205650750569,-0.00029390226851831015,-0.00029103384533105906,-1.2038464635477044,0.2328918277105579,-0.029045364162853585,-367.066957151766,697.8003551490228,-331.40601955937433,-0.672621562117484
7.8,5.795195901078579e-11,2.508643027244286e-10,0.0,-2.006295168103793,1.0000205650750569,-0.00029390226851831015,-0.00029103384533105906,-1.2038464635477044,0.2328918277105579,-0.029045364162853585,-367.066957151766,697.8003551490228,-331.40601955937433,-0.672621562117484
7.82,5.451679166767372e-11,2.356649330654752e-10,0.0,-2.006295168103793,1.0000205650750569,-0.00029390226851831015,-0.00029103384533105906,-1.2038464635477044,0.2328918277105579,-0.029045364162853585,-367.066957151766,697.8003551490228,-331.40601955937433,-0.672621562117484
7.84,5.12836971461515e-11,2.2137839558838236e-10,0.0,-2.006295168103793,1.0000205650750569,-0.00029390226851831015,-0.00029103384533105906,-1.2038464635477044,0.2328918277105579,-0.029045364162853585,-367.066957151766,697.8003551490228,-331.40601955937433,-0.672621562117484
7.86,4.824087682616181e-11,2.079503173784442e-10,0.0,-2.006295168103793,1.0000205650750569,-0.00029390226851831015,-0.00029103384533105906,-1.2038464635477044,0.2328918277105579,-0.029045364162853585,-367.066957151766,697.8003551490228,-331.40601955937433,-0.672621562117484
7.88,4.537721592253147e-11,1.953295390075865e-10,0.0,-2.006295168103793,1.0000205650750569,-0.00029390226851831015,-0.00029103384533105906,-1.2038464635477044,0.2328918277105579,-0.029045364162853585,-367.066957151766,697.8003551490228,-331.40601955937433,-0.672621562117484
7.9,4.2682244143209105e-11,1.8346792604363354e-10,0.0,-2.006295168103793,1.0000205650750569,-0.00029390226851831015,-0.00029103384533105906,-1.2038464635477044,0.2328918277105579,-0.029045364162853585,-367.066957151766,697.8003551490228,-331.40601955937433,-0.672621562117484
7.92,4.0146098593848324e-11,1.7232019153526107e-10,0.0,-2.006295168103793,1.0000205650750569,-0.00029390226851831015,-0.00029103384533105906,-1.2038464635477044,0.2328918277105579,-0.029045364162853585,-367.066957151766,697.8003551490228,-331.40601955937433,-0.672621562117484
7.94,3.775948880146906e-11,1.6184372883599162e-10,0.0,-2.006295168103793,1.0000205650750569,-0.00029390226851831015,-0.00029103384533105906,-1.2038464635477044,0.2328918277105579,-0.029045364162853585,-367.066957151766,697.8003551490228,-331.40601955937433,-0.672621562117484
7.96,3.551366373708849e-11,1.5199845417153706e-10,0.0,-2.006295168103793,1.0000205650750569,-0.00029390226851831015,-0.00029103384533105906,-1.2038464635477044,0.2328918277105579,-0.029045364162853585,-367.066957151766,697.8003551490228,-331.40601955937433,-0.672621562117484
7.98,3.3400380723957974e-11,1.4274665838483427e-10,0.0,-2.006295168103793,1.0000205650750569,-0.00029390226851831015,-0.00029103384533105906,-1.2038464635477044,0.2328918277105579,-0.029045364162853585,-367.066957151766,697.8003551490228,-331.40601955937433,-0.672621562117484
8.0,3.1411876124426015e-11,1.340528673295703e-10,0.0,-2.006295168103793,1.0000205650750569,-0.00029390226851831015,-0.00029103384533105906,-1.2038464635477044,0.2328918277105579,-0.029045364162853585,-367.066957151766,697.8003551490228,-331.40601955937433,-0.672621562117484
8.02,2.954083770446121e-11,1.2588371040963495e-10,0.0,-2.006295168103793,1.0000205650750569,-0.00029390226851831015,-0.00029103384533105906,-1.2038464635477044,0.2328918277105579,-0.029045364162853585,-367.066957151766,697.8003551490228,-331.40601955937433,-0.672621562117484
8.040000000000001,2.77803785805596e-11,1.1820779679410095e-10,0.0,-2.006295168103793,1.0000205650750569,-0.00029390226851831015,-0.00029103384533105906,-1.2038464635477044,0.2328918277105579,-0.029045364162853585,-367.066957151766,697.8003551490228,-331.40601955937433,-0.672621562117484
8.06,2.612401265912544e-11,1.1099559886228767e-10,0.0,-2.006295168103793,1.0000205650750569,-0.00029390226851831015,-0.00029103384533105906,-1.2038464635477044,0.2328918277105579,-0.029045364162853585,-367.066957151766,697.8003551490228,-331.40601955937433,-0.672621562117484
8.08,2.4565631483480684e-11,1.042193424590621e-10,0.0,-2.006295168103793,1.0000205650750569,-0.00029390226851831015,-0.00029103384533105906,-1.2038464635477044,0.2328918277105579,-0.029045364162853585,-367.066957151766,697.8003551490228,-331.40601955937433,-0.672621562117484
8.1,2.3099482408448023e-11,9.785290356691038e-11,0.0,-2.006295168103793,1.0000205650750569,-0.00029390226851831015,-0.00029103384533105906,-1.2038464635477044,0.2328918277105579,-0.029045364162853585,-367.066957151766,697.8003551490228,-331.40601955937433,-0.672621562117484
8.120000000000001,2.1720148026963818e-11,9.187171102093235e-11,0.0,-2.006295168103793,1.0000205650750569,-0.00029390226851831015,-0.00029103384533105906,-1.2038464635477044,0.2328918277105579,-0.029045364162853585,-367.066957151766,697.8003551490228,-331.40601955937433,-0.672621562117484
8.14,2.0422526777445402e-11,8.625265491687446e-11,0.0,-2.006295168103793,1.0000205650750569,-0.00029390226851831015,-0.00029103384533105906,-1.2038464635477044,0.2328918277105579,-0.029045364162853585,-367.066957151766,697.8003551490228,-331.40601955937433,-0.672621562117484
8.16,1.9201814664659387e-11,8.097400038053701e-11,0.0,-2.006295168103793,1.0000205650750569,-0.00029390226851831015,-0.00029103384533105906,-1.2038464635477044,0.2328918277105579,-0.029045364162853585,-367.066957151766,697.8003551490228,-331.40601955937433,-0.672621562117484
8.18,1.805348803064217e-11,7.60153063883416e-11,0.0,-2.006295168103793,1.0000205650750569,-0.00029390226851831015,-0.00029103384533105906,-1.2038464635477044,0.2328918277105579,-0.029045364162853585,-367.066957151766,697.8003551490228,-331.40601955937433,-0.672621562117484
8.2,1.697328731580675e-11,7.135734934421566e-11,0.0,-2.006295168103793,1.0000205650750569,-0.00029390226851831015,-0.00029103384533105906,-1.2038464635477044,0.2328918277105579,-0.029045364162853585,-367.066957151766,697.8003551490228,-331.40601955937433,-0.672621562117484
8.22,1.5957201753758344e-11,6.698205113666347e-11,0.0,-2.006295168103793,1.0000205650750569,-0.00029390226851831015,-0.00029103384533105906,-1.2038464635477044,0.2328918277105579,-0.029045364162853585,-367.066957151766,697.8003551490228,-331.40601955937433,-0.672621562117484
8.24,1.5001454946537465e-11,6.287241141545432e-11,0.0,-2.006295168103793,1.0000205650750569,-0.00029390226851831015,-0.00029103384533105906,-1.2038464635477044,0.2328918277105579,-0.029045364162853585,-367.066957151766,697.8003551490228,-331.40601955937433,-0.672621562117484
8.26,1.410249127002394e-11,5.90124438416335e-11,0.0,-2.006295168103793,1.0000205650750569,-0.00029390226851831015,-0.00029103384533105906,-1.2038464635477044,0.2328918277105579,-0.029045364162853585,-367.066957151766,697.8003551490228,-331.40601955937433,-0.672621562117484
8.28,1.3256963062085958e-11,5.5387116080401895e-11,0.0,-2.006295168103793,1.0000205650750569,-0.00029390226851831015,-0.00029103384533105906,-1.2038464635477044,0.2328918277105579,-0.029045364162853585,-367.066957151766,697.8003551490228,-331.40601955937433,-0.672621562117484
8.3,1.246171854874238e-11,5.19822933179013e-11,0.0,-2.006295168103793,1.0000205650750569,-0.00029390226851831015,-0.00029103384533105906,-1.2038464635477044,0.2328918277105579,-0.029045364162853585,-367.066957151766,697.8003551490228,-331.40601955937433,-0.672621562117484
8.32,1.1713790466145189e-11,4.8784685097039526e-11,0.0,-2.006295168103793,1.0000205650750569,-0.00029390226851831015,-0.00029103384533105906,-1.2038464635477044,0.2328918277105579,-0.029045364162853585,-367.066957151766,697.8003551490228,-331.40601955937433,-0.672621562117484
8.34,1.1010385338580607e-11,4.578179527823746e-11,0.0,-2.006295168103793,1.0000205650750569,-0.00029390226851831015,-0.00029103384533105906,-1.2038464635477044,0.2328918277105579,-0.029045364162853585,-367.066957151766,697.8003551490228,-331.40601955937433,-0.672621562117484
8.36,1.0348873374948923e-11,4.2961874943487734e-11,0.0,-2.006295168103793,1.0000205650750569,-0.00029390226851831015,-0.00029103384533105906,-1.2038464635477044,0.2328918277105579,-0.029045364162853585,-367.066957151766,697.8003551490228,-331.40601955937433,-0.672621562117484
8.38,9.726778948312367e-12,4.031387807123437e-11,0.0,-2.006295168103793,1.0000205650750569,-0.00029390226851831015,-0.00029103384533105906,-1.2038464635477044,0.2328918277105579,-0.029045364162853585,-367.066957151766,697.8003551490228,-331.40601955937433,-0.672621562117484
8.4,9.141771625113927e-12,3.7827419820700024e-11,0.0,-2.006295168103793,1.0000205650750569,-0.00029390226851831015,-0.00029103384533105906,-1.2038464635477044,0.2328918277105579,-0.029045364162853585,-367.066957151766,697.8003551490228,-331.40601955937433,-0.672621562117484
8.42,8.591657712566719e-12,3.549273727275525e-11,0.0,-2.006295168103793,1.0000205650750569,-0.00029390226851831015,-0.00029103384533105906,-1.2038464635477044,0.2328918277105579,-0.029045364162853585,-367.066957151766,697.8003551490228,-331.40601955937433,-0.672621562117484
8.44,8.074372294506861e-12,3.330065248431198e-11,0.0,-2.006295168103793,1.0000205650750569,-0.00029390226851831015,-0.00029103384533105906,-1.2038464635477044,0.2328918277105579,-0.029045364162853585,-367.066957151766,697.8003551490228,-331.40601955937433,-0.672621562117484
8.46,7.587971727691088e-12,3.124253772041457e-11,0.0,-2.006295168103793,1.0000205650750569,-0.00029390226851831015,-0.00029103384533105906,-1.2038464635477044,0.2328918277105579,-0.029045364162853585,-367.066957151766,697.8003551490228,-331.40601955937433,-0.672621562117484
8.48,7.130626572116557e-12,2.931028273695367e-11,0.0,-2.006295168103793,1.0000205650750569,-0.00029390226851831015,-0.00029103384533105906,-1.2038464635477044,0.2328918277105579,-0.029045364162853585,-367.066957151766,697.8003551490228,-331.40601955937433,-0.672621562117484
8.5,6.700614930443929e-12,2.7496263993633333e-11,0.0,-2.006295168103793,1.0000205650750569,-0.00029390226851831015,-0.00029103384533105906,-1.2038464635477044,0.2328918277105579,-0.029045364162853585,-367.066957151766,697.8003551490228,-331.40601955937433,-0.672621562117484
8.52,6.296316173026057e-12,2.579331568461069e-11,0.0,-2.006295168103793,1.0000205650750569,-0.00029390226851831015,-0.00029103384533105906,-1.2038464635477044,0.2328918277105579,-0.029045364162853585,-367.066957151766,697.8003551490228,-331.40601955937433,-0.672621562117484
8.540000000000001,5.916205026382625e-12,2.4194702479881158e-11,0.0,-2.006295168103793,1.0000205650750569,-0.00029390226851831015,-0.00029103384533105906,-1.2038464635477044,0.2328918277105579,-0.029045364162853585,-367.066957151766,697.8003551490228,-331.40601955937433,-0.672621562117484
8.56,5.55884600422594e-12,2.2694093877420654e-11,0.0,-2.006295168103793,1.0000205650750569,-0.00029390226851831015,-0.00029103384533105906,-1.2038464635477044,0.2328918277105579,-0.029045364162853585,-367.066957151766,697.8003551490228,-331.40601955937433,-0.672621562117484
8.58,5.222888161334335e-12,2.128554007134452e-11,0.0,-2.006295168103793,1.0000205650750569,-0.00029390226851831015,-0.00029103384533105906,-1.2038464635477044,0.2328918277105579,-0.029045364162853585,-367.066957151766,697.8003551490228,-331.40601955937433,-0.672621562117484
8.6,4.9070601516956395e-12,1.9963449247510794e-11,0.0,-2.006295168103793,1.0000205650750569,-0.00029390226851831015,-0.00029103384533105906,-1.2038464635477044,0.2328918277105579,-0.029045364162853585,-367.066957151766,697.8003551490228,-331.40601955937433,-0.672621562117484
8.620000000000001,4.61016557340298e-12,1.8722566222438472e-11,0.0,-2.006295168103793,1.0000205650750569,-0.00029390226851831015,-0.00029103384533105906,-1.2038464635477044,0.2328918277105579,-0.029045364162853585,-367.066957151766,697.8003551490228,-331.40601955937433,-0.672621562117484
8.64,4.331078583786985e-12,1.755795234687767e-11,0.0,-2.006295168103793,1.0000205650750569,-0.00029390226851831015,-0.00029103384533105906,-1.2038464635477044,0.2328918277105579,-0.029045364162853585,-367.066957151766,697.8003551490228,-331.40601955937433,-0.672621562117484
8.66,4.0687397692118495e-12,1.6464966599522747e-11,0.0,-2.006295168103793,1.0000205650750569,-0.00029390226851831015,-0.00029103384533105906,-1.2038464635477044,0.2328918277105579,-0.029045364162853585,-367.066957151766,697.8003551490228,-331.40601955937433,-0.672621562117484
8.68,3.822152254854317e-12,1.5439247801191682e-11,0.0,-2.006295168103793,1.0000205650750569,-0.00029390226851831015,-0.00029103384533105906,-1.2038464635477044,0.2328918277105579,-0.029045364162853585,-367.066957151766,697.8003551490228,-331.40601955937433,-0.672621562117484
8.700000000000001,3.5903780406237244e-12,1.447669788332994e-11,0.0,-2.006295168103793,1.0000205650750569,-0.00029390226851831015,-0.00029103384533105906,-1.2038464635477044,0.2328918277105579,-0.029045364162853585,-367.066957151766,697.8003551490228,-331.40601955937433,-0.672621562117484
8.72,3.3725345501743216e-12,1.3573466148969335e-11,0.0,-2.006295168103793,1.0000205650750569,-0.00029390226851831015,-0.00029103384533105906,-1.2038464635477044,0.2328918277105579,-0.029045364162853585,-367.066957151766,697.8003551490228,-331.40601955937433,-0.672621562117484
8.74,3.1677913807078485e-12,1.2725934467569022e-11,0.0,-2.006295168103793,1.0000205650750569,-0.00029390226851831015,-0.00029103384533105906,-1.2038464635477044,0.2328918277105579,-0.029045364162853585,-367.066957151766,697.8003551490228,-331.40601955937433,-0.672621562117484
8.76,2.975367241969969e-12,1.1930703348964774e-11,0.0,-2.006295168103793,1.0000205650750569,-0.00029390226851831015,-0.00029103384533105906,-1.2038464635477044,0.2328918277105579,-0.029045364162853585,-367.066957151766,697.8003551490228,-331.40601955937433,-0.672621562117484
8.78,2.794527073508242e-12,1.118457884442957e-11,0.0,-2.006295168103793,1.0000205650750569,-0.00029390226851831015,-0.00029103384533105906,-1.2038464635477044,0.2328918277105579,-0.029045364162853585,-367.066957151766,697.8003551490228,-331.40601955937433,-0.672621562117484
8.8,2.6245793298867126e-12,1.0484560226194399e-11,0.0,-2.006295168103793,1.0000205650750569,-0.00029390226851831015,-0.00029103384533105906,-1.2038464635477044,0.2328918277105579,-0.029045364162853585,-367.066957151766,697.8003551490228,-331.40601955937433,-0.672621562117484
8.82,2.464873424143459e-12,9.827828399529817e-12,0.0,-2.006295168103793,1.0000205650750569,-0.00029390226851831015,-0.00029103384533105906,-1.2038464635477044,0.2328918277105579,-0.029045364162853585,-367.066957151766,697.8003551490228,-331.40601955937433,-0.672621562117484
8.84,2.3147973203347755e-12,9.211735004071976e-12,0.0,-2.006295168103793,1.0000205650750569,-0.00029390226851831015,-0.00029103384533105906,-1.2038464635477044,0.2328918277105579,-0.029045364162853585,-367.066957151766,697.8003551490228,-331.40601955937433,-0.672621562117484
8.86,2.173775266536052e-12,8.633792163869774e-12,0.0,-2.006295168103793,1.0000205650750569,-0.00029390226851831015,-0.00029103384533105906,-1.2038464635477044,0.2328918277105579,-0.029045364162853585,-367.066957151766,697.8003551490228,-331.40601955937433,-0.672621562117484
8.88,2.0412656601647562e-12,8.091662847694504e-12,0.0,-2.006295168103793,1.0000205650750569,-0.00029390226851831015,-0.00029103384533105906,-1.2038464635477044,0.2328918277105579,-0.029045364162853585,-367.066957151766,697.8003551490228,-331.40601955937433,-0.672621562117484
8.9,1.9167590379589336e-12,7.583151803657248e-12,0.0,-2.006295168103793,1.0000205650750569,-0.00029390226851831015,-0.00029103384533105906,-1.2038464635477044,0.2328918277105579,-0.029045364162853585,-367.066957151766,697.8003551490228,-331.40601955937433,-0.672621562117484
8.92,1.7997761833852127e-12,7.106197034093157e-12,0.0,-2.006295168103793,1.0000205650750569,-0.00029390226851831015,-0.00029103384533105906,-1.2038464635477044,0.2328918277105579,-0.029045364162853585,-367.066957151766,697.8003551490228,-331.40601955937433,-0.672621562117484
8.94,1.6898663446665033e-12,6.658861778882636e-12,0.0,-2.006295168103793,1.0000205650750569,-0.00029390226851831015,-0.00029103384533105906,-1.2038464635477044,0.2328918277105579,-0.029045364162853585,-367.066957151766,697.8003551490228,-331.40601955937433,-0.672621562117484
8.96,1.5866055570111743e-12,6.239326977022518e-12,0.0,-2.006295168103793,1.0000205650750569,-0.00029390226851831015,-0.00029103384533105906,-1.2038464635477044,0.2328918277105579,-0.029045364162853585,-367.066957151766,697.8003551490228,-331.40601955937433,-0.672621562117484
8.98,1.4895950629954182e-12,5.84588417820505e-12,0.0,-2.006295168103793,1.0000205650750569,-0.00029390226851831015,-0.00029103384533105906,-1.2038464635477044,0.2328918277105579,-0.029045364162853585,-367.066957151766,697.8003551490228,-331.40601955937433,-0.672621562117484
9.0,1.3984598253987416e-12,5.476928877686225e-12,0.0,-2.006295168103793,1.0000205650750569,-0.00029390226851831015,-0.00029103384533105906,-1.2038464635477044,0.2328918277105579,-0.029045364162853585,-367.066957151766,697.8003551490228,-331.40601955937433,-0.672621562117484
9.02,1.3128471271214208e-12,5.1309542494595474e-12,0.0,-2.006295168103793,1.0000205650750569,-0.00029390226851831015,-0.00029103384533105906,-1.2038464635477044,0.2328918277105579,-0.029045364162853585,-367.066957151766,697.8003551490228,-331.40601955937433,-0.672621562117484
9.040000000000001,1.2324252531222016e-12,4.8065452540361244e-12,0.0,-2.006295168103793,1.0000205650750569,-0.00029390226851831015,-0.00029103384533105906,-1.2038464635477044,0.2328918277105579,-0.029045364162853585,-367.066957151766,697.8003551490228,-331.40601955937433,-0.672621562117484
9.06,1.1568822496067916e-12,4.502373098672125e-12,0.0,-2.006295168103793,1.0000205650750569,-0.00029390226851831015,-0.00029103384533105906,-1.2038464635477044,0.2328918277105579,-0.029045364162853585,-367.066957151766,697.8003551490228,-331.40601955937433,-0.672621562117484
9.08,1.0859247559728048e-12,4.217190029076277e-12,0.0,-2.006295168103793,1.0000205650750569,-0.00029390226851831015,-0.00029103384533105906,-1.2038464635477044,0.2328918277105579,-0.029045364162853585,-367.066957151766,697.8003551490228,-331.40601955937433,-0.672621562117484
9.1,1.0192769052766095e-12,3.949824432992381e-12,0.0,-2.006295168103793,1.0000205650750569,-0.00029390226851831015,-0.00029103384533105906,-1.2038464635477044,0.2328918277105579,-0.029045364162853585,-367.066957151766,697.8003551490228,-331.40601955937433,-0.672621562117484
9.120000000000001,9.566792892319447e-13,3.699176237067199e-12,0.0,-2.006295168103793,1.0000205650750569,-0.00029390226851831015,-0.00029103384533105906,-1.2038464635477044,0.2328918277105579,-0.029045364162853585,-367.066957151766,697.8003551490228,-331.40601955937433,-0.672621562117484
9.14,8.978879839809821e-13,3.464212579621668e-12,0.0,-2.006295168103793,1.0000205650750569,-0.00029390226851831015,-0.00029103384533105906,-1.2038464635477044,0.2328918277105579,-0.029045364162853585,-367.066957151766,697.8003551490228,-331.40601955937433,-0.672621562117484
9.16,8.426736330957471e-13,3.243963742876892e-12,0.0,-2.006295168103793,1.0000205650750569,-0.00029390226851831015,-0.00029103384533105906,-1.2038464635477044,0.2328918277105579,-0.029045364162853585,-367.066957151766,697.8003551490228,-331.40601955937433,-0.672621562117484
9.18,7.908205844729409e-13,3.037519329263946e-12,0.0,-2.006295168103793,1.0000205650750569,-0.00029390226851831015,-0.00029103384533105906,-1.2038464635477044,0.2328918277105579,-0.029045364162853585,-367.066957151766,697.8003551490228,-331.40601955937433,-0.672621562117484
9.200000000000001,7.421260779781549e-13,2.8440246672371475e-12,0.0,-2.006295168103793,1.0000205650750569,-0.00029390226851831015,-0.00029103384533105906,-1.2038464635477044,0.2328918277105579,-0.029045364162853585,-367.066957151766,697.8003551490228,-331.40601955937433,-0.672621562117484
9.22,6.963994808776703e-13,2.662677432963641e-12,0.0,-2.006295168103793,1.0000205650750569,-0.00029390226851831015,-0.00029103384533105906,-1.2038464635477044,0.2328918277105579,-0.029045364162853585,-367.066957151766,697.8003551490228,-331.40601955937433,-0.672621562117484
9.24,6.53461568267501e-13,2.492724474994267e-12,0.0,-2.006295168103793,1.0000205650750569,-0.00029390226851831015,-0.00029103384533105906,-1.2038464635477044,0.2328918277105579,-0.029045364162853585,-367.066957151766,697.8003551490228,-331.40601955937433,-0.672621562117484
9.26,6.131438458712195e-13,2.333458829865839e-12,0.0,-2.006295168103793,1.0000205650750569,-0.00029390226851831015,-0.00029103384533105906,-1.2038464635477044,0.2328918277105579,-0.029045364162853585,-367.066957151766,697.8003551490228,-331.40601955937433,-0.672621562117484
9.28,5.75287912730373e-13,2.1842169172094615e-12,0.0,-2.006295168103793,1.0000205650750569,-0.00029390226851831015,-0.00029103384533105906,-1.2038464635477044,0.2328918277105579,-0.029045364162853585,-367.066957151766,697.8003551490228,-331.40601955937433,-0.672621562117484
9.3,5.397448614550294e-13,2.044375903674942e-12,0.0,-2.006295168103793,1.0000205650750569,-0.00029390226851831015,-0.00029103384533105906,-1.2038464635477044,0.2328918277105579,-0.029045364162853585,-367.066957151766,697.8003551490228,-331.40601955937433,-0.672621562117484
9.32,5.063747138373617e-13,1.9133512255990545e-12,0.0,-2.006295168103793,1.0000205650750569,-0.00029390226851831015,-0.00029103384533105906,-1.2038464635477044,0.2328918277105579,-0.029045364162853585,-367.066957151766,697.8003551490228,-331.40601955937433,-0.672621562117484
9.34,4.750458897586928e-13,1.7905942609169536e-12,0.0,-2.006295168103793,1.0000205650750569,-0.00029390226851831015,-0.00029103384533105906,-1.2038464635477044,0.2328918277105579,-0.029045364162853585,-367.066957151766,697.8003551490228,-331.40601955937433,-0.672621562117484
9.36,4.4563470744075586e-13,1.6755901414332654e-12,0.0,-2.006295168103793,1.0000205650750569,-0.00029390226851831015,-0.00029103384533105906,-1.2038464635477044,0.2328918277105579,-0.029045364162853585,-367.066957151766,697.8003551490228,-331.40601955937433,-0.672621562117484
9.38,4.180249132051025e-13,1.5678556970332684e-12,0.0,-2.006295168103793,1.0000205650750569,-0.00029390226851831015,-0.00029103384533105906,-1.2038464635477044,0.2328918277105579,-0.029045364162853585,-367.066957151766,697.8003551490228,-331.40601955937433,-0.672621562117484
9.4,3.921072390114272e-13,1.4669375239627549e-12,0.0,-2.006295168103793,1.0000205650750569,-0.00029390226851831015,-0.00029103384533105906,-1.2038464635477044,0.2328918277105579,-0.029045364162853585,-367.066957151766,697.8003551490228,-331.40601955937433,-0.672621562117484
9.42,3.6777898614609723e-13,1.3724101697337885e-12,0.0,-2.006295168103793,1.0000205650750569,-0.00029390226851831015,-0.00029103384533105906,-1.2038464635477044,0.2328918277105579,-0.029045364162853585,-367.066957151766,697.8003551490228,-331.40601955937433,-0.672621562117484
9.44,3.449436335270497e-13,1.2838744277003178e-12,0.0,-2.006295168103793,1.0000205650750569,-0.00029390226851831015,-0.00029103384533105906,-1.2038464635477044,0.2328918277105579,-0.029045364162853585,-367.066957151766,697.8003551490228,-331.40601955937433,-0.672621562117484
9.46,3.235104691804405e-13,1.2009557347113344e-12,0.0,-2.006295168103793,1.0000205650750569,-0.00029390226851831015,-0.00029103384533105906,-1.2038464635477044,0.2328918277105579,-0.029045364162853585,-367.066957151766,697.8003551490228,-331.40601955937433,-0.672621562117484
9.48,3.033942435286362e-13,1.1233026656794022e-12,0.0,-2.006295168103793,1.0000205650750569,-0.00029390226851831015,-0.00029103384533105906,-1.2038464635477044,0.2328918277105579,-0.029045364162853585,-367.066957151766,697.8003551490228,-331.40601955937433,-0.672621562117484
9.5,2.845148432083701e-13,1.0505855192395527e-12,0.0,-2.006295168103793,1.0000205650750569,-0.00029390226851831015,-0.00029103384533105906,-1.2038464635477044,0.2328918277105579,-0.029045364162853585,-367.066957151766,697.8003551490228,-331.40601955937433,-0.672621562117484
9.52,2.667969842126436e-13,9.824949890533291e-13,0.0,-2.006295168103793,1.0000205650750569,-0.00029390226851831015,-0.00029103384533105906,-1.2038464635477044,0.2328918277105579,-0.029045364162853585,-367.066957151766,697.8003551490228,-331.40601955937433,-0.672621562117484
9.540000000000001,2.501699232202617e-13,9.187409155998805e-13,0.0,-2.006295168103793,1.0000205650750569,-0.00029390226851831015,-0.00029103384533105906,-1.2038464635477044,0.2328918277105579,-0.029045364162853585,-367.066957151766,697.8003551490228,-331.40601955937433,-0.672621562117484
9.56,2.345671860432346e-13,8.590511136323385e-13,0.0,-2.006295168103793,1.0000205650750569,-0.00029390226851831015,-0.00029103384533105906,-1.2038464635477044,0.2328918277105579,-0.029045364162853585,-367.066957151766,697.8003551490228,-331.40601955937433,-0.672621562117484
9.58,2.1992631218469413e-13,8.031702707419688e-13,0.0,-2.006295168103793,1.0000205650750569,-0.00029390226851831015,-0.00029103384533105906,-1.2038464635477044,0.2328918277105579,-0.029045364162853585,-367.066957151766,697.8003551490228,-331.40601955937433,-0.672621562117484
9.6,2.0618861455886245e-13,7.508589127707765e-13,0.0,-2.006295168103793,1.0000205650750569,-0.00029390226851831015,-0.00029103384533105906,-1.2038464635477044,0.2328918277105579,-0.029045364162853585,-367.066957151766,697.8003551490228,-331.40601955937433,-0.672621562117484
9.620000000000001,1.9329895347998516e-13,7.018924320379779e-13,0.0,-2.006295168103793,1.0000205650750569,-0.00029390226851831015,-0.00029103384533105906,-1.2038464635477044,0.2328918277105579,-0.029045364162853585,-367.066957151766,697.8003551490228,-331.40601955937433,-0.672621562117484
9.64,1.8120552407938934e-13,6.560601746094381e-13,0.0,-2.006295168103793,1.0000205650750569,-0.00029390226851831015,-0.00029103384533105906,-1.2038464635477044,0.2328918277105579,-0.029045364162853585,-367.066957151766,697.8003551490228,-331.40601955937433,-0.672621562117484
9.66,1.6985965635897433e-13,6.131645830460753e-13,0.0,-2.006295168103793,1.0000205650750569,-0.00029390226851831015,-0.00029103384533105906,-1.2038464635477044,0.2328918277105579,-0.029045364162853585,-367.066957151766,697.8003551490228,-331.40601955937433,-0.672621562117484
9.68,1.5921562713581104e-13,5.730203913013552e-13,0.0,-2.006295168103793,1.0000205650750569,-0.00029390226851831015,-0.00029103384533105906,-1.2038464635477044,0.2328918277105579,-0.029045364162853585,-367.066957151766,697.8003551490228,-331.40601955937433,-0.672621562117484
9.700000000000001,1.4923048317611811e-13,5.354538686131508e-13,0.0,-2.006295168103793,1.0000205650750569,-0.00029390226851831015,-0.00029103384533105906,-1.2038464635477044,0.2328918277105579,-0.029045364162853585,-367.066957151766,697.8003551490228,-331.40601955937433,-0.672621562117484
9.72,1.3986387485801353e-13,5.003021094431909e-13,0.0,-2.006295168103793,1.0000205650750569,-0.00029390226851831015,-0.00029103384533105906,-1.2038464635477044,0.2328918277105579,-0.029045364162853585,-367.066957151766,697.8003551490228,-331.40601955937433,-0.672621562117484
9.74,1.3107789974112216e-13,4.674123666778621e-13,0.0,-2.006295168103793,1.0000205650750569,-0.00029390226851831015,-0.00029103384533105906,-1.2038464635477044,0.2328918277105579,-0.029045364162853585,-367.066957151766,697.8003551490228,-331.40601955937433,-0.672621562117484
9.76,1.2283695545761138e-13,4.366414254883014e-13,0.0,-2.006295168103793,1.0000205650750569,-0.00029390226851831015,-0.00029103384533105906,-1.2038464635477044,0.2328918277105579,-0.029045364162853585,-367.066957151766,697.8003551490228,-331.40601955937433,-0.672621562117484
9.78,1.1510760137353182e-13,4.078550153855178e-13,0.0,-2.006295168103793,1.0000205650750569,-0.00029390226851831015,-0.00029103384533105906,-1.2038464635477044,0.2328918277105579,-0.029045364162853585,-367.066957151766,697.8003551490228,-331.40601955937433,-0.672621562117484
9.8,1.0785842850169558e-13,3.80927258165522e-13,0.0,-2.006295168103793,1.0000205650750569,-0.00029390226851831015,-0.00029103384533105906,-1.2038464635477044,0.2328918277105579,-0.029045364162853585,-367.066957151766,697.8003551490228,-331.40601955937433,-0.672621562117484
9.82,1.0105993717777684e-13,3.5574014957519983e-13,0.0,-2.006295168103793,1.0000205650750569,-0.00029390226851831015,-0.00029103384533105906,-1.2038464635477044,0.2328918277105579,-0.029045364162853585,-367.066957151766,697.8003551490228,-331.40601955937433,-0.672621562117484
9.84,9.468442203998726e-14,3.3218307265403476e-13,0.0,-2.006295168103793,1.0000205650750569,-0.00029390226851831015,-0.00029103384533105906,-1.2038464635477044,0.2328918277105579,-0.029045364162853585,-367.066957151766,697.8003551490228,-331.40601955937433,-0.672621562117484
9.86,8.870586387970812e-14,3.101523408409294e-13,0.0,-2.006295168103793,1.0000205650750569,-0.00029390226851831015,-0.00029103384533105906,-1.2038464635477044,0.2328918277105579,-0.029045364162853585,-367.066957151766,697.8003551490228,-331.40601955937433,-0.672621562117484
9.88,8.309982795587106e-14,2.8955076903695973e-13,0.0,-2.006295168103793,1.0000205650750569,-0.00029390226851831015,-0.00029103384533105906,-1.2038464635477044,0.2328918277105579,-0.029045364162853585,-367.066957151766,697.8003551490228,-331.40601955937433,-0.672621562117484
9.9,7.784336838984417e-14,2.7028727093377665e-13,0.0,-2.006295168103793,1.0000205650750569,-0.00029390226851831015,-0.00029103384533105906,-1.2038464635477044,0.2328918277105579,-0.029045364162853585,-367.066957151766,697.8003551490228,-331.40601955937433,-0.672621562117484
9.92,7.291493828011607e-14,2.522764810108511e-13,0.0,-2.006295168103793,1.0000205650750569,-0.00029390226851831015,-0.00029103384533105906,-1.2038464635477044,0.2328918277105579,-0.029045364162853585,-367.066957151766,697.8003551490228,-331.40601955937433,-0.672621562117484
9.94,6.829430519732245e-14,2.3543839971022035e-13,0.0,-2.006295168103793,1.0000205650750569,-0.00029390226851831015,-0.00029103384533105906,-1.2038464635477044,0.2328918277105579,-0.029045364162853585,-367.066957151766,697.8003551490228,-331.40601955937433,-0.672621562117484
9.96,6.396247174013392e-14,2.1969806037646299e-13,0.0,-2.006295168103793,1.0000205650750569,-0.00029390226851831015,-0.00029103384533105906,-1.2038464635477044,0.2328918277105579,-0.029045364162853585,-367.066957151766,697.8003551490228,-331.40601955937433,-0.672621562117484
9.98,5.990160085136148e-14,2.0498521664324478e-13,0.0,-2.006295168103793,1.0000205650750569,-0.00029390226851831015,-0.00029103384533105906,-1.2038464635477044,0.2328918277105579,-0.029045364162853585,-367.066957151766,697.8003551490228,-331.40601955937433,-0.672621562117484
10.0,5.609494561134759e-14,1.9123404902036688e-13,0.0,-2.006295168103793,1.0000205650750569,-0.00029390226851831015,-0.00029103384533105906,-1.2038464635477044,0.2328918277105579,-0.029045364162853585,-367.066957151766,697.8003551490228,-331.40601955937433,-0.672621562117484
10.02,5.252678324241109e-14,1.783828895177712e-13,0.0,-2.006295168103793,1.0000205650750569,-0.00029390226851831015,-0.00029103384533105906,-1.2038464635477044,0.2328918277105579,-0.029045364162853585,-367.066957151766,697.8003551490228,-331.40601955937433,-0.672621562117484
10.040000000000001,4.918235307380976e-14,1.6637396320520875e-13,0.0,-2.006295168103793,1.0000205650750569,-0.00029390226851831015,-0.00029103384533105906,-1.2038464635477044,0.2328918277105579,-0.029045364162853585,-367.066957151766,697.8003551490228,-331.40601955937433,-0.672621562117484
10.06,4.6047798231484066e-14,1.55153145678802e-13,0.0,-2.006295168103793,1.0000205650750569,-0.00029390226851831015,-0.00029103384533105906,-1.2038464635477044,0.2328918277105579,-0.029045364162853585,-367.066957151766,697.8003551490228,-331.40601955937433,-0.672621562117484
10.08,4.311011083075935e-14,1.4466973546303362e-13,0.0,-2.006295168103793,1.0000205650750569,-0.00029390226851831015,-0.00029103384533105906,-1.2038464635477044,0.2328918277105579,-0.029045364162853585,-367.066957151766,697.8003551490228,-331.40601955937433,-0.672621562117484
10.1,4.035708046330192e-14,1.3487624044082287e-13,0.0,-2.006295168103793,1.0000205650750569,-0.00029390226851831015,-0.00029103384533105906,-1.2038464635477044,0.2328918277105579,-0.029045364162853585,-367.066957151766,697.8003551490228,-331.40601955937433,-0.672621562117484
10.120000000000001,3.777724578195164e-14,1.2572817745318898e-13,0.0,-2.006295168103793,1.0000205650750569,-0.00029390226851831015,-0.00029103384533105906,-1.2038464635477044,0.2328918277105579,-0.029045364162853585,-367.066957151766,697.8003551490228,-331.40601955937433,-0.672621562117484
10.14,3.535984899867567e-14,1.17183884266494e-13,0.0,-2.006295168103793,1.0000205650750569,-0.00029390226851831015,-0.00029103384533105906,-1.2038464635477044,0.2328918277105579,-0.029045364162853585,-367.066957151766,697.8003551490228,-331.40601955937433,-0.672621562117484
10.16,3.309479312181408e-14,1.0920434315027342e-13,0.0,-2.006295168103793,1.0000205650750569,-0.00029390226851831015,-0.00029103384533105906,-1.2038464635477044,0.2328918277105579,-0.029045364162853585,-367.066957151766,697.8003551490228,-331.40601955937433,-0.672621562117484
10.18,3.0972601769086685e-14,1.0175301535850174e-13,0.0,-2.006295168103793,1.0000205650750569,-0.00029390226851831015,-0.00029103384533105906,-1.2038464635477044,0.2328918277105579,-0.029045364162853585,-367.066957151766,697.8003551490228,-331.40601955937433,-0.672621562117484
10.200000000000001,2.898438140250836e-14,9.479568584539176e-14,0.0,-2.006295168103793,1.0000205650750569,-0.00029390226851831015,-0.00029103384533105906,-1.2038464635477044,0.2328918277105579,-0.029045364162853585,-367.066957151766,697.8003551490228,-331.40601955937433,-0.672621562117484
10.22,2.7121785840482527e-14,8.830031759097555e-14,0.0,-2.006295168103793,1.0000205650750569,-0.00029390226851831015,-0.00029103384533105906,-1.2038464635477044,0.2328918277105579,-0.029045364162853585,-367.066957151766,697.8003551490228,-331.40601955937433,-0.672621562117484
10.24,2.537698291091794e-14,8.223691494680542e-14,0.0,-2.006295168103793,1.0000205650750569,-0.00029390226851831015,-0.00029103384533105906,-1.2038464635477044,0.2328918277105579,-0.029045364162853585,-367.066957151766,697.8003551490228,-331.40601955937433,-0.672621562117484
10.26,2.3742623117296046e-14,7.65773954509761e-14,0.0,-2.006295168103793,1.0000205650750569,-0.00029390226851831015,-0.00029103384533105906,-1.2038464635477044,0.2328918277105579,-0.029045364162853585,-367.066957151766,697.8003551490228,-331.40601955937433,-0.672621562117484
10.28,2.2211810197210184e-14,7.129546959174759e-14,0.0,-2.006295168103793,1.0000205650750569,-0.00029390226851831015,-0.00029103384533105906,-1.2038464635477044,0.2328918277105579,-0.029045364162853585,-367.066957151766,697.8003551490228,-331.40601955937433,-0.672621562117484
10.3,2.077807346005433e-14,6.636652803289018e-14,0.0,-2.006295168103793,1.0000205650750569,-0.00029390226851831015,-0.00029103384533105906,-1.2038464635477044,0.2328918277105579,-0.029045364162853585,-367.066957151766,697.8003551490228,-331.40601955937433,-0.672621562117484
10.32,1.9435341797270147e-14,6.17675358429844e-14,0.0,-2.006295168103793,1.0000205650750569,-0.00029390226851831015,-0.00029103384533105906,-1.2038464635477044,0.2328918277105579,-0.029045364162853585,-367.066957151766,697.8003551490228,-331.40601955937433,-0.672621562117484
10.34,1.8177919264893137e-14,5.74769332976185e-14,0.0,-2.006295168103793,1.0000205650750569,-0.00029390226851831015,-0.00029103384533105906,-1.2038464635477044,0.2328918277105579,-0.029045364162853585,-367.066957151766,697.8003551490228,-331.40601955937433,-0.672621562117484
10.36,1.7000462144104316e-14,5.347454285189402e-14,0.0,-2.006295168103793,1.0000205650750569,-0.00029390226851831015,-0.00029103384533105906,-1.2038464635477044,0.2328918277105579,-0.029045364162853585,-367.066957151766,697.8003551490228,-331.40601955937433,-0.672621562117484
10.38,1.5897957391098546e-14,4.974148190256863e-14,0.0,-2.006295168103793,1.0000205650750569,-0.00029390226851831015,-0.00029103384533105906,-1.2038464635477044,0.2328918277105579,-0.029045364162853585,-367.066957151766,697.8003551490228,-331.40601955937433,-0.672621562117484
10.4,1.4865702392862224e-14,4.62600809843627e-14,0.0,-2.006295168103793,1.0000205650750569,-0.00029390226851831015,-0.00029103384533105906,-1.2038464635477044,0.2328918277105579,-0.029045364162853585,-367.066957151766,697.8003551490228,-331.40601955937433,-0.672621562117484
10.42,1.3899285950416735e-14,4.301380706503867e-14,0.0,-2.006295168103793,1.0000205650750569,-0.00029390226851831015,-0.00029103384533105906,-1.2038464635477044,0.2328918277105579,-0.029045364162853585,-367.066957151766,697.8003551490228,-331.40601955937433,-0.672621562117484
10.44,1.2994570415760706e-14,3.998719162609889e-14,0.0,-2.006295168103793,1.0000205650750569,-0.00029390226851831015,-0.00029103384533105906,-1.2038464635477044,0.2328918277105579,-0.029045364162853585,-367.066957151766,697.8003551490228,-331.40601955937433,-0.672621562117484
10.46,1.2147674913137547e-14,3.716576323309328e-14,0.0,-2.006295168103793,1.0000205650750569,-0.00029390226851831015,-0.00029103384533105906,-1.2038464635477044,0.2328918277105579,-0.029045364162853585,-367.066957151766,697.8003551490228,-331.40601955937433,-0.672621562117484
10.48,1.1354959579394097e-14,3.45359843191214e-14,0.0,-2.006295168103793,1.0000205650750569,-0.00029390226851831015,-0.00029103384533105906,-1.2038464635477044,0.2328918277105579,-0.029045364162853585,-367.066957151766,697.8003551490228,-331.40601955937433,-0.672621562117484
10.5,1.0613010762086148e-14,3.2085191920821494e-14,0.0,-2.006295168103793,1.0000205650750569,-0.00029390226851831015,-0.00029103384533105906,-1.2038464635477044,0.2328918277105579,-0.029045364162853585,-367.066957151766,697.8003551490228,-331.40601955937433,-0.672621562117484
10.52,9.918627117651083e-15,2.9801542123404866e-14,0.0,-2.006295168103793,1.0000205650750569,-0.00029390226851831015,-0.00029103384533105906,-1.2038464635477044,0.2328918277105579,-0.029045364162853585,-367.066957151766,697.8003551490228,-331.40601955937433,-0.672621562117484
10.540000000000001,9.268806555409975e-15,2.7673957984715818e-14,0.0,-2.006295168103793,1.0000205650750569,-0.00029390226851831015,-0.00029103384533105906,-1.2038464635477044,0.2328918277105579,-0.029045364162853585,-367.066957151766,697.8003551490228,-331.40601955937433,-0.672621562117484
10.56,8.660733976404288e-15,2.5692080723511986e-14,0.0,-2.006295168103793,1.0000205650750569,-0.00029390226851831015,-0.00029103384533105906,-1.2038464635477044,0.2328918277105579,-0.029045364162853585,-367.066957151766,697.8003551490228,-331.40601955937433,-0.672621562117484
10.58,8.091769759119196e-15,2.384622396942102e-14,0.0,-2.006295168103793,1.0000205650750569,-0.00029390226851831015,-0.00029103384533105906,-1.2038464635477044,0.2328918277105579,-0.029045364162853585,-367.066957151766,697.8003551490228,-331.40601955937433,-0.672621562117484
10.6,7.55943894701555e-15,2.2127330885489056e-14,0.0,-2.006295168103793,1.0000205650750569,-0.00029390226851831015,-0.00029103384533105906,-1.2038464635477044,0.2328918277105579,-0.029045364162853585,-367.066957151766,697.8003551490228,-331.40601955937433,-0.672621562117484
10.620000000000001,7.061421095488084e-15,2.0526933984634137e-14,0.0,-2.006295168103793,1.0000205650750569,-0.00029390226851831015,-0.00029103384533105906,-1.2038464635477044,0.2328918277105579,-0.029045364162853585,-367.066957151766,697.8003551490228,-331.40601955937433,-0.672621562117484
10.64,6.595540738406498e-15,1.9037117473231682e-14,0.0,-2.006295168103793,1.0000205650750569,-0.00029390226851831015,-0.00029103384533105906,-1.2038464635477044,0.2328918277105579,-0.029045364162853585,-367.066957151766,697.8003551490228,-331.40601955937433,-0.672621562117484
10.66,6.159758436781595e-15,1.765048196457635e-14,0.0,-2.006295168103793,1.0000205650750569,-0.00029390226851831015,-0.00029103384533105906,-1.2038464635477044,0.2328918277105579,-0.029045364162853585,-367.066957151766,697.8003551490228,-331.40601955937433,-0.672621562117484
10.68,5.7521623743452245e-15,1.6360111415403053e-14,0.0,-2.006295168103793,1.0000205650750569,-0.00029390226851831015,-0.00029103384533105906,-1.2038464635477044,0.2328918277105579,-0.029045364162853585,-367.066957151766,697.8003551490228,-331.40601955937433,-0.672621562117484
10.700000000000001,5.370960466942761e-15,1.5159542146823207e-14,0.0,-2.006295168103793,1.0000205650750569,-0.00029390226851831015,-0.00029103384533105906,-1.2038464635477044,0.2328918277105579,-0.029045364162853585,-367.066957151766,697.8003551490228,-331.40601955937433,-0.672621562117484
10.72,5.014472954623887e-15,1.4042733820231502e-14,0.0,-2.006295168103793,1.0000205650750569,-0.00029390226851831015,-0.00029103384533105906,-1.2038464635477044,0.2328918277105579,-0.029045364162853585,-367.066957151766,697.8003551490228,-331.40601955937433,-0.672621562117484
10.74,4.681125447184239e-15,1.3004042246163023e-14,0.0,-2.006295168103793,1.0000205650750569,-0.00029390226851831015,-0.00029103384533105906,-1.2038464635477044,0.2328918277105579,-0.029045364162853585,-367.066957151766,697.8003551490228,-331.40601955937433,-0.672621562117484
10.76,4.369442395668255e-15,1.2038193912235021e-14,0.0,-2.006295168103793,1.0000205650750569,-0.00029390226851831015,-0.00029103384533105906,-1.2038464635477044,0.2328918277105579,-0.029045364162853585,-367.066957151766,697.8003551490228,-331.40601955937433,-0.672621562117484
10.78,4.078040963994293e-15,1.114026212262124e-14,0.0,-2.006295168103793,1.0000205650750569,-0.00029390226851831015,-0.00029103384533105906,-1.2038464635477044,0.2328918277105579,-0.029045364162853585,-367.066957151766,697.8003551490228,-331.40601955937433,-0.672621562117484
10.8,3.80562527641722e-15,1.0305644648616082e-14,0.0,-2.006295168103793,1.0000205650750569,-0.00029390226851831015,-0.00029103384533105906,-1.2038464635477044,0.2328918277105579,-0.029045364162853585,-367.066957151766,697.8003551490228,-331.40601955937433,-0.672621562117484
10.82,3.550981018004484e-15,9.530042795922186e-15,0.0,-2.006295168103793,1.0000205650750569,-0.00029390226851831015,-0.00029103384533105906,-1.2038464635477044,0.2328918277105579,-0.029045364162853585,-367.066957151766,697.8003551490228,-331.40601955937433,-0.672621562117484
10.84,3.3129703666748927e-15,8.809441799929091e-15,0.0,-2.006295168103793,1.0000205650750569,-0.00029390226851831015,-0.00029103384533105906,-1.2038464635477044,0.2328918277105579,-0.029045364162853585,-367.066957151766,697.8003551490228,-331.40601955937433,-0.672621562117484
10.86,3.090527236641877e-15,8.140092466145796e-15,0.0,-2.006295168103793,1.0000205650750569,-0.00029390226851831015,-0.00029103384533105906,-1.2038464635477044,0.2328918277105579,-0.029045364162853585,-367.066957151766,697.8003551490228,-331.40601955937433,-0.672621562117484
10.88,2.882652814316729e-15,7.518493977594435e-15,0.0,-2.006295168103793,1.0000205650750569,-0.00029390226851831015,-0.00029103384533105906,-1.2038464635477044,0.2328918277105579,-0.029045364162853585,-367.066957151766,697.8003551490228,-331.40601955937433,-0.672621562117484
10.9,2.688411368869933e-15,6.94137779618265e-15,0.0,-2.006295168103793,1.0000205650750569,-0.00029390226851831015,-0.00029103384533105906,-1.2038464635477044,0.2328918277105579,-0.029045364162853585,-367.066957151766,697.8003551490228,-331.40601955937433,-0.672621562117484
10.92,2.5069263207219097e-15,6.405692589298014e-15,0.0,-2.006295168103793,1.0000205650750569,-0.00029390226851831015,-0.00029103384533105906,-1.2038464635477044,0.2328918277105579,-0.029045364162853585,-367.066957151766,697.8003551490228,-331.40601955937433,-0.672621562117484
10.94,2.337376552244691e-15,5.9085901174693595e-15,0.0,-2.006295168103793,1.0000205650750569,-0.00029390226851831015,-0.00029103384533105906,-1.2038464635477044,0.2328918277105579,-0.029045364162853585,-367.066957151766,697.8003551490228,-331.40601955937433,-0.672621562117484
10.96,2.178992945904505e-15,5.447412022537878e-15,0.0,-2.006295168103793,1.0000205650750569,-0.00029390226851831015,-0.00029103384533105906,-1.2038464635477044,0.2328918277105579,-0.029045364162853585,-367.066957151766,697.8003551490228,-331.40601955937433,-0.672621562117484
10.98,2.031055135968023e-15,5.019677459837481e-15,0.0,-2.006295168103793,1.0000205650750569,-0.00029390226851831015,-0.00029103384533105906,-1.2038464635477044,0.2328918277105579,-0.029045364162853585,-367.066957151766,697.8003551490228,-331.40601955937433,-0.672621562117484
11.0,1.8928884607334704e-15,4.623071521163968e-15,0.0,-2.006295168103793,1.0000205650750569,-0.00029390226851831015,-0.00029103384533105906,-1.2038464635477044,0.2328918277105579,-0.029045364162853585,-367.066957151766,697.8003551490228,-331.40601955937433,-0.672621562117484
11.02,1.7638611030368871e-15,4.255434398873195e-15,0.0,-2.006295168103793,1.0000205650750569,-0.00029390226851831015,-0.00029103384533105906,-1.2038464635477044,0.2328918277105579,-0.029045364162853585,-367.066957151766,697.8003551490228,-331.40601955937433,-0.672621562117484
11.040000000000001,1.6433814075246316e-15,3.9147512442596325e-15,0.0,-2.006295168103793,1.0000205650750569,-0.00029390226851831015,-0.00029103384533105906,-1.2038464635477044,0.2328918277105579,-0.029045364162853585,-367.066957151766,697.8003551490228,-331.40601955937433,-0.672621562117484
11.06,1.5308953638804099e-15,3.599142676498835e-15,0.0,-2.006295168103793,1.0000205650750569,-0.00029390226851831015,-0.00029103384533105906,-1.2038464635477044,0.2328918277105579,-0.029045364162853585,-367.066957151766,697.8003551490228,-331.40601955937433,-0.672621562117484
11.08,1.4258842458498048e-15,3.3068559009914004e-15,0.0,-2.006295168103793,1.0000205650750569,-0.00029390226851831015,-0.00029103384533105906,-1.2038464635477044,0.2328918277105579,-0.029045364162853585,-367.066957151766,697.8003551490228,-331.40601955937433,-0.672621562117484
11.1,1.3278623965213433e-15,3.0362563987033628e-15,0.0,-2.006295168103793,1.0000205650750569,-0.00029390226851831015,-0.00029103384533105906,-1.2038464635477044,0.2328918277105579,-0.029045364162853585,-367.066957151766,697.8003551490228,-331.40601955937433,-0.672621562117484
11.120000000000001,1.2363751509014395e-15,2.7858201502837998e-15,0.0,-2.006295168103793,1.0000205650750569,-0.00029390226851831015,-0.00029103384533105906,-1.2038464635477044,0.2328918277105579,-0.029045364162853585,-367.066957151766,697.8003551490228,-331.40601955937433,-0.672621562117484
11.14,1.1509968873647129e-15,2.554126361163498e-15,0.0,-2.006295168103793,1.0000205650750569,-0.00029390226851831015,-0.00029103384533105906,-1.2038464635477044,0.2328918277105579,-0.029045364162853585,-367.066957151766,697.8003551490228,-331.40601955937433,-0.672621562117484
11.16,1.071329200072128e-15,2.3398506558222347e-15,0.0,-2.006295168103793,1.0000205650750569,-0.00029390226851831015,-0.00029103384533105906,-1.2038464635477044,0.2328918277105579,-0.029045364162853585,-367.066957151766,697.8003551490228,-331.40601955937433,-0.672621562117484
11.18,9.969991849301183e-16,2.1417587115523715e-15,0.0,-2.006295168103793,1.0000205650750569,-0.00029390226851831015,-0.00029103384533105906,-1.2038464635477044,0.2328918277105579,-0.029045364162853585,-367.066957151766,697.8003551490228,-331.40601955937433,-0.672621562117484
11.200000000000001,9.27657832115046e-16,1.9587003037318832e-15,0.0,-2.006295168103793,1.0000205650750569,-0.00029390226851831015,-0.00029103384533105906,-1.2038464635477044,0.2328918277105579,-0.029045364162853585,-367.066957151766,697.8003551490228,-331.40601955937433,-0.672621562117484
11.22,8.629785186118646e-16,1.7896037365092856e-15,0.0,-2.006295168103793,1.0000205650750569,-0.00029390226851831015,-0.00029103384533105906,-1.2038464635477044,0.2328918277105579,-0.029045364162853585,-367.066957151766,697.8003551490228,-331.40601955937433,-0.672621562117484
11.24,8.026555946143804e-16,1.6334706343321085e-15,0.0,-2.006295168103793,1.0000205650750569,-0.00029390226851831015,-0.00029103384533105906,-1.2038464635477044,0.2328918277105579,-0.029045364162853585,-367.066957151766,697.8003551490228,-331.40601955937433,-0.672621562117484
11.26,7.464030580094062e-16,1.4893710714087212e-15,0.0,-2.006295168103793,1.0000205650750569,-0.00029390226851831015,-0.00029103384533105906,-1.2038464635477044,0.2328918277105579,-0.029045364162853585,-367.066957151766,697.8003551490228,-331.40601955937433,-0.672621562117484
11.28,6.939533115189514e-16,1.3564390175059433e-15,0.0,-2.006295168103793,1.0000205650750569,-0.00029390226851831015,-0.00029103384533105906,-1.2038464635477044,0.2328918277105579,-0.029045364162853585,-367.066957151766,697.8003551490228,-331.40601955937433,-0.672621562117484
11.3,6.450559974055232e-16,1.233868079926689e-15,0.0,-2.006295168103793,1.0000205650750569,-0.00029390226851831015,-0.00029103384533105906,-1.2038464635477044,0.2328918277105579,-0.029045364162853585,-367.066957151766,697.8003551490228,-331.40601955937433,-0.672621562117484
11.32,5.994769049564294e-16,1.1209075227579157e-15,0.0,-2.006295168103793,1.0000205650750569,-0.00029390226851831015,-0.00029103384533105906,-1.2038464635477044,0.2328918277105579,-0.029045364162853585,-367.066957151766,697.8003551490228,-331.40601955937433,-0.672621562117484
11.34,5.569969462549307e-16,1.016858545632711e-15,0.0,-2.006295168103793,1.0000205650750569,-0.00029390226851831015,-0.00029103384533105906,-1.2038464635477044,0.2328918277105579,-0.029045364162853585,-367.066957151766,697.8003551490228,-331.40601955937433,-0.672621562117484
11.36,5.174111960206174e-16,9.210708054447616e-16,0.0,-2.006295168103793,1.0000205650750569,-0.00029390226851831015,-0.00029103384533105906,-1.2038464635477044,0.2328918277105579,-0.029045364162853585,-367.066957151766,697.8003551490228,-331.40601955937433,-0.672621562117484
11.38,4.805279915590171e-16,8.329391654113316e-16,0.0,-2.006295168103793,1.0000205650750569,-0.00029390226851831015,-0.00029103384533105906,-1.2038464635477044,0.2328918277105579,-0.029045364162853585,-367.066957151766,697.8003551490228,-331.40601955937433,-0.672621562117484
11.4,4.46168089102714e-16,7.519006569303761e-16,0.0,-2.006295168103793,1.0000205650750569,-0.00029390226851831015,-0.00029103384533105906,-1.2038464635477044,0.2328918277105579,-0.029045364162853585,-367.066957151766,697.8003551490228,-331.40601955937433,-0.672621562117484
11.42,4.141638730536724e-16,6.77431640546065e-16,0.0,-2.006295168103793,1.0000205650750569,-0.00029390226851831015,-0.00029103384533105906,-1.2038464635477044,0.2328918277105579,-0.029045364162853585,-367.066957151766,697.8003551490228,-331.40601955937433,-0.672621562117484
11.44,3.8435861485029037e-16,6.090451532612318e-16,0.0,-2.006295168103793,1.0000205650750569,-0.00029390226851831015,-0.00029103384533105906,-1.2038464635477044,0.2328918277105579,-0.029045364162853585,-367.066957151766,697.8003551490228,-331.40601955937433,-0.672621562117484
11.46,3.5660577838334264e-16,5.462884301765632e-16,0.0,-2.006295168103793,1.0000205650750569,-0.00029390226851831015,-0.00029103384533105906,-1.2038464635477044,0.2328918277105579,-0.029045364162853585,-367.066957151766,697.8003551490228,-331.40601955937433,-0.672621562117484
11.48,3.307683690736327e-16,4.887405892486502e-16,0.0,-2.006295168103793,1.0000205650750569,-0.00029390226851831015,-0.00029103384533105906,-1.2038464635477044,0.2328918277105579,-0.029045364162853585,-367.066957151766,697.8003551490228,-331.40601955937433,-0.672621562117484
11.5,3.0671832390122285e-16,4.3601046863001e-16,0.0,-2.006295168103793,1.0000205650750569,-0.00029390226851831015,-0.00029103384533105906,-1.2038464635477044,0.2328918277105579,-0.029045364162853585,-367.066957151766,697.8003551490228,-331.40601955937433,-0.672621562117484
11.52,2.843359398425663e-16,3.877346067667284e-16,0.0,-2.006295168103793,1.0000205650750569,-0.00029390226851831015,-0.00029103384533105906,-1.2038464635477044,0.2328918277105579,-0.029045364162853585,-367.066957151766,697.8003551490228,-331.40601955937433,-0.672621562117484
11.540000000000001,2.6350933832802897e-16,3.4357535600492493e-16,0.0,-2.006295168103793,1.0000205650750569,-0.00029390226851831015,-0.00029103384533105906,-1.2038464635477044,0.2328918277105579,-0.029045364162853585,-367.066957151766,697.8003551490228,-331.40601955937433,-0.672621562117484
11.56,2.4413396347910276e-16,3.0321912108289755e-16,0.0,-2.006295168103793,1.0000205650750569,-0.00029390226851831015,-0.00029103384533105906,-1.2038464635477044,0.2328918277105579,-0.029045364162853585,-367.066957151766,697.8003551490228,-331.40601955937433,-0.672621562117484
11.58,2.261121120223747e-16,2.6637471440390477e-16,0.0,-2.006295168103793,1.0000205650750569,-0.00029390226851831015,-0.00029103384533105906,-1.2038464635477044,0.2328918277105579,-0.029045364162853585,-367.066957151766,697.8003551490228,-331.40601955937433,-0.672621562117484
11.6,2.093524929068133e-16,2.3277182053548026e-16,0.0,-2.006295168103793,1.0000205650750569,-0.00029390226851831015,-0.00029103384533105906,-1.2038464635477044,0.2328918277105579,-0.029045364162853585,-367.066957151766,697.8003551490228,-331.40601955937433,-0.672621562117484
11.620000000000001,1.9376981477240902e-16,2.021595628252297e-16,0.0,-2.006295168103793,1.0000205650750569,-0.00029390226851831015,-0.00029103384533105906,-1.2038464635477044,0.2328918277105579,-0.029045364162853585,-367.066957151766,697.8003551490228,-331.40601955937433,-0.672621562117484
11.64,1.7928439953238524e-16,1.7430516550503146e-16,0.0,-2.006295168103793,1.0000205650750569,-0.00029390226851831015,-0.00029103384533105906,-1.2038464635477044,0.2328918277105579,-0.029045364162853585,-367.066957151766,697.8003551490228,-331.40601955937433,-0.672621562117484
11.66,1.6582182043832762e-16,1.4899270505713962e-16,0.0,-2.006295168103793,1.0000205650750569,-0.00029390226851831015,-0.00029103384533105906,-1.2038464635477044,0.2328918277105579,-0.029045364162853585,-367.066957151766,697.8003551490228,-331.40601955937433,-0.672621562117484
11.68,1.5331256309825917e-16,1.2602194503880184e-16,0.0,-2.006295168103793,1.0000205650750569,-0.00029390226851831015,-0.00029103384533105906,-1.2038464635477044,0.2328918277105579,-0.029045364162853585,-367.066957151766,697.8003551490228,-331.40601955937433,-0.672621562117484
11.700000000000001,1.4169170801212333e-16,1.0520724890548452e-16,0.0,-2.006295168103793,1.0000205650750569,-0.00029390226851831015,-0.00029103384533105906,-1.2038464635477044,0.2328918277105579,-0.029045364162853585,-367.066957151766,697.8003551490228,-331.40601955937433,-0.672621562117484
11.72,1.30898633277883e-16,8.637656574431532e-17,0.0,-2.006295168103793,1.0000205650750569,-0.00029390226851831015,-0.00029103384533105906,-1.2038464635477044,0.2328918277105579,-0.029045364162853585,-367.066957151766,697.8003551490228,-331.40601955937433,-0.672621562117484
11.74,1.2087673620469961e-16,6.937048413908885e-17,0.0,-2.006295168103793,1.0000205650750569,-0.00029390226851831015,-0.00029103384533105906,-1.2038464635477044,0.2328918277105579,-0.029045364162853585,-367.066957151766,697.8003551490228,-331.40601955937433,-0.672621562117484
11.76,1.1157317264788324e-16,5.4041349713385216e-17,0.0,-2.006295168103793,1.0000205650750569,-0.00029390226851831015,-0.00029103384533105906,-1.2038464635477044,0.2328918277105579,-0.029045364162853585,-367.066957151766,697.8003551490228,-331.40601955937433,-0.672621562117484
11.78,1.0293861295367277e-16,4.025244216452548e-17,0.0,-2.006295168103793,1.0000205650750569,-0.00029390226851831015,-0.00029103384533105906,-1.2038464635477044,0.2328918277105579,-0.029045364162853585,-367.066957151766,697.8003551490228,-331.40601955937433,-0.672621562117484
11.8,9.492701347083124e-17,2.787720788411095e-17,0.0,-2.006295168103793,1.0000205650750569,-0.00029390226851831015,-0.00029103384533105906,-1.2038464635477044,0.2328918277105579,-0.029045364162853585,-367.066957151766,697.8003551490228,-331.40601955937433,-0.672621562117484
11.82,8.7495402650723e-17,1.6798544508714632e-17,0.0,-2.006295168103793,1.0000205650750569,-0.00029390226851831015,-0.00029103384533105906,-1.2038464635477044,0.2328918277105579,-0.029045364162853585,-367.066957151766,697.8003551490228,-331.40601955937433,-0.672621562117484
11.84,8.060368081823988e-17,6.908133974591443e-18,0.0,-2.006295168103793,1.0000205650750569,-0.00029390226851831015,-0.00029103384533105906,-1.2038464635477044,0.2328918277105579,-0.029045364162853585,-367.066957151766,697.8003551490228,-331.40601955937433,-0.672621562117484
11.86,7.42144327529574e-17,-1.894179116638445e-18,0.0,-2.006295168103793,1.0000205650750569,-0.00029390226851831015,-0.00029103384533105906,-1.2038464635477044,0.2328918277105579,-0.029045364162853585,-367.066957151766,697.8003551490228,-331.40601955937433,-0.672621562117484
11.88,6.82927522733649e-17,-9.700966822010445e-18,0.0,-2.006295168103793,1.0000205650750569,-0.00029390226851831015,-0.00029103384533105906,-1.2038464635477044,0.2328918277105579,-0.029045364162853585,-367.066957151766,697.8003551490228,-331.40601955937433,-0.672621562117484
11.9,6.28060780672329e-17,-1.659775766654634e-17,0.0,-2.006295168103793,1.0000205650750569,-0.00029390226851831015,-0.00029103384533105906,-1.2038464635477044,0.2328918277105579,-0.029045364162853585,-367.066957151766,697.8003551490228,-331.40601955937433,-0.672621562117484
11.92,5.772404005827922e-17,-2.266353956107724e-17,0.0,-2.006295168103793,1.0000205650750569,-0.00029390226851831015,-0.00029103384533105906,-1.2038464635477044,0.2328918277105579,-0.029045364162853585,-367.066957151766,697.8003551490228,-331.40601955937433,-0.672621562117484
11.94,5.3018315643529755e-17,-2.7971228271630786e-17,0.0,-2.006295168103793,1.0000205650750569,-0.00029390226851831015,-0.00029103384533105906,-1.2038464635477044,0.2328918277105579,-0.029045364162853585,-367.066957151766,697.8003551490228,-331.40601955937433,-0.672621562117484
11.96,4.86624951772423e-17,-3.258810373587383e-17,0.0,-2.006295168103793,1.0000205650750569,-0.00029390226851831015,-0.00029103384533105906,-1.2038464635477044,0.2328918277105579,-0.029045364162853585,-367.066957151766,697.8003551490228,-331.40601955937433,-0.672621562117484
11.98,4.463195611621108e-17,-3.657621636427258e-17,0.0,-2.006295168103793,1.0000205650750569,-0.00029390226851831015,-0.00029103384533105906,-1.2038464635477044,0.2328918277105579,-0.029045364162853585,-367.066957151766,697.8003551490228,-331.40601955937433,-0.672621562117484
12.0,4.090374527779251e-17,-3.9992765331003976e-17,0.0,-2.006295168103793,1.0000205650750569,-0.00029390226851831015,-0.00029103384533105906,-1.2038464635477044,0.2328918277105579,-0.029045364162853585,-367.066957151766,697.8003551490228,-331.40601955937433,-0.672621562117484
12.02,3.745646869628739e-17,-4.2890450721806136e-17,0.0,-2.006295168103793,1.0000205650750569,-0.00029390226851831015,-0.00029103384533105906,-1.2038464635477044,0.2328918277105579,-0.029045364162853585,-367.066957151766,697.8003551490228,-331.40601955937433,-0.672621562117484
12.040000000000001,3.4270188595464e-17,-4.53178012919768e-17,0.0,-2.006295168103793,1.0000205650750569,-0.00029390226851831015,-0.00029103384533105906,-1.2038464635477044,0.2328918277105579,-0.029045364162853585,-367.066957151766,697.8003551490228,-331.40601955937433,-0.672621562117484
12.06,3.132632702519349e-17,-4.7319479467044844e-17,0.0,-2.006295168103793,1.0000205650750569,-0.00029390226851831015,-0.00029103384533105906,-1.2038464635477044,0.2328918277105579,-0.029045364162853585,-367.066957151766,697.8003551490228,-331.40601955937433,-0.672621562117484
12.08,2.860757573847063e-17,-4.893656511649101e-17,0.0,-2.006295168103793,1.0000205650750569,-0.00029390226851831015,-0.00029103384533105906,-1.2038464635477044,0.2328918277105579,-0.029045364162853585,-367.066957151766,697.8003551490228,-331.40601955937433,-0.672621562117484
12.1,2.6097811911662623e-17,-5.020681952548628e-17,0.0,-2.006295168103793,1.0000205650750569,-0.00029390226851831015,-0.00029103384533105906,-1.2038464635477044,0.2328918277105579,-0.029045364162853585,-367.066957151766,697.8003551490228,-331.40601955937433,-0.672621562117484
12.120000000000001,2.3782019335732814e-17,-5.116493090178362e-17,0.0,-2.006295168103793,1.0000205650750569,-0.00029390226851831015,-0.00029103384533105906,-1.2038464635477044,0.2328918277105579,-0.029045364162853585,-367.066957151766,697.8003551490228,-331.40601955937433,-0.672621562117484
12.14,2.1646214729564327e-17,-5.184274266267217e-17,0.0,-2.006295168103793,1.0000205650750569,-0.00029390226851831015,-0.00029103384533105906,-1.2038464635477044,0.2328918277105579,-0.029045364162853585,-367.066957151766,697.8003551490228,-331.40601955937433,-0.672621562117484
12.16,1.9677378848424253e-17,-5.2269465668346336e-17,0.0,-2.006295168103793,1.0000205650750569,-0.00029390226851831015,-0.00029103384533105906,-1.2038464635477044,0.2328918277105579,-0.029045364162853585,-367.066957151766,697.8003551490228,-331.40601955937433,-0.672621562117484
12.18,1.7863392081178022e-17,-5.247187548746999e-17,0.0,-2.006295168103793,1.0000205650750569,-0.00029390226851831015,-0.00029103384533105906,-1.2038464635477044,0.2328918277105579,-0.029045364162853585,-367.066957151766,697.8003551490228,-331.40601955937433,-0.672621562117484
12.200000000000001,1.6192974249141022e-17,-5.247449571324942e-17,0.0,-2.006295168103793,1.0000205650750569,-0.00029390226851831015,-0.00029103384533105906,-1.2038464635477044,0.2328918277105579,-0.029045364162853585,-367.066957151766,697.8003551490228,-331.40601955937433,-0.672621562117484
12.22,1.465562833754614e-17,-5.2299768277776626e-17,0.0,-2.006295168103793,1.0000205650750569,-0.00029390226851831015,-0.00029103384533105906,-1.2038464635477044,0.2328918277105579,-0.029045364162853585,-367.066957151766,697.8003551490228,-331.40601955937433,-0.672621562117484
12.24,1.3241587907563376e-17,-5.1968211652155513e-17,0.0,-2.006295168103793,1.0000205650750569,-0.00029390226851831015,-0.00029103384533105906,-1.2038464635477044,0.2328918277105579,-0.029045364162853585,-367.066957151766,697.8003551490228,-331.40601955937433,-0.672621562117484
12.26,1.1941767952719157e-17,-5.149856775844667e-17,0.0,-2.006295168103793,1.0000205650750569,-0.00029390226851831015,-0.00029103384533105906,-1.2038464635477044,0.2328918277105579,-0.029045364162853585,-367.066957151766,697.8003551490228,-331.40601955937433,-0.672621562117484
12.280000000000001,1.074771897847322e-17,-5.090793836759114e-17,0.0,-2.006295168103793,1.0000205650750569,-0.00029390226851831015,-0.00029103384533105906,-1.2038464635477044,0.2328918277105579,-0.029045364162853585,-367.066957151766,697.8003551490228,-331.40601955937433,-0.672621562117484
12.3,9.651584097700816e-18,-5.021191170365667e-17,0.0,-2.006295168103793,1.0000205650750569,-0.00029390226851831015,-0.00029103384533105906,-1.2038464635477044,0.2328918277105579,-0.029045364162853585,-367.066957151766,697.8003551490228,-331.40601955937433,-0.672621562117484
12.32,8.646058947938295e-18,-4.942467992864884e-17,0.0,-2.006295168103793,1.0000205650750569,-0.00029390226851831015,-0.00029103384533105906,-1.2038464635477044,0.2328918277105579,-0.029045364162853585,-367.066957151766,697.8003551490228,-331.40601955937433,-0.672621562117484
12.34,7.724354248549188e-18,-4.855914813512222e-17,0.0,-2.006295168103793,1.0000205650750569,-0.00029390226851831015,-0.00029103384533105906,-1.2038464635477044,0.2328918277105579,-0.029045364162853585,-367.066957151766,697.8003551490228,-331.40601955937433,-0.672621562117484
12.36,6.880160827491106e-18,-4.7627035434116973e-17,0.0,-2.006295168103793,1.0000205650750569,-0.00029390226851831015,-0.00029103384533105906,-1.2038464635477044,0.2328918277105579,-0.029045364162853585,-367.066957151766,697.8003551490228,-331.40601955937433,-0.672621562117484
12.38,6.107616958172259e-18,-4.663896868517094e-17,0.0,-2.006295168103793,1.0000205650750569,-0.00029390226851831015,-0.00029103384533105906,-1.2038464635477044,0.2328918277105579,-0.029045364162853585,-367.066957151766,697.8003551490228,-331.40601955937433,-0.672621562117484
12.4,5.401277857016467e-18,-4.560456937888375e-17,0.0,-2.006295168103793,1.0000205650750569,-0.00029390226851831015,-0.00029103384533105906,-1.2038464635477044,0.2328918277105579,-0.029045364162853585,-367.066957151766,697.8003551490228,-331.40601955937433,-0.672621562117484
12.42,4.756087201850018e-18,-4.45325341488391e-17,0.0,-2.006295168103793,1.0000205650750569,-0.00029390226851831015,-0.00029103384533105906,-1.2038464635477044,0.2328918277105579,-0.029045364162853585,-367.066957151766,697.8003551490228,-331.40601955937433,-0.672621562117484
12.44,4.167350540127019e-18,-4.34307093563934e-17,0.0,-2.006295168103793,1.0000205650750569,-0.00029390226851831015,-0.00029103384533105906,-1.2038464635477044,0.2328918277105579,-0.029045364162853585,-367.066957151766,697.8003551490228,-331.40601955937433,-0.672621562117484
12.46,3.630710464349975e-18,-4.230616016334431e-17,0.0,-2.006295168103793,1.0000205650750569,-0.00029390226851831015,-0.00029103384533105906,-1.2038464635477044,0.2328918277105579,-0.029045364162853585,-367.066957151766,697.8003551490228,-331.40601955937433,-0.672621562117484
12.48,3.1421234398629412e-18,-4.116523447844813e-17,0.0,-2.006295168103793,1.0000205650750569,-0.00029390226851831015,-0.00029103384533105906,-1.2038464635477044,0.2328918277105579,-0.029045364162853585,-367.066957151766,697.8003551490228,-331.40601955937433,-0.672621562117484
12.5,2.6978381775208858e-18,-4.0013622138422267e-17,0.0,-2.006295168103793,1.0000205650750569,-0.00029390226851831015,-0.00029103384533105906,-1.2038464635477044,0.2328918277105579,-0.029045364162853585,-367.066957151766,697.8003551490228,-331.40601955937433,-0.672621562117484
12.52,2.294375450607578e-18,-3.885640965877508e-17,0.0,-2.006295168103793,1.0000205650750569,-0.00029390226851831015,-0.00029103384533105906,-1.2038464635477044,0.2328918277105579,-0.029045364162853585,-367.066957151766,697.8003551490228,-331.40601955937433,-0.672621562117484
12.540000000000001,1.9285092618074685e-18,-3.769813086800417e-17,0.0,-2.006295168103793,1.0000205650750569,-0.00029390226851831015,-0.00029103384533105906,-1.2038464635477044,0.2328918277105579,-0.029045364162853585,-367.066957151766,697.8003551490228,-331.40601955937433,-0.672621562117484
12.56,1.5972492720677734e-18,-3.654281371662581e-17,0.0,-2.006295168103793,1.0000205650750569,-0.00029390226851831015,-0.00029103384533105906,-1.2038464635477044,0.2328918277105579,-0.029045364162853585,-367.066957151766,697.8003551490228,-331.40601955937433,-0.672621562117484
12.58,1.2978244088354726e-18,-3.5394023533204997e-17,0.0,-2.006295168103793,1.0000205650750569,-0.00029390226851831015,-0.00029103384533105906,-1.2038464635477044,0.2328918277105579,-0.029045364162853585,-367.066957151766,697.8003551490228,-331.40601955937433,-0.672621562117484
12.6,1.027667576448172e-18,-3.425490298035572e-17,0.0,-2.006295168103793,1.0000205650750569,-0.00029390226851831015,-0.00029103384533105906,-1.2038464635477044,0.2328918277105579,-0.029045364162853585,-367.066957151766,697.8003551490228,-331.40601955937433,-0.672621562117484
12.620000000000001,7.844013964154224e-19,-3.312820894702977e-17,0.0,-2.006295168103793,1.0000205650750569,-0.00029390226851831015,-0.00029103384533105906,-1.2038464635477044,0.2328918277105579,-0.029045364162853585,-367.066957151766,697.8003551490228,-331.40601955937433,-0.672621562117484
12.64,5.658249099732912e-19,-3.201634659670443e-17,0.0,-2.006295168103793,1.0000205650750569,-0.00029390226851831015,-0.00029103384533105906,-1.2038464635477044,0.2328918277105579,-0.029045364162853585,-367.066957151766,697.8003551490228,-331.40601955937433,-0.672621562117484
12.66,3.699011796458701e-19,-3.0921400776355025e-17,0.0,-2.006295168103793,1.0000205650750569,-0.00029390226851831015,-0.00029103384533105906,-1.2038464635477044,0.2328918277105579,-0.029045364162853585,-367.066957151766,697.8003551490228,-331.40601955937433,-0.672621562117484
12.68,1.947457306241839e-19,-2.984516497658886e-17,0.0,-2.006295168103793,1.0000205650750569,-0.00029390226851831015,-0.00029103384533105906,-1.2038464635477044,0.2328918277105579,-0.029045364162853585,-367.066957151766,697.8003551490228,-331.40601955937433,-0.672621562117484
12.700000000000001,3.8615776589888906e-20,-2.878916802060742e-17,0.0,-2.006295168103793,1.0000205650750569,-0.00029390226851831015,-0.00029103384533105906,-1.2038464635477044,0.2328918277105579,-0.029045364162853585,-367.066957151766,697.8003551490228,-331.40601955937433,-0.672621562117484
12.72,-1.0009982181279847e-19,-2.775469864703754e-17,0.0,-2.006295168103793,1.0000205650750569,-0.00029390226851831015,-0.00029103384533105906,-1.2038464635477044,0.2328918277105579,-0.029045364162853585,-367.066957151766,697.8003551490228,-331.40601955937433,-0.672621562117484
12.74,-2.228899143054369e-19,-2.6742828140469045e-17,0.0,-2.006295168103793,1.0000205650750569,-0.00029390226851831015,-0.00029103384533105906,-1.2038464635477044,0.2328918277105579,-0.029045364162853585,-367.066957151766,697.8003551490228,-331.40601955937433,-0.672621562117484
12.76,-3.311297794162531e-19,-2.5754431152580032e-17,0.0,-2.006295168103793,1.0000205650750569,-0.00029390226851831015,-0.00029103384533105906,-1.2038464635477044,0.2328918277105579,-0.029045364162853585,-367.066957151766,697.8003551490228,-331.40601955937433,-0.672621562117484
12.780000000000001,-4.260892464101797e-19,-2.47902048470562e-17,0.0,-2.006295168103793,1.0000205650750569,-0.00029390226851831015,-0.00029103384533105906,-1.2038464635477044,0.2328918277105579,-0.029045364162853585,-367.066957151766,697.8003551490228,-331.40601955937433,-0.672621562117484
12.8,-5.089402603350337e-19,-2.3850686491985836e-17,0.0,-2.006295168103793,1.0000205650750569,-0.00029390226851831015,-0.00029103384533105906,-1.2038464635477044,0.2328918277105579,-0.029045364162853585,-367.066957151766,697.8003551490228,-331.40601955937433,-0.672621562117484
12.82,-5.807639272370847e-19,-2.293626961490065e-17,0.0,-2.006295168103793,1.0000205650750569,-0.00029390226851831015,-0.00029103384533105906,-1.2038464635477044,0.2328918277105579,-0.029045364162853585,-367.066957151766,697.8003551490228,-331.40601955937433,-0.672621562117484
12.84,-6.425570741891696e-19,-2.2047218827385573e-17,0.0,-2.006295168103793,1.0000205650750569,-0.00029390226851831015,-0.00029103384533105906,-1.2038464635477044,0.2328918277105579,-0.029045364162853585,-367.066957151766,697.8003551490228,-331.40601955937433,-0.672621562117484
12.86,-6.952383565189294e-19,-2.1183683418818833e-17,0.0,-2.006295168103793,1.0000205650750569,-0.00029390226851831015,-0.00029103384533105906,-1.2038464635477044,0.2328918277105579,-0.029045364162853585,-367.066957151766,697.8003551490228,-331.40601955937433,-0.672621562117484
12.88,-7.396539425129072e-19,-2.0345709811655418e-17,0.0,-2.006295168103793,1.0000205650750569,-0.00029390226851831015,-0.00029103384533105906,-1.2038464635477044,0.2328918277105579,-0.029045364162853585,-367.066957151766,697.8003551490228,-331.40601955937433,-0.672621562117484
12.9,-7.765828038957575e-19,-1.953325296415854e-17,0.0,-2.006295168103793,1.0000205650750569,-0.00029390226851831015,-0.00029103384533105906,-1.2038464635477044,0.2328918277105579,-0.029045364162853585,-367.066957151766,697.8003551490228,-331.40601955937433,-0.672621562117484
12.92,-8.067416385339854e-19,-1.8746186800407336e-17,0.0,-2.006295168103793,1.0000205650750569,-0.00029390226851831015,-0.00029103384533105906,-1.2038464635477044,0.2328918277105579,-0.029045364162853585,-367.066957151766,697.8003551490228,-331.40601955937433,-0.672621562117484
12.94,-8.307894500822354e-19,-1.7984313741657483e-17,0.0,-2.006295168103793,1.0000205650750569,-0.00029390226851831015,-0.00029103384533105906,-1.2038464635477044,0.2328918277105579,-0.029045364162853585,-367.066957151766,697.8003551490228,-331.40601955937433,-0.672621562117484
12.96,-8.493318076701669e-19,-1.7247373407913037e-17,0.0,-2.006295168103793,1.0000205650750569,-0.00029390226851831015,-0.00029103384533105906,-1.2038464635477044,0.2328918277105579,-0.029045364162853585,-367.066957151766,697.8003551490228,-331.40601955937433,-0.672621562117484
12.98,-8.629248072118631e-19,-1.653505055357495e-17,0.0,-2.006295168103793,1.0000205650750569,-0.00029390226851831015,-0.00029103384533105906,-1.2038464635477044,0.2328918277105579,-0.029045364162853585,-367.066957151766,697.8003551490228,-331.40601955937433,-0.672621562117484
13.0,-8.720787545013175e-19,-1.584698229647236e-17,0.0,-2.006295168103793,1.0000205650750569,-0.00029390226851831015,-0.00029103384533105906,-1.2038464635477044,0.2328918277105579,-0.029045364162853585,-367.066957151766,697.8003551490228,-331.40601955937433,-0.672621562117484
13.02,-8.772615889303792e-19,-1.5182764695273197e-17,0.0,-2.006295168103793,1.0000205650750569,-0.00029390226851831015,-0.00029103384533105906,-1.2038464635477044,0.2328918277105579,-0.029045364162853585,-367.066957151766,697.8003551490228,-331.40601955937433,-0.672621562117484
13.040000000000001,-8.78902065424074e-19,-1.4541958726320035e-17,0.0,-2.006295168103793,1.0000205650750569,-0.00029390226851831015,-0.00029103384533105906,-1.2038464635477044,0.2328918277105579,-0.029045364162853585,-367.066957151766,697.8003551490228,-331.40601955937433,-0.672621562117484
13.06,-8.773927110268005e-19,-1.392409570720583e-17,0.0,-2.006295168103793,1.0000205650750569,-0.00029390226851831015,-0.00029103384533105906,-1.2038464635477044,0.2328918277105579,-0.029045364162853585,-367.066957151766,697.8003551490228,-331.40601955937433,-0.672621562117484
13.08,-8.730925714865908e-19,-1.332868221096196e-17,0.0,-2.006295168103793,1.0000205650750569,-0.00029390226851831015,-0.00029103384533105906,-1.2038464635477044,0.2328918277105579,-0.029045364162853585,-367.066957151766,697.8003551490228,-331.40601955937433,-0.672621562117484
13.1,-8.663297621685918e-19,-1.2755204511518751e-17,0.0,-2.006295168103793,1.0000205650750569,-0.00029390226851831015,-0.00029103384533105906,-1.2038464635477044,0.2328918277105579,-0.029045364162853585,-367.066957151766,697.8003551490228,-331.40601955937433,-0.672621562117484
13.120000000000001,-8.574038366787102e-19,-1.2203132598111251e-17,0.0,-2.006295168103793,1.0000205650750569,-0.00029390226851831015,-0.00029103384533105906,-1.2038464635477044,0.2328918277105579,-0.029045364162853585,-367.066957151766,697.8003551490228,-331.40601955937433,-0.672621562117484
13.14,-8.465879856897871e-19,-1.1671923793525424e-17,0.0,-2.006295168103793,1.0000205650750569,-0.00029390226851831015,-0.00029103384533105906,-1.2038464635477044,0.2328918277105579,-0.029045364162853585,-367.066957151766,697.8003551490228,-331.40601955937433,-0.672621562117484
13.16,-8.341310776317647e-19,-1.1161026008487568e-17,0.0,-2.006295168103793,1.0000205650750569,-0.00029390226851831015,-0.00029103384533105906,-1.2038464635477044,0.2328918277105579,-0.029045364162853585,-367.066957151766,697.8003551490228,-331.40601955937433,-0.672621562117484
13.18,-8.20259552130482e-19,-1.0669880662113668e-17,0.0,-2.006295168103793,1.0000205650750569,-0.00029390226851831015,-0.00029103384533105906,-1.2038464635477044,0.2328918277105579,-0.029045364162853585,-367.066957151766,697.8003551490228,-331.40601955937433,-0.672621562117484
13.200000000000001,-8.051791763534108e-19,-1.0197925296081489e-17,0.0,-2.006295168103793,1.0000205650750569,-0.00029390226851831015,-0.00029103384533105906,-1.2038464635477044,0.2328918277105579,-0.029045364162853585,-367.066957151766,697.8003551490228,-331.40601955937433,-0.672621562117484
13.22,-7.890766737417259e-19,-9.744595908128367e-18,0.0,-2.006295168103793,1.0000205650750569,-0.00029390226851831015,-0.00029103384533105906,-1.2038464635477044,0.2328918277105579,-0.029045364162853585,-367.066957151766,697.8003551490228,-331.40601955937433,-0.672621562117484
13.24,-7.721212339734267e-19,-9.30932902853279e-18,0.0,-2.006295168103793,1.0000205650750569,-0.00029390226851831015,-0.00029103384533105906,-1.2038464635477044,0.2328918277105579,-0.029045364162853585,-367.066957151766,697.8003551490228,-331.40601955937433,-0.672621562117484
13.26,-7.544659124091126e-19,-8.891563561467954e-18,0.0,-2.006295168103793,1.0000205650750569,-0.00029390226851831015,-0.00029103384533105906,-1.2038464635477044,0.2328918277105579,-0.029045364162853585,-367.066957151766,697.8003551490228,-331.40601955937433,-0.672621562117484
13.280000000000001,-7.362489267176125e-19,-8.490742411423278e-18,0.0,-2.006295168103793,1.0000205650750569,-0.00029390226851831015,-0.00029103384533105906,-1.2038464635477044,0.2328918277105579,-0.029045364162853585,-367.066957151766,697.8003551490228,-331.40601955937433,-0.672621562117484
13.3,-7.175948578606779e-19,-8.106313913368903e-18,0.0,-2.006295168103793,1.0000205650750569,-0.00029390226851831015,-0.00029103384533105906,-1.2038464635477044,0.2328918277105579,-0.029045364162853585,-367.066957151766,697.8003551490228,-331.40601955937433,-0.672621562117484
13.32,-6.98615762131867e-19,-7.737733083879046e-18,0.0,-2.006295168103793,1.0000205650750569,-0.00029390226851831015,-0.00029103384533105906,-1.2038464635477044,0.2328918277105579,-0.029045364162853585,-367.066957151766,697.8003551490228,-331.40601955937433,-0.672621562117484
13.34,-6.794122004925667e-19,-7.384462709128964e-18,0.0,-2.006295168103793,1.0000205650750569,-0.00029390226851831015,-0.00029103384533105906,-1.2038464635477044,0.2328918277105579,-0.029045364162853585,-367.066957151766,697.8003551490228,-331.40601955937433,-0.672621562117484
13.36,-6.600741910255595e-19,-7.04597428441022e-18,0.0,-2.006295168103793,1.0000205650750569,-0.00029390226851831015,-0.00029103384533105906,-1.2038464635477044,0.2328918277105579,-0.029045364162853585,-367.066957151766,697.8003551490228,-331.40601955937433,-0.672621562117484
13.38,-6.406820899319284e-19,-6.7217488186867514e-18,0.0,-2.006295168103793,1.0000205650750569,-0.00029390226851831015,-0.00029103384533105906,-1.2038464635477044,0.2328918277105579,-0.029045364162853585,-367.066957151766,697.8003551490228,-331.40601955937433,-0.672621562117484
13.4,-6.213074061284858e-19,-6.411277516644556e-18,0.0,-2.006295168103793,1.0000205650750569,-0.00029390226851831015,-0.00029103384533105906,-1.2038464635477044,0.2328918277105579,-0.029045364162853585,-367.066957151766,697.8003551490228,-331.40601955937433,-0.672621562117484
13.42,-6.020135541586335e-19,-6.114062349688434e-18,0.0,-2.006295168103793,1.0000205650750569,-0.00029390226851831015,-0.00029103384533105906,-1.2038464635477044,0.2328918277105579,-0.029045364162853585,-367.066957151766,697.8003551490228,-331.40601955937433,-0.672621562117484
13.44,-5.828565498081499e-19,-5.829616526457101e-18,0.0,-2.006295168103793,1.0000205650750569,-0.00029390226851831015,-0.00029103384533105906,-1.2038464635477044,0.2328918277105579,-0.029045364162853585,-367.066957151766,697.8003551490228,-331.40601955937433,-0.672621562117484
13.46,-5.638856525171827e-19,-5.5574648725431935e-18,0.0,-2.006295168103793,1.0000205650750569,-0.00029390226851831015,-0.00029103384533105906,-1.2038464635477044,0.2328918277105579,-0.029045364162853585,-367.066957151766,697.8003551490228,-331.40601955937433,-0.672621562117484
13.48,-5.451439583995367e-19,-5.297144128352022e-18,0.0,-2.006295168103793,1.0000205650750569,-0.00029390226851831015,-0.00029103384533105906,-1.2038464635477044,0.2328918277105579,-0.029045364162853585,-367.066957151766,697.8003551490228,-331.40601955937433,-0.672621562117484
13.5,-5.2666894741869705e-19,-5.0482031732797904e-18,0.0,-2.006295168103793,1.0000205650750569,-0.00029390226851831015,-0.00029103384533105906,-1.2038464635477044,0.2328918277105579,-0.029045364162853585,-367.066957151766,697.8003551490228,-331.40601955937433,-0.672621562117484
13.52,-5.084929880259052e-19,-4.810203183751508e-18,0.0,-2.006295168103793,1.0000205650750569,-0.00029390226851831015,-0.00029103384533105906,-1.2038464635477044,0.2328918277105579,-0.029045364162853585,-367.066957151766,697.8003551490228,-331.40601955937433,-0.672621562117484
13.540000000000001,-4.906438023376531e-19,-4.5827177320030765e-18,0.0,-2.006295168103793,1.0000205650750569,-0.00029390226851831015,-0.00029103384533105906,-1.2038464635477044,0.2328918277105579,-0.029045364162853585,-367.066957151766,697.8003551490228,-331.40601955937433,-0.672621562117484
13.56,-4.731448947173325e-19,-4.365332831942735e-18,0.0,-2.006295168103793,1.0000205650750569,-0.00029390226851831015,-0.00029103384533105906,-1.2038464635477044,0.2328918277105579,-0.029045364162853585,-367.066957151766,697.8003551490228,-331.40601955937433,-0.672621562117484
13.58,-4.560159464272989e-19,-4.157646937872286e-18,0.0,-2.006295168103793,1.0000205650750569,-0.00029390226851831015,-0.00029103384533105906,-1.2038464635477044,0.2328918277105579,-0.029045364162853585,-367.066957151766,697.8003551490228,-331.40601955937433,-0.672621562117484
13.6,-4.392731788325281e-19,-3.9592709013861365e-18,0.0,-2.006295168103793,1.0000205650750569,-0.00029390226851831015,-0.00029103384533105906,-1.2038464635477044,0.2328918277105579,-0.029045364162853585,-367.066957151766,697.8003551490228,-331.40601955937433,-0.672621562117484
13.620000000000001,-4.229296874642886e-19,-3.7698278912781685e-18,0.0,-2.006295168103793,1.0000205650750569,-0.00029390226851831015,-0.00029103384533105906,-1.2038464635477044,0.2328918277105579,-0.029045364162853585,-367.066957151766,697.8003551490228,-331.40601955937433,-0.672621562117484
13.64,-4.069957490912091e-19,-3.58895328089405e-18,0.0,-2.006295168103793,1.0000205650750569,-0.00029390226851831015,-0.00029103384533105906,-1.2038464635477044,0.2328918277105579,-0.029045364162853585,-367.066957151766,697.8003551490228,-331.40601955937433,-0.672621562117484
13.66,-3.9147910379484916e-19,-3.4162945069558054e-18,0.0,-2.006295168103793,1.0000205650750569,-0.00029390226851831015,-0.00029103384533105906,-1.2038464635477044,0.2328918277105579,-0.029045364162853585,-367.066957151766,697.8003551490228,-331.40601955937433,-0.672621562117484
13.68,-3.763852139068533e-19,-3.2515109035562108e-18,0.0,-2.006295168103793,1.0000205650750569,-0.00029390226851831015,-0.00029103384533105906,-1.2038464635477044,0.2328918277105579,-0.029045364162853585,-367.066957151766,697.8003551490228,-331.40601955937433,-0.672621562117484
13.700000000000001,-3.617175015341033e-19,-3.094273514659042e-18,0.0,-2.006295168103793,1.0000205650750569,-0.00029390226851831015,-0.00029103384533105906,-1.2038464635477044,0.2328918277105579,-0.029045364162853585,-367.066957151766,697.8003551490228,-331.40601955937433,-0.672621562117484
13.72,-3.474775662765654e-19,-2.944264888163148e-18,0.0,-2.006295168103793,1.0000205650750569,-0.00029390226851831015,-0.00029103384533105906,-1.2038464635477044,0.2328918277105579,-0.029045364162853585,-367.066957151766,697.8003551490228,-331.40601955937433,-0.672621562117484
13.74,-3.336653846290039e-19,-2.8011788542865474e-18,0.0,-2.006295168103793,1.0000205650750569,-0.00029390226851831015,-0.00029103384533105906,-1.2038464635477044,0.2328918277105579,-0.029045364162853585,-367.066957151766,697.8003551490228,-331.40601955937433,-0.672621562117484
13.76,-3.2027949245200917e-19,-2.6647202907938562e-18,0.0,-2.006295168103793,1.0000205650750569,-0.00029390226851831015,-0.00029103384533105906,-1.2038464635477044,0.2328918277105579,-0.029045364162853585,-367.066957151766,697.8003551490228,-331.40601955937433,-0.672621562117484
13.780000000000001,-3.073171517991867e-19,-2.534604877325501e-18,0.0,-2.006295168103793,1.0000205650750569,-0.00029390226851831015,-0.00029103384533105906,-1.2038464635477044,0.2328918277105579,-0.029045364162853585,-367.066957151766,697.8003551490228,-331.40601955937433,-0.672621562117484
13.8,-2.947745032955619e-19,-2.410558840890246e-18,0.0,-2.006295168103793,1.0000205650750569,-0.00029390226851831015,-0.00029103384533105906,-1.2038464635477044,0.2328918277105579,-0.029045364162853585,-367.066957151766,697.8003551490228,-331.40601955937433,-0.672621562117484
13.82,-2.8264670517668603e-19,-2.292318694364215e-18,0.0,-2.006295168103793,1.0000205650750569,-0.00029390226851831015,-0.00029103384533105906,-1.2038464635477044,0.2328918277105579,-0.029045364162853585,-367.066957151766,697.8003551490228,-331.40601955937433,-0.672621562117484
13.84,-2.709280600183009e-19,-2.1796309696766516e-18,0.0,-2.006295168103793,1.0000205650750569,-0.00029390226851831015,-0.00029103384533105906,-1.2038464635477044,0.2328918277105579,-0.029045364162853585,-367.066957151766,697.8003551490228,-331.40601955937433,-0.672621562117484
13.86,-2.5961213011218787e-19,-2.0722519471689244e-18,0.0,-2.006295168103793,1.0000205650750569,-0.00029390226851831015,-0.00029103384533105906,-1.2038464635477044,0.2328918277105579,-0.029045364162853585,-367.066957151766,697.8003551490228,-331.40601955937433,-0.672621562117484
13.88,-2.4869184237477057e-19,-1.969947382474758e-18,0.0,-2.006295168103793,1.0000205650750569,-0.00029390226851831015,-0.00029103384533105906,-1.2038464635477044,0.2328918277105579,-0.029045364162853585,-367.066957151766,697.8003551490228,-331.40601955937433,-0.672621562117484
13.9,-2.3815958361073173e-19,-1.8724922321230173e-18,0.0,-2.006295168103793,1.0000205650750569,-0.00029390226851831015,-0.00029103384533105906,-1.2038464635477044,0.2328918277105579,-0.029045364162853585,-367.066957151766,697.8003551490228,-331.40601955937433,-0.672621562117484
13.92,-2.28007286894031e-19,-1.7796703789261055e-18,0.0,-2.006295168103793,1.0000205650750569,-0.00029390226851831015,-0.00029103384533105906,-1.2038464635477044,0.2328918277105579,-0.029045364162853585,-367.066957151766,697.8003551490228,-331.40601955937433,-0.672621562117484
13.94,-2.1822650977304044e-19,-1.6912743581142124e-18,0.0,-2.006295168103793,1.0000205650750569,-0.00029390226851831015,-0.00029103384533105906,-1.2038464635477044,0.2328918277105579,-0.029045364162853585,-367.066957151766,697.8003551490228,-331.40601955937433,-0.672621562117484
13.96,-2.088085049546558e-19,-1.6071050850471392e-18,0.0,-2.006295168103793,1.0000205650750569,-0.00029390226851831015,-0.00029103384533105906,-1.2038464635477044,0.2328918277105579,-0.029045364162853585,-367.066957151766,697.8003551490228,-331.40601955937433,-0.672621562117484
13.98,-1.9974428407405074e-19,-1.5269715852507498e-18,0.0,-2.006295168103793,1.0000205650750569,-0.00029390226851831015,-0.00029103384533105906,-1.2038464635477044,0.2328918277105579,-0.029045364162853585,-367.066957151766,697.8003551490228,-331.40601955937433,-0.672621562117484
14.0,-1.910246751118788e-19,-1.450690727421629e-18,0.0,-2.006295168103793,1.0000205650750569,-0.00029390226851831015,-0.00029103384533105906,-1.2038464635477044,0.2328918277105579,-0.029045364162853585,-367.066957151766,697.8003551490228,-331.40601955937433,-0.672621562117484
14.02,-1.8264037397905763e-19,-1.3780869599756259e-18,0.0,-2.006295168103793,1.0000205650750569,-0.00029390226851831015,-0.00029103384533105906,-1.2038464635477044,0.2328918277105579,-0.029045364162853585,-367.066957151766,697.8003551490228,-331.40601955937433,-0.672621562117484
14.040000000000001,-1.7458199075047343e-19,-1.3089920516235112e-18,0.0,-2.006295168103793,1.0000205650750569,-0.00029390226851831015,-0.00029103384533105906,-1.2038464635477044,0.2328918277105579,-0.029045364162853585,-367.066957151766,697.8003551490228,-331.40601955937433,-0.672621562117484
14.06,-1.6684009099292933e-19,-1.2432448364014247e-18,0.0,-2.006295168103793,1.0000205650750569,-0.00029390226851831015,-0.00029103384533105906,-1.2038464635477044,0.2328918277105579,-0.029045364162853585,-367.066957151766,697.8003551490228,-331.40601955937433,-0.672621562117484
14.08,-1.5940523259915307e-19,-1.1806909635103375e-18,0.0,-2.006295168103793,1.0000205650750569,-0.00029390226851831015,-0.00029103384533105906,-1.2038464635477044,0.2328918277105579,-0.029045364162853585,-367.066957151766,697.8003551490228,-331.40601955937433,-0.672621562117484
14.1,-1.5226799850859006e-19,-1.121182652275837e-18,0.0,-2.006295168103793,1.0000205650750569,-0.00029390226851831015,-0.00029103384533105906,-1.2038464635477044,0.2328918277105579,-0.029045364162853585,-367.066957151766,697.8003551490228,-331.40601955937433,-0.672621562117484
14.120000000000001,-1.4541902566677947e-19,-1.064578452472717e-18,0.0,-2.006295168103793,1.0000205650750569,-0.00029390226851831015,-0.00029103384533105906,-1.2038464635477044,0.2328918277105579,-0.029045364162853585,-367.066957151766,697.8003551490228,-331.40601955937433,-0.672621562117484
14.14,-1.3884903054828736e-19,-1.0107430102248845e-18,0.0,-2.006295168103793,1.0000205650750569,-0.00029390226851831015,-0.00029103384533105906,-1.2038464635477044,0.2328918277105579,-0.029045364162853585,-367.066957151766,697.8003551490228,-331.40601955937433,-0.672621562117484
14.16,-1.3254883154323124e-19,-9.595468396389238e-19,0.0,-2.006295168103793,1.0000205650750569,-0.00029390226851831015,-0.00029103384533105906,-1.2038464635477044,0.2328918277105579,-0.029045364162853585,-367.066957151766,697.8003551490228,-331.40601955937433,-0.672621562117484
14.18,-1.2650936848431862e-19,-9.108661003042276e-19,0.0,-2.006295168103793,1.0000205650750569,-0.00029390226851831015,-0.00029103384533105906,-1.2038464635477044,0.2328918277105579,-0.029045364162853585,-367.066957151766,697.8003551490228,-331.40601955937433,-0.672621562117484
14.200000000000001,-1.207217195698311e-19,-8.645823807452693e-19,0.0,-2.006295168103793,1.0000205650750569,-0.00029390226851831015,-0.00029103384533105906,-1.2038464635477044,0.2328918277105579,-0.029045364162853585,-367.066957151766,697.8003551490228,-331.40601955937433,-0.672621562117484
14.22,-1.151771159180839e-19,-8.205824878916307e-19,0.0,-2.006295168103793,1.0000205650750569,-0.00029390226851831015,-0.00029103384533105906,-1.2038464635477044,0.2328918277105579,-0.029045364162853585,-367.066957151766,697.8003551490228,-331.40601955937433,-0.672621562117484
14.24,-1.0986695397040054e-19,-7.787582425960366e-19,0.0,-2.006295168103793,1.0000205650750569,-0.00029390226851831015,-0.00029103384533105906,-1.2038464635477044,0.2328918277105579,-0.029045364162853585,-367.066957151766,697.8003551490228,-331.40601955937433,-0.672621562117484
14.26,-1.0478280594253117e-19,-7.390062812159264e-19,0.0,-2.006295168103793,1.0000205650750569,-0.00029390226851831015,-0.00029103384533105906,-1.2038464635477044,0.2328918277105579,-0.029045364162853585,-367.066957151766,697.8003551490228,-331.40601955937433,-0.672621562117484
14.280000000000001,-9.991642850854323e-20,-7.01227863241925e-19,0.0,-2.006295168103793,1.0000205650750569,-0.00029390226851831015,-0.00029103384533105906,-1.2038464635477044,0.2328918277105579,-0.029045364162853585,-367.066957151766,697.8003551490228,-331.40601955937433,-0.672621562117484
14.3,-9.525976988651035e-20,-6.653286849459554e-19,0.0,-2.006295168103793,1.0000205650750569,-0.00029390226851831015,-0.00029103384533105906,-1.2038464635477044,0.2328918277105579,-0.029045364162853585,-367.066957151766,697.8003551490228,-331.40601955937433,-0.672621562117484
14.32,-9.080497548167834e-20,-6.312186989979784e-19,0.0,-2.006295168103793,1.0000205650750569,-0.00029390226851831015,-0.00029103384533105906,-1.2038464635477044,0.2328918277105579,-0.029045364162853585,-367.066957151766,697.8003551490228,-331.40601955937433,-0.672621562117484
14.34,-8.654439223017541e-20,-5.988119399938904e-19,0.0,-2.006295168103793,1.0000205650750569,-0.00029390226851831015,-0.00029103384533105906,-1.2038464635477044,0.2328918277105579,-0.029045364162853585,-367.066957151766,697.8003551490228,-331.40601955937433,-0.672621562117484
14.36,-8.247057177462702e-20,-5.680263558148425e-19,0.0,-2.006295168103793,1.0000205650750569,-0.00029390226851831015,-0.00029103384533105906,-1.2038464635477044,0.2328918277105579,-0.029045364162853585,-367.066957151766,697.8003551490228,-331.40601955937433,-0.672621562117484
14.38,-7.857627259222395e-20,-5.387836447336275e-19,0.0,-2.006295168103793,1.0000205650750569,-0.00029390226851831015,-0.00029103384533105906,-1.2038464635477044,0.2328918277105579,-0.029045364162853585,-367.066957151766,697.8003551490228,-331.40601955937433,-0.672621562117484
14.4,-7.485446118577998e-20,-5.110090981723757e-19,0.0,-2.006295168103793,1.0000205650750569,-0.00029390226851831015,-0.00029103384533105906,-1.2038464635477044,0.2328918277105579,-0.029045364162853585,-367.066957151766,697.8003551490228,-331.40601955937433,-0.672621562117484
14.42,-7.129831243904902e-20,-4.846314490046079e-19,0.0,-2.006295168103793,1.0000205650750569,-0.00029390226851831015,-0.00029103384533105906,-1.2038464635477044,0.2328918277105579,-0.029045364162853585,-367.066957151766,697.8003551490228,-331.40601955937433,-0.672621562117484
14.44,-6.790120922902375e-20,-4.595827252941727e-19,0.0,-2.006295168103793,1.0000205650750569,-0.00029390226851831015,-0.00029103384533105906,-1.2038464635477044,0.2328918277105579,-0.029045364162853585,-367.066957151766,697.8003551490228,-331.40601955937433,-0.672621562117484
14.46,-6.465674138001297e-20,-4.357981093502779e-19,0.0,-2.006295168103793,1.0000205650750569,-0.00029390226851831015,-0.00029103384533105906,-1.2038464635477044,0.2328918277105579,-0.029045364162853585,-367.066957151766,697.8003551490228,-331.40601955937433,-0.672621562117484
14.48,-6.155870403699609e-20,-4.132158019789984e-19,0.0,-2.006295168103793,1.0000205650750569,-0.00029390226851831015,-0.00029103384533105906,-1.2038464635477044,0.2328918277105579,-0.029045364162853585,-367.066957151766,697.8003551490228,-331.40601955937433,-0.672621562117484
14.5,-5.860109552899577e-20,-3.917768918031508e-19,0.0,-2.006295168103793,1.0000205650750569,-0.00029390226851831015,-0.00029103384533105906,-1.2038464635477044,0.2328918277105579,-0.029045364162853585,-367.066957151766,697.8003551490228,-331.40601955937433,-0.672621562117484
14.52,-5.577811478699093e-20,-3.714252295248111e-19,0.0,-2.006295168103793,1.0000205650750569,-0.00029390226851831015,-0.00029103384533105906,-1.2038464635477044,0.2328918277105579,-0.029045364162853585,-367.066957151766,697.8003551490228,-331.40601955937433,-0.672621562117484
14.540000000000001,-5.308415837513552e-20,-3.521073069967e-19,0.0,-2.006295168103793,1.0000205650750569,-0.00029390226851831015,-0.00029103384533105906,-1.2038464635477044,0.2328918277105579,-0.029045364162853585,-367.066957151766,697.8003551490228,-331.40601955937433,-0.672621562117484
14.56,-5.0513817188756365e-20,-3.3377214097182556e-19,0.0,-2.006295168103793,1.0000205650750569,-0.00029390226851831015,-0.00029103384533105906,-1.2038464635477044,0.2328918277105579,-0.029045364162853585,-367.066957151766,697.8003551490228,-331.40601955937433,-0.672621562117484
14.58,-4.8061872867712306e-20,-3.163711613960501e-19,0.0,-2.006295168103793,1.0000205650750569,-0.00029390226851831015,-0.00029103384533105906,-1.2038464635477044,0.2328918277105579,-0.029045364162853585,-367.066957151766,697.8003551490228,-331.40601955937433,-0.672621562117484
14.6,-4.5723293969206386e-20,-2.9985810411254256e-19,0.0,-2.006295168103793,1.0000205650750569,-0.00029390226851831015,-0.00029103384533105906,-1.2038464635477044,0.2328918277105579,-0.029045364162853585,-367.066957151766,697.8003551490228,-331.40601955937433,-0.672621562117484
14.620000000000001,-4.34932319399915e-20,-2.8418890784202595e-19,0.0,-2.006295168103793,1.0000205650750569,-0.00029390226851831015,-0.00029103384533105906,-1.2038464635477044,0.2328918277105579,-0.029045364162853585,-367.066957151766,697.8003551490228,-331.40601955937433,-0.672621562117484
14.64,-4.1367016924104626e-20,-2.693216153075229e-19,0.0,-2.006295168103793,1.0000205650750569,-0.00029390226851831015,-0.00029103384533105906,-1.2038464635477044,0.2328918277105579,-0.029045364162853585,-367.066957151766,697.8003551490228,-331.40601955937433,-0.672621562117484
14.66,-3.934015343875355e-20,-2.552162783698802e-19,0.0,-2.006295168103793,1.0000205650750569,-0.00029390226851831015,-0.00029103384533105906,-1.2038464635477044,0.2328918277105579,-0.029045364162853585,-367.066957151766,697.8003551490228,-331.40601955937433,-0.672621562117484
14.68,-3.740831594776587e-20,-2.4183486704558197e-19,0.0,-2.006295168103793,1.0000205650750569,-0.00029390226851831015,-0.00029103384533105906,-1.2038464635477044,0.2328918277105579,-0.029045364162853585,-367.066957151766,697.8003551490228,-331.40601955937433,-0.672621562117484
14.700000000000001,-3.556734435904395e-20,-2.291411822755984e-19,0.0,-2.006295168103793,1.0000205650750569,-0.00029390226851831015,-0.00029103384533105906,-1.2038464635477044,0.2328918277105579,-0.029045364162853585,-367.066957151766,697.8003551490228,-331.40601955937433,-0.672621562117484
14.72,-3.3813239469759434e-20,-2.1710077231945586e-19,0.0,-2.006295168103793,1.0000205650750569,-0.00029390226851831015,-0.00029103384533105906,-1.2038464635477044,0.2328918277105579,-0.029045364162853585,-367.066957151766,697.8003551490228,-331.40601955937433,-0.672621562117484
14.74,-3.2142158380525675e-20,-2.0568085264787165e-19,0.0,-2.006295168103793,1.0000205650750569,-0.00029390226851831015,-0.00029103384533105906,-1.2038464635477044,0.2328918277105579,-0.029045364162853585,-367.066957151766,697.8003551490228,-331.40601955937433,-0.672621562117484
14.76,-3.0550409897510155e-20,-1.9485022921286494e-19,0.0,-2.006295168103793,1.0000205650750569,-0.00029390226851831015,-0.00029103384533105906,-1.2038464635477044,0.2328918277105579,-0.029045364162853585,-367.066957151766,697.8003551490228,-331.40601955937433,-0.672621562117484
14.780000000000001,-2.9034449939353394e-20,-1.8457922497311366e-19,0.0,-2.006295168103793,1.0000205650750569,-0.00029390226851831015,-0.00029103384533105906,-1.2038464635477044,0.2328918277105579,-0.029045364162853585,-367.066957151766,697.8003551490228,-331.40601955937433,-0.672621562117484
14.8,-2.7590876963853277e-20,-1.7483960955774492e-19,0.0,-2.006295168103793,1.0000205650750569,-0.00029390226851831015,-0.00029103384533105906,-1.2038464635477044,0.2328918277105579,-0.029045364162853585,-367.066957151766,697.8003551490228,-331.40601955937433,-0.672621562117484
14.82,-2.6216427427622337e-20,-1.6560453195211328e-19,0.0,-2.006295168103793,1.0000205650750569,-0.00029390226851831015,-0.00029103384533105906,-1.2038464635477044,0.2328918277105579,-0.029045364162853585,-367.066957151766,697.8003551490228,-331.40601955937433,-0.672621562117484
14.84,-2.4907971290334888e-20,-1.5684845609453892e-19,0.0,-2.006295168103793,1.0000205650750569,-0.00029390226851831015,-0.00029103384533105906,-1.2038464635477044,0.2328918277105579,-0.029045364162853585,-367.066957151766,697.8003551490228,-331.40601955937433,-0.672621562117484
14.86,-2.366250757372046e-20,-1.485470992729073e-19,0.0,-2.006295168103793,1.0000205650750569,-0.00029390226851831015,-0.00029103384533105906,-1.2038464635477044,0.2328918277105579,-0.029045364162853585,-367.066957151766,697.8003551490228,-331.40601955937433,-0.672621562117484
14.88,-2.2477159984136528e-20,-1.4067737321499916e-19,0.0,-2.006295168103793,1.0000205650750569,-0.00029390226851831015,-0.00029103384533105906,-1.2038464635477044,0.2328918277105579,-0.029045364162853585,-367.066957151766,697.8003551490228,-331.40601955937433,-0.672621562117484
14.9,-2.1349172606346287e-20,-1.3321732776867728e-19,0.0,-2.006295168103793,1.0000205650750569,-0.00029390226851831015,-0.00029103384533105906,-1.2038464635477044,0.2328918277105579,-0.029045364162853585,-367.066957151766,697.8003551490228,-331.40601955937433,-0.672621562117484
14.92,-2.027590567502805e-20,-1.2614609707022915e-19,0.0,-2.006295168103793,1.0000205650750569,-0.00029390226851831015,-0.00029103384533105906,-1.2038464635477044,0.2328918277105579,-0.029045364162853585,-367.066957151766,697.8003551490228,-331.40601955937433,-0.672621562117484
14.94,-1.925483142955065e-20,-1.1944384810402117e-19,0.0,-2.006295168103793,1.0000205650750569,-0.00029390226851831015,-0.00029103384533105906,-1.2038464635477044,0.2328918277105579,-0.029045364162853585,-367.066957151766,697.8003551490228,-331.40601955937433,-0.672621562117484
14.96,-1.8283530056642903e-20,-1.130917315572904e-19,0.0,-2.006295168103793,1.0000205650750569,-0.00029390226851831015,-0.00029103384533105906,-1.2038464635477044,0.2328918277105579,-0.029045364162853585,-367.066957151766,697.8003551490228,-331.40601955937433,-0.672621562117484
14.98,-1.7359685724771073e-20,-1.0707183487866364e-19,0.0,-2.006295168103793,1.0000205650750569,-0.00029390226851831015,-0.00029103384533105906,-1.2038464635477044,0.2328918277105579,-0.029045364162853585,-367.066957151766,697.8003551490228,-331.40601955937433,-0.672621562117484
15.0,-1.6481082713297895e-20,-1.0136713745046608e-19,0.0,-2.006295168103793,1.0000205650750569,-0.00029390226851831015,-0.00029103384533105906,-1.2038464635477044,0.2328918277105579,-0.029045364162853585,-367.066957151766,697.8003551490228,-331.40601955937433,-0.672621562117484
15.02,-1.5645601638834613e-20,-9.596146778945825e-20,0.0,-2.006295168103793,1.0000205650750569,-0.00029390226851831015,-0.00029103384533105906,-1.2038464635477044,0.2328918277105579,-0.029045364162853585,-367.066957151766,697.8003551490228,-331.40601955937433,-0.672621562117484
15.040000000000001,-1.4851215780595503e-20,-9.083946269161835e-20,0.0,-2.006295168103793,1.0000205650750569,-0.00029390226851831015,-0.00029103384533105906,-1.2038464635477044,0.2328918277105579,-0.029045364162853585,-367.066957151766,697.8003551490228,-331.40601955937433,-0.672621562117484
15.06,-1.4095987506029233e-20,-8.59865282409491e-20,0.0,-2.006295168103793,1.0000205650750569,-0.00029390226851831015,-0.00029103384533105906,-1.2038464635477044,0.2328918277105579,-0.029045364162853585,-367.066957151766,697.8003551490228,-331.40601955937433,-0.672621562117484
15.08,-1.3378064797517817e-20,-8.138880260381806e-20,0.0,-2.006295168103793,1.0000205650750569,-0.00029390226851831015,-0.00029103384533105906,-1.2038464635477044,0.2328918277105579,-0.029045364162853585,-367.066957151766,697.8003551490228,-331.40601955937433,-0.672621562117484
15.1,-1.2695677880506571e-20,-7.703312053448103e-20,0.0,-2.006295168103793,1.0000205650750569,-0.00029390226851831015,-0.00029103384533105906,-1.2038464635477044,0.2328918277105579,-0.029045364162853585,-367.066957151766,697.8003551490228,-331.40601955937433,-0.672621562117484
15.120000000000001,-1.2047135953042981e-20,-7.290697951857547e-20,0.0,-2.006295168103793,1.0000205650750569,-0.00029390226851831015,-0.00029103384533105906,-1.2038464635477044,0.2328918277105579,-0.029045364162853585,-367.066957151766,697.8003551490228,-331.40601955937433,-0.672621562117484
15.14,-1.1430824016364436e-20,-6.899850748521048e-20,0.0,-2.006295168103793,1.0000205650750569,-0.00029390226851831015,-0.00029103384533105906,-1.2038464635477044,0.2328918277105579,-0.029045364162853585,-367.066957151766,697.8003551490228,-331.40601955937433,-0.672621562117484
15.16,-1.0845199805872747e-20,-6.5296432019882e-20,0.0,-2.006295168103793,1.0000205650750569,-0.00029390226851831015,-0.00029103384533105906,-1.2038464635477044,0.2328918277105579,-0.029045364162853585,-367.066957151766,697.8003551490228,-331.40601955937433,-0.672621562117484
15.18,-1.0288790821570994e-20,-6.179005101402334e-20,0.0,-2.006295168103793,1.0000205650750569,-0.00029390226851831015,-0.00029103384533105906,-1.2038464635477044,0.2328918277105579,-0.029045364162853585,-367.066957151766,697.8003551490228,-331.40601955937433,-0.672621562117484
15.200000000000001,-9.760191456804642e-21,-5.84692046882594e-20,0.0,-2.006295168103793,1.0000205650750569,-0.00029390226851831015,-0.00029103384533105906,-1.2038464635477044,0.2328918277105579,-0.029045364162853585,-367.066957151766,697.8003551490228,-331.40601955937433,-0.672621562117484
15.22,-9.258060223948685e-21,-5.532424892974772e-20,0.0,-2.006295168103793,1.0000205650750569,-0.00029390226851831015,-0.00029103384533105906,-1.2038464635477044,0.2328918277105579,-0.029045364162853585,-367.066957151766,697.8003551490228,-331.40601955937433,-0.672621562117484
15.24,-8.781117075506836e-21,-5.234602988553377e-20,0.0,-2.006295168103793,1.0000205650750569,-0.00029390226851831015,-0.00029103384533105906,-1.2038464635477044,0.2328918277105579,-0.029045364162853585,-367.066957151766,697.8003551490228,-331.40601955937433,-0.672621562117484
15.26,-8.328140818940818e-21,-4.952585975698972e-20,0.0,-2.006295168103793,1.0000205650750569,-0.00029390226851831015,-0.00029103384533105906,-1.2038464635477044,0.2328918277105579,-0.029045364162853585,-367.066957151766,697.8003551490228,-331.40601955937433,-0.672621562117484
15.280000000000001,-7.897966623419028e-21,-4.6855493741607676e-20,0.0,-2.006295168103793,1.0000205650750569,-0.00029390226851831015,-0.00029103384533105906,-1.2038464635477044,0.2328918277105579,-0.029045364162853585,-367.066957151766,697.8003551490228,-331.40601955937433,-0.672621562117484
15.3,-7.489483616568275e-21,-4.432710807129696e-20,0.0,-2.006295168103793,1.0000205650750569,-0.00029390226851831015,-0.00029103384533105906,-1.2038464635477044,0.2328918277105579,-0.029045364162853585,-367.066957151766,697.8003551490228,-331.40601955937433,-0.672621562117484
15.32,-7.101632569222942e-21,-4.1933279097789294e-20,0.0,-2.006295168103793,1.0000205650750569,-0.00029390226851831015,-0.00029103384533105906,-1.2038464635477044,0.2328918277105579,-0.029045364162853585,-367.066957151766,697.8003551490228,-331.40601955937433,-0.672621562117484
15.34,-6.733403666095669e-21,-3.966696337842627e-20,0.0,-2.006295168103793,1.0000205650750569,-0.00029390226851831015,-0.00029103384533105906,-1.2038464635477044,0.2328918277105579,-0.029045364162853585,-367.066957151766,697.8003551490228,-331.40601955937433,-0.672621562117484
15.36,-6.3838343602358225e-21,-3.752147871678271e-20,0.0,-2.006295168103793,1.0000205650750569,-0.00029390226851831015,-0.00029103384533105906,-1.2038464635477044,0.2328918277105579,-0.029045364162853585,-367.066957151766,697.8003551490228,-331.40601955937433,-0.672621562117484
15.38,-6.05200730909971e-21,-3.549048611493786e-20,0.0,-2.006295168103793,1.0000205650750569,-0.00029390226851831015,-0.00029103384533105906,-1.2038464635477044,0.2328918277105579,-0.029045364162853585,-367.066957151766,697.8003551490228,-331.40601955937433,-0.672621562117484
15.4,-5.7370483900256785e-21,-3.3567972595887174e-20,0.0,-2.006295168103793,1.0000205650750569,-0.00029390226851831015,-0.00029103384533105906,-1.2038464635477044,0.2328918277105579,-0.029045364162853585,-367.066957151766,697.8003551490228,-331.40601955937433,-0.672621562117484
15.42,-5.43812479288674e-21,-3.1748234856079217e-20,0.0,-2.006295168103793,1.0000205650750569,-0.00029390226851831015,-0.00029103384533105906,-1.2038464635477044,0.2328918277105579,-0.029045364162853585,-367.066957151766,697.8003551490228,-331.40601955937433,-0.672621562117484
15.44,-5.1544431876842044e-21,-3.002586371024759e-20,0.0,-2.006295168103793,1.0000205650750569,-0.00029390226851831015,-0.00029103384533105906,-1.2038464635477044,0.2328918277105579,-0.029045364162853585,-367.066957151766,697.8003551490228,-331.40601955937433,-0.672621562117484
15.46,-4.8852479648433295e-21,-2.8395729291727556e-20,0.0,-2.006295168103793,1.0000205650750569,-0.00029390226851831015,-0.00029103384533105906,-1.2038464635477044,0.2328918277105579,-0.029045364162853585,-367.066957151766,697.8003551490228,-331.40601955937433,-0.672621562117484
15.48,-4.629819545978968e-21,-2.685296697346894e-20,0.0,-2.006295168103793,1.0000205650750569,-0.00029390226851831015,-0.00029103384533105906,-1.2038464635477044,0.2328918277105579,-0.029045364162853585,-367.066957151766,697.8003551490228,-331.40601955937433,-0.672621562117484
15.5,-4.387472762911598e-21,-2.53929639760801e-20,0.0,-2.006295168103793,1.0000205650750569,-0.00029390226851831015,-0.00029103384533105906,-1.2038464635477044,0.2328918277105579,-0.029045364162853585,-367.066957151766,697.8003551490228,-331.40601955937433,-0.672621562117484
15.52,-4.157555302734096e-21,-2.4011346631139797e-20,0.0,-2.006295168103793,1.0000205650750569,-0.00029390226851831015,-0.00029103384533105906,-1.2038464635477044,0.2328918277105579,-0.029045364162853585,-367.066957151766,697.8003551490228,-331.40601955937433,-0.672621562117484
15.540000000000001,-3.939446216753111e-21,-2.2703968268883867e-20,0.0,-2.006295168103793,1.0000205650750569,-0.00029390226851831015,-0.00029103384533105906,-1.2038464635477044,0.2328918277105579,-0.029045364162853585,-367.066957151766,697.8003551490228,-331.40601955937433,-0.672621562117484
15.56,-3.7325544911585004e-21,-2.1466897701127084e-20,0.0,-2.006295168103793,1.0000205650750569,-0.00029390226851831015,-0.00029103384533105906,-1.2038464635477044,0.2328918277105579,-0.029045364162853585,-367.066957151766,697.8003551490228,-331.40601955937433,-0.672621562117484
15.58,-3.536317677306707e-21,-2.0296408271238108e-20,0.0,-2.006295168103793,1.0000205650750569,-0.00029390226851831015,-0.00029103384533105906,-1.2038464635477044,0.2328918277105579,-0.029045364162853585,-367.066957151766,697.8003551490228,-331.40601955937433,-0.672621562117484
15.6,-3.3502005795410255e-21,-1.9188967444595143e-20,0.0,-2.006295168103793,1.0000205650750569,-0.00029390226851831015,-0.00029103384533105906,-1.2038464635477044,0.2328918277105579,-0.029045364162853585,-367.066957151766,697.8003551490228,-331.40601955937433,-0.672621562117484
15.620000000000001,-3.173693998510353e-21,-1.8141226913730404e-20,0.0,-2.006295168103793,1.0000205650750569,-0.00029390226851831015,-0.00029103384533105906,-1.2038464635477044,0.2328918277105579,-0.029045364162853585,-367.066957151766,697.8003551490228,-331.40601955937433,-0.672621562117484
15.64,-3.0063135279902646e-21,-1.7150013193827103e-20,0.0,-2.006295168103793,1.0000205650750569,-0.00029390226851831015,-0.00029103384533105906,-1.2038464635477044,0.2328918277105579,-0.029045364162853585,-367.066957151766,697.8003551490228,-331.40601955937433,-0.672621562117484
15.66,-2.8475984032536336e-21,-1.6212318685083224e-20,0.0,-2.006295168103793,1.0000205650750569,-0.00029390226851831015,-0.00029103384533105906,-1.2038464635477044,0.2328918277105579,-0.029045364162853585,-367.066957151766,697.8003551490228,-331.40601955937433,-0.672621562117484
15.68,-2.6971103990840565e-21,-1.5325293179792857e-20,0.0,-2.006295168103793,1.0000205650750569,-0.00029390226851831015,-0.00029103384533105906,-1.2038464635477044,0.2328918277105579,-0.029045364162853585,-367.066957151766,697.8003551490228,-331.40601955937433,-0.672621562117484
15.700000000000001,-2.5544327755715852e-21,-1.4486235792684077e-20,0.0,-2.006295168103793,1.0000205650750569,-0.00029390226851831015,-0.00029103384533105906,-1.2038464635477044,0.2328918277105579,-0.029045364162853585,-367.066957151766,697.8003551490228,-331.40601955937433,-0.672621562117484
15.72,-2.419169269878487e-21,-1.3692587294273295e-20,0.0,-2.006295168103793,1.0000205650750569,-0.00029390226851831015,-0.00029103384533105906,-1.2038464635477044,0.2328918277105579,-0.029045364162853585,-367.066957151766,697.8003551490228,-331.40601955937433,-0.672621562117484
15.74,-2.2909431322109556e-21,-1.2941922827718915e-20,0.0,-2.006295168103793,1.0000205650750569,-0.00029390226851831015,-0.00029103384533105906,-1.2038464635477044,0.2328918277105579,-0.029045364162853585,-367.066957151766,697.8003551490228,-331.40601955937433,-0.672621562117484
15.76,-2.169396204282213e-21,-1.2231944990785025e-20,0.0,-2.006295168103793,1.0000205650750569,-0.00029390226851831015,-0.00029103384533105906,-1.2038464635477044,0.2328918277105579,-0.029045364162853585,-367.066957151766,697.8003551490228,-331.40601955937433,-0.672621562117484
15.780000000000001,-2.0541880386013114e-21,-1.1560477265109712e-20,0.0,-2.006295168103793,1.0000205650750569,-0.00029390226851831015,-0.00029103384533105906,-1.2038464635477044,0.2328918277105579,-0.029045364162853585,-367.066957151766,697.8003551490228,-331.40601955937433,-0.672621562117484
15.8,-1.944995056971675e-21,-1.0925457775998009e-20,0.0,-2.006295168103793,1.0000205650750569,-0.00029390226851831015,-0.00029103384533105906,-1.2038464635477044,0.2328918277105579,-0.029045364162853585,-367.066957151766,697.8003551490228,-331.40601955937433,-0.672621562117484
15.82,-1.8415097466324506e-21,-1.0324933366578005e-20,0.0,-2.006295168103793,1.0000205650750569,-0.00029390226851831015,-0.00029103384533105906,-1.2038464635477044,0.2328918277105579,-0.029045364162853585,-367.066957151766,697.8003551490228,-331.40601955937433,-0.672621562117484
15.84,-1.7434398925251306e-21,-9.757053971087331e-21,0.0,-2.006295168103793,1.0000205650750569,-0.00029390226851831015,-0.00029103384533105906,-1.2038464635477044,0.2328918277105579,-0.029045364162853585,-367.066957151766,697.8003551490228,-331.40601955937433,-0.672621562117484
15.860000000000001,-1.6505078442162367e-21,-9.22006727257235e-21,0.0,-2.006295168103793,1.0000205650750569,-0.00029390226851831015,-0.00029103384533105906,-1.2038464635477044,0.2328918277105579,-0.029045364162853585,-367.066957151766,697.8003551490228,-331.40601955937433,-0.672621562117484
15.88,-1.5624498160552435e-21,-8.712313631124234e-21,0.0,-2.006295168103793,1.0000205650750569,-0.00029390226851831015,-0.00029103384533105906,-1.2038464635477044,0.2328918277105579,-0.029045364162853585,-367.066957151766,697.8003551490228,-331.40601955937433,-0.672621562117484
15.9,-1.479015219194229e-21,-8.232221269300995e-21,0.0,-2.006295168103793,1.0000205650750569,-0.00029390226851831015,-0.00029103384533105906,-1.2038464635477044,0.2328918277105579,-0.029045364162853585,-367.066957151766,697.8003551490228,-331.40601955937433,-0.672621562117484
15.92,-1.3999660241428615e-21,-7.778301702166009e-21,0.0,-2.006295168103793,1.0000205650750569,-0.00029390226851831015,-0.00029103384533105906,-1.2038464635477044,0.2328918277105579,-0.029045364162853585,-367.066957151766,697.8003551490228,-331.40601955937433,-0.672621562117484
15.94,-1.32507615257808e-21,-7.349145399797248e-21,0.0,-2.006295168103793,1.0000205650750569,-0.00029390226851831015,-0.00029103384533105906,-1.2038464635477044,0.2328918277105579,-0.029045364162853585,-367.066957151766,697.8003551490228,-331.40601955937433,-0.672621562117484
15.96,-1.2541308971731766e-21,-6.943417670814166e-21,0.0,-2.006295168103793,1.0000205650750569,-0.00029390226851831015,-0.00029103384533105906,-1.2038464635477044,0.2328918277105579,-0.029045364162853585,-367.066957151766,697.8003551490228,-331.40601955937433,-0.672621562117484
15.98,-1.186926368255259e-21,-6.559854755983768e-21,0.0,-2.006295168103793,1.0000205650750569,-0.00029390226851831015,-0.00029103384533105906,-1.2038464635477044,0.2328918277105579,-0.029045364162853585,-367.066957151766,697.8003551490228,-331.40601955937433,-0.672621562117484
16.0,-1.12326896614326e-21,-6.1972601214332024e-21,0.0,-2.006295168103793,1.0000205650750569,-0.00029390226851831015,-0.00029103384533105906,-1.2038464635477044,0.2328918277105579,-0.029045364162853585,-367.066957151766,697.8003551490228,-331.40601955937433,-0.672621562117484
16.02,-1.0629748780612147e-21,-5.854500941615807e-21,0.0,-2.006295168103793,1.0000205650750569,-0.00029390226851831015,-0.00029103384533105906,-1.2038464635477044,0.2328918277105579,-0.029045364162853585,-367.066957151766,697.8003551490228,-331.40601955937433,-0.672621562117484
16.04,-1.0058695985626002e-21,-5.530504762514148e-21,0.0,-2.006295168103793,1.0000205650750569,-0.00029390226851831015,-0.00029103384533105906,-1.2038464635477044,0.2328918277105579,-0.029045364162853585,-367.066957151766,697.8003551490228,-331.40601955937433,-0.672621562117484
16.06,-9.51787472441908e-22,-5.2242563361117295e-21,0.0,-2.006295168103793,1.0000205650750569,-0.00029390226851831015,-0.00029103384533105906,-1.2038464635477044,0.2328918277105579,-0.029045364162853585,-367.066957151766,697.8003551490228,-331.40601955937433,-0.672621562117484
16.080000000000002,-9.005712591487535e-22,-4.9347946175623094e-21,0.0,-2.006295168103793,1.0000205650750569,-0.00029390226851831015,-0.00029103384533105906,-1.2038464635477044,0.2328918277105579,-0.029045364162853585,-367.066957151766,697.8003551490228,-331.40601955937433,-0.672621562117484
16.1,-8.520717177579937e-22,-4.6612099169254574e-21,0.0,-2.006295168103793,1.0000205650750569,-0.00029390226851831015,-0.00029103384533105906,-1.2038464635477044,0.2328918277105579,-0.029045364162853585,-367.066957151766,697.8003551490228,-331.40601955937433,-0.672621562117484
16.12,-8.061472115861417e-22,-4.402641197648441e-21,0.0,-2.006295168103793,1.0000205650750569,-0.00029390226851831015,-0.00029103384533105906,-1.2038464635477044,0.2328918277105579,-0.029045364162853585,-367.066957151766,697.8003551490228,-331.40601955937433,-0.672621562117484
16.14,-7.626633315806152e-22,-4.1582735145151815e-21,0.0,-2.006295168103793,1.0000205650750569,-0.00029390226851831015,-0.00029103384533105906,-1.2038464635477044,0.2328918277105579,-0.029045364162853585,-367.066957151766,697.8003551490228,-331.40601955937433,-0.672621562117484
16.16,-7.214925376428654e-22,-3.927335583949969e-21,0.0,-2.006295168103793,1.0000205650750569,-0.00029390226851831015,-0.00029103384533105906,-1.2038464635477044,0.2328918277105579,-0.029045364162853585,-367.066957151766,697.8003551490228,-331.40601955937433,-0.672621562117484
16.18,-6.825138170803691e-22,-3.709097480041285e-21,0.0,-2.006295168103793,1.0000205650750569,-0.00029390226851831015,-0.00029103384533105906,-1.2038464635477044,0.2328918277105579,-0.029045364162853585,-367.066957151766,697.8003551490228,-331.40601955937433,-0.672621562117484
16.2,-6.456123594150835e-22,-3.502868449924716e-21,0.0,-2.006295168103793,1.0000205650750569,-0.00029390226851831015,-0.00029103384533105906,-1.2038464635477044,0.2328918277105579,-0.029045364162853585,-367.066957151766,697.8003551490228,-331.40601955937433,-0.672621562117484
16.22,-6.106792468075766e-22,-3.3079948424825512e-21,0.0,-2.006295168103793,1.0000205650750569,-0.00029390226851831015,-0.00029103384533105906,-1.2038464635477044,0.2328918277105579,-0.029045364162853585,-367.066957151766,697.8003551490228,-331.40601955937433,-0.672621562117484
16.240000000000002,-5.776111593865949e-22,-3.123858144612794e-21,0.0,-2.006295168103793,1.0000205650750569,-0.00029390226851831015,-0.00029103384533105906,-1.2038464635477044,0.2328918277105579,-0.029045364162853585,-367.066957151766,697.8003551490228,-331.40601955937433,-0.672621562117484
16.26,-5.463100948033904e-22,-2.949873119620911e-21,0.0,-2.006295168103793,1.0000205650750569,-0.00029390226851831015,-0.00029103384533105906,-1.2038464635477044,0.2328918277105579,-0.029045364162853585,-367.066957151766,697.8003551490228,-331.40601955937433,-0.672621562117484
16.28,-5.166831013585014e-22,-2.7854860424986417e-21,0.0,-2.006295168103793,1.0000205650750569,-0.00029390226851831015,-0.00029103384533105906,-1.2038464635477044,0.2328918277105579,-0.029045364162853585,-367.066957151766,697.8003551490228,-331.40601955937433,-0.672621562117484
16.3,-4.88642024076387e-22,-2.6301730272186296e-21,0.0,-2.006295168103793,1.0000205650750569,-0.00029390226851831015,-0.00029103384533105906,-1.2038464635477044,0.2328918277105579,-0.029045364162853585,-367.066957151766,697.8003551490228,-331.40601955937433,-0.672621562117484
16.32,-4.621032631296212e-22,-2.4834384412949482e-21,0.0,-2.006295168103793,1.0000205650750569,-0.00029390226851831015,-0.00029103384533105906,-1.2038464635477044,0.2328918277105579,-0.029045364162853585,-367.066957151766,697.8003551490228,-331.40601955937433,-0.672621562117484
16.34,-4.369875440400279e-22,-2.344813403178084e-21,0.0,-2.006295168103793,1.0000205650750569,-0.00029390226851831015,-0.00029103384533105906,-1.2038464635477044,0.2328918277105579,-0.029045364162853585,-367.066957151766,697.8003551490228,-331.40601955937433,-0.672621562117484
16.36,-4.1321969910871285e-22,-2.2138543582409777e-21,0.0,-2.006295168103793,1.0000205650750569,-0.00029390226851831015,-0.00029103384533105906,-1.2038464635477044,0.2328918277105579,-0.029045364162853585,-367.066957151766,697.8003551490228,-331.40601955937433,-0.672621562117484
16.38,-3.9072845955065e-22,-2.0901417293293718e-21,0.0,-2.006295168103793,1.0000205650750569,-0.00029390226851831015,-0.00029103384533105906,-1.2038464635477044,0.2328918277105579,-0.029045364162853585,-367.066957151766,697.8003551490228,-331.40601955937433,-0.672621562117484
16.4,-3.6944625783228634e-22,-1.9732786380510356e-21,0.0,-2.006295168103793,1.0000205650750569,-0.00029390226851831015,-0.00029103384533105906,-1.2038464635477044,0.2328918277105579,-0.029045364162853585,-367.066957151766,697.8003551490228,-331.40601955937433,-0.672621562117484
16.42,-3.493090397325539e-22,-1.8628896931669437e-21,0.0,-2.006295168103793,1.0000205650750569,-0.00029390226851831015,-0.00029103384533105906,-1.2038464635477044,0.2328918277105579,-0.029045364162853585,-367.066957151766,697.8003551490228,-331.40601955937433,-0.672621562117484
16.44,-3.3025608566879313e-22,-1.7586198426419095e-21,0.0,-2.006295168103793,1.0000205650750569,-0.00029390226851831015,-0.00029103384533105906,-1.2038464635477044,0.2328918277105579,-0.029045364162853585,-367.066957151766,697.8003551490228,-331.40601955937433,-0.672621562117484
16.46,-3.1222984084927806e-22,-1.6601332860491702e-21,0.0,-2.006295168103793,1.0000205650750569,-0.00029390226851831015,-0.00029103384533105906,-1.2038464635477044,0.2328918277105579,-0.029045364162853585,-367.066957151766,697.8003551490228,-331.40601955937433,-0.672621562117484
16.48,-2.951757538336282e-22,-1.5671124442544148e-21,0.0,-2.006295168103793,1.0000205650750569,-0.00029390226851831015,-0.00029103384533105906,-1.2038464635477044,0.2328918277105579,-0.029045364162853585,-367.066957151766,697.8003551490228,-331.40601955937433,-0.672621562117484
16.5,-2.79042123100956e-22,-1.4792569833860057e-21,0.0,-2.006295168103793,1.0000205650750569,-0.00029390226851831015,-0.00029103384533105906,-1.2038464635477044,0.2328918277105579,-0.029045364162853585,-367.066957151766,697.8003551490228,-331.40601955937433,-0.672621562117484
16.52,-2.6377995124361283e-22,-1.3962828902994604e-21,0.0,-2.006295168103793,1.0000205650750569,-0.00029390226851831015,-0.00029103384533105906,-1.2038464635477044,0.2328918277105579,-0.029045364162853585,-367.066957151766,697.8003551490228,-331.40601955937433,-0.672621562117484
16.54,-2.493428064215904e-22,-1.3179215968671277e-21,0.0,-2.006295168103793,1.0000205650750569,-0.00029390226851831015,-0.00029103384533105906,-1.2038464635477044,0.2328918277105579,-0.029045364162853585,-367.066957151766,697.8003551490228,-331.40601955937433,-0.672621562117484
16.56,-2.3568669072914493e-22,-1.2439191505600007e-21,0.0,-2.006295168103793,1.0000205650750569,-0.00029390226851831015,-0.00029103384533105906,-1.2038464635477044,0.2328918277105579,-0.029045364162853585,-367.066957151766,697.8003551490228,-331.40601955937433,-0.672621562117484
16.580000000000002,-2.2276991514104423e-22,-1.1740354289183166e-21,0.0,-2.006295168103793,1.0000205650750569,-0.00029390226851831015,-0.00029103384533105906,-1.2038464635477044,0.2328918277105579,-0.029045364162853585,-367.066957151766,697.8003551490228,-331.40601955937433,-0.672621562117484
16.6,-2.1055298072102573e-22,-1.1080433956343029e-21,0.0,-2.006295168103793,1.0000205650750569,-0.00029390226851831015,-0.00029103384533105906,-1.2038464635477044,0.2328918277105579,-0.029045364162853585,-367.066957151766,697.8003551490228,-331.40601955937433,-0.672621562117484
16.62,-1.9899846578954722e-22,-1.0457283960660287e-21,0.0,-2.006295168103793,1.0000205650750569,-0.00029390226851831015,-0.00029103384533105906,-1.2038464635477044,0.2328918277105579,-0.029045364162853585,-367.066957151766,697.8003551490228,-331.40601955937433,-0.672621562117484
16.64,-1.880709187619207e-22,-9.86887490151949e-22,0.0,-2.006295168103793,1.0000205650750569,-0.00029390226851831015,-0.00029103384533105906,-1.2038464635477044,0.2328918277105579,-0.029045364162853585,-367.066957151766,697.8003551490228,-331.40601955937433,-0.672621562117484
16.66,-1.7773675638117833e-22,-9.313288207534368e-22,0.0,-2.006295168103793,1.0000205650750569,-0.00029390226851831015,-0.00029103384533105906,-1.2038464635477044,0.2328918277105579,-0.029045364162853585,-367.066957151766,697.8003551490228,-331.40601955937433,-0.672621562117484
16.68,-1.6796416708283492e-22,-8.788710155851459e-22,0.0,-2.006295168103793,1.0000205650750569,-0.00029390226851831015,-0.00029103384533105906,-1.2038464635477044,0.2328918277105579,-0.029045364162853585,-367.066957151766,697.8003551490228,-331.40601955937433,-0.672621562117484
16.7,-1.5872301924091898e-22,-8.293426209750614e-22,0.0,-2.006295168103793,1.0000205650750569,-0.00029390226851831015,-0.00029103384533105906,-1.2038464635477044,0.2328918277105579,-0.029045364162853585,-367.066957151766,697.8003551490228,-331.40601955937433,-0.672621562117484
16.72,-1.4998477405633914e-22,-7.825815657880019e-22,0.0,-2.006295168103793,1.0000205650750569,-0.00029390226851831015,-0.00029103384533105906,-1.2038464635477044,0.2328918277105579,-0.029045364162853585,-367.066957151766,697.8003551490228,-331.40601955937433,-0.672621562117484
16.740000000000002,-1.4172240285983754e-22,-7.384346539310664e-22,0.0,-2.006295168103793,1.0000205650750569,-0.00029390226851831015,-0.00029103384533105906,-1.2038464635477044,0.2328918277105579,-0.029045364162853585,-367.066957151766,697.8003551490228,-331.40601955937433,-0.672621562117484
16.76,-1.3391030861248888e-22,-6.967570839451954e-22,0.0,-2.006295168103793,1.0000205650750569,-0.00029390226851831015,-0.00029103384533105906,-1.2038464635477044,0.2328918277105579,-0.029045364162853585,-367.066957151766,697.8003551490228,-331.40601955937433,-0.672621562117484
16.78,-1.2652425139690034e-22,-6.57411994250004e-22,0.0,-2.006295168103793,1.0000205650750569,-0.00029390226851831015,-0.00029103384533105906,-1.2038464635477044,0.2328918277105579,-0.029045364162853585,-367.066957151766,697.8003551490228,-331.40601955937433,-0.672621562117484
16.8,-1.1954127770209617e-22,-6.202700327090669e-22,0.0,-2.006295168103793,1.0000205650750569,-0.00029390226851831015,-0.00029103384533105906,-1.2038464635477044,0.2328918277105579,-0.029045364162853585,-367.066957151766,697.8003551490228,-331.40601955937433,-0.672621562117484
16.82,-1.1293965331436072e-22,-5.852089492213722e-22,0.0,-2.006295168103793,1.0000205650750569,-0.00029390226851831015,-0.00029103384533105906,-1.2038464635477044,0.2328918277105579,-0.029045364162853585,-367.066957151766,697.8003551490228,-331.40601955937433,-0.672621562117484
16.84,-1.0669879963527023e-22,-5.521132101325949e-22,0.0,-2.006295168103793,1.0000205650750569,-0.00029390226851831015,-0.00029103384533105906,-1.2038464635477044,0.2328918277105579,-0.029045364162853585,-367.066957151766,697.8003551490228,-331.40601955937433,-0.672621562117484
16.86,-1.0079923325665989e-22,-5.20873633313929e-22,0.0,-2.006295168103793,1.0000205650750569,-0.00029390226851831015,-0.00029103384533105906,-1.2038464635477044,0.2328918277105579,-0.029045364162853585,-367.066957151766,697.8003551490228,-331.40601955937433,-0.672621562117484
16.88,-9.522250863041692e-23,-4.913870428173698e-22,0.0,-2.006295168103793,1.0000205650750569,-0.00029390226851831015,-0.00029103384533105906,-1.2038464635477044,0.2328918277105579,-0.029045364162853585,-367.066957151766,697.8003551490228,-331.40601955937433,-0.672621562117484
16.9,-8.995116367876405e-23,-4.63555942072678e-22,0.0,-2.006295168103793,1.0000205650750569,-0.00029390226851831015,-0.00029103384533105906,-1.2038464635477044,0.2328918277105579,-0.029045364162853585,-367.066957151766,697.8003551490228,-331.40601955937433,-0.672621562117484
16.92,-8.49686681981191e-23,-4.372882046449445e-22,0.0,-2.006295168103793,1.0000205650750569,-0.00029390226851831015,-0.00029103384533105906,-1.2038464635477044,0.2328918277105579,-0.029045364162853585,-367.066957151766,697.8003551490228,-331.40601955937433,-0.672621562117484
16.94,-8.025937491670532e-23,-4.124967816248364e-22,0.0,-2.006295168103793,1.0000205650750569,-0.00029390226851831015,-0.00029103384533105906,-1.2038464635477044,0.2328918277105579,-0.029045364162853585,-367.066957151766,697.8003551490228,-331.40601955937433,-0.672621562117484
16.96,-7.580847307282761e-23,-3.890994247639118e-22,0.0,-2.006295168103793,1.0000205650750569,-0.00029390226851831015,-0.00029103384533105906,-1.2038464635477044,0.2328918277105579,-0.029045364162853585,-367.066957151766,697.8003551490228,-331.40601955937433,-0.672621562117484
16.98,-7.160194438720988e-23,-3.6701842452884685e-22,0.0,-2.006295168103793,1.0000205650750569,-0.00029390226851831015,-0.00029103384533105906,-1.2038464635477044,0.2328918277105579,-0.029045364162853585,-367.066957151766,697.8003551490228,-331.40601955937433,-0.672621562117484
17.0,-6.762652130890867e-23,-3.461803622741427e-22,0.0,-2.006295168103793,1.0000205650750569,-0.00029390226851831015,-0.00029103384533105906,-1.2038464635477044,0.2328918277105579,-0.029045364162853585,-367.066957151766,697.8003551490228,-331.40601955937433,-0.672621562117484
17.02,-6.386964742020241e-23,-3.2651587578656856e-22,0.0,-2.006295168103793,1.0000205650750569,-0.00029390226851831015,-0.00029103384533105906,-1.2038464635477044,0.2328918277105579,-0.029045364162853585,-367.066957151766,697.8003551490228,-331.40601955937433,-0.672621562117484
17.04,-6.031943989144461e-23,-3.0795943748917835e-22,0.0,-2.006295168103793,1.0000205650750569,-0.00029390226851831015,-0.00029103384533105906,-1.2038464635477044,0.2328918277105579,-0.029045364162853585,-367.066957151766,697.8003551490228,-331.40601955937433,-0.672621562117484
17.06,-5.696465388220238e-23,-2.904491446306385e-22,0.0,-2.006295168103793,1.0000205650750569,-0.00029390226851831015,-0.00029103384533105906,-1.2038464635477044,0.2328918277105579,-0.029045364162853585,-367.066957151766,697.8003551490228,-331.40601955937433,-0.672621562117484
17.080000000000002,-5.379464879008509e-23,-2.739265208207336e-22,0.0,-2.006295168103793,1.0000205650750569,-0.00029390226851831015,-0.00029103384533105906,-1.2038464635477044,0.2328918277105579,-0.029045364162853585,-367.066957151766,697.8003551490228,-331.40601955937433,-0.672621562117484
17.1,-5.0799356253517066e-23,-2.5833632830810063e-22,0.0,-2.006295168103793,1.0000205650750569,-0.00029390226851831015,-0.00029103384533105906,-1.2038464635477044,0.2328918277105579,-0.029045364162853585,-367.066957151766,697.8003551490228,-331.40601955937433,-0.672621562117484
17.12,-4.796924981931268e-23,-2.436263904225317e-22,0.0,-2.006295168103793,1.0000205650750569,-0.00029390226851831015,-0.00029103384533105906,-1.2038464635477044,0.2328918277105579,-0.029045364162853585,-367.066957151766,697.8003551490228,-331.40601955937433,-0.672621562117484
17.14,-4.5295316190331623e-23,-2.297474236447119e-22,0.0,-2.006295168103793,1.0000205650750569,-0.00029390226851831015,-0.00029103384533105906,-1.2038464635477044,0.2328918277105579,-0.029045364162853585,-367.066957151766,697.8003551490228,-331.40601955937433,-0.672621562117484
17.16,-4.276902797266238e-23,-2.1665287878295906e-22,0.0,-2.006295168103793,1.0000205650750569,-0.00029390226851831015,-0.00029103384533105906,-1.2038464635477044,0.2328918277105579,-0.029045364162853585,-367.066957151766,697.8003551490228,-331.40601955937433,-0.672621562117484
17.18,-4.0382317845784786e-23,-2.0429879077186177e-22,0.0,-2.006295168103793,1.0000205650750569,-0.00029390226851831015,-0.00029103384533105906,-1.2038464635477044,0.2328918277105579,-0.029045364162853585,-367.066957151766,697.8003551490228,-331.40601955937433,-0.672621562117484
17.2,-3.8127554082960246e-23,-1.9264363663034547e-22,0.0,-2.006295168103793,1.0000205650750569,-0.00029390226851831015,-0.00029103384533105906,-1.2038464635477044,0.2328918277105579,-0.029045364162853585,-367.066957151766,697.8003551490228,-331.40601955937433,-0.672621562117484
17.22,-3.5997517352717806e-23,-1.8164820114148505e-22,0.0,-2.006295168103793,1.0000205650750569,-0.00029390226851831015,-0.00029103384533105906,-1.2038464635477044,0.2328918277105579,-0.029045364162853585,-367.066957151766,697.8003551490228,-331.40601955937433,-0.672621562117484
17.240000000000002,-3.398537873575007e-23,-1.7127544983947105e-22,0.0,-2.006295168103793,1.0000205650750569,-0.00029390226851831015,-0.00029103384533105906,-1.2038464635477044,0.2328918277105579,-0.029045364162853585,-367.066957151766,697.8003551490228,-331.40601955937433,-0.672621562117484
17.26,-3.2084678894815687e-23,-1.6149040891194513e-22,0.0,-2.006295168103793,1.0000205650750569,-0.00029390226851831015,-0.00029103384533105906,-1.2038464635477044,0.2328918277105579,-0.029045364162853585,-367.066957151766,697.8003551490228,-331.40601955937433,-0.672621562117484
17.28,-3.0289308338359793e-23,-1.5226005164347049e-22,0.0,-2.006295168103793,1.0000205650750569,-0.00029390226851831015,-0.00029103384533105906,-1.2038464635477044,0.2328918277105579,-0.029045364162853585,-367.066957151766,697.8003551490228,-331.40601955937433,-0.672621562117484
17.3,-2.859348872154821e-23,-1.4355319105195015e-22,0.0,-2.006295168103793,1.0000205650750569,-0.00029390226851831015,-0.00029103384533105906,-1.2038464635477044,0.2328918277105579,-0.029045364162853585,-367.066957151766,697.8003551490228,-331.40601955937433,-0.672621562117484
17.32,-2.6991755131225785e-23,-1.3534037838106077e-22,0.0,-2.006295168103793,1.0000205650750569,-0.00029390226851831015,-0.00029103384533105906,-1.2038464635477044,0.2328918277105579,-0.029045364162853585,-367.066957151766,697.8003551490228,-331.40601955937433,-0.672621562117484
17.34,-2.547893930400713e-23,-1.2759380713469137e-22,0.0,-2.006295168103793,1.0000205650750569,-0.00029390226851831015,-0.00029103384533105906,-1.2038464635477044,0.2328918277105579,-0.029045364162853585,-367.066957151766,697.8003551490228,-331.40601955937433,-0.672621562117484
17.36,-2.405015372926508e-23,-1.2028722235413973e-22,0.0,-2.006295168103793,1.0000205650750569,-0.00029390226851831015,-0.00029103384533105906,-1.2038464635477044,0.2328918277105579,-0.029045364162853585,-367.066957151766,697.8003551490228,-331.40601955937433,-0.672621562117484
17.38,-2.2700776591216745e-23,-1.133958348549787e-22,0.0,-2.006295168103793,1.0000205650750569,-0.00029390226851831015,-0.00029103384533105906,-1.2038464635477044,0.2328918277105579,-0.029045364162853585,-367.066957151766,697.8003551490228,-331.40601955937433,-0.672621562117484
17.400000000000002,-2.1426437506622543e-23,-1.0689624015559973e-22,0.0,-2.006295168103793,1.0000205650750569,-0.00029390226851831015,-0.00029103384533105906,-1.2038464635477044,0.2328918277105579,-0.029045364162853585,-367.066957151766,697.8003551490228,-331.40601955937433,-0.672621562117484
17.42,-2.0223004016816912e-23,-1.007663418442716e-22,0.0,-2.006295168103793,1.0000205650750569,-0.00029390226851831015,-0.00029103384533105906,-1.2038464635477044,0.2328918277105579,-0.029045364162853585,-367.066957151766,697.8003551490228,-331.40601955937433,-0.672621562117484
17.44,-1.9086568794878653e-23,-9.498527914301523e-23,0.0,-2.006295168103793,1.0000205650750569,-0.00029390226851831015,-0.00029103384533105906,-1.2038464635477044,0.2328918277105579,-0.029045364162853585,-367.066957151766,697.8003551490228,-331.40601955937433,-0.672621562117484
17.46,-1.8013437530747457e-23,-8.953335844339059e-23,0.0,-2.006295168103793,1.0000205650750569,-0.00029390226851831015,-0.00029103384533105906,-1.2038464635477044,0.2328918277105579,-0.029045364162853585,-367.066957151766,697.8003551490228,-331.40601955937433,-0.672621562117484
17.48,-1.7000117458977986e-23,-8.439198859688322e-23,0.0,-2.006295168103793,1.0000205650750569,-0.00029390226851831015,-0.00029103384533105906,-1.2038464635477044,0.2328918277105579,-0.029045364162853585,-367.066957151766,697.8003551490228,-331.40601955937433,-0.672621562117484
17.5,-1.6043306495626303e-23,-7.954361975721633e-23,0.0,-2.006295168103793,1.0000205650750569,-0.00029390226851831015,-0.00029103384533105906,-1.2038464635477044,0.2328918277105579,-0.029045364162853585,-367.066957151766,697.8003551490228,-331.40601955937433,-0.672621562117484
17.52,-1.5139882952472143e-23,-7.497168558166913e-23,0.0,-2.006295168103793,1.0000205650750569,-0.00029390226851831015,-0.00029103384533105906,-1.2038464635477044,0.2328918277105579,-0.029045364162853585,-367.066957151766,697.8003551490228,-331.40601955937433,-0.672621562117484
17.54,-1.428689579840561e-23,-7.066054860892368e-23,0.0,-2.006295168103793,1.0000205650750569,-0.00029390226851831015,-0.00029103384533105906,-1.2038464635477044,0.2328918277105579,-0.029045364162853585,-367.066957151766,697.8003551490228,-331.40601955937433,-0.672621562117484
17.56,-1.3481555439351154e-23,-6.659544864078979e-23,0.0,-2.006295168103793,1.0000205650750569,-0.00029390226851831015,-0.00029103384533105906,-1.2038464635477044,0.2328918277105579,-0.029045364162853585,-367.066957151766,697.8003551490228,-331.40601955937433,-0.672621562117484
17.580000000000002,-1.27212249895689e-23,-6.276245396438845e-23,0.0,-2.006295168103793,1.0000205650750569,-0.00029390226851831015,-0.00029103384533105906,-1.2038464635477044,0.2328918277105579,-0.029045364162853585,-367.066957151766,697.8003551490228,-331.40601955937433,-0.672621562117484
17.6,-1.2003412008568329e-23,-5.914841526047849e-23,0.0,-2.006295168103793,1.0000205650750569,-0.00029390226851831015,-0.00029103384533105906,-1.2038464635477044,0.2328918277105579,-0.029045364162853585,-367.066957151766,697.8003551490228,-331.40601955937433,-0.672621562117484
17.62,-1.1325760679190859e-23,-5.574092205072676e-23,0.0,-2.006295168103793,1.0000205650750569,-0.00029390226851831015,-0.00029103384533105906,-1.2038464635477044,0.2328918277105579,-0.029045364162853585,-367.066957151766,697.8003551490228,-331.40601955937433,-0.672621562117484
17.64,-1.0686044403680622e-23,-5.252826154691843e-23,0.0,-2.006295168103793,1.0000205650750569,-0.00029390226851831015,-0.00029103384533105906,-1.2038464635477044,0.2328918277105579,-0.029045364162853585,-367.066957151766,697.8003551490228,-331.40601955937433,-0.672621562117484
17.66,-1.0082158795752825e-23,-4.9499379769853373e-23,0.0,-2.006295168103793,1.0000205650750569,-0.00029390226851831015,-0.00029103384533105906,-1.2038464635477044,0.2328918277105579,-0.029045364162853585,-367.066957151766,697.8003551490228,-331.40601955937433,-0.672621562117484
17.68,-9.512115047806638e-24,-4.66438448146229e-23,0.0,-2.006295168103793,1.0000205650750569,-0.00029390226851831015,-0.00029103384533105906,-1.2038464635477044,0.2328918277105579,-0.029045364162853585,-367.066957151766,697.8003551490228,-331.40601955937433,-0.672621562117484
17.7,-8.974033653506308e-24,-4.395181214493194e-23,0.0,-2.006295168103793,1.0000205650750569,-0.00029390226851831015,-0.00029103384533105906,-1.2038464635477044,0.2328918277105579,-0.029045364162853585,-367.066957151766,697.8003551490228,-331.40601955937433,-0.672621562117484
17.72,-8.466138466977551e-24,-4.1413991805522306e-23,0.0,-2.006295168103793,1.0000205650750569,-0.00029390226851831015,-0.00029103384533105906,-1.2038464635477044,0.2328918277105579,-0.029045364162853585,-367.066957151766,697.8003551490228,-331.40601955937433,-0.672621562117484
17.740000000000002,-7.986751080837741e-24,-3.902161744778785e-23,0.0,-2.006295168103793,1.0000205650750569,-0.00029390226851831015,-0.00029103384533105906,-1.2038464635477044,0.2328918277105579,-0.029045364162853585,-367.066957151766,697.8003551490228,-331.40601955937433,-0.672621562117484
17.76,-7.534285506201346e-24,-3.676641706951673e-23,0.0,-2.006295168103793,1.0000205650750569,-0.00029390226851831015,-0.00029103384533105906,-1.2038464635477044,0.2328918277105579,-0.029045364162853585,-367.066957151766,697.8003551490228,-331.40601955937433,-0.672621562117484
17.78,-7.107243138675894e-24,-3.46405853743082e-23,0.0,-2.006295168103793,1.0000205650750569,-0.00029390226851831015,-0.00029103384533105906,-1.2038464635477044,0.2328918277105579,-0.029045364162853585,-367.066957151766,697.8003551490228,-331.40601955937433,-0.672621562117484
17.8,-6.704207995197863e-24,-3.2636757662790186e-23,0.0,-2.006295168103793,1.0000205650750569,-0.00029390226851831015,-0.00029103384533105906,-1.2038464635477044,0.2328918277105579,-0.029045364162853585,-367.066957151766,697.8003551490228,-331.40601955937433,-0.672621562117484
17.82,-6.323842207343798e-24,-3.074798517083551e-23,0.0,-2.006295168103793,1.0000205650750569,-0.00029390226851831015,-0.00029103384533105906,-1.2038464635477044,0.2328918277105579,-0.029045364162853585,-367.066957151766,697.8003551490228,-331.40601955937433,-0.672621562117484
17.84,-5.964881757502352e-24,-2.896771177574576e-23,0.0,-2.006295168103793,1.0000205650750569,-0.00029390226851831015,-0.00029103384533105906,-1.2038464635477044,0.2328918277105579,-0.029045364162853585,-367.066957151766,697.8003551490228,-331.40601955937433,-0.672621562117484
17.86,-5.626132445002914e-24,-2.728975199521013e-23,0.0,-2.006295168103793,1.0000205650750569,-0.00029390226851831015,-0.00029103384533105906,-1.2038464635477044,0.2328918277105579,-0.029045364162853585,-367.066957151766,697.8003551490228,-331.40601955937433,-0.672621562117484
17.88,-5.306466069970726e-24,-2.5708270207993714e-23,0.0,-2.006295168103793,1.0000205650750569,-0.00029390226851831015,-0.00029103384533105906,-1.2038464635477044,0.2328918277105579,-0.029045364162853585,-367.066957151766,697.8003551490228,-331.40601955937433,-0.672621562117484
17.900000000000002,-5.004816823318053e-24,-2.4217761029160202e-23,0.0,-2.006295168103793,1.0000205650750569,-0.00029390226851831015,-0.00029103384533105906,-1.2038464635477044,0.2328918277105579,-0.029045364162853585,-367.066957151766,697.8003551490228,-331.40601955937433,-0.672621562117484
17.92,-4.7201778718882266e-24,-2.2813030776439586e-23,0.0,-2.006295168103793,1.0000205650750569,-0.00029390226851831015,-0.00029103384533105906,-1.2038464635477044,0.2328918277105579,-0.029045364162853585,-367.066957151766,697.8003551490228,-331.40601955937433,-0.672621562117484
17.94,-4.451598128344068e-24,-2.148917996729014e-23,0.0,-2.006295168103793,1.0000205650750569,-0.00029390226851831015,-0.00029103384533105906,-1.2038464635477044,0.2328918277105579,-0.029045364162853585,-367.066957151766,697.8003551490228,-331.40601955937433,-0.672621562117484
17.96,-4.1981791959402476e-24,-2.0241586790455055e-23,0.0,-2.006295168103793,1.0000205650750569,-0.00029390226851831015,-0.00029103384533105906,-1.2038464635477044,0.2328918277105579,-0.029045364162853585,-367.066957151766,697.8003551490228,-331.40601955937433,-0.672621562117484
17.98,-3.959072478835367e-24,-1.9065891497782163e-23,0.0,-2.006295168103793,1.0000205650750569,-0.00029390226851831015,-0.00029103384533105906,-1.2038464635477044,0.2328918277105579,-0.029045364162853585,-367.066957151766,697.8003551490228,-331.40601955937433,-0.672621562117484
18.0,-3.733476449092027e-24,-1.7957981665790563e-23,0.0,-2.006295168103793,1.0000205650750569,-0.00029390226851831015,-0.00029103384533105906,-1.2038464635477044,0.2328918277105579,-0.029045364162853585,-367.066957151766,697.8003551490228,-331.40601955937433,-0.672621562117484
18.02,-3.5206340619788535e-24,-1.6913978278934327e-23,0.0,-2.006295168103793,1.0000205650750569,-0.00029390226851831015,-0.00029103384533105906,-1.2038464635477044,0.2328918277105579,-0.029045364162853585,-367.066957151766,697.8003551490228,-331.40601955937433,-0.672621562117484
18.04,-3.31983031163047e-24,-1.5930222589182368e-23,0.0,-2.006295168103793,1.0000205650750569,-0.00029390226851831015,-0.00029103384533105906,-1.2038464635477044,0.2328918277105579,-0.029045364162853585,-367.066957151766,697.8003551490228,-331.40601955937433,-0.672621562117484
18.06,-3.130389919540492e-24,-1.500326370901038e-23,0.0,-2.006295168103793,1.0000205650750569,-0.00029390226851831015,-0.00029103384533105906,-1.2038464635477044,0.2328918277105579,-0.029045364162853585,-367.066957151766,697.8003551490228,-331.40601955937433,-0.672621562117484
18.080000000000002,-2.951675148760013e-24,-1.41298468972489e-23,0.0,-2.006295168103793,1.0000205650750569,-0.00029390226851831015,-0.00029103384533105906,-1.2038464635477044,0.2328918277105579,-0.029045364162853585,-367.066957151766,697.8003551490228,-331.40601955937433,-0.672621562117484
18.1,-2.7830837370510426e-24,-1.330690249952163e-23,0.0,-2.006295168103793,1.0000205650750569,-0.00029390226851831015,-0.00029103384533105906,-1.2038464635477044,0.2328918277105579,-0.029045364162853585,-367.066957151766,697.8003551490228,-331.40601955937433,-0.672621562117484
18.12,-2.624046942600932e-24,-1.253153550682378e-23,0.0,-2.006295168103793,1.0000205650750569,-0.00029390226851831015,-0.00029103384533105906,-1.2038464635477044,0.2328918277105579,-0.029045364162853585,-367.066957151766,697.8003551490228,-331.40601955937433,-0.672621562117484
18.14,-2.474027696243599e-24,-1.1801015698336427e-23,0.0,-2.006295168103793,1.0000205650750569,-0.00029390226851831015,-0.00029103384533105906,-1.2038464635477044,0.2328918277105579,-0.029045364162853585,-367.066957151766,697.8003551490228,-331.40601955937433,-0.672621562117484
18.16,-2.3325188544532798e-24,-1.111276833579455e-23,0.0,-2.006295168103793,1.0000205650750569,-0.00029390226851831015,-0.00029103384533105906,-1.2038464635477044,0.2328918277105579,-0.029045364162853585,-367.066957151766,697.8003551490228,-331.40601955937433,-0.672621562117484
18.18,-2.1990415476814873e-24,-1.0464365378963168e-23,0.0,-2.006295168103793,1.0000205650750569,-0.00029390226851831015,-0.00029103384533105906,-1.2038464635477044,0.2328918277105579,-0.029045364162853585,-367.066957151766,697.8003551490228,-331.40601955937433,-0.672621562117484
18.2,-2.0731436188960896e-24,-9.853517193280781e-24,0.0,-2.006295168103793,1.0000205650750569,-0.00029390226851831015,-0.00029103384533105906,-1.2038464635477044,0.2328918277105579,-0.029045364162853585,-367.066957151766,697.8003551490228,-331.40601955937433,-0.672621562117484
18.22,-1.954398147454803e-24,-9.278064722339333e-24,0.0,-2.006295168103793,1.0000205650750569,-0.00029390226851831015,-0.00029103384533105906,-1.2038464635477044,0.2328918277105579,-0.029045364162853585,-367.066957151766,697.8003551490228,-331.40601955937433,-0.672621562117484
18.240000000000002,-1.8424020537044405e-24,-8.735972099368866e-24,0.0,-2.006295168103793,1.0000205650750569,-0.00029390226851831015,-0.00029103384533105906,-1.2038464635477044,0.2328918277105579,-0.029045364162853585,-367.066957151766,697.8003551490228,-331.40601955937433,-0.672621562117484
18.26,-1.7367747799429167e-24,-8.225319673376139e-24,0.0,-2.006295168103793,1.0000205650750569,-0.00029390226851831015,-0.00029103384533105906,-1.2038464635477044,0.2328918277105579,-0.029045364162853585,-367.066957151766,697.8003551490228,-331.40601955937433,-0.672621562117484
18.28,-1.6371570436132069e-24,-7.744297426732394e-24,0.0,-2.006295168103793,1.0000205650750569,-0.00029390226851831015,-0.00029103384533105906,-1.2038464635477044,0.2328918277105579,-0.029045364162853585,-367.066957151766,697.8003551490228,-331.40601955937433,-0.672621562117484
18.3,-1.5432096588196185e-24,-7.291198762642582e-24,0.0,-2.006295168103793,1.0000205650750569,-0.00029390226851831015,-0.00029103384533105906,-1.2038464635477044,0.2328918277105579,-0.029045364162853585,-367.066957151766,697.8003551490228,-331.40601955937433,-0.672621562117484
18.32,-1.454612422464877e-24,-6.864414641709106e-24,0.0,-2.006295168103793,1.0000205650750569,-0.00029390226851831015,-0.00029103384533105906,-1.2038464635477044,0.2328918277105579,-0.029045364162853585,-367.066957151766,697.8003551490228,-331.40601955937433,-0.672621562117484
18.34,-1.3710630615048169e-24,-6.4624280482345196e-24,0.0,-2.006295168103793,1.0000205650750569,-0.00029390226851831015,-0.00029103384533105906,-1.2038464635477044,0.2328918277105579,-0.029045364162853585,-367.066957151766,697.8003551490228,-331.40601955937433,-0.672621562117484
18.36,-1.2922762380047966e-24,-6.083808767860752e-24,0.0,-2.006295168103793,1.0000205650750569,-0.00029390226851831015,-0.00029103384533105906,-1.2038464635477044,0.2328918277105579,-0.029045364162853585,-367.066957151766,697.8003551490228,-331.40601955937433,-0.672621562117484
18.38,-1.2179826088595617e-24,-5.727208459181415e-24,0.0,-2.006295168103793,1.0000205650750569,-0.00029390226851831015,-0.00029103384533105906,-1.2038464635477044,0.2328918277105579,-0.029045364162853585,-367.066957151766,697.8003551490228,-331.40601955937433,-0.672621562117484
18.400000000000002,-1.1479279372064778e-24,-5.3913560029168405e-24,0.0,-2.006295168103793,1.0000205650750569,-0.00029390226851831015,-0.00029103384533105906,-1.2038464635477044,0.2328918277105579,-0.029045364162853585,-367.066957151766,697.8003551490228,-331.40601955937433,-0.672621562117484
18.42,-1.08187225272148e-24,-5.075053113183949e-24,0.0,-2.006295168103793,1.0000205650750569,-0.00029390226851831015,-0.00029103384533105906,-1.2038464635477044,0.2328918277105579,-0.029045364162853585,-367.066957151766,697.8003551490228,-331.40601955937433,-0.672621562117484
18.44,-1.019589058137732e-24,-4.7771701961315525e-24,0.0,-2.006295168103793,1.0000205650750569,-0.00029390226851831015,-0.00029103384533105906,-1.2038464635477044,0.2328918277105579,-0.029045364162853585,-367.066957151766,697.8003551490228,-331.40601955937433,-0.672621562117484
18.46,-9.608645794703641e-25,-4.496642442247153e-24,0.0,-2.006295168103793,1.0000205650750569,-0.00029390226851831015,-0.00029103384533105906,-1.2038464635477044,0.2328918277105579,-0.029045364162853585,-367.066957151766,697.8003551490228,-331.40601955937433,-0.672621562117484
18.48,-9.054970575655776e-25,-4.232466139149135e-24,0.0,-2.006295168103793,1.0000205650750569,-0.00029390226851831015,-0.00029103384533105906,-1.2038464635477044,0.2328918277105579,-0.029045364162853585,-367.066957151766,697.8003551490228,-331.40601955937433,-0.672621562117484
18.5,-8.532960787208406e-25,-3.9836951925820096e-24,0.0,-2.006295168103793,1.0000205650750569,-0.00029390226851831015,-0.00029103384533105906,-1.2038464635477044,0.2328918277105579,-0.029045364162853585,-367.066957151766,697.8003551490228,-331.40601955937433,-0.672621562117484
18.52,-8.040819422442155e-25,-3.749437843946417e-24,0.0,-2.006295168103793,1.0000205650750569,-0.00029390226851831015,-0.00029103384533105906,-1.2038464635477044,0.2328918277105579,-0.029045364162853585,-367.066957151766,697.8003551490228,-331.40601955937433,-0.672621562117484
18.54,-7.576850629357901e-25,-3.5288535733546505e-24,0.0,-2.006295168103793,1.0000205650750569,-0.00029390226851831015,-0.00029103384533105906,-1.2038464635477044,0.2328918277105579,-0.029045364162853585,-367.066957151766,697.8003551490228,-331.40601955937433,-0.672621562117484
18.56,-7.13945406583024e-25,-3.321150177812485e-24,0.0,-2.006295168103793,1.0000205650750569,-0.00029390226851831015,-0.00029103384533105906,-1.2038464635477044,0.2328918277105579,-0.029045364162853585,-367.066957151766,697.8003551490228,-331.40601955937433,-0.672621562117484
18.580000000000002,-6.727119566648434e-25,-3.125581014703583e-24,0.0,-2.006295168103793,1.0000205650750569,-0.00029390226851831015,-0.00029103384533105906,-1.2038464635477044,0.2328918277105579,-0.029045364162853585,-367.066957151766,697.8003551490228,-331.40601955937433,-0.672621562117484
18.6,-6.338422105569188e-25,-2.9414424013206764e-24,0.0,-2.006295168103793,1.0000205650750569,-0.00029390226851831015,-0.00029103384533105906,-1.2038464635477044,0.2328918277105579,-0.029045364162853585,-367.066957151766,697.8003551490228,-331.40601955937433,-0.672621562117484
18.62,-5.972017036227541e-25,-2.768071161631047e-24,0.0,-2.006295168103793,1.0000205650750569,-0.00029390226851831015,-0.00029103384533105906,-1.2038464635477044,0.2328918277105579,-0.029045364162853585,-367.066957151766,697.8003551490228,-331.40601955937433,-0.672621562117484
18.64,-5.626635596628954e-25,-2.6048423120857166e-24,0.0,-2.006295168103793,1.0000205650750569,-0.00029390226851831015,-0.00029103384533105906,-1.2038464635477044,0.2328918277105579,-0.029045364162853585,-367.066957151766,697.8003551490228,-331.40601955937433,-0.672621562117484
18.66,-5.301080662770636e-25,-2.4511668785898595e-24,0.0,-2.006295168103793,1.0000205650750569,-0.00029390226851831015,-0.00029103384533105906,-1.2038464635477044,0.2328918277105579,-0.029045364162853585,-367.066957151766,697.8003551490228,-331.40601955937433,-0.672621562117484
18.68,-4.994222737724925e-25,-2.3064898372915886e-24,0.0,-2.006295168103793,1.0000205650750569,-0.00029390226851831015,-0.00029103384533105906,-1.2038464635477044,0.2328918277105579,-0.029045364162853585,-367.066957151766,697.8003551490228,-331.40601955937433,-0.672621562117484
18.7,-4.704996163258473e-25,-2.170288172218146e-24,0.0,-2.006295168103793,1.0000205650750569,-0.00029390226851831015,-0.00029103384533105906,-1.2038464635477044,0.2328918277105579,-0.029045364162853585,-367.066957151766,697.8003551490228,-331.40601955937433,-0.672621562117484
18.72,-4.432395541762729e-25,-2.0420690431825725e-24,0.0,-2.006295168103793,1.0000205650750569,-0.00029390226851831015,-0.00029103384533105906,-1.2038464635477044,0.2328918277105579,-0.029045364162853585,-367.066957151766,697.8003551490228,-331.40601955937433,-0.672621562117484
18.740000000000002,-4.175472356935256e-25,-1.92136805774893e-24,0.0,-2.006295168103793,1.0000205650750569,-0.00029390226851831015,-0.00029103384533105906,-1.2038464635477044,0.2328918277105579,-0.029045364162853585,-367.066957151766,697.8003551490228,-331.40601955937433,-0.672621562117484
18.76,-3.9333317822801954e-25,-1.8077476414047945e-24,0.0,-2.006295168103793,1.0000205650750569,-0.00029390226851831015,-0.00029103384533105906,-1.2038464635477044,0.2328918277105579,-0.029045364162853585,-367.066957151766,697.8003551490228,-331.40601955937433,-0.672621562117484
18.78,-3.70512966708997e-25,-1.7007955003733627e-24,0.0,-2.006295168103793,1.0000205650750569,-0.00029390226851831015,-0.00029103384533105906,-1.2038464635477044,0.2328918277105579,-0.029045364162853585,-367.066957151766,697.8003551490228,-331.40601955937433,-0.672621562117484
18.8,-3.490069690134695e-25,-1.6001231718889931e-24,0.0,-2.006295168103793,1.0000205650750569,-0.00029390226851831015,-0.00029103384533105906,-1.2038464635477044,0.2328918277105579,-0.029045364162853585,-367.066957151766,697.8003551490228,-331.40601955937433,-0.672621562117484
18.82,-3.2874006718166975e-25,-1.505364656957855e-24,0.0,-2.006295168103793,1.0000205650750569,-0.00029390226851831015,-0.00029103384533105906,-1.2038464635477044,0.2328918277105579,-0.029045364162853585,-367.066957151766,697.8003551490228,-331.40601955937433,-0.672621562117484
18.84,-3.0964140360523223e-25,-1.416175130967579e-24,0.0,-2.006295168103793,1.0000205650750569,-0.00029390226851831015,-0.00029103384533105906,-1.2038464635477044,0.2328918277105579,-0.029045364162853585,-367.066957151766,697.8003551490228,-331.40601955937433,-0.672621562117484
18.86,-2.9164414136196467e-25,-1.3322297277440602e-24,0.0,-2.006295168103793,1.0000205650750569,-0.00029390226851831015,-0.00029103384533105906,-1.2038464635477044,0.2328918277105579,-0.029045364162853585,-367.066957151766,697.8003551490228,-331.40601955937433,-0.672621562117484
18.88,-2.746852379161783e-25,-1.253222392905188e-24,0.0,-2.006295168103793,1.0000205650750569,-0.00029390226851831015,-0.00029103384533105906,-1.2038464635477044,0.2328918277105579,-0.029045364162853585,-367.066957151766,697.8003551490228,-331.40601955937433,-0.672621562117484
18.900000000000002,-2.5870523144621214e-25,-1.1788648025919805e-24,0.0,-2.006295168103793,1.0000205650750569,-0.00029390226851831015,-0.00029103384533105906,-1.2038464635477044,0.2328918277105579,-0.029045364162853585,-367.066957151766,697.8003551490228,-331.40601955937433,-0.672621562117484
18.92,-2.4364803910117195e-25,-1.1088853438857294e-24,0.0,-2.006295168103793,1.0000205650750569,-0.00029390226851831015,-0.00029103384533105906,-1.2038464635477044,0.2328918277105579,-0.029045364162853585,-367.066957151766,697.8003551490228,-331.40601955937433,-0.672621562117484
18.94,-2.2946076652703002e-25,-1.0430281534001565e-24,0.0,-2.006295168103793,1.0000205650750569,-0.00029390226851831015,-0.00029103384533105906,-1.2038464635477044,0.2328918277105579,-0.029045364162853585,-367.066957151766,697.8003551490228,-331.40601955937433,-0.672621562117484
18.96,-2.1609352803845273e-25,-9.810522107848406e-25,0.0,-2.006295168103793,1.0000205650750569,-0.00029390226851831015,-0.00029103384533105906,-1.2038464635477044,0.2328918277105579,-0.029045364162853585,-367.066957151766,697.8003551490228,-331.40601955937433,-0.672621562117484
18.98,-2.0349927684678954e-25,-9.227304840022117e-25,0.0,-2.006295168103793,1.0000205650750569,-0.00029390226851831015,-0.00029103384533105906,-1.2038464635477044,0.2328918277105579,-0.029045364162853585,-367.066957151766,697.8003551490228,-331.40601955937433,-0.672621562117484
19.0,-1.9163364478702982e-25,-8.678491234562128e-25,0.0,-2.006295168103793,1.0000205650750569,-0.00029390226851831015,-0.00029103384533105906,-1.2038464635477044,0.2328918277105579,-0.029045364162853585,-367.066957151766,697.8003551490228,-331.40601955937433,-0.672621562117484
19.02,-1.8045479101708175e-25,-8.1620670219982095e-25,0.0,-2.006295168103793,1.0000205650750569,-0.00029390226851831015,-0.00029103384533105906,-1.2038464635477044,0.2328918277105579,-0.029045364162853585,-367.066957151766,697.8003551490228,-331.40601955937433,-0.672621562117484
19.04,-1.699232591916352e-25,-7.676134996071214e-25,0.0,-2.006295168103793,1.0000205650750569,-0.00029390226851831015,-0.00029103384533105906,-1.2038464635477044,0.2328918277105579,-0.029045364162853585,-367.066957151766,697.8003551490228,-331.40601955937433,-0.672621562117484
19.06,-1.6000184264020917e-25,-7.21890826042356e-25,0.0,-2.006295168103793,1.0000205650750569,-0.00029390226851831015,-0.00029103384533105906,-1.2038464635477044,0.2328918277105579,-0.029045364162853585,-367.066957151766,697.8003551490228,-331.40601955937433,-0.672621562117484
19.080000000000002,-1.506554571048354e-25,-6.788703861973733e-25,0.0,-2.006295168103793,1.0000205650750569,-0.00029390226851831015,-0.00029103384533105906,-1.2038464635477044,0.2328918277105579,-0.029045364162853585,-367.066957151766,697.8003551490228,-331.40601955937433,-0.672621562117484
19.1,-1.4185102061728928e-25,-6.383936789042685e-25,0.0,-2.006295168103793,1.0000205650750569,-0.00029390226851831015,-0.00029103384533105906,-1.2038464635477044,0.2328918277105579,-0.029045364162853585,-367.066957151766,697.8003551490228,-331.40601955937433,-0.672621562117484
19.12,-1.335573401188621e-25,-6.003114313381901e-25,0.0,-2.006295168103793,1.0000205650750569,-0.00029390226851831015,-0.00029103384533105906,-1.2038464635477044,0.2328918277105579,-0.029045364162853585,-367.066957151766,697.8003551490228,-331.40601955937433,-0.672621562117484
19.14,-1.2574500444758672e-25,-5.644830656720499e-25,0.0,-2.006295168103793,1.0000205650750569,-0.00029390226851831015,-0.00029103384533105906,-1.2038464635477044,0.2328918277105579,-0.029045364162853585,-367.066957151766,697.8003551490228,-331.40601955937433,-0.672621562117484
19.16,-1.1838628333844024e-25,-5.307761963212484e-25,0.0,-2.006295168103793,1.0000205650750569,-0.00029390226851831015,-0.00029103384533105906,-1.2038464635477044,0.2328918277105579,-0.029045364162853585,-367.066957151766,697.8003551490228,-331.40601955937433,-0.672621562117484
19.18,-1.1145503210162213e-25,-4.990661560438842e-25,0.0,-2.006295168103793,1.0000205650750569,-0.00029390226851831015,-0.00029103384533105906,-1.2038464635477044,0.2328918277105579,-0.029045364162853585,-367.066957151766,697.8003551490228,-331.40601955937433,-0.672621562117484
19.2,-1.0492660166247323e-25,-4.692355492520565e-25,0.0,-2.006295168103793,1.0000205650750569,-0.00029390226851831015,-0.00029103384533105906,-1.2038464635477044,0.2328918277105579,-0.029045364162853585,-367.066957151766,697.8003551490228,-331.40601955937433,-0.672621562117484
19.22,-9.877775366406927e-26,-4.411738309831573e-25,0.0,-2.006295168103793,1.0000205650750569,-0.00029390226851831015,-0.00029103384533105906,-1.2038464635477044,0.2328918277105579,-0.029045364162853585,-367.066957151766,697.8003551490228,-331.40601955937433,-0.672621562117484
19.240000000000002,-9.298658035003557e-26,-4.147769100682397e-25,0.0,-2.006295168103793,1.0000205650750569,-0.00029390226851831015,-0.00029103384533105906,-1.2038464635477044,0.2328918277105579,-0.029045364162853585,-367.066957151766,697.8003551490228,-331.40601955937433,-0.672621562117484
19.26,-8.753242896074713e-26,-3.8994677511954444e-25,0.0,-2.006295168103793,1.0000205650750569,-0.00029390226851831015,-0.00029103384533105906,-1.2038464635477044,0.2328918277105579,-0.029045364162853585,-367.066957151766,697.8003551490228,-331.40601955937433,-0.672621562117484
19.28,-8.239583039081424e-26,-3.6659114202805603e-25,0.0,-2.006295168103793,1.0000205650750569,-0.00029390226851831015,-0.00029103384533105906,-1.2038464635477044,0.2328918277105579,-0.029045364162853585,-367.066957151766,697.8003551490228,-331.40601955937433,-0.672621562117484
19.3,-7.755843186973911e-26,-3.4462312175399237e-25,0.0,-2.006295168103793,1.0000205650750569,-0.00029390226851831015,-0.00029103384533105906,-1.2038464635477044,0.2328918277105579,-0.029045364162853585,-367.066957151766,697.8003551490228,-331.40601955937433,-0.672621562117484
19.32,-7.300293344077802e-26,-3.2396090724149744e-25,0.0,-2.006295168103793,1.0000205650750569,-0.00029390226851831015,-0.00029103384533105906,-1.2038464635477044,0.2328918277105579,-0.029045364162853585,-367.066957151766,697.8003551490228,-331.40601955937433,-0.672621562117484
19.34,-6.871302802552772e-26,-3.045274783691251e-25,0.0,-2.006295168103793,1.0000205650750569,-0.00029390226851831015,-0.00029103384533105906,-1.2038464635477044,0.2328918277105579,-0.029045364162853585,-367.066957151766,697.8003551490228,-331.40601955937433,-0.672621562117484
19.36,-6.467334487352669e-26,-2.8625032390420276e-25,0.0,-2.006295168103793,1.0000205650750569,-0.00029390226851831015,-0.00029103384533105906,-1.2038464635477044,0.2328918277105579,-0.029045364162853585,-367.066957151766,697.8003551490228,-331.40601955937433,-0.672621562117484
19.38,-6.086939620729596e-26,-2.6906117948843777e-25,0.0,-2.006295168103793,1.0000205650750569,-0.00029390226851831015,-0.00029103384533105906,-1.2038464635477044,0.2328918277105579,-0.029045364162853585,-367.066957151766,697.8003551490228,-331.40601955937433,-0.672621562117484
19.400000000000002,-5.728752688376457e-26,-2.5289578073706914e-25,0.0,-2.006295168103793,1.0000205650750569,-0.00029390226851831015,-0.00029103384533105906,-1.2038464635477044,0.2328918277105579,-0.029045364162853585,-367.066957151766,697.8003551490228,-331.40601955937433,-0.672621562117484
19.42,-5.391486690297243e-26,-2.3769363058783656e-25,0.0,-2.006295168103793,1.0000205650750569,-0.00029390226851831015,-0.00029103384533105906,-1.2038464635477044,0.2328918277105579,-0.029045364162853585,-367.066957151766,697.8003551490228,-331.40601955937433,-0.672621562117484
19.44,-5.073928660432624e-26,-2.233977800791705e-25,0.0,-2.006295168103793,1.0000205650750569,-0.00029390226851831015,-0.00029103384533105906,-1.2038464635477044,0.2328918277105579,-0.029045364162853585,-367.066957151766,697.8003551490228,-331.40601955937433,-0.672621562117484
19.46,-4.774935439958626e-26,-2.099546217947712e-25,0.0,-2.006295168103793,1.0000205650750569,-0.00029390226851831015,-0.00029103384533105906,-1.2038464635477044,0.2328918277105579,-0.029045364162853585,-367.066957151766,697.8003551490228,-331.40601955937433,-0.672621562117484
19.48,-4.4934296900129746e-26,-1.9731369524248038e-25,0.0,-2.006295168103793,1.0000205650750569,-0.00029390226851831015,-0.00029103384533105906,-1.2038464635477044,0.2328918277105579,-0.029045364162853585,-367.066957151766,697.8003551490228,-331.40601955937433,-0.672621562117484
19.5,-4.228396130397822e-26,-1.8542750348560878e-25,0.0,-2.006295168103793,1.0000205650750569,-0.00029390226851831015,-0.00029103384533105906,-1.2038464635477044,0.2328918277105579,-0.029045364162853585,-367.066957151766,697.8003551490228,-331.40601955937433,-0.672621562117484
19.52,-3.978877991556308e-26,-1.742513403806226e-25,0.0,-2.006295168103793,1.0000205650750569,-0.00029390226851831015,-0.00029103384533105906,-1.2038464635477044,0.2328918277105579,-0.029045364162853585,-367.066957151766,697.8003551490228,-331.40601955937433,-0.672621562117484
19.54,-3.7439736678282417e-26,-1.6374312781202884e-25,0.0,-2.006295168103793,1.0000205650750569,-0.00029390226851831015,-0.00029103384533105906,-1.2038464635477044,0.2328918277105579,-0.029045364162853585,-367.066957151766,697.8003551490228,-331.40601955937433,-0.672621562117484
19.56,-3.5228335606589425e-26,-1.5386326235040618e-25,0.0,-2.006295168103793,1.0000205650750569,-0.00029390226851831015,-0.00029103384533105906,-1.2038464635477044,0.2328918277105579,-0.029045364162853585,-367.066957151766,697.8003551490228,-331.40601955937433,-0.672621562117484
19.580000000000002,-3.314657101067039e-26,-1.4457447079181892e-25,0.0,-2.006295168103793,1.0000205650750569,-0.00029390226851831015,-0.00029103384533105906,-1.2038464635477044,0.2328918277105579,-0.029045364162853585,-367.066957151766,697.8003551490228,-331.40601955937433,-0.672621562117484
19.6,-3.118689941274178e-26,-1.3584167406898006e-25,0.0,-2.006295168103793,1.0000205650750569,-0.00029390226851831015,-0.00029103384533105906,-1.2038464635477044,0.2328918277105579,-0.029045364162853585,-367.066957151766,697.8003551490228,-331.40601955937433,-0.672621562117484
19.62,-2.9342213059626944e-26,-1.276318590500286e-25,0.0,-2.006295168103793,1.0000205650750569,-0.00029390226851831015,-0.00029103384533105906,-1.2038464635477044,0.2328918277105579,-0.029045364162853585,-367.066957151766,697.8003551490228,-331.40601955937433,-0.672621562117484
19.64,-2.760581494161299e-26,-1.199139577750094e-25,0.0,-2.006295168103793,1.0000205650750569,-0.00029390226851831015,-0.00029103384533105906,-1.2038464635477044,0.2328918277105579,-0.029045364162853585,-367.066957151766,697.8003551490228,-331.40601955937433,-0.672621562117484
19.66,-2.5971395232607294e-26,-1.1265873369837456e-25,0.0,-2.006295168103793,1.0000205650750569,-0.00029390226851831015,-0.00029103384533105906,-1.2038464635477044,0.2328918277105579,-0.029045364162853585,-367.066957151766,697.8003551490228,-331.40601955937433,-0.672621562117484
19.68,-2.4433009071373916e-26,-1.058386745355846e-25,0.0,-2.006295168103793,1.0000205650750569,-0.00029390226851831015,-0.00029103384533105906,-1.2038464635477044,0.2328918277105579,-0.029045364162853585,-367.066957151766,697.8003551490228,-331.40601955937433,-0.672621562117484
19.7,-2.298505560811766e-26,-9.942789133301469e-26,0.0,-2.006295168103793,1.0000205650750569,-0.00029390226851831015,-0.00029103384533105906,-1.2038464635477044,0.2328918277105579,-0.029045364162853585,-367.066957151766,697.8003551490228,-331.40601955937433,-0.672621562117484
19.72,-2.1622258244924574e-26,-9.340202340231447e-26,0.0,-2.006295168103793,1.0000205650750569,-0.00029390226851831015,-0.00029103384533105906,-1.2038464635477044,0.2328918277105579,-0.029045364162853585,-367.066957151766,697.8003551490228,-331.40601955937433,-0.672621562117484
19.740000000000002,-2.0339646002572868e-26,-8.773814878091747e-26,0.0,-2.006295168103793,1.0000205650750569,-0.00029390226851831015,-0.00029103384533105906,-1.2038464635477044,0.2328918277105579,-0.029045364162853585,-367.066957151766,697.8003551490228,-331.40601955937433,-0.672621562117484
19.76,-1.9132535950012884e-26,-8.241469990038194e-26,0.0,-2.006295168103793,1.0000205650750569,-0.00029390226851831015,-0.00029103384533105906,-1.2038464635477044,0.2328918277105579,-0.029045364162853585,-367.066957151766,697.8003551490228,-331.40601955937433,-0.672621562117484
19.78,-1.7996516636382847e-26,-7.741138416032144e-26,0.0,-2.006295168103793,1.0000205650750569,-0.00029390226851831015,-0.00029103384533105906,-1.2038464635477044,0.2328918277105579,-0.029045364162853585,-367.066957151766,697.8003551490228,-331.40601955937433,-0.672621562117484
19.8,-1.692743246880943e-26,-7.270910912707325e-26,0.0,-2.006295168103793,1.0000205650750569,-0.00029390226851831015,-0.00029103384533105906,-1.2038464635477044,0.2328918277105579,-0.029045364162853585,-367.066957151766,697.8003551490228,-331.40601955937433,-0.672621562117484
19.82,-1.592136898242075e-26,-6.8289912087681e-26,0.0,-2.006295168103793,1.0000205650750569,-0.00029390226851831015,-0.00029103384533105906,-1.2038464635477044,0.2328918277105579,-0.029045364162853585,-367.066957151766,697.8003551490228,-331.40601955937433,-0.672621562117484
19.84,-1.497463895201339e-26,-6.4136893708491e-26,0.0,-2.006295168103793,1.0000205650750569,-0.00029390226851831015,-0.00029103384533105906,-1.2038464635477044,0.2328918277105579,-0.029045364162853585,-367.066957151766,697.8003551490228,-331.40601955937433,-0.672621562117484
19.86,-1.408376929765516e-26,-6.023415556071731e-26,0.0,-2.006295168103793,1.0000205650750569,-0.00029390226851831015,-0.00029103384533105906,-1.2038464635477044,0.2328918277105579,-0.029045364162853585,-367.066957151766,697.8003551490228,-331.40601955937433,-0.672621562117484
19.88,-1.3245488739189038e-26,-5.656674128928453e-26,0.0,-2.006295168103793,1.0000205650750569,-0.00029390226851831015,-0.00029103384533105906,-1.2038464635477044,0.2328918277105579,-0.029045364162853585,-367.066957151766,697.8003551490228,-331.40601955937433,-0.672621562117484
19.900000000000002,-1.2456716157137209e-26,-5.312058121394833e-26,0.0,-2.006295168103793,1.0000205650750569,-0.00029390226851831015,-0.00029103384533105906,-1.2038464635477044,0.2328918277105579,-0.029045364162853585,-367.066957151766,697.8003551490228,-331.40601955937433,-0.672621562117484
19.92,-1.1714549619897658e-26,-4.988244016427264e-26,0.0,-2.006295168103793,1.0000205650750569,-0.00029390226851831015,-0.00029103384533105906,-1.2038464635477044,0.2328918277105579,-0.029045364162853585,-367.066957151766,697.8003551490228,-331.40601955937433,-0.672621562117484
19.94,-1.101625603938171e-26,-4.683986836014004e-26,0.0,-2.006295168103793,1.0000205650750569,-0.00029390226851831015,-0.00029103384533105906,-1.2038464635477044,0.2328918277105579,-0.029045364162853585,-367.066957151766,697.8003551490228,-331.40601955937433,-0.672621562117484
19.96,-1.035926141937871e-26,-4.398115516274236e-26,0.0,-2.006295168103793,1.0000205650750569,-0.00029390226851831015,-0.00029103384533105906,-1.2038464635477044,0.2328918277105579,-0.029045364162853585,-367.066957151766,697.8003551490228,-331.40601955937433,-0.672621562117484
19.98,-9.741141662942722e-27,-4.129528552825452e-26,0.0,-2.006295168103793,1.0000205650750569,-0.00029390226851831015,-0.00029103384533105906,-1.2038464635477044,0.2328918277105579,-0.029045364162853585,-367.066957151766,697.8003551490228,-331.40601955937433,-0.672621562117484
