t,y,u,ref,a1_est,a2_est,b1_est,b2_est,Kp,Ki,Kd
0.0,0.1,29.002,0.0,0.0,0.0,0.0,0.0,40.0,1.0,5.0
0.02,0.09186955440269161,1.6460081678686191,0.0,-0.0011330230357571556,-0.0013807058845433408,-0.01651945822374353,0.024737827217718833,40.0,1.0,5.0
0.04,0.07538920677333245,-1.0991734611829695,0.0,-0.0017736820933584693,-0.0021966110560046755,-0.034633716266994255,0.012567086427288154,40.0,1.0,5.0
0.06,0.059223939109140686,-1.6658296976766107,0.0,-0.01720902961825036,-0.020082889089079823,-0.02986032274357954,0.014706942559462727,40.0,1.0,5.0
0.08,0.04423968200004739,-1.9690625496257246,0.0,-0.04816670600556261,-0.05597410181067004,-0.024729436997085342,0.015480496084404004,40.0,1.0,5.0
0.1,0.03059744059978259,-2.1786363296171953,0.0,-0.08539440789778877,-0.09914019626574036,-0.019952525229457164,0.01525597403927841,40.0,1.0,5.0
0.12,0.018362077701762902,-2.3159639784226704,0.0,-0.1215983294374641,-0.14112177400284007,-0.015931405352428256,0.01451505006346456,40.0,1.0,5.0
0.14,0.0075584815702782445,-2.390014962416894,0.0,-0.15353556728982337,-0.17815716504821155,-0.01271305685140172,0.013585485701298973,40.0,1.0,5.0
0.16,-0.0018193815658749488,-2.408732626661473,0.0,-0.18051257652342262,-0.20944138824992933,-0.010185829033971545,0.012639480080473987,40.0,1.0,5.0
0.18,-0.009803497767200398,-2.379856610962899,0.0,-0.2029275220453639,-0.2354357461359083,-0.008205432205127849,0.011752805545829302,40.0,1.0,5.0
0.2,-0.016447340242987215,-2.310870825414573,0.0,-0.22149629927372622,-0.2569701833537017,-0.0066437080263746,0.010951696252270918,40.0,1.0,5.0
0.22,-0.021821676254426253,-2.208904083310278,0.0,-0.23693412368059039,-0.2748739661901806,-0.0053997844215453675,0.010239608347137169,40.0,1.0,5.0
0.24,-0.026010675823226848,-2.0806501689191563,0.0,-0.24985307709332036,-0.2898568244564317,-0.0043979124959204466,0.009610642058609998,40.0,1.0,5.0
0.26,-0.029108354943834264,-1.9323093887940348,0.0,-0.2607460761749156,-0.30249033287662397,-0.003582138136002796,0.009055815883196731,40.0,1.0,5.0
0.28,-0.03121537120394552,-1.7695486314985236,0.0,-0.2700000816823463,-0.3132232136256541,-0.002911215324962072,0.008565825747122929,40.0,1.0,5.0
0.3,-0.03243617729901474,-1.5974770575867645,0.0,-0.27791602479786387,-0.3224044351722243,-0.0023545879897570766,0.008132150700539667,40.0,1.0,5.0
0.32,-0.03287652893125468,-1.4206350377476664,0.0,-0.2847275819022596,-0.3303049795115932,-0.001889427706588761,0.007747407203635386,40.0,1.0,5.0
0.34,-0.032641337270640586,-1.2429943748550074,0.0,-0.29061666304352596,-0.3371358005152737,-0.0014985075006543724,0.00740537718390483,40.0,1.0,5.0
0.36,-0.031832851779688934,-1.0679681546681454,0.0,-0.2957255340902575,-0.34306187966470963,-0.0011686872111284438,0.0071009061609175125,40.0,1.0,5.0
0.38,-0.03054915614406519,-0.8984287761980545,0.0,-0.3001661095446325,-0.34821300134711053,-0.0008898317536809707,0.006829759559905269,40.0,1.0,5.0
0.4,-0.02888295785655669,-0.7367328408836562,0.0,-0.3040270437454323,-0.3526919753707977,-0.0006540319899693882,0.006588474729869289,40.0,1.0,5.0
0.42,-0.026920650379701688,-0.5847516574804243,0.0,-0.3073791694819211,-0.3565809432135681,-0.0004550366320240227,0.0063742228588601355,40.0,1.0,5.0
0.44,-0.0247416255973576,-0.4439061723263371,0.0,-0.3102797174289155,-0.359946270526663,-0.0002878318586550096,0.006184684575419866,40.0,1.0,5.0
0.46,-0.022417813384149478,-0.3152051823496862,0.0,-0.3127756416607842,-0.3628424030454004,-0.00014832520065880182,0.006017938750411873,40.0,1.0,5.0
0.48,-0.02001342455671317,-0.19928574418632206,0.0,-0.3149062868673447,-0.36531495914478573,-3.3104093881227784e-05,0.005872362662301826,40.0,1.0,5.0
0.5,-0.017584873231265098,-0.09645476413008314,0.0,-0.31670556137496103,-0.36740324936444974,6.07508322620855e-05,0.0057465417502541956,40.0,1.0,5.0
0.52,-0.015180854712504152,-0.006730842145676874,0.0,-0.3182037233282229,-0.36914234743778745,0.00013581084888635071,0.005639187932003539,40.0,1.0,5.0
0.54,-0.012842555484468658,0.07011445318469023,0.0,-0.3194288423465034,-0.37056478514115,0.00019441089728684777,0.005549066535287632,40.0,1.0,5.0
0.56,-0.010603972654330435,0.13451658746281497,0.0,-0.32040796394674864,-0.37170190267041736,0.00023873296789117407,0.005474933040498162,40.0,1.0,5.0
0.58,-0.008492321287801658,0.18707992979584848,0.0,-0.3211679788748703,-0.37258485708448585,0.0002708638448766554,0.005415481840275749,40.0,1.0,5.0
0.6,-0.006528509427819892,0.22854195736980987,0.0,-0.32173618523751657,-0.37324527481365083,0.00029282883763986445,0.005369309859131957,40.0,1.0,5.0
0.62,-0.0047276621541672914,0.25974014849053945,0.0,-0.3221405293581702,-0.37371553192000057,0.0003066029407267824,0.0053348979158964905,40.0,1.0,5.0
0.64,-0.0030996777631589786,0.28158180991453663,0.0,-0.32240952221592933,-0.3740286584369392,0.00031410151907631145,0.005310611984900715,40.0,1.0,5.0
0.66,-0.0016498009654949883,0.2950169874657058,0.0,-0.32257185084700574,-0.3742178891864265,0.00031715388213270757,0.005294724983002786,40.0,1.0,5.0
0.68,-0.0003791998621343268,0.3010145240270573,0.0,-0.3226557341815348,-0.37431591832667954,0.0003174646355070299,0.0052854575416780925,40.0,1.0,5.0
0.7000000000000001,0.0007144646860331267,0.3005412564491742,0.0,-0.322688103852935,-0.37435395087809753,0.00031656903372565464,0.005281033792295156,40.0,1.0,5.0
0.72,0.0016364868699548338,0.2945442824820049,0.0,-0.3226937146321155,-0.374360672433774,0.0003157892540765516,0.005279746024424725,40.0,1.0,5.0
0.74,0.002394588771760186,0.28393617980056557,0.0,-0.3226942992293425,-0.37436126998312674,0.0003161982523721212,0.005280020710080476,40.0,1.0,5.0
0.76,0.002998424453613217,0.2695830205756786,0.0,-0.32270787436552967,-0.37437662772980823,0.0003185965720159948,0.005280478201804802,40.0,1.0,5.0
0.78,0.0034591200164577995,0.2522949957376791,0.0,-0.3227482799761372,-0.37442279281033025,0.00032350536569746886,0.005279979498031563,40.0,1.0,5.0
0.8,0.0037888529816148637,0.23281944198171434,0.0,-0.32282499644607204,-0.3745107630174123,0.0003311763853954104,0.005277655584613939,40.0,1.0,5.0
0.8200000000000001,0.004000473121114333,0.21183605060971666,0.0,-0.32294324398373275,-0.3746466013826568,0.0003416173183243571,0.005272917516793454,40.0,1.0,5.0
0.84,0.004107165777916644,0.18995402952307774,0.0,-0.32310433196431587,-0.3748318404359499,0.0003546290379246826,0.0052654480234871435,40.0,1.0,5.0
0.86,0.00412215777348799,0.16771098719366034,0.0,-0.32330620048237285,-0.3750641092920118,0.0003698503527835857,0.0052551775043908075,40.0,1.0,5.0
0.88,0.004058465193680529,0.1455733094605335,0.0,-0.32354408413156577,-0.37533790252819105,0.0003868056961323479,0.005242248565111726,40.0,1.0,5.0
0.9,0.003928681668748316,0.12393780581543212,0.0,-0.32381122837405696,-0.3756454101888375,0.0004049517394384127,0.005226973649922553,40.0,1.0,5.0
0.92,0.0037448052123795045,0.10313441080577757,0.0,-0.3240995985345611,-0.375977339432882,0.0004237198692360945,0.005209790031609988,40.0,1.0,5.0
0.9400000000000001,0.003518101249569133,0.08342973770796416,0.0,-0.3244005362303563,-0.3763236754408773,0.00044255256089545023,0.005191215653265399,40.0,1.0,5.0
0.96,0.0032589991349665976,0.065031295158521,0.0,-0.32470533399288165,-0.3766743476567642,0.00046093269773734555,0.005171808352474573,40.0,1.0,5.0
0.98,0.0029770192324725243,0.048092192470523085,0.0,-0.3250057130781985,-0.37701978393151064,0.00047840568669549804,0.005152130050285995,40.0,1.0,5.0
1.0,0.002680727483495748,0.03271617544044622,0.0,-0.32529420043596335,-0.37735134784437996,0.0004945947651314815,0.00513271669404338,40.0,1.0,5.0
1.02,0.002377714325456781,0.0189628511398489,0.0,-0.32556440809498755,-0.3776616629213523,0.0005092101936454746,0.005114054165393371,40.0,1.0,5.0
1.04,0.002074594823926595,0.006852977102315319,0.0,-0.32581122222101533,-0.3779448321038014,0.0005220531400321358,0.005096560002381839,40.0,1.0,5.0
1.06,0.0017770269414949034,-0.003626292881498794,0.0,-0.32603091063744366,-0.37819656260340684,0.0005330150465218108,0.005080570599096495,40.0,1.0,5.0
1.08,0.0014897449746690396,-0.012516297753583074,0.0,-0.32622115762923487,-0.3784142063202311,0.0005420731993346068,0.005066333481918855,40.0,1.0,5.0
1.1,0.0012166053378502499,-0.01988196861780913,0.0,-0.3263810342496212,-0.3785967253144187,0.0005492831364944175,0.005054004260562056,40.0,1.0,5.0
1.12,0.0009606420522938436,-0.025807199383423664,0.0,-0.32651091179159253,-0.3787445911882596,0.0005547684697641717,0.005043647865735489,40.0,1.0,5.0
1.1400000000000001,0.0007241295001262288,-0.030390535532927827,0.0,-0.32661232598970863,-0.37885962713866167,0.0005587086748984015,0.005035243678832757,40.0,1.0,5.0
1.16,0.0005086502218361441,-0.03374121519071199,0.0,-0.3266878000394213,-0.3789448020614883,0.0005613254210029286,0.005028694114433213,40.0,1.0,5.0
1.18,0.00031516576376801743,-0.035975585142672184,0.0,-0.32674063558375455,-0.3790039873381169,0.0005628680523068091,0.005023836131962869,40.0,1.0,5.0
1.2,0.00014408881434973357,-0.037213904180655843,0.0,-0.326774682162755,-0.3790416885100693,0.0005635988839904095,0.005020455040966648,40.0,1.0,5.0
1.22,-4.644900845722445e-06,-0.03757753713078403,0.0,-0.32679409688375166,-0.3790627655237366,0.0005637790050496993,0.005018299847453473,40.0,1.0,5.0
1.24,-0.0001315062687757615,-0.03718653515700687,0.0,-0.32680310686250685,-0.37907215615304435,0.000563655275069329,0.005017099293549126,40.0,1.0,5.0
1.26,-0.00023730506911655543,-0.036157591374709676,0.0,-0.32680578698364676,-0.3790746172076216,0.0005634491446195538,0.00501657769453531,40.0,1.0,5.0
1.28,-0.0003231257643061921,-0.034602355409791945,0.0,-0.3268058645456998,-0.37907449698983486,0.000563347816971664,0.005016469694435095,40.0,1.0,5.0
1.3,-0.000390267485914987,-0.03262608622865161,0.0,-0.32680656038055766,-0.3790755501636919,0.0005634981087611937,0.005016533150694603,40.0,1.0,5.0
1.32,-0.0004401887261376771,-0.03032661926555577,0.0,-0.3268104732363956,-0.3790808029374372,0.000564003175089398,0.0050165595147268335,40.0,1.0,5.0
1.34,-0.000474457081822943,-0.027793621500246814,0.0,-0.32681951089550626,-0.37909247259934803,0.0005649220620652568,0.005016381281426446,40.0,1.0,5.0
1.36,-0.0004947042540155498,-0.025108106599866616,0.0,-0.3268348680484505,-0.37911194143069993,0.0005662718599888205,0.005015876312997374,40.0,1.0,5.0
1.3800000000000001,-0.0005025863787169,-0.02234218144268082,0.0,-0.32685704774744606,-0.37913978129843623,0.000568032073254585,0.005014969073770962,40.0,1.0,5.0
1.4000000000000001,-0.0004997496543487445,-0.019558995193665142,0.0,-0.32688592063058314,-0.37917582217021095,0.0005701507122991034,0.005013629018786475,40.0,1.0,5.0
1.42,-0.0004878011378103415,-0.01681286251232334,0.0,-0.32692081424615566,-0.3792192556310363,0.0005725515543636729,0.005011866541701333,40.0,1.0,5.0
1.44,-0.00046828450338149563,-0.01414953335262644,0.0,-0.3269606237855599,-0.37926876329777554,0.0005751420117165679,0.0050097269973241555,40.0,1.0,5.0
1.46,-0.000442660496173166,-0.011606583079345777,0.0,-0.32700393530892313,-0.3793226597724314,0.0005778210805656425,0.005007283369275636,40.0,1.0,5.0
1.48,-0.0004122917633398083,-0.00921389819502124,0.0,-0.3270491529891436,-0.37937904029486064,0.0005804869099735201,0.0050046281593348505,40.0,1.0,5.0
1.5,-0.00037843171070649635,-0.006994234773914329,0.0,-0.32709462283078805,-0.3794359243440678,0.0005830436154591058,0.005001865041656641,40.0,1.0,5.0
1.52,-0.0003422170086167928,-0.004963828666400622,0.0,-0.3271387465559634,-0.3794913878794124,0.0005854070554948493,0.0049991007637735065,40.0,1.0,5.0
1.54,-0.00030466335741988524,-0.00313303860887172,0.0,-0.3271800807266999,-0.37954367851840387,0.0005875093820232573,0.004996437698244132,40.0,1.0,5.0
1.56,-0.00026666411882055204,-0.0015070054966683927,0.0,-0.32721741756722067,-0.37959130956987774,0.0005893022625209748,0.004993967363227337,40.0,1.0,5.0
1.58,-0.0002289914230585678,-8.631320398743564e-05,0.0,-0.3272498452768793,-0.37963313038342367,0.0005907587478349007,0.004991765143847599,40.0,1.0,5.0
1.6,-0.00019229937234484408,0.0011323615750494908,0.0,-0.3272767868404665,-0.3796683718853495,0.0005918738258942216,0.004989886363156509,40.0,1.0,5.0
1.62,-0.0001571289769914015,0.0021556209695770814,0.0,-0.3272980174295111,-0.37969666742786523,0.0005926637566542912,0.004988363773941658,40.0,1.0,5.0
1.6400000000000001,-0.00012391448112875102,0.002992747641762495,0.0,-0.3273136614439737,-0.3797180501793813,0.0005931643289703736,0.0049872064714629035,40.0,1.0,5.0
1.6600000000000001,-9.299075878198339e-05,0.003655143341486853,0.0,-0.32732417107055856,-0.3797329292330001,0.0005934282161812462,0.004986400162745402,40.0,1.0,5.0
1.68,-6.46014874353499e-05,0.00415580941556995,0.0,-0.3273302889303748,-0.3797420474067385,0.0005935216342418818,0.004985908670741324,40.0,1.0,5.0
1.7,-3.890783420401322e-05,0.004508872859315132,0.0,-0.3273329979461962,-0.37974642434374556,0.0005935205240261642,0.004985676502330569,40.0,1.0,5.0
1.72,-1.599741859353403e-05,0.004729160130148057,0.0,-0.3273334619624079,-0.3797472889767214,0.0005935064873250717,0.004985632269118932,40.0,1.0,5.0
1.74,4.106655101359611e-06,0.004831819732149444,0.0,-0.3273329608798959,-0.3797460056769526,0.0005935627034485061,0.004985692721002343,40.0,1.0,5.0
1.76,2.1436873998581488e-05,0.004831993526100349,0.0,-0.3273328241069682,-0.3797439984464441,0.0005937700398700896,0.004985767136178114,40.0,1.0,5.0
1.78,3.607265180667889e-05,0.00474453581917926,0.0,-0.32733436596768634,-0.37974267732263617,0.0005942035463425919,0.004985761808936901,40.0,1.0,5.0
1.8,4.813204673098067e-05,0.004583778536137045,0.0,-0.32733882635593425,-0.379743370755429,0.0005949294885125917,0.004985584388561614,40.0,1.0,5.0
1.82,5.776396079263246e-05,0.0043633401621564726,0.0,-0.32734731939846534,-0.37974726711022777,0.0005960030363217229,0.0049851478482822445,40.0,1.0,5.0
1.84,6.514089597538909e-05,0.004095975667662453,0.0,-0.3273607922301509,-0.3797553676909594,0.0005974666771996189,0.004984373900589757,40.0,1.0,5.0
1.86,7.04523213151413e-05,0.0037934642669277437,0.0,-0.3273799952394455,-0.37976845282033483,0.00059934937750504,0.004983195721339917,40.0,1.0,5.0
1.8800000000000001,7.389868582811785e-05,0.0034665316144694494,0.0,-0.3274054643686209,-0.3797870616260488,0.0006016664712307292,0.004981559896272506,40.0,1.0,5.0
1.9000000000000001,7.568609509159773e-05,0.00312480289453631,0.0,-0.3274375153091591,-0.37981148532683157,0.00060442021573679,0.004979427555806479,40.0,1.0,5.0
1.92,7.602165435395063e-05,0.002776783197835761,0.0,-0.3274762487695367,-0.37984177305032374,0.0006076009226710042,0.004976774713364363,40.0,1.0,5.0
1.94,7.510946822594223e-05,0.0024298615944896183,0.0,-0.3275215654510729,-0.37987774859201096,0.0006111885498706333,0.0049735918657044026,40.0,1.0,5.0
1.96,7.314727622499974e-05,0.002090335391742895,0.0,-0.3275731889737473,-0.3799190360709136,0.0006151546275692166,0.004969882948330984,40.0,1.0,5.0
1.98,7.032369461276154e-05,0.001763451198321696,0.0,-0.32763069475870094,-0.37996509216580177,0.0006194643893984586,0.004965663763560758,40.0,1.0,5.0
2.0,6.681602796556944e-05,0.0014534595942548485,0.0,-0.32769354279393736,-0.38001524252146424,0.0006240789844686569,0.0049609600128100685,40.0,1.0,5.0
2.02,6.278860861249362e-05,0.001163680415833136,0.0,-0.32776111226920834,-0.3800687199806881,0.0006289576596811969,0.004955805068604037,40.0,1.0,5.0
2.04,5.83916183189237e-05,0.0008965759013331914,0.0,-0.327832736241641,-0.3801247024973753,0.0006340598195229349,0.004950237616850413,40.0,1.0,5.0
2.06,5.3760344231130505e-05,0.0006538291961502678,0.0,-0.3279077347572036,-0.38018234888767316,0.0006393468919859225,0.004944299287691613,40.0,1.0,5.0
2.08,4.9014819970381526e-05,0.00043642597888077055,0.0,-0.32798544517524164,-0.3802408309456854,0.0006447839521189685,0.004938032375591413,40.0,1.0,5.0
2.1,4.425980271597867e-05,0.00024473723634550726,0.0,-0.3280652487960268,-0.38029936085628807,0.0006503410774466476,0.004931477728102357,40.0,1.0,5.0
2.12,3.958503798965725e-05,7.86014800728018e-05,0.0,-0.32814659324963236,-0.3803572132512748,0.0006559944307759487,0.004924672859752999,40.0,1.0,5.0
2.14,3.506576549916811e-05,-6.259504527870996e-05,0.0,-0.3282290104476382,-0.3804137416524975,0.0006617270847545664,0.004917650324239091,40.0,1.0,5.0
2.16,3.0763421673955285e-05,-0.00017984136353466637,0.0,-0.32831213021067984,-0.380468389407741,0.0006675296182544571,0.004910436355894097,40.0,1.0,5.0
2.18,2.6726497296988536e-05,-0.00027442894660587665,0.0,-0.328395689952473,-0.38052069553742357,0.0006734005268086217,0.004903049771282218,40.0,1.0,5.0
2.2,2.2991511780504976e-05,-0.00034788382190881174,0.0,-0.3284795410163188,-0.3805702961629145,0.0006793464977416046,0.004895501104477172,40.0,1.0,5.0
2.22,1.9584069037121073e-05,-0.00040190415698851097,0.0,-0.3285636524183907,-0.3806169223743435,0.0006853826053154804,0.00488779193570355,40.0,1.0,5.0
2.24,1.651996346043482e-05,-0.00043830368911233975,0.0,-0.3286481128515468,-0.38066039551485165,0.0006915324823378011,0.004879914362852504,40.0,1.0,5.0
2.2600000000000002,1.3806308161481867e-05,-0.00045896120547390414,0.0,-0.32873313184498293,-0.3807006209101443,0.0006978285225561148,0.004871850559073254,40.0,1.0,5.0
2.2800000000000002,1.1442661231532837e-05,-0.00046577613719625327,0.0,-0.32881904096212894,-0.38073758106071326,0.0007043121632148839,0.004863572357142561,40.0,1.0,5.0
2.3000000000000003,9.42212935143517e-06,-0.0004606302073502909,0.0,-0.32890629585732084,-0.3807713292455498,0.0007110342898786284,0.004855040802420742,40.0,1.0,5.0
2.32,7.732431487719435e-06,-0.0004453549691736824,0.0,-0.3289954799082083,-0.380801984369131,0.0007180557965904608,0.004846205620568066,40.0,1.0,5.0
2.34,6.356908661146659e-06,-0.00042170498477763125,0.0,-0.3290873100041858,-0.3808297277281769,0.0007254483242258985,0.004837004553354074,40.0,1.0,5.0
2.36,5.275468809163766e-06,-0.00039133632583329274,0.0,-0.32918264491078275,-0.380854802192498,0.0007332951891020513,0.004827362525290837,40.0,1.0,5.0
2.38,4.4654585637425095e-06,-0.000355790024838459,0.0,-0.3292824964556108,-0.3808775140969455,0.0007416925030620353,0.004817190614850987,40.0,1.0,5.0
2.4,3.90245631236901e-06,-0.0003164800672552123,0.0,-0.32938804360255397,-0.3808982379405328,0.0007507504758615596,0.004806384816067798,40.0,1.0,5.0
2.42,3.560983191907507e-06,-0.0002746854896818353,0.0,-0.3295006493060323,-0.3809174237947803,0.0007605948811440098,0.004794824588750966,40.0,1.0,5.0
2.44,3.4151306785312686e-06,-0.00023154613583199795,0.0,-0.3296218798737888,-0.3809356071453522,0.0007713686589098899,0.004782371207832996,40.0,1.0,5.0
2.46,3.4391051833402346e-06,-0.00018806161898967145,0.0,-0.32975352642069844,-0.38095342073639327,0.0007832336203729892,0.004768865934006899,40.0,1.0,5.0
2.48,3.607691548876411e-06,-0.00014509304535544423,0.0,-0.3298976278719244,-0.3809716078608991,0.0007963722155587048,0.004754128038436826,40.0,1.0,5.0
2.5,3.8966385766670455e-06,-0.00010336706590867105,0.0,-0.3300564948741237,-0.3809910364462387,0.0008109893199630556,0.0047379527236263465,40.0,1.0,5.0
2.52,4.282970713527871e-06,-6.348184375241966e-05,0.0,-0.33023273389964614,-0.38101271322299113,0.0008273139940069566,0.00472010899031557,40.0,1.0,5.0
2.54,4.745230800481373e-06,-2.591454813510097e-05,0.0,-0.33042927078086926,-0.3810377972373735,0.0008456011677886905,0.004700337506435085,40.0,1.0,5.0
2.56,5.263659360451879e-06,8.969985705179292e-06,0.0,-0.33064937288904883,-0.38106761197124694,0.0008661332036201643,0.00467834853863271,40.0,1.0,5.0
2.58,5.820316288287312e-06,4.0909761110594225e-05,0.0,-0.33089666917266325,-0.38110365536654917,0.0008892212898666333,0.00465382000973076,40.0,1.0,5.0
2.6,6.399151028726137e-06,6.973558689956987e-05,0.0,-0.3311751672919246,-0.3811476071098825,0.0009152066215155812,0.004626395746741195,40.0,1.0,5.0
2.62,6.986027404512631e-06,9.536077131603693e-05,0.0,-0.3314892671261954,-0.38120133261426437,0.000944461325485361,0.0045956839838826435,40.0,1.0,5.0
2.64,7.568709207631978e-06,0.00011777077445817688,0.0,-0.33184376998635245,-0.38126688323476965,0.0009773890917405216,0.0045612561835680675,40.0,1.0,5.0
2.66,8.136812510746862e-06,0.00013701301783187114,0.0,-0.33224388293114854,-0.3813464923687273,0.0010144254745831187,0.004522646235768728,40.0,1.0,5.0
2.68,8.681730411735439e-06,0.00015318701794807236,0.0,-0.33269521766138915,-0.3814425672148107,0.0010560378317905088,0.004479350092757659,40.0,1.0,5.0
2.7,9.196535609103567e-06,0.00016643498064986752,0.0,-0.3332037835438864,-0.3815576760940888,0.0011027248722995477,0.004430825892288465,40.0,1.0,5.0
2.72,9.675865836124314e-06,0.00017693296446057432,0.0,-0.33377597439391926,-0.381694531364998,0.0011550157856035676,0.00437649461811032,40.0,1.0,5.0
2.74,1.0115796771675616e-05,0.0001848826949506986,0.0,-0.33441854871528215,-0.38185596808824984,0.0012134689276300547,0.004315741342728645,40.0,1.0,5.0
2.7600000000000002,1.0513706609326797e-05,0.00019050408811390227,0.0,-0.3351386031558764,-0.3820449187119416,0.0012786700383086813,0.004247917093879778,40.0,1.0,5.0
2.7800000000000002,1.0868136015238115e-05,0.0001940285191356939,0.0,-0.33594353897941964,-0.3822643841468344,0.001351229965060461,0.004172341383670382,40.0,1.0,5.0
2.8000000000000003,1.1178646750392157e-05,0.00019569285378754465,0.0,-0.3368410213762189,-0.38251740168269815,0.0014317818638477223,0.004088305438059282,40.0,1.0,5.0
2.82,1.1445681782630877e-05,0.00019573424298391528,0.0,-0.3378389314354033,-0.3828070102553908,0.0015209778451421407,0.003995076164549736,40.0,1.0,5.0
2.84,1.1670429276580376e-05,0.0001943856667551218,0.0,-0.3389453105768358,-0.38313621360873246,0.0016194850262746553,0.0038919008976742706,40.0,1.0,5.0
2.86,1.1854692431114676e-05,0.00019187220193131623,0.0,-0.3401682971950333,-0.38350794190450826,0.0017279809444169531,0.0037780129649329316,40.0,1.0,5.0
2.88,1.2000766739580242e-05,0.00018840797808754704,0.0,-0.3415160552049559,-0.38392501231909615,0.001847148276455834,0.0036526381198520763,40.0,1.0,5.0
2.9,1.2111325881437068e-05,0.00018419377862726366,0.0,-0.34299669410937494,-0.3843900891291497,0.0019776688041037425,0.0035150018929959977,40.0,1.0,5.0
2.92,1.2189317118054062e-05,0.00017941523812434656,0.0,-0.34461818014265,-0.38490564373627517,0.002120216555910632,0.003364337914951172,40.0,1.0,5.0
2.94,1.2237866761935834e-05,0.00017424158303105066,0.0,-0.34638823800328766,-0.38547391501830697,0.0022754500539095353,0.0031998972659913086,40.0,1.0,5.0
2.96,1.2260196018597908e-05,0.00016882486041298135,0.0,-0.3483142426886561,-0.3860968703306718,0.002444003593265739,0.0030209589034296764,40.0,1.0,5.0
2.98,1.225954726383256e-05,0.0001632995983107885,0.0,-0.350403101014001,-0.3867761674245498,0.0026264774906025945,0.0028268412073679345,40.0,1.0,5.0
3.0,1.22391206157506e-05,0.00015778284147067187,0.0,-0.352661122560806,-0.3875131175086114,0.002823427252918762,0.0026169146662434867,40.0,1.0,5.0
3.02,1.2202020489729292e-05,0.0001523745073547773,0.0,-0.3550938800832003,-0.38830864966723955,0.0030353516464987585,0.0023906156928015045,40.0,1.0,5.0
3.04,1.2151211683777004e-05,0.00014715800936761632,0.0,-0.3577060598299874,-0.38916327686834645,0.0032626796860847377,0.002147461516604699,40.0,1.0,5.0
3.06,1.2089484430016885e-05,0.00014220109695385402,0.0,-0.36050130283300147,-0.39007706385402224,0.0035057566205113633,0.0018870660391708913,40.0,1.0,5.0
3.08,1.2019427762899161e-05,0.00013755686548500183,0.0,-0.36348203897969006,-0.39104959731000993,0.003764829062910424,0.0016091564613964033,40.0,1.0,5.0
3.1,1.1943410494084949e-05,0.000133264892518193,0.0,-0.36664931662514416,-0.3920799588539315,0.004040029501189632,0.0013135904004894419,40.0,1.0,5.0
3.12,1.186356904529186e-05,0.00012935246095265593,0.0,-0.3700026315839419,-0.39316670156076927,0.004331360525893823,0.0010003731073754854,40.0,1.0,5.0
3.14,1.1781801371280708e-05,0.0001258358337151201,0.0,-0.3735397605300328,-0.39430783094507327,0.004638679223860739,0.0006696742798173285,40.0,1.0,5.0
3.16,1.1699766203115978e-05,0.0001227215487741985,0.0,-0.37725660505224184,-0.3955007915243928,0.004961682301034612,0.00032184384821586326,40.0,1.0,5.0
3.18,1.1618886854414204e-05,0.00012000770742895479,0.0,-0.38114705376518215,-0.39674246027342264,0.00529989260764878,-4.257400021962491e-05,40.0,1.0,5.0
3.2,1.1540358858149042e-05,0.00011768523286466442,0.0,-0.3852028708363198,-0.3980291484144803,0.005652647832615977,-0.00042282938549242655,40.0,1.0,5.0
3.22,1.1465160736467388e-05,0.00011573907985800428,0.0,-0.38941361991631285,-0.3993566130456487,0.006019092198404026,-0.0008179587729198099,40.0,1.0,5.0
3.24,1.139406724878368e-05,0.0001141493801951184,0.0,-0.3937666326003735,-0.40072008005200915,0.006398172009090463,-0.001226781382961881,40.0,1.0,5.0
3.2600000000000002,1.1327664512213185e-05,0.00011289251180084604,0.0,-0.398247030060948,-0.40211427955098994,0.006788635869453411,-0.0016479008208313245,40.0,1.0,5.0
3.2800000000000002,1.1266366441404074e-05,0.00011194208273765593,0.0,-0.4028378052640768,-0.4035334947721134,0.007189040291138679,-0.0020797126521363263,40.0,1.0,5.0
3.3000000000000003,1.1210432010436248e-05,0.00011126982409947266,0.0,-0.4075199711543397,-0.4049716247602855,0.007597761227049981,-0.0025204184511496684,40.0,1.0,5.0
3.3200000000000003,1.1159982896258562e-05,0.00011084638838782542,0.0,-0.41227277738289686,-0.40642226063403736,0.00801301182774711,-0.0029680465725014818,40.0,1.0,5.0
3.34,1.1115021119904666e-05,0.00011064205221201508,0.0,-0.41707399466868383,-0.4078787743598702,0.008432866402715395,-0.00342047955587633,40.0,1.0,5.0
3.36,1.1075446357409357e-05,0.00011062732410399762,0.0,-0.4219002619318443,-0.40933441817520755,0.008855290212796567,-0.003875487686973474,40.0,1.0,5.0
3.38,1.1041072646063295e-05,0.0001107734598903882,0.0,-0.4267274872191701,-0.4107824319762442,0.00927817434417087,-0.004330767835692168,40.0,1.0,5.0
3.4,1.1011644262679007e-05,0.00011105288943071374,0.0,-0.4315312895182161,-0.4122161552638615,0.009699374551733116,-0.004783986309799046,40.0,1.0,5.0
3.42,1.0986850598334224e-05,0.0001114395596287656,0.0,-0.4362874652213024,-0.4136291396916852,0.010116752646073908,-0.0052328241373674105,40.0,1.0,5.0
3.44,1.0966339898189868e-05,0.00011190919947106169,0.0,-0.44097246062100837,-0.41501525795532024,0.010528218767522742,-0.005675022959889243,40.0,1.0,5.0
3.46,1.094973177515895e-05,0.00011243951346368753,0.0,-0.4455638306870815,-0.4163688047491186,0.010931772770369877,-0.006108429608526962,40.0,1.0,5.0
3.48,1.0936628442254336e-05,0.00011301031024792413,0.0,-0.45004066466064513,-0.41768458581465706,0.011325542947286025,-0.006531037464914216,40.0,1.0,5.0
3.5,1.0926624640295046e-05,0.00011360357339868944,0.0,-0.4543839607223594,-0.41895799169714576,0.011707820461307432,-0.006941022876764516,40.0,1.0,5.0
3.52,1.091931626531842e-05,0.00011420348147059659,0.0,-0.45857693500377994,-0.4201850536625358,0.012077088109232113,-0.007336775193225303,40.0,1.0,5.0
3.54,1.0914307723620873e-05,0.00011479638427693695,0.0,-0.46260525422978355,-0.4213624802322545,0.012432042391395974,-0.007716919377442301,40.0,1.0,5.0
3.56,1.0911218061987293e-05,0.00011537074218882543,0.0,-0.4664571859154368,-0.42248767387067754,0.012771608274306063,-0.00808033060615244,40.0,1.0,5.0
3.58,1.090968593657407e-05,0.00011591703494611693,0.0,-0.470123664854666,-0.4235587284150611,0.013094946465254833,-0.008426140735521117,40.0,1.0,5.0
3.6,1.090937349632809e-05,0.0001164276460980154,0.0,-0.47359827920159697,-0.42457440877981195,0.013401453432882647,-0.00875373695706819,40.0,1.0,5.0
3.62,1.09099692660286e-05,0.00011689672875797884,0.0,-0.4768771833918442,-0.4255341152268665,0.013690754770899214,-0.009062753351687488,40.0,1.0,5.0
3.64,1.0911190120324748e-05,0.00011732005788114028,0.0,-0.4799589482146336,-0.42643783502751037,0.013962692788791066,-0.009353056347629247,40.0,1.0,5.0
3.66,1.0912782443815328e-05,0.00011769487376824798,0.0,-0.4828443603823149,-0.42728608463202233,0.014217309409010651,-0.009624725285826925,40.0,1.0,5.0
3.68,1.091452257358893e-05,0.00011801972098141955,0.0,-0.48553618492712786,-0.4280798455217816,0.014454825551429622,-0.009878029390823825,40.0,1.0,5.0
3.7,1.0916216620020617e-05,0.00011829428633560856,0.0,-0.4880389037660204,-0.42882049677432804,0.014675618198870815,-0.01011340244567681,40.0,1.0,5.0
3.72,1.0917699759306083e-05,0.00011851923911565808,0.0,-0.49035844297006825,-0.42950974706937095,0.014880196275638828,-0.010331416389980762,40.0,1.0,5.0
3.74,1.0918835087494577e-05,0.00011869607617070462,0.0,-0.4925018998581587,-0.4301495684532062,0.015069176351852811,-0.0105327549213634,40.0,1.0,5.0
3.7600000000000002,1.0919512120930513e-05,0.00011882697406242129,0.0,-0.49447727922211665,-0.4307421337103572,0.015243259029348314,-0.010718188003633472,40.0,1.0,5.0
3.7800000000000002,1.0919645022285123e-05,0.0001189146499967197,0.0,-0.4962932459882932,-0.43128975870895114,0.015403206688508668,-0.010888547989308139,40.0,1.0,5.0
3.8000000000000003,1.091917062498745e-05,0.00011896223285424179,0.0,-0.4979588996054224,-0.43179485062615425,0.015549823095716977,-0.011044707867707221,40.0,1.0,5.0
3.8200000000000003,1.0918046322060485e-05,0.00011897314525628171,0.0,-0.4994835735574183,-0.4322598625476044,0.01568393520086446,-0.01118756196553044,40.0,1.0,5.0
3.84,1.0916247878322369e-05,0.00011895099726153544,0.0,-0.5008766617272933,-0.4326872545858952,0.01580637730241816,-0.011318009264020273,40.0,1.0,5.0
3.86,1.091376721779075e-05,0.00011889949198625085,0.0,-0.5021474719389475,-0.4330794613846739,0.015917977629244413,-0.011436939360730713,40.0,1.0,5.0
3.88,1.0910610231074114e-05,0.00011882234317595282,0.0,-0.5033051058974276,-0.4334388656666507,0.01601954728590146,-0.011545220996512454,40.0,1.0,5.0
3.9,1.0906794640668756e-05,0.00011872320453037107,0.0,-0.5043583639291548,-0.4337677773405422,0.01611187143121671,-0.011643692988951574,40.0,1.0,5.0
3.92,1.0902347955504357e-05,0.00011860561039314504,0.0,-0.5053156723669268,-0.4340684175952757,0.016195702506690522,-0.011733157359734736,40.0,1.0,5.0
3.94,1.0897305539875431e-05,0.0001184729272626539,0.0,-0.5061850310944922,-0.434342907369679,0.016271755298592868,-0.011814374411756616,40.0,1.0,5.0
3.96,1.0891708816121931e-05,0.00011832831545769272,0.0,0.0,0.0,0.0,0.0,40.0,1.0,5.0
3.98,1.0885603615125077e-05,0.00011817470017928238,0.0,0.0,0.0,0.0,0.0,40.0,1.0,5.0
4.0,1.0879038683893405e-05,0.00011801475114498898,0.0,0.0,0.0,0.0,0.0,40.0,1.0,5.0
4.0200000000000005,1.0872064355244978e-05,0.0008094949419096626,0.0,-0.5061850310944922,-0.434342907369679,-0.016271755298592868,0.011814374411756616,11.683172742971532,-2.1641810198477884,-0.3847432924173846
4.04,1.0662192384181255e-05,0.000809194308607268,0.0,-0.5069739786214836,-0.43459325958210304,-0.016340703602004614,0.01188805949825075,11.461355016453533,-2.167571951959434,-0.3853461247927883
4.0600000000000005,1.0045693417417244e-05,0.0008095275066675793,0.0,-0.5069739786214836,-0.43459325958210304,-0.016340703602004614,0.01188805949825075,11.461355016453533,-2.167571951959434,-0.3853461247927883
4.08,9.018661639908544e-06,0.0008052752202781131,0.0,-0.5069739786214836,-0.43459325958210304,-0.016340703602004614,0.01188805949825075,11.461355016453533,-2.167571951959434,-0.3853461247927883
4.1,7.575753856053179e-06,0.0007964219324518754,0.0,-0.5069739786214836,-0.43459325958210304,-0.016340703602004614,0.01188805949825075,11.461355016453533,-2.167571951959434,-0.3853461247927883
4.12,5.711688673477177e-06,0.0007829241782734629,0.0,-0.5069739786214836,-0.43459325958210304,-0.016340703602004614,0.01188805949825075,11.461355016453533,-2.167571951959434,-0.3853461247927883
4.14,3.421230396675532e-06,0.0007647395538765973,0.0,-0.5069739786214836,-0.43459325958210304,-0.016340703602004614,0.01188805949825075,11.461355016453533,-2.167571951959434,-0.3853461247927883
4.16,6.991810829306874e-07,0.0007418264664924482,0.0,-0.5069739786214836,-0.43459325958210304,-0.016340703602004614,0.01188805949825075,11.461355016453533,-2.167571951959434,-0.3853461247927883
4.18,-2.459627711403059e-06,0.0007141440445378556,0.0,-0.5069739786214836,-0.43459325958210304,-0.016340703602004614,0.01188805949825075,11.461355016453533,-2.167571951959434,-0.3853461247927883
4.2,-6.060343446891521e-06,0.0006816520441542365,0.0,-0.5069739786214836,-0.43459325958210304,-0.016340703602004614,0.01188805949825075,11.461355016453533,-2.167571951959434,-0.3853461247927883
4.22,-1.0108101379407875e-05,0.0006443107531219294,0.0,-0.5069739786214836,-0.43459325958210304,-0.016340703602004614,0.01188805949825075,11.461355016453533,-2.167571951959434,-0.3853461247927883
4.24,-1.4608033600893003e-05,-0.0037017812388605714,0.0,-1.3184354864763983,0.27716821030061206,0.00024924394716278447,0.0022246017914615457,23.921031436849027,9.442962795240213,1.6787489413760377
4.26,-1.8304948133656876e-05,-0.0037262690517597067,0.0,-1.3184354864763983,0.27716821030061206,0.00024924394716278447,0.0022246017914615457,23.921031436849027,9.442962795240213,1.6787489413760377
4.28,-1.9942341951885336e-05,-0.0035963325856586672,0.0,-1.3184354864763983,0.27716821030061206,0.00024924394716278447,0.0022246017914615457,23.921031436849027,9.442962795240213,1.6787489413760377
4.3,-1.9561442669350867e-05,-0.0034215050711392282,0.0,-1.3184354864763983,0.27716821030061206,0.00024924394716278447,0.0022246017914615457,23.921031436849027,9.442962795240213,1.6787489413760377
4.32,-1.7249089176566424e-05,-0.0032073275051534744,0.0,-1.3184354864763983,0.27716821030061206,0.00024924394716278447,0.0022246017914615457,23.921031436849027,9.442962795240213,1.6787489413760377
4.34,-1.3104582469633586e-05,-0.002956875288186344,0.0,-1.3184354864763983,0.27716821030061206,0.00024924394716278447,0.0022246017914615457,23.921031436849027,9.442962795240213,1.6787489413760377
4.36,-7.237790033279628e-06,-0.002673338218272295,0.0,-1.3184354864763983,0.27716821030061206,0.00024924394716278447,0.0022246017914615457,23.921031436849027,9.442962795240213,1.6787489413760377
4.38,2.3199447771112804e-07,-0.0023600583914374276,0.0,-1.3184354864763983,0.27716821030061206,0.00024924394716278447,0.0022246017914615457,23.921031436849027,9.442962795240213,1.6787489413760377
4.4,9.177210081924632e-06,-0.0020205024874012404,0.0,-1.3184354864763983,0.27716821030061206,0.00024924394716278447,0.0022246017914615457,23.921031436849027,9.442962795240213,1.6787489413760377
4.42,1.9463216146390523e-05,-0.0016582322761668216,0.0,-1.3184354864763983,0.27716821030061206,0.00024924394716278447,0.0022246017914615457,23.921031436849027,9.442962795240213,1.6787489413760377
4.44,3.0949499646906644e-05,-0.009601339170974449,0.0,-1.969182077140219,0.9549415843202222,0.00027486405333398885,0.0003777275318167763,63.31210365596214,54.11824754832661,9.621021786369175
4.46,4.5928603705753585e-05,-0.006923043936850401,0.0,-1.969182077140219,0.9549415843202222,0.00027486405333398885,0.0003777275318167763,63.31210365596214,54.11824754832661,9.621021786369175
4.48,6.60369280991626e-05,-0.003111050532767671,0.0,-1.969182077140219,0.9549415843202222,0.00027486405333398885,0.0003777275318167763,63.31210365596214,54.11824754832661,9.621021786369175
4.5,8.950096078824007e-05,8.564657113140431e-05,0.0,-1.969182077140219,0.9549415843202222,0.00027486405333398885,0.0003777275318167763,63.31210365596214,54.11824754832661,9.621021786369175
4.5200000000000005,0.00011441659059368975,0.002485240389577698,0.0,-1.969182077140219,0.9549415843202222,0.00027486405333398885,0.0003777275318167763,63.31210365596214,54.11824754832661,9.621021786369175
4.54,0.00013930248334167417,0.00419728969247408,0.0,-1.969182077140219,0.9549415843202222,0.00027486405333398885,0.0003777275318167763,63.31210365596214,54.11824754832661,9.621021786369175
4.5600000000000005,0.00016311187676978356,0.005363407885205651,0.0,-1.969182077140219,0.9549415843202222,0.00027486405333398885,0.0003777275318167763,63.31210365596214,54.11824754832661,9.621021786369175
4.58,0.0001851524124664001,0.006108332109119286,0.0,-1.969182077140219,0.9549415843202222,0.00027486405333398885,0.0003777275318167763,63.31210365596214,54.11824754832661,9.621021786369175
4.6000000000000005,0.000205003762855752,0.006533941773632462,0.0,-1.969182077140219,0.9549415843202222,0.00027486405333398885,0.0003777275318167763,63.31210365596214,54.11824754832661,9.621021786369175
4.62,0.0002224486130052357,0.00672153295483355,0.0,-1.969182077140219,0.9549415843202222,0.00027486405333398885,0.0003777275318167763,63.31210365596214,54.11824754832661,9.621021786369175
4.64,0.00023741764662710158,0.004884394917894427,0.0,-1.998957111431874,0.9909974777525627,0.0002942383069046809,0.0003038269352167046,59.34188754858399,60.0429330674455,10.674299211990311
4.66,0.0002504885165460069,0.004947767949509973,0.0,-1.998957111431874,0.9909974777525627,0.0002942383069046809,0.0003038269352167046,59.34188754858399,60.0429330674455,10.674299211990311
4.68,0.0002622632548185084,0.005269679394500915,0.0,-1.998957111431874,0.9909974777525627,0.0002942383069046809,0.0003038269352167046,59.34188754858399,60.0429330674455,10.674299211990311
4.7,0.0002727034523423018,0.005504434361552681,0.0,-1.998957111431874,0.9909974777525627,0.0002942383069046809,0.0003038269352167046,59.34188754858399,60.0429330674455,10.674299211990311
4.72,0.0002817120787343252,0.005613268715442026,0.0,-1.998957111431874,0.9909974777525627,0.0002942383069046809,0.0003038269352167046,59.34188754858399,60.0429330674455,10.674299211990311
4.74,0.0002892454529285061,0.005620292098493642,0.0,-1.998957111431874,0.9909974777525627,0.0002942383069046809,0.0003038269352167046,59.34188754858399,60.0429330674455,10.674299211990311
4.76,0.0002953172584877862,0.005555177742520618,0.0,-1.998957111431874,0.9909974777525627,0.0002942383069046809,0.0003038269352167046,59.34188754858399,60.0429330674455,10.674299211990311
4.78,0.00029998288046768353,0.00544178038399593,0.0,-1.998957111431874,0.9909974777525627,0.0002942383069046809,0.0003038269352167046,59.34188754858399,60.0429330674455,10.674299211990311
4.8,0.00030332408047990784,0.005297439030344927,0.0,-1.998957111431874,0.9909974777525627,0.0002942383069046809,0.0003038269352167046,59.34188754858399,60.0429330674455,10.674299211990311
4.82,0.00030543745037367486,0.0051343262934156406,0.0,-1.998957111431874,0.9909974777525627,0.0002942383069046809,0.0003038269352167046,59.34188754858399,60.0429330674455,10.674299211990311
4.84,0.00030642638060282134,0.004224240987697299,0.0,-2.005795996146965,0.9994478667526699,0.0002917097874357372,0.00029422524261528584,58.00013705502999,61.52080506768428,10.93703201203276
4.86,0.00030661139332515796,0.0041726077708048636,0.0,-2.005795996146965,0.9994478667526699,0.0002917097874357372,0.00029422524261528584,58.00013705502999,61.52080506768428,10.93703201203276
4.88,0.00030627528459265733,0.004244983358178316,0.0,-2.005795996146965,0.9994478667526699,0.0002917097874357372,0.00029422524261528584,58.00013705502999,61.52080506768428,10.93703201203276
4.9,0.0003054098560604473,0.004281110209406444,0.0,-2.005795996146965,0.9994478667526699,0.0002917097874357372,0.00029422524261528584,58.00013705502999,61.52080506768428,10.93703201203276
4.92,0.00030397786468287373,0.004262247973578036,0.0,-2.005795996146965,0.9994478667526699,0.0002917097874357372,0.00029422524261528584,58.00013705502999,61.52080506768428,10.93703201203276
4.94,0.00030196520454328293,0.004199516617426681,0.0,-2.005795996146965,0.9994478667526699,0.0002917097874357372,0.00029422524261528584,58.00013705502999,61.52080506768428,10.93703201203276
4.96,0.00029938304923485856,0.004106687635280086,0.0,-2.005795996146965,0.9994478667526699,0.0002917097874357372,0.00029422524261528584,58.00013705502999,61.52080506768428,10.93703201203276
4.98,0.00029626063333687227,0.003994668570565088,0.0,-2.005795996146965,0.9994478667526699,0.0002917097874357372,0.00029422524261528584,58.00013705502999,61.52080506768428,10.93703201203276
5.0,0.00029263821024197537,0.003871204564399906,0.0,-2.005795996146965,0.9994478667526699,0.0002917097874357372,0.00029422524261528584,58.00013705502999,61.52080506768428,10.93703201203276
5.0200000000000005,0.0002885618443617311,0.0037415865854495,0.0,-2.005795996146965,0.9994478667526699,0.0002917097874357372,0.00029422524261528584,58.00013705502999,61.52080506768428,10.93703201203276
5.04,0.0002840798847987782,0.0035978028946774526,0.0,-2.0060444788757272,0.9997289921522244,0.0002918323085203504,0.00029342041046699516,58.01822455835502,61.600672785650204,10.951230717448926
5.0600000000000005,0.00027924406765599983,0.0034675110186554703,0.0,-2.0060444788757272,0.9997289921522244,0.0002918323085203504,0.00029342041046699516,58.01822455835502,61.600672785650204,10.951230717448926
5.08,0.00027410408999526526,0.00334045196728632,0.0,-2.0060444788757272,0.9997289921522244,0.0002918323085203504,0.00029342041046699516,58.01822455835502,61.600672785650204,10.951230717448926
5.1000000000000005,0.0002687028289881446,0.00321505718373341,0.0,-2.0060444788757272,0.9997289921522244,0.0002918323085203504,0.00029342041046699516,58.01822455835502,61.600672785650204,10.951230717448926
5.12,0.0002630800764434608,0.00309167301157737,0.0,-2.0060444788757272,0.9997289921522244,0.0002918323085203504,0.00029342041046699516,58.01822455835502,61.600672785650204,10.951230717448926
5.14,0.0002572731482011439,0.00297088179733149,0.0,-2.0060444788757272,0.9997289921522244,0.0002918323085203504,0.00029342041046699516,58.01822455835502,61.600672785650204,10.951230717448926
5.16,0.00025131684801383864,0.0028531432423138064,0.0,-2.0060444788757272,0.9997289921522244,0.0002918323085203504,0.00029342041046699516,58.01822455835502,61.600672785650204,10.951230717448926
5.18,0.0002452433823567526,0.00273875939037724,0.0,-2.0060444788757272,0.9997289921522244,0.0002918323085203504,0.00029342041046699516,58.01822455835502,61.600672785650204,10.951230717448926
5.2,0.0002390823409056743,0.002627906228710721,0.0,-2.0060444788757272,0.9997289921522244,0.0002918323085203504,0.00029342041046699516,58.01822455835502,61.600672785650204,10.951230717448926
5.22,0.00023286074355879384,0.0025206696867879704,0.0,-2.0060444788757272,0.9997289921522244,0.0002918323085203504,0.00029342041046699516,58.01822455835502,61.600672785650204,10.951230717448926
5.24,0.00022660313450378896,0.0024157536996517416,0.0,-2.0061097518305173,0.9997994771255405,0.0002918800799163884,0.00029320332355372143,58.02770713271148,61.620587503891436,10.954771111802922
5.26,0.00022033209170976728,0.002316041146920653,0.0,-2.0061097518305173,0.9997994771255405,0.0002918800799163884,0.00029320332355372143,58.02770713271148,61.620587503891436,10.954771111802922
5.28,0.00021406790494211405,0.0022201198630880156,0.0,-2.0061097518305173,0.9997994771255405,0.0002918800799163884,0.00029320332355372143,58.02770713271148,61.620587503891436,10.954771111802922
5.3,0.00020782827331446803,0.002127628149333965,0.0,-2.0061097518305173,0.9997994771255405,0.0002918800799163884,0.00029320332355372143,58.02770713271148,61.620587503891436,10.954771111802922
5.32,0.00020162893660038517,0.00203845580244683,0.0,-2.0061097518305173,0.9997994771255405,0.0002918800799163884,0.00029320332355372143,58.02770713271148,61.620587503891436,10.954771111802922
5.34,0.00019548391289921308,0.0019525401692413189,0.0,-2.0061097518305173,0.9997994771255405,0.0002918800799163884,0.00029320332355372143,58.02770713271148,61.620587503891436,10.954771111802922
5.36,0.00018940563784933544,0.0018698183482390718,0.0,-2.0061097518305173,0.9997994771255405,0.0002918800799163884,0.00029320332355372143,58.02770713271148,61.620587503891436,10.954771111802922
5.38,0.00018340507998855604,0.0017902190105639386,0.0,-2.0061097518305173,0.9997994771255405,0.0002918800799163884,0.00029320332355372143,58.02770713271148,61.620587503891436,10.954771111802922
5.4,0.00017749184938295416,0.0017136633421110615,0.0,-2.0061097518305173,0.9997994771255405,0.0002918800799163884,0.00029320332355372143,58.02770713271148,61.620587503891436,10.954771111802922
5.42,0.0001716743023299979,0.0016400674237890948,0.0,-2.0061097518305173,0.9997994771255405,0.0002918800799163884,0.00029320332355372143,58.02770713271148,61.620587503891436,10.954771111802922
5.44,0.00016595964182470666,0.0015690960043968027,0.0,-2.0061333039922835,0.9998247686723386,0.00029189868698924215,0.00029309233440035854,58.03447365856327,61.63107011170706,10.9566346865257
5.46,0.00016035408583121388,0.0015012073048034568,0.0,-2.0061333039922835,0.9998247686723386,0.00029189868698924215,0.00029309233440035854,58.03447365856327,61.63107011170706,10.9566346865257
5.48,0.00015486287057026545,0.0014360542878786757,0.0,-2.0061333039922835,0.9998247686723386,0.00029189868698924215,0.00029309233440035854,58.03447365856327,61.63107011170706,10.9566346865257
5.5,0.00014949025105346275,0.0013734925371262328,0.0,-2.0061333039922835,0.9998247686723386,0.00029189868698924215,0.00029309233440035854,58.03447365856327,61.63107011170706,10.9566346865257
5.5200000000000005,0.0001442396718907762,0.001313428424494144,0.0,-2.0061333039922835,0.9998247686723386,0.00029189868698924215,0.00029309233440035854,58.03447365856327,61.63107011170706,10.9566346865257
5.54,0.00013911385876875983,0.0012557800739968917,0.0,-2.0061333039922835,0.9998247686723386,0.00029189868698924215,0.00029309233440035854,58.03447365856327,61.63107011170706,10.9566346865257
5.5600000000000005,0.000134114887070984,0.0012004680202704365,0.0,-2.0061333039922835,0.9998247686723386,0.00029189868698924215,0.00029309233440035854,58.03447365856327,61.63107011170706,10.9566346865257
5.58,0.00012924424224119272,0.0011474134609463543,0.0,-2.0061333039922835,0.9998247686723386,0.00029189868698924215,0.00029309233440035854,58.03447365856327,61.63107011170706,10.9566346865257
5.6000000000000005,0.00012450287551796436,0.0010965382970734906,0.0,-2.0061333039922835,0.9998247686723386,0.00029189868698924215,0.00029309233440035854,58.03447365856327,61.63107011170706,10.9566346865257
5.62,0.00011989125589305903,0.0010477654852812362,0.0,-2.0061333039922835,0.9998247686723386,0.00029189868698924215,0.00029309233440035854,58.03447365856327,61.63107011170706,10.9566346865257
5.64,0.00011540941850685942,0.001000964400892246,0.0,-2.0061429168174567,0.9998350793737001,0.0002919079582577511,0.0002930340107770201,58.03838229200058,61.636544946866756,10.95760799055409
5.66,0.00011105702568334754,0.0009561821281422848,0.0,-2.0061429168174567,0.9998350793737001,0.0002919079582577511,0.0002930340107770201,58.03838229200058,61.636544946866756,10.95760799055409
5.68,0.0001068333892597188,0.0009132890305136808,0.0,-2.0061429168174567,0.9998350793737001,0.0002919079582577511,0.0002930340107770201,58.03838229200058,61.636544946866756,10.95760799055409
5.7,0.00010273749041154765,0.0008722022801201539,0.0,-2.0061429168174567,0.9998350793737001,0.0002919079582577511,0.0002930340107770201,58.03838229200058,61.636544946866756,10.95760799055409
5.72,9.876803543124973e-05,0.0008328520604343934,0.0,-2.0061429168174567,0.9998350793737001,0.0002919079582577511,0.0002930340107770201,58.03838229200058,61.636544946866756,10.95760799055409
5.74,9.492349225176985e-05,0.0007951728429173421,0.0,-2.0061429168174567,0.9998350793737001,0.0002919079582577511,0.0002930340107770201,58.03838229200058,61.636544946866756,10.95760799055409
5.76,9.120212039794994e-05,0.0007591012675907498,0.0,-2.0061429168174567,0.9998350793737001,0.0002919079582577511,0.0002930340107770201,58.03838229200058,61.636544946866756,10.95760799055409
5.78,8.760199773003705e-05,0.0007245757137199285,0.0,-2.0061429168174567,0.9998350793737001,0.0002919079582577511,0.0002930340107770201,58.03838229200058,61.636544946866756,10.95760799055409
5.8,8.41210448947225e-05,0.0006915362691117702,0.0,-2.0061429168174567,0.9998350793737001,0.0002919079582577511,0.0002930340107770201,58.03838229200058,61.636544946866756,10.95760799055409
5.82,8.075704777294874e-05,0.0006599247692875142,0.0,-2.0061429168174567,0.9998350793737001,0.0002919079582577511,0.0002930340107770201,58.03838229200058,61.636544946866756,10.95760799055409
5.84,7.75076780638783e-05,0.0006296705458306679,0.0,-2.0061475618548963,0.9998400585742544,0.0002919131508870583,0.0002930004948507238,58.04073491700065,61.639677662821,10.958164917834845
5.86,7.437051629705141e-05,0.0006007505211836658,0.0,-2.0061475618548963,0.9998400585742544,0.0002919131508870583,0.0002930004948507238,58.04073491700065,61.639677662821,10.958164917834845
5.88,7.134306399360332e-05,0.0005730969535638415,0.0,-2.0061475618548963,0.9998400585742544,0.0002919131508870583,0.0002930004948507238,58.04073491700065,61.639677662821,10.958164917834845
5.9,6.842275447111945e-05,0.0005466555864798827,0.0,-2.0061475618548963,0.9998400585742544,0.0002919131508870583,0.0002930004948507238,58.04073491700065,61.639677662821,10.958164917834845
5.92,6.560697234779186e-05,0.0005213767991541663,0.0,-2.0061475618548963,0.9998400585742544,0.0002919131508870583,0.0002930004948507238,58.04073491700065,61.639677662821,10.958164917834845
5.94,6.289306743229177e-05,0.0004972132936758447,0.0,-2.0061475618548963,0.9998400585742544,0.0002919131508870583,0.0002930004948507238,58.04073491700065,61.639677662821,10.958164917834845
5.96,6.027836635591798e-05,0.00047411950454065714,0.0,-2.0061475618548963,0.9998400585742544,0.0002919131508870583,0.0002930004948507238,58.04073491700065,61.639677662821,10.958164917834845
5.98,5.776018287072791e-05,0.00045205144956548485,0.0,-2.0061475618548963,0.9998400585742544,0.0002919131508870583,0.0002930004948507238,58.04073491700065,61.639677662821,10.958164917834845
6.0,5.5335827095305965e-05,0.00043096668544202136,0.0,-2.0061475618548963,0.9998400585742544,0.0002919131508870583,0.0002930004948507238,58.04073491700065,61.639677662821,10.958164917834845
6.0200000000000005,5.3002613823271954e-05,0.0004108242821996,0.0,-2.0061475618548963,0.9998400585742544,0.0002919131508870583,0.0002930004948507238,58.04073491700065,61.639677662821,10.958164917834845
6.04,5.0757869967536793e-05,0.00039158063222884316,0.0,-2.0061501249314,0.9998428048339708,0.00029191635556270317,0.00029297945758188597,58.042253936288965,61.64163866048332,10.95851353964148
6.0600000000000005,4.859894242210109e-05,0.0003732069402848444,0.0,-2.0061501249314,0.9998428048339708,0.00029191635556270317,0.00029297945758188597,58.042253936288965,61.64163866048332,10.95851353964148
6.08,4.6523202496638986e-05,0.0003556622781685681,0.0,-2.0061501249314,0.9998428048339708,0.00029191635556270317,0.00029297945758188597,58.042253936288965,61.64163866048332,10.95851353964148
6.1000000000000005,4.4528049720757376e-05,0.00033891052162196285,0.0,-2.0061501249314,0.9998428048339708,0.00029191635556270317,0.00029297945758188597,58.042253936288965,61.64163866048332,10.95851353964148
6.12,4.261091797281315e-05,0.00032291773460332266,0.0,-2.0061501249314,0.9998428048339708,0.00029191635556270317,0.00029297945758188597,58.042253936288965,61.64163866048332,10.95851353964148
6.140000000000001,4.076927977825093e-05,0.00030765146345117537,0.0,-2.0061501249314,0.9998428048339708,0.00029191635556270317,0.00029297945758188597,58.042253936288965,61.64163866048332,10.95851353964148
6.16,3.9000649777305596e-05,0.0002930805349516721,0.0,-2.0061501249314,0.9998428048339708,0.00029191635556270317,0.00029297945758188597,58.042253936288965,61.64163866048332,10.95851353964148
6.18,3.730258764981108e-05,0.00027917498416197715,0.0,-2.0061501249314,0.9998428048339708,0.00029191635556270317,0.00029297945758188597,58.042253936288965,61.64163866048332,10.95851353964148
6.2,3.5672700595871756e-05,0.00026590601362428063,0.0,-2.0061501249314,0.9998428048339708,0.00029191635556270317,0.00029297945758188597,58.042253936288965,61.64163866048332,10.95851353964148
6.22,3.410864542115299e-05,0.00025324595891679886,0.0,-2.0061501249314,0.9998428048339708,0.00029191635556270317,0.00029297945758188597,58.042253936288965,61.64163866048332,10.95851353964148
6.24,3.260813026200083e-05,0.00024116694449249497,0.0,-2.006151684809192,0.9998444756102727,0.00029191848725465964,0.00029296529292454265,58.04329655955271,61.64295654211616,10.958747829709539
6.26,3.116891636500351e-05,0.00022964636227539666,0.0,-2.006151684809192,0.9998444756102727,0.00029191848725465964,0.00029296529292454265,58.04329655955271,61.64295654211616,10.958747829709539
6.28,2.9788818721523794e-05,0.0002186583683784323,0.0,-2.006151684809192,0.9998444756102727,0.00029191848725465964,0.00029296529292454265,58.04329655955271,61.64295654211616,10.958747829709539
6.3,2.8465706446954608e-05,0.00020817919074670626,0.0,-2.006151684809192,0.9998444756102727,0.00029191848725465964,0.00029296529292454265,58.04329655955271,61.64295654211616,10.958747829709539
6.32,2.719750384289409e-05,0.0001981862834763027,0.0,-2.006151684809192,0.9998444756102727,0.00029191848725465964,0.00029296529292454265,58.04329655955271,61.64295654211616,10.958747829709539
6.34,2.598219084232737e-05,0.0001886580831660723,0.0,-2.006151684809192,0.9998444756102727,0.00029191848725465964,0.00029296529292454265,58.04329655955271,61.64295654211616,10.958747829709539
6.36,2.4817803159622664e-05,0.0001795739246512215,0.0,-2.006151684809192,0.9998444756102727,0.00029191848725465964,0.00029296529292454265,58.04329655955271,61.64295654211616,10.958747829709539
6.38,2.3702432242317047e-05,0.00017091399830909595,0.0,-2.006151684809192,0.9998444756102727,0.00029191848725465964,0.00029296529292454265,58.04329655955271,61.64295654211616,10.958747829709539
6.4,2.2634225061564244e-05,0.00016265931794576423,0.0,-2.006151684809192,0.9998444756102727,0.00029191848725465964,0.00029296529292454265,58.04329655955271,61.64295654211616,10.958747829709539
6.42,2.1611383761828105e-05,0.00015479169135943958,0.0,-2.006151684809192,0.9998444756102727,0.00029191848725465964,0.00029296529292454265,58.04329655955271,61.64295654211616,10.958747829709539
6.44,2.063216518563041e-05,0.0001472932593403418,0.0,-2.006152706352892,0.9998455694552922,0.0002919199888494033,0.0002929552229737071,58.04404822501439,61.64389215588406,10.958914161046055
6.46,1.9694880413968944e-05,0.0001401482867566167,0.0,-2.006152706352892,0.9998455694552922,0.0002919199888494033,0.0002929552229737071,58.04404822501439,61.64389215588406,10.958914161046055
6.48,1.8797893930001443e-05,0.00013334034073136187,0.0,-2.006152706352892,0.9998455694552922,0.0002919199888494033,0.0002929552229737071,58.04404822501439,61.64389215588406,10.958914161046055
6.5,1.7939622702549262e-05,0.0001268540262025625,0.0,-2.006152706352892,0.9998455694552922,0.0002919199888494033,0.0002929552229737071,58.04404822501439,61.64389215588406,10.958914161046055
6.5200000000000005,1.7118535501725216e-05,0.0001206746920466784,0.0,-2.006152706352892,0.9998455694552922,0.0002919199888494033,0.0002929552229737071,58.04404822501439,61.64389215588406,10.958914161046055
6.54,1.633315202018329e-05,0.00011478833634502908,0.0,-2.006152706352892,0.9998455694552922,0.0002919199888494033,0.0002929552229737071,58.04404822501439,61.64389215588406,10.958914161046055
6.5600000000000005,1.558204190823471e-05,0.00010918156477314619,0.0,-2.006152706352892,0.9998455694552922,0.0002919199888494033,0.0002929552229737071,58.04404822501439,61.64389215588406,10.958914161046055
6.58,1.4863823756660115e-05,0.00010384156323701472,0.0,-2.006152706352892,0.9998455694552922,0.0002919199888494033,0.0002929552229737071,58.04404822501439,61.64389215588406,10.958914161046055
6.6000000000000005,1.4177164040986346e-05,9.875607451534954e-05,0.0,-2.006152706352892,0.9998455694552922,0.0002919199888494033,0.0002929552229737071,58.04404822501439,61.64389215588406,10.958914161046055
6.62,1.3520776035409832e-05,9.391337628435317e-05,0.0,-2.006152706352892,0.9998455694552922,0.0002919199888494033,0.0002929552229737071,58.04404822501439,61.64389215588406,10.958914161046055
6.640000000000001,1.289341870277675e-05,8.930211358562862e-05,0.0,-2.006153414031816,0.9998463270250499,0.0002919210947418673,0.0002929477529567194,58.04461180253124,61.64458546797537,10.959037416528954
6.66,1.2293895609100348e-05,8.491189362806327e-05,0.0,-2.006153414031816,0.9998463270250499,0.0002919210947418673,0.0002929477529567194,58.04461180253124,61.64458546797537,10.959037416528954
6.68,1.1721053730633832e-05,8.073232092787772e-05,0.0,-2.006153414031816,0.9998463270250499,0.0002919210947418673,0.0002929477529567194,58.04461180253124,61.64458546797537,10.959037416528954
6.7,1.1173782254326952e-05,7.675357373975166e-05,0.0,-2.006153414031816,0.9998463270250499,0.0002919210947418673,0.0002929477529567194,58.04461180253124,61.64458546797537,10.959037416528954
6.72,1.065101147783118e-05,7.296629500171115e-05,0.0,-2.006153414031816,0.9998463270250499,0.0002919210947418673,0.0002929477529567194,58.04461180253124,61.64458546797537,10.959037416528954
6.74,1.0151711665236292e-05,6.936155093403243e-05,0.0,-2.006153414031816,0.9998463270250499,0.0002919210947418673,0.0002929477529567194,58.04461180253124,61.64458546797537,10.959037416528954
6.76,9.674891895366345e-06,6.593080796629528e-05,0.0,-2.006153414031816,0.9998463270250499,0.0002919210947418673,0.0002929477529567194,58.04461180253124,61.64458546797537,10.959037416528954
6.78,9.219598914235913e-06,6.266591484784678e-05,0.0,-2.006153414031816,0.9998463270250499,0.0002919210947418673,0.0002929477529567194,58.04461180253124,61.64458546797537,10.959037416528954
6.8,8.784915996410181e-06,5.9559086470516284e-05,0.0,-2.006153414031816,0.9998463270250499,0.0002919210947418673,0.0002929477529567194,58.04461180253124,61.64458546797537,10.959037416528954
6.82,8.369961818047982e-06,5.660288850286164e-05,0.0,-2.006153414031816,0.9998463270250499,0.0002919210947418673,0.0002929477529567194,58.04461180253124,61.64458546797537,10.959037416528954
6.84,7.97388934374306e-06,5.379017293200637e-05,0.0,-2.006153926412837,0.9998468754022295,0.0002919219384519112,0.00029294202062839973,58.04504793989156,61.64511705086074,10.95913192015302
6.86,7.5958847435031314e-06,5.111427264169145e-05,0.0,-2.006153926412837,0.9998468754022295,0.0002919219384519112,0.00029294202062839973,58.04504793989156,61.64511705086074,10.95913192015302
6.88,7.235166294918742e-06,4.856866728270229e-05,0.0,-2.006153926412837,0.9998468754022295,0.0002919219384519112,0.00029294202062839973,58.04504793989156,61.64511705086074,10.95913192015302
6.9,6.890983304448878e-06,4.6147171890612005e-05,0.0,-2.006153926412837,0.9998468754022295,0.0002919219384519112,0.00029294202062839973,58.04504793989156,61.64511705086074,10.95913192015302
6.92,6.5626150836176575e-06,4.3843893608150455e-05,0.0,-2.006153926412837,0.9998468754022295,0.0002919219384519112,0.00029294202062839973,58.04504793989156,61.64511705086074,10.95913192015302
6.94,6.249369931090166e-06,4.1653211559579536e-05,0.0,-2.006153926412837,0.9998468754022295,0.0002919219384519112,0.00029294202062839973,58.04504793989156,61.64511705086074,10.95913192015302
6.96,5.950584132761461e-06,3.956976318676884e-05,0.0,-2.006153926412837,0.9998468754022295,0.0002919219384519112,0.00029294202062839973,58.04504793989156,61.64511705086074,10.95913192015302
6.98,5.6656209834336605e-06,3.758843259106962e-05,0.0,-2.006153926412837,0.9998468754022295,0.0002919219384519112,0.00029294202062839973,58.04504793989156,61.64511705086074,10.95913192015302
7.0,5.393869831313791e-06,3.570433969724029e-05,0.0,-2.006153926412837,0.9998468754022295,0.0002919219384519112,0.00029294202062839973,58.04504793989156,61.64511705086074,10.95913192015302
7.0200000000000005,5.134745145880313e-06,3.3912829924806785e-05,0.0,-2.006153926412837,0.9998468754022295,0.0002919219384519112,0.00029294202062839973,58.04504793989156,61.64511705086074,10.95913192015302
7.04,4.887685609425464e-06,3.220944779464517e-05,0.0,-2.0061543107724495,0.9998472866787959,0.00029192260074306495,0.00029293749922508017,58.04539430526431,61.64553605045877,10.959206408970449
7.0600000000000005,4.652153237285137e-06,3.0589996635780036e-05,0.0,-2.0061543107724495,0.9998472866787959,0.00029192260074306495,0.00029293749922508017,58.04539430526431,61.64553605045877,10.959206408970449
7.08,4.427632511441119e-06,2.905042339969554e-05,0.0,-2.0061543107724495,0.9998472866787959,0.00029192260074306495,0.00029293749922508017,58.04539430526431,61.64553605045877,10.959206408970449
7.1000000000000005,4.21362953826598e-06,2.7586876594172118e-05,0.0,-2.0061543107724495,0.9998472866787959,0.00029192260074306495,0.00029293749922508017,58.04539430526431,61.64553605045877,10.959206408970449
7.12,4.009671241853338e-06,2.6195687816453237e-05,0.0,-2.0061543107724495,0.9998472866787959,0.00029192260074306495,0.00029293749922508017,58.04539430526431,61.64553605045877,10.959206408970449
7.140000000000001,3.815304576277628e-06,2.4873361096348627e-05,0.0,-2.0061543107724495,0.9998472866787959,0.00029192260074306495,0.00029293749922508017,58.04539430526431,61.64553605045877,10.959206408970449
7.16,3.630095760333653e-06,2.361656454609997e-05,0.0,-2.0061543107724495,0.9998472866787959,0.00029192260074306495,0.00029293749922508017,58.04539430526431,61.64553605045877,10.959206408970449
7.18,3.4536295354851614e-06,2.242212284213277e-05,0.0,-2.0061543107724495,0.9998472866787959,0.00029192260074306495,0.00029293749922508017,58.04539430526431,61.64553605045877,10.959206408970449
7.2,3.2855084469797284e-06,2.128701014178127e-05,0.0,-2.0061543107724495,0.9998472866787959,0.00029192260074306495,0.00029293749922508017,58.04539430526431,61.64553605045877,10.959206408970449
7.22,3.1253521478623718e-06,2.020834332446637e-05,0.0,-2.0061543107724495,0.9998472866787959,0.00029192260074306495,0.00029293749922508017,58.04539430526431,61.64553605045877,10.959206408970449
7.24,2.9727967255426665e-06,1.9183370402513832e-05,0.0,-2.006154607566686,0.9998476041977813,0.00029192313293962944,0.0002929338512745719,58.04567534692534,61.64587391278476,10.959266473383957
7.26,2.82749405203241e-06,1.820948576867538e-05,0.0,-2.006154607566686,0.9998476041977813,0.00029192313293962944,0.0002929338512745719,58.04567534692534,61.64587391278476,10.959266473383957
7.28,2.6891111526758247e-06,1.7284191504448956e-05,0.0,-2.006154607566686,0.9998476041977813,0.00029192313293962944,0.0002929338512745719,58.04567534692534,61.64587391278476,10.959266473383957
7.3,2.5573295962481974e-06,1.6405112232245378e-05,0.0,-2.006154607566686,0.9998476041977813,0.00029192313293962944,0.0002929338512745719,58.04567534692534,61.64587391278476,10.959266473383957
7.32,2.4318449095492576e-06,1.5569986605741995e-05,0.0,-2.006154607566686,0.9998476041977813,0.00029192313293962944,0.0002929338512745719,58.04567534692534,61.64587391278476,10.959266473383957
7.34,2.3123660109343966e-06,1.4776661316745718e-05,0.0,-2.006154607566686,0.9998476041977813,0.00029192313293962944,0.0002929338512745719,58.04567534692534,61.64587391278476,10.959266473383957
7.36,2.1986146634504012e-06,1.4023085931086097e-05,0.0,-2.006154607566686,0.9998476041977813,0.00029192313293962944,0.0002929338512745719,58.04567534692534,61.64587391278476,10.959266473383957
7.38,2.090324947386948e-06,1.3307308097779853e-05,0.0,-2.006154607566686,0.9998476041977813,0.00029192313293962944,0.0002929338512745719,58.04567534692534,61.64587391278476,10.959266473383957
7.4,1.987242751825383e-06,1.2627469004717671e-05,0.0,-2.006154607566686,0.9998476041977813,0.00029192313293962944,0.0002929338512745719,58.04567534692534,61.64587391278476,10.959266473383957
7.42,1.8891252847052168e-06,1.1981799042389437e-05,0.0,-2.006154607566686,0.9998476041977813,0.00029192313293962944,0.0002929338512745719,58.04567534692534,61.64587391278476,10.959266473383957
7.44,1.795740600912351e-06,1.1368612320571184e-05,0.0,-2.006154842316374,0.9998478552962747,0.00029192356902477264,0.0002929308518173689,58.045907534978774,61.646151578368936,10.959315836154477
7.46,1.7068671482822449e-06,1.0786308281962012e-05,0.0,-2.006154842316374,0.9998478552962747,0.00029192356902477264,0.0002929308518173689,58.045907534978774,61.646151578368936,10.959315836154477
7.48,1.6222933297817984e-06,1.0233359463993573e-05,0.0,-2.006154842316374,0.9998478552962747,0.00029192356902477264,0.0002929308518173689,58.045907534978774,61.646151578368936,10.959315836154477
7.5,1.541817082214333e-06,9.708313130835676e-06,0.0,-2.006154842316374,0.9998478552962747,0.00029192356902477264,0.0002929308518173689,58.045907534978774,61.646151578368936,10.959315836154477
7.5200000000000005,1.4652454718908399e-06,9.20978704650311e-06,0.0,-2.006154842316374,0.9998478552962747,0.00029192356902477264,0.0002929308518173689,58.045907534978774,61.646151578368936,10.959315836154477
7.54,1.3923943054721347e-06,8.736465975150771e-06,0.0,-2.006154842316374,0.9998478552962747,0.00029192356902477264,0.0002929308518173689,58.045907534978774,61.646151578368936,10.959315836154477
7.5600000000000005,1.3230877557849563e-06,8.287098481278447e-06,0.0,-2.006154842316374,0.9998478552962747,0.00029192356902477264,0.0002929308518173689,58.045907534978774,61.646151578368936,10.959315836154477
7.58,1.2571580022091338e-06,7.86049391158761e-06,0.0,-2.006154842316374,0.9998478552962747,0.00029192356902477264,0.0002929308518173689,58.045907534978774,61.646151578368936,10.959315836154477
7.6000000000000005,1.1944448851838075e-06,7.455519522736404e-06,0.0,-2.006154842316374,0.9998478552962747,0.00029192356902477264,0.0002929308518173689,58.045907534978774,61.646151578368936,10.959315836154477
7.62,1.1347955743741992e-06,7.071097741664779e-06,0.0,-2.006154842316374,0.9998478552962747,0.00029192356902477264,0.0002929308518173689,58.045907534978774,61.646151578368936,10.959315836154477
7.640000000000001,1.0780642500450293e-06,6.706203376968024e-06,0.0,-2.006155031778712,0.9998480579210953,0.00029192393229111364,0.0002929283457804355,58.046102322597086,61.64638346999398,10.959357061332263
7.66,1.0241117972458375e-06,6.35986181884428e-06,0.0,-2.006155031778712,0.9998480579210953,0.00029192393229111364,0.0002929283457804355,58.046102322597086,61.64638346999398,10.959357061332263
7.68,9.728055122191074e-07,6.031145654479939e-06,0.0,-2.006155031778712,0.9998480579210953,0.00029192393229111364,0.0002929283457804355,58.046102322597086,61.64638346999398,10.959357061332263
7.7,9.240188206940221e-07,5.719172979010653e-06,0.0,-2.006155031778712,0.9998480579210953,0.00029192393229111364,0.0002929283457804355,58.046102322597086,61.64638346999398,10.959357061332263
7.72,8.776310077711871e-07,5.42310515401721e-06,0.0,-2.006155031778712,0.9998480579210953,0.00029192393229111364,0.0002929283457804355,58.046102322597086,61.64638346999398,10.959357061332263
7.74,8.33526958842182e-07,5.142144720400434e-06,0.0,-2.006155031778712,0.9998480579210953,0.00029192393229111364,0.0002929283457804355,58.046102322597086,61.64638346999398,10.959357061332263
7.76,7.91596911174184e-07,4.875533421428776e-06,0.0,-2.006155031778712,0.9998480579210953,0.00029192393229111364,0.0002929283457804355,58.046102322597086,61.64638346999398,10.959357061332263
7.78,7.51736215779725e-07,4.622550321006509e-06,0.0,-2.006155031778712,0.9998480579210953,0.00029192393229111364,0.0002929283457804355,58.046102322597086,61.64638346999398,10.959357061332263
7.8,7.138451091966255e-07,4.382510010346512e-06,0.0,-2.006155031778712,0.9998480579210953,0.00029192393229111364,0.0002929283457804355,58.046102322597086,61.64638346999398,10.959357061332263
7.82,6.778284948118868e-07,4.154760898343618e-06,0.0,-2.006155031778712,0.9998480579210953,0.00029192393229111364,0.0002929283457804355,58.046102322597086,61.64638346999398,10.959357061332263
7.84,6.435957333733571e-07,3.938683703207915e-06,0.0,-2.006155187336542,0.999848224261329,0.00029192423918066295,0.00029292622316188935,58.04626789429531,61.64657981113755,10.959391966424453
7.86,6.110604423074971e-07,3.7336893667768716e-06,0.0,-2.006155187336542,0.999848224261329,0.00029192423918066295,0.00029292622316188935,58.04626789429531,61.64657981113755,10.959391966424453
7.88,5.801403036274559e-07,3.539218428295658e-06,0.0,-2.006155187336542,0.999848224261329,0.00029192423918066295,0.00029292622316188935,58.04626789429531,61.64657981113755,10.959391966424453
7.9,5.507568800115316e-07,3.3547390450557427e-06,0.0,-2.006155187336542,0.999848224261329,0.00029192423918066295,0.00029292622316188935,58.04626789429531,61.64657981113755,10.959391966424453
7.92,5.228354386526894e-07,3.179745742051493e-06,0.0,-2.006155187336542,0.999848224261329,0.00029192423918066295,0.00029292622316188935,58.04626789429531,61.64657981113755,10.959391966424453
7.94,4.963047827115964e-07,3.013758154560045e-06,0.0,-2.006155187336542,0.999848224261329,0.00029192423918066295,0.00029292622316188935,58.04626789429531,61.64657981113755,10.959391966424453
7.96,4.710970900423629e-07,2.8563198127610476e-06,0.0,-2.006155187336542,0.999848224261329,0.00029192423918066295,0.00029292622316188935,58.04626789429531,61.64657981113755,10.959391966424453
7.98,4.4714775889582384e-07,2.7069969793964807e-06,0.0,-2.006155187336542,0.999848224261329,0.00029192423918066295,0.00029292622316188935,58.04626789429531,61.64657981113755,10.959391966424453
8.0,4.243952603215259e-07,2.5653775414945086e-06,0.0,-2.006155187336542,0.999848224261329,0.00029192423918066295,0.00029292622316188935,58.04626789429531,61.64657981113755,10.959391966424453
8.02,4.0278099700048453e-07,2.431069954505558e-06,0.0,-2.006155187336542,0.999848224261329,0.00029192423918066295,0.00029292622316188935,58.04626789429531,61.64657981113755,10.959391966424453
8.040000000000001,3.822491682503002e-07,2.303702387602031e-06,0.0,-2.006155316950325,0.9998483628400827,0.00029192450159725363,0.00029292440398209074,58.046410238499156,61.64674803041475,10.959421872073733
8.06,3.627466409089429e-07,2.1829211189206457e-06,0.0,-2.006155316950325,0.9998483628400827,0.00029192450159725363,0.00029292440398209074,58.046410238499156,61.64674803041475,10.959421872073733
8.08,3.44222826001388e-07,2.0683906387054426e-06,0.0,-2.006155316950325,0.9998483628400827,0.00029192450159725363,0.00029292440398209074,58.046410238499156,61.64674803041475,10.959421872073733
8.1,3.266295608494001e-07,1.9597921242084972e-06,0.0,-2.006155316950325,0.9998483628400827,0.00029192450159725363,0.00029292440398209074,58.046410238499156,61.64674803041475,10.959421872073733
8.120000000000001,3.099209962957695e-07,1.8568227173853058e-06,0.0,-2.006155316950325,0.9998483628400827,0.00029192450159725363,0.00029292440398209074,58.046410238499156,61.64674803041475,10.959421872073733
8.14,2.940534889884013e-07,1.7591947646397946e-06,0.0,-2.006155316950325,0.9998483628400827,0.00029192450159725363,0.00029292440398209074,58.046410238499156,61.64674803041475,10.959421872073733
8.16,2.789854984776146e-07,1.6666350739339156e-06,0.0,-2.006155316950325,0.9998483628400827,0.00029192450159725363,0.00029292440398209074,58.046410238499156,61.64674803041475,10.959421872073733
8.18,2.646774889165139e-07,1.5788842027425052e-06,0.0,-2.006155316950325,0.9998483628400827,0.00029192450159725363,0.00029292440398209074,58.046410238499156,61.64674803041475,10.959421872073733
8.2,2.510918351692134e-07,1.495695779130981e-06,0.0,-2.006155316950325,0.9998483628400827,0.00029192450159725363,0.00029292440398209074,58.046410238499156,61.64674803041475,10.959421872073733
8.22,2.381927331408525e-07,1.4168358553795062e-06,0.0,-2.006155316950325,0.9998483628400827,0.00029192450159725363,0.00029292440398209074,58.046410238499156,61.64674803041475,10.959421872073733
8.24,2.2594611415078935e-07,1.3420824083503404e-06,0.0,-2.006155426329137,0.9998484797691577,0.0002919247283505796,0.0002929228288291767,58.04653382799943,61.64689364309551,10.959447758772535
8.26,2.1431956314338635e-07,1.2712242614334306e-06,0.0,-2.006155426329137,0.9998484797691577,0.0002919247283505796,0.0002929228288291767,58.04653382799943,61.64689364309551,10.959447758772535
8.28,2.032822406815077e-07,1.2040612963285008e-06,0.0,-2.006155426329137,0.9998484797691577,0.0002919247283505796,0.0002929228288291767,58.04653382799943,61.64689364309551,10.959447758772535
8.3,1.9280480848338543e-07,1.1404034290728446e-06,0.0,-2.006155426329137,0.9998484797691577,0.0002919247283505796,0.0002929228288291767,58.04653382799943,61.64689364309551,10.959447758772535
8.32,1.8285935827009764e-07,1.0800701836210657e-06,0.0,-2.006155426329137,0.9998484797691577,0.0002919247283505796,0.0002929228288291767,58.04653382799943,61.64689364309551,10.959447758772535
8.34,1.734193438986889e-07,1.0228902322780777e-06,0.0,-2.006155426329137,0.9998484797691577,0.0002919247283505796,0.0002929228288291767,58.04653382799943,61.64689364309551,10.959447758772535
8.36,1.6445951661148105e-07,9.687009443278337e-07,0.0,-2.006155426329137,0.9998484797691577,0.0002919247283505796,0.0002929228288291767,58.04653382799943,61.64689364309551,10.959447758772535
8.38,1.5595586325909195e-07,9.173479530318013e-07,0.0,-2.006155426329137,0.9998484797691577,0.0002919247283505796,0.0002929228288291767,58.04653382799943,61.64689364309551,10.959447758772535
8.4,1.4788554736571765e-07,8.686847429201122e-07,0.0,-2.006155426329137,0.9998484797691577,0.0002919247283505796,0.0002929228288291767,58.04653382799943,61.64689364309551,10.959447758772535
8.42,1.4022685291185378e-07,8.225722571081195e-07,0.0,-2.006155426329137,0.9998484797691577,0.0002919247283505796,0.0002929228288291767,58.04653382799943,61.64689364309551,10.959447758772535
8.44,1.329591307150258e-07,7.788785997388756e-07,0.0,-2.006155519658483,0.9998485795287654,0.00029192492608700113,0.00029292145273264155,58.046642064580205,61.64702082186223,10.959470368331063
8.46,1.2606274727177025e-07,7.374783579061151e-07,0.0,-2.006155519658483,0.9998485795287654,0.00029192492608700113,0.00029292145273264155,58.046642064580205,61.64702082186223,10.959470368331063
8.48,1.1951903602325793e-07,6.982527667375824e-07,0.0,-2.006155519658483,0.9998485795287654,0.00029192492608700113,0.00029292145273264155,58.046642064580205,61.64702082186223,10.959470368331063
8.5,1.1331025088677078e-07,6.610890661949716e-07,0.0,-2.006155519658483,0.9998485795287654,0.00029192492608700113,0.00029292145273264155,58.046642064580205,61.64702082186223,10.959470368331063
8.52,1.0741952189937388e-07,6.258802462992101e-07,0.0,-2.006155519658483,0.9998485795287654,0.00029192492608700113,0.00029292145273264155,58.046642064580205,61.64702082186223,10.959470368331063
8.540000000000001,1.0183081295640053e-07,5.925247699910211e-07,0.0,-2.006155519658483,0.9998485795287654,0.00029192492608700113,0.00029292145273264155,58.046642064580205,61.64702082186223,10.959470368331063
8.56,9.652888153342793e-08,5.609263004644075e-07,0.0,-2.006155519658483,0.9998485795287654,0.00029192492608700113,0.00029292145273264155,58.046642064580205,61.64702082186223,10.959470368331063
8.58,9.149924029818188e-08,5.309934396045864e-07,0.0,-2.006155519658483,0.9998485795287654,0.00029192492608700113,0.00029292145273264155,58.046642064580205,61.64702082186223,10.959470368331063
8.6,8.672812052620895e-08,5.026394788080003e-07,0.0,-2.006155519658483,0.9998485795287654,0.00029192492608700113,0.00029292145273264155,58.046642064580205,61.64702082186223,10.959470368331063
8.620000000000001,8.220243723865928e-08,4.7578216203634285e-07,0.0,-2.006155519658483,0.9998485795287654,0.00029192492608700113,0.00029292145273264155,58.046642064580205,61.64702082186223,10.959470368331063
8.64,7.790975598421139e-08,4.503435068932456e-07,0.0,-2.00615560006687,0.9998486654673154,0.000291925099906443,0.0002929202410840857,58.04673757722613,61.6471327765806,10.959490271392106
8.66,7.38382611769763e-08,4.2624939390563425e-07,0.0,-2.00615560006687,0.9998486654673154,0.000291925099906443,0.0002929202410840857,58.04673757722613,61.6471327765806,10.959490271392106
8.68,6.997672596295283e-08,4.034296689855841e-07,0.0,-2.00615560006687,0.9998486654673154,0.000291925099906443,0.0002929202410840857,58.04673757722613,61.6471327765806,10.959490271392106
8.700000000000001,6.631448351485271e-08,3.818177545263299e-07,0.0,-2.00615560006687,0.9998486654673154,0.000291925099906443,0.0002929202410840857,58.04673757722613,61.6471327765806,10.959490271392106
8.72,6.284139965776364e-08,3.6135049635833945e-07,0.0,-2.00615560006687,0.9998486654673154,0.000291925099906443,0.0002929202410840857,58.04673757722613,61.6471327765806,10.959490271392106
8.74,5.9547846811341515e-08,3.4196799720499396e-07,0.0,-2.00615560006687,0.9998486654673154,0.000291925099906443,0.0002929202410840857,58.04673757722613,61.6471327765806,10.959490271392106
8.76,5.642467917743998e-08,3.2361345288320067e-07,0.0,-2.00615560006687,0.9998486654673154,0.000291925099906443,0.0002929202410840857,58.04673757722613,61.6471327765806,10.959490271392106
8.78,5.346320911309477e-08,3.062329952554995e-07,0.0,-2.00615560006687,0.9998486654673154,0.000291925099906443,0.0002929202410840857,58.04673757722613,61.6471327765806,10.959490271392106
8.8,5.065518463349781e-08,2.8977554269820287e-07,0.0,-2.00615560006687,0.9998486654673154,0.000291925099906443,0.0002929202410840857,58.04673757722613,61.6471327765806,10.959490271392106
8.82,4.7992767992558515e-08,2.7419265799577087e-07,0.0,-2.00615560006687,0.9998486654673154,0.000291925099906443,0.0002929202410840857,58.04673757722613,61.6471327765806,10.959490271392106
8.84,4.546851529107989e-08,2.5943844035913763e-07,0.0,-2.006155669933197,0.9998487401306478,0.00029192525378143685,0.0002929191668548033,58.04682242682254,61.64723201317738,10.959507913453756
8.86,4.3075357056912724e-08,2.4546928250740405e-07,0.0,-2.006155669933197,0.9998487401306478,0.00029192525378143685,0.0002929191668548033,58.04682242682254,61.64723201317738,10.959507913453756
8.88,4.080657977710684e-08,2.3224392712444383e-07,0.0,-2.006155669933197,0.9998487401306478,0.00029192525378143685,0.0002929191668548033,58.04682242682254,61.64723201317738,10.959507913453756
8.9,3.865580831994798e-08,2.1972323730988182e-07,0.0,-2.006155669933197,0.9998487401306478,0.00029192525378143685,0.0002929191668548033,58.04682242682254,61.64723201317738,10.959507913453756
8.92,3.6616989186472076e-08,2.078701045352934e-07,0.0,-2.006155669933197,0.9998487401306478,0.00029192525378143685,0.0002929191668548033,58.04682242682254,61.64723201317738,10.959507913453756
8.94,3.468437457978477e-08,1.966493489696827e-07,0.0,-2.006155669933197,0.9998487401306478,0.00029192525378143685,0.0002929191668548033,58.04682242682254,61.64723201317738,10.959507913453756
8.96,3.2852507247642915e-08,1.8602762159353666e-07,0.0,-2.006155669933197,0.9998487401306478,0.00029192525378143685,0.0002929191668548033,58.04682242682254,61.64723201317738,10.959507913453756
8.98,3.11162060603585e-08,1.7597331042438187e-07,0.0,-2.006155669933197,0.9998487401306478,0.00029192525378143685,0.0002929191668548033,58.04682242682254,61.64723201317738,10.959507913453756
9.0,2.9470552288999693e-08,1.664564512811562e-07,0.0,-2.006155669933197,0.9998487401306478,0.00029192525378143685,0.0002929191668548033,58.04682242682254,61.64723201317738,10.959507913453756
9.02,2.791087655076259e-08,1.5744864302763024e-07,0.0,-2.006155669933197,0.9998487401306478,0.00029192525378143685,0.0002929191668548033,58.04682242682254,61.64723201317738,10.959507913453756
9.040000000000001,2.643274638995701e-08,1.4892298241107875e-07,0.0,-2.0061557310942297,0.9998488054842276,0.00029192539084806025,0.000292918208656803,58.04689824960832,61.64732051394589,10.959523646923715
9.06,2.5031954460021364e-08,1.4085392268049656e-07,0.0,-2.0061557310942297,0.9998488054842276,0.00029192539084806025,0.000292918208656803,58.04689824960832,61.64732051394589,10.959523646923715
9.08,2.370450729235821e-08,1.3321730200613477e-07,0.0,-2.0061557310942297,0.9998488054842276,0.00029192539084806025,0.000292918208656803,58.04689824960832,61.64732051394589,10.959523646923715
9.1,2.2446614614091546e-08,1.2599021017774732e-07,0.0,-2.0061557310942297,0.9998488054842276,0.00029192539084806025,0.000292918208656803,58.04689824960832,61.64732051394589,10.959523646923715
9.120000000000001,2.12546791779453e-08,1.1915093332497176e-07,0.0,-2.0061557310942297,0.9998488054842276,0.00029192539084806025,0.000292918208656803,58.04689824960832,61.64732051394589,10.959523646923715
9.14,2.0125287095192807e-08,1.1267889451721111e-07,0.0,-2.0061557310942297,0.9998488054842276,0.00029192539084806025,0.000292918208656803,58.04689824960832,61.64732051394589,10.959523646923715
9.16,1.9055198644162172e-08,1.0655459555783462e-07,0.0,-2.0061557310942297,0.9998488054842276,0.00029192539084806025,0.000292918208656803,58.04689824960832,61.64732051394589,10.959523646923715
9.18,1.8041339530648703e-08,1.007595612757286e-07,0.0,-2.0061557310942297,0.9998488054842276,0.00029192539084806025,0.000292918208656803,58.04689824960832,61.64732051394589,10.959523646923715
9.200000000000001,1.7080792578356742e-08,9.52762865450563e-08,0.0,-2.0061557310942297,0.9998488054842276,0.00029192539084806025,0.000292918208656803,58.04689824960832,61.64732051394589,10.959523646923715
9.22,1.6170789828683655e-08,9.008818598939083e-08,0.0,-2.0061557310942297,0.9998488054842276,0.00029192539084806025,0.000292918208656803,58.04689824960832,61.64732051394589,10.959523646923715
9.24,1.530870503015822e-08,8.517955474948678e-08,0.0,-2.0061557849877274,0.9998488630664117,0.0002919255136119818,0.000292917349364988,58.04696635962206,61.64739986560631,10.959537753885567
9.26,1.4492046496285487e-08,8.053548713499031e-08,0.0,-2.0061557849877274,0.9998488630664117,0.0002919255136119818,0.000292917349364988,58.04696635962206,61.64739986560631,10.959537753885567
9.28,1.3718450321968718e-08,7.614188964543896e-08,0.0,-2.0061557849877274,0.9998488630664117,0.0002919255136119818,0.000292917349364988,58.04696635962206,61.64739986560631,10.959537753885567
9.3,1.29856739356454e-08,7.198540445309762e-08,0.0,-2.0061557849877274,0.9998488630664117,0.0002919255136119818,0.000292917349364988,58.04696635962206,61.64739986560631,10.959537753885567
9.32,1.2291589964981076e-08,6.80533762984872e-08,0.0,-2.0061557849877274,0.9998488630664117,0.0002919255136119818,0.000292917349364988,58.04696635962206,61.64739986560631,10.959537753885567
9.34,1.1634180409452436e-08,6.433381724448454e-08,0.0,-2.0061557849877274,0.9998488630664117,0.0002919255136119818,0.000292917349364988,58.04696635962206,61.64739986560631,10.959537753885567
9.36,1.101153110300717e-08,6.081537222839198e-08,0.0,-2.0061557849877274,0.9998488630664117,0.0002919255136119818,0.000292917349364988,58.04696635962206,61.64739986560631,10.959537753885567
9.38,1.0421826452212434e-08,5.748728612372491e-08,0.0,-2.0061557849877274,0.9998488630664117,0.0002919255136119818,0.000292917349364988,58.04696635962206,61.64739986560631,10.959537753885567
9.4,9.863344436370856e-09,5.43393724345838e-08,0.0,-2.0061557849877274,0.9998488630664117,0.0002919255136119818,0.000292917349364988,58.04696635962206,61.64739986560631,10.959537753885567
9.42,9.334451856816882e-09,5.1361983589738535e-08,0.0,-2.0061557849877274,0.9998488630664117,0.0002919255136119818,0.000292917349364988,58.04696635962206,61.64739986560631,10.959537753885567
9.44,8.833599823236489e-09,4.8545987405941436e-08,0.0,-2.0061558327530875,0.9998489140962109,0.00029192562409691006,0.00029291657512148803,58.047027823071645,61.64747135180647,10.959550462543373
9.46,8.359319464074318e-09,4.58827206783996e-08,0.0,-2.0061558327530875,0.9998489140962109,0.00029192562409691006,0.00029291657512148803,58.047027823071645,61.64747135180647,10.959550462543373
9.48,7.910217854401372e-09,4.336399439818767e-08,0.0,-2.0061558327530875,0.9998489140962109,0.00029192562409691006,0.00029291657512148803,58.047027823071645,61.64747135180647,10.959550462543373
9.5,7.484974147569268e-09,4.098205020847774e-08,0.0,-2.0061558327530875,0.9998489140962109,0.00029192562409691006,0.00029291657512148803,58.047027823071645,61.64747135180647,10.959550462543373
9.52,7.0823358974273e-09,3.872954065288339e-08,0.0,-2.0061558327530875,0.9998489140962109,0.00029192562409691006,0.00029291657512148803,58.047027823071645,61.64747135180647,10.959550462543373
9.540000000000001,6.701115566393231e-09,3.6599508352000356e-08,0.0,-2.0061558327530875,0.9998489140962109,0.00029192562409691006,0.00029291657512148803,58.047027823071645,61.64747135180647,10.959550462543373
9.56,6.340187209191178e-09,3.4585365706060475e-08,0.0,-2.0061558327530875,0.9998489140962109,0.00029192562409691006,0.00029291657512148803,58.047027823071645,61.64747135180647,10.959550462543373
9.58,5.99848332333891e-09,3.268087550702312e-08,0.0,-2.0061558327530875,0.9998489140962109,0.00029192562409691006,0.00029291657512148803,58.047027823071645,61.64747135180647,10.959550462543373
9.6,5.674991858101613e-09,3.088013252249103e-08,0.0,-2.0061558327530875,0.9998489140962109,0.00029192562409691006,0.00029291657512148803,58.047027823071645,61.64747135180647,10.959550462543373
9.620000000000001,5.368753374078558e-09,2.9177546028717692e-08,0.0,-2.0061558327530875,0.9998489140962109,0.00029192562409691006,0.00029291657512148803,58.047027823071645,61.64747135180647,10.959550462543373
9.64,5.078858345979468e-09,2.756782574898372e-08,0.0,-2.0061558753034263,0.9998489595504625,0.00029192572395339176,0.0002929158746038908,58.04708351321315,61.647536021078146,10.959561959302782
9.66,4.80444460077645e-09,2.6045955551213694e-08,0.0,-2.0061558753034263,0.9998489595504625,0.00029192572395339176,0.0002929158746038908,58.04708351321315,61.647536021078146,10.959561959302782
9.68,4.5446948868611896e-09,2.4607195023459315e-08,0.0,-2.0061558753034263,0.9998489595504625,0.00029192572395339176,0.0002929158746038908,58.04708351321315,61.647536021078146,10.959561959302782
9.700000000000001,4.298834566084979e-09,2.324705486023158e-08,0.0,-2.0061558753034263,0.9998489595504625,0.00029192572395339176,0.0002929158746038908,58.04708351321315,61.647536021078146,10.959561959302782
9.72,4.06612942084199e-09,2.1961285126204066e-08,0.0,-2.0061558753034263,0.9998489595504625,0.00029192572395339176,0.0002929158746038908,58.04708351321315,61.647536021078146,10.959561959302782
9.74,3.845883572980793e-09,2.07458630051876e-08,0.0,-2.0061558753034263,0.9998489595504625,0.00029192572395339176,0.0002929158746038908,58.04708351321315,61.647536021078146,10.959561959302782
9.76,3.6374375084164418e-09,1.959698089131655e-08,0.0,-2.0061558753034263,0.9998489595504625,0.00029192572395339176,0.0002929158746038908,58.04708351321315,61.647536021078146,10.959561959302782
9.78,3.4401662020332163e-09,1.8511035025409355e-08,0.0,-2.0061558753034263,0.9998489595504625,0.00029192572395339176,0.0002929158746038908,58.04708351321315,61.647536021078146,10.959561959302782
9.8,3.2534773378425533e-09,1.7484614706821628e-08,0.0,-2.0061558753034263,0.9998489595504625,0.00029192572395339176,0.0002929158746038908,58.04708351321315,61.647536021078146,10.959561959302782
9.82,3.07680961963448e-09,1.6514492066007566e-08,0.0,-2.0061558753034263,0.9998489595504625,0.00029192572395339176,0.0002929158746038908,58.04708351321315,61.647536021078146,10.959561959302782
9.84,2.909631167599746e-09,1.5597613701455794e-08,0.0,-2.0061559133779863,0.9998490002199351,0.0002919258145396141,0.0002929152384803936,58.04713415136314,61.64759473741641,10.959572397762917
9.86,2.751437996233622e-09,1.4731085852167984e-08,0.0,-2.0061559133779863,0.9998490002199351,0.0002919258145396141,0.0002929152384803936,58.04713415136314,61.64759473741641,10.959572397762917
9.88,2.601752570692484e-09,1.3912174452514192e-08,0.0,-2.0061559133779863,0.9998490002199351,0.0002919258145396141,0.0002929152384803936,58.04713415136314,61.64759473741641,10.959572397762917
9.9,2.4601224368055266e-09,1.3138291294129258e-08,0.0,-2.0061559133779863,0.9998490002199351,0.0002919258145396141,0.0002929152384803936,58.04713415136314,61.64759473741641,10.959572397762917
9.92,2.3261189201192873e-09,1.2406987082324342e-08,0.0,-2.0061559133779863,0.9998490002199351,0.0002919258145396141,0.0002929152384803936,58.04713415136314,61.64759473741641,10.959572397762917
9.94,2.1993358918388457e-09,1.1715944258171611e-08,0.0,-2.0061559133779863,0.9998490002199351,0.0002919258145396141,0.0002929152384803936,58.04713415136314,61.64759473741641,10.959572397762917
9.96,2.07938859800153e-09,1.1062970039594074e-08,0.0,-2.0061559133779863,0.9998490002199351,0.0002919258145396141,0.0002929152384803936,58.04713415136314,61.64759473741641,10.959572397762917
9.98,1.9659125486234216e-09,1.0445989787826138e-08,0.0,-2.0061559133779863,0.9998490002199351,0.0002919258145396141,0.0002929152384803936,58.04713415136314,61.64759473741641,10.959572397762917
10.0,1.85856246377826e-09,9.86304071313032e-09,0.0,-2.0061559133779863,0.9998490002199351,0.0002919258145396141,0.0002929152384803936,58.04713415136314,61.64759473741641,10.959572397762917
10.02,1.7570112737339106e-09,9.312265910265472e-09,0.0,-2.0061559133779863,0.9998490002199351,0.0002919258145396141,0.0002929152384803936,58.04713415136314,61.64759473741641,10.959572397762917
10.040000000000001,1.6609491704169195e-09,8.791909407747173e-09,0.0,-2.0061559475808433,0.9998490367507591,0.00029192589698230707,0.0002929146589981782,58.04718033799455,61.64764821847864,10.959581905507314
10.06,1.5700827074069094e-09,8.300307845927923e-09,0.0,-2.0061559475808433,0.9998490367507591,0.00029192589698230707,0.0002929146589981782,58.04718033799455,61.64764821847864,10.959581905507314
10.08,1.484133946659367e-09,7.83589001666392e-09,0.0,-2.0061559475808433,0.9998490367507591,0.00029192589698230707,0.0002929146589981782,58.04718033799455,61.64764821847864,10.959581905507314
10.1,1.4028396491360355e-09,7.397169118409602e-09,0.0,-2.0061559475808433,0.9998490367507591,0.00029192589698230707,0.0002929146589981782,58.04718033799455,61.64764821847864,10.959581905507314
10.120000000000001,1.3259505066303577e-09,6.98273866622761e-09,0.0,-2.0061559475808433,0.9998490367507591,0.00029192589698230707,0.0002929146589981782,58.04718033799455,61.64764821847864,10.959581905507314
10.14,1.2532304133988829e-09,6.591268302898792e-09,0.0,-2.0061559475808433,0.9998490367507591,0.00029192589698230707,0.0002929146589981782,58.04718033799455,61.64764821847864,10.959581905507314
10.16,1.1844557754195966e-09,6.2214997484468985e-09,0.0,-2.0061559475808433,0.9998490367507591,0.00029192589698230707,0.0002929146589981782,58.04718033799455,61.64764821847864,10.959581905507314
10.18,1.1194148553246074e-09,5.872242942826278e-09,0.0,-2.0061559475808433,0.9998490367507591,0.00029192589698230707,0.0002929146589981782,58.04718033799455,61.64764821847864,10.959581905507314
10.200000000000001,1.0579071511827422e-09,5.542372387811365e-09,0.0,-2.0061559475808433,0.9998490367507591,0.00029192589698230707,0.0002929146589981782,58.04718033799455,61.64764821847864,10.959581905507314
10.22,9.99742807406822e-10,5.230823681918931e-09,0.0,-2.0061559475808433,0.9998490367507591,0.00029192589698230707,0.0002929146589981782,58.04718033799455,61.64764821847864,10.959581905507314
10.24,9.447420561483888e-10,4.936590603213774e-09,0.0,-2.00615597840986,0.9998490696754232,0.00029192597222319275,0.0002929141296687777,58.04722257656676,61.64769706477366,10.959590589293095
10.26,8.927346875185688e-10,4.658720456579388e-09,0.0,-2.00615597840986,0.9998490696754232,0.00029192597222319275,0.0002929141296687777,58.04722257656676,61.64769706477366,10.959590589293095
10.28,8.435595475035367e-10,4.396313531372774e-09,0.0,-2.00615597840986,0.9998490696754232,0.00029192597222319275,0.0002929141296687777,58.04722257656676,61.64769706477366,10.959590589293095
10.3,7.970640619227399e-10,4.1485187836714035e-09,0.0,-2.00615597840986,0.9998490696754232,0.00029192597222319275,0.0002929141296687777,58.04722257656676,61.64769706477366,10.959590589293095
10.32,7.531037848445296e-10,3.914531437655732e-09,0.0,-2.00615597840986,0.9998490696754232,0.00029192597222319275,0.0002929141296687777,58.04722257656676,61.64769706477366,10.959590589293095
10.34,7.115419705719241e-10,3.693590550555532e-09,0.0,-2.00615597840986,0.9998490696754232,0.00029192597222319275,0.0002929141296687777,58.04722257656676,61.64769706477366,10.959590589293095
10.36,6.722491679090097e-10,3.484976664058531e-09,0.0,-2.00615597840986,0.9998490696754232,0.00029192597222319275,0.0002929141296687777,58.04722257656676,61.64769706477366,10.959590589293095
10.38,6.35102835544502e-10,3.288009569736154e-09,0.0,-2.00615597840986,0.9998490696754232,0.00029192597222319275,0.0002929141296687777,58.04722257656676,61.64769706477366,10.959590589293095
10.4,5.999869774638544e-10,3.1020461910114337e-09,0.0,-2.00615597840986,0.9998490696754232,0.00029192597222319275,0.0002929141296687777,58.04722257656676,61.64769706477366,10.959590589293095
10.42,5.667917973602658e-10,2.926478577640368e-09,0.0,-2.00615597840986,0.9998490696754232,0.00029192597222319275,0.0002929141296687777,58.04722257656676,61.64769706477366,10.959590589293095
10.44,5.354133710680554e-10,2.7607321946786757e-09,0.0,-2.0061560062786117,0.9998490994362379,0.00029192604105478655,0.00029291364502509253,58.047261291993586,61.64774178219719,10.959598539057279
10.46,5.05753336036475e-10,2.6042633300564853e-09,0.0,-2.0061560062786117,0.9998490994362379,0.00029192604105478655,0.00029291364502509253,58.047261291993586,61.64774178219719,10.959598539057279
10.48,4.777185971416743e-10,2.456558628909405e-09,0.0,-2.0061560062786117,0.9998490994362379,0.00029192604105478655,0.00029291364502509253,58.047261291993586,61.64774178219719,10.959598539057279
10.5,4.5122104787303285e-10,2.317132694889876e-09,0.0,-2.0061560062786117,0.9998490994362379,0.00029192604105478655,0.00029291364502509253,58.047261291993586,61.64774178219719,10.959598539057279
10.52,4.2617730597059285e-10,2.1855266895224806e-09,0.0,-2.0061560062786117,0.9998490994362379,0.00029192604105478655,0.00029291364502509253,58.047261291993586,61.64774178219719,10.959598539057279
10.540000000000001,4.0250846295536646e-10,2.061306922109765e-09,0.0,-2.0061560062786117,0.9998490994362379,0.00029192604105478655,0.00029291364502509253,58.047261291993586,61.64774178219719,10.959598539057279
10.56,3.801398467926603e-10,1.9440634929630135e-09,0.0,-2.0061560062786117,0.9998490994362379,0.00029192604105478655,0.00029291364502509253,58.047261291993586,61.64774178219719,10.959598539057279
10.58,3.59000796998656e-10,1.8334090036704273e-09,0.0,-2.0061560062786117,0.9998490994362379,0.00029192604105478655,0.00029291364502509253,58.047261291993586,61.64774178219719,10.959598539057279
10.6,3.390244515439523e-10,1.7289773352525033e-09,0.0,-2.0061560062786117,0.9998490994362379,0.00029192604105478655,0.00029291364502509253,58.047261291993586,61.64774178219719,10.959598539057279
10.620000000000001,3.2014754494274747e-10,1.6304224916739385e-09,0.0,-2.0061560062786117,0.9998490994362379,0.00029192604105478655,0.00029291364502509253,58.047261291993586,61.64774178219719,10.959598539057279
10.64,3.023102169480698e-10,1.5374176007468117e-09,0.0,-2.0061560315332083,0.9998491264033367,0.0002919261041483607,0.0002929132004312239,58.04729684513558,61.647782799664235,10.95960583105142
10.66,2.854558312752168e-10,1.4496534742522086e-09,0.0,-2.0061560315332083,0.9998491264033367,0.0002919261041483607,0.0002929132004312239,58.04729684513558,61.647782799664235,10.95960583105142
10.68,2.6953080392198924e-10,1.3668382563176983e-09,0.0,-2.0061560315332083,0.9998491264033367,0.0002919261041483607,0.0002929132004312239,58.04729684513558,61.647782799664235,10.95960583105142
10.700000000000001,2.544844405252937e-10,1.2886960951750372e-09,0.0,-2.0061560315332083,0.9998491264033367,0.0002919261041483607,0.0002929132004312239,58.04729684513558,61.647782799664235,10.95960583105142
10.72,2.4026878221815014e-10,1.2149663287326187e-09,0.0,-2.0061560315332083,0.9998491264033367,0.0002919261041483607,0.0002929132004312239,58.04729684513558,61.647782799664235,10.95960583105142
10.74,2.2683845964035183e-10,1.1454026710768786e-09,0.0,-2.0061560315332083,0.9998491264033367,0.0002919261041483607,0.0002929132004312239,58.04729684513558,61.647782799664235,10.95960583105142
10.76,2.141505546568669e-10,1.0797724315415422e-09,0.0,-2.0061560315332083,0.9998491264033367,0.0002919261041483607,0.0002929132004312239,58.04729684513558,61.647782799664235,10.95960583105142
10.78,2.0216446937692826e-10,1.0178557730116385e-09,0.0,-2.0061560315332083,0.9998491264033367,0.0002919261041483607,0.0002929132004312239,58.04729684513558,61.647782799664235,10.95960583105142
10.8,1.9084180209190054e-10,9.59445009600599e-10,0.0,-2.0061560315332083,0.9998491264033367,0.0002919261041483607,0.0002929132004312239,58.04729684513558,61.647782799664235,10.95960583105142
10.82,1.8014622977071668e-10,9.043439421641915e-10,0.0,-2.0061560315332083,0.9998491264033367,0.0002919261041483607,0.0002929132004312239,58.04729684513558,61.647782799664235,10.95960583105142
10.84,1.7004339677049153e-10,8.523672774817569e-10,0.0,-2.006156054465307,0.9998491508886032,0.00029192616207593625,0.0002929127919326587,58.04732954424085,61.64782048299631,10.959612530310455
10.86,1.6050080942365457e-10,8.033398309359649e-10,0.0,-2.006156054465307,0.9998491508886032,0.00029192616207593625,0.0002929127919326587,58.04732954424085,61.64782048299631,10.959612530310455
10.88,1.514877362389452e-10,7.570962792689793e-10,0.0,-2.006156054465307,0.9998491508886032,0.00029192616207593625,0.0002929127919326587,58.04732954424085,61.64782048299631,10.959612530310455
10.9,1.42975113391438e-10,7.134804273516646e-10,0.0,-2.006156054465307,0.9998491508886032,0.00029192616207593625,0.0002929127919326587,58.04732954424085,61.64782048299631,10.959612530310455
10.92,1.3493545519140044e-10,6.723447365997593e-10,0.0,-2.006156054465307,0.9998491508886032,0.00029192616207593625,0.0002929127919326587,58.04732954424085,61.64782048299631,10.959612530310455
10.94,1.2734276931897603e-10,6.335498574134678e-10,0.0,-2.006156054465307,0.9998491508886032,0.00029192616207593625,0.0002929127919326587,58.04732954424085,61.64782048299631,10.959612530310455
10.96,1.2017247656397843e-10,5.969641813030907e-10,0.0,-2.006156054465307,0.9998491508886032,0.00029192616207593625,0.0002929127919326587,58.04732954424085,61.64782048299631,10.959612530310455
10.98,1.1340133483163349e-10,5.624634158870765e-10,0.0,-2.006156054465307,0.9998491508886032,0.00029192616207593625,0.0002929127919326587,58.04732954424085,61.64782048299631,10.959612530310455
11.0,1.0700736718958492e-10,5.299301826371271e-10,0.0,-2.006156054465307,0.9998491508886032,0.00029192616207593625,0.0002929127919326587,58.04732954424085,61.64782048299631,10.959612530310455
11.02,1.0096979374368427e-10,4.992536364453212e-10,0.0,-2.006156054465307,0.9998491508886032,0.00029192616207593625,0.0002929127919326587,58.04732954424085,61.64782048299631,10.959612530310455
11.040000000000001,9.526896714120932e-11,4.703291294419116e-10,0.0,-2.0061560753223002,0.9998491731565731,0.000291926215327782,0.0002929124161368553,58.04735965408621,61.64785514598807,10.9596186926201
11.06,8.988631150374921e-11,4.430577707652555e-10,0.0,-2.0061560753223002,0.9998491731565731,0.000291926215327782,0.0002929124161368553,58.04735965408621,61.64785514598807,10.9596186926201
11.08,8.480426463116547e-11,4.173462605435684e-10,0.0,-2.0061560753223002,0.9998491731565731,0.000291926215327782,0.0002929124161368553,58.04735965408621,61.64785514598807,10.9596186926201
11.1,8.000622328889962e-11,3.93106486339691e-10,0.0,-2.0061560753223002,0.9998491731565731,0.000291926215327782,0.0002929124161368553,58.04735965408621,61.64785514598807,10.9596186926201
11.120000000000001,7.547649139962688e-11,3.702552512226301e-10,0.0,-2.0061560753223002,0.9998491731565731,0.000291926215327782,0.0002929124161368553,58.04735965408621,61.64785514598807,10.9596186926201
11.14,7.12002310096388e-11,3.487140060236539e-10,0.0,-2.0061560753223002,0.9998491731565731,0.000291926215327782,0.0002929124161368553,58.04735965408621,61.64785514598807,10.9596186926201
11.16,6.716341587809145e-11,3.2840859340223546e-10,0.0,-2.0061560753223002,0.9998491731565731,0.000291926215327782,0.0002929124161368553,58.04735965408621,61.64785514598807,10.9596186926201
11.18,6.335278754916338e-11,3.092690051839134e-10,0.0,-2.0061560753223002,0.9998491731565731,0.000291926215327782,0.0002929124161368553,58.04735965408621,61.64785514598807,10.9596186926201
11.200000000000001,5.975581377549962e-11,2.91229152794902e-10,0.0,-2.0061560753223002,0.9998491731565731,0.000291926215327782,0.0002929124161368553,58.04735965408621,61.64785514598807,10.9596186926201
11.22,5.6360649168468075e-11,2.7422665023137003e-10,0.0,-2.0061560753223002,0.9998491731565731,0.000291926215327782,0.0002929124161368553,58.04735965408621,61.64785514598807,10.9596186926201
11.24,5.315609795731183e-11,2.582026203079489e-10,0.0,-2.0061560943153696,0.9998491934330499,0.00029192626432646916,0.00029291207011717584,58.04738740335603,61.64788705930827,10.959624366099247
11.26,5.013157874213384e-11,2.431014522936568e-10,0.0,-2.0061560943153696,0.9998491934330499,0.00029192626432646916,0.00029291207011717584,58.04738740335603,61.64788705930827,10.959624366099247
11.28,4.727709114565847e-11,2.2887069401880327e-10,0.0,-2.0061560943153696,0.9998491934330499,0.00029192626432646916,0.00029291207011717584,58.04738740335603,61.64788705930827,10.959624366099247
11.3,4.458318425557852e-11,2.1546083042324244e-10,0.0,-2.0061560943153696,0.9998491934330499,0.00029192626432646916,0.00029291207011717584,58.04738740335603,61.64788705930827,10.959624366099247
11.32,4.204092675448878e-11,2.0282512740104032e-10,0.0,-2.0061560943153696,0.9998491934330499,0.00029192626432646916,0.00029291207011717584,58.04738740335603,61.64788705930827,10.959624366099247
11.34,3.9641878659200616e-11,1.909194790464704e-10,0.0,-2.0061560943153696,0.9998491934330499,0.00029192626432646916,0.00029291207011717584,58.04738740335603,61.64788705930827,10.959624366099247
11.36,3.7378064581294905e-11,1.7970226193468058e-10,0.0,-2.0061560943153696,0.9998491934330499,0.00029192626432646916,0.00029291207011717584,58.04738740335603,61.64788705930827,10.959624366099247
11.38,3.524194842731976e-11,1.6913419706475095e-10,0.0,-2.0061560943153696,0.9998491934330499,0.00029192626432646916,0.00029291207011717584,58.04738740335603,61.64788705930827,10.959624366099247
11.4,3.3226409461841076e-11,1.591782193189274e-10,0.0,-2.0061560943153696,0.9998491934330499,0.00029192626432646916,0.00029291207011717584,58.04738740335603,61.64788705930827,10.959624366099247
11.42,3.132471966071635e-11,1.497993540938786e-10,0.0,-2.0061560943153696,0.9998491934330499,0.00029192626432646916,0.00029291207011717584,58.04738740335603,61.64788705930827,10.959624366099247
11.44,2.953052228582217e-11,1.4096460611474585e-10,0.0,-2.00615611162589,0.9998492119119592,0.0002919263094382153,0.00029291175133522665,58.047412990607704,61.64791645769353,10.959629592478851
11.46,2.7837811614510798e-11,1.3264282639051454e-10,0.0,-2.00615611162589,0.9998492119119592,0.0002919263094382153,0.00029291175133522665,58.047412990607704,61.64791645769353,10.959629592478851
11.48,2.6240913767207567e-11,1.2480464380510941e-10,0.0,-2.00615611162589,0.9998492119119592,0.0002919263094382153,0.00029291175133522665,58.047412990607704,61.64791645769353,10.959629592478851
11.5,2.4734468570970034e-11,1.1742234396005333e-10,0.0,-2.00615611162589,0.9998492119119592,0.0002919263094382153,0.00029291175133522665,58.047412990607704,61.64791645769353,10.959629592478851
11.52,2.3313412399901417e-11,1.104697798703477e-10,0.0,-2.00615611162589,0.9998492119119592,0.0002919263094382153,0.00029291175133522665,58.047412990607704,61.64791645769353,10.959629592478851
11.540000000000001,2.197296194559807e-11,1.0392228514214048e-10,0.0,-2.00615611162589,0.9998492119119592,0.0002919263094382153,0.00029291175133522665,58.047412990607704,61.64791645769353,10.959629592478851
11.56,2.0708598866638098e-11,9.775659130676793e-11,0.0,-2.00615611162589,0.9998492119119592,0.0002919263094382153,0.00029291175133522665,58.047412990607704,61.64791645769353,10.959629592478851
11.58,1.9516055269726258e-11,9.195074956311837e-11,0.0,-2.00615611162589,0.9998492119119592,0.0002919263094382153,0.00029291175133522665,58.047412990607704,61.64791645769353,10.959629592478851
11.6,1.8391299977862577e-11,8.648405681609847e-11,0.0,-2.00615611162589,0.9998492119119592,0.0002919263094382153,0.00029291175133522665,58.047412990607704,61.64791645769353,10.959629592478851
11.620000000000001,1.7330525543322993e-11,8.133698580582132e-11,0.0,-2.00615611162589,0.9998492119119592,0.0002919263094382153,0.00029291175133522665,58.047412990607704,61.64791645769353,10.959629592478851
11.64,1.633013596549457e-11,7.649112157280136e-11,0.0,-2.006156127410591,0.9998492287608675,0.00029192635098217396,0.00029291145757716504,58.04743658918544,61.64794354584721,10.959634408150615
11.66,1.5386735075006567e-11,7.192908864176732e-11,0.0,-2.006156127410591,0.9998492287608675,0.00029192635098217396,0.00029291145757716504,58.04743658918544,61.64794354584721,10.959634408150615
11.68,1.4497115550675403e-11,6.76345084880577e-11,0.0,-2.006156127410591,0.9998492287608675,0.00029192635098217396,0.00029291145757716504,58.04743658918544,61.64794354584721,10.959634408150615
11.700000000000001,1.3658248533627738e-11,6.359193345615628e-11,0.0,-2.006156127410591,0.9998492287608675,0.00029192635098217396,0.00029291145757716504,58.04743658918544,61.64794354584721,10.959634408150615
11.72,1.2867273804770378e-11,5.978679589804559e-11,0.0,-2.006156127410591,0.9998492287608675,0.00029192635098217396,0.00029291145757716504,58.04743658918544,61.64794354584721,10.959634408150615
11.74,1.2121490497772561e-11,5.6205359012036326e-11,0.0,-2.006156127410591,0.9998492287608675,0.00029192635098217396,0.00029291145757716504,58.04743658918544,61.64794354584721,10.959634408150615
11.76,1.1418348318158505e-11,5.283467012167086e-11,0.0,-2.006156127410591,0.9998492287608675,0.00029192635098217396,0.00029291145757716504,58.04743658918544,61.64794354584721,10.959634408150615
11.78,1.0755439241091523e-11,4.9662516480219334e-11,0.0,-2.006156127410591,0.9998492287608675,0.00029192635098217396,0.00029291145757716504,58.04743658918544,61.64794354584721,10.959634408150615
11.8,1.0130489662003801e-11,4.667738352066846e-11,0.0,-2.006156127410591,0.9998492287608675,0.00029192635098217396,0.00029291145757716504,58.04743658918544,61.64794354584721,10.959634408150615
11.82,9.54135297563202e-12,4.386841543124606e-11,0.0,-2.006156127410591,0.9998492287608675,0.00029192635098217396,0.00029291145757716504,58.04743658918544,61.64794354584721,10.959634408150615
11.84,8.986002560328331e-12,4.1225379005319e-11,0.0,-2.0061561418057274,0.9998492441254447,0.00029192638923804893,0.0002929111869014163,58.04745835126056,61.6479685032803,10.95963884502761
11.86,8.462525145439619e-12,3.8738623912004004e-11,0.0,-2.0061561418057274,0.9998492441254447,0.00029192638923804893,0.0002929111869014163,58.04745835126056,61.6479685032803,10.95963884502761
11.88,7.969114542056273e-12,3.639905667381034e-11,0.0,-2.0061561418057274,0.9998492441254447,0.00029192638923804893,0.0002929111869014163,58.04745835126056,61.6479685032803,10.95963884502761
11.9,7.504065716763889e-12,3.4198104739407844e-11,0.0,-2.0061561418057274,0.9998492441254447,0.00029192638923804893,0.0002929111869014163,58.04745835126056,61.6479685032803,10.95963884502761
11.92,7.0657691890843696e-12,3.2127687637415854e-11,0.0,-2.0061561418057274,0.9998492441254447,0.00029192638923804893,0.0002929111869014163,58.04745835126056,61.6479685032803,10.95963884502761
11.94,6.652705736167174e-12,3.0180189248706035e-11,0.0,-2.0061561418057274,0.9998492441254447,0.00029192638923804893,0.0002929111869014163,58.04745835126056,61.6479685032803,10.95963884502761
11.96,6.263441387830524e-12,2.834843150087747e-11,0.0,-2.0061561418057274,0.9998492441254447,0.00029192638923804893,0.0002929111869014163,58.04745835126056,61.6479685032803,10.95963884502761
11.98,5.896622696144609e-12,2.6625649504305322e-11,0.0,-2.0061561418057274,0.9998492441254447,0.00029192638923804893,0.0002929111869014163,58.04745835126056,61.6479685032803,10.95963884502761
12.0,5.550972264644246e-12,2.5005468074921826e-11,0.0,-2.0061561418057274,0.9998492441254447,0.00029192638923804893,0.0002929111869014163,58.04745835126056,61.6479685032803,10.95963884502761
12.02,5.225284523072396e-12,2.3481879574083157e-11,0.0,-2.0061561418057274,0.9998492441254447,0.00029192638923804893,0.0002929111869014163,58.04745835126056,61.6479685032803,10.95963884502761
12.040000000000001,4.918421734314584e-12,2.2049223429743814e-11,0.0,-2.006156154930491,0.9998492581331119,0.000291926424452418,0.0002929109375951887,58.0474784111937,61.64799148833718,10.959642931259944
12.06,4.6293102207747e-12,2.0702164529004645e-11,0.0,-2.006156154930491,0.9998492581331119,0.000291926424452418,0.0002929109375951887,58.0474784111937,61.64799148833718,10.959642931259944
12.08,4.356936798666791e-12,1.9435677515262247e-11,0.0,-2.006156154930491,0.9998492581331119,0.000291926424452418,0.0002929109375951887,58.0474784111937,61.64799148833718,10.959642931259944
12.1,4.100345408613932e-12,1.824502732031315e-11,0.0,-2.006156154930491,0.9998492581331119,0.000291926424452418,0.0002929109375951887,58.0474784111937,61.64799148833718,10.959642931259944
12.120000000000001,3.858633931558398e-12,1.7125752874525277e-11,0.0,-2.006156154930491,0.9998492581331119,0.000291926424452418,0.0002929109375951887,58.0474784111937,61.64799148833718,10.959642931259944
12.14,3.6309511803311337e-12,1.6073651530170683e-11,0.0,-2.006156154930491,0.9998492581331119,0.000291926424452418,0.0002929109375951887,58.0474784111937,61.64799148833718,10.959642931259944
12.16,3.4164940571985575e-12,1.5084764309139624e-11,0.0,-2.006156154930491,0.9998492581331119,0.000291926424452418,0.0002929109375951887,58.0474784111937,61.64799148833718,10.959642931259944
12.18,3.214504868304245e-12,1.4155361969801217e-11,0.0,-2.006156154930491,0.9998492581331119,0.000291926424452418,0.0002929109375951887,58.0474784111937,61.64799148833718,10.959642931259944
12.200000000000001,3.0242687864325518e-12,1.328193185745249e-11,0.0,-2.006156154930491,0.9998492581331119,0.000291926424452418,0.0002929109375951887,58.0474784111937,61.64799148833718,10.959642931259944
12.22,2.845111453989862e-12,1.2461165497595857e-11,0.0,-2.006156154930491,0.9998492581331119,0.000291926424452418,0.0002929109375951887,58.0474784111937,61.64799148833718,10.959642931259944
12.24,2.6763967185378327e-12,1.168994704638471e-11,0.0,-2.006156166889806,0.9998492708960355,0.00029192645684400525,0.0002929107081381618,58.04749688834805,61.6480126415563,10.95964669183223
12.26,2.517524493582816e-12,1.0965341579175264e-11,0.0,-2.006156166889806,0.9998492708960355,0.00029192645684400525,0.0002929107081381618,58.04749688834805,61.6480126415563,10.95964669183223
12.280000000000001,2.3679287379130326e-12,1.0284585728496136e-11,0.0,-2.006156166889806,0.9998492708960355,0.00029192645684400525,0.0002929107081381618,58.04749688834805,61.6480126415563,10.95964669183223
12.3,2.227075546884172e-12,9.645077172145742e-12,0.0,-2.006156166889806,0.9998492708960355,0.00029192645684400525,0.0002929107081381618,58.04749688834805,61.6480126415563,10.95964669183223
12.32,2.094461349409937e-12,9.04436547457193e-12,0.0,-2.006156166889806,0.9998492708960355,0.00029192645684400525,0.0002929107081381618,58.04749688834805,61.6480126415563,10.95964669183223
12.34,1.9696112050230187e-12,8.480143372767642e-12,0.0,-2.006156166889806,0.9998492708960355,0.00029192645684400525,0.0002929107081381618,58.04749688834805,61.6480126415563,10.95964669183223
12.36,1.8520771954775066e-12,7.950238537178952e-12,0.0,-2.006156166889806,0.9998492708960355,0.00029192645684400525,0.0002929107081381618,58.04749688834805,61.6480126415563,10.95964669183223
12.38,1.7414369056922433e-12,7.452605795916167e-12,0.0,-2.006156166889806,0.9998492708960355,0.00029192645684400525,0.0002929107081381618,58.04749688834805,61.6480126415563,10.95964669183223
12.4,1.6372919891244665e-12,6.985319800142255e-12,0.0,-2.006156166889806,0.9998492708960355,0.00029192645684400525,0.0002929107081381618,58.04749688834805,61.6480126415563,10.95964669183223
12.42,1.539266812931626e-12,6.546568106707471e-12,0.0,-2.006156166889806,0.9998492708960355,0.00029192645684400525,0.0002929107081381618,58.04749688834805,61.6480126415563,10.95964669183223
12.44,1.4470071785324909e-12,6.134644694547618e-12,0.0,-2.006156177776644,0.9998492825135996,0.00029192648660809423,0.00029291049717205755,58.047513889457804,61.64803208848605,10.959650149064187
12.46,1.3601791134056219e-12,5.747943639909553e-12,0.0,-2.006156177776644,0.9998492825135996,0.00029192648660809423,0.00029291049717205755,58.047513889457804,61.64803208848605,10.959650149064187
12.48,1.2784677302402419e-12,5.384953594946581e-12,0.0,-2.006156177776644,0.9998492825135996,0.00029192648660809423,0.00029291049717205755,58.047513889457804,61.64803208848605,10.959650149064187
12.5,1.2015761496981972e-12,5.044252133081814e-12,0.0,-2.006156177776644,0.9998492825135996,0.00029192648660809423,0.00029291049717205755,58.047513889457804,61.64803208848605,10.959650149064187
12.52,1.1292244832517757e-12,4.724500623421675e-12,0.0,-2.006156177776644,0.9998492825135996,0.00029192648660809423,0.00029291049717205755,58.047513889457804,61.64803208848605,10.959650149064187
12.540000000000001,1.061148872825628e-12,4.4244393769288855e-12,0.0,-2.006156177776644,0.9998492825135996,0.00029192648660809423,0.00029291049717205755,58.047513889457804,61.64803208848605,10.959650149064187
12.56,9.97100584095748e-13,4.1428830648023195e-12,0.0,-2.006156177776644,0.9998492825135996,0.00029192648660809423,0.00029291049717205755,58.047513889457804,61.64803208848605,10.959650149064187
12.58,9.368451504781037e-13,3.878716397748756e-12,0.0,-2.006156177776644,0.9998492825135996,0.00029192648660809423,0.00029291049717205755,58.047513889457804,61.64803208848605,10.959650149064187
12.6,8.801615650039784e-13,3.6308900526111375e-12,0.0,-2.006156177776644,0.9998492825135996,0.00029192648660809423,0.00029291049717205755,58.047513889457804,61.64803208848605,10.959650149064187
12.620000000000001,8.268415174326728e-13,3.3984168325059812e-12,0.0,-2.006156177776644,0.9998492825135996,0.00029192648660809423,0.00029291049717205755,58.047513889457804,61.64803208848605,10.959650149064187
12.64,7.766886740974683e-13,3.1803680444359436e-12,0.0,-2.006156187673953,0.9998492930744688,0.00029192651392027393,0.0002929103034747673,58.047529510641674,61.64804994207858,10.959653323036193
12.66,7.295179981186169e-13,2.975870096995111e-12,0.0,-2.006156187673953,0.9998492930744688,0.00029192651392027393,0.0002929103034747673,58.047529510641674,61.64804994207858,10.959653323036193
12.68,6.851551077442799e-13,2.78410127636369e-12,0.0,-2.006156187673953,0.9998492930744688,0.00029192651392027393,0.0002929103034747673,58.047529510641674,61.64804994207858,10.959653323036193
12.700000000000001,6.434356707044766e-13,2.604288716976063e-12,0.0,-2.006156187673953,0.9998492930744688,0.00029192651392027393,0.0002929103034747673,58.047529510641674,61.64804994207858,10.959653323036193
12.72,6.042048325816119e-13,2.435705546683162e-12,0.0,-2.006156187673953,0.9998492930744688,0.00029192651392027393,0.0002929103034747673,58.047529510641674,61.64804994207858,10.959653323036193
12.74,5.673166773079242e-13,2.277668195593847e-12,0.0,-2.006156187673953,0.9998492930744688,0.00029192651392027393,0.0002929103034747673,58.047529510641674,61.64804994207858,10.959653323036193
12.76,5.326337180043394e-13,2.1295338599541533e-12,0.0,-2.006156187673953,0.9998492930744688,0.00029192651392027393,0.0002929103034747673,58.047529510641674,61.64804994207858,10.959653323036193
12.780000000000001,5.000264164735095e-13,1.990698112316183e-12,0.0,-2.006156187673953,0.9998492930744688,0.00029192651392027393,0.0002929103034747673,58.047529510641674,61.64804994207858,10.959653323036193
12.8,4.693727297527688e-13,1.860592649755347e-12,0.0,-2.006156187673953,0.9998492930744688,0.00029192651392027393,0.0002929103034747673,58.047529510641674,61.64804994207858,10.959653323036193
12.82,4.4055768222040965e-13,1.738683172228543e-12,0.0,-2.006156187673953,0.9998492930744688,0.00029192651392027393,0.0002929103034747673,58.047529510641674,61.64804994207858,10.959653323036193
12.84,4.1347296183174126e-13,1.6244673689359078e-12,0.0,-2.006156196656259,0.9998493026583029,0.0002919265389395954,0.0002929101259385281,58.047543839101415,61.648066304708365,10.959656231948154
12.86,3.880165391440612e-13,1.5174730959408246e-12,0.0,-2.006156196656259,0.9998493026583029,0.0002919265389395954,0.0002929101259385281,58.047543839101415,61.648066304708365,10.959656231948154
12.88,3.64092307846118e-13,1.417256511212612e-12,0.0,-2.006156196656259,0.9998493026583029,0.0002919265389395954,0.0002929101259385281,58.047543839101415,61.648066304708365,10.959656231948154
12.9,3.4160974560000514e-13,1.3234004589727157e-12,0.0,-2.006156196656259,0.9998493026583029,0.0002919265389395954,0.0002929101259385281,58.047543839101415,61.648066304708365,10.959656231948154
12.92,3.204835940712259e-13,1.2355128876572018e-12,0.0,-2.006156196656259,0.9998493026583029,0.0002919265389395954,0.0002929101259385281,58.047543839101415,61.648066304708365,10.959656231948154
12.94,3.006335570611599e-13,1.1532253651748913e-12,0.0,-2.006156196656259,0.9998493026583029,0.0002919265389395954,0.0002929101259385281,58.047543839101415,61.648066304708365,10.959656231948154
12.96,2.819840157321596e-13,1.0761916818960406e-12,0.0,-2.006156196656259,0.9998493026583029,0.0002919265389395954,0.0002929101259385281,58.047543839101415,61.648066304708365,10.959656231948154
12.98,2.644637599694036e-13,1.0040865353178366e-12,0.0,-2.006156196656259,0.9998493026583029,0.0002919265389395954,0.0002929101259385281,58.047543839101415,61.648066304708365,10.959656231948154
13.0,2.4800573497595907e-13,9.366042914133256e-13,0.0,-2.006156196656259,0.9998493026583029,0.0002919265389395954,0.0002929101259385281,58.047543839101415,61.648066304708365,10.959656231948154
13.02,2.3254680224746727e-13,8.734578182224966e-13,0.0,-2.006156196656259,0.9998493026583029,0.0002919265389395954,0.0002929101259385281,58.047543839101415,61.648066304708365,10.959656231948154
13.040000000000001,2.1802751412007449e-13,8.143773724505059e-13,0.0,-2.0061562047910177,0.9998493113371996,0.00029192656181126745,0.00029290996355125267,58.047556954585694,61.648081269898945,10.959658892426479
13.06,2.0439190113437932e-13,7.591096279296263e-13,0.0,-2.0061562047910177,0.9998493113371996,0.00029192656181126745,0.00029290996355125267,58.047556954585694,61.648081269898945,10.959658892426479
13.08,1.9158727148206216e-13,7.07416606512182e-13,0.0,-2.0061562047910177,0.9998493113371996,0.00029192656181126745,0.00029290996355125267,58.047556954585694,61.648081269898945,10.959658892426479
13.1,1.7956402186529928e-13,6.59074820617324e-13,0.0,-2.0061562047910177,0.9998493113371996,0.00029192656181126745,0.00029290996355125267,58.047556954585694,61.648081269898945,10.959658892426479
13.120000000000001,1.6827545913773984e-13,6.138744012873489e-13,0.0,-2.0061562047910177,0.9998493113371996,0.00029192656181126745,0.00029290996355125267,58.047556954585694,61.648081269898945,10.959658892426479
13.14,1.5767763210625985e-13,5.716182833459791e-13,0.0,-2.0061562047910177,0.9998493113371996,0.00029192656181126745,0.00029290996355125267,58.047556954585694,61.648081269898945,10.959658892426479
13.16,1.4772917292441615e-13,5.32121439931234e-13,0.0,-2.0061562047910177,0.9998493113371996,0.00029192656181126745,0.00029290996355125267,58.047556954585694,61.648081269898945,10.959658892426479
13.18,1.3839114753799827e-13,4.952101623927278e-13,0.0,-2.0061562047910177,0.9998493113371996,0.00029192656181126745,0.00029290996355125267,58.047556954585694,61.648081269898945,10.959658892426479
13.200000000000001,1.2962691467250701e-13,4.607213825988742e-13,0.0,-2.0061562047910177,0.9998493113371996,0.00029192656181126745,0.00029290996355125267,58.047556954585694,61.648081269898945,10.959658892426479
13.22,1.214019928806962e-13,4.285020351327525e-13,0.0,-2.0061562047910177,0.9998493113371996,0.00029192656181126745,0.00029290996355125267,58.047556954585694,61.648081269898945,10.959658892426479
13.24,1.1368393519513054e-13,3.984084451866639e-13,0.0,-2.0061562121397434,0.9998493191769032,0.0002919265826689519,0.0002929098153806225,58.04756893063168,61.648094923793806,10.959661319785566
13.26,1.0644221095959819e-13,3.703058133331836e-13,0.0,-2.0061562121397434,0.9998493191769032,0.0002919265826689519,0.0002929098153806225,58.04756893063168,61.648094923793806,10.959661319785566
13.280000000000001,9.964809442266409e-14,3.440676080499024e-13,0.0,-2.0061562121397434,0.9998493191769032,0.0002919265826689519,0.0002929098153806225,58.04756893063168,61.648094923793806,10.959661319785566
13.3,9.32745597180524e-14,3.1957511315708407e-13,0.0,-2.0061562121397434,0.9998493191769032,0.0002919265826689519,0.0002929098153806225,58.04756893063168,61.648094923793806,10.959661319785566
13.32,8.729618187854136e-14,2.967169500479226e-13,0.0,-2.0061562121397434,0.9998493191769032,0.0002919265826689519,0.0002929098153806225,58.04756893063168,61.648094923793806,10.959661319785566
13.34,8.168904353022542e-14,2.7538863306756533e-13,0.0,-2.0061562121397434,0.9998493191769032,0.0002919265826689519,0.0002929098153806225,58.04756893063168,61.648094923793806,10.959661319785566
13.36,7.643064694755256e-14,2.554921525080728e-13,0.0,-2.0061562121397434,0.9998493191769032,0.0002919265826689519,0.0002929098153806225,58.04756893063168,61.648094923793806,10.959661319785566
13.38,7.14998311656431e-14,2.369355826596798e-13,0.0,-2.0061562121397434,0.9998493191769032,0.0002919265826689519,0.0002929098153806225,58.04756893063168,61.648094923793806,10.959661319785566
13.4,6.687669386293276e-14,2.1963271320430622e-13,0.0,-2.0061562121397434,0.9998493191769032,0.0002919265826689519,0.0002929098153806225,58.04756893063168,61.648094923793806,10.959661319785566
13.42,6.254251774314976e-14,2.0350270251817652e-13,0.0,-2.0061562121397434,0.9998493191769032,0.0002919265826689519,0.0002929098153806225,58.04756893063168,61.648094923793806,10.959661319785566
13.44,5.847970116083575e-14,1.884697432545636e-13,0.0,-2.0061562187589588,0.9998493262378196,0.00029192660163671183,0.000292909680560562,58.04757983562594,61.648107346406825,10.959663528250102
13.46,5.467169275141171e-14,1.7446279072086929e-13,0.0,-2.0061562187589588,0.9998493262378196,0.00029192660163671183,0.000292909680560562,58.04757983562594,61.648107346406825,10.959663528250102
13.48,5.1102929830126075e-14,1.6141522074323648e-13,0.0,-2.0061562187589588,0.9998493262378196,0.00029192660163671183,0.000292909680560562,58.04757983562594,61.648107346406825,10.959663528250102
13.5,4.775878035029163e-14,1.4926459229701135e-13,0.0,-2.0061562187589588,0.9998493262378196,0.00029192660163671183,0.000292909680560562,58.04757983562594,61.648107346406825,10.959663528250102
13.52,4.4625488223693765e-14,1.3795238739450095e-13,0.0,-2.0061562187589588,0.9998493262378196,0.00029192660163671183,0.000292909680560562,58.04757983562594,61.648107346406825,10.959663528250102
13.540000000000001,4.169012180327056e-14,1.2742377000570362e-13,0.0,-2.0061562187589588,0.9998493262378196,0.00029192660163671183,0.000292909680560562,58.04757983562594,61.648107346406825,10.959663528250102
13.56,3.894052534924567e-14,1.1762736033104768e-13,0.0,-2.0061562187589588,0.9998493262378196,0.00029192660163671183,0.000292909680560562,58.04757983562594,61.648107346406825,10.959663528250102
13.58,3.6365273308673617e-14,1.0851502283503426e-13,0.0,-2.0061562187589588,0.9998493262378196,0.00029192660163671183,0.000292909680560562,58.04757983562594,61.648107346406825,10.959663528250102
13.6,3.3953627247621936e-14,1.0004166705574306e-13,0.0,-2.0061562187589588,0.9998493262378196,0.00029192660163671183,0.000292909680560562,58.04757983562594,61.648107346406825,10.959663528250102
13.620000000000001,3.169549528419898e-14,9.216506038581256e-14,0.0,-2.0061562187589588,0.9998493262378196,0.00029192660163671183,0.000292909680560562,58.04757983562594,61.648107346406825,10.959663528250102
13.64,2.958139387920155e-14,8.484564660848911e-14,0.0,-2.006156224700992,0.9998493325758703,0.00029192661883067444,0.0002929095582796856,58.047589733707255,61.64811861269018,10.959665531144921
13.66,2.7602411850859735e-14,7.8046403678598e-14,0.0,-2.006156224700992,0.9998493325758703,0.00029192661883067444,0.0002929095582796856,58.047589733707255,61.64811861269018,10.959665531144921
13.68,2.575017648104213e-14,7.173265275196432e-14,0.0,-2.006156224700992,0.9998493325758703,0.00029192661883067444,0.0002929095582796856,58.047589733707255,61.64811861269018,10.959665531144921
13.700000000000001,2.4016821596279514e-14,6.587193458683923e-14,0.0,-2.006156224700992,0.9998493325758703,0.00029192661883067444,0.0002929095582796856,58.047589733707255,61.64811861269018,10.959665531144921
13.72,2.2394957513998324e-14,6.043386892749687e-14,0.0,-2.006156224700992,0.9998493325758703,0.00029192661883067444,0.0002929095582796856,58.047589733707255,61.64811861269018,10.959665531144921
13.74,2.0877642741393368e-14,5.5390024710107066e-14,0.0,-2.006156224700992,0.9998493325758703,0.00029192661883067444,0.0002929095582796856,58.047589733707255,61.64811861269018,10.959665531144921
13.76,1.9458357327265638e-14,5.071379874332884e-14,0.0,-2.006156224700992,0.9998493325758703,0.00029192661883067444,0.0002929095582796856,58.047589733707255,61.64811861269018,10.959665531144921
13.780000000000001,1.8130977771941557e-14,4.6380301901970675e-14,0.0,-2.006156224700992,0.9998493325758703,0.00029192661883067444,0.0002929095582796856,58.047589733707255,61.64811861269018,10.959665531144921
13.8,1.6889753405559224e-14,4.236625226913636e-14,0.0,-2.006156224700992,0.9998493325758703,0.00029192661883067444,0.0002929095582796856,58.047589733707255,61.64811861269018,10.959665531144921
13.82,1.572928415004905e-14,3.8649874780668366e-14,0.0,-2.006156224700992,0.9998493325758703,0.00029192661883067444,0.0002929095582796856,58.047589733707255,61.64811861269018,10.959665531144921
13.84,1.464449958494633e-14,3.5210803505223956e-14,0.0,-2.006156230014643,0.9998493382432003,0.0002919266343604247,0.0002929094477716102,58.04759868553672,61.64812879342983,10.95966734105419
13.86,1.3630639242733649e-14,3.203000777361693e-14,0.0,-2.006156230014643,0.9998493382432003,0.0002919266343604247,0.0002929094477716102,58.04759868553672,61.64812879342983,10.95966734105419
13.88,1.2683234059428113e-14,2.908968657271756e-14,0.0,-2.006156230014643,0.9998493382432003,0.0002919266343604247,0.0002929094477716102,58.04759868553672,61.64812879342983,10.95966734105419
13.9,1.1798088915738901e-14,2.6373204735058644e-14,0.0,-2.006156230014643,0.9998493382432003,0.0002919266343604247,0.0002929094477716102,58.04759868553672,61.64812879342983,10.95966734105419
13.92,1.0971266208065175e-14,2.3865017522844018e-14,0.0,-2.006156230014643,0.9998493382432003,0.0002919266343604247,0.0002929094477716102,58.04759868553672,61.64812879342983,10.95966734105419
13.94,1.019907038627528e-14,2.1550601306088235e-14,0.0,-2.006156230014643,0.9998493382432003,0.0002919266343604247,0.0002929094477716102,58.04759868553672,61.64812879342983,10.95966734105419
13.96,9.478033402929124e-15,1.941638888293094e-14,0.0,-2.006156230014643,0.9998493382432003,0.0002919266343604247,0.0002929094477716102,58.04759868553672,61.64812879342983,10.95966734105419
13.98,8.804901021224196e-15,1.7449708875558934e-14,0.0,-2.006156230014643,0.9998493382432003,0.0002919266343604247,0.0002929094477716102,58.04759868553672,61.64812879342983,10.95966734105419
14.0,8.176619931818016e-15,1.5638728879563298e-14,0.0,-2.006156230014643,0.9998493382432003,0.0002919266343604247,0.0002929094477716102,58.04759868553672,61.64812879342983,10.95966734105419
14.02,7.590325631501594e-15,1.397240212261342e-14,0.0,-2.006156230014643,0.9998493382432003,0.0002919266343604247,0.0002929094477716102,58.04759868553672,61.64812879342983,10.95966734105419
14.040000000000001,7.043331019384272e-15,1.2440415291361398e-14,0.0,-2.006156234745734,0.9998493432887694,0.0002919266483301757,0.0002929093483068073,58.04760674893056,61.64813795599838,10.959668969955267
14.06,6.533115669416959e-15,1.1033150526770571e-14,0.0,-2.006156234745734,0.9998493432887694,0.0002919266483301757,0.0002929093483068073,58.04760674893056,61.64813795599838,10.959668969955267
14.08,6.0573157378626054e-15,9.741627597177836e-15,0.0,-2.006156234745734,0.9998493432887694,0.0002919266483301757,0.0002929093483068073,58.04760674893056,61.64813795599838,10.959668969955267
14.1,5.613714469993057e-15,8.55747129141279e-15,0.0,-2.006156234745734,0.9998493432887694,0.0002919266483301757,0.0002929093483068073,58.04760674893056,61.64813795599838,10.959668969955267
14.120000000000001,5.2002332724961325e-15,7.472871336544886e-15,0.0,-2.006156234745734,0.9998493432887694,0.0002919266483301757,0.0002929093483068073,58.04760674893056,61.64813795599838,10.959668969955267
14.14,4.814923316457053e-15,6.4805457116834094e-15,0.0,-2.006156234745734,0.9998493432887694,0.0002919266483301757,0.0002929093483068073,58.04760674893056,61.64813795599838,10.959668969955267
14.16,4.455957640325014e-15,5.573706485594321e-15,0.0,-2.006156234745734,0.9998493432887694,0.0002919266483301757,0.0002929093483068073,58.04760674893056,61.64813795599838,10.959668969955267
14.18,4.121623723703437e-15,4.7460278482573044e-15,0.0,-2.006156234745734,0.9998493432887694,0.0002919266483301757,0.0002929093483068073,58.04760674893056,61.64813795599838,10.959668969955267
14.200000000000001,3.8103165043951415e-15,3.9916161553718e-15,0.0,-2.006156234745734,0.9998493432887694,0.0002919266483301757,0.0002929093483068073,58.04760674893056,61.64813795599838,10.959668969955267
14.22,3.5205318127041147e-15,3.3049818516916207e-15,0.0,-2.006156234745734,0.9998493432887694,0.0002919266483301757,0.0002929093483068073,58.04760674893056,61.64813795599838,10.959668969955267
14.24,3.250860198492132e-15,2.6810118898662473e-15,0.0,-2.0061562389375593,0.9998493477588334,0.0002919266608397295,0.00029290925918591996,58.047613979391315,61.64814616497272,10.959670429328483
14.26,2.9999811282763863e-15,2.11495040460765e-15,0.0,-2.0061562389375593,0.9998493477588334,0.0002919266608397295,0.00029290925918591996,58.047613979391315,61.64814616497272,10.959670429328483
14.280000000000001,2.766657529429412e-15,1.6023673833722105e-15,0.0,-2.0061562389375593,0.9998493477588334,0.0002919266608397295,0.00029290925918591996,58.047613979391315,61.64814616497272,10.959670429328483
14.3,2.5497306618345804e-15,1.139142213998348e-15,0.0,-2.0061562389375593,0.9998493477588334,0.0002919266608397295,0.00029290925918591996,58.047613979391315,61.64814616497272,10.959670429328483
14.32,2.348115298577904e-15,7.214426043095231e-16,0.0,-2.0061562389375593,0.9998493477588334,0.0002919266608397295,0.00029290925918591996,58.047613979391315,61.64814616497272,10.959670429328483
14.34,2.1607951962094713e-15,3.4570537503764197e-16,0.0,-2.0061562389375593,0.9998493477588334,0.0002919266608397295,0.00029290925918591996,58.047613979391315,61.64814616497272,10.959670429328483
14.36,1.986818837743877e-15,8.618612961307303e-18,0.0,-2.0061562389375593,0.9998493477588334,0.0002919266608397295,0.00029290925918591996,58.047613979391315,61.64814616497272,10.959670429328483
14.38,1.8252954323462525e-15,-2.928950052039393e-16,0.0,-2.0061562389375593,0.9998493477588334,0.0002919266608397295,0.00029290925918591996,58.047613979391315,61.64814616497272,10.959670429328483
14.4,1.6753911565315373e-15,-5.616938183121287e-16,0.0,-2.0061562389375593,0.9998493477588334,0.0002919266608397295,0.00029290925918591996,58.047613979391315,61.64814616497272,10.959670429328483
14.42,1.5363256225743918e-15,-8.004317891687109e-16,0.0,-2.0061562389375593,0.9998493477588334,0.0002919266608397295,0.00029290925918591996,58.047613979391315,61.64814616497272,10.959670429328483
14.44,1.4073685606580897e-15,-1.0115729170119853e-15,0.0,-2.006156242631251,0.9998493516973334,0.00029192667198524736,0.0002929091797343976,58.04762043052508,61.64815348262991,10.959671730245317
14.46,1.2878367022917062e-15,-1.1974009222577246e-15,0.0,-2.006156242631251,0.9998493516973334,0.00029192667198524736,0.0002929091797343976,58.04762043052508,61.64815348262991,10.959671730245317
14.48,1.177090852355478e-15,-1.3600360223481642e-15,0.0,-2.006156242631251,0.9998493516973334,0.00029192667198524736,0.0002929091797343976,58.04762043052508,61.64815348262991,10.959671730245317
14.5,1.0745331390181087e-15,-1.5014431005559849e-15,0.0,-2.006156242631251,0.9998493516973334,0.00029192667198524736,0.0002929091797343976,58.04762043052508,61.64815348262991,10.959671730245317
14.52,9.796044314503998e-16,-1.6234426553790663e-15,0.0,-2.006156242631251,0.9998493516973334,0.00029192667198524736,0.0002929091797343976,58.04762043052508,61.64815348262991,10.959671730245317
14.540000000000001,8.917819146134853e-16,-1.7277207279782578e-15,0.0,-2.006156242631251,0.9998493516973334,0.00029192667198524736,0.0002929091797343976,58.04762043052508,61.64815348262991,10.959671730245317
14.56,8.10576811907931e-16,-1.815838103513101e-15,0.0,-2.006156242631251,0.9998493516973334,0.00029192667198524736,0.0002929091797343976,58.04762043052508,61.64815348262991,10.959671730245317
14.58,7.355322468923068e-16,-1.8892388937852845e-15,0.0,-2.006156242631251,0.9998493516973334,0.00029192667198524736,0.0002929091797343976,58.04762043052508,61.64815348262991,10.959671730245317
14.6,6.662212357652381e-16,-1.949258556116376e-15,0.0,-2.006156242631251,0.9998493516973334,0.00029192667198524736,0.0002929091797343976,58.04762043052508,61.64815348262991,10.959671730245317
14.620000000000001,6.02244802784823e-16,-1.997131388205327e-15,0.0,-2.006156242631251,0.9998493516973334,0.00029192667198524736,0.0002929091797343976,58.04762043052508,61.64815348262991,10.959671730245317
14.64,5.432302112579257e-16,-2.033997955438426e-15,0.0,-2.0061562458660624,0.9998493551462008,0.00029192668185985295,0.00029290910929830716,58.04762615437377,61.64815996933417,10.959672883437186
14.66,4.888293032888543e-16,-2.0609098528753584e-15,0.0,-2.0061562458660624,0.9998493551462008,0.00029192668185985295,0.00029290910929830716,58.04762615437377,61.64815996933417,10.959672883437186
14.68,4.387169413642116e-16,-2.0788385703153124e-15,0.0,-2.0061562458660624,0.9998493551462008,0.00029192668185985295,0.00029290910929830716,58.04762615437377,61.64815996933417,10.959672883437186
14.700000000000001,3.925895459151363e-16,-2.088679463056768e-15,0.0,-2.0061562458660624,0.9998493551462008,0.00029192668185985295,0.00029290910929830716,58.04762615437377,61.64815996933417,10.959672883437186
14.72,3.5016372337317956e-16,-2.091257353774087e-15,0.0,-2.0061562458660624,0.9998493551462008,0.00029192668185985295,0.00029290910929830716,58.04762615437377,61.64815996933417,10.959672883437186
14.74,3.1117497885227333e-16,-2.087331583178994e-15,0.0,-2.0061562458660624,0.9998493551462008,0.00029192668185985295,0.00029290910929830716,58.04762615437377,61.64815996933417,10.959672883437186
14.76,2.7537650844047025e-16,-2.077600677445579e-15,0.0,-2.0061562458660624,0.9998493551462008,0.00029192668185985295,0.00029290910929830716,58.04762615437377,61.64815996933417,10.959672883437186
14.780000000000001,2.4253806631447705e-16,-2.0627066923412316e-15,0.0,-2.0061562458660624,0.9998493551462008,0.00029192668185985295,0.00029290910929830716,58.04762615437377,61.64815996933417,10.959672883437186
14.8,2.1244490215609674e-16,-2.0432392639960954e-15,0.0,-2.0061562458660624,0.9998493551462008,0.00029192668185985295,0.00029290910929830716,58.04762615437377,61.64815996933417,10.959672883437186
14.82,1.8489676461333132e-16,-2.0197393875348918e-15,0.0,-2.0061562458660624,0.9998493551462008,0.00029192668185985295,0.00029290910929830716,58.04762615437377,61.64815996933417,10.959672883437186
14.84,1.5970696680080811e-16,-1.992703179504274e-15,0.0,-2.006156248679589,0.9998493581455895,0.000291926690554074,0.0002929090472412672,58.04763120165782,61.648165683820515,10.95967389934587
14.86,1.3670151014174076e-16,-1.962584160006753e-15,0.0,-2.006156248679589,0.9998493581455895,0.000291926690554074,0.0002929090472412672,58.04763120165782,61.648165683820515,10.95967389934587
14.88,1.1571826278418702e-16,-1.929797866255264e-15,0.0,-2.006156248679589,0.9998493581455895,0.000291926690554074,0.0002929090472412672,58.04763120165782,61.648165683820515,10.95967389934587
14.9,9.660618941850627e-17,-1.8947237270649723e-15,0.0,-2.006156248679589,0.9998493581455895,0.000291926690554074,0.0002929090472412672,58.04763120165782,61.648165683820515,10.95967389934587
14.92,7.922462952837042e-17,-1.8577078750092324e-15,0.0,-2.006156248679589,0.9998493581455895,0.000291926690554074,0.0002929090472412672,58.04763120165782,61.648165683820515,10.95967389934587
14.94,6.344262088632869e-17,-1.8190656649873678e-15,0.0,-2.006156248679589,0.9998493581455895,0.000291926690554074,0.0002929090472412672,58.04763120165782,61.648165683820515,10.95967389934587
14.96,4.9138265579416634e-17,-1.779083993198258e-15,0.0,-2.006156248679589,0.9998493581455895,0.000291926690554074,0.0002929090472412672,58.04763120165782,61.648165683820515,10.95967389934587
14.98,3.6198135974715485e-17,-1.7380234494464279e-15,0.0,-2.006156248679589,0.9998493581455895,0.000291926690554074,0.0002929090472412672,58.04763120165782,61.648165683820515,10.95967389934587
15.0,2.4516718179894816e-17,-1.6961203189478319e-15,0.0,-2.006156248679589,0.9998493581455895,0.000291926690554074,0.0002929090472412672,58.04763120165782,61.648165683820515,10.95967389934587
15.02,1.3995890697907486e-17,-1.653588444816094e-15,0.0,-2.006156248679589,0.9998493581455895,0.000291926690554074,0.0002929090472412672,58.04763120165782,61.648165683820515,10.95967389934587
15.040000000000001,4.5444361125172936e-18,-1.610621092649144e-15,0.0,-2.0061562511079196,0.9998493607340427,0.0002919266981561442,0.0002929089929423651,58.04763562193093,61.64817068338728,10.959674788157738
15.06,-3.9224161900540486e-18,-1.5673920048604119e-15,0.0,-2.0061562511079196,0.9998493607340427,0.0002919266981561442,0.0002929089929423651,58.04763562193093,61.64817068338728,10.959674788157738
15.08,-1.1483418298610946e-17,-1.5240577581612088e-15,0.0,-2.0061562511079196,0.9998493607340427,0.0002919266981561442,0.0002929089929423651,58.04763562193093,61.64817068338728,10.959674788157738
15.1,-1.82117047611937e-17,-1.4807586112278875e-15,0.0,-2.0061562511079196,0.9998493607340427,0.0002919266981561442,0.0002929089929423651,58.04763562193093,61.64817068338728,10.959674788157738
15.120000000000001,-2.4175167871664938e-17,-1.4376198819378454e-15,0.0,-2.0061562511079196,0.9998493607340427,0.0002919266981561442,0.0002929089929423651,58.04763562193093,61.64817068338728,10.959674788157738
15.14,-2.943680897894463e-17,-1.3947531704851164e-15,0.0,-2.0061562511079196,0.9998493607340427,0.0002919266981561442,0.0002929089929423651,58.04763562193093,61.64817068338728,10.959674788157738
15.16,-3.4055067277700747e-17,-1.3522574801371735e-15,0.0,-2.0061562511079196,0.9998493607340427,0.0002919266981561442,0.0002929089929423651,58.04763562193093,61.64817068338728,10.959674788157738
15.18,-3.8084127472072176e-17,-1.3102202535206363e-15,0.0,-2.0061562511079196,0.9998493607340427,0.0002919266981561442,0.0002929089929423651,58.04763562193093,61.64817068338728,10.959674788157738
15.200000000000001,-4.157420762520792e-17,-1.2687183330327522e-15,0.0,-2.0061562511079196,0.9998493607340427,0.0002919266981561442,0.0002929089929423651,58.04763562193093,61.64817068338728,10.959674788157738
15.22,-4.4571828429122106e-17,-1.2278188512316626e-15,0.0,-2.0061562511079196,0.9998493607340427,0.0002919266981561442,0.0002929089929423651,58.04763562193093,61.64817068338728,10.959674788157738
15.24,-4.7120065054674516e-17,-1.1875801281783877e-15,0.0,-2.006156253185743,0.9998493629486033,0.0002919267047521753,0.00029290894579498674,58.04763946367689,61.648175024004736,10.959675559823065
15.26,-4.925878264985028e-17,-1.1480521317180529e-15,0.0,-2.006156253185743,0.9998493629486033,0.0002919267047521753,0.00029290894579498674,58.04763946367689,61.648175024004736,10.959675559823065
15.280000000000001,-5.102485657713248e-17,-1.1092776551151676e-15,0.0,-2.006156253185743,0.9998493629486033,0.0002919267047521753,0.00029290894579498674,58.04763946367689,61.648175024004736,10.959675559823065
15.3,-5.245237830222424e-17,-1.0712926746963359e-15,0.0,-2.006156253185743,0.9998493629486033,0.0002919267047521753,0.00029290894579498674,58.04763946367689,61.648175024004736,10.959675559823065
15.32,-5.3572847785755347e-17,-1.0341270018719573e-15,0.0,-2.006156253185743,0.9998493629486033,0.0002919267047521753,0.00029290894579498674,58.04763946367689,61.648175024004736,10.959675559823065
15.34,-5.4415353298220275e-17,-9.978048555778462e-16,0.0,-2.006156253185743,0.9998493629486033,0.0002919267047521753,0.00029290894579498674,58.04763946367689,61.648175024004736,10.959675559823065
15.36,-5.500673943601381e-17,-9.623453832341218e-16,0.0,-2.006156253185743,0.9998493629486033,0.0002919267047521753,0.00029290894579498674,58.04763946367689,61.648175024004736,10.959675559823065
15.38,-5.537176408023803e-17,-9.277631398076964e-16,0.0,-2.006156253185743,0.9998493629486033,0.0002919267047521753,0.00029290894579498674,58.04763946367689,61.648175024004736,10.959675559823065
15.4,-5.553324499741827e-17,-8.94068529481521e-16,0.0,-2.006156253185743,0.9998493629486033,0.0002919267047521753,0.00029290894579498674,58.04763946367689,61.648175024004736,10.959675559823065
15.42,-5.551219673902215e-17,-8.612682129515369e-16,0.0,-2.006156253185743,0.9998493629486033,0.0002919267047521753,0.00029290894579498674,58.04763946367689,61.648175024004736,10.959675559823065
15.44,-5.532795845637811e-17,-8.293655216469252e-16,0.0,-2.0061562549464034,0.9998493648248754,0.0002919267104262153,0.00029290890520644917,58.04764277432917,61.64817876034943,10.959676224062122
15.46,-5.499831319821511e-17,-7.983606397096589e-16,0.0,-2.0061562549464034,0.9998493648248754,0.0002919267104262153,0.00029290890520644917,58.04764277432917,61.64817876034943,10.959676224062122
15.48,-5.4539599270195206e-17,-7.6825117517178e-16,0.0,-2.0061562549464034,0.9998493648248754,0.0002919267104262153,0.00029290890520644917,58.04764277432917,61.64817876034943,10.959676224062122
15.5,-5.396681413967972e-17,-7.390322923413128e-16,0.0,-2.0061562549464034,0.9998493648248754,0.0002919267104262153,0.00029290890520644917,58.04764277432917,61.64817876034943,10.959676224062122
15.52,-5.3293711336379354e-17,-7.1069700546659805e-16,0.0,-2.0061562549464034,0.9998493648248754,0.0002919267104262153,0.00029290890520644917,58.04764277432917,61.64817876034943,10.959676224062122
15.540000000000001,-5.253289083653723e-17,-6.832364321172412e-16,0.0,-2.0061562549464034,0.9998493648248754,0.0002919267104262153,0.00029290890520644917,58.04764277432917,61.64817876034943,10.959676224062122
15.56,-5.169588334167932e-17,-6.566400213118723e-16,0.0,-2.0061562549464034,0.9998493648248754,0.0002919267104262153,0.00029290890520644917,58.04764277432917,61.64817876034943,10.959676224062122
15.58,-5.0793228843569935e-17,-6.308957614524472e-16,0.0,-2.0061562549464034,0.9998493648248754,0.0002919267104262153,0.00029290890520644917,58.04764277432917,61.64817876034943,10.959676224062122
15.6,-4.983454984420979e-17,-6.059903703909397e-16,0.0,-2.0061562549464034,0.9998493648248754,0.0002919267104262153,0.00029290890520644917,58.04764277432917,61.64817876034943,10.959676224062122
15.620000000000001,-4.882861957707708e-17,-5.819094691565208e-16,0.0,-2.0061562549464034,0.9998493648248754,0.0002919267104262153,0.00029290890520644917,58.04764277432917,61.64817876034943,10.959676224062122
15.64,-4.778342555423911e-17,-5.586377611788882e-16,0.0,-2.0061562564219204,0.999849366397045,0.0002919267152602075,0.0002929088705983321,58.04764560024174,61.64818194577419,10.959676790359856
15.66,-4.6706228737594305e-17,-5.361590900433314e-16,0.0,-2.0061562564219204,0.999849366397045,0.0002919267152602075,0.0002929088705983321,58.04764560024174,61.64818194577419,10.959676790359856
15.68,-4.5603618638813124e-17,-5.144567054588138e-16,0.0,-2.0061562564219204,0.999849366397045,0.0002919267152602075,0.0002929088705983321,58.04764560024174,61.64818194577419,10.959676790359856
15.700000000000001,-4.4481564601410456e-17,-4.935132979657984e-16,0.0,-2.0061562564219204,0.999849366397045,0.0002919267152602075,0.0002929088705983321,58.04764560024174,61.64818194577419,10.959676790359856
15.72,-4.334546350100471e-17,-4.733111208136993e-16,0.0,-2.0061562564219204,0.999849366397045,0.0002919267152602075,0.0002929088705983321,58.04764560024174,61.64818194577419,10.959676790359856
15.74,-4.2200184119374065e-17,-4.538320919444718e-16,0.0,-2.0061562564219204,0.999849366397045,0.0002919267152602075,0.0002929088705983321,58.04764560024174,61.64818194577419,10.959676790359856
15.76,-4.1050108407201574e-17,-4.35057884004537e-16,0.0,-2.0061562564219204,0.999849366397045,0.0002919267152602075,0.0002929088705983321,58.04764560024174,61.64818194577419,10.959676790359856
15.780000000000001,-3.989916984006493e-17,-4.169700050112482e-16,0.0,-2.0061562564219204,0.999849366397045,0.0002919267152602075,0.0002929088705983321,58.04764560024174,61.64818194577419,10.959676790359856
15.8,-3.8750889060101426e-17,-3.9954987085287073e-16,0.0,-2.0061562564219204,0.999849366397045,0.0002919267152602075,0.0002929088705983321,58.04764560024174,61.64818194577419,10.959676790359856
15.82,-3.7608406983749276e-17,-3.827788703778266e-16,0.0,-2.0061562564219204,0.999849366397045,0.0002919267152602075,0.0002929088705983321,58.04764560024174,61.64818194577419,10.959676790359856
15.84,-3.647451554451732e-17,-3.666384344453358e-16,0.0,-2.006156257642977,0.9998493676978665,0.00029192671933386545,0.0002929088414074021,58.047647986612695,61.64818463222344,10.959677267950834
15.860000000000001,-3.5351686225794927e-17,-3.5111004252745373e-16,0.0,-2.006156257642977,0.9998493676978665,0.00029192671933386545,0.0002929088414074021,58.047647986612695,61.64818463222344,10.959677267950834
15.88,-3.4242096541877026e-17,-3.361753391721103e-16,0.0,-2.006156257642977,0.9998493676978665,0.00029192671933386545,0.0002929088414074021,58.047647986612695,61.64818463222344,10.959677267950834
15.9,-3.314765459852495e-17,-3.21816130515929e-16,0.0,-2.006156257642977,0.9998493676978665,0.00029192671933386545,0.0002929088414074021,58.047647986612695,61.64818463222344,10.959677267950834
15.92,-3.2070021855204527e-17,-3.080144273165677e-16,0.0,-2.006156257642977,0.9998493676978665,0.00029192671933386545,0.0002929088414074021,58.047647986612695,61.64818463222344,10.959677267950834
15.94,-3.1010634221277196e-17,-2.947524784750336e-16,0.0,-2.006156257642977,0.9998493676978665,0.00029192671933386545,0.0002929088414074021,58.047647986612695,61.64818463222344,10.959677267950834
15.96,-2.99707215970547e-17,-2.8201279915661402e-16,0.0,-2.006156257642977,0.9998493676978665,0.00029192671933386545,0.0002929088414074021,58.047647986612695,61.64818463222344,10.959677267950834
15.98,-2.895132596516604e-17,-2.6977819485100927e-16,0.0,-2.006156257642977,0.9998493676978665,0.00029192671933386545,0.0002929088414074021,58.047647986612695,61.64818463222344,10.959677267950834
16.0,-2.795331813129235e-17,-2.5803178195306346e-16,0.0,-2.006156257642977,0.9998493676978665,0.00029192671933386545,0.0002929088414074021,58.047647986612695,61.64818463222344,10.959677267950834
16.02,-2.6977413207000652e-17,-2.4675700523013926e-16,0.0,-2.006156257642977,0.9998493676978665,0.00029192671933386545,0.0002929088414074021,58.047647986612695,61.64818463222344,10.959677267950834
16.04,-2.6024184921384754e-17,-2.359376579997951e-16,0.0,-2.006156258638881,0.9998493687586234,0.00029192672272448185,0.0002929088170870126,58.04764997736371,61.64818687010466,10.959677665796384
16.06,-2.5094078840939855e-17,-2.25557870814528e-16,0.0,-2.006156258638881,0.9998493687586234,0.00029192672272448185,0.0002929088170870126,58.04764997736371,61.64818687010466,10.959677665796384
16.080000000000002,-2.418742457862491e-17,-2.1560215732083618e-16,0.0,-2.006156258638881,0.9998493687586234,0.00029192672272448185,0.0002929088170870126,58.04764997736371,61.64818687010466,10.959677665796384
16.1,-2.3304447059159484e-17,-2.060553989675116e-16,0.0,-2.006156258638881,0.9998493687586234,0.00029192672272448185,0.0002929088170870126,58.04764997736371,61.64818687010466,10.959677665796384
16.12,-2.244527690279819e-17,-1.969028542418447e-16,0.0,-2.006156258638881,0.9998493687586234,0.00029192672272448185,0.0002929088170870126,58.04764997736371,61.64818687010466,10.959677665796384
16.14,-2.1609959994984717e-17,-1.8813016356575476e-16,0.0,-2.006156258638881,0.9998493687586234,0.00029192672272448185,0.0002929088170870126,58.04764997736371,61.64818687010466,10.959677665796384
16.16,-2.0798466298224918e-17,-1.7972335194231999e-16,0.0,-2.006156258638881,0.9998493687586234,0.00029192672272448185,0.0002929088170870126,58.04764997736371,61.64818687010466,10.959677665796384
16.18,-2.001069795966219e-17,-1.7166883002382444e-16,0.0,-2.006156258638881,0.9998493687586234,0.00029192672272448185,0.0002929088170870126,58.04764997736371,61.64818687010466,10.959677665796384
16.2,-1.9246496764507255e-17,-1.6395339388050107e-16,0.0,-2.006156258638881,0.9998493687586234,0.00029192672272448185,0.0002929088170870126,58.04764997736371,61.64818687010466,10.959677665796384
16.22,-1.850565098218294e-17,-1.565642236377455e-16,0.0,-2.006156258638881,0.9998493687586234,0.00029192672272448185,0.0002929088170870126,58.04764997736371,61.64818687010466,10.959677665796384
16.240000000000002,-1.778790164891843e-17,-1.4948888391446793e-16,0.0,-2.0061562594375113,0.9998493696090714,0.0002919267255066859,0.0002929087971088592,58.04765161499599,61.64818870812707,10.959677992555925
16.26,-1.7092948326770405e-17,-1.4271530872984533e-16,0.0,-2.0061562594375113,0.9998493696090714,0.0002919267255066859,0.0002929087971088592,58.04765161499599,61.64818870812707,10.959677992555925
16.28,-1.6420454379757788e-17,-1.3623181575589837e-16,0.0,-2.0061562594375113,0.9998493696090714,0.0002919267255066859,0.0002929087971088592,58.04765161499599,61.64818870812707,10.959677992555925
16.3,-1.5770051800704024e-17,-1.3002708998663009e-16,0.0,-2.0061562594375113,0.9998493696090714,0.0002919267255066859,0.0002929087971088592,58.04765161499599,61.64818870812707,10.959677992555925
16.32,-1.5141345619899262e-17,-1.2409018019685627e-16,0.0,-2.0061562594375113,0.9998493696090714,0.0002919267255066859,0.0002929087971088592,58.04765161499599,61.64818870812707,10.959677992555925
16.34,-1.453391792926524e-17,-1.184104935550211e-16,0.0,-2.0061562594375113,0.9998493696090714,0.0002919267255066859,0.0002929087971088592,58.04765161499599,61.64818870812707,10.959677992555925
16.36,-1.3947331550070082e-17,-1.1297778943649537e-16,0.0,-2.0061562594375113,0.9998493696090714,0.0002919267255066859,0.0002929087971088592,58.04765161499599,61.64818870812707,10.959677992555925
16.38,-1.3381133370762242e-17,-1.077821727630192e-16,0.0,-2.0061562594375113,0.9998493696090714,0.0002919267255066859,0.0002929087971088592,58.04765161499599,61.64818870812707,10.959677992555925
16.4,-1.2834857379780888e-17,-1.0281408699697741e-16,0.0,-2.0061562594375113,0.9998493696090714,0.0002919267255066859,0.0002929087971088592,58.04765161499599,61.64818870812707,10.959677992555925
16.42,-1.2308027416512025e-17,-9.806430686292458e-17,0.0,-2.0061562594375113,0.9998493696090714,0.0002919267255066859,0.0002929087971088592,58.04765161499599,61.64818870812707,10.959677992555925
16.44,-1.1800159661959905e-17,-9.352393224428992e-17,0.0,-2.0061562600652545,0.999849370277368,0.0002919267277521681,0.0002929087809649751,58.04765294042669,61.64819019311842,10.959678256554385
16.46,-1.1310764888792087e-17,-8.918437462302753e-17,0.0,-2.0061562600652545,0.999849370277368,0.0002919267277521681,0.0002929087809649751,58.04765294042669,61.64819019311842,10.959678256554385
16.48,-1.0839350490738562e-17,-8.503735837539459e-17,0.0,-2.0061562600652545,0.999849370277368,0.0002919267277521681,0.0002929087809649751,58.04765294042669,61.64819019311842,10.959678256554385
16.5,-1.0385422307760852e-17,-8.107490710111264e-17,0.0,-2.0061562600652545,0.999849370277368,0.0002919267277521681,0.0002929087809649751,58.04765294042669,61.64819019311842,10.959678256554385
16.52,-9.948486262150657e-18,-7.72893365547799e-17,0.0,-2.0061562600652545,0.999849370277368,0.0002919267277521681,0.0002929087809649751,58.04765294042669,61.64819019311842,10.959678256554385
16.54,-9.52804982197133e-18,-7.367324688775118e-17,0.0,-2.0061562600652545,0.999849370277368,0.0002919267277521681,0.0002929087809649751,58.04765294042669,61.64819019311842,10.959678256554385
16.56,-9.123623305432993e-18,-7.021951471236401e-17,0.0,-2.0061562600652545,0.999849370277368,0.0002919267277521681,0.0002929087809649751,58.04765294042669,61.64819019311842,10.959678256554385
16.580000000000002,-8.734721039040616e-18,-6.692128514174546e-17,0.0,-2.0061562600652545,0.999849370277368,0.0002919267277521681,0.0002929087809649751,58.04765294042669,61.64819019311842,10.959678256554385
16.6,-8.360862381489917e-18,-6.377196386103266e-17,0.0,-2.0061562600652545,0.999849370277368,0.0002919267277521681,0.0002929087809649751,58.04765294042669,61.64819019311842,10.959678256554385
16.62,-8.001572624433965e-18,-6.076520925701111e-17,0.0,-2.0061562600652545,0.999849370277368,0.0002919267277521681,0.0002929087809649751,58.04765294042669,61.64819019311842,10.959678256554385
16.64,-7.656383780441275e-18,-5.78949253059448e-17,0.0,-2.006156260546931,0.9998493707900006,0.000291926729529389,0.0002929087681698422,58.04765399280558,61.64819136983069,10.959678465747679
16.66,-7.324835267511717e-18,-5.515525100297497e-17,0.0,-2.006156260546931,0.9998493707900006,0.000291926729529389,0.0002929087681698422,58.04765399280558,61.64819136983069,10.959678465747679
16.68,-7.006474499654952e-18,-5.2540557205496195e-17,0.0,-2.006156260546931,0.9998493707900006,0.000291926729529389,0.0002929087681698422,58.04765399280558,61.64819136983069,10.959678465747679
16.7,-6.7008573912836584e-18,-5.0045436342360824e-17,0.0,-2.006156260546931,0.9998493707900006,0.000291926729529389,0.0002929087681698422,58.04765399280558,61.64819136983069,10.959678465747679
16.72,-6.407548782547182e-18,-4.7664695500142756e-17,0.0,-2.006156260546931,0.9998493707900006,0.000291926729529389,0.0002929087681698422,58.04765399280558,61.64819136983069,10.959678465747679
16.740000000000002,-6.126122793331821e-18,-4.539334932406653e-17,0.0,-2.006156260546931,0.9998493707900006,0.000291926729529389,0.0002929087681698422,58.04765399280558,61.64819136983069,10.959678465747679
16.76,-5.856163112268795e-18,-4.322661297741261e-17,0.0,-2.006156260546931,0.9998493707900006,0.000291926729529389,0.0002929087681698422,58.04765399280558,61.64819136983069,10.959678465747679
16.78,-5.5972632267162936e-18,-4.1159895227655674e-17,0.0,-2.006156260546931,0.9998493707900006,0.000291926729529389,0.0002929087681698422,58.04765399280558,61.64819136983069,10.959678465747679
16.8,-5.3490265992564774e-18,-3.9188791681848465e-17,0.0,-2.006156260546931,0.9998493707900006,0.000291926729529389,0.0002929087681698422,58.04765399280558,61.64819136983069,10.959678465747679
16.82,-5.1110667958277104e-18,-3.7309078178351257e-17,0.0,-2.006156260546931,0.9998493707900006,0.000291926729529389,0.0002929087681698422,58.04765399280558,61.64819136983069,10.959678465747679
16.84,-4.883007570218193e-18,-3.5516704663274806e-17,0.0,-2.006156260905734,0.9998493711717129,0.0002919267309032857,0.0002929087582625117,58.04765480935359,61.64819228074567,10.959678627688119
16.86,-4.6644829091833e-18,-3.380778753734367e-17,0.0,-2.006156260905734,0.9998493711717129,0.0002919267309032857,0.0002929087582625117,58.04765480935359,61.64819228074567,10.959678627688119
16.88,-4.4551370425060935e-18,-3.217860565086351e-17,0.0,-2.006156260905734,0.9998493711717129,0.0002919267309032857,0.0002929087582625117,58.04765480935359,61.64819228074567,10.959678627688119
16.9,-4.254624421478525e-18,-3.0625593006862825e-17,0.0,-2.006156260905734,0.9998493711717129,0.0002919267309032857,0.0002929087582625117,58.04765480935359,61.64819228074567,10.959678627688119
16.92,-4.0626096689769266e-18,-2.914533317928955e-17,0.0,-2.006156260905734,0.9998493711717129,0.0002919267309032857,0.0002929087582625117,58.04765480935359,61.64819228074567,10.959678627688119
16.94,-3.878767504587797e-18,-2.77345537435839e-17,0.0,-2.006156260905734,0.9998493711717129,0.0002919267309032857,0.0002929087582625117,58.04765480935359,61.64819228074567,10.959678627688119
16.96,-3.70278264757568e-18,-2.6390120831253106e-17,0.0,-2.006156260905734,0.9998493711717129,0.0002919267309032857,0.0002929087582625117,58.04765480935359,61.64819228074567,10.959678627688119
16.98,-3.534349700306118e-18,-2.510903383805002e-17,0.0,-2.006156260905734,0.9998493711717129,0.0002919267309032857,0.0002929087582625117,58.04765480935359,61.64819228074567,10.959678627688119
17.0,-3.373173014530663e-18,-2.388842029145549e-17,0.0,-2.006156260905734,0.9998493711717129,0.0002919267309032857,0.0002929087582625117,58.04765480935359,61.64819228074567,10.959678627688119
17.02,-3.218966542741717e-18,-2.272553087804457e-17,0.0,-2.006156260905734,0.9998493711717129,0.0002919267309032857,0.0002929087582625117,58.04765480935359,61.64819228074567,10.959678627688119
17.04,-3.0714536766168703e-18,-2.1617734779254096e-17,0.0,-2.0061562611631625,0.9998493714454402,0.0002919267319349947,0.0002929087508086242,58.047655425182185,61.64819296588894,10.959678749491367
17.06,-2.9303670743537512e-18,-2.056251437738777e-17,0.0,-2.0061562611631625,0.9998493714454402,0.0002919267319349947,0.0002929087508086242,58.047655425182185,61.64819296588894,10.959678749491367
17.080000000000002,-2.7954484787202533e-18,-1.9557461731720998e-17,0.0,-2.0061562611631625,0.9998493714454402,0.0002919267319349947,0.0002929087508086242,58.047655425182185,61.64819296588894,10.959678749491367
17.1,-2.6664485272525563e-18,-1.8600273600378918e-17,0.0,-2.0061562611631625,0.9998493714454402,0.0002919267319349947,0.0002929087508086242,58.047655425182185,61.64819296588894,10.959678749491367
17.12,-2.5431265558907467e-18,-1.7688747328825394e-17,0.0,-2.0061562611631625,0.9998493714454402,0.0002919267319349947,0.0002929087508086242,58.047655425182185,61.64819296588894,10.959678749491367
17.14,-2.4252503974732696e-18,-1.6820776812029416e-17,0.0,-2.0061562611631625,0.9998493714454402,0.0002919267319349947,0.0002929087508086242,58.047655425182185,61.64819296588894,10.959678749491367
17.16,-2.3125961762027624e-18,-1.599434857902253e-17,0.0,-2.0061562611631625,0.9998493714454402,0.0002919267319349947,0.0002929087508086242,58.047655425182185,61.64819296588894,10.959678749491367
17.18,-2.204948099113455e-18,-1.5207538010816554e-17,0.0,-2.0061562611631625,0.9998493714454402,0.0002919267319349947,0.0002929087508086242,58.047655425182185,61.64819296588894,10.959678749491367
17.2,-2.1020982454763024e-18,-1.4458505691958948e-17,0.0,-2.0061562611631625,0.9998493714454402,0.0002919267319349947,0.0002929087508086242,58.047655425182185,61.64819296588894,10.959678749491367
17.22,-2.0038463549868222e-18,-1.3745493893301735e-17,0.0,-2.0061562611631625,0.9998493714454402,0.0002919267319349947,0.0002929087508086242,58.047655425182185,61.64819296588894,10.959678749491367
17.240000000000002,-1.9099996154953407e-18,-1.3066823250280875e-17,0.0,-2.0061562613389725,0.9998493716322558,0.0002919267326815999,0.00029290874540223606,58.0476558731474,61.64819346266254,10.959678837806674
17.26,-1.8203724509408985e-18,-1.242088921303328e-17,0.0,-2.0061562613389725,0.9998493716322558,0.0002919267326815999,0.00029290874540223606,58.0476558731474,61.64819346266254,10.959678837806674
17.28,-1.734786310160569e-18,-1.1806159343819967e-17,0.0,-2.0061562613389725,0.9998493716322558,0.0002919267326815999,0.00029290874540223606,58.0476558731474,61.64819346266254,10.959678837806674
17.3,-1.6530694570707426e-18,-1.1221170011509042e-17,0.0,-2.0061562613389725,0.9998493716322558,0.0002919267326815999,0.00029290874540223606,58.0476558731474,61.64819346266254,10.959678837806674
17.32,-1.5750567626534694e-18,-1.0664523523385908e-17,0.0,-2.0061562613389725,0.9998493716322558,0.0002919267326815999,0.00029290874540223606,58.0476558731474,61.64819346266254,10.959678837806674
17.34,-1.5005894992411964e-18,-1.0134885335980654e-17,0.0,-2.0061562613389725,0.9998493716322558,0.0002919267326815999,0.00029290874540223606,58.0476558731474,61.64819346266254,10.959678837806674
17.36,-1.4295151374564476e-18,-9.630981365027258e-18,0.0,-2.0061562613389725,0.9998493716322558,0.0002919267326815999,0.00029290874540223606,58.0476558731474,61.64819346266254,10.959678837806674
17.38,-1.3616871461276229e-18,-9.15159539748035e-18,0.0,-2.0061562613389725,0.9998493716322558,0.0002919267326815999,0.00029290874540223606,58.0476558731474,61.64819346266254,10.959678837806674
17.400000000000002,-1.2969647954619677e-18,-8.695566603935802e-18,0.0,-2.0061562613389725,0.9998493716322558,0.0002919267326815999,0.00029290874540223606,58.0476558731474,61.64819346266254,10.959678837806674
17.42,-1.2352129637181465e-18,-8.261787148678087e-18,0.0,-2.0061562613389725,0.9998493716322558,0.0002919267326815999,0.00029290874540223606,58.0476558731474,61.64819346266254,10.959678837806674
17.44,-1.176301947584743e-18,-7.84919992316227e-18,0.0,-2.0061562614511423,0.9998493717513343,0.00029192673319592116,0.00029290874166737566,58.0476561837164,61.64819380570201,10.959678898791468
17.46,-1.1201072764300904e-18,-7.456796219103362e-18,0.0,-2.0061562614511423,0.9998493717513343,0.00029192673319592116,0.00029290874166737566,58.0476561837164,61.64819380570201,10.959678898791468
17.48,-1.066509530594442e-18,-7.083613802389207e-18,0.0,-2.0061562614511423,0.9998493717513343,0.00029192673319592116,0.00029290874166737566,58.0476561837164,61.64819380570201,10.959678898791468
17.5,-1.0153941638215964e-18,-6.728734761933556e-18,0.0,-2.0061562614511423,0.9998493717513343,0.00029192673319592116,0.00029290874166737566,58.0476561837164,61.64819380570201,10.959678898791468
17.52,-9.666513299016901e-19,-6.391283579949711e-18,0.0,-2.0061562614511423,0.9998493717513343,0.00029192673319592116,0.00029290874166737566,58.0476561837164,61.64819380570201,10.959678898791468
17.54,-9.20175713624576e-19,-6.0704252678798206e-18,0.0,-2.0061562614511423,0.9998493717513343,0.00029192673319592116,0.00029290874166737566,58.0476561837164,61.64819380570201,10.959678898791468
17.56,-8.758663660863703e-19,-5.765363575291403e-18,0.0,-2.0061562614511423,0.9998493717513343,0.00029192673319592116,0.00029290874166737566,58.0476561837164,61.64819380570201,10.959678898791468
17.580000000000002,-8.336265443786721e-19,-5.475339271685897e-18,0.0,-2.0061562614511423,0.9998493717513343,0.00029192673319592116,0.00029290874166737566,58.0476561837164,61.64819380570201,10.959678898791468
17.6,-7.933635556749801e-19,-5.199628499279903e-18,0.0,-2.0061562614511423,0.9998493717513343,0.00029192673319592116,0.00029290874166737566,58.0476561837164,61.64819380570201,10.959678898791468
17.62,-7.549886057143422e-19,-4.937541194238466e-18,0.0,-2.0061562614511423,0.9998493717513343,0.00029192673319592116,0.00029290874166737566,58.0476561837164,61.64819380570201,10.959678898791468
17.64,-7.184166516694864e-19,-4.688419585805901e-18,0.0,-2.0061562615158546,0.9998493718199312,0.00029192673352634884,0.0002929087392592584,58.047656384867295,61.6481940267652,10.959678938091592
17.66,-6.8356625937128e-19,-4.451636697328043e-18,0.0,-2.0061562615158546,0.9998493718199312,0.00029192673352634884,0.0002929087392592584,58.047656384867295,61.6481940267652,10.959678938091592
17.68,-6.503594648656838e-19,-4.2265950352861116e-18,0.0,-2.0061562615158546,0.9998493718199312,0.00029192673352634884,0.0002929087392592584,58.047656384867295,61.6481940267652,10.959678938091592
17.7,-6.187216402510895e-19,-4.012725211274335e-18,0.0,-2.0061562615158546,0.9998493718199312,0.00029192673352634884,0.0002929087392592584,58.047656384867295,61.6481940267652,10.959678938091592
17.72,-5.885813637355663e-19,-3.809484677006881e-18,0.0,-2.0061562615158546,0.9998493718199312,0.00029192673352634884,0.0002929087392592584,58.047656384867295,61.6481940267652,10.959678938091592
17.740000000000002,-5.598702938667441e-19,-3.6163565081434596e-18,0.0,-2.0061562615158546,0.9998493718199312,0.00029192673352634884,0.0002929087392592584,58.047656384867295,61.6481940267652,10.959678938091592
17.76,-5.325230478660746e-19,-3.432848238948637e-18,0.0,-2.0061562615158546,0.9998493718199312,0.00029192673352634884,0.0002929087392592584,58.047656384867295,61.6481940267652,10.959678938091592
17.78,-5.064770839958605e-19,-3.258490746766813e-18,0.0,-2.0061562615158546,0.9998493718199312,0.00029192673352634884,0.0002929087392592584,58.047656384867295,61.6481940267652,10.959678938091592
17.8,-4.816725878836351e-19,-3.0928371847264872e-18,0.0,-2.0061562615158546,0.9998493718199312,0.00029192673352634884,0.0002929087392592584,58.047656384867295,61.6481940267652,10.959678938091592
17.82,-4.580523627245962e-19,-2.9354619607262867e-18,0.0,-2.0061562615158546,0.9998493718199312,0.00029192673352634884,0.0002929087392592584,58.047656384867295,61.6481940267652,10.959678938091592
17.84,-4.355617232797373e-19,-2.7859597652792647e-18,0.0,-2.0061562615474946,0.9998493718533841,0.0002919267337167326,0.0002929087378651282,58.04765650201293,61.64819415465524,10.959678960827599
17.86,-4.141483935834127e-19,-2.6439446192972924e-18,0.0,-2.0061562615474946,0.9998493718533841,0.0002919267337167326,0.0002929087378651282,58.04765650201293,61.64819415465524,10.959678960827599
17.88,-3.9376240827737295e-19,-2.509049009709416e-18,0.0,-2.0061562615474946,0.9998493718533841,0.0002919267337167326,0.0002929087378651282,58.04765650201293,61.64819415465524,10.959678960827599
17.900000000000002,-3.7435601747966695e-19,-2.3809230178677586e-18,0.0,-2.0061562615474946,0.9998493718533841,0.0002919267337167326,0.0002929087378651282,58.04765650201293,61.64819415465524,10.959678960827599
17.92,-3.5588359509555817e-19,-2.259233506522007e-18,0.0,-2.0061562615474946,0.9998493718533841,0.0002919267337167326,0.0002929087378651282,58.04765650201293,61.64819415465524,10.959678960827599
17.94,-3.3830155048424655e-19,-2.1436633408486826e-18,0.0,-2.0061562615474946,0.9998493718533841,0.0002919267337167326,0.0002929087378651282,58.04765650201293,61.64819415465524,10.959678960827599
17.96,-3.2156824338939456e-19,-2.033910643633222e-18,0.0,-2.0061562615474946,0.9998493718533841,0.0002919267337167326,0.0002929087378651282,58.04765650201293,61.64819415465524,10.959678960827599
17.98,-3.056439020419863e-19,-1.929688083497931e-18,0.0,-2.0061562615474946,0.9998493718533841,0.0002919267337167326,0.0002929087378651282,58.04765650201293,61.64819415465524,10.959678960827599
18.0,-2.904905443444938e-19,-1.8307221949347795e-18,0.0,-2.0061562615474946,0.9998493718533841,0.0002919267337167326,0.0002929087378651282,58.04765650201293,61.64819415465524,10.959678960827599
18.02,-2.7607190204578325e-19,-1.736752728824415e-18,0.0,-2.0061562615474946,0.9998493718533841,0.0002919267337167326,0.0002929087378651282,58.04765650201293,61.64819415465524,10.959678960827599
18.04,-2.623533478168571e-19,-1.6475320335071455e-18,0.0,-2.0061562615586723,0.999849371865136,0.0002919267338063288,0.0002929087372046754,58.04765655796181,61.64819421518277,10.959678971588048
18.06,-2.493018251379878e-19,-1.5628244567990296e-18,0.0,-2.0061562615586723,0.999849371865136,0.0002919267338063288,0.0002929087372046754,58.04765655796181,61.64819421518277,10.959678971588048
18.080000000000002,-2.368857809104843e-19,-1.482405789256669e-18,0.0,-2.0061562615586723,0.999849371865136,0.0002919267338063288,0.0002929087372046754,58.04765655796181,61.64819421518277,10.959678971588048
18.1,-2.2507510070535423e-19,-1.406062718727194e-18,0.0,-2.0061562615586723,0.999849371865136,0.0002919267338063288,0.0002929087372046754,58.04765655796181,61.64819421518277,10.959678971588048
18.12,-2.1384104656236135e-19,-1.3335923158579994e-18,0.0,-2.0061562615586723,0.999849371865136,0.0002919267338063288,0.0002929087372046754,58.04765655796181,61.64819421518277,10.959678971588048
18.14,-2.0315619725680064e-19,-1.2648015424803366e-18,0.0,-2.0061562615586723,0.999849371865136,0.0002919267338063288,0.0002929087372046754,58.04765655796181,61.64819421518277,10.959678971588048
18.16,-1.9299439095106935e-19,-1.1995067822758979e-18,0.0,-2.0061562615586723,0.999849371865136,0.0002919267338063288,0.0002929087372046754,58.04765655796181,61.64819421518277,10.959678971588048
18.18,-1.833306701500059e-19,-1.137533392901934e-18,0.0,-2.0061562615586723,0.999849371865136,0.0002919267338063288,0.0002929087372046754,58.04765655796181,61.64819421518277,10.959678971588048
18.2,-1.7414122888070486e-19,-1.0787152786656986e-18,0.0,-2.0061562615586723,0.999849371865136,0.0002919267338063288,0.0002929087372046754,58.04765655796181,61.64819421518277,10.959678971588048
18.22,-1.6540336201927427e-19,-1.0228944828586077e-18,0.0,-2.0061562615586723,0.999849371865136,0.0002919267338063288,0.0002929087372046754,58.04765655796181,61.64819421518277,10.959678971588048
18.240000000000002,-1.5709541668879567e-19,-9.69920799126668e-19,0.0,-2.0061562615602635,0.999849371866777,0.00029192673382980614,0.00029290873703004115,58.04765657291773,61.64819423116612,10.959678974429533
18.26,-1.491967456545147e-19,-9.196513995822003e-19,0.0,-2.0061562615602635,0.999849371866777,0.00029192673382980614,0.00029290873703004115,58.04765657291773,61.64819423116612,10.959678974429533
18.28,-1.4168766264440507e-19,-8.719504826310763e-19,0.0,-2.0061562615602635,0.999849371866777,0.00029192673382980614,0.00029290873703004115,58.04765657291773,61.64819423116612,10.959678974429533
18.3,-1.345493995247933e-19,-8.266889347080347e-19,0.0,-2.0061562615602635,0.999849371866777,0.00029192673382980614,0.00029290873703004115,58.04765657291773,61.64819423116612,10.959678974429533
18.32,-1.2776406526255692e-19,-7.837440088250116e-19,0.0,-2.0061562615602635,0.999849371866777,0.00029192673382980614,0.00029290873703004115,58.04765657291773,61.64819423116612,10.959678974429533
18.34,-1.2131460660773522e-19,-7.429990180036219e-19,0.0,-2.0061562615602635,0.999849371866777,0.00029192673382980614,0.00029290873703004115,58.04765657291773,61.64819423116612,10.959678974429533
18.36,-1.1518477043197212e-19,-7.04343043000613e-19,0.0,-2.0061562615602635,0.999849371866777,0.00029192673382980614,0.00029290873703004115,58.04765657291773,61.64819423116612,10.959678974429533
18.38,-1.0935906766013293e-19,-6.676706537063466e-19,0.0,-2.0061562615602635,0.999849371866777,0.00029192673382980614,0.00029290873703004115,58.04765657291773,61.64819423116612,10.959678974429533
18.400000000000002,-1.0382273873431514e-19,-6.328816436073878e-19,0.0,-2.0061562615602635,0.999849371866777,0.00029192673382980614,0.00029290873703004115,58.04765657291773,61.64819423116612,10.959678974429533
18.42,-9.856172055133542e-20,-5.998807767298796e-19,0.0,-2.0061562615602635,0.999849371866777,0.00029192673382980614,0.00029290873703004115,58.04765657291773,61.64819423116612,10.959678974429533
18.44,-9.356261481658621e-20,-5.685775463865793e-19,0.0,-2.0061562615614665,0.9998493718681081,0.00029192673381731016,0.00029290873712540117,58.04765656450411,61.64819422247033,10.959678972883614
18.46,-8.881265775903004e-20,-5.388859458399793e-19,0.0,-2.0061562615614665,0.9998493718681081,0.00029192673381731016,0.00029290873712540117,58.04765656450411,61.64819422247033,10.959678972883614
18.48,-8.429969115372107e-20,-5.107242487241022e-19,0.0,-2.0061562615614665,0.9998493718681081,0.00029192673381731016,0.00029290873712540117,58.04765656450411,61.64819422247033,10.959678972883614
18.5,-8.001213460018111e-20,-4.840148009155218e-19,0.0,-2.0061562615614665,0.9998493718681081,0.00029192673381731016,0.00029290873712540117,58.04765656450411,61.64819422247033,10.959678972883614
18.52,-7.593895900667658e-20,-4.586838218091099e-19,0.0,-2.0061562615614665,0.9998493718681081,0.00029192673381731016,0.00029290873712540117,58.04765656450411,61.64819422247033,10.959678972883614
18.54,-7.206966123195857e-20,-4.3466121507958765e-19,0.0,-2.0061562615614665,0.9998493718681081,0.00029192673381731016,0.00029290873712540117,58.04765656450411,61.64819422247033,10.959678972883614
18.56,-6.839423983781144e-20,-4.1188038846076566e-19,0.0,-2.0061562615614665,0.9998493718681081,0.00029192673381731016,0.00029290873712540117,58.04765656450411,61.64819422247033,10.959678972883614
18.580000000000002,-6.490317190735641e-20,-3.902780821185749e-19,0.0,-2.0061562615614665,0.9998493718681081,0.00029192673381731016,0.00029290873712540117,58.04765656450411,61.64819422247033,10.959678972883614
18.6,-6.15873908856396e-20,-3.6979420522232203e-19,0.0,-2.0061562615614665,0.9998493718681081,0.00029192673381731016,0.00029290873712540117,58.04765656450411,61.64819422247033,10.959678972883614
18.62,-5.843826540056414e-20,-3.503716803270339e-19,0.0,-2.0061562615614665,0.9998493718681081,0.00029192673381731016,0.00029290873712540117,58.04765656450411,61.64819422247033,10.959678972883614
18.64,-5.544757902375544e-20,-3.319562950607154e-19,0.0,-2.00615626156988,0.9998493718772223,0.00029192673379458355,0.00029290873730615177,58.04765654782765,61.64819420608256,10.959678969970232
18.66,-5.260751093244101e-20,-3.1449656173810634e-19,0.0,-2.00615626156988,0.9998493718772223,0.00029192673379458355,0.00029290873730615177,58.04765654782765,61.64819420608256,10.959678969970232
18.68,-4.9910617434672995e-20,-2.9794358206099847e-19,0.0,-2.00615626156988,0.9998493718772223,0.00029192673379458355,0.00029290873730615177,58.04765654782765,61.64819420608256,10.959678969970232
18.7,-4.734981432186339e-20,-2.8225091996293395e-19,0.0,-2.00615626156988,0.9998493718772223,0.00029192673379458355,0.00029290873730615177,58.04765654782765,61.64819420608256,10.959678969970232
18.72,-4.4918360013956036e-20,-2.673744798608756e-19,0.0,-2.00615626156988,0.9998493718772223,0.00029192673379458355,0.00029290873730615177,58.04765654782765,61.64819420608256,10.959678969970232
18.740000000000002,-4.2609839463600786e-20,-2.5327239085425226e-19,0.0,-2.00615626156988,0.9998493718772223,0.00029192673379458355,0.00029290873730615177,58.04765654782765,61.64819420608256,10.959678969970232
18.76,-4.0418148787169576e-20,-2.399048965428113e-19,0.0,-2.00615626156988,0.9998493718772223,0.00029192673379458355,0.00029290873730615177,58.04765654782765,61.64819420608256,10.959678969970232
18.78,-3.8337480591652473e-20,-2.272342501805814e-19,0.0,-2.00615626156988,0.9998493718772223,0.00029192673379458355,0.00029290873730615177,58.04765654782765,61.64819420608256,10.959678969970232
18.8,-3.6362309967675965e-20,-2.1522461491983495e-19,0.0,-2.00615626156988,0.9998493718772223,0.00029192673379458355,0.00029290873730615177,58.04765654782765,61.64819420608256,10.959678969970232
18.82,-3.4487381120028074e-20,-2.0384196889595015e-19,0.0,-2.00615626156988,0.9998493718772223,0.00029192673379458355,0.00029290873730615177,58.04765654782765,61.64819420608256,10.959678969970232
18.84,-3.270769460820458e-20,-1.9305401480067232e-19,0.0,-2.006156261591592,0.9998493719006042,0.00029192673378313725,0.00029290873741773124,58.04765653556646,61.648194196221375,10.959678968217133
18.86,-3.101849517061099e-20,-1.8283009452286374e-19,0.0,-2.006156261591592,0.9998493719006042,0.00029192673378313725,0.00029290873741773124,58.04765653556646,61.648194196221375,10.959678968217133
18.88,-2.941526010694577e-20,-1.7314110659749038e-19,0.0,-2.006156261591592,0.9998493719006042,0.00029192673378313725,0.00029290873741773124,58.04765653556646,61.648194196221375,10.959678968217133
18.900000000000002,-2.789368819451149e-20,-1.6395942901482973e-19,0.0,-2.006156261591592,0.9998493719006042,0.00029192673378313725,0.00029290873741773124,58.04765653556646,61.648194196221375,10.959678968217133
18.92,-2.6449689115184797e-20,-1.5525884521615863e-19,0.0,-2.006156261591592,0.9998493719006042,0.00029192673378313725,0.00029290873741773124,58.04765653556646,61.648194196221375,10.959678968217133
18.94,-2.5079373370494946e-20,-1.470144737667767e-19,0.0,-2.006156261591592,0.9998493719006042,0.00029192673378313725,0.00029290873741773124,58.04765653556646,61.648194196221375,10.959678968217133
18.96,-2.37790426633453e-20,-1.3920270149466906e-19,0.0,-2.006156261591592,0.9998493719006042,0.00029192673378313725,0.00029290873741773124,58.04765653556646,61.648194196221375,10.959678968217133
18.98,-2.2545180725759696e-20,-1.318011199125188e-19,0.0,-2.006156261591592,0.9998493719006042,0.00029192673378313725,0.00029290873741773124,58.04765653556646,61.648194196221375,10.959678968217133
19.0,-2.137444457288416e-20,-1.2478846476589584e-19,0.0,-2.006156261591592,0.9998493719006042,0.00029192673378313725,0.00029290873741773124,58.04765653556646,61.648194196221375,10.959678968217133
19.02,-2.026365616428943e-20,-1.181445585562531e-19,0.0,-2.006156261591592,0.9998493719006042,0.00029192673378313725,0.00029290873741773124,58.04765653556646,61.648194196221375,10.959678968217133
19.04,-1.9209794454407566e-20,-1.1185025580985433e-19,0.0,-2.0061562616312902,0.9998493719432394,0.0002919267338004667,0.00029290873733411573,58.04765653809478,61.648194204475686,10.959678969684566
19.06,-1.820998781471998e-20,-1.058873914906764e-19,0.0,-2.0061562616312902,0.9998493719432394,0.0002919267338004667,0.00029290873733411573,58.04765653809478,61.648194204475686,10.959678969684566
19.080000000000002,-1.7261506810938857e-20,-1.0023873105562179e-19,0.0,-2.0061562616312902,0.9998493719432394,0.0002919267338004667,0.00029290873733411573,58.04765653809478,61.648194204475686,10.959678969684566
19.1,-1.6361757319266876e-20,-9.488792386878938e-20,0.0,-2.0061562616312902,0.9998493719432394,0.0002919267338004667,0.00029290873733411573,58.04765653809478,61.648194204475686,10.959678969684566
19.12,-1.550827396649525e-20,-8.981945852711039e-20,0.0,-2.0061562616312902,0.9998493719432394,0.0002919267338004667,0.00029290873733411573,58.04765653809478,61.648194204475686,10.959678969684566
19.14,-1.4698713879209038e-20,-8.501862044001967e-20,0.0,-2.0061562616312902,0.9998493719432394,0.0002919267338004667,0.00029290873733411573,58.04765653809478,61.648194204475686,10.959678969684566
19.16,-1.3930850728096772e-20,-8.047145152267407e-20,0.0,-2.0061562616312902,0.9998493719432394,0.0002919267338004667,0.00029290873733411573,58.04765653809478,61.648194204475686,10.959678969684566
19.18,-1.3202569053950857e-20,-7.616471189444139e-20,0.0,-2.0061562616312902,0.9998493719432394,0.0002919267338004667,0.00029290873733411573,58.04765653809478,61.648194204475686,10.959678969684566
19.2,-1.2511858862518362e-20,-7.208584348282394e-20,0.0,-2.0061562616312902,0.9998493719432394,0.0002919267338004667,0.00029290873733411573,58.04765653809478,61.648194204475686,10.959678969684566
19.22,-1.1856810475915758e-20,-6.822293543953848e-20,0.0,-2.0061562616312902,0.9998493719432394,0.0002919267338004667,0.00029290873733411573,58.04765653809478,61.648194204475686,10.959678969684566
19.240000000000002,-1.1235609628854008e-20,-6.456469122872934e-20,0.0,-2.006156261692369,0.9998493720087382,0.00029192673386030593,0.0002929087369560423,58.047656563616485,61.648194239969015,10.959678975994493
19.26,-1.0646532798447984e-20,-6.110039762486806e-20,0.0,-2.006156261692369,0.9998493720087382,0.00029192673386030593,0.0002929087369560423,58.047656563616485,61.648194239969015,10.959678975994493
19.28,-1.0087942756809286e-20,-5.781989471397998e-20,0.0,-2.006156261692369,0.9998493720087382,0.00029192673386030593,0.0002929087369560423,58.047656563616485,61.648194239969015,10.959678975994493
19.3,-9.558284336180308e-21,-5.471354793051938e-20,0.0,-2.006156261692369,0.9998493720087382,0.00029192673386030593,0.0002929087369560423,58.047656563616485,61.648194239969015,10.959678975994493
19.32,-9.056080396816933e-21,-5.1772221256747053e-20,0.0,-2.006156261692369,0.9998493720087382,0.00029192673386030593,0.0002929087369560423,58.047656563616485,61.648194239969015,10.959678975994493
19.34,-8.579927988174303e-21,-4.898725178814988e-20,0.0,-2.006156261692369,0.9998493720087382,0.00029192673386030593,0.0002929087369560423,58.047656563616485,61.648194239969015,10.959678975994493
19.36,-8.128494694430666e-21,-4.6350425580738004e-20,0.0,-2.006156261692369,0.9998493720087382,0.00029192673386030593,0.0002929087369560423,58.047656563616485,61.648194239969015,10.959678975994493
19.38,-7.700515155773942e-21,-4.385395471266537e-20,0.0,-2.006156261692369,0.9998493720087382,0.00029192673386030593,0.0002929087369560423,58.047656563616485,61.648194239969015,10.959678975994493
19.400000000000002,-7.29478775725546e-21,-4.149045549918604e-20,0.0,-2.006156261692369,0.9998493720087382,0.00029192673386030593,0.0002929087369560423,58.047656563616485,61.648194239969015,10.959678975994493
19.42,-6.910171477381495e-21,-3.9252927804070905e-20,0.0,-2.006156261692369,0.9998493720087382,0.00029192673386030593,0.0002929087369560423,58.047656563616485,61.648194239969015,10.959678975994493
19.44,-6.545582888962453e-21,-3.713473536358701e-20,0.0,-2.0061562617770563,0.9998493720994658,0.0002919267339729131,0.0002929087362090089,58.04765661832786,61.64819430954409,10.959678988363393
19.46,-6.199993305086729e-21,-3.512958725235647e-20,0.0,-2.0061562617770563,0.9998493720994658,0.0002919267339729131,0.0002929087362090089,58.04765661832786,61.64819430954409,10.959678988363393
19.48,-5.8724260633700395e-21,-3.3231519980308176e-20,0.0,-2.0061562617770563,0.9998493720994658,0.0002919267339729131,0.0002929087362090089,58.04765661832786,61.64819430954409,10.959678988363393
19.5,-5.561953941987259e-21,-3.143488079219844e-20,0.0,-2.0061562617770563,0.9998493720994658,0.0002919267339729131,0.0002929087362090089,58.04765661832786,61.64819430954409,10.959678988363393
19.52,-5.267696701289164e-21,-2.9734311679733055e-20,0.0,-2.0061562617770563,0.9998493720994658,0.0002919267339729131,0.0002929087362090089,58.04765661832786,61.64819430954409,10.959678988363393
19.54,-4.988818745039462e-21,-2.812473421557109e-20,0.0,-2.0061562617770563,0.9998493720994658,0.0002919267339729131,0.0002929087362090089,58.04765661832786,61.64819430954409,10.959678988363393
19.56,-4.7245268956141026e-21,-2.660133515897342e-20,0.0,-2.0061562617770563,0.9998493720994658,0.0002919267339729131,0.0002929087362090089,58.04765661832786,61.64819430954409,10.959678988363393
19.580000000000002,-4.474068277758429e-21,-2.51595527921872e-20,0.0,-2.0061562617770563,0.9998493720994658,0.0002919267339729131,0.0002929087362090089,58.04765661832786,61.64819430954409,10.959678988363393
19.6,-4.2367283057441735e-21,-2.3795063950683763e-20,0.0,-2.0061562617770563,0.9998493720994658,0.0002919267339729131,0.0002929087362090089,58.04765661832786,61.64819430954409,10.959678988363393
19.62,-4.011828769003691e-21,-2.2503771711917518e-20,0.0,-2.0061562617770563,0.9998493720994658,0.0002919267339729131,0.0002929087362090089,58.04765661832786,61.64819430954409,10.959678988363393
19.64,-3.7987260115467254e-21,-2.1281793695516308e-20,0.0,-2.0061562618865385,0.9998493722166761,0.00029192673414537803,0.0002929087350411094,58.04765670658972,61.64819441796257,10.95967900763779
19.66,-3.596809200684257e-21,-2.0125451036657456e-20,0.0,-2.0061562618865385,0.9998493722166761,0.00029192673414537803,0.0002929087350411094,58.04765670658972,61.64819441796257,10.95967900763779
19.68,-3.4054986807731604e-21,-1.9031257762179876e-20,0.0,-2.0061562618865385,0.9998493722166761,0.00029192673414537803,0.0002929087350411094,58.04765670658972,61.64819441796257,10.95967900763779
19.7,-3.2242444079173584e-21,-1.7995910864426598e-20,0.0,-2.0061562618865385,0.9998493722166761,0.00029192673414537803,0.0002929087350411094,58.04765670658972,61.64819441796257,10.95967900763779
19.72,-3.052524461750578e-21,-1.7016280812616586e-20,0.0,-2.0061562618865385,0.9998493722166761,0.00029192673414537803,0.0002929087350411094,58.04765670658972,61.64819441796257,10.95967900763779
19.740000000000002,-2.8898436305805054e-21,-1.6089402555476286e-20,0.0,-2.0061562618865385,0.9998493722166761,0.00029192673414537803,0.0002929087350411094,58.04765670658972,61.64819441796257,10.95967900763779
19.76,-2.7357320663659897e-21,-1.5212466985675382e-20,0.0,-2.0061562618865385,0.9998493722166761,0.00029192673414537803,0.0002929087350411094,58.04765670658972,61.64819441796257,10.95967900763779
19.78,-2.5897440061606063e-21,-1.4382812841170555e-20,0.0,-2.0061562618865385,0.9998493722166761,0.00029192673414537803,0.0002929087350411094,58.04765670658972,61.64819441796257,10.95967900763779
19.8,-2.4514565568137837e-21,-1.3597919021717054e-20,0.0,-2.0061562618865385,0.9998493722166761,0.00029192673414537803,0.0002929087350411094,58.04765670658972,61.64819441796257,10.95967900763779
19.82,-2.3204685398699513e-21,-1.2855397298953959e-20,0.0,-2.0061562618865385,0.9998493722166761,0.00029192673414537803,0.0002929087350411094,58.04765670658972,61.64819441796257,10.95967900763779
19.84,-2.1963993937504094e-21,-1.2152985393073489e-20,0.0,-2.0061562620210887,0.9998493723606502,0.00029192673438194504,0.0002929087334207539,58.04765683110951,61.64819456811553,10.95967903433165
19.86,-2.07888813044183e-21,-1.1488540443408857e-20,0.0,-2.0061562620210887,0.9998493723606502,0.00029192673438194504,0.0002929087334207539,58.04765683110951,61.64819456811553,10.95967903433165
19.88,-1.967592344037116e-21,-1.0860032736141604e-20,0.0,-2.0061562620210887,0.9998493723606502,0.00029192673438194504,0.0002929087334207539,58.04765683110951,61.64819456811553,10.95967903433165
19.900000000000002,-1.8621872686113827e-21,-1.0265539831405864e-20,0.0,-2.0061562620210887,0.9998493723606502,0.00029192673438194504,0.0002929087334207539,58.04765683110951,61.64819456811553,10.95967903433165
19.92,-1.762364883035499e-21,-9.703240958750692e-21,0.0,-2.0061562620210887,0.9998493723606502,0.00029192673438194504,0.0002929087334207539,58.04765683110951,61.64819456811553,10.95967903433165
19.94,-1.6678330604303437e-21,-9.171411704383416e-21,0.0,-2.0061562620210887,0.9998493723606502,0.00029192673438194504,0.0002929087334207539,58.04765683110951,61.64819456811553,10.95967903433165
19.96,-1.5783147600836807e-21,-8.668418973371114e-21,0.0,-2.0061562620210887,0.9998493723606502,0.00029192673438194504,0.0002929087334207539,58.04765683110951,61.64819456811553,10.95967903433165
19.98,-1.4935472597533044e-21,-8.192716211821433e-21,0.0,-2.0061562620210887,0.9998493723606502,0.00029192673438194504,0.0002929087334207539,58.04765683110951,61.64819456811553,10.95967903433165
